frame,simulation_step_s,cpu_update_submit_present_ms
1,0.016666667,38.128600000
2,0.016666667,108.546700000
3,0.016666667,45.753900000
4,0.016666667,59.928700000
5,0.016666667,71.331400000
6,0.016666667,68.042300000
7,0.016666667,41.174800000
8,0.016666667,40.106900000
9,0.016666667,66.230900000
10,0.016666667,54.835500000
11,0.016666667,46.491100000
12,0.016666667,65.523800000
13,0.016666667,54.474700000
14,0.016666667,46.348200000
15,0.016666667,85.150900000
16,0.016666667,51.955900000
17,0.016666667,34.788100000
18,0.016666667,83.705500000
19,0.016666667,59.806200000
20,0.016666667,48.694300000
21,0.016666667,51.404400000
22,0.016666667,54.637800000
23,0.016666667,43.715200000
24,0.016666667,55.609600000
25,0.016666667,50.432100000
26,0.016666667,59.559500000
27,0.016666667,75.187100000
28,0.016666667,59.462800000
29,0.016666667,49.572000000
30,0.016666667,50.957100000
31,0.016666667,55.122900000
32,0.016666667,43.980100000
33,0.016666667,50.838200000
34,0.016666667,54.986000000
35,0.016666667,44.229300000
36,0.016666667,47.488400000
37,0.016666667,54.524700000
38,0.016666667,44.297200000
39,0.016666667,49.910100000
40,0.016666667,58.737800000
41,0.016666667,43.165400000
42,0.016666667,47.573000000
43,0.016666667,59.507300000
44,0.016666667,42.472000000
45,0.016666667,47.761600000
46,0.016666667,60.162200000
47,0.016666667,42.312500000
48,0.016666667,47.307400000
49,0.016666667,59.711600000
50,0.016666667,41.978200000
51,0.016666667,48.559200000
52,0.016666667,59.892300000
53,0.016666667,75.730400000
54,0.016666667,40.896200000
55,0.016666667,80.353300000
56,0.016666667,59.865000000
57,0.016666667,49.070500000
58,0.016666667,51.381700000
59,0.016666667,54.959400000
60,0.016666667,43.847200000
61,0.016666667,76.156600000
62,0.016666667,59.311300000
63,0.016666667,47.477400000
64,0.016666667,50.950000000
65,0.016666667,55.380500000
66,0.016666667,43.687300000
67,0.016666667,51.224900000
68,0.016666667,31.456300000
69,0.016666667,50.443600000
70,0.016666667,51.352100000
71,0.016666667,54.969500000
72,0.016666667,43.606400000
73,0.016666667,51.177100000
74,0.016666667,30.575800000
75,0.016666667,51.384900000
76,0.016666667,51.114100000
77,0.016666667,54.904800000
78,0.016666667,43.835200000
79,0.016666667,50.714000000
80,0.016666667,55.103600000
81,0.016666667,43.715900000
82,0.016666667,30.931200000
83,0.016666667,77.328500000
84,0.016666667,66.446300000
85,0.016666667,41.939200000
86,0.016666667,33.316200000
87,0.016666667,50.975800000
88,0.016666667,55.037700000
89,0.016666667,43.684700000
90,0.016666667,50.587900000
91,0.016666667,61.503400000
92,0.016666667,33.157300000
93,0.016666667,91.552300000
94,0.016666667,51.773800000
95,0.016666667,47.828900000
96,0.016666667,48.045200000
97,0.016666667,50.459100000
98,0.016666667,51.390100000
99,0.016666667,48.293000000
100,0.016666667,57.953800000
101,0.016666667,38.063900000
102,0.016666667,36.630000000
103,0.016666667,49.022600000
104,0.016666667,53.343400000
105,0.016666667,48.062400000
106,0.016666667,42.951600000
107,0.016666667,24.758200000
108,0.016666667,47.377400000
109,0.016666667,53.217500000
110,0.016666667,46.040200000
111,0.016666667,45.274900000
112,0.016666667,40.216500000
113,0.016666667,48.069100000
114,0.016666667,53.551800000
115,0.016666667,46.504900000
116,0.016666667,53.291900000
117,0.016666667,47.628300000
118,0.016666667,23.967200000
119,0.016666667,41.767100000
120,0.016666667,42.774600000
121,0.016666667,53.920300000
122,0.016666667,53.026600000
123,0.016666667,50.790200000
124,0.016666667,54.954400000
125,0.016666667,31.067300000
126,0.016666667,56.066500000
127,0.016666667,34.927300000
128,0.016666667,25.764500000
129,0.016666667,48.127600000
130,0.016666667,37.598700000
131,0.016666667,63.067000000
132,0.016666667,41.704700000
133,0.016666667,33.374500000
134,0.016666667,82.482800000
135,0.016666667,57.945600000
136,0.016666667,30.347900000
137,0.016666667,26.851200000
138,0.016666667,35.497700000
139,0.016666667,57.234600000
140,0.016666667,48.152200000
141,0.016666667,50.434400000
142,0.016666667,55.520600000
143,0.016666667,43.559900000
144,0.016666667,39.660200000
145,0.016666667,52.428900000
146,0.016666667,63.607700000
147,0.016666667,66.174400000
148,0.016666667,80.516100000
149,0.016666667,33.857100000
150,0.016666667,47.547900000
151,0.016666667,31.300300000
152,0.016666667,50.985300000
153,0.016666667,42.453900000
154,0.016666667,50.561200000
155,0.016666667,47.491800000
156,0.016666667,84.116500000
157,0.016666667,56.367400000
158,0.016666667,26.598000000
159,0.016666667,37.107000000
160,0.016666667,35.638000000
161,0.016666667,28.932100000
162,0.016666667,35.421800000
163,0.016666667,56.985200000
164,0.016666667,51.419200000
165,0.016666667,70.752900000
166,0.016666667,68.433700000
167,0.016666667,40.723700000
168,0.016666667,43.479200000
169,0.016666667,53.249900000
170,0.016666667,52.966400000
171,0.016666667,36.392800000
172,0.016666667,54.679700000
173,0.016666667,34.043500000
174,0.016666667,64.380000000
175,0.016666667,64.984700000
176,0.016666667,45.003800000
177,0.016666667,44.550800000
178,0.016666667,42.810800000
179,0.016666667,53.922900000
180,0.016666667,36.437700000
181,0.016666667,45.234300000
182,0.016666667,30.932100000
183,0.016666667,82.966200000
184,0.016666667,55.820700000
185,0.016666667,35.097500000
186,0.016666667,79.990500000
187,0.016666667,56.345900000
188,0.016666667,25.466700000
189,0.016666667,38.312700000
190,0.016666667,35.534400000
191,0.016666667,28.371000000
192,0.016666667,43.549600000
193,0.016666667,80.555000000
194,0.016666667,53.908500000
195,0.016666667,55.174800000
196,0.016666667,55.185700000
197,0.016666667,40.037800000
198,0.016666667,49.245900000
199,0.016666667,51.764400000
200,0.016666667,65.166400000
201,0.016666667,41.590400000
202,0.016666667,41.689800000
203,0.016666667,48.943800000
204,0.016666667,47.327900000
205,0.016666667,38.158500000
206,0.016666667,38.323300000
207,0.016666667,34.204100000
208,0.016666667,35.592700000
209,0.016666667,28.801700000
210,0.016666667,94.150000000
211,0.016666667,55.912200000
212,0.016666667,24.285800000
213,0.016666667,42.471800000
214,0.016666667,54.032000000
215,0.016666667,55.871600000
216,0.016666667,36.012200000
217,0.016666667,54.875600000
218,0.016666667,34.604100000
219,0.016666667,91.924100000
220,0.016666667,51.892100000
221,0.016666667,47.278100000
222,0.016666667,42.083800000
223,0.016666667,47.752500000
224,0.016666667,33.854800000
225,0.016666667,34.629500000
226,0.016666667,40.840500000
227,0.016666667,62.654900000
228,0.016666667,67.098500000
229,0.016666667,28.527800000
230,0.016666667,32.692400000
231,0.016666667,34.207400000
232,0.016666667,35.552000000
233,0.016666667,29.097300000
234,0.016666667,42.697300000
235,0.016666667,81.051100000
236,0.016666667,49.214000000
237,0.016666667,51.494500000
238,0.016666667,55.079200000
239,0.016666667,31.431700000
240,0.016666667,40.516700000
241,0.016666667,33.308900000
242,0.016666667,31.198200000
243,0.016666667,82.135400000
244,0.016666667,61.774600000
245,0.016666667,37.635500000
246,0.016666667,83.730400000
247,0.016666667,55.791200000
248,0.016666667,25.962400000
249,0.016666667,37.884700000
250,0.016666667,35.602700000
251,0.016666667,29.040100000
252,0.016666667,35.555600000
253,0.016666667,33.114600000
254,0.016666667,31.003500000
255,0.016666667,41.828700000
256,0.016666667,37.610900000
257,0.016666667,38.231300000
258,0.016666667,41.678700000
259,0.016666667,52.502600000
260,0.016666667,51.941200000
261,0.016666667,32.377000000
262,0.016666667,53.671800000
263,0.016666667,61.384600000
264,0.016666667,40.524100000
265,0.016666667,33.477700000
266,0.016666667,30.779600000
267,0.016666667,82.269200000
268,0.016666667,56.284800000
269,0.016666667,26.782000000
270,0.016666667,24.431900000
271,0.016666667,46.991700000
272,0.016666667,39.513500000
273,0.016666667,26.136100000
274,0.016666667,71.775400000
275,0.016666667,54.232400000
276,0.016666667,24.313700000
277,0.016666667,39.811100000
278,0.016666667,26.063600000
279,0.016666667,33.100300000
280,0.016666667,33.486100000
281,0.016666667,35.469500000
282,0.016666667,45.512100000
283,0.016666667,36.498000000
284,0.016666667,32.125600000
285,0.016666667,31.340800000
286,0.016666667,41.384700000
287,0.016666667,26.705500000
288,0.016666667,32.773600000
289,0.016666667,34.185500000
290,0.016666667,36.035600000
291,0.016666667,28.083800000
292,0.016666667,35.812400000
293,0.016666667,33.085100000
294,0.016666667,31.089800000
295,0.016666667,42.692400000
296,0.016666667,49.729100000
297,0.016666667,50.151100000
298,0.016666667,65.994200000
299,0.016666667,45.136200000
300,0.016666667,29.477000000
301,0.016666667,42.736700000
302,0.016666667,36.678600000
303,0.016666667,44.503600000
304,0.016666667,43.559500000
305,0.016666667,55.818700000
306,0.016666667,54.237900000
307,0.016666667,38.037500000
308,0.016666667,45.424100000
309,0.016666667,45.691000000
310,0.016666667,28.262700000
311,0.016666667,27.207900000
312,0.016666667,62.644800000
313,0.016666667,38.495600000
314,0.016666667,77.056900000
315,0.016666667,53.519100000
316,0.016666667,30.764100000
317,0.016666667,36.922400000
318,0.016666667,47.725800000
319,0.016666667,48.259500000
320,0.016666667,67.739200000
321,0.016666667,40.926600000
322,0.016666667,81.204000000
323,0.016666667,71.003600000
324,0.016666667,26.226100000
325,0.016666667,41.064000000
326,0.016666667,31.335900000
327,0.016666667,47.915700000
328,0.016666667,49.632100000
329,0.016666667,53.331500000
330,0.016666667,54.295100000
331,0.016666667,36.884300000
332,0.016666667,54.788700000
333,0.016666667,45.228600000
334,0.016666667,48.538600000
335,0.016666667,51.509200000
336,0.016666667,47.144500000
337,0.016666667,51.069700000
338,0.016666667,36.789900000
339,0.016666667,38.670100000
340,0.016666667,80.497400000
341,0.016666667,64.947100000
342,0.016666667,41.827400000
343,0.016666667,62.670900000
344,0.016666667,34.407300000
345,0.016666667,32.234600000
346,0.016666667,33.697100000
347,0.016666667,36.032300000
348,0.016666667,28.404000000
349,0.016666667,44.560000000
350,0.016666667,79.447400000
351,0.016666667,43.089800000
352,0.016666667,93.220200000
353,0.016666667,53.689000000
354,0.016666667,32.679700000
355,0.016666667,45.165700000
356,0.016666667,37.443300000
357,0.016666667,38.204000000
358,0.016666667,34.714500000
359,0.016666667,35.521600000
360,0.016666667,28.217100000
361,0.016666667,37.440100000
362,0.016666667,29.059500000
363,0.016666667,42.248900000
364,0.016666667,33.887100000
365,0.016666667,70.240500000
366,0.016666667,54.281000000
367,0.016666667,41.846700000
368,0.016666667,37.166600000
369,0.016666667,44.814400000
370,0.016666667,37.422800000
371,0.016666667,62.241100000
372,0.016666667,40.366100000
373,0.016666667,80.102500000
374,0.016666667,52.038300000
375,0.016666667,47.412400000
376,0.016666667,30.905200000
377,0.016666667,43.713200000
378,0.016666667,35.088000000
379,0.016666667,31.758600000
380,0.016666667,32.733800000
381,0.016666667,31.351600000
382,0.016666667,42.841900000
383,0.016666667,49.909200000
384,0.016666667,50.107300000
385,0.016666667,65.555200000
386,0.016666667,45.177400000
387,0.016666667,36.926100000
388,0.016666667,43.957500000
389,0.016666667,53.958600000
390,0.016666667,42.234500000
391,0.016666667,37.107600000
392,0.016666667,46.405200000
393,0.016666667,48.415700000
394,0.016666667,47.725300000
395,0.016666667,68.169700000
396,0.016666667,66.573700000
397,0.016666667,31.116200000
398,0.016666667,43.872700000
399,0.016666667,36.448000000
400,0.016666667,51.245900000
401,0.016666667,37.505400000
402,0.016666667,37.377600000
403,0.016666667,36.127600000
404,0.016666667,32.436700000
405,0.016666667,31.030100000
406,0.016666667,49.088100000
407,0.016666667,50.417300000
408,0.016666667,48.827300000
409,0.016666667,38.522800000
410,0.016666667,43.598900000
411,0.016666667,50.567800000
412,0.016666667,81.524100000
413,0.016666667,53.496400000
414,0.016666667,25.175500000
415,0.016666667,35.307600000
416,0.016666667,37.696200000
417,0.016666667,59.687500000
418,0.016666667,68.275500000
419,0.016666667,44.486300000
420,0.016666667,36.944800000
421,0.016666667,42.196500000
422,0.016666667,63.124000000
423,0.016666667,48.153100000
424,0.016666667,49.610200000
425,0.016666667,36.970400000
426,0.016666667,62.266900000
427,0.016666667,42.197800000
428,0.016666667,32.482800000
429,0.016666667,31.188100000
430,0.016666667,42.484900000
431,0.016666667,37.122300000
432,0.016666667,38.498200000
433,0.016666667,34.409800000
434,0.016666667,35.025300000
435,0.016666667,28.773400000
436,0.016666667,35.409000000
437,0.016666667,33.276900000
438,0.016666667,42.143600000
439,0.016666667,47.340900000
440,0.016666667,29.336900000
441,0.016666667,28.790800000
442,0.016666667,43.657400000
443,0.016666667,80.538600000
444,0.016666667,53.684300000
445,0.016666667,30.023300000
446,0.016666667,40.955300000
447,0.016666667,45.009900000
448,0.016666667,36.006500000
449,0.016666667,53.474300000
450,0.016666667,44.128500000
451,0.016666667,47.729300000
452,0.016666667,55.316600000
453,0.016666667,49.901400000
454,0.016666667,66.235900000
455,0.016666667,58.735600000
456,0.016666667,34.654600000
457,0.016666667,41.830100000
458,0.016666667,54.344700000
459,0.016666667,54.561600000
460,0.016666667,37.397300000
461,0.016666667,39.236900000
462,0.016666667,30.684200000
463,0.016666667,82.720200000
464,0.016666667,69.499300000
465,0.016666667,28.321300000
466,0.016666667,39.459400000
467,0.016666667,33.079200000
468,0.016666667,31.414200000
469,0.016666667,42.768600000
470,0.016666667,36.277700000
471,0.016666667,38.867800000
472,0.016666667,33.800100000
473,0.016666667,35.461100000
474,0.016666667,28.825500000
475,0.016666667,42.879400000
476,0.016666667,81.822900000
477,0.016666667,53.673100000
478,0.016666667,30.293200000
479,0.016666667,37.270200000
480,0.016666667,48.067300000
481,0.016666667,36.171200000
482,0.016666667,57.677700000
483,0.016666667,36.237500000
484,0.016666667,36.641800000
485,0.016666667,37.179100000
486,0.016666667,48.978800000
487,0.016666667,33.249500000
488,0.016666667,53.354700000
489,0.016666667,60.988900000
490,0.016666667,40.925600000
491,0.016666667,32.804400000
492,0.016666667,30.892900000
493,0.016666667,34.458800000
494,0.016666667,47.919400000
495,0.016666667,49.980900000
496,0.016666667,68.875900000
497,0.016666667,56.471800000
498,0.016666667,56.407800000
499,0.016666667,67.018600000
500,0.016666667,68.524600000
501,0.016666667,24.266900000
502,0.016666667,36.077500000
503,0.016666667,80.931000000
504,0.016666667,53.495900000
505,0.016666667,82.519400000
506,0.016666667,55.993600000
507,0.016666667,29.580700000
508,0.016666667,45.317100000
509,0.016666667,27.519000000
510,0.016666667,32.323800000
511,0.016666667,33.924800000
512,0.016666667,35.100800000
513,0.016666667,36.630700000
514,0.016666667,59.425300000
515,0.016666667,35.431000000
516,0.016666667,32.549900000
517,0.016666667,33.920300000
518,0.016666667,66.674800000
519,0.016666667,47.247900000
520,0.016666667,36.047400000
521,0.016666667,32.851400000
522,0.016666667,31.515200000
523,0.016666667,43.749100000
524,0.016666667,35.454200000
525,0.016666667,38.907100000
526,0.016666667,34.486300000
527,0.016666667,35.607700000
528,0.016666667,28.030800000
529,0.016666667,36.958100000
530,0.016666667,52.301800000
531,0.016666667,31.358200000
532,0.016666667,43.567500000
533,0.016666667,32.003600000
534,0.016666667,52.385600000
535,0.016666667,34.153800000
536,0.016666667,46.768900000
537,0.016666667,50.872300000
538,0.016666667,36.585400000
539,0.016666667,46.828100000
540,0.016666667,50.337300000
541,0.016666667,69.473600000
542,0.016666667,56.208100000
543,0.016666667,57.032200000
544,0.016666667,66.946700000
545,0.016666667,68.729300000
546,0.016666667,24.172900000
547,0.016666667,34.548800000
548,0.016666667,82.261700000
549,0.016666667,54.348600000
550,0.016666667,39.503300000
551,0.016666667,33.216200000
552,0.016666667,31.110500000
553,0.016666667,48.011700000
554,0.016666667,53.495200000
555,0.016666667,45.196100000
556,0.016666667,44.176100000
557,0.016666667,24.324700000
558,0.016666667,31.143800000
559,0.016666667,39.130700000
560,0.016666667,35.502100000
561,0.016666667,29.012100000
562,0.016666667,35.576900000
563,0.016666667,32.803200000
564,0.016666667,31.370100000
565,0.016666667,41.983300000
566,0.016666667,37.465100000
567,0.016666667,38.752000000
568,0.016666667,33.474600000
569,0.016666667,35.398500000
570,0.016666667,29.414600000
571,0.016666667,35.241700000
572,0.016666667,32.870200000
573,0.016666667,31.730800000
574,0.016666667,34.283200000
575,0.016666667,47.786300000
576,0.016666667,49.786700000
577,0.016666667,34.949900000
578,0.016666667,34.880600000
579,0.016666667,47.440000000
580,0.016666667,50.759600000
581,0.016666667,62.565700000
582,0.016666667,64.968000000
583,0.016666667,30.133800000
584,0.016666667,45.420800000
585,0.016666667,35.921400000
586,0.016666667,30.026700000
587,0.016666667,27.111000000
588,0.016666667,67.788600000
589,0.016666667,38.755500000
590,0.016666667,44.348900000
591,0.016666667,52.472100000
592,0.016666667,44.282300000
593,0.016666667,53.559000000
594,0.016666667,65.228400000
595,0.016666667,38.978500000
596,0.016666667,35.056600000
597,0.016666667,28.926500000
598,0.016666667,36.369300000
599,0.016666667,32.253200000
600,0.016666667,31.167000000
601,0.016666667,41.947400000
602,0.016666667,50.677300000
603,0.016666667,47.679000000
604,0.016666667,42.901100000
605,0.016666667,44.835500000
606,0.016666667,37.898100000
607,0.016666667,82.249300000
608,0.016666667,56.345600000
609,0.016666667,25.962900000
610,0.016666667,66.745500000
611,0.016666667,45.772600000
612,0.016666667,30.114000000
613,0.016666667,36.227900000
614,0.016666667,69.367400000
615,0.016666667,53.288100000
616,0.016666667,42.181800000
617,0.016666667,37.710700000
618,0.016666667,38.590100000
619,0.016666667,34.138300000
620,0.016666667,35.482200000
621,0.016666667,28.667700000
622,0.016666667,35.346300000
623,0.016666667,33.571800000
624,0.016666667,41.996600000
625,0.016666667,47.662500000
626,0.016666667,29.516600000
627,0.016666667,36.199800000
628,0.016666667,43.370100000
629,0.016666667,53.556300000
630,0.016666667,41.363000000
631,0.016666667,38.856800000
632,0.016666667,46.922600000
633,0.016666667,51.275600000
634,0.016666667,33.121700000
635,0.016666667,37.313400000
636,0.016666667,40.229100000
637,0.016666667,29.569800000
638,0.016666667,87.473000000
639,0.016666667,56.390500000
640,0.016666667,35.785300000
641,0.016666667,31.676200000
642,0.016666667,42.162300000
643,0.016666667,48.492800000
644,0.016666667,22.777300000
645,0.016666667,41.887100000
646,0.016666667,36.648600000
647,0.016666667,26.858300000
648,0.016666667,32.058600000
649,0.016666667,46.755600000
650,0.016666667,62.762000000
651,0.016666667,66.234500000
652,0.016666667,34.013300000
653,0.016666667,40.065700000
654,0.016666667,31.999000000
655,0.016666667,31.495000000
656,0.016666667,42.224200000
657,0.016666667,37.221100000
658,0.016666667,38.791900000
659,0.016666667,29.655300000
660,0.016666667,52.507900000
661,0.016666667,63.366500000
662,0.016666667,64.445000000
663,0.016666667,66.038900000
664,0.016666667,34.597900000
665,0.016666667,34.100400000
666,0.016666667,65.058700000
667,0.016666667,36.775600000
668,0.016666667,36.039900000
669,0.016666667,31.635800000
670,0.016666667,33.342200000
671,0.016666667,42.833000000
672,0.016666667,26.092100000
673,0.016666667,32.637800000
674,0.016666667,33.503600000
675,0.016666667,35.583700000
676,0.016666667,28.878300000
677,0.016666667,36.700000000
678,0.016666667,37.194700000
679,0.016666667,42.570900000
680,0.016666667,42.351700000
681,0.016666667,37.342800000
682,0.016666667,38.821300000
683,0.016666667,80.577800000
684,0.016666667,70.132000000
685,0.016666667,24.522700000
686,0.016666667,57.276200000
687,0.016666667,41.493200000
688,0.016666667,51.387500000
689,0.016666667,48.744500000
690,0.016666667,49.946600000
691,0.016666667,47.826800000
692,0.016666667,50.913900000
693,0.016666667,28.798400000
694,0.016666667,37.018600000
695,0.016666667,50.850600000
696,0.016666667,55.526200000
697,0.016666667,43.601100000
698,0.016666667,45.707800000
699,0.016666667,45.899700000
700,0.016666667,44.609300000
701,0.016666667,30.052600000
702,0.016666667,63.787100000
703,0.016666667,38.898000000
704,0.016666667,89.173500000
705,0.016666667,56.242400000
706,0.016666667,25.494600000
707,0.016666667,66.986500000
708,0.016666667,79.036900000
709,0.016666667,46.126600000
710,0.016666667,44.571000000
711,0.016666667,54.245800000
712,0.016666667,54.095900000
713,0.016666667,37.616700000
714,0.016666667,50.786000000
715,0.016666667,34.235800000
716,0.016666667,31.112100000
717,0.016666667,52.381800000
718,0.016666667,59.562600000
719,0.016666667,49.470500000
720,0.016666667,50.739300000
721,0.016666667,50.640500000
722,0.016666667,48.013600000
723,0.016666667,53.919200000
724,0.016666667,49.184300000
725,0.016666667,68.386400000
726,0.016666667,47.594100000
727,0.016666667,40.111100000
728,0.016666667,33.930600000
729,0.016666667,35.676000000
730,0.016666667,29.066600000
731,0.016666667,35.274400000
732,0.016666667,32.904400000
733,0.016666667,42.240600000
734,0.016666667,47.922100000
735,0.016666667,37.392500000
736,0.016666667,37.100800000
737,0.016666667,35.588500000
738,0.016666667,32.956200000
739,0.016666667,31.066700000
740,0.016666667,42.959800000
741,0.016666667,27.303900000
742,0.016666667,31.352200000
743,0.016666667,33.960900000
744,0.016666667,35.317900000
745,0.016666667,45.679300000
746,0.016666667,94.241900000
747,0.016666667,72.457200000
748,0.016666667,49.104000000
749,0.016666667,36.009500000
750,0.016666667,35.772600000
751,0.016666667,28.688400000
752,0.016666667,43.450000000
753,0.016666667,80.675900000
754,0.016666667,54.398300000
755,0.016666667,31.153500000
756,0.016666667,40.632200000
757,0.016666667,34.594400000
758,0.016666667,33.491200000
759,0.016666667,33.729900000
760,0.016666667,49.456100000
761,0.016666667,77.513300000
762,0.016666667,53.782300000
763,0.016666667,26.160600000
764,0.016666667,42.548600000
765,0.016666667,35.585600000
766,0.016666667,28.698500000
767,0.016666667,35.472300000
768,0.016666667,33.313400000
769,0.016666667,31.074600000
770,0.016666667,42.646900000
771,0.016666667,54.039900000
772,0.016666667,51.244900000
773,0.016666667,43.274600000
774,0.016666667,37.136400000
775,0.016666667,47.410900000
776,0.016666667,70.187600000
777,0.016666667,77.687100000
778,0.016666667,30.690400000
779,0.016666667,51.180700000
780,0.016666667,39.038600000
781,0.016666667,31.166600000
782,0.016666667,35.281500000
783,0.016666667,49.925500000
784,0.016666667,36.736800000
785,0.016666667,52.431300000
786,0.016666667,34.958400000
787,0.016666667,33.255300000
788,0.016666667,32.900400000
789,0.016666667,31.113000000
790,0.016666667,42.485800000
791,0.016666667,27.165200000
792,0.016666667,31.703400000
793,0.016666667,33.857800000
794,0.016666667,61.346900000
795,0.016666667,37.509600000
796,0.016666667,89.512400000
797,0.016666667,53.977800000
798,0.016666667,24.652100000
799,0.016666667,39.290600000
800,0.016666667,37.642700000
801,0.016666667,38.607100000
802,0.016666667,33.833200000
803,0.016666667,35.354200000
804,0.016666667,28.938000000
805,0.016666667,36.581600000
806,0.016666667,56.381400000
807,0.016666667,51.145900000
808,0.016666667,47.655300000
809,0.016666667,37.639900000
810,0.016666667,36.879300000
811,0.016666667,35.556600000
812,0.016666667,33.157000000
813,0.016666667,42.212100000
814,0.016666667,47.403300000
815,0.016666667,30.520200000
816,0.016666667,27.651700000
817,0.016666667,36.702600000
818,0.016666667,39.920700000
819,0.016666667,62.933100000
820,0.016666667,67.992200000
821,0.016666667,36.903100000
822,0.016666667,54.395100000
823,0.016666667,36.286200000
824,0.016666667,35.331300000
825,0.016666667,28.813400000
826,0.016666667,36.434300000
827,0.016666667,32.286900000
828,0.016666667,31.302100000
829,0.016666667,42.881100000
830,0.016666667,36.737000000
831,0.016666667,44.239400000
832,0.016666667,36.926700000
833,0.016666667,40.948600000
834,0.016666667,41.974700000
835,0.016666667,48.921700000
836,0.016666667,52.703000000
837,0.016666667,34.201600000
838,0.016666667,80.735500000
839,0.016666667,56.325700000
840,0.016666667,29.208400000
841,0.016666667,39.743500000
842,0.016666667,47.322100000
843,0.016666667,51.358300000
844,0.016666667,33.684000000
845,0.016666667,44.483400000
846,0.016666667,50.943300000
847,0.016666667,43.503600000
848,0.016666667,53.161600000
849,0.016666667,34.655900000
850,0.016666667,55.165800000
851,0.016666667,34.907600000
852,0.016666667,33.097700000
853,0.016666667,33.939600000
854,0.016666667,35.078000000
855,0.016666667,28.730300000
856,0.016666667,35.658300000
857,0.016666667,33.281400000
858,0.016666667,30.949000000
859,0.016666667,42.551800000
860,0.016666667,27.099100000
861,0.016666667,31.471200000
862,0.016666667,33.941100000
863,0.016666667,44.219700000
864,0.016666667,37.244800000
865,0.016666667,35.161400000
866,0.016666667,33.581100000
867,0.016666667,66.686700000
868,0.016666667,56.725000000
869,0.016666667,30.226300000
870,0.016666667,27.117200000
871,0.016666667,94.163400000
872,0.016666667,56.624200000
873,0.016666667,43.114500000
874,0.016666667,47.668900000
875,0.016666667,37.757400000
876,0.016666667,44.709000000
877,0.016666667,44.533000000
878,0.016666667,63.559000000
879,0.016666667,56.810800000
880,0.016666667,74.613200000
881,0.016666667,65.331300000
882,0.016666667,24.539400000
883,0.016666667,32.403000000
884,0.016666667,33.526200000
885,0.016666667,46.576700000
886,0.016666667,42.005700000
887,0.016666667,37.530900000
888,0.016666667,38.464500000
889,0.016666667,33.978500000
890,0.016666667,35.705700000
891,0.016666667,28.608100000
892,0.016666667,35.520300000
893,0.016666667,33.328100000
894,0.016666667,31.207100000
895,0.016666667,35.215800000
896,0.016666667,31.483000000
897,0.016666667,33.382000000
898,0.016666667,34.990900000
899,0.016666667,34.425500000
900,0.016666667,35.129400000
901,0.016666667,28.587900000
902,0.016666667,35.607800000
903,0.016666667,43.572900000
904,0.016666667,37.152200000
905,0.016666667,41.760900000
906,0.016666667,37.662500000
907,0.016666667,38.982600000
908,0.016666667,33.931300000
909,0.016666667,35.041800000
910,0.016666667,28.992700000
911,0.016666667,35.534800000
912,0.016666667,32.998300000
913,0.016666667,31.506600000
914,0.016666667,43.315200000
915,0.016666667,67.406000000
916,0.016666667,27.365800000
917,0.016666667,32.247100000
918,0.016666667,43.028900000
919,0.016666667,47.678700000
920,0.016666667,47.046100000
921,0.016666667,37.654300000
922,0.016666667,44.822900000
923,0.016666667,45.619100000
924,0.016666667,41.392700000
925,0.016666667,54.060100000
926,0.016666667,68.953200000
927,0.016666667,70.130600000
928,0.016666667,47.255000000
929,0.016666667,33.619600000
930,0.016666667,32.687500000
931,0.016666667,31.241500000
932,0.016666667,45.121800000
933,0.016666667,68.813400000
934,0.016666667,64.289700000
935,0.016666667,29.544900000
936,0.016666667,63.978700000
937,0.016666667,41.178900000
938,0.016666667,54.459500000
939,0.016666667,34.513300000
940,0.016666667,32.568800000
941,0.016666667,33.853900000
942,0.016666667,35.373400000
943,0.016666667,29.328800000
944,0.016666667,43.225600000
945,0.016666667,80.897900000
946,0.016666667,53.647400000
947,0.016666667,30.315000000
948,0.016666667,83.039600000
949,0.016666667,37.363400000
950,0.016666667,81.757700000
951,0.016666667,55.727500000
952,0.016666667,24.434600000
953,0.016666667,51.282100000
954,0.016666667,54.645100000
955,0.016666667,31.996800000
956,0.016666667,39.651700000
957,0.016666667,33.103500000
958,0.016666667,39.284100000
959,0.016666667,42.800000000
960,0.016666667,80.960400000
961,0.016666667,69.205000000
962,0.016666667,64.072700000
963,0.016666667,68.854100000
964,0.016666667,28.822500000
965,0.016666667,39.396300000
966,0.016666667,33.323100000
967,0.016666667,30.957700000
968,0.016666667,42.519600000
969,0.016666667,57.764600000
970,0.016666667,57.926500000
971,0.016666667,49.933700000
972,0.016666667,24.336600000
973,0.016666667,41.059600000
974,0.016666667,46.051300000
975,0.016666667,53.587300000
976,0.016666667,54.205500000
977,0.016666667,36.059600000
978,0.016666667,51.568300000
979,0.016666667,60.192300000
980,0.016666667,27.396500000
981,0.016666667,76.521100000
982,0.016666667,53.862000000
983,0.016666667,36.167700000
984,0.016666667,32.129300000
985,0.016666667,31.658800000
986,0.016666667,41.731200000
987,0.016666667,50.756600000
988,0.016666667,47.596600000
989,0.016666667,53.537500000
990,0.016666667,30.850400000
991,0.016666667,28.482000000
992,0.016666667,75.931200000
993,0.016666667,53.365700000
994,0.016666667,25.677200000
995,0.016666667,43.777500000
996,0.016666667,44.030700000
997,0.016666667,32.664200000
998,0.016666667,39.276500000
999,0.016666667,33.089600000
1000,0.016666667,31.216400000
1001,0.016666667,82.012000000
1002,0.016666667,52.416600000
1003,0.016666667,41.987900000
1004,0.016666667,26.788200000
1005,0.016666667,71.166800000
1006,0.016666667,54.406500000
1007,0.016666667,40.899800000
1008,0.016666667,42.033000000
1009,0.016666667,48.705300000
1010,0.016666667,47.568900000
1011,0.016666667,55.270300000
1012,0.016666667,43.919800000
1013,0.016666667,29.721300000
1014,0.016666667,31.957400000
1015,0.016666667,43.579200000
1016,0.016666667,77.941700000
1017,0.016666667,53.639400000
1018,0.016666667,34.648000000
1019,0.016666667,46.067300000
1020,0.016666667,37.274600000
1021,0.016666667,44.319500000
1022,0.016666667,37.271500000
1023,0.016666667,79.876100000
1024,0.016666667,53.165000000
1025,0.016666667,30.273700000
1026,0.016666667,40.173500000
1027,0.016666667,46.117600000
1028,0.016666667,36.559600000
1029,0.016666667,57.600100000
1030,0.016666667,40.839700000
1031,0.016666667,38.973800000
1032,0.016666667,33.220400000
1033,0.016666667,31.380300000
1034,0.016666667,42.499000000
1035,0.016666667,28.229100000
1036,0.016666667,48.044300000
1037,0.016666667,80.236100000
1038,0.016666667,59.313500000
1039,0.016666667,32.261300000
1040,0.016666667,43.065500000
1041,0.016666667,54.259500000
1042,0.016666667,53.890100000
1043,0.016666667,46.081100000
1044,0.016666667,36.293100000
1045,0.016666667,47.737200000
1046,0.016666667,29.218600000
1047,0.016666667,33.076000000
1048,0.016666667,31.975500000
1049,0.016666667,33.332400000
1050,0.016666667,42.505200000
1051,0.016666667,30.000200000
1052,0.016666667,29.061000000
1053,0.016666667,80.297500000
1054,0.016666667,68.836700000
1055,0.016666667,24.193200000
1056,0.016666667,35.022800000
1057,0.016666667,68.309400000
1058,0.016666667,37.240100000
1059,0.016666667,78.415700000
1060,0.016666667,56.584000000
1061,0.016666667,24.968400000
1062,0.016666667,42.631000000
1063,0.016666667,31.413200000
1064,0.016666667,33.357900000
1065,0.016666667,47.705100000
1066,0.016666667,81.562600000
1067,0.016666667,54.150800000
1068,0.016666667,82.393700000
1069,0.016666667,56.625700000
1070,0.016666667,25.491400000
1071,0.016666667,37.669300000
1072,0.016666667,35.189300000
1073,0.016666667,29.087000000
1074,0.016666667,35.221100000
1075,0.016666667,33.135600000
1076,0.016666667,41.918400000
1077,0.016666667,47.795300000
1078,0.016666667,37.428300000
1079,0.016666667,37.181800000
1080,0.016666667,35.416500000
1081,0.016666667,33.155500000
1082,0.016666667,31.117700000
1083,0.016666667,42.602800000
1084,0.016666667,28.566400000
1085,0.016666667,30.453400000
1086,0.016666667,33.701500000
1087,0.016666667,35.688100000
1088,0.016666667,29.266200000
1089,0.016666667,34.915800000
1090,0.016666667,33.115600000
1091,0.016666667,31.642600000
1092,0.016666667,41.854400000
1093,0.016666667,46.925700000
1094,0.016666667,40.569200000
1095,0.016666667,34.479700000
1096,0.016666667,50.488600000
1097,0.016666667,60.943000000
1098,0.016666667,44.474000000
1099,0.016666667,55.841600000
1100,0.016666667,36.738500000
1101,0.016666667,46.316800000
1102,0.016666667,36.898000000
1103,0.016666667,38.674000000
1104,0.016666667,28.806300000
1105,0.016666667,52.879500000
1106,0.016666667,64.239000000
1107,0.016666667,81.453100000
1108,0.016666667,64.528100000
1109,0.016666667,24.014200000
1110,0.016666667,35.556000000
1111,0.016666667,31.896700000
1112,0.016666667,47.968700000
1113,0.016666667,42.151600000
1114,0.016666667,37.385500000
1115,0.016666667,38.810800000
1116,0.016666667,33.816700000
1117,0.016666667,35.554500000
1118,0.016666667,36.341300000
1119,0.016666667,42.364500000
1120,0.016666667,53.895800000
1121,0.016666667,53.570100000
1122,0.016666667,25.862400000
1123,0.016666667,29.266200000
1124,0.016666667,39.362100000
1125,0.016666667,32.961800000
1126,0.016666667,58.937700000
1127,0.016666667,85.603600000
1128,0.016666667,57.001500000
1129,0.016666667,23.818100000
1130,0.016666667,47.727300000
1131,0.016666667,43.212700000
1132,0.016666667,38.623700000
1133,0.016666667,37.820200000
1134,0.016666667,79.257800000
1135,0.016666667,53.417900000
1136,0.016666667,29.498300000
1137,0.016666667,69.044400000
1138,0.016666667,49.487500000
1139,0.016666667,46.802900000
1140,0.016666667,44.914500000
1141,0.016666667,39.532300000
1142,0.016666667,45.640500000
1143,0.016666667,41.012000000
1144,0.016666667,54.072000000
1145,0.016666667,36.721200000
1146,0.016666667,35.551800000
1147,0.016666667,28.868300000
1148,0.016666667,35.912700000
1149,0.016666667,72.440900000
1150,0.016666667,47.926200000
1151,0.016666667,75.751900000
1152,0.016666667,61.680500000
1153,0.016666667,31.636200000
1154,0.016666667,58.479200000
1155,0.016666667,34.583900000
1156,0.016666667,27.301000000
1157,0.016666667,39.672300000
1158,0.016666667,35.624700000
1159,0.016666667,29.064200000
1160,0.016666667,36.243400000
1161,0.016666667,42.706600000
1162,0.016666667,37.033300000
1163,0.016666667,42.196400000
1164,0.016666667,37.281900000
1165,0.016666667,44.429300000
1166,0.016666667,38.158500000
1167,0.016666667,36.331800000
1168,0.016666667,45.485200000
1169,0.016666667,48.146600000
1170,0.016666667,43.326900000
1171,0.016666667,34.965700000
1172,0.016666667,32.018200000
1173,0.016666667,72.223300000
1174,0.016666667,47.626600000
1175,0.016666667,37.164300000
1176,0.016666667,28.280100000
1177,0.016666667,30.114000000
1178,0.016666667,33.451300000
1179,0.016666667,35.345500000
1180,0.016666667,29.406000000
1181,0.016666667,43.222900000
1182,0.016666667,81.143300000
1183,0.016666667,54.354300000
1184,0.016666667,26.423600000
1185,0.016666667,76.904900000
1186,0.016666667,55.317500000
1187,0.016666667,38.135600000
1188,0.016666667,27.543600000
1189,0.016666667,30.958100000
1190,0.016666667,34.080000000
1191,0.016666667,35.229300000
1192,0.016666667,45.729300000
1193,0.016666667,77.826300000
1194,0.016666667,64.840700000
1195,0.016666667,40.779700000
1196,0.016666667,30.152200000
1197,0.016666667,51.594400000
1198,0.016666667,59.869100000
1199,0.016666667,34.780700000
1200,0.016666667,48.732900000
1201,0.016666667,38.714700000
1202,0.016666667,80.063900000
1203,0.016666667,56.110200000
1204,0.016666667,29.088100000
1205,0.016666667,38.506100000
1206,0.016666667,48.467200000
1207,0.016666667,50.080200000
1208,0.016666667,79.441900000
1209,0.016666667,64.082800000
1210,0.016666667,31.848300000
1211,0.016666667,42.699700000
1212,0.016666667,33.794000000
1213,0.016666667,30.965400000
1214,0.016666667,42.724400000
1215,0.016666667,36.819700000
1216,0.016666667,34.522400000
1217,0.016666667,44.600700000
1218,0.016666667,34.784600000
1219,0.016666667,36.083300000
1220,0.016666667,81.880200000
1221,0.016666667,57.972700000
1222,0.016666667,26.573900000
1223,0.016666667,46.186800000
1224,0.016666667,37.136600000
1225,0.016666667,38.628300000
1226,0.016666667,34.084600000
1227,0.016666667,47.468900000
1228,0.016666667,47.603100000
1229,0.016666667,61.450100000
1230,0.016666667,27.159500000
1231,0.016666667,41.810100000
1232,0.016666667,47.144600000
1233,0.016666667,30.814700000
1234,0.016666667,27.268900000
1235,0.016666667,35.282100000
1236,0.016666667,33.211200000
1237,0.016666667,42.114500000
1238,0.016666667,47.582200000
1239,0.016666667,31.627800000
1240,0.016666667,30.119700000
1241,0.016666667,91.584700000
1242,0.016666667,61.736000000
1243,0.016666667,35.627900000
1244,0.016666667,30.332200000
1245,0.016666667,45.507600000
1246,0.016666667,38.408300000
1247,0.016666667,51.551200000
1248,0.016666667,38.126600000
1249,0.016666667,42.505300000
1250,0.016666667,36.971100000
1251,0.016666667,50.325900000
1252,0.016666667,51.358100000
1253,0.016666667,65.809800000
1254,0.016666667,65.216400000
1255,0.016666667,35.232100000
1256,0.016666667,39.159500000
1257,0.016666667,40.392600000
1258,0.016666667,47.962800000
1259,0.016666667,41.855600000
1260,0.016666667,53.683400000
1261,0.016666667,47.032700000
1262,0.016666667,34.984100000
1263,0.016666667,45.854600000
1264,0.016666667,51.733000000
1265,0.016666667,34.634500000
1266,0.016666667,45.725600000
1267,0.016666667,50.107300000
1268,0.016666667,36.292800000
1269,0.016666667,46.542200000
1270,0.016666667,54.535600000
1271,0.016666667,34.606400000
1272,0.016666667,48.572000000
1273,0.016666667,48.915100000
1274,0.016666667,58.072900000
1275,0.016666667,38.281100000
1276,0.016666667,47.864400000
1277,0.016666667,47.466000000
1278,0.016666667,37.933800000
1279,0.016666667,36.737700000
1280,0.016666667,36.142200000
1281,0.016666667,32.800400000
1282,0.016666667,30.876400000
1283,0.016666667,41.836100000
1284,0.016666667,48.822900000
1285,0.016666667,37.709600000
1286,0.016666667,24.204300000
1287,0.016666667,33.013600000
1288,0.016666667,55.553100000
1289,0.016666667,38.419600000
1290,0.016666667,96.587600000
1291,0.016666667,36.665800000
1292,0.016666667,47.325900000
1293,0.016666667,80.517600000
1294,0.016666667,55.032700000
1295,0.016666667,32.264700000
1296,0.016666667,39.420800000
1297,0.016666667,42.980400000
1298,0.016666667,36.523900000
1299,0.016666667,53.214800000
1300,0.016666667,34.245600000
1301,0.016666667,35.057000000
1302,0.016666667,32.051200000
1303,0.016666667,31.104400000
1304,0.016666667,49.223300000
1305,0.016666667,46.235400000
1306,0.016666667,37.701700000
1307,0.016666667,37.036600000
1308,0.016666667,46.251300000
1309,0.016666667,49.669800000
1310,0.016666667,82.122100000
1311,0.016666667,56.352600000
1312,0.016666667,25.767800000
1313,0.016666667,38.077700000
1314,0.016666667,35.572600000
1315,0.016666667,28.680600000
1316,0.016666667,94.784600000
1317,0.016666667,42.061900000
1318,0.016666667,32.861700000
1319,0.016666667,78.097200000
1320,0.016666667,62.456600000
1321,0.016666667,35.842100000
1322,0.016666667,39.037300000
1323,0.016666667,33.410300000
1324,0.016666667,31.275200000
1325,0.016666667,48.422300000
1326,0.016666667,46.524200000
1327,0.016666667,38.498500000
1328,0.016666667,36.634900000
1329,0.016666667,46.096300000
1330,0.016666667,51.135400000
1331,0.016666667,31.766400000
1332,0.016666667,47.187300000
1333,0.016666667,50.889200000
1334,0.016666667,35.797200000
1335,0.016666667,24.767500000
1336,0.016666667,26.228000000
1337,0.016666667,34.168600000
1338,0.016666667,38.798300000
1339,0.016666667,42.452700000
1340,0.016666667,35.837100000
1341,0.016666667,30.169900000
1342,0.016666667,42.676400000
1343,0.016666667,33.674200000
1344,0.016666667,76.895900000
1345,0.016666667,54.374100000
1346,0.016666667,37.522500000
1347,0.016666667,58.625500000
1348,0.016666667,31.827700000
1349,0.016666667,34.744000000
1350,0.016666667,44.145300000
1351,0.016666667,35.300400000
1352,0.016666667,42.601100000
1353,0.016666667,29.590900000
1354,0.016666667,30.035600000
1355,0.016666667,33.788000000
1356,0.016666667,39.180900000
1357,0.016666667,41.869200000
1358,0.016666667,32.956600000
1359,0.016666667,40.787000000
1360,0.016666667,33.303000000
1361,0.016666667,41.194400000
1362,0.016666667,46.680100000
1363,0.016666667,39.044200000
1364,0.016666667,41.849000000
1365,0.016666667,53.753100000
1366,0.016666667,65.133300000
1367,0.016666667,24.012500000
1368,0.016666667,27.506600000
1369,0.016666667,62.660700000
1370,0.016666667,37.957400000
1371,0.016666667,32.032200000
1372,0.016666667,61.033700000
1373,0.016666667,40.137800000
1374,0.016666667,79.387500000
1375,0.016666667,56.654800000
1376,0.016666667,78.284100000
1377,0.016666667,57.481500000
1378,0.016666667,23.854100000
1379,0.016666667,48.194400000
1380,0.016666667,37.236100000
1381,0.016666667,38.587900000
1382,0.016666667,33.811200000
1383,0.016666667,35.420900000
1384,0.016666667,29.214900000
1385,0.016666667,35.184900000
1386,0.016666667,33.418900000
1387,0.016666667,31.038000000
1388,0.016666667,43.413800000
1389,0.016666667,36.129400000
1390,0.016666667,38.948800000
1391,0.016666667,33.479700000
1392,0.016666667,35.628500000
1393,0.016666667,45.189300000
1394,0.016666667,36.630600000
1395,0.016666667,32.319700000
1396,0.016666667,31.057300000
1397,0.016666667,43.280000000
1398,0.016666667,28.526400000
1399,0.016666667,46.289400000
1400,0.016666667,32.068900000
1401,0.016666667,33.397300000
1402,0.016666667,34.832200000
1403,0.016666667,33.556700000
1404,0.016666667,44.187100000
1405,0.016666667,36.893200000
1406,0.016666667,35.950100000
1407,0.016666667,33.172700000
1408,0.016666667,30.826200000
1409,0.016666667,82.202100000
1410,0.016666667,47.624100000
1411,0.016666667,43.961700000
1412,0.016666667,59.682100000
1413,0.016666667,59.583800000
1414,0.016666667,61.133200000
1415,0.016666667,32.153100000
1416,0.016666667,34.167400000
1417,0.016666667,29.099700000
1418,0.016666667,95.318600000
1419,0.016666667,56.634700000
1420,0.016666667,42.054800000
1421,0.016666667,47.558900000
1422,0.016666667,37.759800000
1423,0.016666667,61.789000000
1424,0.016666667,69.130300000
1425,0.016666667,38.067100000
1426,0.016666667,40.649500000
1427,0.016666667,30.400600000
1428,0.016666667,34.647500000
1429,0.016666667,28.746600000
1430,0.016666667,36.479200000
1431,0.016666667,43.241100000
1432,0.016666667,47.962200000
1433,0.016666667,47.151000000
1434,0.016666667,24.004000000
1435,0.016666667,59.374400000
1436,0.016666667,41.716000000
1437,0.016666667,65.337300000
1438,0.016666667,59.699200000
1439,0.016666667,50.836700000
1440,0.016666667,29.321400000
1441,0.016666667,38.844900000
1442,0.016666667,47.663100000
1443,0.016666667,30.520600000
1444,0.016666667,27.606100000
1445,0.016666667,42.422400000
1446,0.016666667,104.801200000
1447,0.016666667,42.477200000
1448,0.016666667,36.752800000
1449,0.016666667,39.697400000
1450,0.016666667,40.292200000
1451,0.016666667,30.318700000
1452,0.016666667,46.507300000
1453,0.016666667,34.551200000
1454,0.016666667,33.591600000
1455,0.016666667,33.224600000
1456,0.016666667,31.308600000
1457,0.016666667,44.308900000
1458,0.016666667,37.614300000
1459,0.016666667,45.052300000
1460,0.016666667,30.314400000
1461,0.016666667,24.841400000
1462,0.016666667,64.437600000
1463,0.016666667,65.347200000
1464,0.016666667,65.486400000
1465,0.016666667,34.944500000
1466,0.016666667,39.220400000
1467,0.016666667,33.172700000
1468,0.016666667,31.199700000
1469,0.016666667,45.895900000
1470,0.016666667,51.523500000
1471,0.016666667,66.073300000
1472,0.016666667,65.290600000
1473,0.016666667,62.020400000
1474,0.016666667,38.520600000
1475,0.016666667,46.268800000
1476,0.016666667,28.381900000
1477,0.016666667,31.160300000
1478,0.016666667,33.598900000
1479,0.016666667,41.117500000
1480,0.016666667,39.578700000
1481,0.016666667,35.793500000
1482,0.016666667,44.352800000
1483,0.016666667,35.959900000
1484,0.016666667,43.499600000
1485,0.016666667,35.209400000
1486,0.016666667,40.653000000
1487,0.016666667,34.028400000
1488,0.016666667,51.607900000
1489,0.016666667,28.325500000
1490,0.016666667,36.664300000
1491,0.016666667,31.747600000
1492,0.016666667,31.191600000
1493,0.016666667,49.186600000
1494,0.016666667,80.423200000
1495,0.016666667,35.771000000
1496,0.016666667,36.618100000
1497,0.016666667,35.569700000
1498,0.016666667,29.147100000
1499,0.016666667,35.349700000
1500,0.016666667,33.146700000
1501,0.016666667,31.257500000
1502,0.016666667,42.643800000
1503,0.016666667,27.160300000
1504,0.016666667,48.414700000
1505,0.016666667,41.789400000
1506,0.016666667,55.426300000
1507,0.016666667,60.993600000
1508,0.016666667,25.853200000
1509,0.016666667,76.003500000
1510,0.016666667,53.715700000
1511,0.016666667,37.460400000
1512,0.016666667,31.972900000
1513,0.016666667,31.243400000
1514,0.016666667,41.892800000
1515,0.016666667,28.637300000
1516,0.016666667,53.545500000
1517,0.016666667,35.530300000
1518,0.016666667,73.091800000
1519,0.016666667,56.611500000
1520,0.016666667,36.835100000
1521,0.016666667,36.586000000
1522,0.016666667,40.391800000
1523,0.016666667,31.764200000
1524,0.016666667,35.894200000
1525,0.016666667,28.700000000
1526,0.016666667,35.591700000
1527,0.016666667,33.075500000
1528,0.016666667,41.734100000
1529,0.016666667,47.717600000
1530,0.016666667,37.679800000
1531,0.016666667,44.419000000
1532,0.016666667,38.045400000
1533,0.016666667,97.133500000
1534,0.016666667,36.972600000
1535,0.016666667,40.670400000
1536,0.016666667,31.940600000
1537,0.016666667,41.938600000
1538,0.016666667,47.686300000
1539,0.016666667,60.368900000
1540,0.016666667,34.175600000
1541,0.016666667,79.373800000
1542,0.016666667,56.285500000
1543,0.016666667,25.832300000
1544,0.016666667,37.610000000
1545,0.016666667,35.642500000
1546,0.016666667,28.308700000
1547,0.016666667,35.435200000
1548,0.016666667,44.041300000
1549,0.016666667,37.209400000
1550,0.016666667,42.540600000
1551,0.016666667,45.871300000
1552,0.016666667,37.651500000
1553,0.016666667,26.036100000
1554,0.016666667,74.959900000
1555,0.016666667,53.744300000
1556,0.016666667,38.510700000
1557,0.016666667,32.693100000
1558,0.016666667,30.565800000
1559,0.016666667,42.215900000
1560,0.016666667,28.249800000
1561,0.016666667,31.106800000
1562,0.016666667,33.797000000
1563,0.016666667,35.362200000
1564,0.016666667,48.165100000
1565,0.016666667,34.024200000
1566,0.016666667,32.470000000
1567,0.016666667,44.056900000
1568,0.016666667,94.917900000
1569,0.016666667,53.696200000
1570,0.016666667,34.507900000
1571,0.016666667,38.053500000
1572,0.016666667,47.911100000
1573,0.016666667,50.857300000
1574,0.016666667,68.228300000
1575,0.016666667,56.338700000
1576,0.016666667,56.955200000
1577,0.016666667,37.217000000
1578,0.016666667,35.317700000
1579,0.016666667,36.764400000
1580,0.016666667,43.670900000
1581,0.016666667,53.577700000
1582,0.016666667,54.134900000
1583,0.016666667,36.052300000
1584,0.016666667,38.548900000
1585,0.016666667,40.359500000
1586,0.016666667,29.840100000
1587,0.016666667,46.082000000
1588,0.016666667,34.396700000
1589,0.016666667,33.932900000
1590,0.016666667,33.281500000
1591,0.016666667,30.944800000
1592,0.016666667,42.509900000
1593,0.016666667,26.182300000
1594,0.016666667,32.955500000
1595,0.016666667,31.892800000
1596,0.016666667,33.039400000
1597,0.016666667,34.843000000
1598,0.016666667,48.377500000
1599,0.016666667,35.750800000
1600,0.016666667,72.706100000
1601,0.016666667,48.282400000
1602,0.016666667,36.937600000
1603,0.016666667,41.614200000
1604,0.016666667,39.693300000
1605,0.016666667,30.335100000
1606,0.016666667,50.004800000
1607,0.016666667,39.608500000
1608,0.016666667,30.790300000
1609,0.016666667,46.654800000
1610,0.016666667,38.621400000
1611,0.016666667,37.178800000
1612,0.016666667,32.712000000
1613,0.016666667,54.405500000
1614,0.016666667,76.175700000
1615,0.016666667,53.559900000
1616,0.016666667,26.486000000
1617,0.016666667,42.768500000
1618,0.016666667,36.040100000
1619,0.016666667,28.385300000
1620,0.016666667,36.735300000
1621,0.016666667,31.721700000
1622,0.016666667,59.002800000
1623,0.016666667,47.327400000
1624,0.016666667,37.815400000
1625,0.016666667,36.890300000
1626,0.016666667,36.457900000
1627,0.016666667,32.361500000
1628,0.016666667,30.984100000
1629,0.016666667,42.043700000
1630,0.016666667,28.867700000
1631,0.016666667,30.702300000
1632,0.016666667,31.998600000
1633,0.016666667,49.510900000
1634,0.016666667,35.223000000
1635,0.016666667,31.380600000
1636,0.016666667,35.744800000
1637,0.016666667,32.028300000
1638,0.016666667,41.382200000
1639,0.016666667,33.803800000
1640,0.016666667,75.796200000
1641,0.016666667,43.011200000
1642,0.016666667,46.507300000
1643,0.016666667,29.245300000
1644,0.016666667,29.038600000
1645,0.016666667,35.841700000
1646,0.016666667,32.674000000
1647,0.016666667,47.734800000
1648,0.016666667,42.665900000
1649,0.016666667,53.341900000
1650,0.016666667,56.883100000
1651,0.016666667,32.412200000
1652,0.016666667,45.260600000
1653,0.016666667,32.472300000
1654,0.016666667,39.980400000
1655,0.016666667,32.170000000
1656,0.016666667,31.073000000
1657,0.016666667,42.619600000
1658,0.016666667,27.909400000
1659,0.016666667,47.772900000
1660,0.016666667,33.653000000
1661,0.016666667,46.403400000
1662,0.016666667,48.101500000
1663,0.016666667,42.203800000
1664,0.016666667,29.762800000
1665,0.016666667,46.184400000
1666,0.016666667,76.768000000
1667,0.016666667,54.206900000
1668,0.016666667,24.356600000
1669,0.016666667,39.289200000
1670,0.016666667,36.493900000
1671,0.016666667,44.513600000
1672,0.016666667,92.560400000
1673,0.016666667,47.273100000
1674,0.016666667,43.418100000
1675,0.016666667,37.873700000
1676,0.016666667,78.746400000
1677,0.016666667,54.078200000
1678,0.016666667,34.658900000
1679,0.016666667,62.315500000
1680,0.016666667,41.521000000
1681,0.016666667,76.250000000
1682,0.016666667,57.241400000
1683,0.016666667,49.200400000
1684,0.016666667,43.078600000
1685,0.016666667,27.084000000
1686,0.016666667,31.417500000
1687,0.016666667,33.705400000
1688,0.016666667,44.216200000
1689,0.016666667,37.124600000
1690,0.016666667,35.545100000
1691,0.016666667,35.489000000
1692,0.016666667,45.452700000
1693,0.016666667,36.864200000
1694,0.016666667,46.432900000
1695,0.016666667,48.109300000
1696,0.016666667,37.807900000
1697,0.016666667,45.322300000
1698,0.016666667,48.830300000
1699,0.016666667,36.665600000
1700,0.016666667,46.848400000
1701,0.016666667,49.608000000
1702,0.016666667,82.759400000
1703,0.016666667,56.840200000
1704,0.016666667,32.259000000
1705,0.016666667,80.975900000
1706,0.016666667,65.527800000
1707,0.016666667,24.564600000
1708,0.016666667,60.494700000
1709,0.016666667,42.451000000
1710,0.016666667,47.906600000
1711,0.016666667,60.416800000
1712,0.016666667,41.519800000
1713,0.016666667,51.414700000
1714,0.016666667,41.257900000
1715,0.016666667,35.573600000
1716,0.016666667,28.608400000
1717,0.016666667,35.466800000
1718,0.016666667,33.296900000
1719,0.016666667,31.200400000
1720,0.016666667,82.202500000
1721,0.016666667,55.549700000
1722,0.016666667,26.144000000
1723,0.016666667,38.819100000
1724,0.016666667,34.893900000
1725,0.016666667,45.402200000
1726,0.016666667,35.611400000
1727,0.016666667,33.077500000
1728,0.016666667,31.373900000
1729,0.016666667,44.708000000
1730,0.016666667,51.178400000
1731,0.016666667,44.914900000
1732,0.016666667,45.208700000
1733,0.016666667,43.323500000
1734,0.016666667,50.354000000
1735,0.016666667,43.628000000
1736,0.016666667,36.869600000
1737,0.016666667,63.952600000
1738,0.016666667,69.957100000
1739,0.016666667,58.005500000
1740,0.016666667,31.793400000
1741,0.016666667,42.992800000
1742,0.016666667,46.196400000
1743,0.016666667,36.132800000
1744,0.016666667,30.317000000
1745,0.016666667,42.545700000
1746,0.016666667,40.508300000
1747,0.016666667,45.305600000
1748,0.016666667,42.475900000
1749,0.016666667,53.939800000
1750,0.016666667,37.177100000
1751,0.016666667,47.598200000
1752,0.016666667,34.849300000
1753,0.016666667,33.291600000
1754,0.016666667,33.262600000
1755,0.016666667,42.156400000
1756,0.016666667,47.388100000
1757,0.016666667,30.213500000
1758,0.016666667,27.733300000
1759,0.016666667,94.424500000
1760,0.016666667,41.635600000
1761,0.016666667,33.590800000
1762,0.016666667,46.865900000
1763,0.016666667,63.012900000
1764,0.016666667,65.136600000
1765,0.016666667,30.034200000
1766,0.016666667,42.337000000
1767,0.016666667,34.972500000
1768,0.016666667,34.241900000
1769,0.016666667,32.038300000
1770,0.016666667,31.424200000
1771,0.016666667,41.994800000
1772,0.016666667,53.738100000
1773,0.016666667,51.497800000
1774,0.016666667,66.545300000
1775,0.016666667,65.598900000
1776,0.016666667,24.320700000
1777,0.016666667,90.641600000
1778,0.016666667,51.646800000
1779,0.016666667,47.701800000
1780,0.016666667,47.407400000
1781,0.016666667,62.354000000
1782,0.016666667,34.794900000
1783,0.016666667,38.578200000
1784,0.016666667,39.515200000
1785,0.016666667,33.113400000
1786,0.016666667,43.051600000
1787,0.016666667,49.432300000
1788,0.016666667,48.114300000
1789,0.016666667,59.019900000
1790,0.016666667,35.275000000
1791,0.016666667,25.644700000
1792,0.016666667,36.338300000
1793,0.016666667,53.093800000
1794,0.016666667,64.258900000
1795,0.016666667,65.939000000
1796,0.016666667,65.405400000
1797,0.016666667,37.339200000
1798,0.016666667,35.742600000
1799,0.016666667,32.718000000
1800,0.016666667,31.270300000
1801,0.016666667,42.033900000
1802,0.016666667,26.746800000
1803,0.016666667,59.606800000
1804,0.016666667,24.559300000
1805,0.016666667,92.412900000
1806,0.016666667,56.208800000
1807,0.016666667,35.431900000
1808,0.016666667,31.476700000
1809,0.016666667,30.963600000
1810,0.016666667,43.105700000
1811,0.016666667,28.390500000
1812,0.016666667,46.554300000
1813,0.016666667,34.232200000
1814,0.016666667,35.439100000
1815,0.016666667,28.724300000
1816,0.016666667,36.147700000
1817,0.016666667,43.447100000
1818,0.016666667,37.211600000
1819,0.016666667,44.909100000
1820,0.016666667,68.994500000
1821,0.016666667,65.566100000
1822,0.016666667,38.951400000
1823,0.016666667,45.590000000
1824,0.016666667,53.809600000
1825,0.016666667,79.211900000
1826,0.016666667,49.428100000
1827,0.016666667,47.401600000
1828,0.016666667,48.120300000
1829,0.016666667,37.839800000
1830,0.016666667,39.686600000
1831,0.016666667,31.800800000
1832,0.016666667,35.648300000
1833,0.016666667,28.797800000
1834,0.016666667,36.898400000
1835,0.016666667,31.655700000
1836,0.016666667,31.035400000
1837,0.016666667,43.470400000
1838,0.016666667,49.387300000
1839,0.016666667,52.100700000
1840,0.016666667,40.706300000
1841,0.016666667,35.471500000
1842,0.016666667,28.824800000
1843,0.016666667,35.427000000
1844,0.016666667,33.032100000
1845,0.016666667,31.676500000
1846,0.016666667,41.612200000
1847,0.016666667,37.474800000
1848,0.016666667,38.626100000
1849,0.016666667,34.622200000
1850,0.016666667,34.618800000
1851,0.016666667,32.219800000
1852,0.016666667,90.612900000
1853,0.016666667,53.782300000
1854,0.016666667,24.356300000
1855,0.016666667,36.941000000
1856,0.016666667,27.612300000
1857,0.016666667,48.295000000
1858,0.016666667,33.668800000
1859,0.016666667,43.976900000
1860,0.016666667,37.087000000
1861,0.016666667,36.113100000
1862,0.016666667,32.420900000
1863,0.016666667,47.876500000
1864,0.016666667,43.175100000
1865,0.016666667,28.737200000
1866,0.016666667,30.187300000
1867,0.016666667,42.544900000
1868,0.016666667,68.126500000
1869,0.016666667,65.471800000
1870,0.016666667,30.823000000
1871,0.016666667,44.486100000
1872,0.016666667,35.321500000
1873,0.016666667,30.278600000
1874,0.016666667,32.687700000
1875,0.016666667,34.460400000
1876,0.016666667,77.667800000
1877,0.016666667,53.437600000
1878,0.016666667,26.442900000
1879,0.016666667,50.574800000
1880,0.016666667,60.957000000
1881,0.016666667,42.953700000
1882,0.016666667,31.016000000
1883,0.016666667,61.885200000
1884,0.016666667,38.526200000
1885,0.016666667,62.815600000
1886,0.016666667,57.197100000
1887,0.016666667,47.089700000
1888,0.016666667,44.482500000
1889,0.016666667,50.368900000
1890,0.016666667,47.877800000
1891,0.016666667,36.786000000
1892,0.016666667,79.611400000
1893,0.016666667,53.682600000
1894,0.016666667,30.204600000
1895,0.016666667,53.859500000
1896,0.016666667,33.109700000
1897,0.016666667,36.822600000
1898,0.016666667,66.002300000
1899,0.016666667,64.827900000
1900,0.016666667,39.601000000
1901,0.016666667,35.221500000
1902,0.016666667,28.968500000
1903,0.016666667,35.789700000
1904,0.016666667,32.895600000
1905,0.016666667,58.957300000
1906,0.016666667,35.338500000
1907,0.016666667,53.590700000
1908,0.016666667,66.390600000
1909,0.016666667,35.388100000
1910,0.016666667,33.328800000
1911,0.016666667,31.104100000
1912,0.016666667,49.295000000
1913,0.016666667,53.837400000
1914,0.016666667,42.284000000
1915,0.016666667,46.120200000
1916,0.016666667,55.238000000
1917,0.016666667,46.049700000
1918,0.016666667,75.283100000
1919,0.016666667,37.153900000
1920,0.016666667,39.334700000
1921,0.016666667,40.919200000
1922,0.016666667,35.540400000
1923,0.016666667,29.143500000
1924,0.016666667,36.311700000
1925,0.016666667,42.829000000
1926,0.016666667,36.982700000
1927,0.016666667,42.600100000
1928,0.016666667,36.889100000
1929,0.016666667,39.583600000
1930,0.016666667,33.949100000
1931,0.016666667,61.194600000
1932,0.016666667,31.943600000
1933,0.016666667,39.369100000
1934,0.016666667,33.162400000
1935,0.016666667,31.195400000
1936,0.016666667,49.538300000
1937,0.016666667,53.153800000
1938,0.016666667,42.085500000
1939,0.016666667,49.698600000
1940,0.016666667,80.616100000
1941,0.016666667,50.846300000
1942,0.016666667,53.730600000
1943,0.016666667,51.837800000
1944,0.016666667,38.748900000
1945,0.016666667,38.363400000
1946,0.016666667,28.172700000
1947,0.016666667,30.336700000
1948,0.016666667,33.935600000
1949,0.016666667,44.230800000
1950,0.016666667,37.142500000
1951,0.016666667,35.434700000
1952,0.016666667,33.216400000
1953,0.016666667,31.058900000
1954,0.016666667,41.850300000
1955,0.016666667,34.087400000
1956,0.016666667,51.829300000
1957,0.016666667,38.938600000
1958,0.016666667,43.943300000
1959,0.016666667,46.611400000
1960,0.016666667,36.200900000
1961,0.016666667,49.750300000
1962,0.016666667,37.221600000
1963,0.016666667,79.067600000
1964,0.016666667,43.864300000
1965,0.016666667,31.380400000
1966,0.016666667,77.287400000
1967,0.016666667,66.598300000
1968,0.016666667,27.182400000
1969,0.016666667,36.333500000
1970,0.016666667,69.154000000
1971,0.016666667,64.659200000
1972,0.016666667,47.651900000
1973,0.016666667,51.038700000
1974,0.016666667,51.619600000
1975,0.016666667,48.465200000
1976,0.016666667,23.007800000
1977,0.016666667,33.837300000
1978,0.016666667,43.273000000
1979,0.016666667,31.510100000
1980,0.016666667,43.277400000
1981,0.016666667,33.966400000
1982,0.016666667,36.120600000
1983,0.016666667,45.204800000
1984,0.016666667,30.004300000
1985,0.016666667,88.252100000
1986,0.016666667,48.397100000
1987,0.016666667,72.094800000
1988,0.016666667,29.542400000
1989,0.016666667,55.788200000
1990,0.016666667,37.838600000
1991,0.016666667,79.112800000
1992,0.016666667,53.960000000
1993,0.016666667,35.292100000
1994,0.016666667,100.857200000
1995,0.016666667,37.270700000
1996,0.016666667,78.932600000
1997,0.016666667,53.971300000
1998,0.016666667,26.078200000
1999,0.016666667,69.943200000
2000,0.016666667,69.519100000
2001,0.016666667,24.565800000
2002,0.016666667,43.180200000
2003,0.016666667,33.147200000
2004,0.016666667,42.710200000
2005,0.016666667,31.372000000
2006,0.016666667,83.896100000
2007,0.016666667,53.805600000
2008,0.016666667,38.623800000
2009,0.016666667,32.608300000
2010,0.016666667,31.377200000
2011,0.016666667,41.983600000
2012,0.016666667,37.535500000
2013,0.016666667,38.461100000
2014,0.016666667,31.659600000
2015,0.016666667,33.549100000
2016,0.016666667,35.383900000
2017,0.016666667,80.942100000
2018,0.016666667,70.711600000
2019,0.016666667,25.457500000
2020,0.016666667,39.751300000
2021,0.016666667,32.698100000
2022,0.016666667,31.632700000
2023,0.016666667,41.662300000
2024,0.016666667,29.047600000
2025,0.016666667,46.918100000
2026,0.016666667,34.219100000
2027,0.016666667,35.132600000
2028,0.016666667,28.945200000
2029,0.016666667,95.845800000
2030,0.016666667,70.751500000
2031,0.016666667,24.071300000
2032,0.016666667,51.108200000
2033,0.016666667,37.853500000
2034,0.016666667,38.379500000
2035,0.016666667,63.168400000
2036,0.016666667,68.806100000
2037,0.016666667,29.451400000
2038,0.016666667,39.162500000
2039,0.016666667,33.264600000
2040,0.016666667,31.328000000
2041,0.016666667,41.431800000
2042,0.016666667,37.893900000
2043,0.016666667,39.075500000
2044,0.016666667,33.599600000
2045,0.016666667,35.805500000
2046,0.016666667,28.357700000
2047,0.016666667,36.065400000
2048,0.016666667,42.858100000
2049,0.016666667,33.113000000
2050,0.016666667,46.671400000
2051,0.016666667,53.480400000
2052,0.016666667,51.266300000
2053,0.016666667,33.657600000
2054,0.016666667,51.177300000
2055,0.016666667,59.375900000
2056,0.016666667,50.042200000
2057,0.016666667,51.052600000
2058,0.016666667,51.422100000
2059,0.016666667,47.661600000
2060,0.016666667,30.589900000
2061,0.016666667,27.285800000
2062,0.016666667,36.568500000
2063,0.016666667,36.807100000
2064,0.016666667,43.413100000
2065,0.016666667,34.662500000
2066,0.016666667,48.498000000
2067,0.016666667,33.620800000
2068,0.016666667,42.398600000
2069,0.016666667,28.465400000
2070,0.016666667,47.067900000
2071,0.016666667,33.925000000
2072,0.016666667,35.500200000
2073,0.016666667,29.190600000
2074,0.016666667,94.505300000
2075,0.016666667,41.479800000
2076,0.016666667,31.694000000
2077,0.016666667,35.135000000
2078,0.016666667,43.292100000
2079,0.016666667,50.721500000
2080,0.016666667,34.953600000
2081,0.016666667,48.247100000
2082,0.016666667,49.990200000
2083,0.016666667,35.643300000
2084,0.016666667,46.269200000
2085,0.016666667,54.584600000
2086,0.016666667,34.212100000
2087,0.016666667,44.907000000
2088,0.016666667,32.533900000
2089,0.016666667,37.419400000
2090,0.016666667,34.769600000
2091,0.016666667,31.916600000
2092,0.016666667,36.014100000
2093,0.016666667,32.076500000
2094,0.016666667,31.671200000
2095,0.016666667,42.323500000
2096,0.016666667,26.812100000
2097,0.016666667,48.806900000
2098,0.016666667,33.666000000
2099,0.016666667,36.174400000
2100,0.016666667,31.744000000
2101,0.016666667,90.528500000
2102,0.016666667,54.204400000
2103,0.016666667,24.412900000
2104,0.016666667,43.206800000
2105,0.016666667,53.786500000
2106,0.016666667,53.696600000
2107,0.016666667,37.682300000
2108,0.016666667,37.367700000
2109,0.016666667,41.001700000
2110,0.016666667,24.794800000
2111,0.016666667,33.915400000
2112,0.016666667,47.786200000
2113,0.016666667,37.311700000
2114,0.016666667,35.342600000
2115,0.016666667,33.263000000
2116,0.016666667,47.902400000
2117,0.016666667,42.507500000
2118,0.016666667,49.900000000
2119,0.016666667,51.597900000
2120,0.016666667,48.816100000
2121,0.016666667,22.913800000
2122,0.016666667,41.846600000
2123,0.016666667,45.782200000
2124,0.016666667,57.948900000
2125,0.016666667,56.960400000
2126,0.016666667,40.160100000
2127,0.016666667,28.844100000
2128,0.016666667,30.163900000
2129,0.016666667,81.105200000
2130,0.016666667,69.137100000
2131,0.016666667,24.079900000
2132,0.016666667,42.740000000
2133,0.016666667,33.196400000
2134,0.016666667,39.526600000
2135,0.016666667,45.397600000
2136,0.016666667,56.804100000
2137,0.016666667,54.005500000
2138,0.016666667,83.984900000
2139,0.016666667,58.028300000
2140,0.016666667,26.359000000
2141,0.016666667,36.394400000
2142,0.016666667,47.786000000
2143,0.016666667,34.515000000
2144,0.016666667,34.093000000
2145,0.016666667,72.247900000
2146,0.016666667,47.866200000
2147,0.016666667,36.916200000
2148,0.016666667,27.771300000
2149,0.016666667,30.583500000
2150,0.016666667,33.741100000
2151,0.016666667,35.905600000
2152,0.016666667,45.219500000
2153,0.016666667,42.603000000
2154,0.016666667,81.557400000
2155,0.016666667,53.441800000
2156,0.016666667,31.156900000
2157,0.016666667,22.290100000
2158,0.016666667,66.644400000
2159,0.016666667,44.872400000
2160,0.016666667,28.982200000
2161,0.016666667,29.750000000
2162,0.016666667,35.093700000
2163,0.016666667,42.853500000
2164,0.016666667,37.025900000
2165,0.016666667,43.169100000
2166,0.016666667,80.747500000
2167,0.016666667,53.612500000
2168,0.016666667,80.597200000
2169,0.016666667,34.857700000
2170,0.016666667,37.476600000
2171,0.016666667,38.519900000
2172,0.016666667,34.617100000
2173,0.016666667,29.168200000
2174,0.016666667,36.371700000
2175,0.016666667,45.420700000
2176,0.016666667,47.770600000
2177,0.016666667,46.424100000
2178,0.016666667,27.308200000
2179,0.016666667,54.081100000
2180,0.016666667,36.857600000
2181,0.016666667,80.390600000
2182,0.016666667,39.045800000
2183,0.016666667,81.526000000
2184,0.016666667,56.660600000
2185,0.016666667,24.756900000
2186,0.016666667,48.268000000
2187,0.016666667,26.509500000
2188,0.016666667,32.986200000
2189,0.016666667,34.073300000
2190,0.016666667,72.324000000
2191,0.016666667,47.436900000
2192,0.016666667,30.807200000
2193,0.016666667,39.633400000
2194,0.016666667,32.328100000
2195,0.016666667,39.626800000
2196,0.016666667,57.014300000
2197,0.016666667,53.844800000
2198,0.016666667,37.638800000
2199,0.016666667,52.160500000
2200,0.016666667,45.805600000
2201,0.016666667,29.978600000
2202,0.016666667,63.689000000
2203,0.016666667,38.766600000
2204,0.016666667,56.332300000
2205,0.016666667,42.316000000
2206,0.016666667,47.729700000
2207,0.016666667,36.810800000
2208,0.016666667,79.725800000
2209,0.016666667,53.589900000
2210,0.016666667,29.461200000
2211,0.016666667,38.989600000
2212,0.016666667,49.115300000
2213,0.016666667,33.573600000
2214,0.016666667,65.986900000
2215,0.016666667,60.662300000
2216,0.016666667,58.028400000
2217,0.016666667,65.751500000
2218,0.016666667,44.614000000
2219,0.016666667,44.811200000
2220,0.016666667,42.848600000
2221,0.016666667,53.207800000
2222,0.016666667,37.580900000
2223,0.016666667,60.564200000
2224,0.016666667,31.564300000
2225,0.016666667,39.837600000
2226,0.016666667,33.487000000
2227,0.016666667,31.490300000
2228,0.016666667,41.385300000
2229,0.016666667,37.860800000
2230,0.016666667,38.555400000
2231,0.016666667,41.820200000
2232,0.016666667,68.942900000
2233,0.016666667,67.301000000
2234,0.016666667,67.864600000
2235,0.016666667,65.924300000
2236,0.016666667,24.291600000
2237,0.016666667,31.820100000
2238,0.016666667,43.012700000
2239,0.016666667,37.394300000
2240,0.016666667,42.297100000
2241,0.016666667,36.859400000
2242,0.016666667,44.911500000
2243,0.016666667,38.186600000
2244,0.016666667,46.928800000
2245,0.016666667,41.983300000
2246,0.016666667,92.759400000
2247,0.016666667,56.123900000
2248,0.016666667,24.141900000
2249,0.016666667,50.726100000
2250,0.016666667,54.665900000
2251,0.016666667,43.971700000
2252,0.016666667,37.360400000
2253,0.016666667,49.910400000
2254,0.016666667,50.528700000
2255,0.016666667,43.514600000
2256,0.016666667,32.759000000
2257,0.016666667,42.995200000
2258,0.016666667,76.094500000
2259,0.016666667,54.663100000
2260,0.016666667,23.655500000
2261,0.016666667,39.958800000
2262,0.016666667,28.854900000
2263,0.016666667,46.516700000
2264,0.016666667,33.727600000
2265,0.016666667,44.451400000
2266,0.016666667,31.768300000
2267,0.016666667,40.474000000
2268,0.016666667,33.047100000
2269,0.016666667,31.132000000
2270,0.016666667,42.892500000
2271,0.016666667,32.239600000
2272,0.016666667,42.881700000
2273,0.016666667,33.880700000
2274,0.016666667,44.230000000
2275,0.016666667,37.046400000
2276,0.016666667,77.330700000
2277,0.016666667,56.741400000
2278,0.016666667,34.948800000
2279,0.016666667,78.888800000
2280,0.016666667,54.723300000
2281,0.016666667,25.780200000
2282,0.016666667,69.908900000
2283,0.016666667,68.578300000
2284,0.016666667,24.311400000
2285,0.016666667,43.571900000
2286,0.016666667,33.639000000
2287,0.016666667,30.977400000
2288,0.016666667,42.451000000
2289,0.016666667,37.144900000
2290,0.016666667,38.491700000
2291,0.016666667,34.184700000
2292,0.016666667,35.908100000
2293,0.016666667,28.453900000
2294,0.016666667,35.893600000
2295,0.016666667,36.313600000
2296,0.016666667,44.684200000
2297,0.016666667,42.116300000
2298,0.016666667,36.845200000
2299,0.016666667,39.300900000
2300,0.016666667,33.403900000
2301,0.016666667,35.922200000
2302,0.016666667,47.747900000
2303,0.016666667,75.330800000
2304,0.016666667,53.967000000
2305,0.016666667,30.666800000
2306,0.016666667,45.785700000
2307,0.016666667,37.603800000
2308,0.016666667,38.824700000
2309,0.016666667,34.049800000
2310,0.016666667,44.601400000
2311,0.016666667,31.605800000
2312,0.016666667,39.510800000
2313,0.016666667,33.853400000
2314,0.016666667,30.908300000
2315,0.016666667,43.000900000
2316,0.016666667,42.242600000
2317,0.016666667,33.422300000
2318,0.016666667,33.148200000
2319,0.016666667,35.360600000
2320,0.016666667,45.773600000
2321,0.016666667,35.527200000
2322,0.016666667,40.235900000
2323,0.016666667,36.874700000
2324,0.016666667,38.740600000
2325,0.016666667,47.486800000
2326,0.016666667,49.748800000
2327,0.016666667,57.239700000
2328,0.016666667,49.464500000
2329,0.016666667,26.327000000
2330,0.016666667,83.022800000
2331,0.016666667,68.895500000
2332,0.016666667,24.303900000
2333,0.016666667,44.703100000
2334,0.016666667,31.936600000
2335,0.016666667,31.653100000
2336,0.016666667,42.497100000
2337,0.016666667,50.065700000
2338,0.016666667,47.692000000
2339,0.016666667,43.605400000
2340,0.016666667,56.323600000
2341,0.016666667,54.062200000
2342,0.016666667,37.455600000
2343,0.016666667,50.297900000
2344,0.016666667,45.122900000
2345,0.016666667,29.770200000
2346,0.016666667,43.703700000
2347,0.016666667,39.231000000
2348,0.016666667,45.540000000
2349,0.016666667,62.098100000
2350,0.016666667,66.585400000
2351,0.016666667,37.202500000
2352,0.016666667,44.761500000
2353,0.016666667,32.486500000
2354,0.016666667,40.058600000
2355,0.016666667,32.343500000
2356,0.016666667,31.290600000
2357,0.016666667,43.037900000
2358,0.016666667,28.283900000
2359,0.016666667,47.431500000
2360,0.016666667,38.707400000
2361,0.016666667,36.944800000
2362,0.016666667,46.458400000
2363,0.016666667,46.267600000
2364,0.016666667,40.989700000
2365,0.016666667,54.192200000
2366,0.016666667,36.298800000
2367,0.016666667,35.747000000
2368,0.016666667,28.717600000
2369,0.016666667,33.119700000
2370,0.016666667,51.441200000
2371,0.016666667,31.891000000
2372,0.016666667,33.698300000
2373,0.016666667,36.094200000
2374,0.016666667,47.035300000
2375,0.016666667,51.338600000
2376,0.016666667,77.794100000
2377,0.016666667,53.503300000
2378,0.016666667,26.469300000
2379,0.016666667,42.294700000
2380,0.016666667,35.858800000
2381,0.016666667,36.282000000
2382,0.016666667,51.066200000
2383,0.016666667,54.808300000
2384,0.016666667,32.030800000
2385,0.016666667,39.657900000
2386,0.016666667,33.402300000
2387,0.016666667,31.079000000
2388,0.016666667,42.732200000
2389,0.016666667,28.718500000
2390,0.016666667,46.611700000
2391,0.016666667,34.021400000
2392,0.016666667,35.861000000
2393,0.016666667,36.184200000
2394,0.016666667,50.823300000
2395,0.016666667,55.022300000
2396,0.016666667,44.182100000
2397,0.016666667,29.296700000
2398,0.016666667,35.979500000
2399,0.016666667,40.827400000
2400,0.016666667,76.741300000
2401,0.016666667,38.958100000
2402,0.016666667,47.654600000
2403,0.016666667,47.531100000
2404,0.016666667,37.828200000
2405,0.016666667,36.805800000
2406,0.016666667,43.719800000
2407,0.016666667,80.745700000
2408,0.016666667,39.070200000
2409,0.016666667,80.589500000
2410,0.016666667,55.831400000
2411,0.016666667,24.525700000
2412,0.016666667,39.827800000
2413,0.016666667,47.399500000
2414,0.016666667,37.467600000
2415,0.016666667,36.023500000
2416,0.016666667,44.643600000
2417,0.016666667,52.038600000
2418,0.016666667,36.960000000
2419,0.016666667,48.110600000
2420,0.016666667,50.589400000
2421,0.016666667,78.474600000
2422,0.016666667,55.786300000
2423,0.016666667,27.018600000
2424,0.016666667,70.183300000
2425,0.016666667,58.095700000
2426,0.016666667,49.460000000
2427,0.016666667,51.400800000
2428,0.016666667,37.507000000
2429,0.016666667,37.296700000
2430,0.016666667,35.102700000
2431,0.016666667,33.279200000
2432,0.016666667,31.259900000
2433,0.016666667,43.916400000
2434,0.016666667,41.254900000
2435,0.016666667,32.874900000
2436,0.016666667,33.733800000
2437,0.016666667,43.710800000
2438,0.016666667,36.926200000
2439,0.016666667,52.575200000
2440,0.016666667,40.784600000
2441,0.016666667,63.201000000
2442,0.016666667,67.792600000
2443,0.016666667,39.266600000
2444,0.016666667,35.089000000
2445,0.016666667,65.676800000
2446,0.016666667,65.943300000
2447,0.016666667,24.628100000
2448,0.016666667,30.667500000
2449,0.016666667,43.673900000
2450,0.016666667,37.005500000
2451,0.016666667,42.075000000
2452,0.016666667,37.501300000
2453,0.016666667,38.516200000
2454,0.016666667,33.776500000
2455,0.016666667,35.437800000
2456,0.016666667,28.695300000
2457,0.016666667,37.058700000
2458,0.016666667,38.152800000
2459,0.016666667,41.839200000
2460,0.016666667,42.737300000
2461,0.016666667,27.671200000
2462,0.016666667,47.841900000
2463,0.016666667,33.498600000
2464,0.016666667,35.872700000
2465,0.016666667,31.106200000
2466,0.016666667,90.846900000
2467,0.016666667,53.479400000
2468,0.016666667,47.249800000
2469,0.016666667,47.553100000
2470,0.016666667,37.632600000
2471,0.016666667,37.215600000
2472,0.016666667,35.610600000
2473,0.016666667,32.726400000
2474,0.016666667,31.574100000
2475,0.016666667,48.823000000
2476,0.016666667,54.094300000
2477,0.016666667,53.529000000
2478,0.016666667,39.316900000
2479,0.016666667,49.492800000
2480,0.016666667,50.053900000
2481,0.016666667,25.433400000
2482,0.016666667,53.252400000
2483,0.016666667,36.604400000
2484,0.016666667,71.124500000
2485,0.016666667,69.477900000
2486,0.016666667,37.290900000
2487,0.016666667,87.082800000
2488,0.016666667,53.756200000
2489,0.016666667,32.551400000
2490,0.016666667,46.294400000
2491,0.016666667,36.961300000
2492,0.016666667,39.327200000
2493,0.016666667,33.265700000
2494,0.016666667,35.996900000
2495,0.016666667,28.548400000
2496,0.016666667,43.940200000
2497,0.016666667,79.858600000
2498,0.016666667,53.621100000
2499,0.016666667,30.643800000
2500,0.016666667,37.501700000
2501,0.016666667,48.369200000
2502,0.016666667,36.431000000
2503,0.016666667,53.425900000
2504,0.016666667,34.902600000
2505,0.016666667,32.975700000
2506,0.016666667,32.841300000
2507,0.016666667,31.291800000
2508,0.016666667,45.156900000
2509,0.016666667,56.454700000
2510,0.016666667,69.413300000
2511,0.016666667,54.027300000
2512,0.016666667,30.108200000
2513,0.016666667,28.018600000
2514,0.016666667,35.301300000
2515,0.016666667,44.089600000
2516,0.016666667,36.910500000
2517,0.016666667,42.642200000
2518,0.016666667,50.120600000
2519,0.016666667,48.153300000
2520,0.016666667,37.433500000
2521,0.016666667,78.872900000
2522,0.016666667,54.057700000
2523,0.016666667,30.828600000
2524,0.016666667,38.144400000
2525,0.016666667,35.062200000
2526,0.016666667,43.526600000
2527,0.016666667,36.978500000
2528,0.016666667,44.366500000
2529,0.016666667,36.141000000
2530,0.016666667,22.242300000
2531,0.016666667,33.472900000
2532,0.016666667,32.821900000
2533,0.016666667,84.057000000
2534,0.016666667,57.400600000
2535,0.016666667,36.361400000
2536,0.016666667,38.932400000
2537,0.016666667,40.564500000
2538,0.016666667,30.827900000
2539,0.016666667,67.940000000
2540,0.016666667,35.018500000
2541,0.016666667,37.292900000
2542,0.016666667,69.739000000
2543,0.016666667,65.387200000
2544,0.016666667,38.855600000
2545,0.016666667,45.154800000
2546,0.016666667,32.711000000
2547,0.016666667,38.700600000
2548,0.016666667,33.344500000
2549,0.016666667,31.347500000
2550,0.016666667,43.704200000
2551,0.016666667,42.240200000
2552,0.016666667,48.655200000
2553,0.016666667,34.431400000
2554,0.016666667,35.288300000
2555,0.016666667,32.302500000
2556,0.016666667,65.978200000
2557,0.016666667,57.179100000
2558,0.016666667,53.523500000
2559,0.016666667,84.402500000
2560,0.016666667,57.144400000
2561,0.016666667,26.796600000
2562,0.016666667,36.232400000
2563,0.016666667,35.659200000
2564,0.016666667,28.673300000
2565,0.016666667,35.965200000
2566,0.016666667,57.001500000
2567,0.016666667,47.672400000
2568,0.016666667,40.145100000
2569,0.016666667,54.441300000
2570,0.016666667,55.082800000
2571,0.016666667,36.404500000
2572,0.016666667,35.742600000
2573,0.016666667,35.528100000
2574,0.016666667,65.572100000
2575,0.016666667,65.770100000
2576,0.016666667,61.796900000
2577,0.016666667,59.858000000
2578,0.016666667,28.004900000
2579,0.016666667,39.286100000
2580,0.016666667,33.213600000
2581,0.016666667,30.974600000
2582,0.016666667,41.923100000
2583,0.016666667,37.671500000
2584,0.016666667,38.758500000
2585,0.016666667,33.728400000
2586,0.016666667,35.691800000
2587,0.016666667,28.726100000
2588,0.016666667,35.618600000
2589,0.016666667,43.926900000
2590,0.016666667,37.171500000
2591,0.016666667,42.100700000
2592,0.016666667,50.461000000
2593,0.016666667,47.695600000
2594,0.016666667,59.705300000
2595,0.016666667,42.601600000
2596,0.016666667,51.123000000
2597,0.016666667,41.352500000
2598,0.016666667,35.363900000
2599,0.016666667,55.064900000
2600,0.016666667,41.135800000
2601,0.016666667,30.110100000
2602,0.016666667,51.207400000
2603,0.016666667,80.485000000
2604,0.016666667,53.647400000
2605,0.016666667,41.150400000
2606,0.016666667,51.377900000
2607,0.016666667,26.102900000
2608,0.016666667,31.902100000
2609,0.016666667,42.737700000
2610,0.016666667,28.973900000
2611,0.016666667,51.983600000
2612,0.016666667,43.616300000
2613,0.016666667,55.079100000
2614,0.016666667,40.304700000
2615,0.016666667,40.080200000
2616,0.016666667,45.027400000
2617,0.016666667,48.050100000
2618,0.016666667,38.118300000
2619,0.016666667,45.270900000
2620,0.016666667,50.026500000
2621,0.016666667,38.564800000
2622,0.016666667,44.483300000
2623,0.016666667,49.701900000
2624,0.016666667,83.182200000
2625,0.016666667,53.433800000
2626,0.016666667,25.381800000
2627,0.016666667,50.097400000
2628,0.016666667,50.702700000
2629,0.016666667,47.727400000
2630,0.016666667,41.954800000
2631,0.016666667,53.883100000
2632,0.016666667,47.318600000
2633,0.016666667,44.035400000
2634,0.016666667,69.658500000
2635,0.016666667,59.625100000
2636,0.016666667,33.353700000
2637,0.016666667,27.699100000
2638,0.016666667,33.726300000
2639,0.016666667,35.795200000
2640,0.016666667,28.332900000
2641,0.016666667,94.852000000
2642,0.016666667,56.275400000
2643,0.016666667,36.310000000
2644,0.016666667,39.587300000
2645,0.016666667,62.099700000
2646,0.016666667,51.891900000
2647,0.016666667,51.055400000
2648,0.016666667,43.012600000
2649,0.016666667,24.307600000
2650,0.016666667,49.503900000
2651,0.016666667,37.147900000
2652,0.016666667,38.709000000
2653,0.016666667,33.548100000
2654,0.016666667,35.968900000
2655,0.016666667,36.062300000
2656,0.016666667,51.144200000
2657,0.016666667,54.931300000
2658,0.016666667,31.480000000
2659,0.016666667,82.469200000
2660,0.016666667,56.399900000
2661,0.016666667,24.546600000
2662,0.016666667,40.101500000
2663,0.016666667,46.336800000
2664,0.016666667,40.302200000
2665,0.016666667,32.422200000
2666,0.016666667,45.060300000
2667,0.016666667,50.127600000
2668,0.016666667,81.838300000
2669,0.016666667,53.468100000
2670,0.016666667,41.015000000
2671,0.016666667,38.672400000
2672,0.016666667,66.308000000
2673,0.016666667,54.361400000
2674,0.016666667,35.503600000
2675,0.016666667,31.634100000
2676,0.016666667,41.265400000
2677,0.016666667,33.605000000
2678,0.016666667,72.437000000
2679,0.016666667,53.726400000
2680,0.016666667,40.735800000
2681,0.016666667,36.647800000
2682,0.016666667,38.842200000
2683,0.016666667,34.701400000
2684,0.016666667,35.223400000
2685,0.016666667,28.101400000
2686,0.016666667,35.855800000
2687,0.016666667,52.367700000
2688,0.016666667,31.389700000
2689,0.016666667,39.547800000
2690,0.016666667,60.264200000
2691,0.016666667,54.274600000
2692,0.016666667,38.724000000
2693,0.016666667,67.170900000
2694,0.016666667,54.348700000
2695,0.016666667,34.971400000
2696,0.016666667,32.895400000
2697,0.016666667,31.057100000
2698,0.016666667,42.998900000
2699,0.016666667,49.513600000
2700,0.016666667,48.498600000
2701,0.016666667,36.537600000
2702,0.016666667,80.053300000
2703,0.016666667,53.837300000
2704,0.016666667,82.485200000
2705,0.016666667,57.013800000
2706,0.016666667,24.134400000
2707,0.016666667,49.904600000
2708,0.016666667,54.040200000
2709,0.016666667,57.256800000
2710,0.016666667,31.937000000
2711,0.016666667,35.396700000
2712,0.016666667,29.096700000
2713,0.016666667,94.614400000
2714,0.016666667,56.108400000
2715,0.016666667,28.723700000
2716,0.016666667,45.926200000
2717,0.016666667,27.663600000
2718,0.016666667,37.116700000
2719,0.016666667,88.596400000
2720,0.016666667,57.036600000
2721,0.016666667,26.784000000
2722,0.016666667,46.342300000
2723,0.016666667,27.267200000
2724,0.016666667,31.492300000
2725,0.016666667,81.709300000
2726,0.016666667,68.622500000
2727,0.016666667,24.829400000
2728,0.016666667,42.206900000
2729,0.016666667,41.719300000
2730,0.016666667,62.123800000
2731,0.016666667,68.320700000
2732,0.016666667,40.761300000
2733,0.016666667,41.270000000
2734,0.016666667,29.573200000
2735,0.016666667,48.037500000
2736,0.016666667,34.929900000
2737,0.016666667,33.864700000
2738,0.016666667,31.873000000
2739,0.016666667,48.356400000
2740,0.016666667,42.171700000
2741,0.016666667,36.951800000
2742,0.016666667,38.664500000
2743,0.016666667,42.843500000
2744,0.016666667,68.651100000
2745,0.016666667,64.682200000
2746,0.016666667,31.164600000
2747,0.016666667,44.435700000
2748,0.016666667,35.191100000
2749,0.016666667,30.316400000
2750,0.016666667,33.141100000
2751,0.016666667,30.979200000
2752,0.016666667,42.748700000
2753,0.016666667,36.695000000
2754,0.016666667,39.145800000
2755,0.016666667,33.320900000
2756,0.016666667,35.438500000
2757,0.016666667,46.122100000
2758,0.016666667,35.119600000
2759,0.016666667,32.878100000
2760,0.016666667,31.480900000
2761,0.016666667,81.914100000
2762,0.016666667,56.514000000
2763,0.016666667,25.792300000
2764,0.016666667,37.788300000
2765,0.016666667,70.663400000
2766,0.016666667,47.330500000
2767,0.016666667,47.615200000
2768,0.016666667,55.900600000
2769,0.016666667,53.629500000
2770,0.016666667,36.768100000
2771,0.016666667,46.997300000
2772,0.016666667,39.528600000
2773,0.016666667,34.189400000
2774,0.016666667,35.692500000
2775,0.016666667,28.870900000
2776,0.016666667,95.483500000
2777,0.016666667,51.629300000
2778,0.016666667,47.408800000
2779,0.016666667,47.570100000
2780,0.016666667,44.895700000
2781,0.016666667,36.376900000
2782,0.016666667,44.992200000
2783,0.016666667,54.649300000
2784,0.016666667,54.530300000
2785,0.016666667,39.825800000
2786,0.016666667,47.357900000
2787,0.016666667,51.150500000
2788,0.016666667,78.995400000
2789,0.016666667,54.933400000
2790,0.016666667,26.218100000
2791,0.016666667,41.860800000
2792,0.016666667,36.129100000
2793,0.016666667,27.930600000
2794,0.016666667,35.466000000
2795,0.016666667,57.434300000
2796,0.016666667,55.199100000
2797,0.016666667,85.808800000
2798,0.016666667,69.447900000
2799,0.016666667,26.186100000
2800,0.016666667,39.286500000
2801,0.016666667,40.684600000
2802,0.016666667,48.278300000
2803,0.016666667,40.760400000
2804,0.016666667,54.391600000
2805,0.016666667,53.766000000
2806,0.016666667,39.067500000
2807,0.016666667,53.246000000
2808,0.016666667,63.991000000
2809,0.016666667,48.349700000
2810,0.016666667,81.207800000
2811,0.016666667,53.718200000
2812,0.016666667,38.841600000
2813,0.016666667,33.030000000
2814,0.016666667,31.084600000
2815,0.016666667,42.027900000
2816,0.016666667,67.816000000
2817,0.016666667,41.880300000
2818,0.016666667,51.755300000
2819,0.016666667,31.434900000
2820,0.016666667,31.213800000
2821,0.016666667,42.492200000
2822,0.016666667,27.888100000
2823,0.016666667,48.043800000
2824,0.016666667,33.546800000
2825,0.016666667,35.601400000
2826,0.016666667,29.125800000
2827,0.016666667,35.271200000
2828,0.016666667,38.267700000
2829,0.016666667,54.026800000
2830,0.016666667,69.928800000
2831,0.016666667,68.634900000
2832,0.016666667,24.709600000
2833,0.016666667,44.680500000
2834,0.016666667,32.664200000
2835,0.016666667,31.303200000
2836,0.016666667,42.722600000
2837,0.016666667,31.357500000
2838,0.016666667,44.188300000
2839,0.016666667,33.524700000
2840,0.016666667,35.541100000
2841,0.016666667,48.345100000
2842,0.016666667,90.893300000
2843,0.016666667,54.032100000
2844,0.016666667,24.510000000
2845,0.016666667,37.770700000
2846,0.016666667,49.421400000
2847,0.016666667,51.516000000
2848,0.016666667,48.270500000
2849,0.016666667,50.105200000
2850,0.016666667,48.006500000
2851,0.016666667,39.951200000
2852,0.016666667,33.014100000
2853,0.016666667,52.430800000
2854,0.016666667,75.490700000
2855,0.016666667,53.435200000
2856,0.016666667,66.429800000
2857,0.016666667,30.859800000
2858,0.016666667,42.248400000
2859,0.016666667,39.125800000
2860,0.016666667,46.686300000
2861,0.016666667,60.953500000
2862,0.016666667,59.140000000
2863,0.016666667,27.871500000
2864,0.016666667,71.881800000
2865,0.016666667,53.464800000
2866,0.016666667,30.404400000
2867,0.016666667,43.597600000
2868,0.016666667,42.137200000
2869,0.016666667,48.726000000
2870,0.016666667,49.735700000
2871,0.016666667,51.264900000
2872,0.016666667,47.956200000
2873,0.016666667,30.210900000
2874,0.016666667,27.539000000
2875,0.016666667,44.229500000
2876,0.016666667,48.682700000
2877,0.016666667,39.173700000
2878,0.016666667,95.114000000
2879,0.016666667,55.798900000
2880,0.016666667,44.348000000
2881,0.016666667,47.652400000
2882,0.016666667,54.647000000
2883,0.016666667,37.944700000
2884,0.016666667,89.241200000
2885,0.016666667,53.180200000
2886,0.016666667,35.636400000
2887,0.016666667,69.565800000
2888,0.016666667,78.702500000
2889,0.016666667,23.755100000
2890,0.016666667,33.590900000
2891,0.016666667,56.860600000
2892,0.016666667,31.296000000
2893,0.016666667,36.728400000
2894,0.016666667,24.095600000
2895,0.016666667,33.640100000
2896,0.016666667,50.992000000
2897,0.016666667,35.383000000
2898,0.016666667,28.827400000
2899,0.016666667,94.648500000
2900,0.016666667,57.099600000
2901,0.016666667,23.933000000
2902,0.016666667,49.300000000
2903,0.016666667,57.445900000
2904,0.016666667,48.502700000
2905,0.016666667,67.574400000
2906,0.016666667,69.362700000
2907,0.016666667,27.902200000
2908,0.016666667,39.934600000
2909,0.016666667,32.613600000
2910,0.016666667,58.599100000
2911,0.016666667,47.889500000
2912,0.016666667,37.306300000
2913,0.016666667,37.857700000
2914,0.016666667,34.931100000
2915,0.016666667,32.994500000
2916,0.016666667,30.990500000
2917,0.016666667,49.240200000
2918,0.016666667,65.955800000
2919,0.016666667,53.594500000
2920,0.016666667,40.526500000
2921,0.016666667,28.414300000
2922,0.016666667,31.201500000
2923,0.016666667,33.437300000
2924,0.016666667,43.801100000
2925,0.016666667,45.126000000
2926,0.016666667,47.650600000
2927,0.016666667,57.297900000
2928,0.016666667,24.493800000
2929,0.016666667,39.740500000
2930,0.016666667,49.272200000
2931,0.016666667,38.948300000
2932,0.016666667,95.085800000
2933,0.016666667,36.568600000
2934,0.016666667,46.534800000
2935,0.016666667,35.904800000
2936,0.016666667,78.844200000
2937,0.016666667,54.350500000
2938,0.016666667,38.663300000
2939,0.016666667,33.426100000
2940,0.016666667,42.451700000
2941,0.016666667,47.324700000
2942,0.016666667,30.043100000
2943,0.016666667,28.132300000
2944,0.016666667,36.424800000
2945,0.016666667,34.312500000
2946,0.016666667,45.478100000
2947,0.016666667,43.068600000
2948,0.016666667,67.785600000
2949,0.016666667,40.814000000
2950,0.016666667,79.985700000
2951,0.016666667,59.417700000
2952,0.016666667,32.839400000
2953,0.016666667,41.665200000
2954,0.016666667,54.098000000
2955,0.016666667,53.583800000
2956,0.016666667,36.779300000
2957,0.016666667,37.291400000
2958,0.016666667,40.441300000
2959,0.016666667,30.897000000
2960,0.016666667,35.102400000
2961,0.016666667,28.884900000
2962,0.016666667,43.311300000
2963,0.016666667,80.709200000
2964,0.016666667,53.815800000
2965,0.016666667,29.799100000
2966,0.016666667,38.343500000
2967,0.016666667,48.268200000
2968,0.016666667,47.312800000
2969,0.016666667,51.015700000
2970,0.016666667,48.102000000
2971,0.016666667,37.565500000
2972,0.016666667,78.858000000
2973,0.016666667,53.483500000
2974,0.016666667,32.082400000
2975,0.016666667,56.087800000
2976,0.016666667,45.416100000
2977,0.016666667,37.066600000
2978,0.016666667,57.111100000
2979,0.016666667,37.504800000
2980,0.016666667,96.255100000
2981,0.016666667,23.799100000
2982,0.016666667,35.551900000
2983,0.016666667,82.041400000
2984,0.016666667,65.638300000
2985,0.016666667,24.468200000
2986,0.016666667,31.932100000
2987,0.016666667,55.905700000
2988,0.016666667,48.128400000
2989,0.016666667,45.496000000
2990,0.016666667,57.798900000
2991,0.016666667,57.823100000
2992,0.016666667,27.626100000
2993,0.016666667,37.269300000
2994,0.016666667,94.105800000
2995,0.016666667,56.108400000
2996,0.016666667,24.593100000
2997,0.016666667,49.697000000
2998,0.016666667,37.832100000
2999,0.016666667,38.841900000
3000,0.016666667,34.749300000
3001,0.016666667,34.746600000
3002,0.016666667,28.647900000
3003,0.016666667,36.002700000
3004,0.016666667,37.470400000
3005,0.016666667,42.619900000
3006,0.016666667,42.094900000
3007,0.016666667,50.576800000
3008,0.016666667,51.243600000
3009,0.016666667,41.669100000
3010,0.016666667,35.193900000
3011,0.016666667,28.910900000
3012,0.016666667,106.527800000
3013,0.016666667,57.271300000
3014,0.016666667,26.793900000
3015,0.016666667,36.335500000
3016,0.016666667,68.863000000
3017,0.016666667,78.581000000
3018,0.016666667,30.000000000
3019,0.016666667,46.670800000
3020,0.016666667,35.684800000
3021,0.016666667,32.487600000
3022,0.016666667,30.191900000
3023,0.016666667,42.309400000
3024,0.016666667,33.707600000
3025,0.016666667,65.825500000
3026,0.016666667,53.976200000
3027,0.016666667,36.318600000
3028,0.016666667,46.493000000
3029,0.016666667,54.272400000
3030,0.016666667,35.902700000
3031,0.016666667,35.638700000
3032,0.016666667,29.177700000
3033,0.016666667,37.226500000
3034,0.016666667,71.073100000
3035,0.016666667,47.060700000
3036,0.016666667,38.212200000
3037,0.016666667,54.765800000
3038,0.016666667,46.283200000
3039,0.016666667,29.929100000
3040,0.016666667,42.288500000
3041,0.016666667,39.683100000
3042,0.016666667,45.340100000
3043,0.016666667,42.533500000
3044,0.016666667,53.558700000
3045,0.016666667,66.881500000
3046,0.016666667,69.858700000
3047,0.016666667,23.820600000
3048,0.016666667,43.291300000
3049,0.016666667,32.154100000
3050,0.016666667,59.049300000
3051,0.016666667,47.881000000
3052,0.016666667,30.291500000
3053,0.016666667,27.490300000
3054,0.016666667,35.267600000
3055,0.016666667,33.001000000
3056,0.016666667,48.338000000
3057,0.016666667,42.557700000
3058,0.016666667,27.378900000
3059,0.016666667,48.338200000
3060,0.016666667,33.684900000
3061,0.016666667,35.061600000
3062,0.016666667,29.393000000
3063,0.016666667,35.411100000
3064,0.016666667,43.924500000
3065,0.016666667,47.573700000
3066,0.016666667,36.671300000
3067,0.016666667,53.461800000
3068,0.016666667,34.961400000
3069,0.016666667,93.238000000
3070,0.016666667,70.438100000
3071,0.016666667,24.872900000
3072,0.016666667,50.396800000
3073,0.016666667,27.564300000
3074,0.016666667,32.482300000
3075,0.016666667,33.889400000
3076,0.016666667,35.741000000
3077,0.016666667,28.469300000
3078,0.016666667,49.903200000
3079,0.016666667,35.193200000
3080,0.016666667,39.560100000
3081,0.016666667,32.412500000
3082,0.016666667,32.829800000
3083,0.016666667,40.429000000
3084,0.016666667,97.419000000
3085,0.016666667,56.422500000
3086,0.016666667,23.859200000
3087,0.016666667,50.321300000
3088,0.016666667,37.683900000
3089,0.016666667,38.754400000
3090,0.016666667,33.959300000
3091,0.016666667,35.262700000
3092,0.016666667,28.630200000
3093,0.016666667,37.006800000
3094,0.016666667,42.727000000
3095,0.016666667,36.700400000
3096,0.016666667,43.306100000
3097,0.016666667,36.408800000
3098,0.016666667,44.613600000
3099,0.016666667,50.683500000
3100,0.016666667,27.043900000
3101,0.016666667,31.326000000
3102,0.016666667,42.510800000
3103,0.016666667,32.503600000
3104,0.016666667,48.995600000
3105,0.016666667,84.421900000
3106,0.016666667,36.423100000
3107,0.016666667,45.951400000
3108,0.016666667,37.187400000
3109,0.016666667,53.038200000
3110,0.016666667,37.231600000
3111,0.016666667,33.338400000
3112,0.016666667,35.527500000
3113,0.016666667,28.744300000
3114,0.016666667,94.760500000
3115,0.016666667,42.201600000
3116,0.016666667,33.864100000
3117,0.016666667,34.112500000
3118,0.016666667,76.082000000
3119,0.016666667,46.423400000
3120,0.016666667,41.482300000
3121,0.016666667,34.716000000
3122,0.016666667,29.133400000
3123,0.016666667,36.448300000
3124,0.016666667,56.016400000
3125,0.016666667,47.769100000
3126,0.016666667,41.910900000
3127,0.016666667,50.912900000
3128,0.016666667,48.100000000
3129,0.016666667,42.430300000
3130,0.016666667,39.928500000
3131,0.016666667,49.250000000
3132,0.016666667,47.587200000
3133,0.016666667,55.303500000
3134,0.016666667,65.826200000
3135,0.016666667,36.985500000
3136,0.016666667,35.399700000
3137,0.016666667,29.051600000
3138,0.016666667,95.293600000
3139,0.016666667,70.525200000
3140,0.016666667,24.756600000
3141,0.016666667,51.100600000
3142,0.016666667,37.229800000
3143,0.016666667,45.067900000
3144,0.016666667,50.442000000
3145,0.016666667,55.051700000
3146,0.016666667,31.974700000
3147,0.016666667,82.964400000
3148,0.016666667,56.356900000
3149,0.016666667,24.143200000
3150,0.016666667,50.256700000
3151,0.016666667,28.063200000
3152,0.016666667,30.903200000
3153,0.016666667,33.945200000
3154,0.016666667,43.765900000
3155,0.016666667,37.137000000
3156,0.016666667,36.307200000
3157,0.016666667,32.132500000
3158,0.016666667,31.588400000
3159,0.016666667,42.275300000
3160,0.016666667,45.198800000
3161,0.016666667,39.184300000
3162,0.016666667,48.865600000
3163,0.016666667,50.894400000
3164,0.016666667,37.363200000
3165,0.016666667,78.827000000
3166,0.016666667,58.947000000
3167,0.016666667,28.948300000
3168,0.016666667,37.481600000
3169,0.016666667,35.725400000
3170,0.016666667,28.581500000
3171,0.016666667,36.413700000
3172,0.016666667,74.434100000
3173,0.016666667,48.781400000
3174,0.016666667,37.494900000
3175,0.016666667,47.962900000
3176,0.016666667,40.655000000
3177,0.016666667,33.396900000
3178,0.016666667,52.738900000
3179,0.016666667,39.332300000
3180,0.016666667,30.428900000
3181,0.016666667,37.646400000
3182,0.016666667,48.044800000
3183,0.016666667,35.428600000
3184,0.016666667,54.241200000
3185,0.016666667,34.848900000
3186,0.016666667,32.984900000
3187,0.016666667,33.146500000
3188,0.016666667,31.209000000
3189,0.016666667,43.182300000
3190,0.016666667,32.915300000
3191,0.016666667,41.925800000
3192,0.016666667,50.601600000
3193,0.016666667,35.611200000
3194,0.016666667,28.879000000
3195,0.016666667,35.680600000
3196,0.016666667,43.954000000
3197,0.016666667,36.786600000
3198,0.016666667,35.114300000
3199,0.016666667,47.326800000
3200,0.016666667,49.507200000
3201,0.016666667,34.184500000
3202,0.016666667,46.914900000
3203,0.016666667,49.824500000
3204,0.016666667,35.401100000
3205,0.016666667,81.713700000
3206,0.016666667,35.379900000
3207,0.016666667,83.409200000
3208,0.016666667,71.001400000
3209,0.016666667,24.562700000
3210,0.016666667,40.396600000
3211,0.016666667,33.795100000
3212,0.016666667,30.774000000
3213,0.016666667,43.559800000
3214,0.016666667,49.254300000
3215,0.016666667,47.959000000
3216,0.016666667,44.175700000
3217,0.016666667,55.703600000
3218,0.016666667,43.043200000
3219,0.016666667,80.895700000
3220,0.016666667,53.969500000
3221,0.016666667,27.147900000
3222,0.016666667,39.369300000
3223,0.016666667,36.101500000
3224,0.016666667,28.512700000
3225,0.016666667,67.002400000
3226,0.016666667,42.066100000
3227,0.016666667,47.794700000
3228,0.016666667,60.114000000
3229,0.016666667,34.830600000
3230,0.016666667,27.086600000
3231,0.016666667,39.703600000
3232,0.016666667,35.174100000
3233,0.016666667,53.563000000
3234,0.016666667,50.684500000
3235,0.016666667,37.631000000
3236,0.016666667,37.719400000
3237,0.016666667,35.310900000
3238,0.016666667,32.921300000
3239,0.016666667,30.338200000
3240,0.016666667,68.594100000
3241,0.016666667,56.694000000
3242,0.016666667,58.547100000
3243,0.016666667,34.811300000
3244,0.016666667,35.461200000
3245,0.016666667,29.096700000
3246,0.016666667,35.287800000
3247,0.016666667,40.299700000
3248,0.016666667,48.035200000
3249,0.016666667,40.669600000
3250,0.016666667,53.764900000
3251,0.016666667,55.452300000
3252,0.016666667,54.690300000
3253,0.016666667,55.733400000
3254,0.016666667,65.558200000
3255,0.016666667,35.397100000
3256,0.016666667,35.480900000
3257,0.016666667,29.082400000
3258,0.016666667,36.301900000
3259,0.016666667,32.385500000
3260,0.016666667,58.836200000
3261,0.016666667,47.394700000
3262,0.016666667,54.476500000
3263,0.016666667,40.290000000
3264,0.016666667,90.020500000
3265,0.016666667,54.563600000
3266,0.016666667,31.330200000
3267,0.016666667,38.492800000
3268,0.016666667,47.802800000
3269,0.016666667,49.411600000
3270,0.016666667,80.794800000
3271,0.016666667,53.791200000
3272,0.016666667,43.867100000
3273,0.016666667,25.513200000
3274,0.016666667,75.172100000
3275,0.016666667,54.253900000
3276,0.016666667,36.422200000
3277,0.016666667,33.075400000
3278,0.016666667,31.408000000
3279,0.016666667,42.438800000
3280,0.016666667,37.022000000
3281,0.016666667,39.018300000
3282,0.016666667,33.348600000
3283,0.016666667,36.590500000
3284,0.016666667,44.595100000
3285,0.016666667,36.382200000
3286,0.016666667,32.219400000
3287,0.016666667,59.413400000
3288,0.016666667,70.055200000
3289,0.016666667,69.024700000
3290,0.016666667,28.881000000
3291,0.016666667,40.148200000
3292,0.016666667,32.248600000
3293,0.016666667,31.186500000
3294,0.016666667,42.250200000
3295,0.016666667,51.677900000
3296,0.016666667,37.375600000
3297,0.016666667,83.939600000
3298,0.016666667,68.148900000
3299,0.016666667,24.006000000
3300,0.016666667,45.714300000
3301,0.016666667,32.126900000
3302,0.016666667,31.334100000
3303,0.016666667,47.851700000
3304,0.016666667,59.544900000
3305,0.016666667,39.221600000
3306,0.016666667,40.203800000
3307,0.016666667,46.211400000
3308,0.016666667,49.687600000
3309,0.016666667,36.369400000
3310,0.016666667,45.857100000
3311,0.016666667,50.508300000
3312,0.016666667,34.125600000
3313,0.016666667,33.033800000
3314,0.016666667,34.860800000
3315,0.016666667,33.759600000
3316,0.016666667,35.758000000
3317,0.016666667,28.928200000
3318,0.016666667,94.662500000
3319,0.016666667,56.660300000
3320,0.016666667,28.088500000
3321,0.016666667,45.953300000
3322,0.016666667,27.585000000
3323,0.016666667,31.362500000
3324,0.016666667,34.580100000
3325,0.016666667,60.729000000
3326,0.016666667,32.670000000
3327,0.016666667,38.991400000
3328,0.016666667,33.539100000
3329,0.016666667,31.410300000
3330,0.016666667,42.007500000
3331,0.016666667,28.936800000
3332,0.016666667,30.472500000
3333,0.016666667,33.835200000
3334,0.016666667,43.822800000
3335,0.016666667,36.968000000
3336,0.016666667,35.557900000
3337,0.016666667,33.146700000
3338,0.016666667,30.840300000
3339,0.016666667,42.403000000
3340,0.016666667,37.431000000
3341,0.016666667,38.617600000
3342,0.016666667,33.897300000
3343,0.016666667,35.970700000
3344,0.016666667,62.212100000
3345,0.016666667,64.421300000
3346,0.016666667,37.358200000
3347,0.016666667,32.458200000
3348,0.016666667,34.388700000
3349,0.016666667,43.577400000
3350,0.016666667,37.171200000
3351,0.016666667,35.804900000
3352,0.016666667,32.625200000
3353,0.016666667,58.683900000
3354,0.016666667,47.953700000
3355,0.016666667,62.174500000
3356,0.016666667,33.376900000
3357,0.016666667,91.273700000
3358,0.016666667,51.370100000
3359,0.016666667,46.705500000
3360,0.016666667,30.317400000
3361,0.016666667,64.698300000
3362,0.016666667,34.669900000
3363,0.016666667,44.667500000
3364,0.016666667,46.895400000
3365,0.016666667,59.542400000
3366,0.016666667,27.447700000
3367,0.016666667,91.955300000
3368,0.016666667,56.637000000
3369,0.016666667,93.218000000
3370,0.016666667,36.906000000
3371,0.016666667,46.154300000
3372,0.016666667,29.487700000
3373,0.016666667,43.588600000
3374,0.016666667,34.213900000
3375,0.016666667,34.139800000
3376,0.016666667,32.695400000
3377,0.016666667,47.966800000
3378,0.016666667,41.792800000
3379,0.016666667,27.389000000
3380,0.016666667,32.170900000
3381,0.016666667,33.842900000
3382,0.016666667,61.688400000
3383,0.016666667,32.366100000
3384,0.016666667,47.344200000
3385,0.016666667,48.990800000
3386,0.016666667,37.909100000
3387,0.016666667,81.500800000
3388,0.016666667,57.372900000
3389,0.016666667,40.904200000
3390,0.016666667,47.791200000
3391,0.016666667,51.001600000
3392,0.016666667,51.505100000
3393,0.016666667,46.565500000
3394,0.016666667,25.846100000
3395,0.016666667,34.645200000
3396,0.016666667,80.546100000
3397,0.016666667,66.029900000
3398,0.016666667,36.443000000
3399,0.016666667,89.768800000
3400,0.016666667,53.739500000
3401,0.016666667,24.194300000
3402,0.016666667,32.689500000
3403,0.016666667,48.250500000
3404,0.016666667,44.402700000
3405,0.016666667,47.852600000
3406,0.016666667,37.244400000
3407,0.016666667,44.998300000
3408,0.016666667,46.136000000
3409,0.016666667,41.466300000
3410,0.016666667,53.516000000
3411,0.016666667,36.652900000
3412,0.016666667,35.419900000
3413,0.016666667,28.577200000
3414,0.016666667,36.163600000
3415,0.016666667,43.330300000
3416,0.016666667,37.321400000
3417,0.016666667,48.871300000
3418,0.016666667,60.796100000
3419,0.016666667,42.554100000
3420,0.016666667,34.886300000
3421,0.016666667,46.170800000
3422,0.016666667,50.301100000
3423,0.016666667,78.620200000
3424,0.016666667,64.348000000
3425,0.016666667,32.390200000
3426,0.016666667,43.091800000
3427,0.016666667,32.822300000
3428,0.016666667,31.252200000
3429,0.016666667,42.354900000
3430,0.016666667,67.521300000
3431,0.016666667,59.075000000
3432,0.016666667,32.919600000
3433,0.016666667,35.302800000
3434,0.016666667,29.391200000
3435,0.016666667,35.399800000
3436,0.016666667,56.927600000
3437,0.016666667,47.721500000
3438,0.016666667,41.024500000
3439,0.016666667,54.277200000
3440,0.016666667,54.768000000
3441,0.016666667,53.509800000
3442,0.016666667,56.988700000
3443,0.016666667,66.253000000
3444,0.016666667,34.535700000
3445,0.016666667,35.428000000
3446,0.016666667,29.049200000
3447,0.016666667,36.092700000
3448,0.016666667,32.701700000
3449,0.016666667,58.508100000
3450,0.016666667,50.469800000
3451,0.016666667,67.748300000
3452,0.016666667,65.624900000
3453,0.016666667,29.892800000
3454,0.016666667,44.687400000
3455,0.016666667,35.050500000
3456,0.016666667,32.157800000
3457,0.016666667,55.505600000
3458,0.016666667,51.632300000
3459,0.016666667,47.421300000
3460,0.016666667,32.450900000
3461,0.016666667,25.651000000
3462,0.016666667,36.763500000
3463,0.016666667,65.937800000
3464,0.016666667,46.844700000
3465,0.016666667,43.142800000
3466,0.016666667,36.661100000
3467,0.016666667,39.452700000
3468,0.016666667,43.162100000
3469,0.016666667,41.774100000
3470,0.016666667,29.072400000
3471,0.016666667,35.470600000
3472,0.016666667,32.694500000
3473,0.016666667,31.518800000
3474,0.016666667,58.413500000
3475,0.016666667,53.135900000
3476,0.016666667,53.621200000
3477,0.016666667,65.060000000
3478,0.016666667,66.325700000
3479,0.016666667,24.350100000
3480,0.016666667,31.548700000
3481,0.016666667,33.971900000
3482,0.016666667,46.506700000
3483,0.016666667,42.052300000
3484,0.016666667,37.341900000
3485,0.016666667,38.678200000
3486,0.016666667,81.122800000
3487,0.016666667,71.400100000
3488,0.016666667,25.059700000
3489,0.016666667,39.290800000
3490,0.016666667,33.175600000
3491,0.016666667,31.567700000
3492,0.016666667,41.638100000
3493,0.016666667,37.700500000
3494,0.016666667,39.011500000
3495,0.016666667,33.352100000
3496,0.016666667,35.407400000
3497,0.016666667,53.142800000
3498,0.016666667,39.223800000
3499,0.016666667,72.712500000
3500,0.016666667,53.618400000
3501,0.016666667,30.997800000
3502,0.016666667,55.172900000
3503,0.016666667,47.853500000
3504,0.016666667,41.659600000
3505,0.016666667,53.672400000
3506,0.016666667,53.504000000
3507,0.016666667,37.792900000
3508,0.016666667,39.262000000
3509,0.016666667,32.109100000
3510,0.016666667,65.341700000
3511,0.016666667,58.021700000
3512,0.016666667,35.290900000
3513,0.016666667,40.122400000
3514,0.016666667,56.690200000
3515,0.016666667,53.358600000
3516,0.016666667,36.831300000
3517,0.016666667,40.089400000
3518,0.016666667,30.123300000
3519,0.016666667,31.223100000
3520,0.016666667,50.121900000
3521,0.016666667,64.681900000
3522,0.016666667,41.115800000
3523,0.016666667,32.724700000
3524,0.016666667,42.162000000
3525,0.016666667,47.614100000
3526,0.016666667,37.726800000
3527,0.016666667,37.052600000
3528,0.016666667,36.531300000
3529,0.016666667,32.193300000
3530,0.016666667,31.108500000
3531,0.016666667,52.556700000
3532,0.016666667,57.140700000
3533,0.016666667,57.930600000
3534,0.016666667,42.262400000
3535,0.016666667,36.147800000
3536,0.016666667,38.556700000
3537,0.016666667,34.169900000
3538,0.016666667,35.726800000
3539,0.016666667,45.214600000
3540,0.016666667,35.756600000
3541,0.016666667,32.622000000
3542,0.016666667,47.895600000
3543,0.016666667,42.495800000
3544,0.016666667,28.984400000
3545,0.016666667,30.406000000
3546,0.016666667,33.817500000
3547,0.016666667,47.473900000
3548,0.016666667,32.260200000
3549,0.016666667,55.577300000
3550,0.016666667,27.027900000
3551,0.016666667,33.664400000
3552,0.016666667,43.259800000
3553,0.016666667,31.243800000
3554,0.016666667,45.336900000
3555,0.016666667,33.461700000
3556,0.016666667,46.896800000
3557,0.016666667,47.980100000
3558,0.016666667,60.159700000
3559,0.016666667,28.032700000
3560,0.016666667,31.330500000
3561,0.016666667,42.524600000
3562,0.016666667,30.574100000
3563,0.016666667,44.879100000
3564,0.016666667,33.683500000
3565,0.016666667,35.498800000
3566,0.016666667,28.947800000
3567,0.016666667,35.823700000
3568,0.016666667,40.660000000
3569,0.016666667,40.163800000
3570,0.016666667,42.048800000
3571,0.016666667,28.123000000
3572,0.016666667,47.841400000
3573,0.016666667,80.609300000
3574,0.016666667,68.766500000
3575,0.016666667,23.988000000
3576,0.016666667,43.883000000
3577,0.016666667,33.083200000
3578,0.016666667,31.277700000
3579,0.016666667,42.246300000
3580,0.016666667,68.483100000
3581,0.016666667,42.094800000
3582,0.016666667,50.940800000
3583,0.016666667,31.336600000
3584,0.016666667,31.588200000
3585,0.016666667,42.257700000
3586,0.016666667,36.787200000
3587,0.016666667,38.639300000
3588,0.016666667,34.517500000
3589,0.016666667,51.829600000
3590,0.016666667,28.578700000
3591,0.016666667,35.998500000
3592,0.016666667,32.464600000
3593,0.016666667,49.953400000
3594,0.016666667,78.779900000
3595,0.016666667,53.521900000
3596,0.016666667,27.922700000
3597,0.016666667,39.630900000
3598,0.016666667,35.602500000
3599,0.016666667,45.327100000
3600,0.016666667,36.255800000
3601,0.016666667,32.263500000
3602,0.016666667,30.952100000
3603,0.016666667,42.706000000
3604,0.016666667,38.675800000
3605,0.016666667,49.740800000
3606,0.016666667,45.488800000
3607,0.016666667,36.156900000
3608,0.016666667,37.327500000
3609,0.016666667,42.804600000
3610,0.016666667,29.317700000
3611,0.016666667,51.666500000
3612,0.016666667,60.372900000
3613,0.016666667,41.514500000
3614,0.016666667,51.564100000
3615,0.016666667,41.306100000
3616,0.016666667,46.507300000
3617,0.016666667,48.161400000
3618,0.016666667,60.161400000
3619,0.016666667,27.799900000
3620,0.016666667,31.159800000
3621,0.016666667,42.687400000
3622,0.016666667,28.288800000
3623,0.016666667,47.410900000
3624,0.016666667,33.659900000
3625,0.016666667,44.167700000
3626,0.016666667,37.059500000
3627,0.016666667,36.650600000
3628,0.016666667,51.273200000
3629,0.016666667,30.475200000
3630,0.016666667,33.618400000
3631,0.016666667,77.000100000
3632,0.016666667,33.701400000
3633,0.016666667,68.602700000
3634,0.016666667,68.990400000
3635,0.016666667,28.885400000
3636,0.016666667,38.963200000
3637,0.016666667,33.251200000
3638,0.016666667,31.393900000
3639,0.016666667,42.314200000
3640,0.016666667,37.231400000
3641,0.016666667,38.597800000
3642,0.016666667,33.816600000
3643,0.016666667,35.597900000
3644,0.016666667,29.180000000
3645,0.016666667,35.506300000
3646,0.016666667,35.553600000
3647,0.016666667,44.852500000
3648,0.016666667,41.939700000
3649,0.016666667,37.947300000
3650,0.016666667,38.362900000
3651,0.016666667,34.019600000
3652,0.016666667,35.720300000
3653,0.016666667,36.829300000
3654,0.016666667,39.613900000
3655,0.016666667,71.217800000
3656,0.016666667,53.838400000
3657,0.016666667,44.939600000
3658,0.016666667,56.838900000
3659,0.016666667,54.875500000
3660,0.016666667,46.011600000
3661,0.016666667,36.893700000
3662,0.016666667,38.725600000
3663,0.016666667,63.391000000
3664,0.016666667,71.846200000
3665,0.016666667,25.827800000
3666,0.016666667,40.859500000
3667,0.016666667,31.471400000
3668,0.016666667,59.758400000
3669,0.016666667,70.839400000
3670,0.016666667,69.048800000
3671,0.016666667,39.526000000
3672,0.016666667,43.390900000
3673,0.016666667,54.364700000
3674,0.016666667,43.126200000
3675,0.016666667,44.620100000
3676,0.016666667,40.966500000
3677,0.016666667,50.652300000
3678,0.016666667,38.549600000
3679,0.016666667,42.175800000
3680,0.016666667,48.964200000
3681,0.016666667,37.731400000
3682,0.016666667,46.378900000
3683,0.016666667,49.188400000
3684,0.016666667,84.485000000
3685,0.016666667,47.956800000
3686,0.016666667,43.248300000
3687,0.016666667,37.016700000
3688,0.016666667,79.839100000
3689,0.016666667,55.286200000
3690,0.016666667,39.228100000
3691,0.016666667,57.092000000
3692,0.016666667,52.218700000
3693,0.016666667,34.992800000
3694,0.016666667,40.547900000
3695,0.016666667,60.872600000
3696,0.016666667,33.248600000
3697,0.016666667,48.910400000
3698,0.016666667,63.963200000
3699,0.016666667,42.978600000
3700,0.016666667,30.941000000
3701,0.016666667,31.614500000
3702,0.016666667,42.635200000
3703,0.016666667,36.702000000
3704,0.016666667,38.636600000
3705,0.016666667,34.464300000
3706,0.016666667,83.537200000
3707,0.016666667,53.441900000
3708,0.016666667,29.735000000
3709,0.016666667,31.715300000
3710,0.016666667,31.425900000
3711,0.016666667,41.980200000
3712,0.016666667,37.597800000
3713,0.016666667,39.039900000
3714,0.016666667,80.181500000
3715,0.016666667,69.105300000
3716,0.016666667,34.833500000
3717,0.016666667,35.835600000
3718,0.016666667,77.106400000
3719,0.016666667,54.729100000
3720,0.016666667,39.217600000
3721,0.016666667,36.297900000
3722,0.016666667,38.979500000
3723,0.016666667,33.600300000
3724,0.016666667,35.410400000
3725,0.016666667,29.146300000
3726,0.016666667,35.511600000
3727,0.016666667,67.022000000
3728,0.016666667,51.098700000
3729,0.016666667,78.883600000
3730,0.016666667,71.821200000
3731,0.016666667,36.248900000
3732,0.016666667,43.932900000
3733,0.016666667,55.077100000
3734,0.016666667,53.374100000
3735,0.016666667,36.843000000
3736,0.016666667,48.623300000
3737,0.016666667,40.659900000
3738,0.016666667,42.190100000
3739,0.016666667,82.069700000
3740,0.016666667,37.424000000
3741,0.016666667,31.818200000
3742,0.016666667,64.434300000
3743,0.016666667,35.786600000
3744,0.016666667,78.350900000
3745,0.016666667,57.049200000
3746,0.016666667,30.290800000
3747,0.016666667,38.965000000
3748,0.016666667,44.939000000
3749,0.016666667,54.767700000
3750,0.016666667,33.544300000
3751,0.016666667,44.581900000
3752,0.016666667,64.712800000
3753,0.016666667,37.039300000
3754,0.016666667,52.744000000
3755,0.016666667,35.198100000
3756,0.016666667,33.539700000
3757,0.016666667,32.005500000
3758,0.016666667,38.762200000
3759,0.016666667,83.178500000
3760,0.016666667,36.387400000
3761,0.016666667,35.837500000
3762,0.016666667,36.825900000
3763,0.016666667,33.897200000
3764,0.016666667,34.892700000
3765,0.016666667,31.334700000
3766,0.016666667,35.876000000
3767,0.016666667,43.617800000
3768,0.016666667,49.857900000
3769,0.016666667,45.925900000
3770,0.016666667,37.545500000
3771,0.016666667,36.820500000
3772,0.016666667,37.190500000
3773,0.016666667,31.672600000
3774,0.016666667,48.216400000
3775,0.016666667,43.246900000
3776,0.016666667,35.774700000
3777,0.016666667,44.461500000
3778,0.016666667,52.293700000
3779,0.016666667,36.520600000
3780,0.016666667,37.493600000
3781,0.016666667,42.574600000
3782,0.016666667,66.700300000
3783,0.016666667,42.401800000
3784,0.016666667,51.356100000
3785,0.016666667,41.566800000
3786,0.016666667,48.491900000
3787,0.016666667,48.716900000
3788,0.016666667,37.076700000
3789,0.016666667,38.921100000
3790,0.016666667,81.567700000
3791,0.016666667,71.301800000
3792,0.016666667,25.142200000
3793,0.016666667,40.402100000
3794,0.016666667,31.390300000
3795,0.016666667,47.703800000
3796,0.016666667,43.387900000
3797,0.016666667,36.505100000
3798,0.016666667,44.708100000
3799,0.016666667,38.499800000
3800,0.016666667,71.291700000
3801,0.016666667,54.678800000
3802,0.016666667,32.020600000
3803,0.016666667,31.819900000
3804,0.016666667,34.364000000
3805,0.016666667,80.900400000
3806,0.016666667,54.192700000
3807,0.016666667,26.732300000
3808,0.016666667,30.269700000
3809,0.016666667,37.146000000
3810,0.016666667,34.964900000
3811,0.016666667,80.401300000
3812,0.016666667,68.333400000
3813,0.016666667,28.915300000
3814,0.016666667,40.468100000
3815,0.016666667,31.999500000
3816,0.016666667,31.208100000
3817,0.016666667,59.530500000
3818,0.016666667,36.611800000
3819,0.016666667,38.412000000
3820,0.016666667,34.780700000
3821,0.016666667,44.193000000
3822,0.016666667,43.548200000
3823,0.016666667,35.946200000
3824,0.016666667,80.777200000
3825,0.016666667,53.531500000
3826,0.016666667,27.896900000
3827,0.016666667,31.853000000
3828,0.016666667,43.661900000
3829,0.016666667,93.499300000
3830,0.016666667,53.776000000
3831,0.016666667,34.149000000
3832,0.016666667,38.676000000
3833,0.016666667,31.494000000
3834,0.016666667,33.141400000
3835,0.016666667,35.190200000
3836,0.016666667,47.612000000
3837,0.016666667,49.800100000
3838,0.016666667,36.431100000
3839,0.016666667,47.905300000
3840,0.016666667,50.461600000
3841,0.016666667,78.883600000
3842,0.016666667,54.264300000
3843,0.016666667,40.455800000
3844,0.016666667,36.645500000
3845,0.016666667,79.625600000
3846,0.016666667,53.751600000
3847,0.016666667,55.647200000
3848,0.016666667,55.468300000
3849,0.016666667,40.877500000
3850,0.016666667,40.007400000
3851,0.016666667,44.740800000
3852,0.016666667,62.277700000
3853,0.016666667,37.077500000
3854,0.016666667,58.314300000
3855,0.016666667,39.120700000
3856,0.016666667,82.642500000
3857,0.016666667,37.329800000
3858,0.016666667,46.117700000
3859,0.016666667,46.978000000
3860,0.016666667,55.394700000
3861,0.016666667,43.783600000
3862,0.016666667,45.824600000
3863,0.016666667,46.512400000
3864,0.016666667,45.156400000
3865,0.016666667,30.014000000
3866,0.016666667,42.276300000
3867,0.016666667,39.948300000
3868,0.016666667,55.666600000
3869,0.016666667,56.714900000
3870,0.016666667,65.489400000
3871,0.016666667,33.002700000
3872,0.016666667,35.481900000
3873,0.016666667,28.882800000
3874,0.016666667,36.464500000
3875,0.016666667,56.157700000
3876,0.016666667,48.022800000
3877,0.016666667,40.577100000
3878,0.016666667,54.027100000
3879,0.016666667,54.250300000
3880,0.016666667,37.110700000
3881,0.016666667,36.112100000
3882,0.016666667,38.376600000
3883,0.016666667,63.326500000
3884,0.016666667,59.188800000
3885,0.016666667,33.145600000
3886,0.016666667,42.715600000
3887,0.016666667,54.384700000
3888,0.016666667,53.308700000
3889,0.016666667,37.588400000
3890,0.016666667,62.592400000
3891,0.016666667,50.450400000
3892,0.016666667,50.644300000
3893,0.016666667,50.413500000
3894,0.016666667,47.711500000
3895,0.016666667,40.723800000
3896,0.016666667,54.039000000
3897,0.016666667,54.618000000
3898,0.016666667,51.587000000
3899,0.016666667,55.078000000
3900,0.016666667,31.908500000
3901,0.016666667,37.890900000
3902,0.016666667,35.152800000
3903,0.016666667,31.312900000
3904,0.016666667,51.225900000
3905,0.016666667,55.280300000
3906,0.016666667,54.290700000
3907,0.016666667,37.665700000
3908,0.016666667,46.386000000
3909,0.016666667,54.250000000
3910,0.016666667,36.435500000
3911,0.016666667,66.217800000
3912,0.016666667,48.003800000
3913,0.016666667,35.176600000
3914,0.016666667,33.340100000
3915,0.016666667,42.429400000
3916,0.016666667,47.092300000
3917,0.016666667,37.864700000
3918,0.016666667,44.793900000
3919,0.016666667,45.027100000
3920,0.016666667,41.966800000
3921,0.016666667,54.651300000
3922,0.016666667,36.342500000
3923,0.016666667,47.319700000
3924,0.016666667,29.588000000
3925,0.016666667,81.154500000
3926,0.016666667,55.655600000
3927,0.016666667,23.933200000
3928,0.016666667,41.489400000
3929,0.016666667,54.899700000
3930,0.016666667,59.256100000
3931,0.016666667,46.233900000
3932,0.016666667,55.187700000
3933,0.016666667,49.931800000
3934,0.016666667,65.980400000
3935,0.016666667,65.862500000
3936,0.016666667,24.361300000
3937,0.016666667,32.308100000
3938,0.016666667,43.019100000
3939,0.016666667,37.302800000
3940,0.016666667,42.486100000
3941,0.016666667,28.358100000
3942,0.016666667,30.486400000
3943,0.016666667,33.509300000
3944,0.016666667,81.031200000
3945,0.016666667,47.283200000
3946,0.016666667,39.146500000
3947,0.016666667,56.441100000
3948,0.016666667,47.851000000
3949,0.016666667,41.492400000
3950,0.016666667,54.569300000
3951,0.016666667,52.915700000
3952,0.016666667,36.178900000
3953,0.016666667,27.494800000
3954,0.016666667,31.268600000
3955,0.016666667,80.203700000
3956,0.016666667,68.816500000
3957,0.016666667,24.851400000
3958,0.016666667,42.876800000
3959,0.016666667,33.359200000
3960,0.016666667,59.328200000
