frame,gpu_duration_ticks,frequency_hz,gpu_render_interval_ms
1,5835020,100000000,58.350200000
2,2544156,100000000,25.441560000
3,2949652,100000000,29.496520000
4,2256568,100000000,22.565680000
5,2670824,100000000,26.708240000
6,2590812,100000000,25.908120000
7,2222312,100000000,22.223120000
8,2474308,100000000,24.743080000
9,2357524,100000000,23.575240000
10,2411300,100000000,24.113000000
11,2552016,100000000,25.520160000
12,2358532,100000000,23.585320000
13,1753544,100000000,17.535440000
14,3100396,100000000,31.003960000
15,1655704,100000000,16.557040000
16,2426992,100000000,24.269920000
17,2214916,100000000,22.149160000
18,2432832,100000000,24.328320000
19,2143100,100000000,21.431000000
20,2626540,100000000,26.265400000
21,2157348,100000000,21.573480000
22,2038204,100000000,20.382040000
23,3009368,100000000,30.093680000
24,1680596,100000000,16.805960000
25,1709540,100000000,17.095400000
26,2855292,100000000,28.552920000
27,2428932,100000000,24.289320000
28,2294892,100000000,22.948920000
29,2541608,100000000,25.416080000
30,2037652,100000000,20.376520000
31,2035460,100000000,20.354600000
32,2692060,100000000,26.920600000
33,2151272,100000000,21.512720000
34,2070248,100000000,20.702480000
35,2646092,100000000,26.460920000
36,2062620,100000000,20.626200000
37,1643524,100000000,16.435240000
38,2360636,100000000,23.606360000
39,2250084,100000000,22.500840000
40,2261484,100000000,22.614840000
41,2534016,100000000,25.340160000
42,2242196,100000000,22.421960000
43,2132964,100000000,21.329640000
44,2530268,100000000,25.302680000
45,2696464,100000000,26.964640000
46,2024156,100000000,20.241560000
47,2862384,100000000,28.623840000
48,2207060,100000000,22.070600000
49,2207984,100000000,22.079840000
50,2537672,100000000,25.376720000
51,2735724,100000000,27.357240000
52,2607192,100000000,26.071920000
53,2482572,100000000,24.825720000
54,2877696,100000000,28.776960000
55,2435368,100000000,24.353680000
56,2150900,100000000,21.509000000
57,2615480,100000000,26.154800000
58,2252888,100000000,22.528880000
59,2177016,100000000,21.770160000
60,3604804,100000000,36.048040000
61,2455312,100000000,24.553120000
62,2256272,100000000,22.562720000
63,2666944,100000000,26.669440000
64,2207580,100000000,22.075800000
65,2164288,100000000,21.642880000
66,2699896,100000000,26.998960000
67,2038692,100000000,20.386920000
68,2218844,100000000,22.188440000
69,2670020,100000000,26.700200000
70,2118732,100000000,21.187320000
71,2168016,100000000,21.680160000
72,2623748,100000000,26.237480000
73,1935432,100000000,19.354320000
74,2223712,100000000,22.237120000
75,2664580,100000000,26.645800000
76,2186856,100000000,21.868560000
77,1997636,100000000,19.976360000
78,2614332,100000000,26.143320000
79,2217640,100000000,22.176400000
80,2345952,100000000,23.459520000
81,2194156,100000000,21.941560000
82,3632624,100000000,36.326240000
83,1687440,100000000,16.874400000
84,2344792,100000000,23.447920000
85,1629648,100000000,16.296480000
86,2599220,100000000,25.992200000
87,2146744,100000000,21.467440000
88,2118608,100000000,21.186080000
89,2780384,100000000,27.803840000
90,3271604,100000000,32.716040000
91,2090380,100000000,20.903800000
92,2786904,100000000,27.869040000
93,1663936,100000000,16.639360000
94,1707896,100000000,17.078960000
95,2629784,100000000,26.297840000
96,2642964,100000000,26.429640000
97,2146596,100000000,21.465960000
98,1703796,100000000,17.037960000
99,2294904,100000000,22.949040000
100,2236916,100000000,22.369160000
101,1864240,100000000,18.642400000
102,2690972,100000000,26.909720000
103,2196156,100000000,21.961560000
104,2531732,100000000,25.317320000
105,2142276,100000000,21.422760000
106,1751960,100000000,17.519600000
107,2539888,100000000,25.398880000
108,2186120,100000000,21.861200000
109,2204572,100000000,22.045720000
110,2029560,100000000,20.295600000
111,2114756,100000000,21.147560000
112,2467988,100000000,24.679880000
113,2183768,100000000,21.837680000
114,1604744,100000000,16.047440000
115,2224732,100000000,22.247320000
116,2236096,100000000,22.360960000
117,2029472,100000000,20.294720000
118,2204136,100000000,22.041360000
119,1718128,100000000,17.181280000
120,1741040,100000000,17.410400000
121,1674616,100000000,16.746160000
122,2714996,100000000,27.149960000
123,2159680,100000000,21.596800000
124,1668220,100000000,16.682200000
125,2534540,100000000,25.345400000
126,1893680,100000000,18.936800000
127,1751864,100000000,17.518640000
128,1966296,100000000,19.662960000
129,2202288,100000000,22.022880000
130,2077396,100000000,20.773960000
131,1917276,100000000,19.172760000
132,2057232,100000000,20.572320000
133,2627996,100000000,26.279960000
134,1969340,100000000,19.693400000
135,1923564,100000000,19.235640000
136,1681492,100000000,16.814920000
137,1918460,100000000,19.184600000
138,2422792,100000000,24.227920000
139,1677752,100000000,16.777520000
140,2566936,100000000,25.669360000
141,2184156,100000000,21.841560000
142,2000132,100000000,20.001320000
143,2860624,100000000,28.606240000
144,1861104,100000000,18.611040000
145,2080668,100000000,20.806680000
146,1637564,100000000,16.375640000
147,1814816,100000000,18.148160000
148,1952632,100000000,19.526320000
149,2761492,100000000,27.614920000
150,2027980,100000000,20.279800000
151,2158972,100000000,21.589720000
152,1805900,100000000,18.059000000
153,2439216,100000000,24.392160000
154,1862044,100000000,18.620440000
155,2677280,100000000,26.772800000
156,1725516,100000000,17.255160000
157,1695320,100000000,16.953200000
158,2036564,100000000,20.365640000
159,1917272,100000000,19.172720000
160,1668160,100000000,16.681600000
161,1981984,100000000,19.819840000
162,2461236,100000000,24.612360000
163,2337364,100000000,23.373640000
164,1701168,100000000,17.011680000
165,1653816,100000000,16.538160000
166,2136296,100000000,21.362960000
167,1762332,100000000,17.623320000
168,1689636,100000000,16.896360000
169,1683216,100000000,16.832160000
170,1990556,100000000,19.905560000
171,2328192,100000000,23.281920000
172,2446368,100000000,24.463680000
173,2609540,100000000,26.095400000
174,1699808,100000000,16.998080000
175,1664952,100000000,16.649520000
176,1911704,100000000,19.117040000
177,1999232,100000000,19.992320000
178,1681752,100000000,16.817520000
179,1914144,100000000,19.141440000
180,2009712,100000000,20.097120000
181,1683992,100000000,16.839920000
182,1748964,100000000,17.489640000
183,1642256,100000000,16.422560000
184,1909100,100000000,19.091000000
185,3345500,100000000,33.455000000
186,1738964,100000000,17.389640000
187,1687404,100000000,16.874040000
188,1929532,100000000,19.295320000
189,1926460,100000000,19.264600000
190,1744968,100000000,17.449680000
191,1762028,100000000,17.620280000
192,1671032,100000000,16.710320000
193,1718520,100000000,17.185200000
194,2352892,100000000,23.528920000
195,1716860,100000000,17.168600000
196,2159720,100000000,21.597200000
197,2150548,100000000,21.505480000
198,1650452,100000000,16.504520000
199,2052344,100000000,20.523440000
200,2217664,100000000,22.176640000
201,2236376,100000000,22.363760000
202,1647936,100000000,16.479360000
203,1620728,100000000,16.207280000
204,1884508,100000000,18.845080000
205,1687420,100000000,16.874200000
206,1929452,100000000,19.294520000
207,1880316,100000000,18.803160000
208,1671820,100000000,16.718200000
209,2963572,100000000,29.635720000
210,1692584,100000000,16.925840000
211,1729700,100000000,17.297000000
212,1749856,100000000,17.498560000
213,1734060,100000000,17.340600000
214,2129288,100000000,21.292880000
215,1936944,100000000,19.369440000
216,2203096,100000000,22.030960000
217,1707948,100000000,17.079480000
218,3038532,100000000,30.385320000
219,1685992,100000000,16.859920000
220,1922132,100000000,19.221320000
221,1665448,100000000,16.654480000
222,2115192,100000000,21.151920000
223,1633376,100000000,16.333760000
224,1878820,100000000,18.788200000
225,2096624,100000000,20.966240000
226,1645504,100000000,16.455040000
227,2010932,100000000,20.109320000
228,1884948,100000000,18.849480000
229,1643552,100000000,16.435520000
230,1931276,100000000,19.312760000
231,1890336,100000000,18.903360000
232,1647192,100000000,16.471920000
233,1698088,100000000,16.980880000
234,1644844,100000000,16.448440000
235,2224944,100000000,22.249440000
236,2602092,100000000,26.020920000
237,2147736,100000000,21.477360000
238,1680884,100000000,16.808840000
239,1713212,100000000,17.132120000
240,1980312,100000000,19.803120000
241,1681624,100000000,16.816240000
242,3394252,100000000,33.942520000
243,2105300,100000000,21.053000000
244,2333672,100000000,23.336720000
245,3348804,100000000,33.488040000
246,1715516,100000000,17.155160000
247,1723424,100000000,17.234240000
248,1946500,100000000,19.465000000
249,1804584,100000000,18.045840000
250,1627792,100000000,16.277920000
251,1918436,100000000,19.184360000
252,1992488,100000000,19.924880000
253,1691160,100000000,16.911600000
254,1945352,100000000,19.453520000
255,2012628,100000000,20.126280000
256,1681872,100000000,16.818720000
257,1744524,100000000,17.445240000
258,1633176,100000000,16.331760000
259,2605204,100000000,26.052040000
260,1676248,100000000,16.762480000
261,1948244,100000000,19.482440000
262,2005492,100000000,20.054920000
263,2242860,100000000,22.428600000
264,2063368,100000000,20.633680000
265,1625176,100000000,16.251760000
266,3514240,100000000,35.142400000
267,1732024,100000000,17.320240000
268,1754268,100000000,17.542680000
269,1724336,100000000,17.243360000
270,2006164,100000000,20.061640000
271,2018488,100000000,20.184880000
272,1875848,100000000,18.758480000
273,1974568,100000000,19.745680000
274,1754068,100000000,17.540680000
275,1724496,100000000,17.244960000
276,2057984,100000000,20.579840000
277,1688960,100000000,16.889600000
278,1752080,100000000,17.520800000
279,2188860,100000000,21.888600000
280,2370272,100000000,23.702720000
281,2476652,100000000,24.766520000
282,1945632,100000000,19.456320000
283,1827640,100000000,18.276400000
284,1728704,100000000,17.287040000
285,2076096,100000000,20.760960000
286,1761744,100000000,17.617440000
287,1802868,100000000,18.028680000
288,2179680,100000000,21.796800000
289,1956952,100000000,19.569520000
290,1720744,100000000,17.207440000
291,2049052,100000000,20.490520000
292,1806520,100000000,18.065200000
293,1717288,100000000,17.172880000
294,1858212,100000000,18.582120000
295,1739112,100000000,17.391120000
296,2090732,100000000,20.907320000
297,1724500,100000000,17.245000000
298,1980240,100000000,19.802400000
299,1806800,100000000,18.068000000
300,1979776,100000000,19.797760000
301,1787092,100000000,17.870920000
302,1695640,100000000,16.956400000
303,1866072,100000000,18.660720000
304,1747584,100000000,17.475840000
305,1756600,100000000,17.566000000
306,2084576,100000000,20.845760000
307,2142128,100000000,21.421280000
308,2307252,100000000,23.072520000
309,1959404,100000000,19.594040000
310,1889132,100000000,18.891320000
311,2338724,100000000,23.387240000
312,1899392,100000000,18.993920000
313,1964696,100000000,19.646960000
314,1707116,100000000,17.071160000
315,1870552,100000000,18.705520000
316,1803968,100000000,18.039680000
317,1691564,100000000,16.915640000
318,1733608,100000000,17.336080000
319,2065404,100000000,20.654040000
320,2465836,100000000,24.658360000
321,2668052,100000000,26.680520000
322,1848688,100000000,18.486880000
323,1886696,100000000,18.866960000
324,2075792,100000000,20.757920000
325,2139172,100000000,21.391720000
326,2661352,100000000,26.613520000
327,1734360,100000000,17.343600000
328,1701128,100000000,17.011280000
329,1727432,100000000,17.274320000
330,1789968,100000000,17.899680000
331,2097052,100000000,20.970520000
332,1744380,100000000,17.443800000
333,2385264,100000000,23.852640000
334,1967388,100000000,19.673880000
335,1784352,100000000,17.843520000
336,1827408,100000000,18.274080000
337,2019900,100000000,20.199000000
338,1700376,100000000,17.003760000
339,2194260,100000000,21.942600000
340,2170628,100000000,21.706280000
341,1785404,100000000,17.854040000
342,2082192,100000000,20.821920000
343,2063800,100000000,20.638000000
344,1764960,100000000,17.649600000
345,1900640,100000000,19.006400000
346,1953028,100000000,19.530280000
347,1792252,100000000,17.922520000
348,2271852,100000000,22.718520000
349,1759948,100000000,17.599480000
350,1906956,100000000,19.069560000
351,2688140,100000000,26.881400000
352,1743328,100000000,17.433280000
353,1727348,100000000,17.273480000
354,1758388,100000000,17.583880000
355,1752084,100000000,17.520840000
356,1710316,100000000,17.103160000
357,1874556,100000000,18.745560000
358,1861632,100000000,18.616320000
359,1986572,100000000,19.865720000
360,1881764,100000000,18.817640000
361,2161748,100000000,21.617480000
362,2358760,100000000,23.587600000
363,1759844,100000000,17.598440000
364,2795020,100000000,27.950200000
365,1780388,100000000,17.803880000
366,1923648,100000000,19.236480000
367,1804544,100000000,18.045440000
368,2214292,100000000,22.142920000
369,1746828,100000000,17.468280000
370,1790192,100000000,17.901920000
371,1849412,100000000,18.494120000
372,1739888,100000000,17.398880000
373,1710808,100000000,17.108080000
374,1865844,100000000,18.658440000
375,1951724,100000000,19.517240000
376,1917524,100000000,19.175240000
377,1729052,100000000,17.290520000
378,1797248,100000000,17.972480000
379,2273736,100000000,22.737360000
380,2296164,100000000,22.961640000
381,3020288,100000000,30.202880000
382,2662760,100000000,26.627600000
383,1861912,100000000,18.619120000
384,1774140,100000000,17.741400000
385,1795912,100000000,17.959120000
386,1997572,100000000,19.975720000
387,1776256,100000000,17.762560000
388,1717112,100000000,17.171120000
389,1862548,100000000,18.625480000
390,1831284,100000000,18.312840000
391,1883192,100000000,18.831920000
392,1847828,100000000,18.478280000
393,2046200,100000000,20.462000000
394,1759112,100000000,17.591120000
395,1748124,100000000,17.481240000
396,1949944,100000000,19.499440000
397,1812976,100000000,18.129760000
398,2190784,100000000,21.907840000
399,2775388,100000000,27.753880000
400,1806668,100000000,18.066680000
401,1768364,100000000,17.683640000
402,1972956,100000000,19.729560000
403,2164256,100000000,21.642560000
404,1759600,100000000,17.596000000
405,1776936,100000000,17.769360000
406,2229140,100000000,22.291400000
407,1785840,100000000,17.858400000
408,1834376,100000000,18.343760000
409,1741708,100000000,17.417080000
410,1888020,100000000,18.880200000
411,3324916,100000000,33.249160000
412,1723688,100000000,17.236880000
413,1671284,100000000,16.712840000
414,1711860,100000000,17.118600000
415,1846800,100000000,18.468000000
416,1852728,100000000,18.527280000
417,2023736,100000000,20.237360000
418,1668144,100000000,16.681440000
419,1999576,100000000,19.995760000
420,1790764,100000000,17.907640000
421,1757084,100000000,17.570840000
422,1744920,100000000,17.449200000
423,2023532,100000000,20.235320000
424,2106852,100000000,21.068520000
425,1963832,100000000,19.638320000
426,1966304,100000000,19.663040000
427,1939760,100000000,19.397600000
428,1703380,100000000,17.033800000
429,1796632,100000000,17.966320000
430,1773448,100000000,17.734480000
431,1689928,100000000,16.899280000
432,1897288,100000000,18.972880000
433,1941076,100000000,19.410760000
434,1747284,100000000,17.472840000
435,1800168,100000000,18.001680000
436,1999276,100000000,19.992760000
437,1996264,100000000,19.962640000
438,1705468,100000000,17.054680000
439,1832608,100000000,18.326080000
440,1696252,100000000,16.962520000
441,1698112,100000000,16.981120000
442,1698072,100000000,16.980720000
443,1692276,100000000,16.922760000
444,1729840,100000000,17.298400000
445,2243600,100000000,22.436000000
446,2092252,100000000,20.922520000
447,1875328,100000000,18.753280000
448,1701464,100000000,17.014640000
449,1933344,100000000,19.333440000
450,1799456,100000000,17.994560000
451,2343188,100000000,23.431880000
452,2405860,100000000,24.058600000
453,1742172,100000000,17.421720000
454,2350368,100000000,23.503680000
455,1877144,100000000,18.771440000
456,1753344,100000000,17.533440000
457,1774028,100000000,17.740280000
458,1758884,100000000,17.588840000
459,1890352,100000000,18.903520000
460,2107804,100000000,21.078040000
461,2002264,100000000,20.022640000
462,2865880,100000000,28.658800000
463,1720348,100000000,17.203480000
464,1711516,100000000,17.115160000
465,1722420,100000000,17.224200000
466,1857436,100000000,18.574360000
467,1758868,100000000,17.588680000
468,1823312,100000000,18.233120000
469,1984796,100000000,19.847960000
470,1692264,100000000,16.922640000
471,1995044,100000000,19.950440000
472,1940712,100000000,19.407120000
473,1742976,100000000,17.429760000
474,1916012,100000000,19.160120000
475,1867356,100000000,18.673560000
476,1718816,100000000,17.188160000
477,1746180,100000000,17.461800000
478,1868916,100000000,18.689160000
479,1706352,100000000,17.063520000
480,1749484,100000000,17.494840000
481,1728640,100000000,17.286400000
482,1924568,100000000,19.245680000
483,1754032,100000000,17.540320000
484,2220164,100000000,22.201640000
485,2436264,100000000,24.362640000
486,1656960,100000000,16.569600000
487,1793368,100000000,17.933680000
488,1988972,100000000,19.889720000
489,1799600,100000000,17.996000000
490,1819232,100000000,18.192320000
491,1742004,100000000,17.420040000
492,2018340,100000000,20.183400000
493,2803936,100000000,28.039360000
494,1761872,100000000,17.618720000
495,3189176,100000000,31.891760000
496,1685920,100000000,16.859200000
497,1685068,100000000,16.850680000
498,1764968,100000000,17.649680000
499,1677932,100000000,16.779320000
500,1698528,100000000,16.985280000
501,1740572,100000000,17.405720000
502,1731964,100000000,17.319640000
503,1729936,100000000,17.299360000
504,1699372,100000000,16.993720000
505,1691548,100000000,16.915480000
506,1699608,100000000,16.996080000
507,1778524,100000000,17.785240000
508,1839772,100000000,18.397720000
509,1722908,100000000,17.229080000
510,1858464,100000000,18.584640000
511,1787008,100000000,17.870080000
512,2128488,100000000,21.284880000
513,2012368,100000000,20.123680000
514,1732788,100000000,17.327880000
515,1741776,100000000,17.417760000
516,1856088,100000000,18.560880000
517,2415648,100000000,24.156480000
518,1718976,100000000,17.189760000
519,1965568,100000000,19.655680000
520,1879132,100000000,18.791320000
521,1779760,100000000,17.797600000
522,1795372,100000000,17.953720000
523,1721888,100000000,17.218880000
524,1810824,100000000,18.108240000
525,1817468,100000000,18.174680000
526,1840708,100000000,18.407080000
527,1717384,100000000,17.173840000
528,2359664,100000000,23.596640000
529,2453228,100000000,24.532280000
530,1838600,100000000,18.386000000
531,1801352,100000000,18.013520000
532,1808612,100000000,18.086120000
533,2513248,100000000,25.132480000
534,1850292,100000000,18.502920000
535,2342420,100000000,23.424200000
536,1878856,100000000,18.788560000
537,1780200,100000000,17.802000000
538,1804836,100000000,18.048360000
539,1978268,100000000,19.782680000
540,3154656,100000000,31.546560000
541,1685020,100000000,16.850200000
542,1687412,100000000,16.874120000
543,2164280,100000000,21.642800000
544,1724524,100000000,17.245240000
545,1716536,100000000,17.165360000
546,1734032,100000000,17.340320000
547,2571732,100000000,25.717320000
548,1691256,100000000,16.912560000
549,1719680,100000000,17.196800000
550,1943752,100000000,19.437520000
551,1703632,100000000,17.036320000
552,1760992,100000000,17.609920000
553,1690536,100000000,16.905360000
554,1964396,100000000,19.643960000
555,2115876,100000000,21.158760000
556,1718772,100000000,17.187720000
557,1702044,100000000,17.020440000
558,1742812,100000000,17.428120000
559,1814112,100000000,18.141120000
560,1744824,100000000,17.448240000
561,1935196,100000000,19.351960000
562,1850868,100000000,18.508680000
563,1730296,100000000,17.302960000
564,1962040,100000000,19.620400000
565,1936984,100000000,19.369840000
566,1758840,100000000,17.588400000
567,1728004,100000000,17.280040000
568,1904696,100000000,19.046960000
569,1762264,100000000,17.622640000
570,1907132,100000000,19.071320000
571,1990204,100000000,19.902040000
572,1739072,100000000,17.390720000
573,1962572,100000000,19.625720000
574,3290852,100000000,32.908520000
575,1931672,100000000,19.316720000
576,1983772,100000000,19.837720000
577,2427412,100000000,24.274120000
578,1795472,100000000,17.954720000
579,1912888,100000000,19.128880000
580,1774068,100000000,17.740680000
581,1709552,100000000,17.095520000
582,2052216,100000000,20.522160000
583,2060164,100000000,20.601640000
584,1801532,100000000,18.015320000
585,1896236,100000000,18.962360000
586,2325472,100000000,23.254720000
587,3288284,100000000,32.882840000
588,2674884,100000000,26.748840000
589,2307384,100000000,23.073840000
590,1987456,100000000,19.874560000
591,1797604,100000000,17.976040000
592,1721876,100000000,17.218760000
593,1692168,100000000,16.921680000
594,1904564,100000000,19.045640000
595,1839488,100000000,18.394880000
596,1709292,100000000,17.092920000
597,1975264,100000000,19.752640000
598,1937244,100000000,19.372440000
599,1852340,100000000,18.523400000
600,2250988,100000000,22.509880000
601,1759084,100000000,17.590840000
602,1962160,100000000,19.621600000
603,1824488,100000000,18.244880000
604,2055552,100000000,20.555520000
605,1758104,100000000,17.581040000
606,2607080,100000000,26.070800000
607,1686688,100000000,16.866880000
608,1690244,100000000,16.902440000
609,2122988,100000000,21.229880000
610,1914756,100000000,19.147560000
611,2126024,100000000,21.260240000
612,1747700,100000000,17.477000000
613,2369112,100000000,23.691120000
614,1712312,100000000,17.123120000
615,1825400,100000000,18.254000000
616,1902240,100000000,19.022400000
617,1682448,100000000,16.824480000
618,1888956,100000000,18.889560000
619,1796016,100000000,17.960160000
620,1700580,100000000,17.005800000
621,1802836,100000000,18.028360000
622,2063980,100000000,20.639800000
623,2138548,100000000,21.385480000
624,1780652,100000000,17.806520000
625,1822144,100000000,18.221440000
626,1867148,100000000,18.671480000
627,1741512,100000000,17.415120000
628,1733184,100000000,17.331840000
629,2232224,100000000,22.322240000
630,1771004,100000000,17.710040000
631,1900320,100000000,19.003200000
632,1873488,100000000,18.734880000
633,2034596,100000000,20.345960000
634,1936488,100000000,19.364880000
635,2343816,100000000,23.438160000
636,1978728,100000000,19.787280000
637,2455000,100000000,24.550000000
638,1725012,100000000,17.250120000
639,1923464,100000000,19.234640000
640,2048684,100000000,20.486840000
641,1957940,100000000,19.579400000
642,2184284,100000000,21.842840000
643,1889644,100000000,18.896440000
644,2055028,100000000,20.550280000
645,1756952,100000000,17.569520000
646,2325688,100000000,23.256880000
647,2189904,100000000,21.899040000
648,2672132,100000000,26.721320000
649,2590348,100000000,25.903480000
650,1736652,100000000,17.366520000
651,1713176,100000000,17.131760000
652,1752620,100000000,17.526200000
653,2072192,100000000,20.721920000
654,1744916,100000000,17.449160000
655,1964812,100000000,19.648120000
656,1797608,100000000,17.976080000
657,1692324,100000000,16.923240000
658,2545536,100000000,25.455360000
659,2441976,100000000,24.419760000
660,1743112,100000000,17.431120000
661,1719084,100000000,17.190840000
662,1735412,100000000,17.354120000
663,1757780,100000000,17.577800000
664,2304736,100000000,23.047360000
665,1810940,100000000,18.109400000
666,1742132,100000000,17.421320000
667,1751356,100000000,17.513560000
668,1658284,100000000,16.582840000
669,1749140,100000000,17.491400000
670,1917584,100000000,19.175840000
671,1726904,100000000,17.269040000
672,1751544,100000000,17.515440000
673,1849288,100000000,18.492880000
674,1793476,100000000,17.934760000
675,1806424,100000000,18.064240000
676,2743988,100000000,27.439880000
677,2828636,100000000,28.286360000
678,2796004,100000000,27.960040000
679,2370400,100000000,23.704000000
680,1828868,100000000,18.288680000
681,1717184,100000000,17.171840000
682,2814136,100000000,28.141360000
683,1757408,100000000,17.574080000
684,1730604,100000000,17.306040000
685,2041104,100000000,20.411040000
686,2105100,100000000,21.051000000
687,1772844,100000000,17.728440000
688,2271780,100000000,22.717800000
689,2116148,100000000,21.161480000
690,1698984,100000000,16.989840000
691,2135012,100000000,21.350120000
692,1728808,100000000,17.288080000
693,1911400,100000000,19.114000000
694,2066652,100000000,20.666520000
695,1823108,100000000,18.231080000
696,1724744,100000000,17.247440000
697,1858348,100000000,18.583480000
698,1795436,100000000,17.954360000
699,1684096,100000000,16.840960000
700,1761772,100000000,17.617720000
701,2049420,100000000,20.494200000
702,1721512,100000000,17.215120000
703,4009612,100000000,40.096120000
704,1682096,100000000,16.820960000
705,1695416,100000000,16.954160000
706,2112384,100000000,21.123840000
707,2067744,100000000,20.677440000
708,2268720,100000000,22.687200000
709,1778396,100000000,17.783960000
710,1753460,100000000,17.534600000
711,1732744,100000000,17.327440000
712,1848508,100000000,18.485080000
713,1707020,100000000,17.070200000
714,2124604,100000000,21.246040000
715,1745572,100000000,17.455720000
716,2497944,100000000,24.979440000
717,2322900,100000000,23.229000000
718,1927944,100000000,19.279440000
719,2076312,100000000,20.763120000
720,2241648,100000000,22.416480000
721,2230260,100000000,22.302600000
722,1729416,100000000,17.294160000
723,1748992,100000000,17.489920000
724,1793612,100000000,17.936120000
725,2168912,100000000,21.689120000
726,1761868,100000000,17.618680000
727,1951036,100000000,19.510360000
728,1824016,100000000,18.240160000
729,1756032,100000000,17.560320000
730,1900928,100000000,19.009280000
731,1792612,100000000,17.926120000
732,1912888,100000000,19.128880000
733,1764812,100000000,17.648120000
734,1785684,100000000,17.856840000
735,1771428,100000000,17.714280000
736,1951736,100000000,19.517360000
737,2026808,100000000,20.268080000
738,1769848,100000000,17.698480000
739,1989808,100000000,19.898080000
740,1829000,100000000,18.290000000
741,1704084,100000000,17.040840000
742,2104136,100000000,21.041360000
743,2347036,100000000,23.470360000
744,2316360,100000000,23.163600000
745,2855812,100000000,28.558120000
746,1890080,100000000,18.900800000
747,1684968,100000000,16.849680000
748,1863052,100000000,18.630520000
749,1905584,100000000,19.055840000
750,1680884,100000000,16.808840000
751,1685616,100000000,16.856160000
752,1716344,100000000,17.163440000
753,1763188,100000000,17.631880000
754,1762668,100000000,17.626680000
755,2195300,100000000,21.953000000
756,1689472,100000000,16.894720000
757,2161220,100000000,21.612200000
758,2159944,100000000,21.599440000
759,2371308,100000000,23.713080000
760,3171916,100000000,31.719160000
761,1693712,100000000,16.937120000
762,1731440,100000000,17.314400000
763,1753964,100000000,17.539640000
764,1896156,100000000,18.961560000
765,1751852,100000000,17.518520000
766,1975984,100000000,19.759840000
767,1945756,100000000,19.457560000
768,1988088,100000000,19.880880000
769,2673480,100000000,26.734800000
770,2185108,100000000,21.851080000
771,2308292,100000000,23.082920000
772,1853976,100000000,18.539760000
773,1773028,100000000,17.730280000
774,1781244,100000000,17.812440000
775,1774636,100000000,17.746360000
776,1743140,100000000,17.431400000
777,1802828,100000000,18.028280000
778,2148020,100000000,21.480200000
779,1728208,100000000,17.282080000
780,1847788,100000000,18.477880000
781,1680892,100000000,16.808920000
782,1747060,100000000,17.470600000
783,1774536,100000000,17.745360000
784,2104724,100000000,21.047240000
785,1719132,100000000,17.191320000
786,1961300,100000000,19.613000000
787,1872360,100000000,18.723600000
788,1759176,100000000,17.591760000
789,2110340,100000000,21.103400000
790,1803188,100000000,18.031880000
791,2070952,100000000,20.709520000
792,2492468,100000000,24.924680000
793,2610728,100000000,26.107280000
794,1946128,100000000,19.461280000
795,2567672,100000000,25.676720000
796,1705108,100000000,17.051080000
797,1760132,100000000,17.601320000
798,1987672,100000000,19.876720000
799,1852688,100000000,18.526880000
800,1754620,100000000,17.546200000
801,1787968,100000000,17.879680000
802,1910928,100000000,19.109280000
803,1778296,100000000,17.782960000
804,1961828,100000000,19.618280000
805,2437720,100000000,24.377200000
806,2058416,100000000,20.584160000
807,1721940,100000000,17.219400000
808,1954564,100000000,19.545640000
809,1688780,100000000,16.887800000
810,1817948,100000000,18.179480000
811,2053268,100000000,20.532680000
812,1921772,100000000,19.217720000
813,1706672,100000000,17.066720000
814,1927612,100000000,19.276120000
815,1722404,100000000,17.224040000
816,2268048,100000000,22.680480000
817,2149100,100000000,21.491000000
818,1870044,100000000,18.700440000
819,1757104,100000000,17.571040000
820,1757308,100000000,17.573080000
821,1765704,100000000,17.657040000
822,1906940,100000000,19.069400000
823,1791340,100000000,17.913400000
824,1752724,100000000,17.527240000
825,1948764,100000000,19.487640000
826,2076176,100000000,20.761760000
827,2274644,100000000,22.746440000
828,2757224,100000000,27.572240000
829,1976752,100000000,19.767520000
830,1709640,100000000,17.096400000
831,1830076,100000000,18.300760000
832,2203080,100000000,22.030800000
833,1987032,100000000,19.870320000
834,1729540,100000000,17.295400000
835,2843632,100000000,28.436320000
836,1681936,100000000,16.819360000
837,2194136,100000000,21.941360000
838,1707600,100000000,17.076000000
839,1770092,100000000,17.700920000
840,1765716,100000000,17.657160000
841,2801848,100000000,28.018480000
842,1954112,100000000,19.541120000
843,2043120,100000000,20.431200000
844,1895992,100000000,18.959920000
845,1828360,100000000,18.283600000
846,2240372,100000000,22.403720000
847,1874952,100000000,18.749520000
848,2033044,100000000,20.330440000
849,1796544,100000000,17.965440000
850,1898532,100000000,18.985320000
851,1775068,100000000,17.750680000
852,1955640,100000000,19.556400000
853,1791532,100000000,17.915320000
854,1734544,100000000,17.345440000
855,1860552,100000000,18.605520000
856,1913772,100000000,19.137720000
857,1740668,100000000,17.406680000
858,2022244,100000000,20.222440000
859,1812860,100000000,18.128600000
860,2157152,100000000,21.571520000
861,2810904,100000000,28.109040000
862,2740696,100000000,27.406960000
863,1688084,100000000,16.880840000
864,1782500,100000000,17.825000000
865,1971744,100000000,19.717440000
866,2367628,100000000,23.676280000
867,1901684,100000000,19.016840000
868,1848000,100000000,18.480000000
869,1750276,100000000,17.502760000
870,2766796,100000000,27.667960000
871,1711468,100000000,17.114680000
872,1971828,100000000,19.718280000
873,1757020,100000000,17.570200000
874,1835296,100000000,18.352960000
875,1701524,100000000,17.015240000
876,2521492,100000000,25.214920000
877,2513664,100000000,25.136640000
878,2315784,100000000,23.157840000
879,2188620,100000000,21.886200000
880,1709768,100000000,17.097680000
881,1743956,100000000,17.439560000
882,2018460,100000000,20.184600000
883,2434928,100000000,24.349280000
884,2596868,100000000,25.968680000
885,1977036,100000000,19.770360000
886,1791668,100000000,17.916680000
887,1718636,100000000,17.186360000
888,1928084,100000000,19.280840000
889,1907632,100000000,19.076320000
890,1709016,100000000,17.090160000
891,1803192,100000000,18.031920000
892,1786052,100000000,17.860520000
893,1789992,100000000,17.899920000
894,1759404,100000000,17.594040000
895,1784188,100000000,17.841880000
896,1691328,100000000,16.913280000
897,1817068,100000000,18.170680000
898,1901168,100000000,19.011680000
899,2051544,100000000,20.515440000
900,1793232,100000000,17.932320000
901,2482124,100000000,24.821240000
902,2408404,100000000,24.084040000
903,1739000,100000000,17.390000000
904,1938588,100000000,19.385880000
905,2043636,100000000,20.436360000
906,1733712,100000000,17.337120000
907,1848940,100000000,18.489400000
908,1717596,100000000,17.175960000
909,1704964,100000000,17.049640000
910,2208764,100000000,22.087640000
911,2091820,100000000,20.918200000
912,2138572,100000000,21.385720000
913,2799208,100000000,27.992080000
914,2154644,100000000,21.546440000
915,2251204,100000000,22.512040000
916,2290920,100000000,22.909200000
917,2814416,100000000,28.144160000
918,2408752,100000000,24.087520000
919,1798212,100000000,17.982120000
920,1810504,100000000,18.105040000
921,1745212,100000000,17.452120000
922,1918380,100000000,19.183800000
923,1894904,100000000,18.949040000
924,1692436,100000000,16.924360000
925,2246036,100000000,22.460360000
926,1687644,100000000,16.876440000
927,1700168,100000000,17.001680000
928,1802868,100000000,18.028680000
929,2076736,100000000,20.767360000
930,1727540,100000000,17.275400000
931,2393296,100000000,23.932960000
932,1741632,100000000,17.416320000
933,1667520,100000000,16.675200000
934,1780196,100000000,17.801960000
935,2314280,100000000,23.142800000
936,2139484,100000000,21.394840000
937,1744872,100000000,17.448720000
938,1854952,100000000,18.549520000
939,1686052,100000000,16.860520000
940,1954388,100000000,19.543880000
941,1913616,100000000,19.136160000
942,1802152,100000000,18.021520000
943,1810064,100000000,18.100640000
944,1803212,100000000,18.032120000
945,1713124,100000000,17.131240000
946,1747540,100000000,17.475400000
947,2047952,100000000,20.479520000
948,1949368,100000000,19.493680000
949,2352552,100000000,23.525520000
950,1685680,100000000,16.856800000
951,1729036,100000000,17.290360000
952,1916356,100000000,19.163560000
953,2211064,100000000,22.110640000
954,1767832,100000000,17.678320000
955,1740664,100000000,17.406640000
956,1829224,100000000,18.292240000
957,1779560,100000000,17.795600000
958,1939568,100000000,19.395680000
959,2867832,100000000,28.678320000
960,1728544,100000000,17.285440000
961,2014556,100000000,20.145560000
962,1708684,100000000,17.086840000
963,1761516,100000000,17.615160000
964,1723480,100000000,17.234800000
965,1830596,100000000,18.305960000
966,1697088,100000000,16.970880000
967,1812704,100000000,18.127040000
968,2562604,100000000,25.626040000
969,1767028,100000000,17.670280000
970,2025952,100000000,20.259520000
971,1729500,100000000,17.295000000
972,2227736,100000000,22.277360000
973,1730336,100000000,17.303360000
974,1710276,100000000,17.102760000
975,1753004,100000000,17.530040000
976,1848332,100000000,18.483320000
977,2177732,100000000,21.777320000
978,1837536,100000000,18.375360000
979,1990472,100000000,19.904720000
980,2783224,100000000,27.832240000
981,1735312,100000000,17.353120000
982,1861204,100000000,18.612040000
983,2050580,100000000,20.505800000
984,1776656,100000000,17.766560000
985,1995772,100000000,19.957720000
986,1963624,100000000,19.636240000
987,1819624,100000000,18.196240000
988,1907056,100000000,19.070560000
989,1838756,100000000,18.387560000
990,1854376,100000000,18.543760000
991,2865704,100000000,28.657040000
992,1705424,100000000,17.054240000
993,1724136,100000000,17.241360000
994,1927324,100000000,19.273240000
995,1859064,100000000,18.590640000
996,1684648,100000000,16.846480000
997,1742032,100000000,17.420320000
998,1817952,100000000,18.179520000
999,1753872,100000000,17.538720000
1000,3533544,100000000,35.335440000
1001,2390724,100000000,23.907240000
1002,1900080,100000000,19.000800000
1003,1913832,100000000,19.138320000
1004,2190884,100000000,21.908840000
1005,1743804,100000000,17.438040000
1006,1733104,100000000,17.331040000
1007,1844436,100000000,18.444360000
1008,1704600,100000000,17.046000000
1009,2016584,100000000,20.165840000
1010,1888544,100000000,18.885440000
1011,1795440,100000000,17.954400000
1012,1854888,100000000,18.548880000
1013,1947620,100000000,19.476200000
1014,2694180,100000000,26.941800000
1015,1815288,100000000,18.152880000
1016,1708080,100000000,17.080800000
1017,1714216,100000000,17.142160000
1018,1729668,100000000,17.296680000
1019,1947448,100000000,19.474480000
1020,2296468,100000000,22.964680000
1021,1729428,100000000,17.294280000
1022,1720688,100000000,17.206880000
1023,1686336,100000000,16.863360000
1024,1958664,100000000,19.586640000
1025,2137560,100000000,21.375600000
1026,2221752,100000000,22.217520000
1027,2092884,100000000,20.928840000
1028,2203488,100000000,22.034880000
1029,1796916,100000000,17.969160000
1030,2062972,100000000,20.629720000
1031,1849364,100000000,18.493640000
1032,1793804,100000000,17.938040000
1033,2092400,100000000,20.924000000
1034,1906640,100000000,19.066400000
1035,2424248,100000000,24.242480000
1036,3012168,100000000,30.121680000
1037,1844940,100000000,18.449400000
1038,1808552,100000000,18.085520000
1039,1748620,100000000,17.486200000
1040,1757988,100000000,17.579880000
1041,1755868,100000000,17.558680000
1042,1745888,100000000,17.458880000
1043,1748692,100000000,17.486920000
1044,2116684,100000000,21.166840000
1045,1784868,100000000,17.848680000
1046,1743224,100000000,17.432240000
1047,2070072,100000000,20.700720000
1048,1749328,100000000,17.493280000
1049,1905344,100000000,19.053440000
1050,2086448,100000000,20.864480000
1051,1776056,100000000,17.760560000
1052,2692640,100000000,26.926400000
1053,1706580,100000000,17.065800000
1054,1722048,100000000,17.220480000
1055,1753236,100000000,17.532360000
1056,1794340,100000000,17.943400000
1057,1874308,100000000,18.743080000
1058,2197396,100000000,21.973960000
1059,1736804,100000000,17.368040000
1060,1754624,100000000,17.546240000
1061,1763736,100000000,17.637360000
1062,1798356,100000000,17.983560000
1063,1763320,100000000,17.633200000
1064,1800216,100000000,18.002160000
1065,1690964,100000000,16.909640000
1066,1676812,100000000,16.768120000
1067,2478804,100000000,24.788040000
1068,1709548,100000000,17.095480000
1069,1684212,100000000,16.842120000
1070,2013692,100000000,20.136920000
1071,1911868,100000000,19.118680000
1072,1735552,100000000,17.355520000
1073,1954288,100000000,19.542880000
1074,2014380,100000000,20.143800000
1075,2086984,100000000,20.869840000
1076,1777744,100000000,17.777440000
1077,1917092,100000000,19.170920000
1078,1757004,100000000,17.570040000
1079,1779280,100000000,17.792800000
1080,2071452,100000000,20.714520000
1081,1769184,100000000,17.691840000
1082,1994288,100000000,19.942880000
1083,1958320,100000000,19.583200000
1084,1726324,100000000,17.263240000
1085,1920572,100000000,19.205720000
1086,1827692,100000000,18.276920000
1087,1724768,100000000,17.247680000
1088,2077496,100000000,20.774960000
1089,2066652,100000000,20.666520000
1090,2195848,100000000,21.958480000
1091,2955384,100000000,29.553840000
1092,2965684,100000000,29.656840000
1093,2174124,100000000,21.741240000
1094,1801716,100000000,18.017160000
1095,2618416,100000000,26.184160000
1096,2125544,100000000,21.255440000
1097,1786284,100000000,17.862840000
1098,2288048,100000000,22.880480000
1099,1723780,100000000,17.237800000
1100,1744692,100000000,17.446920000
1101,1893784,100000000,18.937840000
1102,1783952,100000000,17.839520000
1103,2359396,100000000,23.593960000
1104,1895964,100000000,18.959640000
1105,1802336,100000000,18.023360000
1106,2952920,100000000,29.529200000
1107,1710500,100000000,17.105000000
1108,1712668,100000000,17.126680000
1109,1931620,100000000,19.316200000
1110,2149056,100000000,21.490560000
1111,2633716,100000000,26.337160000
1112,1890592,100000000,18.905920000
1113,1869772,100000000,18.697720000
1114,1765992,100000000,17.659920000
1115,1877056,100000000,18.770560000
1116,1874560,100000000,18.745600000
1117,2135504,100000000,21.355040000
1118,1702944,100000000,17.029440000
1119,1747848,100000000,17.478480000
1120,1729904,100000000,17.299040000
1121,1708608,100000000,17.086080000
1122,1769740,100000000,17.697400000
1123,2437096,100000000,24.370960000
1124,1906688,100000000,19.066880000
1125,2437272,100000000,24.372720000
1126,2588368,100000000,25.883680000
1127,1714236,100000000,17.142360000
1128,1711424,100000000,17.114240000
1129,1783244,100000000,17.832440000
1130,1959984,100000000,19.599840000
1131,1882320,100000000,18.823200000
1132,1783524,100000000,17.835240000
1133,1771924,100000000,17.719240000
1134,1719608,100000000,17.196080000
1135,1784580,100000000,17.845800000
1136,1851128,100000000,18.511280000
1137,1676424,100000000,16.764240000
1138,1810888,100000000,18.108880000
1139,2080100,100000000,20.801000000
1140,1907832,100000000,19.078320000
1141,1914672,100000000,19.146720000
1142,2075448,100000000,20.754480000
1143,1721844,100000000,17.218440000
1144,1864764,100000000,18.647640000
1145,1912536,100000000,19.125360000
1146,1734888,100000000,17.348880000
1147,1948292,100000000,19.482920000
1148,2902440,100000000,29.024400000
1149,1708100,100000000,17.081000000
1150,2903404,100000000,29.034040000
1151,2080368,100000000,20.803680000
1152,1735220,100000000,17.352200000
1153,1902424,100000000,19.024240000
1154,1863532,100000000,18.635320000
1155,1732112,100000000,17.321120000
1156,1898596,100000000,18.985960000
1157,1757072,100000000,17.570720000
1158,1864668,100000000,18.646680000
1159,2603532,100000000,26.035320000
1160,2691644,100000000,26.916440000
1161,1833064,100000000,18.330640000
1162,2114144,100000000,21.141440000
1163,2008584,100000000,20.085840000
1164,1826928,100000000,18.269280000
1165,1826564,100000000,18.265640000
1166,1716312,100000000,17.163120000
1167,2114488,100000000,21.144880000
1168,1725308,100000000,17.253080000
1169,1958804,100000000,19.588040000
1170,1735348,100000000,17.353480000
1171,1855328,100000000,18.553280000
1172,3036428,100000000,30.364280000
1173,1694852,100000000,16.948520000
1174,1835072,100000000,18.350720000
1175,1928348,100000000,19.283480000
1176,1659584,100000000,16.595840000
1177,1938696,100000000,19.386960000
1178,1902340,100000000,19.023400000
1179,1724848,100000000,17.248480000
1180,1999920,100000000,19.999200000
1181,1765284,100000000,17.652840000
1182,1760132,100000000,17.601320000
1183,2068560,100000000,20.685600000
1184,3025676,100000000,30.256760000
1185,1687796,100000000,16.877960000
1186,1832288,100000000,18.322880000
1187,1845684,100000000,18.456840000
1188,1664268,100000000,16.642680000
1189,1943864,100000000,19.438640000
1190,2195152,100000000,21.951520000
1191,2574416,100000000,25.744160000
1192,2145048,100000000,21.450480000
1193,1679112,100000000,16.791120000
1194,2040772,100000000,20.407720000
1195,2669732,100000000,26.697320000
1196,2310728,100000000,23.107280000
1197,1836572,100000000,18.365720000
1198,1697768,100000000,16.977680000
1199,2173164,100000000,21.731640000
1200,1798260,100000000,17.982600000
1201,1802060,100000000,18.020600000
1202,1705712,100000000,17.057120000
1203,1709896,100000000,17.098960000
1204,1753188,100000000,17.531880000
1205,2080652,100000000,20.806520000
1206,1915392,100000000,19.153920000
1207,3136868,100000000,31.368680000
1208,2106444,100000000,21.064440000
1209,1735896,100000000,17.358960000
1210,1754468,100000000,17.544680000
1211,1736924,100000000,17.369240000
1212,1813144,100000000,18.131440000
1213,1991728,100000000,19.917280000
1214,2076624,100000000,20.766240000
1215,1701084,100000000,17.010840000
1216,2030880,100000000,20.308800000
1217,1996420,100000000,19.964200000
1218,1823108,100000000,18.231080000
1219,2300428,100000000,23.004280000
1220,1791524,100000000,17.915240000
1221,1740472,100000000,17.404720000
1222,1745792,100000000,17.457920000
1223,1773180,100000000,17.731800000
1224,1688084,100000000,16.880840000
1225,1764500,100000000,17.645000000
1226,2025416,100000000,20.254160000
1227,1743820,100000000,17.438200000
1228,1875836,100000000,18.758360000
1229,1794508,100000000,17.945080000
1230,2124628,100000000,21.246280000
1231,1758204,100000000,17.582040000
1232,1933760,100000000,19.337600000
1233,1768012,100000000,17.680120000
1234,1859348,100000000,18.593480000
1235,2093048,100000000,20.930480000
1236,2126616,100000000,21.266160000
1237,1682628,100000000,16.826280000
1238,1969624,100000000,19.696240000
1239,2032732,100000000,20.327320000
1240,2759220,100000000,27.592200000
1241,1778960,100000000,17.789600000
1242,1729356,100000000,17.293560000
1243,1824880,100000000,18.248800000
1244,2154168,100000000,21.541680000
1245,2051604,100000000,20.516040000
1246,1925808,100000000,19.258080000
1247,1719448,100000000,17.194480000
1248,2103232,100000000,21.032320000
1249,1773856,100000000,17.738560000
1250,1746964,100000000,17.469640000
1251,2149316,100000000,21.493160000
1252,1778908,100000000,17.789080000
1253,1720032,100000000,17.200320000
1254,1715536,100000000,17.155360000
1255,1668852,100000000,16.688520000
1256,2024852,100000000,20.248520000
1257,1718848,100000000,17.188480000
1258,1721832,100000000,17.218320000
1259,1744712,100000000,17.447120000
1260,1998144,100000000,19.981440000
1261,3019052,100000000,30.190520000
1262,2279680,100000000,22.796800000
1263,1986352,100000000,19.863520000
1264,3144000,100000000,31.440000000
1265,2090372,100000000,20.903720000
1266,1878424,100000000,18.784240000
1267,1745020,100000000,17.450200000
1268,1950184,100000000,19.501840000
1269,1708844,100000000,17.088440000
1270,1958764,100000000,19.587640000
1271,1937732,100000000,19.377320000
1272,1716956,100000000,17.169560000
1273,1828400,100000000,18.284000000
1274,1874404,100000000,18.744040000
1275,2079308,100000000,20.793080000
1276,1692108,100000000,16.921080000
1277,1878864,100000000,18.788640000
1278,1751472,100000000,17.514720000
1279,1944552,100000000,19.445520000
1280,2141732,100000000,21.417320000
1281,1801428,100000000,18.014280000
1282,2331372,100000000,23.313720000
1283,1933232,100000000,19.332320000
1284,1791428,100000000,17.914280000
1285,1918796,100000000,19.187960000
1286,2113608,100000000,21.136080000
1287,2747396,100000000,27.473960000
1288,1850952,100000000,18.509520000
1289,2423172,100000000,24.231720000
1290,1770856,100000000,17.708560000
1291,1758644,100000000,17.586440000
1292,1740116,100000000,17.401160000
1293,1741616,100000000,17.416160000
1294,1986984,100000000,19.869840000
1295,2071584,100000000,20.715840000
1296,2165596,100000000,21.655960000
1297,1815756,100000000,18.157560000
1298,1688120,100000000,16.881200000
1299,1681032,100000000,16.810320000
1300,1876528,100000000,18.765280000
1301,2058272,100000000,20.582720000
1302,1722528,100000000,17.225280000
1303,1654444,100000000,16.544440000
1304,1948164,100000000,19.481640000
1305,1963184,100000000,19.631840000
1306,1912376,100000000,19.123760000
1307,1934392,100000000,19.343920000
1308,1785204,100000000,17.852040000
1309,2492484,100000000,24.924840000
1310,1713356,100000000,17.133560000
1311,1742020,100000000,17.420200000
1312,1902336,100000000,19.023360000
1313,1829904,100000000,18.299040000
1314,1740100,100000000,17.401000000
1315,3104188,100000000,31.041880000
1316,2150820,100000000,21.508200000
1317,1977468,100000000,19.774680000
1318,3258740,100000000,32.587400000
1319,2100092,100000000,21.000920000
1320,1732784,100000000,17.327840000
1321,1733864,100000000,17.338640000
1322,2048932,100000000,20.489320000
1323,1762712,100000000,17.627120000
1324,1708764,100000000,17.087640000
1325,2110380,100000000,21.103800000
1326,1809652,100000000,18.096520000
1327,1924652,100000000,19.246520000
1328,1940376,100000000,19.403760000
1329,1855196,100000000,18.551960000
1330,2066676,100000000,20.666760000
1331,2085704,100000000,20.857040000
1332,1724944,100000000,17.249440000
1333,2083540,100000000,20.835400000
1334,1775444,100000000,17.754440000
1335,1736016,100000000,17.360160000
1336,2809060,100000000,28.090600000
1337,2714864,100000000,27.148640000
1338,2189572,100000000,21.895720000
1339,1919992,100000000,19.199920000
1340,2612172,100000000,26.121720000
1341,3175176,100000000,31.751760000
1342,2409544,100000000,24.095440000
1343,4012632,100000000,40.126320000
1344,1714796,100000000,17.147960000
1345,1793116,100000000,17.931160000
1346,2441672,100000000,24.416720000
1347,1745992,100000000,17.459920000
1348,1893968,100000000,18.939680000
1349,2537372,100000000,25.373720000
1350,1766064,100000000,17.660640000
1351,1804588,100000000,18.045880000
1352,2019664,100000000,20.196640000
1353,1764104,100000000,17.641040000
1354,2650144,100000000,26.501440000
1355,2766488,100000000,27.664880000
1356,2352360,100000000,23.523600000
1357,1786036,100000000,17.860360000
1358,2468404,100000000,24.684040000
1359,1705532,100000000,17.055320000
1360,1733108,100000000,17.331080000
1361,2122660,100000000,21.226600000
1362,1913064,100000000,19.130640000
1363,2022720,100000000,20.227200000
1364,1726684,100000000,17.266840000
1365,2165348,100000000,21.653480000
1366,1792420,100000000,17.924200000
1367,2127132,100000000,21.271320000
1368,3066244,100000000,30.662440000
1369,1799216,100000000,17.992160000
1370,1850440,100000000,18.504400000
1371,1780916,100000000,17.809160000
1372,2018356,100000000,20.183560000
1373,2203984,100000000,22.039840000
1374,1731056,100000000,17.310560000
1375,2275860,100000000,22.758600000
1376,1732940,100000000,17.329400000
1377,1698496,100000000,16.984960000
1378,1757780,100000000,17.577800000
1379,1803680,100000000,18.036800000
1380,1752316,100000000,17.523160000
1381,1918184,100000000,19.181840000
1382,1850824,100000000,18.508240000
1383,1657296,100000000,16.572960000
1384,2015860,100000000,20.158600000
1385,2081808,100000000,20.818080000
1386,2323916,100000000,23.239160000
1387,3150960,100000000,31.509600000
1388,2461508,100000000,24.615080000
1389,2299116,100000000,22.991160000
1390,1977648,100000000,19.776480000
1391,2074020,100000000,20.740200000
1392,2412112,100000000,24.121120000
1393,1931000,100000000,19.310000000
1394,2063992,100000000,20.639920000
1395,2249428,100000000,22.494280000
1396,2802108,100000000,28.021080000
1397,1956548,100000000,19.565480000
1398,2702628,100000000,27.026280000
1399,1830832,100000000,18.308320000
1400,2031120,100000000,20.311200000
1401,2012280,100000000,20.122800000
1402,2215368,100000000,22.153680000
1403,2469168,100000000,24.691680000
1404,1781592,100000000,17.815920000
1405,1930640,100000000,19.306400000
1406,1846796,100000000,18.467960000
1407,1732708,100000000,17.327080000
1408,3578748,100000000,35.787480000
1409,2137956,100000000,21.379560000
1410,2076296,100000000,20.762960000
1411,2072068,100000000,20.720680000
1412,2274820,100000000,22.748200000
1413,1808720,100000000,18.087200000
1414,1908032,100000000,19.080320000
1415,1845428,100000000,18.454280000
1416,1755724,100000000,17.557240000
1417,3410960,100000000,34.109600000
1418,1737084,100000000,17.370840000
1419,1846444,100000000,18.464440000
1420,1698732,100000000,16.987320000
1421,1866944,100000000,18.669440000
1422,1743324,100000000,17.433240000
1423,1844248,100000000,18.442480000
1424,1871004,100000000,18.710040000
1425,1728564,100000000,17.285640000
1426,1700240,100000000,17.002400000
1427,1867664,100000000,18.676640000
1428,1681552,100000000,16.815520000
1429,2560912,100000000,25.609120000
1430,2401780,100000000,24.017800000
1431,2067780,100000000,20.677800000
1432,2195748,100000000,21.957480000
1433,2034668,100000000,20.346680000
1434,2584736,100000000,25.847360000
1435,2552032,100000000,25.520320000
1436,2177492,100000000,21.774920000
1437,1965060,100000000,19.650600000
1438,1854076,100000000,18.540760000
1439,2040372,100000000,20.403720000
1440,2011800,100000000,20.118000000
1441,1757176,100000000,17.571760000
1442,1893608,100000000,18.936080000
1443,1755208,100000000,17.552080000
1444,1808052,100000000,18.080520000
1445,1960740,100000000,19.607400000
1446,1692808,100000000,16.928080000
1447,1847820,100000000,18.478200000
1448,2100996,100000000,21.009960000
1449,1770640,100000000,17.706400000
1450,1809288,100000000,18.092880000
1451,1884344,100000000,18.843440000
1452,1724768,100000000,17.247680000
1453,1936768,100000000,19.367680000
1454,2049424,100000000,20.494240000
1455,1791720,100000000,17.917200000
1456,2358460,100000000,23.584600000
1457,2090772,100000000,20.907720000
1458,1719764,100000000,17.197640000
1459,2151972,100000000,21.519720000
1460,2040648,100000000,20.406480000
1461,3242160,100000000,32.421600000
1462,1734560,100000000,17.345600000
1463,1724608,100000000,17.246080000
1464,1749060,100000000,17.490600000
1465,1743144,100000000,17.431440000
1466,2043844,100000000,20.438440000
1467,1732064,100000000,17.320640000
1468,2350432,100000000,23.504320000
1469,2058984,100000000,20.589840000
1470,2069940,100000000,20.699400000
1471,1777180,100000000,17.771800000
1472,1748884,100000000,17.488840000
1473,1930712,100000000,19.307120000
1474,1787536,100000000,17.875360000
1475,1906164,100000000,19.061640000
1476,1753748,100000000,17.537480000
1477,2479900,100000000,24.799000000
1478,2912560,100000000,29.125600000
1479,2848740,100000000,28.487400000
1480,2999508,100000000,29.995080000
1481,3521496,100000000,35.214960000
1482,2868564,100000000,28.685640000
1483,2984292,100000000,29.842920000
1484,2608720,100000000,26.087200000
1485,2515316,100000000,25.153160000
1486,2156072,100000000,21.560720000
1487,2461876,100000000,24.618760000
1488,1748140,100000000,17.481400000
1489,1891424,100000000,18.914240000
1490,2043968,100000000,20.439680000
1491,1940560,100000000,19.405600000
1492,2441576,100000000,24.415760000
1493,1699164,100000000,16.991640000
1494,1751944,100000000,17.519440000
1495,1856392,100000000,18.563920000
1496,1933832,100000000,19.338320000
1497,1728072,100000000,17.280720000
1498,1831696,100000000,18.316960000
1499,2058016,100000000,20.580160000
1500,1721056,100000000,17.210560000
1501,2310248,100000000,23.102480000
1502,1818208,100000000,18.182080000
1503,2480328,100000000,24.803280000
1504,1769372,100000000,17.693720000
1505,1750408,100000000,17.504080000
1506,1812892,100000000,18.128920000
1507,1902588,100000000,19.025880000
1508,2736852,100000000,27.368520000
1509,1712900,100000000,17.129000000
1510,1970012,100000000,19.700120000
1511,1786296,100000000,17.862960000
1512,1744976,100000000,17.449760000
1513,2037572,100000000,20.375720000
1514,1943144,100000000,19.431440000
1515,2323292,100000000,23.232920000
1516,2009116,100000000,20.091160000
1517,2870772,100000000,28.707720000
1518,1690180,100000000,16.901800000
1519,1748860,100000000,17.488600000
1520,1743184,100000000,17.431840000
1521,1751680,100000000,17.516800000
1522,1951884,100000000,19.518840000
1523,1904000,100000000,19.040000000
1524,1736164,100000000,17.361640000
1525,1911504,100000000,19.115040000
1526,1747212,100000000,17.472120000
1527,2035268,100000000,20.352680000
1528,1787344,100000000,17.873440000
1529,1793996,100000000,17.939960000
1530,1693156,100000000,16.931560000
1531,1868588,100000000,18.685880000
1532,2022896,100000000,20.228960000
1533,1756716,100000000,17.567160000
1534,1736556,100000000,17.365560000
1535,1865836,100000000,18.658360000
1536,2097484,100000000,20.974840000
1537,1767032,100000000,17.670320000
1538,1799900,100000000,17.999000000
1539,1834540,100000000,18.345400000
1540,3446112,100000000,34.461120000
1541,1754304,100000000,17.543040000
1542,1737340,100000000,17.373400000
1543,2048124,100000000,20.481240000
1544,1929732,100000000,19.297320000
1545,1699144,100000000,16.991440000
1546,2401600,100000000,24.016000000
1547,2486248,100000000,24.862480000
1548,1766768,100000000,17.667680000
1549,1996244,100000000,19.962440000
1550,1887408,100000000,18.874080000
1551,1898300,100000000,18.983000000
1552,1997712,100000000,19.977120000
1553,2713952,100000000,27.139520000
1554,1703548,100000000,17.035480000
1555,1844444,100000000,18.444440000
1556,1798464,100000000,17.984640000
1557,1757120,100000000,17.571200000
1558,1994416,100000000,19.944160000
1559,1932440,100000000,19.324400000
1560,1691424,100000000,16.914240000
1561,1977604,100000000,19.776040000
1562,2142164,100000000,21.421640000
1563,2250960,100000000,22.509600000
1564,1919200,100000000,19.192000000
1565,2094448,100000000,20.944480000
1566,3299460,100000000,32.994600000
1567,3429604,100000000,34.296040000
1568,1703952,100000000,17.039520000
1569,1767492,100000000,17.674920000
1570,1753344,100000000,17.533440000
1571,1916648,100000000,19.166480000
1572,1797560,100000000,17.975600000
1573,1892572,100000000,18.925720000
1574,1697900,100000000,16.979000000
1575,1735476,100000000,17.354760000
1576,1938868,100000000,19.388680000
1577,1861656,100000000,18.616560000
1578,1996192,100000000,19.961920000
1579,1788136,100000000,17.881360000
1580,1725520,100000000,17.255200000
1581,1701580,100000000,17.015800000
1582,1831932,100000000,18.319320000
1583,1934480,100000000,19.344800000
1584,1738244,100000000,17.382440000
1585,1707968,100000000,17.079680000
1586,2159668,100000000,21.596680000
1587,1681744,100000000,16.817440000
1588,1930764,100000000,19.307640000
1589,1804256,100000000,18.042560000
1590,1696808,100000000,16.968080000
1591,1935988,100000000,19.359880000
1592,1713192,100000000,17.131920000
1593,2137508,100000000,21.375080000
1594,2238896,100000000,22.388960000
1595,2477192,100000000,24.771920000
1596,2572580,100000000,25.725800000
1597,2696220,100000000,26.962200000
1598,1828400,100000000,18.284000000
1599,3082924,100000000,30.829240000
1600,1749788,100000000,17.497880000
1601,2010392,100000000,20.103920000
1602,2317288,100000000,23.172880000
1603,1647812,100000000,16.478120000
1604,1833112,100000000,18.331120000
1605,1939324,100000000,19.393240000
1606,1765704,100000000,17.657040000
1607,1807628,100000000,18.076280000
1608,2677960,100000000,26.779600000
1609,1780960,100000000,17.809600000
1610,2718808,100000000,27.188080000
1611,2054700,100000000,20.547000000
1612,2317516,100000000,23.175160000
1613,3383144,100000000,33.831440000
1614,1723700,100000000,17.237000000
1615,1755388,100000000,17.553880000
1616,1748040,100000000,17.480400000
1617,1811464,100000000,18.114640000
1618,1737324,100000000,17.373240000
1619,1996064,100000000,19.960640000
1620,1874416,100000000,18.744160000
1621,2758576,100000000,27.585760000
1622,1719312,100000000,17.193120000
1623,1989272,100000000,19.892720000
1624,1728464,100000000,17.284640000
1625,1829176,100000000,18.291760000
1626,1931992,100000000,19.319920000
1627,1714588,100000000,17.145880000
1628,2056400,100000000,20.564000000
1629,1975300,100000000,19.753000000
1630,1926204,100000000,19.262040000
1631,2307236,100000000,23.072360000
1632,2661284,100000000,26.612840000
1633,1732196,100000000,17.321960000
1634,1716556,100000000,17.165560000
1635,1988520,100000000,19.885200000
1636,2860188,100000000,28.601880000
1637,3010056,100000000,30.100560000
1638,2449840,100000000,24.498400000
1639,3917108,100000000,39.171080000
1640,2137604,100000000,21.376040000
1641,1935572,100000000,19.355720000
1642,1768708,100000000,17.687080000
1643,1718040,100000000,17.180400000
1644,2178888,100000000,21.788880000
1645,2275052,100000000,22.750520000
1646,2825836,100000000,28.258360000
1647,2035592,100000000,20.355920000
1648,2169664,100000000,21.696640000
1649,1730444,100000000,17.304440000
1650,1922756,100000000,19.227560000
1651,2095092,100000000,20.950920000
1652,1803192,100000000,18.031920000
1653,2586188,100000000,25.861880000
1654,1781004,100000000,17.810040000
1655,1690504,100000000,16.905040000
1656,2402184,100000000,24.021840000
1657,1889412,100000000,18.894120000
1658,2525720,100000000,25.257200000
1659,1846512,100000000,18.465120000
1660,1994068,100000000,19.940680000
1661,1771308,100000000,17.713080000
1662,2058228,100000000,20.582280000
1663,2118336,100000000,21.183360000
1664,2465980,100000000,24.659800000
1665,1856700,100000000,18.567000000
1666,1759792,100000000,17.597920000
1667,1745676,100000000,17.456760000
1668,2020020,100000000,20.200200000
1669,2031672,100000000,20.316720000
1670,2777292,100000000,27.772920000
1671,3342784,100000000,33.427840000
1672,2108464,100000000,21.084640000
1673,1854364,100000000,18.543640000
1674,1807568,100000000,18.075680000
1675,1775068,100000000,17.750680000
1676,1783496,100000000,17.834960000
1677,1698000,100000000,16.980000000
1678,1747732,100000000,17.477320000
1679,1659096,100000000,16.590960000
1680,2804212,100000000,28.042120000
1681,1725904,100000000,17.259040000
1682,1762380,100000000,17.623800000
1683,1931168,100000000,19.311680000
1684,1785284,100000000,17.852840000
1685,1773808,100000000,17.738080000
1686,2628148,100000000,26.281480000
1687,3002780,100000000,30.027800000
1688,2530872,100000000,25.308720000
1689,2465652,100000000,24.656520000
1690,2649444,100000000,26.494440000
1691,2884492,100000000,28.844920000
1692,2815428,100000000,28.154280000
1693,3018892,100000000,30.188920000
1694,1937072,100000000,19.370720000
1695,2046060,100000000,20.460600000
1696,1963244,100000000,19.632440000
1697,1849944,100000000,18.499440000
1698,1825920,100000000,18.259200000
1699,1915420,100000000,19.154200000
1700,1815000,100000000,18.150000000
1701,1780416,100000000,17.804160000
1702,1834512,100000000,18.345120000
1703,1835060,100000000,18.350600000
1704,2849612,100000000,28.496120000
1705,1743520,100000000,17.435200000
1706,1705516,100000000,17.055160000
1707,2374160,100000000,23.741600000
1708,2016820,100000000,20.168200000
1709,1865820,100000000,18.658200000
1710,2068808,100000000,20.688080000
1711,1893052,100000000,18.930520000
1712,1796204,100000000,17.962040000
1713,1730552,100000000,17.305520000
1714,1788904,100000000,17.889040000
1715,1704140,100000000,17.041400000
1716,1761784,100000000,17.617840000
1717,2077992,100000000,20.779920000
1718,2219244,100000000,22.192440000
1719,3796440,100000000,37.964400000
1720,1707852,100000000,17.078520000
1721,1750524,100000000,17.505240000
1722,2138012,100000000,21.380120000
1723,2085012,100000000,20.850120000
1724,2364800,100000000,23.648000000
1725,1804876,100000000,18.048760000
1726,2170724,100000000,21.707240000
1727,2032008,100000000,20.320080000
1728,2987484,100000000,29.874840000
1729,3089352,100000000,30.893520000
1730,2107392,100000000,21.073920000
1731,1802184,100000000,18.021840000
1732,2629120,100000000,26.291200000
1733,2204896,100000000,22.048960000
1734,2029928,100000000,20.299280000
1735,1780944,100000000,17.809440000
1736,1769568,100000000,17.695680000
1737,1952116,100000000,19.521160000
1738,1845140,100000000,18.451400000
1739,1741512,100000000,17.415120000
1740,1913644,100000000,19.136440000
1741,1820048,100000000,18.200480000
1742,1778980,100000000,17.789800000
1743,1804412,100000000,18.044120000
1744,1862564,100000000,18.625640000
1745,2103904,100000000,21.039040000
1746,1878920,100000000,18.789200000
1747,2134436,100000000,21.344360000
1748,1700604,100000000,17.006040000
1749,1852084,100000000,18.520840000
1750,2128172,100000000,21.281720000
1751,1717784,100000000,17.177840000
1752,1817668,100000000,18.176680000
1753,2102036,100000000,21.020360000
1754,1751736,100000000,17.517360000
1755,1781608,100000000,17.816080000
1756,1904092,100000000,19.040920000
1757,1729684,100000000,17.296840000
1758,3079648,100000000,30.796480000
1759,2163852,100000000,21.638520000
1760,1999784,100000000,19.997840000
1761,1951148,100000000,19.511480000
1762,1916864,100000000,19.168640000
1763,1739372,100000000,17.393720000
1764,1751364,100000000,17.513640000
1765,1756004,100000000,17.560040000
1766,1728124,100000000,17.281240000
1767,1738512,100000000,17.385120000
1768,1993148,100000000,19.931480000
1769,1761872,100000000,17.618720000
1770,2283144,100000000,22.831440000
1771,2182000,100000000,21.820000000
1772,2292264,100000000,22.922640000
1773,2730824,100000000,27.308240000
1774,1757216,100000000,17.572160000
1775,1743172,100000000,17.431720000
1776,2772460,100000000,27.724600000
1777,1688704,100000000,16.887040000
1778,1725684,100000000,17.256840000
1779,1770392,100000000,17.703920000
1780,1991120,100000000,19.911200000
1781,2030184,100000000,20.301840000
1782,1790536,100000000,17.905360000
1783,1775452,100000000,17.754520000
1784,1725736,100000000,17.257360000
1785,2109932,100000000,21.099320000
1786,1790388,100000000,17.903880000
1787,2281236,100000000,22.812360000
1788,1997468,100000000,19.974680000
1789,1840380,100000000,18.403800000
1790,1733104,100000000,17.331040000
1791,2672876,100000000,26.728760000
1792,3328776,100000000,33.287760000
1793,1739364,100000000,17.393640000
1794,1861608,100000000,18.616080000
1795,1740892,100000000,17.408920000
1796,1743304,100000000,17.433040000
1797,1818996,100000000,18.189960000
1798,1897424,100000000,18.974240000
1799,1774800,100000000,17.748000000
1800,2413476,100000000,24.134760000
1801,1665452,100000000,16.654520000
1802,2572592,100000000,25.725920000
1803,1894628,100000000,18.946280000
1804,2984232,100000000,29.842320000
1805,1715912,100000000,17.159120000
1806,1797952,100000000,17.979520000
1807,2023220,100000000,20.232200000
1808,1727756,100000000,17.277560000
1809,2492328,100000000,24.923280000
1810,1948364,100000000,19.483640000
1811,2728220,100000000,27.282200000
1812,2188748,100000000,21.887480000
1813,2325300,100000000,23.253000000
1814,2145452,100000000,21.454520000
1815,2766036,100000000,27.660360000
1816,2517868,100000000,25.178680000
1817,1754008,100000000,17.540080000
1818,2520132,100000000,25.201320000
1819,1709508,100000000,17.095080000
1820,1785652,100000000,17.856520000
1821,1810772,100000000,18.107720000
1822,1911048,100000000,19.110480000
1823,1726784,100000000,17.267840000
1824,1909660,100000000,19.096600000
1825,1744280,100000000,17.442800000
1826,1735944,100000000,17.359440000
1827,1755172,100000000,17.551720000
1828,1846800,100000000,18.468000000
1829,1711468,100000000,17.114680000
1830,1821156,100000000,18.211560000
1831,1828248,100000000,18.282480000
1832,1724312,100000000,17.243120000
1833,1805956,100000000,18.059560000
1834,1909380,100000000,19.093800000
1835,2057276,100000000,20.572760000
1836,2845412,100000000,28.454120000
1837,2270896,100000000,22.708960000
1838,1784408,100000000,17.844080000
1839,1752264,100000000,17.522640000
1840,1884520,100000000,18.845200000
1841,1709784,100000000,17.097840000
1842,1820876,100000000,18.208760000
1843,1764804,100000000,17.648040000
1844,1919088,100000000,19.190880000
1845,2417928,100000000,24.179280000
1846,1802400,100000000,18.024000000
1847,1786100,100000000,17.861000000
1848,1846500,100000000,18.465000000
1849,1884020,100000000,18.840200000
1850,2236244,100000000,22.362440000
1851,3182192,100000000,31.821920000
1852,1726292,100000000,17.262920000
1853,1716128,100000000,17.161280000
1854,2003456,100000000,20.034560000
1855,1872940,100000000,18.729400000
1856,2948208,100000000,29.482080000
1857,2249044,100000000,22.490440000
1858,2480932,100000000,24.809320000
1859,1820572,100000000,18.205720000
1860,2010920,100000000,20.109200000
1861,2247600,100000000,22.476000000
1862,2440164,100000000,24.401640000
1863,1887872,100000000,18.878720000
1864,1985420,100000000,19.854200000
1865,1780456,100000000,17.804560000
1866,2357444,100000000,23.574440000
1867,2692668,100000000,26.926680000
1868,1714596,100000000,17.145960000
1869,1832144,100000000,18.321440000
1870,1994052,100000000,19.940520000
1871,1753936,100000000,17.539360000
1872,1857232,100000000,18.572320000
1873,1739684,100000000,17.396840000
1874,2383840,100000000,23.838400000
1875,3138732,100000000,31.387320000
1876,1716420,100000000,17.164200000
1877,1753852,100000000,17.538520000
1878,2055016,100000000,20.550160000
1879,1738588,100000000,17.385880000
1880,1893176,100000000,18.931760000
1881,1930140,100000000,19.301400000
1882,2079256,100000000,20.792560000
1883,1963444,100000000,19.634440000
1884,1704688,100000000,17.046880000
1885,1724836,100000000,17.248360000
1886,1751952,100000000,17.519520000
1887,1809328,100000000,18.093280000
1888,1878272,100000000,18.782720000
1889,1851212,100000000,18.512120000
1890,1723744,100000000,17.237440000
1891,1726216,100000000,17.262160000
1892,1734856,100000000,17.348560000
1893,1761324,100000000,17.613240000
1894,2713508,100000000,27.135080000
1895,1891300,100000000,18.913000000
1896,2370472,100000000,23.704720000
1897,1825844,100000000,18.258440000
1898,1700228,100000000,17.002280000
1899,1726524,100000000,17.265240000
1900,1842072,100000000,18.420720000
1901,1705844,100000000,17.058440000
1902,1967096,100000000,19.670960000
1903,1991060,100000000,19.910600000
1904,2661428,100000000,26.614280000
1905,1736480,100000000,17.364800000
1906,1813896,100000000,18.138960000
1907,2047296,100000000,20.472960000
1908,1822244,100000000,18.222440000
1909,2055388,100000000,20.553880000
1910,1752544,100000000,17.525440000
1911,1750292,100000000,17.502920000
1912,1738048,100000000,17.380480000
1913,2049540,100000000,20.495400000
1914,2063024,100000000,20.630240000
1915,2001188,100000000,20.011880000
1916,1995268,100000000,19.952680000
1917,1675552,100000000,16.755520000
1918,1944264,100000000,19.442640000
1919,1991104,100000000,19.911040000
1920,1750700,100000000,17.507000000
1921,1802604,100000000,18.026040000
1922,1751060,100000000,17.510600000
1923,2170252,100000000,21.702520000
1924,2616428,100000000,26.164280000
1925,1830272,100000000,18.302720000
1926,2326488,100000000,23.264880000
1927,1924060,100000000,19.240600000
1928,1874140,100000000,18.741400000
1929,1902416,100000000,19.024160000
1930,2362196,100000000,23.621960000
1931,1743824,100000000,17.438240000
1932,1837660,100000000,18.376600000
1933,1997716,100000000,19.977160000
1934,1855680,100000000,18.556800000
1935,2245720,100000000,22.457200000
1936,1687488,100000000,16.874880000
1937,2140196,100000000,21.401960000
1938,2101028,100000000,21.010280000
1939,1734696,100000000,17.346960000
1940,1732940,100000000,17.329400000
1941,1765148,100000000,17.651480000
1942,1720688,100000000,17.206880000
1943,1698480,100000000,16.984800000
1944,1914064,100000000,19.140640000
1945,1911016,100000000,19.110160000
1946,1763108,100000000,17.631080000
1947,2522820,100000000,25.228200000
1948,2643592,100000000,26.435920000
1949,1798620,100000000,17.986200000
1950,1949376,100000000,19.493760000
1951,1763120,100000000,17.631200000
1952,1654016,100000000,16.540160000
1953,1961744,100000000,19.617440000
1954,1730536,100000000,17.305360000
1955,1734464,100000000,17.344640000
1956,1694816,100000000,16.948160000
1957,2021564,100000000,20.215640000
1958,1757144,100000000,17.571440000
1959,1756560,100000000,17.565600000
1960,1855696,100000000,18.556960000
1961,2011920,100000000,20.119200000
1962,1719656,100000000,17.196560000
1963,2178596,100000000,21.785960000
1964,1894644,100000000,18.946440000
1965,3111060,100000000,31.110600000
1966,1786056,100000000,17.860560000
1967,1747004,100000000,17.470040000
1968,1750280,100000000,17.502800000
1969,1889416,100000000,18.894160000
1970,1684028,100000000,16.840280000
1971,1987240,100000000,19.872400000
1972,1912192,100000000,19.121920000
1973,1973996,100000000,19.739960000
1974,2279320,100000000,22.793200000
1975,1954968,100000000,19.549680000
1976,2367172,100000000,23.671720000
1977,2806372,100000000,28.063720000
1978,2249680,100000000,22.496800000
1979,2543728,100000000,25.437280000
1980,1972832,100000000,19.728320000
1981,2197168,100000000,21.971680000
1982,2203508,100000000,22.035080000
1983,1807652,100000000,18.076520000
1984,2898120,100000000,28.981200000
1985,1763544,100000000,17.635440000
1986,1973560,100000000,19.735600000
1987,1795744,100000000,17.957440000
1988,2442344,100000000,24.423440000
1989,1781704,100000000,17.817040000
1990,1721016,100000000,17.210160000
1991,1744592,100000000,17.445920000
1992,1748408,100000000,17.484080000
1993,2193256,100000000,21.932560000
1994,2199332,100000000,21.993320000
1995,3359980,100000000,33.599800000
1996,1715044,100000000,17.150440000
1997,1722684,100000000,17.226840000
1998,1741168,100000000,17.411680000
1999,1680228,100000000,16.802280000
2000,1744540,100000000,17.445400000
2001,1943224,100000000,19.432240000
2002,2069252,100000000,20.692520000
2003,2078320,100000000,20.783200000
2004,2465164,100000000,24.651640000
2005,2273784,100000000,22.737840000
2006,1729320,100000000,17.293200000
2007,1789496,100000000,17.894960000
2008,2095016,100000000,20.950160000
2009,1698032,100000000,16.980320000
2010,2021972,100000000,20.219720000
2011,1831824,100000000,18.318240000
2012,1704188,100000000,17.041880000
2013,1730904,100000000,17.309040000
2014,1740544,100000000,17.405440000
2015,1723708,100000000,17.237080000
2016,2750612,100000000,27.506120000
2017,1720708,100000000,17.207080000
2018,1750468,100000000,17.504680000
2019,1771252,100000000,17.712520000
2020,1866300,100000000,18.663000000
2021,1793116,100000000,17.931160000
2022,2223924,100000000,22.239240000
2023,1995620,100000000,19.956200000
2024,2272068,100000000,22.720680000
2025,1942664,100000000,19.426640000
2026,1906972,100000000,19.069720000
2027,1725616,100000000,17.256160000
2028,2898544,100000000,28.985440000
2029,1741512,100000000,17.415120000
2030,1721496,100000000,17.214960000
2031,1920964,100000000,19.209640000
2032,1960448,100000000,19.604480000
2033,1714768,100000000,17.147680000
2034,1939232,100000000,19.392320000
2035,1763988,100000000,17.639880000
2036,1729192,100000000,17.291920000
2037,1782184,100000000,17.821840000
2038,2036908,100000000,20.369080000
2039,1705720,100000000,17.057200000
2040,2212876,100000000,22.128760000
2041,2061720,100000000,20.617200000
2042,1804812,100000000,18.048120000
2043,1824264,100000000,18.242640000
2044,1765252,100000000,17.652520000
2045,1850476,100000000,18.504760000
2046,2866164,100000000,28.661640000
2047,3334048,100000000,33.340480000
2048,2610728,100000000,26.107280000
2049,3094932,100000000,30.949320000
2050,2310352,100000000,23.103520000
2051,1737528,100000000,17.375280000
2052,1770288,100000000,17.702880000
2053,1834320,100000000,18.343200000
2054,2145408,100000000,21.454080000
2055,1864204,100000000,18.642040000
2056,2124512,100000000,21.245120000
2057,2019092,100000000,20.190920000
2058,1677960,100000000,16.779600000
2059,1942404,100000000,19.424040000
2060,1728848,100000000,17.288480000
2061,2493760,100000000,24.937600000
2062,2765248,100000000,27.652480000
2063,2913128,100000000,29.131280000
2064,2373040,100000000,23.730400000
2065,2837004,100000000,28.370040000
2066,1761404,100000000,17.614040000
2067,2212736,100000000,22.127360000
2068,1938148,100000000,19.381480000
2069,2503468,100000000,25.034680000
2070,1826996,100000000,18.269960000
2071,1974288,100000000,19.742880000
2072,1957848,100000000,19.578480000
2073,3094216,100000000,30.942160000
2074,2233640,100000000,22.336400000
2075,1947712,100000000,19.477120000
2076,2181280,100000000,21.812800000
2077,1822192,100000000,18.221920000
2078,1886880,100000000,18.868800000
2079,1812144,100000000,18.121440000
2080,2416320,100000000,24.163200000
2081,1753540,100000000,17.535400000
2082,1840384,100000000,18.403840000
2083,1858100,100000000,18.581000000
2084,1800312,100000000,18.003120000
2085,1997272,100000000,19.972720000
2086,2078272,100000000,20.782720000
2087,1795552,100000000,17.955520000
2088,1718744,100000000,17.187440000
2089,1727116,100000000,17.271160000
2090,1687572,100000000,16.875720000
2091,1897276,100000000,18.972760000
2092,1868360,100000000,18.683600000
2093,1745220,100000000,17.452200000
2094,2172900,100000000,21.729000000
2095,1774352,100000000,17.743520000
2096,2441492,100000000,24.414920000
2097,1810900,100000000,18.109000000
2098,1939956,100000000,19.399560000
2099,1906732,100000000,19.067320000
2100,3317324,100000000,33.173240000
2101,1749080,100000000,17.490800000
2102,1707764,100000000,17.077640000
2103,1715984,100000000,17.159840000
2104,1711672,100000000,17.116720000
2105,1722000,100000000,17.220000000
2106,1730892,100000000,17.308920000
2107,1837400,100000000,18.374000000
2108,1801368,100000000,18.013680000
2109,1752888,100000000,17.528880000
2110,2642248,100000000,26.422480000
2111,2888244,100000000,28.882440000
2112,1758984,100000000,17.589840000
2113,2003232,100000000,20.032320000
2114,2160916,100000000,21.609160000
2115,2543720,100000000,25.437200000
2116,1816512,100000000,18.165120000
2117,2026072,100000000,20.260720000
2118,1729676,100000000,17.296760000
2119,1938324,100000000,19.383240000
2120,1952668,100000000,19.526680000
2121,2259308,100000000,22.593080000
2122,1801752,100000000,18.017520000
2123,1753824,100000000,17.538240000
2124,1733936,100000000,17.339360000
2125,1860244,100000000,18.602440000
2126,1964112,100000000,19.641120000
2127,1777736,100000000,17.777360000
2128,2900808,100000000,29.008080000
2129,1731372,100000000,17.313720000
2130,1722552,100000000,17.225520000
2131,1834664,100000000,18.346640000
2132,1861380,100000000,18.613800000
2133,1785708,100000000,17.857080000
2134,1769536,100000000,17.695360000
2135,1686560,100000000,16.865600000
2136,1754388,100000000,17.543880000
2137,2580300,100000000,25.803000000
2138,1843912,100000000,18.439120000
2139,1752736,100000000,17.527360000
2140,1850632,100000000,18.506320000
2141,2162880,100000000,21.628800000
2142,1701936,100000000,17.019360000
2143,1778180,100000000,17.781800000
2144,2811524,100000000,28.115240000
2145,1696816,100000000,16.968160000
2146,1836224,100000000,18.362240000
2147,1863216,100000000,18.632160000
2148,1783316,100000000,17.833160000
2149,2209688,100000000,22.096880000
2150,2201100,100000000,22.011000000
2151,2234584,100000000,22.345840000
2152,1782072,100000000,17.820720000
2153,1768752,100000000,17.687520000
2154,1706928,100000000,17.069280000
2155,1851156,100000000,18.511560000
2156,1824184,100000000,18.241840000
2157,3316704,100000000,33.167040000
2158,1855016,100000000,18.550160000
2159,1971940,100000000,19.719400000
2160,1786996,100000000,17.869960000
2161,2405788,100000000,24.057880000
2162,2519480,100000000,25.194800000
2163,1912996,100000000,19.129960000
2164,1678700,100000000,16.787000000
2165,1714524,100000000,17.145240000
2166,1693804,100000000,16.938040000
2167,2271320,100000000,22.713200000
2168,2082872,100000000,20.828720000
2169,1887336,100000000,18.873360000
2170,2040264,100000000,20.402640000
2171,1835732,100000000,18.357320000
2172,2122044,100000000,21.220440000
2173,3174132,100000000,31.741320000
2174,3594672,100000000,35.946720000
2175,2789044,100000000,27.890440000
2176,1773884,100000000,17.738840000
2177,1793776,100000000,17.937760000
2178,2437540,100000000,24.375400000
2179,1723168,100000000,17.231680000
2180,1808224,100000000,18.082240000
2181,1761228,100000000,17.612280000
2182,1787992,100000000,17.879920000
2183,1774916,100000000,17.749160000
2184,1776216,100000000,17.762160000
2185,1712492,100000000,17.124920000
2186,1690512,100000000,16.905120000
2187,1770560,100000000,17.705600000
2188,2410396,100000000,24.103960000
2189,2918888,100000000,29.188880000
2190,1706480,100000000,17.064800000
2191,1812420,100000000,18.124200000
2192,1930600,100000000,19.306000000
2193,1776336,100000000,17.763360000
2194,1700532,100000000,17.005320000
2195,2019312,100000000,20.193120000
2196,1695208,100000000,16.952080000
2197,1819080,100000000,18.190800000
2198,1850352,100000000,18.503520000
2199,1798464,100000000,17.984640000
2200,1859676,100000000,18.596760000
2201,1928652,100000000,19.286520000
2202,1718312,100000000,17.183120000
2203,2253476,100000000,22.534760000
2204,1908204,100000000,19.082040000
2205,1711824,100000000,17.118240000
2206,1683952,100000000,16.839520000
2207,1699428,100000000,16.994280000
2208,1736448,100000000,17.364480000
2209,1790540,100000000,17.905400000
2210,1999968,100000000,19.999680000
2211,1870136,100000000,18.701360000
2212,2160340,100000000,21.603400000
2213,2430608,100000000,24.306080000
2214,1681868,100000000,16.818680000
2215,1996708,100000000,19.967080000
2216,1733904,100000000,17.339040000
2217,1763728,100000000,17.637280000
2218,2082624,100000000,20.826240000
2219,2088960,100000000,20.889600000
2220,1736108,100000000,17.361080000
2221,1789036,100000000,17.890360000
2222,2996108,100000000,29.961080000
2223,1751940,100000000,17.519400000
2224,1730188,100000000,17.301880000
2225,1795304,100000000,17.953040000
2226,1712196,100000000,17.121960000
2227,1815140,100000000,18.151400000
2228,1840808,100000000,18.408080000
2229,1790868,100000000,17.908680000
2230,1785460,100000000,17.854600000
2231,1709128,100000000,17.091280000
2232,1755020,100000000,17.550200000
2233,1818964,100000000,18.189640000
2234,1735408,100000000,17.354080000
2235,1719448,100000000,17.194480000
2236,2118868,100000000,21.188680000
2237,2874312,100000000,28.743120000
2238,2279140,100000000,22.791400000
2239,2443888,100000000,24.438880000
2240,1984836,100000000,19.848360000
2241,2791952,100000000,27.919520000
2242,1833876,100000000,18.338760000
2243,3814348,100000000,38.143480000
2244,2983968,100000000,29.839680000
2245,3000096,100000000,30.000960000
2246,1698512,100000000,16.985120000
2247,1716308,100000000,17.163080000
2248,2647232,100000000,26.472320000
2249,1804240,100000000,18.042400000
2250,1997824,100000000,19.978240000
2251,1775648,100000000,17.756480000
2252,1706828,100000000,17.068280000
2253,1833916,100000000,18.339160000
2254,2955756,100000000,29.557560000
2255,2873376,100000000,28.733760000
2256,1979276,100000000,19.792760000
2257,2763736,100000000,27.637360000
2258,1756652,100000000,17.566520000
2259,1692196,100000000,16.921960000
2260,2253520,100000000,22.535200000
2261,1983392,100000000,19.833920000
2262,2530292,100000000,25.302920000
2263,1783452,100000000,17.834520000
2264,1951504,100000000,19.515040000
2265,1741892,100000000,17.418920000
2266,1762452,100000000,17.624520000
2267,1858584,100000000,18.585840000
2268,1869884,100000000,18.698840000
2269,2836128,100000000,28.361280000
2270,2315940,100000000,23.159400000
2271,2905336,100000000,29.053360000
2272,2795716,100000000,27.957160000
2273,2869488,100000000,28.694880000
2274,2038440,100000000,20.384400000
2275,2520468,100000000,25.204680000
2276,1736404,100000000,17.364040000
2277,2219688,100000000,22.196880000
2278,3356612,100000000,33.566120000
2279,1772300,100000000,17.723000000
2280,1729948,100000000,17.299480000
2281,2446428,100000000,24.464280000
2282,1718620,100000000,17.186200000
2283,1716716,100000000,17.167160000
2284,1884488,100000000,18.844880000
2285,2103332,100000000,21.033320000
2286,1782672,100000000,17.826720000
2287,1997200,100000000,19.972000000
2288,1830472,100000000,18.304720000
2289,1691232,100000000,16.912320000
2290,1887432,100000000,18.874320000
2291,1854108,100000000,18.541080000
2292,1857636,100000000,18.576360000
2293,2719892,100000000,27.198920000
2294,2716576,100000000,27.165760000
2295,2815500,100000000,28.155000000
2296,2101032,100000000,21.010320000
2297,1759544,100000000,17.595440000
2298,1726332,100000000,17.263320000
2299,1761164,100000000,17.611640000
2300,1908712,100000000,19.087120000
2301,2264892,100000000,22.648920000
2302,1993604,100000000,19.936040000
2303,1753640,100000000,17.536400000
2304,1746256,100000000,17.462560000
2305,2043024,100000000,20.430240000
2306,1933152,100000000,19.331520000
2307,1811792,100000000,18.117920000
2308,2011880,100000000,20.118800000
2309,2125564,100000000,21.255640000
2310,1718704,100000000,17.187040000
2311,1750404,100000000,17.504040000
2312,1868696,100000000,18.686960000
2313,1760408,100000000,17.604080000
2314,1837428,100000000,18.374280000
2315,1799092,100000000,17.990920000
2316,1804256,100000000,18.042560000
2317,1791164,100000000,17.911640000
2318,1999856,100000000,19.998560000
2319,2229388,100000000,22.293880000
2320,1911744,100000000,19.117440000
2321,1878420,100000000,18.784200000
2322,1724860,100000000,17.248600000
2323,1768000,100000000,17.680000000
2324,1885964,100000000,18.859640000
2325,1924872,100000000,19.248720000
2326,2008700,100000000,20.087000000
2327,1767068,100000000,17.670680000
2328,1760464,100000000,17.604640000
2329,2762812,100000000,27.628120000
2330,1710008,100000000,17.100080000
2331,1723440,100000000,17.234400000
2332,1834116,100000000,18.341160000
2333,2045288,100000000,20.452880000
2334,1841892,100000000,18.418920000
2335,2500024,100000000,25.000240000
2336,2269152,100000000,22.691520000
2337,2147168,100000000,21.471680000
2338,1807796,100000000,18.077960000
2339,1791380,100000000,17.913800000
2340,1773436,100000000,17.734360000
2341,1805772,100000000,18.057720000
2342,2412008,100000000,24.120080000
2343,1731408,100000000,17.314080000
2344,1962800,100000000,19.628000000
2345,1888152,100000000,18.881520000
2346,2154208,100000000,21.542080000
2347,1818684,100000000,18.186840000
2348,2479728,100000000,24.797280000
2349,1754372,100000000,17.543720000
2350,1835300,100000000,18.353000000
2351,2144884,100000000,21.448840000
2352,1761224,100000000,17.612240000
2353,1981412,100000000,19.814120000
2354,2033388,100000000,20.333880000
2355,1754212,100000000,17.542120000
2356,2042452,100000000,20.424520000
2357,1942596,100000000,19.425960000
2358,2219464,100000000,22.194640000
2359,2285408,100000000,22.854080000
2360,1757440,100000000,17.574400000
2361,1750524,100000000,17.505240000
2362,2071636,100000000,20.716360000
2363,1917080,100000000,19.170800000
2364,1795904,100000000,17.959040000
2365,1858816,100000000,18.588160000
2366,1945996,100000000,19.459960000
2367,1823684,100000000,18.236840000
2368,1942644,100000000,19.426440000
2369,2668412,100000000,26.684120000
2370,1774076,100000000,17.740760000
2371,1781336,100000000,17.813360000
2372,2445388,100000000,24.453880000
2373,3298492,100000000,32.984920000
2374,2455496,100000000,24.554960000
2375,3186864,100000000,31.868640000
2376,1725440,100000000,17.254400000
2377,1755960,100000000,17.559600000
2378,1765384,100000000,17.653840000
2379,1891256,100000000,18.912560000
2380,1708764,100000000,17.087640000
2381,2275032,100000000,22.750320000
2382,1870872,100000000,18.708720000
2383,1770016,100000000,17.700160000
2384,1780444,100000000,17.804440000
2385,2036232,100000000,20.362320000
2386,1727264,100000000,17.272640000
2387,2057548,100000000,20.575480000
2388,1959756,100000000,19.597560000
2389,2155032,100000000,21.550320000
2390,1870512,100000000,18.705120000
2391,1887436,100000000,18.874360000
2392,2097256,100000000,20.972560000
2393,2587400,100000000,25.874000000
2394,1964488,100000000,19.644880000
2395,1707868,100000000,17.078680000
2396,1774708,100000000,17.747080000
2397,3249872,100000000,32.498720000
2398,2638176,100000000,26.381760000
2399,2097008,100000000,20.970080000
2400,1918520,100000000,19.185200000
2401,1734296,100000000,17.342960000
2402,1739856,100000000,17.398560000
2403,1993688,100000000,19.936880000
2404,1783864,100000000,17.838640000
2405,1768964,100000000,17.689640000
2406,1728796,100000000,17.287960000
2407,1746404,100000000,17.464040000
2408,1743228,100000000,17.432280000
2409,1687164,100000000,16.871640000
2410,1737188,100000000,17.371880000
2411,1757952,100000000,17.579520000
2412,2852916,100000000,28.529160000
2413,1933632,100000000,19.336320000
2414,2648008,100000000,26.480080000
2415,2499424,100000000,24.994240000
2416,1909936,100000000,19.099360000
2417,1932280,100000000,19.322800000
2418,1960680,100000000,19.606800000
2419,1856376,100000000,18.563760000
2420,3374900,100000000,33.749000000
2421,1821920,100000000,18.219200000
2422,1713776,100000000,17.137760000
2423,2353840,100000000,23.538400000
2424,2442672,100000000,24.426720000
2425,2031368,100000000,20.313680000
2426,1988200,100000000,19.882000000
2427,1903300,100000000,19.033000000
2428,1754640,100000000,17.546400000
2429,1897104,100000000,18.971040000
2430,2086216,100000000,20.862160000
2431,2040820,100000000,20.408200000
2432,3097160,100000000,30.971600000
2433,2589108,100000000,25.891080000
2434,2376828,100000000,23.768280000
2435,2764056,100000000,27.640560000
2436,3059524,100000000,30.595240000
2437,2758248,100000000,27.582480000
2438,2884316,100000000,28.843160000
2439,1779784,100000000,17.797840000
2440,1813912,100000000,18.139120000
2441,1828596,100000000,18.285960000
2442,2046304,100000000,20.463040000
2443,2397000,100000000,23.970000000
2444,2681440,100000000,26.814400000
2445,1746632,100000000,17.466320000
2446,1747836,100000000,17.478360000
2447,2018032,100000000,20.180320000
2448,2465756,100000000,24.657560000
2449,1776324,100000000,17.763240000
2450,1984452,100000000,19.844520000
2451,1780480,100000000,17.804800000
2452,1742152,100000000,17.421520000
2453,1927512,100000000,19.275120000
2454,1931600,100000000,19.316000000
2455,1784056,100000000,17.840560000
2456,2766500,100000000,27.665000000
2457,2898976,100000000,28.989760000
2458,2576004,100000000,25.760040000
2459,1976032,100000000,19.760320000
2460,1861148,100000000,18.611480000
2461,2353000,100000000,23.530000000
2462,1848428,100000000,18.484280000
2463,1824900,100000000,18.249000000
2464,2220904,100000000,22.209040000
2465,3199632,100000000,31.996320000
2466,1708844,100000000,17.088440000
2467,1999304,100000000,19.993040000
2468,1782388,100000000,17.823880000
2469,2008280,100000000,20.082800000
2470,1789424,100000000,17.894240000
2471,1908508,100000000,19.085080000
2472,2069420,100000000,20.694200000
2473,1742808,100000000,17.428080000
2474,2011120,100000000,20.111200000
2475,1752956,100000000,17.529560000
2476,1726500,100000000,17.265000000
2477,1922920,100000000,19.229200000
2478,2048832,100000000,20.488320000
2479,2070880,100000000,20.708800000
2480,1848264,100000000,18.482640000
2481,2373040,100000000,23.730400000
2482,1824208,100000000,18.242080000
2483,1763856,100000000,17.638560000
2484,1810124,100000000,18.101240000
2485,2192244,100000000,21.922440000
2486,2216224,100000000,22.162240000
2487,1722544,100000000,17.225440000
2488,1752876,100000000,17.528760000
2489,2072816,100000000,20.728160000
2490,1838620,100000000,18.386200000
2491,1758136,100000000,17.581360000
2492,1990412,100000000,19.904120000
2493,1921160,100000000,19.211600000
2494,1786804,100000000,17.868040000
2495,2181888,100000000,21.818880000
2496,1773788,100000000,17.737880000
2497,1727636,100000000,17.276360000
2498,2099116,100000000,20.991160000
2499,1779188,100000000,17.791880000
2500,1750500,100000000,17.505000000
2501,1785712,100000000,17.857120000
2502,2153604,100000000,21.536040000
2503,1711792,100000000,17.117920000
2504,1859612,100000000,18.596120000
2505,2103448,100000000,21.034480000
2506,1814200,100000000,18.142000000
2507,2498888,100000000,24.988880000
2508,1718908,100000000,17.189080000
2509,1707312,100000000,17.073120000
2510,1884176,100000000,18.841760000
2511,1903208,100000000,19.032080000
2512,1760168,100000000,17.601680000
2513,2380144,100000000,23.801440000
2514,2423372,100000000,24.233720000
2515,1798544,100000000,17.985440000
2516,1800832,100000000,18.008320000
2517,2215352,100000000,22.153520000
2518,1852272,100000000,18.522720000
2519,1736612,100000000,17.366120000
2520,1745356,100000000,17.453560000
2521,1743720,100000000,17.437200000
2522,1764220,100000000,17.642200000
2523,1946484,100000000,19.464840000
2524,1747944,100000000,17.479440000
2525,1872544,100000000,18.725440000
2526,1705572,100000000,17.055720000
2527,1798252,100000000,17.982520000
2528,1900916,100000000,19.009160000
2529,1796024,100000000,17.960240000
2530,2459552,100000000,24.595520000
2531,2593532,100000000,25.935320000
2532,3976072,100000000,39.760720000
2533,1710068,100000000,17.100680000
2534,1891424,100000000,18.914240000
2535,2021988,100000000,20.219880000
2536,1778928,100000000,17.789280000
2537,1781572,100000000,17.815720000
2538,2242084,100000000,22.420840000
2539,1913404,100000000,19.134040000
2540,1880068,100000000,18.800680000
2541,2256108,100000000,22.561080000
2542,1730348,100000000,17.303480000
2543,1849356,100000000,18.493560000
2544,1915480,100000000,19.154800000
2545,1788112,100000000,17.881120000
2546,1993660,100000000,19.936600000
2547,1809096,100000000,18.090960000
2548,2175296,100000000,21.752960000
2549,3417184,100000000,34.171840000
2550,3083948,100000000,30.839480000
2551,2538760,100000000,25.387600000
2552,2039316,100000000,20.393160000
2553,1969584,100000000,19.695840000
2554,2429480,100000000,24.294800000
2555,3204392,100000000,32.043920000
2556,1863340,100000000,18.633400000
2557,1748240,100000000,17.482400000
2558,2608100,100000000,26.081000000
2559,1753952,100000000,17.539520000
2560,1787708,100000000,17.877080000
2561,2054660,100000000,20.546600000
2562,1814052,100000000,18.140520000
2563,1716176,100000000,17.161760000
2564,2490472,100000000,24.904720000
2565,2558252,100000000,25.582520000
2566,1745236,100000000,17.452360000
2567,1731284,100000000,17.312840000
2568,1777196,100000000,17.771960000
2569,1825256,100000000,18.252560000
2570,1801212,100000000,18.012120000
2571,1739000,100000000,17.390000000
2572,2331184,100000000,23.311840000
2573,1771232,100000000,17.712320000
2574,1722060,100000000,17.220600000
2575,1718844,100000000,17.188440000
2576,1733472,100000000,17.334720000
2577,1709400,100000000,17.094000000
2578,1792904,100000000,17.929040000
2579,1952304,100000000,19.523040000
2580,1702296,100000000,17.022960000
2581,2249088,100000000,22.490880000
2582,1826748,100000000,18.267480000
2583,1792848,100000000,17.928480000
2584,1822980,100000000,18.229800000
2585,1931076,100000000,19.310760000
2586,1748768,100000000,17.487680000
2587,2413776,100000000,24.137760000
2588,2603852,100000000,26.038520000
2589,1756408,100000000,17.564080000
2590,2044772,100000000,20.447720000
2591,1975448,100000000,19.754480000
2592,1985252,100000000,19.852520000
2593,2051056,100000000,20.510560000
2594,2191676,100000000,21.916760000
2595,1788792,100000000,17.887920000
2596,1784720,100000000,17.847200000
2597,1908512,100000000,19.085120000
2598,2264124,100000000,22.641240000
2599,1926080,100000000,19.260800000
2600,1802996,100000000,18.029960000
2601,1877004,100000000,18.770040000
2602,3175188,100000000,31.751880000
2603,1725676,100000000,17.256760000
2604,1901056,100000000,19.010560000
2605,1786928,100000000,17.869280000
2606,1699880,100000000,16.998800000
2607,1863736,100000000,18.637360000
2608,2395916,100000000,23.959160000
2609,1987704,100000000,19.877040000
2610,2859520,100000000,28.595200000
2611,1741164,100000000,17.411640000
2612,1679556,100000000,16.795560000
2613,1926052,100000000,19.260520000
2614,1809404,100000000,18.094040000
2615,1829252,100000000,18.292520000
2616,1912688,100000000,19.126880000
2617,1753652,100000000,17.536520000
2618,1929836,100000000,19.298360000
2619,1772496,100000000,17.724960000
2620,1799420,100000000,17.994200000
2621,1773424,100000000,17.734240000
2622,1832888,100000000,18.328880000
2623,1727920,100000000,17.279200000
2624,1726716,100000000,17.267160000
2625,1709316,100000000,17.093160000
2626,2056848,100000000,20.568480000
2627,2151824,100000000,21.518240000
2628,1752304,100000000,17.523040000
2629,1748052,100000000,17.480520000
2630,1757448,100000000,17.574480000
2631,2239824,100000000,22.398240000
2632,2338580,100000000,23.385800000
2633,1799968,100000000,17.999680000
2634,1884428,100000000,18.844280000
2635,1847248,100000000,18.472480000
2636,1788340,100000000,17.883400000
2637,2231536,100000000,22.315360000
2638,2227596,100000000,22.275960000
2639,2111384,100000000,21.113840000
2640,3489132,100000000,34.891320000
2641,1698332,100000000,16.983320000
2642,2178436,100000000,21.784360000
2643,2054072,100000000,20.540720000
2644,2613776,100000000,26.137760000
2645,2035164,100000000,20.351640000
2646,1872916,100000000,18.729160000
2647,2102856,100000000,21.028560000
2648,1740984,100000000,17.409840000
2649,1903384,100000000,19.033840000
2650,1934772,100000000,19.347720000
2651,1798668,100000000,17.986680000
2652,1907860,100000000,19.078600000
2653,1836580,100000000,18.365800000
2654,1871644,100000000,18.716440000
2655,2247676,100000000,22.476760000
2656,1869216,100000000,18.692160000
2657,1699148,100000000,16.991480000
2658,1730064,100000000,17.300640000
2659,1719828,100000000,17.198280000
2660,1727196,100000000,17.271960000
2661,1666976,100000000,16.669760000
2662,2189224,100000000,21.892240000
2663,1712072,100000000,17.120720000
2664,1973840,100000000,19.738400000
2665,2856652,100000000,28.566520000
2666,2072456,100000000,20.724560000
2667,1784344,100000000,17.843440000
2668,1746052,100000000,17.460520000
2669,2027264,100000000,20.272640000
2670,1744900,100000000,17.449000000
2671,1808344,100000000,18.083440000
2672,1762784,100000000,17.627840000
2673,2005388,100000000,20.053880000
2674,2411472,100000000,24.114720000
2675,3375068,100000000,33.750680000
2676,2684672,100000000,26.846720000
2677,3599864,100000000,35.998640000
2678,1765100,100000000,17.651000000
2679,2003292,100000000,20.032920000
2680,1911048,100000000,19.110480000
2681,1827160,100000000,18.271600000
2682,1984596,100000000,19.845960000
2683,1854448,100000000,18.544480000
2684,1749832,100000000,17.498320000
2685,2840664,100000000,28.406640000
2686,3461468,100000000,34.614680000
2687,1807788,100000000,18.077880000
2688,2527276,100000000,25.272760000
2689,2322244,100000000,23.222440000
2690,2392164,100000000,23.921640000
2691,1750468,100000000,17.504680000
2692,1841664,100000000,18.416640000
2693,1773596,100000000,17.735960000
2694,1920848,100000000,19.208480000
2695,1808684,100000000,18.086840000
2696,1793032,100000000,17.930320000
2697,2620484,100000000,26.204840000
2698,2412532,100000000,24.125320000
2699,2008512,100000000,20.085120000
2700,1763464,100000000,17.634640000
2701,1755944,100000000,17.559440000
2702,1750772,100000000,17.507720000
2703,1802252,100000000,18.022520000
2704,1774576,100000000,17.745760000
2705,1717516,100000000,17.175160000
2706,1831136,100000000,18.311360000
2707,2096484,100000000,20.964840000
2708,1720828,100000000,17.208280000
2709,1949112,100000000,19.491120000
2710,1918988,100000000,19.189880000
2711,1790748,100000000,17.907480000
2712,3130472,100000000,31.304720000
2713,1708784,100000000,17.087840000
2714,1791920,100000000,17.919200000
2715,1870048,100000000,18.700480000
2716,1865320,100000000,18.653200000
2717,2126068,100000000,21.260680000
2718,2268968,100000000,22.689680000
2719,1677176,100000000,16.771760000
2720,1729624,100000000,17.296240000
2721,1893608,100000000,18.936080000
2722,1830968,100000000,18.309680000
2723,1998976,100000000,19.989760000
2724,3896916,100000000,38.969160000
2725,1684392,100000000,16.843920000
2726,1772832,100000000,17.728320000
2727,1828480,100000000,18.284800000
2728,2057484,100000000,20.574840000
2729,1770308,100000000,17.703080000
2730,1787052,100000000,17.870520000
2731,2211444,100000000,22.114440000
2732,1790220,100000000,17.902200000
2733,1812960,100000000,18.129600000
2734,2138984,100000000,21.389840000
2735,1738280,100000000,17.382800000
2736,1980996,100000000,19.809960000
2737,1977752,100000000,19.777520000
2738,2575820,100000000,25.758200000
2739,2024428,100000000,20.244280000
2740,2091468,100000000,20.914680000
2741,1756228,100000000,17.562280000
2742,1776996,100000000,17.769960000
2743,1753284,100000000,17.532840000
2744,1699352,100000000,16.993520000
2745,1854112,100000000,18.541120000
2746,2016432,100000000,20.164320000
2747,1761824,100000000,17.618240000
2748,1669076,100000000,16.690760000
2749,2131620,100000000,21.316200000
2750,1759124,100000000,17.591240000
2751,2001564,100000000,20.015640000
2752,1936000,100000000,19.360000000
2753,1835448,100000000,18.354480000
2754,1779880,100000000,17.798800000
2755,2013684,100000000,20.136840000
2756,2210188,100000000,22.101880000
2757,1883800,100000000,18.838000000
2758,2173844,100000000,21.738440000
2759,1726488,100000000,17.264880000
2760,3238612,100000000,32.386120000
2761,1694796,100000000,16.947960000
2762,1743320,100000000,17.433200000
2763,2269892,100000000,22.698920000
2764,2841756,100000000,28.417560000
2765,1721180,100000000,17.211800000
2766,2000664,100000000,20.006640000
2767,1767308,100000000,17.673080000
2768,1748680,100000000,17.486800000
2769,1826324,100000000,18.263240000
2770,2089672,100000000,20.896720000
2771,1686008,100000000,16.860080000
2772,1904876,100000000,19.048760000
2773,1827724,100000000,18.277240000
2774,1755716,100000000,17.557160000
2775,2776664,100000000,27.766640000
2776,2087612,100000000,20.876120000
2777,1768952,100000000,17.689520000
2778,1808404,100000000,18.084040000
2779,1873888,100000000,18.738880000
2780,2015504,100000000,20.155040000
2781,1774116,100000000,17.741160000
2782,1786528,100000000,17.865280000
2783,1709236,100000000,17.092360000
2784,1718668,100000000,17.186680000
2785,1865892,100000000,18.658920000
2786,1862284,100000000,18.622840000
2787,3151284,100000000,31.512840000
2788,1779020,100000000,17.790200000
2789,1740488,100000000,17.404880000
2790,2193976,100000000,21.939760000
2791,1950536,100000000,19.505360000
2792,1761460,100000000,17.614600000
2793,2980224,100000000,29.802240000
2794,3974384,100000000,39.743840000
2795,2250840,100000000,22.508400000
2796,3106204,100000000,31.062040000
2797,1750616,100000000,17.506160000
2798,1705208,100000000,17.052080000
2799,2123184,100000000,21.231840000
2800,2275072,100000000,22.750720000
2801,1805920,100000000,18.059200000
2802,1783204,100000000,17.832040000
2803,1804984,100000000,18.049840000
2804,1737628,100000000,17.376280000
2805,1792964,100000000,17.929640000
2806,1889276,100000000,18.892760000
2807,2046084,100000000,20.460840000
2808,1874372,100000000,18.743720000
2809,1812556,100000000,18.125560000
2810,1757200,100000000,17.572000000
2811,1739800,100000000,17.398000000
2812,1864920,100000000,18.649200000
2813,1766556,100000000,17.665560000
2814,1931632,100000000,19.316320000
2815,1799568,100000000,17.995680000
2816,1722356,100000000,17.223560000
2817,1854524,100000000,18.545240000
2818,1883896,100000000,18.838960000
2819,1783284,100000000,17.832840000
2820,2314004,100000000,23.140040000
2821,1905428,100000000,19.054280000
2822,2425308,100000000,24.253080000
2823,1907704,100000000,19.077040000
2824,2102576,100000000,21.025760000
2825,2092984,100000000,20.929840000
2826,2794196,100000000,27.941960000
2827,2914208,100000000,29.142080000
2828,3172972,100000000,31.729720000
2829,1705184,100000000,17.051840000
2830,1686184,100000000,16.861840000
2831,1755388,100000000,17.553880000
2832,1851248,100000000,18.512480000
2833,2055676,100000000,20.556760000
2834,2064136,100000000,20.641360000
2835,2766544,100000000,27.665440000
2836,2233608,100000000,22.336080000
2837,2468068,100000000,24.680680000
2838,1850148,100000000,18.501480000
2839,2181888,100000000,21.818880000
2840,2315504,100000000,23.155040000
2841,2668016,100000000,26.680160000
2842,1721824,100000000,17.218240000
2843,1751500,100000000,17.515000000
2844,2331668,100000000,23.316680000
2845,2537032,100000000,25.370320000
2846,1764572,100000000,17.645720000
2847,2028648,100000000,20.286480000
2848,2304920,100000000,23.049200000
2849,1750160,100000000,17.501600000
2850,1797968,100000000,17.979680000
2851,2258324,100000000,22.583240000
2852,2281308,100000000,22.813080000
2853,1838748,100000000,18.387480000
2854,1722564,100000000,17.225640000
2855,1827432,100000000,18.274320000
2856,1842504,100000000,18.425040000
2857,1737068,100000000,17.370680000
2858,1982180,100000000,19.821800000
2859,1821448,100000000,18.214480000
2860,2226912,100000000,22.269120000
2861,2121668,100000000,21.216680000
2862,1969360,100000000,19.693600000
2863,2000836,100000000,20.008360000
2864,1698668,100000000,16.986680000
2865,1769916,100000000,17.699160000
2866,2481544,100000000,24.815440000
2867,2094716,100000000,20.947160000
2868,2236176,100000000,22.361760000
2869,2113144,100000000,21.131440000
2870,2021824,100000000,20.218240000
2871,1763520,100000000,17.635200000
2872,1898864,100000000,18.988640000
2873,1753876,100000000,17.538760000
2874,2259836,100000000,22.598360000
2875,2391068,100000000,23.910680000
2876,1992860,100000000,19.928600000
2877,2214088,100000000,22.140880000
2878,1678200,100000000,16.782000000
2879,2020528,100000000,20.205280000
2880,1812892,100000000,18.128920000
2881,1819584,100000000,18.195840000
2882,1890928,100000000,18.909280000
2883,2649704,100000000,26.497040000
2884,1688344,100000000,16.883440000
2885,1801680,100000000,18.016800000
2886,1790988,100000000,17.909880000
2887,1823816,100000000,18.238160000
2888,1697544,100000000,16.975440000
2889,2010736,100000000,20.107360000
2890,2500656,100000000,25.006560000
2891,1815820,100000000,18.158200000
2892,2154060,100000000,21.540600000
2893,1731140,100000000,17.311400000
2894,2425264,100000000,24.252640000
2895,2780624,100000000,27.806240000
2896,1948860,100000000,19.488600000
2897,1753644,100000000,17.536440000
2898,2739796,100000000,27.397960000
2899,1773856,100000000,17.738560000
2900,1727340,100000000,17.273400000
2901,2029684,100000000,20.296840000
2902,2559056,100000000,25.590560000
2903,1852356,100000000,18.523560000
2904,1892076,100000000,18.920760000
2905,1756208,100000000,17.562080000
2906,1757928,100000000,17.579280000
2907,1737888,100000000,17.378880000
2908,2142524,100000000,21.425240000
2909,2638472,100000000,26.384720000
2910,1787032,100000000,17.870320000
2911,1838892,100000000,18.388920000
2912,1829600,100000000,18.296000000
2913,1801156,100000000,18.011560000
2914,2229772,100000000,22.297720000
2915,1942664,100000000,19.426640000
2916,2637380,100000000,26.373800000
2917,2924448,100000000,29.244480000
2918,1749188,100000000,17.491880000
2919,2051852,100000000,20.518520000
2920,1963060,100000000,19.630600000
2921,1789408,100000000,17.894080000
2922,2466536,100000000,24.665360000
2923,3031768,100000000,30.317680000
2924,2567376,100000000,25.673760000
2925,1740028,100000000,17.400280000
2926,1733772,100000000,17.337720000
2927,1730828,100000000,17.308280000
2928,1803056,100000000,18.030560000
2929,2258012,100000000,22.580120000
2930,1724220,100000000,17.242200000
2931,2287360,100000000,22.873600000
2932,2154200,100000000,21.542000000
2933,1851420,100000000,18.514200000
2934,1735132,100000000,17.351320000
2935,1778912,100000000,17.789120000
2936,1754364,100000000,17.543640000
2937,1742512,100000000,17.425120000
2938,1983568,100000000,19.835680000
2939,2039252,100000000,20.392520000
2940,1730212,100000000,17.302120000
2941,1853868,100000000,18.538680000
2942,1717916,100000000,17.179160000
2943,2225532,100000000,22.255320000
2944,2548960,100000000,25.489600000
2945,2966024,100000000,29.660240000
2946,2222324,100000000,22.223240000
2947,2078584,100000000,20.785840000
2948,1873908,100000000,18.739080000
2949,2783872,100000000,27.838720000
2950,1893292,100000000,18.932920000
2951,1819080,100000000,18.190800000
2952,1754600,100000000,17.546000000
2953,1752076,100000000,17.520760000
2954,1760648,100000000,17.606480000
2955,1795940,100000000,17.959400000
2956,1819908,100000000,18.199080000
2957,1727840,100000000,17.278400000
2958,1848520,100000000,18.485200000
2959,1716552,100000000,17.165520000
2960,1789416,100000000,17.894160000
2961,2465728,100000000,24.657280000
2962,1955836,100000000,19.558360000
2963,1741584,100000000,17.415840000
2964,1894492,100000000,18.944920000
2965,1896592,100000000,18.965920000
2966,1788540,100000000,17.885400000
2967,1671232,100000000,16.712320000
2968,2030536,100000000,20.305360000
2969,1966228,100000000,19.662280000
2970,1764916,100000000,17.649160000
2971,1723792,100000000,17.237920000
2972,1715288,100000000,17.152880000
2973,1783628,100000000,17.836280000
2974,2746688,100000000,27.466880000
2975,2129700,100000000,21.297000000
2976,1772876,100000000,17.728760000
2977,2092756,100000000,20.927560000
2978,1900576,100000000,19.005760000
2979,2095072,100000000,20.950720000
2980,1780804,100000000,17.808040000
2981,2860436,100000000,28.604360000
2982,3625636,100000000,36.256360000
2983,1734908,100000000,17.349080000
2984,1737340,100000000,17.373400000
2985,2163556,100000000,21.635560000
2986,2978900,100000000,29.789000000
2987,1743808,100000000,17.438080000
2988,1728164,100000000,17.281640000
2989,1780880,100000000,17.808800000
2990,1761440,100000000,17.614400000
2991,1737264,100000000,17.372640000
2992,1790260,100000000,17.902600000
2993,2683076,100000000,26.830760000
2994,1718884,100000000,17.188840000
2995,1756372,100000000,17.563720000
2996,1891124,100000000,18.911240000
2997,1860856,100000000,18.608560000
2998,1821172,100000000,18.211720000
2999,1795084,100000000,17.950840000
3000,1992028,100000000,19.920280000
3001,1770304,100000000,17.703040000
3002,2461448,100000000,24.614480000
3003,2845280,100000000,28.452800000
3004,2495460,100000000,24.954600000
3005,1967996,100000000,19.679960000
3006,1877468,100000000,18.774680000
3007,1700348,100000000,17.003480000
3008,1764864,100000000,17.648640000
3009,1905996,100000000,19.059960000
3010,1757400,100000000,17.574000000
3011,6640740,100000000,66.407400000
3012,1755960,100000000,17.559600000
3013,1801496,100000000,18.014960000
3014,1823352,100000000,18.233520000
3015,1769964,100000000,17.699640000
3016,1743252,100000000,17.432520000
3017,1871760,100000000,18.717600000
3018,2225108,100000000,22.251080000
3019,1788616,100000000,17.886160000
3020,1896216,100000000,18.962160000
3021,1715616,100000000,17.156160000
3022,2192188,100000000,21.921880000
3023,1816828,100000000,18.168280000
3024,2916344,100000000,29.163440000
3025,1698684,100000000,16.986840000
3026,2072856,100000000,20.728560000
3027,2304052,100000000,23.040520000
3028,1792140,100000000,17.921400000
3029,1977608,100000000,19.776080000
3030,1832080,100000000,18.320800000
3031,1723088,100000000,17.230880000
3032,2010328,100000000,20.103280000
3033,2761448,100000000,27.614480000
3034,1715052,100000000,17.150520000
3035,2054944,100000000,20.549440000
3036,2033404,100000000,20.334040000
3037,1803592,100000000,18.035920000
3038,1811304,100000000,18.113040000
3039,1789752,100000000,17.897520000
3040,2180960,100000000,21.809600000
3041,2146312,100000000,21.463120000
3042,2007368,100000000,20.073680000
3043,1801480,100000000,18.014800000
3044,2303140,100000000,23.031400000
3045,1727952,100000000,17.279520000
3046,1700708,100000000,17.007080000
3047,1935580,100000000,19.355800000
3048,2062440,100000000,20.624400000
3049,2780980,100000000,27.809800000
3050,1746208,100000000,17.462080000
3051,1896340,100000000,18.963400000
3052,1719896,100000000,17.198960000
3053,2353780,100000000,23.537800000
3054,2329644,100000000,23.296440000
3055,2845368,100000000,28.453680000
3056,2075264,100000000,20.752640000
3057,1840524,100000000,18.405240000
3058,2568600,100000000,25.686000000
3059,1762292,100000000,17.622920000
3060,1888804,100000000,18.888040000
3061,2105272,100000000,21.052720000
3062,2688100,100000000,26.881000000
3063,2705712,100000000,27.057120000
3064,1715868,100000000,17.158680000
3065,1848492,100000000,18.484920000
3066,2162988,100000000,21.629880000
3067,1703228,100000000,17.032280000
3068,2596400,100000000,25.964000000
3069,1752624,100000000,17.526240000
3070,1786524,100000000,17.865240000
3071,1848408,100000000,18.484080000
3072,1858620,100000000,18.586200000
3073,1721040,100000000,17.210400000
3074,2021180,100000000,20.211800000
3075,2022160,100000000,20.221600000
3076,2064344,100000000,20.643440000
3077,3077396,100000000,30.773960000
3078,1901368,100000000,19.013680000
3079,2021460,100000000,20.214600000
3080,2302180,100000000,23.021800000
3081,2949904,100000000,29.499040000
3082,3420180,100000000,34.201800000
3083,3558692,100000000,35.586920000
3084,1750796,100000000,17.507960000
3085,1716636,100000000,17.166360000
3086,2045624,100000000,20.456240000
3087,1881572,100000000,18.815720000
3088,1770332,100000000,17.703320000
3089,1884960,100000000,18.849600000
3090,1977604,100000000,19.776040000
3091,1763584,100000000,17.635840000
3092,2559768,100000000,25.597680000
3093,2548440,100000000,25.484400000
3094,1995636,100000000,19.956360000
3095,2412592,100000000,24.125920000
3096,1971784,100000000,19.717840000
3097,2729820,100000000,27.298200000
3098,2066952,100000000,20.669520000
3099,1673496,100000000,16.734960000
3100,1951444,100000000,19.514440000
3101,2734600,100000000,27.346000000
3102,2330220,100000000,23.302200000
3103,3341032,100000000,33.410320000
3104,2872536,100000000,28.725360000
3105,1866380,100000000,18.663800000
3106,1791176,100000000,17.911760000
3107,1910608,100000000,19.106080000
3108,1809320,100000000,18.093200000
3109,1802252,100000000,18.022520000
3110,2004892,100000000,20.048920000
3111,1802168,100000000,18.021680000
3112,1857416,100000000,18.574160000
3113,3330672,100000000,33.306720000
3114,2019576,100000000,20.195760000
3115,2002856,100000000,20.028560000
3116,2617276,100000000,26.172760000
3117,2782268,100000000,27.822680000
3118,1745124,100000000,17.451240000
3119,1831092,100000000,18.310920000
3120,1889396,100000000,18.893960000
3121,1762260,100000000,17.622600000
3122,2034180,100000000,20.341800000
3123,2447140,100000000,24.471400000
3124,1708840,100000000,17.088400000
3125,1761892,100000000,17.618920000
3126,1885932,100000000,18.859320000
3127,1910352,100000000,19.103520000
3128,1782316,100000000,17.823160000
3129,1884216,100000000,18.842160000
3130,1916344,100000000,19.163440000
3131,1716720,100000000,17.167200000
3132,1771308,100000000,17.713080000
3133,1732920,100000000,17.329200000
3134,1891960,100000000,18.919600000
3135,1928412,100000000,19.284120000
3136,1738660,100000000,17.386600000
3137,2828440,100000000,28.284400000
3138,1733304,100000000,17.333040000
3139,1762152,100000000,17.621520000
3140,2661160,100000000,26.611600000
3141,1777448,100000000,17.774480000
3142,1703348,100000000,17.033480000
3143,1985104,100000000,19.851040000
3144,1945484,100000000,19.454840000
3145,1755780,100000000,17.557800000
3146,1685708,100000000,16.857080000
3147,1745660,100000000,17.456600000
3148,1713120,100000000,17.131200000
3149,1801152,100000000,18.011520000
3150,1888836,100000000,18.888360000
3151,1806260,100000000,18.062600000
3152,2295616,100000000,22.956160000
3153,2516192,100000000,25.161920000
3154,1770400,100000000,17.704000000
3155,1978348,100000000,19.783480000
3156,1953244,100000000,19.532440000
3157,2193916,100000000,21.939160000
3158,2892556,100000000,28.925560000
3159,3122644,100000000,31.226440000
3160,2357520,100000000,23.575200000
3161,2579928,100000000,25.799280000
3162,2735004,100000000,27.350040000
3163,2100988,100000000,21.009880000
3164,1888780,100000000,18.887800000
3165,1875944,100000000,18.759440000
3166,1750656,100000000,17.506560000
3167,1894152,100000000,18.941520000
3168,1784148,100000000,17.841480000
3169,1719076,100000000,17.190760000
3170,2871844,100000000,28.718440000
3171,3286752,100000000,32.867520000
3172,1686024,100000000,16.860240000
3173,1863392,100000000,18.633920000
3174,1877592,100000000,18.775920000
3175,1753352,100000000,17.533520000
3176,1883392,100000000,18.833920000
3177,2256016,100000000,22.560160000
3178,1756700,100000000,17.567000000
3179,1934044,100000000,19.340440000
3180,1885168,100000000,18.851680000
3181,1703732,100000000,17.037320000
3182,1716476,100000000,17.164760000
3183,1782988,100000000,17.829880000
3184,1757412,100000000,17.574120000
3185,1927588,100000000,19.275880000
3186,2015192,100000000,20.151920000
3187,1938588,100000000,19.385880000
3188,2922536,100000000,29.225360000
3189,2414912,100000000,24.149120000
3190,3022764,100000000,30.227640000
3191,3114768,100000000,31.147680000
3192,1856732,100000000,18.567320000
3193,1862608,100000000,18.626080000
3194,2649136,100000000,26.491360000
3195,2967692,100000000,29.676920000
3196,2176644,100000000,21.766440000
3197,2979964,100000000,29.799640000
3198,3400728,100000000,34.007280000
3199,2236764,100000000,22.367640000
3200,1826404,100000000,18.264040000
3201,1887108,100000000,18.871080000
3202,1753380,100000000,17.533800000
3203,1791780,100000000,17.917800000
3204,2398348,100000000,23.983480000
3205,1723496,100000000,17.234960000
3206,2950192,100000000,29.501920000
3207,1798348,100000000,17.983480000
3208,1752152,100000000,17.521520000
3209,1795536,100000000,17.955360000
3210,2099232,100000000,20.992320000
3211,1799144,100000000,17.991440000
3212,2129296,100000000,21.292960000
3213,1836160,100000000,18.361600000
3214,2130428,100000000,21.304280000
3215,1781372,100000000,17.813720000
3216,1751564,100000000,17.515640000
3217,1929800,100000000,19.298000000
3218,3231756,100000000,32.317560000
3219,1774548,100000000,17.745480000
3220,1729180,100000000,17.291800000
3221,1791220,100000000,17.912200000
3222,1974612,100000000,19.746120000
3223,1760052,100000000,17.600520000
3224,2740392,100000000,27.403920000
3225,2071760,100000000,20.717600000
3226,1852296,100000000,18.522960000
3227,2025736,100000000,20.257360000
3228,1957564,100000000,19.575640000
3229,1791436,100000000,17.914360000
3230,2376992,100000000,23.769920000
3231,2275684,100000000,22.756840000
3232,2975696,100000000,29.756960000
3233,2048940,100000000,20.489400000
3234,1991628,100000000,19.916280000
3235,1823000,100000000,18.230000000
3236,1847052,100000000,18.470520000
3237,2002812,100000000,20.028120000
3238,1736900,100000000,17.369000000
3239,3433188,100000000,34.331880000
3240,1704692,100000000,17.046920000
3241,1779420,100000000,17.794200000
3242,1871968,100000000,18.719680000
3243,1890940,100000000,18.909400000
3244,1780716,100000000,17.807160000
3245,1967780,100000000,19.677800000
3246,2094940,100000000,20.949400000
3247,1718312,100000000,17.183120000
3248,1692844,100000000,16.928440000
3249,1726932,100000000,17.269320000
3250,1805064,100000000,18.050640000
3251,2204176,100000000,22.041760000
3252,1731128,100000000,17.311280000
3253,1764180,100000000,17.641800000
3254,1815700,100000000,18.157000000
3255,1841736,100000000,18.417360000
3256,1736424,100000000,17.364240000
3257,2175112,100000000,21.751120000
3258,2339792,100000000,23.397920000
3259,3151712,100000000,31.517120000
3260,1799488,100000000,17.994880000
3261,1772760,100000000,17.727600000
3262,2121380,100000000,21.213800000
3263,2704060,100000000,27.040600000
3264,1791944,100000000,17.919440000
3265,1748884,100000000,17.488840000
3266,1719552,100000000,17.195520000
3267,1871444,100000000,18.714440000
3268,1937112,100000000,19.371120000
3269,3043548,100000000,30.435480000
3270,1744812,100000000,17.448120000
3271,2582260,100000000,25.822600000
3272,1756600,100000000,17.566000000
3273,2714516,100000000,27.145160000
3274,1759340,100000000,17.593400000
3275,1876428,100000000,18.764280000
3276,1871752,100000000,18.717520000
3277,1727856,100000000,17.278560000
3278,2186608,100000000,21.866080000
3279,2014348,100000000,20.143480000
3280,1728364,100000000,17.283640000
3281,1806624,100000000,18.066240000
3282,2109476,100000000,21.094760000
3283,2306472,100000000,23.064720000
3284,1918980,100000000,19.189800000
3285,2287988,100000000,22.879880000
3286,3139656,100000000,31.396560000
3287,1783768,100000000,17.837680000
3288,1707720,100000000,17.077200000
3289,1796088,100000000,17.960880000
3290,1933628,100000000,19.336280000
3291,1887872,100000000,18.878720000
3292,2193048,100000000,21.930480000
3293,2935308,100000000,29.353080000
3294,2816836,100000000,28.168360000
3295,2005248,100000000,20.052480000
3296,3138908,100000000,31.389080000
3297,1708020,100000000,17.080200000
3298,1713080,100000000,17.130800000
3299,2076644,100000000,20.766440000
3300,1880524,100000000,18.805240000
3301,2092528,100000000,20.925280000
3302,2330764,100000000,23.307640000
3303,2298248,100000000,22.982480000
3304,1904148,100000000,19.041480000
3305,1764184,100000000,17.641840000
3306,1845900,100000000,18.459000000
3307,1923504,100000000,19.235040000
3308,2473252,100000000,24.732520000
3309,1886656,100000000,18.866560000
3310,1804972,100000000,18.049720000
3311,2023340,100000000,20.233400000
3312,1704160,100000000,17.041600000
3313,1783940,100000000,17.839400000
3314,2239852,100000000,22.398520000
3315,2186088,100000000,21.860880000
3316,2052304,100000000,20.523040000
3317,3262308,100000000,32.623080000
3318,1742960,100000000,17.429600000
3319,1721900,100000000,17.219000000
3320,1796912,100000000,17.969120000
3321,1873420,100000000,18.734200000
3322,1746584,100000000,17.465840000
3323,2332904,100000000,23.329040000
3324,2883152,100000000,28.831520000
3325,1709284,100000000,17.092840000
3326,1749240,100000000,17.492400000
3327,2092880,100000000,20.928800000
3328,1723584,100000000,17.235840000
3329,2011940,100000000,20.119400000
3330,1975772,100000000,19.757720000
3331,1736064,100000000,17.360640000
3332,2310044,100000000,23.100440000
3333,2489756,100000000,24.897560000
3334,1741388,100000000,17.413880000
3335,2004680,100000000,20.046800000
3336,2268456,100000000,22.684560000
3337,2367588,100000000,23.675880000
3338,3185260,100000000,31.852600000
3339,2428184,100000000,24.281840000
3340,2320588,100000000,23.205880000
3341,1975256,100000000,19.752560000
3342,2088540,100000000,20.885400000
3343,2913980,100000000,29.139800000
3344,1965588,100000000,19.655880000
3345,1812516,100000000,18.125160000
3346,1836832,100000000,18.368320000
3347,2027732,100000000,20.277320000
3348,2401880,100000000,24.018800000
3349,1812048,100000000,18.120480000
3350,2157200,100000000,21.572000000
3351,2300840,100000000,23.008400000
3352,3187340,100000000,31.873400000
3353,1782300,100000000,17.823000000
3354,1776300,100000000,17.763000000
3355,2115108,100000000,21.151080000
3356,2653360,100000000,26.533600000
3357,1837156,100000000,18.371560000
3358,1941580,100000000,19.415800000
3359,1749212,100000000,17.492120000
3360,2340400,100000000,23.404000000
3361,1824256,100000000,18.242560000
3362,1834996,100000000,18.349960000
3363,1935284,100000000,19.352840000
3364,1977392,100000000,19.773920000
3365,1903588,100000000,19.035880000
3366,2752168,100000000,27.521680000
3367,1756120,100000000,17.561200000
3368,2765752,100000000,27.657520000
3369,2118928,100000000,21.189280000
3370,1822032,100000000,18.220320000
3371,1706024,100000000,17.060240000
3372,1906260,100000000,19.062600000
3373,1686720,100000000,16.867200000
3374,1766768,100000000,17.667680000
3375,2080976,100000000,20.809760000
3376,2552872,100000000,25.528720000
3377,1968660,100000000,19.686600000
3378,1824728,100000000,18.247280000
3379,2194092,100000000,21.940920000
3380,2823252,100000000,28.232520000
3381,3133632,100000000,31.336320000
3382,1702252,100000000,17.022520000
3383,1745900,100000000,17.459000000
3384,1765672,100000000,17.656720000
3385,1918244,100000000,19.182440000
3386,1815624,100000000,18.156240000
3387,1712692,100000000,17.126920000
3388,2086048,100000000,20.860480000
3389,2248036,100000000,22.480360000
3390,2013724,100000000,20.137240000
3391,2021596,100000000,20.215960000
3392,1691028,100000000,16.910280000
3393,1718688,100000000,17.186880000
3394,1743560,100000000,17.435600000
3395,2672248,100000000,26.722480000
3396,2205792,100000000,22.057920000
3397,1859844,100000000,18.598440000
3398,2794968,100000000,27.949680000
3399,1720048,100000000,17.200480000
3400,1718008,100000000,17.180080000
3401,1912316,100000000,19.123160000
3402,2501260,100000000,25.012600000
3403,2171252,100000000,21.712520000
3404,1742912,100000000,17.429120000
3405,2068520,100000000,20.685200000
3406,1784880,100000000,17.848800000
3407,2167348,100000000,21.673480000
3408,1821356,100000000,18.213560000
3409,1783688,100000000,17.836880000
3410,1741856,100000000,17.418560000
3411,1961144,100000000,19.611440000
3412,1735628,100000000,17.356280000
3413,2277724,100000000,22.777240000
3414,2506780,100000000,25.067800000
3415,2068416,100000000,20.684160000
3416,2130548,100000000,21.305480000
3417,2410280,100000000,24.102800000
3418,2298520,100000000,22.985200000
3419,2647012,100000000,26.470120000
3420,2146104,100000000,21.461040000
3421,1827376,100000000,18.273760000
3422,3289636,100000000,32.896360000
3423,1725240,100000000,17.252400000
3424,1801732,100000000,18.017320000
3425,1809288,100000000,18.092880000
3426,1817296,100000000,18.172960000
3427,1752740,100000000,17.527400000
3428,2093708,100000000,20.937080000
3429,2473736,100000000,24.737360000
3430,1689792,100000000,16.897920000
3431,1875148,100000000,18.751480000
3432,1847868,100000000,18.478680000
3433,1782444,100000000,17.824440000
3434,2140436,100000000,21.404360000
3435,2702468,100000000,27.024680000
3436,1736572,100000000,17.365720000
3437,1729148,100000000,17.291480000
3438,1773952,100000000,17.739520000
3439,1760212,100000000,17.602120000
3440,2137068,100000000,21.370680000
3441,1824124,100000000,18.241240000
3442,1762652,100000000,17.626520000
3443,1945540,100000000,19.455400000
3444,1906152,100000000,19.061520000
3445,1704976,100000000,17.049760000
3446,2031012,100000000,20.310120000
3447,2121264,100000000,21.212640000
3448,2712200,100000000,27.122000000
3449,1756024,100000000,17.560240000
3450,1765864,100000000,17.658640000
3451,1760500,100000000,17.605000000
3452,1723304,100000000,17.233040000
3453,2022480,100000000,20.224800000
3454,1773732,100000000,17.737320000
3455,1995380,100000000,19.953800000
3456,2373256,100000000,23.732560000
3457,1966012,100000000,19.660120000
3458,1802032,100000000,18.020320000
3459,2013528,100000000,20.135280000
3460,1728516,100000000,17.285160000
3461,2120504,100000000,21.205040000
3462,3378548,100000000,33.785480000
3463,1693416,100000000,16.934160000
3464,1940456,100000000,19.404560000
3465,2074808,100000000,20.748080000
3466,1830152,100000000,18.301520000
3467,1857556,100000000,18.575560000
3468,2573212,100000000,25.732120000
3469,1748492,100000000,17.484920000
3470,1991644,100000000,19.916440000
3471,2008316,100000000,20.083160000
3472,2190344,100000000,21.903440000
3473,3042500,100000000,30.425000000
3474,1958896,100000000,19.588960000
3475,1754792,100000000,17.547920000
3476,1796152,100000000,17.961520000
3477,1801944,100000000,18.019440000
3478,1740196,100000000,17.401960000
3479,1948744,100000000,19.487440000
3480,2500616,100000000,25.006160000
3481,3091800,100000000,30.918000000
3482,2485200,100000000,24.852000000
3483,2198148,100000000,21.981480000
3484,2168112,100000000,21.681120000
3485,2721552,100000000,27.215520000
3486,1735144,100000000,17.351440000
3487,1765356,100000000,17.653560000
3488,2022028,100000000,20.220280000
3489,2040108,100000000,20.401080000
3490,2011940,100000000,20.119400000
3491,2466364,100000000,24.663640000
3492,1933864,100000000,19.338640000
3493,1783680,100000000,17.836800000
3494,1921220,100000000,19.212200000
3495,1936700,100000000,19.367000000
3496,2213452,100000000,22.134520000
3497,1761344,100000000,17.613440000
3498,2011328,100000000,20.113280000
3499,1702476,100000000,17.024760000
3500,1846944,100000000,18.469440000
3501,2487788,100000000,24.877880000
3502,1798196,100000000,17.981960000
3503,1771492,100000000,17.714920000
3504,1711584,100000000,17.115840000
3505,1711712,100000000,17.117120000
3506,1753904,100000000,17.539040000
3507,2070080,100000000,20.700800000
3508,2234112,100000000,22.341120000
3509,1754164,100000000,17.541640000
3510,2345592,100000000,23.455920000
3511,1806988,100000000,18.069880000
3512,1773632,100000000,17.736320000
3513,2019456,100000000,20.194560000
3514,1703720,100000000,17.037200000
3515,1788552,100000000,17.885520000
3516,2150300,100000000,21.503000000
3517,1979564,100000000,19.795640000
3518,2377808,100000000,23.778080000
3519,3379272,100000000,33.792720000
3520,1973404,100000000,19.734040000
3521,1963512,100000000,19.635120000
3522,2094188,100000000,20.941880000
3523,1934364,100000000,19.343640000
3524,1786796,100000000,17.867960000
3525,1832404,100000000,18.324040000
3526,1754748,100000000,17.547480000
3527,1969552,100000000,19.695520000
3528,1902368,100000000,19.023680000
3529,1874260,100000000,18.742600000
3530,2305224,100000000,23.052240000
3531,1712064,100000000,17.120640000
3532,1702808,100000000,17.028080000
3533,2011020,100000000,20.110200000
3534,2009340,100000000,20.093400000
3535,1772424,100000000,17.724240000
3536,1813208,100000000,18.132080000
3537,1939876,100000000,19.398760000
3538,2136868,100000000,21.368680000
3539,1749816,100000000,17.498160000
3540,2127396,100000000,21.273960000
3541,2517320,100000000,25.173200000
3542,1972828,100000000,19.728280000
3543,1975172,100000000,19.751720000
3544,2086140,100000000,20.861400000
3545,2940928,100000000,29.409280000
3546,3547960,100000000,35.479600000
3547,2492472,100000000,24.924720000
3548,3591352,100000000,35.913520000
3549,1794960,100000000,17.949600000
3550,2642172,100000000,26.421720000
3551,2877768,100000000,28.777680000
3552,2220572,100000000,22.205720000
3553,2697916,100000000,26.979160000
3554,1921528,100000000,19.215280000
3555,2003144,100000000,20.031440000
3556,1761956,100000000,17.619560000
3557,1857292,100000000,18.572920000
3558,1788732,100000000,17.887320000
3559,1857052,100000000,18.570520000
3560,2527736,100000000,25.277360000
3561,2120636,100000000,21.206360000
3562,2625752,100000000,26.257520000
3563,1957620,100000000,19.576200000
3564,1971380,100000000,19.713800000
3565,2149764,100000000,21.497640000
3566,2833052,100000000,28.330520000
3567,3129552,100000000,31.295520000
3568,2554764,100000000,25.547640000
3569,2186656,100000000,21.866560000
3570,1898648,100000000,18.986480000
3571,2448280,100000000,24.482800000
3572,2723352,100000000,27.233520000
3573,1723656,100000000,17.236560000
3574,1718700,100000000,17.187000000
3575,1982456,100000000,19.824560000
3576,2075568,100000000,20.755680000
3577,1711240,100000000,17.112400000
3578,2127540,100000000,21.275400000
3579,1986968,100000000,19.869680000
3580,1700900,100000000,17.009000000
3581,1839480,100000000,18.394800000
3582,1803612,100000000,18.036120000
3583,1789716,100000000,17.897160000
3584,1911384,100000000,19.113840000
3585,1761740,100000000,17.617400000
3586,1741320,100000000,17.413200000
3587,1894780,100000000,18.947800000
3588,2846092,100000000,28.460920000
3589,1822848,100000000,18.228480000
3590,2124768,100000000,21.247680000
3591,2163128,100000000,21.631280000
3592,2552088,100000000,25.520880000
3593,3085052,100000000,30.850520000
3594,1711656,100000000,17.116560000
3595,1745696,100000000,17.456960000
3596,2069320,100000000,20.693200000
3597,1928192,100000000,19.281920000
3598,2246472,100000000,22.464720000
3599,2014952,100000000,20.149520000
3600,2111060,100000000,21.110600000
3601,2329284,100000000,23.292840000
3602,3293172,100000000,32.931720000
3603,2967928,100000000,29.679280000
3604,3506312,100000000,35.063120000
3605,2240012,100000000,22.400120000
3606,2242036,100000000,22.420360000
3607,1912684,100000000,19.126840000
3608,2132276,100000000,21.322760000
3609,2024760,100000000,20.247600000
3610,2721488,100000000,27.214880000
3611,1951156,100000000,19.511560000
3612,2001724,100000000,20.017240000
3613,1760948,100000000,17.609480000
3614,1803768,100000000,18.037680000
3615,1895536,100000000,18.955360000
3616,1752740,100000000,17.527400000
3617,1903124,100000000,19.031240000
3618,1802972,100000000,18.029720000
3619,1864420,100000000,18.644200000
3620,2657104,100000000,26.571040000
3621,1927056,100000000,19.270560000
3622,2849376,100000000,28.493760000
3623,2016444,100000000,20.164440000
3624,2458524,100000000,24.585240000
3625,2027468,100000000,20.274680000
3626,2411492,100000000,24.114920000
3627,2867856,100000000,28.678560000
3628,1875540,100000000,18.755400000
3629,2865980,100000000,28.659800000
3630,3246908,100000000,32.469080000
3631,1696428,100000000,16.964280000
3632,2277072,100000000,22.770720000
3633,1780840,100000000,17.808400000
3634,1772704,100000000,17.727040000
3635,1753132,100000000,17.531320000
3636,1771300,100000000,17.713000000
3637,1747184,100000000,17.471840000
3638,2489320,100000000,24.893200000
3639,2041592,100000000,20.415920000
3640,1904876,100000000,19.048760000
3641,1858756,100000000,18.587560000
3642,2047824,100000000,20.478240000
3643,1957228,100000000,19.572280000
3644,2614088,100000000,26.140880000
3645,2639420,100000000,26.394200000
3646,2516448,100000000,25.164480000
3647,1874384,100000000,18.743840000
3648,1841816,100000000,18.418160000
3649,1691912,100000000,16.919120000
3650,1957732,100000000,19.577320000
3651,1783364,100000000,17.833640000
3652,1739504,100000000,17.395040000
3653,1694500,100000000,16.945000000
3654,1788772,100000000,17.887720000
3655,1747200,100000000,17.472000000
3656,1961776,100000000,19.617760000
3657,1839688,100000000,18.396880000
3658,1778144,100000000,17.781440000
3659,1919108,100000000,19.191080000
3660,1994512,100000000,19.945120000
3661,1717748,100000000,17.177480000
3662,1818920,100000000,18.189200000
3663,1768224,100000000,17.682240000
3664,1843256,100000000,18.432560000
3665,2087136,100000000,20.871360000
3666,2003360,100000000,20.033600000
3667,3294244,100000000,32.942440000
3668,1778696,100000000,17.786960000
3669,1760404,100000000,17.604040000
3670,2131324,100000000,21.313240000
3671,1801712,100000000,18.017120000
3672,2650132,100000000,26.501320000
3673,2183604,100000000,21.836040000
3674,3176768,100000000,31.767680000
3675,2237856,100000000,22.378560000
3676,2704524,100000000,27.045240000
3677,2305940,100000000,23.059400000
3678,2231696,100000000,22.316960000
3679,2470584,100000000,24.705840000
3680,3355432,100000000,33.554320000
3681,3414748,100000000,34.147480000
3682,2771828,100000000,27.718280000
3683,3702420,100000000,37.024200000
3684,2148460,100000000,21.484600000
3685,2265932,100000000,22.659320000
3686,1828644,100000000,18.286440000
3687,1996732,100000000,19.967320000
3688,1831024,100000000,18.310240000
3689,2086056,100000000,20.860560000
3690,2637924,100000000,26.379240000
3691,2112368,100000000,21.123680000
3692,2379928,100000000,23.799280000
3693,2204336,100000000,22.043360000
3694,2378764,100000000,23.787640000
3695,1885488,100000000,18.854880000
3696,2137168,100000000,21.371680000
3697,2191556,100000000,21.915560000
3698,1887744,100000000,18.877440000
3699,2081860,100000000,20.818600000
3700,1788372,100000000,17.883720000
3701,2351972,100000000,23.519720000
3702,2392384,100000000,23.923840000
3703,1938396,100000000,19.383960000
3704,1954324,100000000,19.543240000
3705,2674696,100000000,26.746960000
3706,1801804,100000000,18.018040000
3707,1801856,100000000,18.018560000
3708,2150008,100000000,21.500080000
3709,2025848,100000000,20.258480000
3710,2501208,100000000,25.012080000
3711,1998456,100000000,19.984560000
3712,2049796,100000000,20.497960000
3713,3097192,100000000,30.971920000
3714,1713716,100000000,17.137160000
3715,2312584,100000000,23.125840000
3716,2002596,100000000,20.025960000
3717,3758492,100000000,37.584920000
3718,1782416,100000000,17.824160000
3719,1996248,100000000,19.962480000
3720,2103448,100000000,21.034480000
3721,1813104,100000000,18.131040000
3722,1814144,100000000,18.141440000
3723,1766052,100000000,17.660520000
3724,1749988,100000000,17.499880000
3725,2451504,100000000,24.515040000
3726,2846212,100000000,28.462120000
3727,1745504,100000000,17.455040000
3728,3086324,100000000,30.863240000
3729,1881500,100000000,18.815000000
3730,2134632,100000000,21.346320000
3731,1842384,100000000,18.423840000
3732,1762928,100000000,17.629280000
3733,1751416,100000000,17.514160000
3734,1803312,100000000,18.033120000
3735,1722608,100000000,17.226080000
3736,1756368,100000000,17.563680000
3737,1935192,100000000,19.351920000
3738,1766216,100000000,17.662160000
3739,2005604,100000000,20.056040000
3740,1785136,100000000,17.851360000
3741,2139432,100000000,21.394320000
3742,1870856,100000000,18.708560000
3743,1803820,100000000,18.038200000
3744,1919164,100000000,19.191640000
3745,1808480,100000000,18.084800000
3746,1778364,100000000,17.783640000
3747,3624084,100000000,36.240840000
3748,3138464,100000000,31.384640000
3749,2210660,100000000,22.106600000
3750,2716972,100000000,27.169720000
3751,1748104,100000000,17.481040000
3752,1846700,100000000,18.467000000
3753,2147068,100000000,21.470680000
3754,1778736,100000000,17.787360000
3755,2002756,100000000,20.027560000
3756,2156508,100000000,21.565080000
3757,1779116,100000000,17.791160000
3758,2093700,100000000,20.937000000
3759,1952908,100000000,19.529080000
3760,1955144,100000000,19.551440000
3761,1955804,100000000,19.558040000
3762,1815220,100000000,18.152200000
3763,2052560,100000000,20.525600000
3764,2354468,100000000,23.544680000
3765,2912224,100000000,29.122240000
3766,3288536,100000000,32.885360000
3767,3083940,100000000,30.839400000
3768,2294184,100000000,22.941840000
3769,1817412,100000000,18.174120000
3770,1746404,100000000,17.464040000
3771,1991280,100000000,19.912800000
3772,2105156,100000000,21.051560000
3773,2764696,100000000,27.646960000
3774,2137040,100000000,21.370400000
3775,1994172,100000000,19.941720000
3776,2610756,100000000,26.107560000
3777,1851700,100000000,18.517000000
3778,1815976,100000000,18.159760000
3779,1858188,100000000,18.581880000
3780,1760924,100000000,17.609240000
3781,1961136,100000000,19.611360000
3782,1773160,100000000,17.731600000
3783,1951176,100000000,19.511760000
3784,2119572,100000000,21.195720000
3785,1743576,100000000,17.435760000
3786,1790940,100000000,17.909400000
3787,1979628,100000000,19.796280000
3788,1739508,100000000,17.395080000
3789,2886580,100000000,28.865800000
3790,1797308,100000000,17.973080000
3791,1763676,100000000,17.636760000
3792,2024864,100000000,20.248640000
3793,1908408,100000000,19.084080000
3794,2707252,100000000,27.072520000
3795,1941652,100000000,19.416520000
3796,1911924,100000000,19.119240000
3797,2605036,100000000,26.050360000
3798,1803464,100000000,18.034640000
3799,2186048,100000000,21.860480000
3800,1811332,100000000,18.113320000
3801,1851100,100000000,18.511000000
3802,1860604,100000000,18.606040000
3803,2575424,100000000,25.754240000
3804,4218272,100000000,42.182720000
3805,1806156,100000000,18.061560000
3806,1782352,100000000,17.823520000
3807,1894508,100000000,18.945080000
3808,2345080,100000000,23.450800000
3809,2199200,100000000,21.992000000
3810,2927200,100000000,29.272000000
3811,1695344,100000000,16.953440000
3812,1779280,100000000,17.792800000
3813,1877628,100000000,18.776280000
3814,2148948,100000000,21.489480000
3815,2231252,100000000,22.312520000
3816,2794528,100000000,27.945280000
3817,1999336,100000000,19.993360000
3818,1754152,100000000,17.541520000
3819,1753688,100000000,17.536880000
3820,2033668,100000000,20.336680000
3821,1773864,100000000,17.738640000
3822,1791752,100000000,17.917520000
3823,1779816,100000000,17.798160000
3824,1694968,100000000,16.949680000
3825,1924396,100000000,19.243960000
3826,2842448,100000000,28.424480000
3827,3336328,100000000,33.363280000
3828,2932672,100000000,29.326720000
3829,1728168,100000000,17.281680000
3830,1744940,100000000,17.449400000
3831,1784600,100000000,17.846000000
3832,1755400,100000000,17.554000000
3833,1780800,100000000,17.808000000
3834,2376124,100000000,23.761240000
3835,2666796,100000000,26.667960000
3836,1894732,100000000,18.947320000
3837,2577316,100000000,25.773160000
3838,1947200,100000000,19.472000000
3839,1922296,100000000,19.222960000
3840,3225236,100000000,32.252360000
3841,1801832,100000000,18.018320000
3842,2439600,100000000,24.396000000
3843,1704844,100000000,17.048440000
3844,1719600,100000000,17.196000000
3845,1703728,100000000,17.037280000
3846,2435580,100000000,24.355800000
3847,1729884,100000000,17.298840000
3848,2186268,100000000,21.862680000
3849,3537608,100000000,35.376080000
3850,1793580,100000000,17.935800000
3851,2137256,100000000,21.372560000
3852,1802544,100000000,18.025440000
3853,2104368,100000000,21.043680000
3854,1752776,100000000,17.527760000
3855,1723748,100000000,17.237480000
3856,1954756,100000000,19.547560000
3857,2197972,100000000,21.979720000
3858,1768700,100000000,17.687000000
3859,2314656,100000000,23.146560000
3860,1726532,100000000,17.265320000
3861,1779304,100000000,17.793040000
3862,2137488,100000000,21.374880000
3863,1712872,100000000,17.128720000
3864,1727572,100000000,17.275720000
3865,1841196,100000000,18.411960000
3866,2183796,100000000,21.837960000
3867,2128140,100000000,21.281400000
3868,1701436,100000000,17.014360000
3869,1755412,100000000,17.554120000
3870,1881052,100000000,18.810520000
3871,1806744,100000000,18.067440000
3872,1730568,100000000,17.305680000
3873,2357348,100000000,23.573480000
3874,3028712,100000000,30.287120000
3875,1737232,100000000,17.372320000
3876,1710524,100000000,17.105240000
3877,1762164,100000000,17.621640000
3878,1803372,100000000,18.033720000
3879,1834920,100000000,18.349200000
3880,1827416,100000000,18.274160000
3881,1735316,100000000,17.353160000
3882,2289572,100000000,22.895720000
3883,2111704,100000000,21.117040000
3884,1872804,100000000,18.728040000
3885,1811632,100000000,18.116320000
3886,1750800,100000000,17.508000000
3887,1720040,100000000,17.200400000
3888,1703032,100000000,17.030320000
3889,2451668,100000000,24.516680000
3890,1917268,100000000,19.172680000
3891,1889100,100000000,18.891000000
3892,1963200,100000000,19.632000000
3893,1713556,100000000,17.135560000
3894,1749756,100000000,17.497560000
3895,1753700,100000000,17.537000000
3896,1726352,100000000,17.263520000
3897,2008796,100000000,20.087960000
3898,2106892,100000000,21.068920000
3899,1734716,100000000,17.347160000
3900,1729380,100000000,17.293800000
3901,1742640,100000000,17.426400000
3902,1724056,100000000,17.240560000
3903,1924304,100000000,19.243040000
3904,1722828,100000000,17.228280000
3905,1771180,100000000,17.711800000
3906,1853100,100000000,18.531000000
3907,2085548,100000000,20.855480000
3908,1765356,100000000,17.653560000
3909,1952944,100000000,19.529440000
3910,2100216,100000000,21.002160000
3911,1764296,100000000,17.642960000
3912,1893740,100000000,18.937400000
3913,1929844,100000000,19.298440000
3914,2169892,100000000,21.698920000
3915,1771172,100000000,17.711720000
3916,2031012,100000000,20.310120000
3917,1788376,100000000,17.883760000
3918,2085724,100000000,20.857240000
3919,2145216,100000000,21.452160000
3920,1731896,100000000,17.318960000
3921,1859796,100000000,18.597960000
3922,3519920,100000000,35.199200000
3923,1826828,100000000,18.268280000
3924,2365000,100000000,23.650000000
3925,1686088,100000000,16.860880000
3926,1692768,100000000,16.927680000
3927,1883016,100000000,18.830160000
3928,1782404,100000000,17.824040000
3929,1791196,100000000,17.911960000
3930,1822624,100000000,18.226240000
3931,2351972,100000000,23.519720000
3932,2292908,100000000,22.929080000
3933,2727756,100000000,27.277560000
3934,1721372,100000000,17.213720000
3935,1731484,100000000,17.314840000
3936,2012328,100000000,20.123280000
3937,2603196,100000000,26.031960000
3938,1819416,100000000,18.194160000
3939,1937828,100000000,19.378280000
3940,1928504,100000000,19.285040000
3941,2005244,100000000,20.052440000
3942,2753388,100000000,27.533880000
3943,3799636,100000000,37.996360000
3944,1696648,100000000,16.966480000
3945,1984320,100000000,19.843200000
3946,2422664,100000000,24.226640000
3947,1781068,100000000,17.810680000
3948,1777936,100000000,17.779360000
3949,1746000,100000000,17.460000000
3950,1680032,100000000,16.800320000
3951,2013244,100000000,20.132440000
3952,1871304,100000000,18.713040000
3953,1802544,100000000,18.025440000
3954,2982424,100000000,29.824240000
3955,1697880,100000000,16.978800000
3956,1746788,100000000,17.467880000
3957,1822420,100000000,18.224200000
3958,1914928,100000000,19.149280000
3959,1774820,100000000,17.748200000
3960,2118168,100000000,21.181680000
