"time","id","task","pid","tid","hContext","hWindow","VidPnSourceId","FlipInterval","Flags","ReturnStatus","hSrcAllocHandle","hDstAllocHandle"
"06:18:07.784792","184","107","4596","3908","1073744576","0x0","0","1","4198404","0","0x40003080","0x0"
"06:18:08.285347","184","107","4596","3908","1073744576","0x0","0","1","4198404","0","0x40002f80","0x0"
"06:18:09.163968","184","107","4596","13100","1073742528","0x0","0","0","32768","0","0x40000540","0x0"
"06:18:09.165471","184","107","4596","13100","1073742528","0x0","0","0","32768","0","0x40000540","0x0"
"06:18:09.166848","184","107","4596","13100","1073742528","0x0","0","0","32768","0","0x40000540","0x0"
"06:18:09.168167","184","107","4596","13100","1073742528","0x0","0","0","32768","0","0x40000540","0x0"
"06:18:09.181000","184","107","4964","4028","1073742656","0x0","0","0","32768","0","0x40000440","0x0"
"06:18:09.200225","184","107","4596","3908","1073744576","0x0","0","1","4198404","0","0x40003000","0x0"
"06:18:09.231930","184","107","4596","3908","1073744576","0x0","0","1","4198404","0","0x40003080","0x0"
"06:18:09.253450","184","107","13088","7208","1073748032","0x4904d0","0","0","193","3223192386","0x40001480","0x0"
"06:18:09.262577","184","107","13088","7208","1073748032","0x4904d0","0","0","193","3223192386","0x400019c0","0x0"
"06:18:09.268064","184","107","4964","4028","1073742656","0x0","0","0","32768","0","0x40000440","0x0"
"06:18:09.273307","184","107","13088","7208","1073748032","0x4904d0","0","0","193","3223192386","0x40001ec0","0x0"
"06:18:09.279251","184","107","13088","7208","1073748032","0x4904d0","0","0","193","3223192386","0x40002240","0x0"
"06:18:09.284391","184","107","13088","7208","1073748032","0x4904d0","0","0","193","3223192386","0x80000700","0x0"
"06:18:09.289491","184","107","13088","7208","1073748032","0x4904d0","0","0","193","3223192386","0x40002840","0x0"
"06:18:09.294639","184","107","13088","7208","1073748032","0x4904d0","0","0","193","3223192386","0x40002cc0","0x0"
"06:18:09.299474","184","107","13088","7208","1073748032","0x4904d0","0","0","193","3223192386","0x40003080","0x0"
"06:18:09.304149","184","107","13088","7208","1073748032","0x4904d0","0","0","193","3223192386","0x80001640","0x0"
"06:18:09.308736","184","107","13088","7208","1073748032","0x4904d0","0","0","193","3223192386","0x40003580","0x0"
"06:18:09.313391","184","107","13088","7208","1073748032","0x4904d0","0","0","193","3223192386","0x80001d40","0x0"
"06:18:09.313499","184","107","4596","3908","1073744576","0x0","0","1","4198404","0","0x40002f80","0x0"
"06:18:09.318470","184","107","13088","7208","1073748032","0x4904d0","0","0","193","3223192386","0x80001e00","0x0"
"06:18:09.340673","184","107","13088","7208","1073748032","0x4904d0","0","0","193","3223192386","0x40003a40","0x0"
"06:18:09.345825","184","107","13088","7208","1073748032","0x4904d0","0","0","193","3223192386","0x40003b40","0x0"
"06:18:09.350570","184","107","13088","7208","1073748032","0x4904d0","0","0","193","3223192386","0x80002b80","0x0"
"06:18:09.355483","184","107","13088","7208","1073748032","0x4904d0","0","0","193","3223192386","0xc0001140","0x0"
"06:18:09.360305","184","107","13088","7208","1073748032","0x4904d0","0","0","193","3223192386","0x80003340","0x0"
"06:18:09.365170","184","107","13088","7208","1073748032","0x4904d0","0","0","193","3223192386","0xc0001380","0x0"
"06:18:09.370202","184","107","13088","7208","1073748032","0x4904d0","0","0","193","3223192386","0x80003700","0x0"
"06:18:09.375185","184","107","13088","7208","1073748032","0x4904d0","0","0","193","3223192386","0x80003800","0x0"
"06:18:09.380667","184","107","13088","7208","1073748032","0x4904d0","0","0","193","3223192386","0xc0002400","0x0"
"06:18:09.385800","184","107","13088","7208","1073748032","0x4904d0","0","0","193","3223192386","0xc00026c0","0x0"
"06:18:09.399712","184","107","13088","7208","1073748032","0x4904d0","0","0","193","3223192386","0x80003c40","0x0"
"06:18:09.402951","184","107","4596","3908","1073744576","0x0","0","1","4198404","0","0x40003000","0x0"
"06:18:09.405709","184","107","13088","7208","1073748032","0x4904d0","0","0","193","3223192386","0xc0002840","0x0"
"06:18:09.410633","184","107","13088","7208","1073748032","0x4904d0","0","0","193","3223192386","0xc0002cc0","0x0"
"06:18:09.415365","184","107","13088","7208","1073748032","0x4904d0","0","0","193","3223192386","0xc0003080","0x0"
"06:18:09.420162","184","107","13088","7208","1073748032","0x4904d0","0","0","193","3223192386","0x40001640","0x0"
"06:18:09.451457","184","107","13088","7208","1073748032","0x4904d0","0","0","193","3223192386","0xc0003580","0x0"
"06:18:09.454920","184","107","4596","3908","1073744576","0x0","0","1","4198404","0","0x40003080","0x0"
"06:18:09.457493","184","107","13088","7208","1073748032","0x4904d0","0","0","193","3223192386","0x40001d40","0x0"
"06:18:09.462180","184","107","13088","7208","1073748032","0x4904d0","0","0","193","3223192386","0x40001e00","0x0"
"06:18:09.466795","184","107","13088","7208","1073748032","0x4904d0","0","0","193","3223192386","0xc0003a40","0x0"
"06:18:09.473558","184","107","13088","7208","1073748032","0x4904d0","0","0","193","3223192386","0xc0003b40","0x0"
"06:18:09.502343","184","107","13088","7208","1073748032","0x4904d0","0","0","193","3223192386","0x40002b80","0x0"
"06:18:09.505348","184","107","4596","3908","1073744576","0x0","0","1","4198404","0","0x40002f80","0x0"
"06:18:09.507992","184","107","13088","7208","1073748032","0x4904d0","0","0","193","3223192386","0x80001140","0x0"
"06:18:09.512774","184","107","13088","7208","1073748032","0x4904d0","0","0","193","3223192386","0x40003340","0x0"
"06:18:09.517356","184","107","13088","7208","1073748032","0x4904d0","0","0","193","3223192386","0x80001380","0x0"
"06:18:09.534085","184","107","13088","7208","1073748032","0x4904d0","0","0","193","3223192386","0x40003700","0x0"
"06:18:09.544474","184","107","13088","7208","1073748032","0x4904d0","0","0","193","3223192386","0x40003800","0x0"
"06:18:09.549620","184","107","13088","7208","1073748032","0x4904d0","0","0","193","3223192386","0x80002400","0x0"
"06:18:09.554634","184","107","13088","7208","1073748032","0x4904d0","0","0","193","3223192386","0x800026c0","0x0"
"06:18:09.559775","184","107","13088","7208","1073748032","0x4904d0","0","0","193","3223192386","0x40003c40","0x0"
"06:18:09.565193","184","107","13088","7208","1073748032","0x4904d0","0","0","193","3223192386","0x80002840","0x0"
"06:18:09.570276","184","107","13088","7208","1073748032","0x4904d0","0","0","193","3223192386","0x80002cc0","0x0"
"06:18:09.575555","184","107","13088","7208","1073748032","0x4904d0","0","0","193","3223192386","0x80003080","0x0"
"06:18:09.581540","184","107","13088","7208","1073748032","0x4904d0","0","0","193","3223192386","0xc0001640","0x0"
"06:18:09.596314","184","107","13088","7208","1073748032","0x4904d0","0","0","193","3223192386","0x80003580","0x0"
"06:18:09.600109","184","107","4596","3908","1073744576","0x0","0","1","4198404","0","0x40003000","0x0"
"06:18:09.602763","184","107","13088","7208","1073748032","0x4904d0","0","0","193","3223192386","0xc0001d40","0x0"
"06:18:09.609292","184","107","13088","7208","1073748032","0x4904d0","0","0","193","3223192386","0xc0001e00","0x0"
"06:18:09.615504","184","107","13088","7208","1073748032","0x4904d0","0","0","193","3223192386","0x80003a40","0x0"
"06:18:09.621444","184","107","13088","7208","1073748032","0x4904d0","0","0","193","3223192386","0x80003b40","0x0"
"06:18:09.627241","184","107","13088","7208","1073748032","0x4904d0","0","0","193","3223192386","0xc0002b80","0x0"
"06:18:09.633051","184","107","13088","7208","1073748032","0x4904d0","0","0","193","3223192386","0x40001140","0x0"
"06:18:09.638888","184","107","13088","7208","1073748032","0x4904d0","0","0","193","3223192386","0xc0003340","0x0"
"06:18:09.644699","184","107","13088","7208","1073748032","0x4904d0","0","0","193","3223192386","0x40001380","0x0"
"06:18:09.650507","184","107","13088","7208","1073748032","0x4904d0","0","0","193","3223192386","0xc0003700","0x0"
"06:18:09.655975","184","107","13088","7208","1073748032","0x4904d0","0","0","193","3223192386","0xc0003800","0x0"
"06:18:09.657002","184","107","4596","3908","1073744576","0x0","0","1","4198404","0","0x40003080","0x0"
"06:18:09.674074","184","107","13088","7208","1073748032","0x4904d0","0","0","193","3223192386","0x40002400","0x0"
"06:18:09.679945","184","107","13088","7208","1073748032","0x4904d0","0","0","193","3223192386","0x400026c0","0x0"
"06:18:09.685572","184","107","13088","7208","1073748032","0x4904d0","0","0","193","3223192386","0xc0003c40","0x0"
"06:18:09.691482","184","107","13088","7208","1073748032","0x4904d0","0","0","193","3223192386","0x40002840","0x0"
"06:18:09.697279","184","107","13088","7208","1073748032","0x4904d0","0","0","193","3223192386","0x40002cc0","0x0"
"06:18:09.703351","184","107","13088","7208","1073748032","0x4904d0","0","0","193","3223192386","0x40003080","0x0"
"06:18:09.709635","184","107","13088","7208","1073748032","0x4904d0","0","0","193","3223192386","0x80001640","0x0"
"06:18:09.715363","184","107","13088","7208","1073748032","0x4904d0","0","0","193","3223192386","0x40003580","0x0"
"06:18:09.721173","184","107","13088","7208","1073748032","0x4904d0","0","0","193","3223192386","0x80001d40","0x0"
"06:18:09.722602","184","107","4596","3908","1073744576","0x0","0","1","4198404","0","0x40002f80","0x0"
"06:18:09.738241","184","107","4596","3908","1073744576","0x0","0","1","4198404","0","0x40003000","0x0"
"06:18:09.752402","184","107","13088","7208","1073748032","0x4904d0","0","0","193","3223192386","0x80001e00","0x0"
"06:18:09.753983","184","107","4596","3908","1073744576","0x0","0","1","4198404","0","0x40003080","0x0"
"06:18:09.787699","184","107","13088","7208","1073748032","0x4904d0","0","0","193","3223192386","0x40003a40","0x0"
"06:18:09.787749","184","107","4596","3908","1073744576","0x0","0","1","4198404","0","0x40002f80","0x0"
"06:18:09.793599","184","107","13088","7208","1073748032","0x4904d0","0","0","193","3223192386","0x40003b40","0x0"
"06:18:09.798606","184","107","13088","7208","1073748032","0x4904d0","0","0","193","3223192386","0x80002b80","0x0"
"06:18:09.803914","184","107","13088","7208","1073748032","0x4904d0","0","0","193","3223192386","0xc0001140","0x0"
"06:18:09.808874","184","107","13088","7208","1073748032","0x4904d0","0","0","193","3223192386","0x80003340","0x0"
"06:18:09.813868","184","107","13088","7208","1073748032","0x4904d0","0","0","193","3223192386","0xc0001380","0x0"
"06:18:09.818861","184","107","13088","7208","1073748032","0x4904d0","0","0","193","3223192386","0x80003700","0x0"
"06:18:09.823980","184","107","13088","7208","1073748032","0x4904d0","0","0","193","3223192386","0x80003800","0x0"
"06:18:09.827978","184","107","4596","3908","1073744576","0x0","0","1","4198404","0","0x40003000","0x0"
"06:18:09.828893","184","107","13088","7208","1073748032","0x4904d0","0","0","193","3223192386","0xc0002400","0x0"
"06:18:09.833981","184","107","13088","7208","1073748032","0x4904d0","0","0","193","3223192386","0xc00026c0","0x0"
"06:18:09.839469","184","107","13088","7208","1073748032","0x4904d0","0","0","193","3223192386","0x80003c40","0x0"
"06:18:09.844392","184","107","13088","7208","1073748032","0x4904d0","0","0","193","3223192386","0xc0002840","0x0"
"06:18:09.849500","184","107","13088","7208","1073748032","0x4904d0","0","0","193","3223192386","0xc0002cc0","0x0"
"06:18:09.854910","184","107","13088","7208","1073748032","0x4904d0","0","0","193","3223192386","0xc0003080","0x0"
"06:18:09.860010","184","107","13088","7208","1073748032","0x4904d0","0","0","193","3223192386","0x40001640","0x0"
"06:18:09.862129","184","107","4596","3908","1073744576","0x0","0","1","4198404","0","0x40003080","0x0"
"06:18:09.864987","184","107","13088","7208","1073748032","0x4904d0","0","0","193","3223192386","0xc0003580","0x0"
"06:18:09.870407","184","107","13088","7208","1073748032","0x4904d0","0","0","193","3223192386","0x40001d40","0x0"
"06:18:09.870535","184","107","4596","3908","1073744576","0x0","0","1","4198404","0","0x40002f80","0x0"
"06:18:09.875601","184","107","13088","7208","1073748032","0x4904d0","0","0","193","3223192386","0x40001e00","0x0"
"06:18:09.881548","184","107","13088","7208","1073748032","0x4904d0","0","0","193","3223192386","0xc0003a40","0x0"
"06:18:09.886888","184","107","13088","7208","1073748032","0x4904d0","0","0","193","3223192386","0xc0003b40","0x0"
"06:18:09.887357","184","107","4596","3908","1073744576","0x0","0","1","4198404","0","0x40003000","0x0"
"06:18:09.892142","184","107","13088","7208","1073748032","0x4904d0","0","0","193","3223192386","0x40002b80","0x0"
"06:18:09.897134","184","107","13088","7208","1073748032","0x4904d0","0","0","193","3223192386","0x80001140","0x0"
"06:18:09.902400","184","107","13088","7208","1073748032","0x4904d0","0","0","193","3223192386","0x40003340","0x0"
"06:18:09.903965","184","107","4596","3908","1073744576","0x0","0","1","4198404","0","0x40003080","0x0"
"06:18:09.908006","184","107","13088","7208","1073748032","0x4904d0","0","0","193","3223192386","0x80001380","0x0"
"06:18:09.912894","184","107","13088","7208","1073748032","0x4904d0","0","0","193","3223192386","0x40003700","0x0"
"06:18:09.918077","184","107","13088","7208","1073748032","0x4904d0","0","0","193","3223192386","0x40003800","0x0"
"06:18:09.920718","184","107","4596","3908","1073744576","0x0","0","1","4198404","0","0x40002f80","0x0"
"06:18:09.923694","184","107","13088","7208","1073748032","0x4904d0","0","0","193","3223192386","0x80002400","0x0"
"06:18:09.928519","184","107","13088","7208","1073748032","0x4904d0","0","0","193","3223192386","0x800026c0","0x0"
"06:18:09.933311","184","107","13088","7208","1073748032","0x4904d0","0","0","193","3223192386","0x40003c40","0x0"
"06:18:09.937339","184","107","4596","3908","1073744576","0x0","0","1","4198404","0","0x40003000","0x0"
"06:18:09.938318","184","107","13088","7208","1073748032","0x4904d0","0","0","193","3223192386","0x80002840","0x0"
"06:18:09.943487","184","107","13088","7208","1073748032","0x4904d0","0","0","193","3223192386","0x80002cc0","0x0"
"06:18:09.948531","184","107","13088","7208","1073748032","0x4904d0","0","0","193","3223192386","0x80003080","0x0"
"06:18:09.953827","184","107","4596","3908","1073744576","0x0","0","1","4198404","0","0x40003080","0x0"
"06:18:09.953863","184","107","13088","7208","1073748032","0x4904d0","0","0","193","3223192386","0xc0001640","0x0"
"06:18:09.959016","184","107","13088","7208","1073748032","0x4904d0","0","0","193","3223192386","0x80003580","0x0"
"06:18:09.963996","184","107","13088","7208","1073748032","0x4904d0","0","0","193","3223192386","0xc0001d40","0x0"
"06:18:09.969070","184","107","13088","7208","1073748032","0x4904d0","0","0","193","3223192386","0xc0001e00","0x0"
"06:18:09.970402","184","107","4596","3908","1073744576","0x0","0","1","4198404","0","0x40002f80","0x0"
"06:18:09.974599","184","107","13088","7208","1073748032","0x4904d0","0","0","193","3223192386","0x80003a40","0x0"
"06:18:09.979123","184","107","13088","7208","1073748032","0x4904d0","0","0","193","3223192386","0x80003b40","0x0"
"06:18:09.984121","184","107","13088","7208","1073748032","0x4904d0","0","0","193","3223192386","0xc0002b80","0x0"
"06:18:09.987064","184","107","4596","3908","1073744576","0x0","0","1","4198404","0","0x40003000","0x0"
"06:18:09.989055","184","107","13088","7208","1073748032","0x4904d0","0","0","193","3223192386","0x40001140","0x0"
"06:18:09.993775","184","107","13088","7208","1073748032","0x4904d0","0","0","193","3223192386","0xc0003340","0x0"
"06:18:09.999103","184","107","13088","7208","1073748032","0x4904d0","0","0","193","3223192386","0x40001380","0x0"
"06:18:10.003702","184","107","4596","3908","1073744576","0x0","0","1","4198404","0","0x40003080","0x0"
"06:18:10.004352","184","107","13088","7208","1073748032","0x4904d0","0","0","193","3223192386","0xc0003700","0x0"
"06:18:10.009335","184","107","13088","7208","1073748032","0x4904d0","0","0","193","3223192386","0xc0003800","0x0"
"06:18:10.014034","184","107","13088","7208","1073748032","0x4904d0","0","0","193","3223192386","0x40002400","0x0"
"06:18:10.019038","184","107","13088","7208","1073748032","0x4904d0","0","0","193","3223192386","0x400026c0","0x0"
"06:18:10.020417","184","107","4596","3908","1073744576","0x0","0","1","4198404","0","0x40002f80","0x0"
"06:18:10.024439","184","107","13088","7208","1073748032","0x4904d0","0","0","193","3223192386","0xc0003c40","0x0"
"06:18:10.029178","184","107","13088","7208","1073748032","0x4904d0","0","0","193","3223192386","0x40002840","0x0"
"06:18:10.034120","184","107","13088","7208","1073748032","0x4904d0","0","0","193","3223192386","0x40002cc0","0x0"
"06:18:10.037133","184","107","4596","3908","1073744576","0x0","0","1","4198404","0","0x40003000","0x0"
"06:18:10.039233","184","107","13088","7208","1073748032","0x4904d0","0","0","193","3223192386","0x40003080","0x0"
"06:18:10.044291","184","107","13088","7208","1073748032","0x4904d0","0","0","193","3223192386","0x80001640","0x0"
"06:18:10.049404","184","107","13088","7208","1073748032","0x4904d0","0","0","193","3223192386","0x40003580","0x0"
"06:18:10.053645","184","107","4596","3908","1073744576","0x0","0","1","4198404","0","0x40003080","0x0"
"06:18:10.054593","184","107","13088","7208","1073748032","0x4904d0","0","0","193","3223192386","0x80001d40","0x0"
"06:18:10.059553","184","107","13088","7208","1073748032","0x4904d0","0","0","193","3223192386","0x80001e00","0x0"
"06:18:10.064146","184","107","13088","7208","1073748032","0x4904d0","0","0","193","3223192386","0x40003a40","0x0"
"06:18:10.069105","184","107","13088","7208","1073748032","0x4904d0","0","0","193","3223192386","0x40003b40","0x0"
"06:18:10.070331","184","107","4596","3908","1073744576","0x0","0","1","4198404","0","0x40002f80","0x0"
"06:18:10.074750","184","107","13088","7208","1073748032","0x4904d0","0","0","193","3223192386","0x80002b80","0x0"
"06:18:10.079417","184","107","13088","7208","1073748032","0x4904d0","0","0","193","3223192386","0xc0001140","0x0"
"06:18:10.084001","184","107","13088","7208","1073748032","0x4904d0","0","0","193","3223192386","0x80003340","0x0"
"06:18:10.087344","184","107","4596","3908","1073744576","0x0","0","1","4198404","0","0x40003000","0x0"
"06:18:10.089375","184","107","13088","7208","1073748032","0x4904d0","0","0","193","3223192386","0xc0001380","0x0"
"06:18:10.094982","184","107","13088","7208","1073748032","0x4904d0","0","0","193","3223192386","0x80003700","0x0"
"06:18:10.099955","184","107","13088","7208","1073748032","0x4904d0","0","0","193","3223192386","0x80003800","0x0"
"06:18:10.103750","184","107","4596","3908","1073744576","0x0","0","1","4198404","0","0x40003080","0x0"
"06:18:10.105022","184","107","13088","7208","1073748032","0x4904d0","0","0","193","3223192386","0xc0002400","0x0"
"06:18:10.109954","184","107","13088","7208","1073748032","0x4904d0","0","0","193","3223192386","0xc00026c0","0x0"
"06:18:10.114583","184","107","13088","7208","1073748032","0x4904d0","0","0","193","3223192386","0x80003c40","0x0"
"06:18:10.120011","184","107","13088","7208","1073748032","0x4904d0","0","0","193","3223192386","0xc0002840","0x0"
"06:18:10.120509","184","107","4596","3908","1073744576","0x0","0","1","4198404","0","0x40002f80","0x0"
"06:18:10.125503","184","107","13088","7208","1073748032","0x4904d0","0","0","193","3223192386","0xc0002cc0","0x0"
"06:18:10.130442","184","107","13088","7208","1073748032","0x4904d0","0","0","193","3223192386","0xc0003080","0x0"
"06:18:10.135643","184","107","13088","7208","1073748032","0x4904d0","0","0","193","3223192386","0x40001640","0x0"
"06:18:10.137359","184","107","4596","3908","1073744576","0x0","0","1","4198404","0","0x40003000","0x0"
"06:18:10.141062","184","107","13088","7208","1073748032","0x4904d0","0","0","193","3223192386","0xc0003580","0x0"
"06:18:10.145989","184","107","13088","7208","1073748032","0x4904d0","0","0","193","3223192386","0x40001d40","0x0"
"06:18:10.150958","184","107","13088","7208","1073748032","0x4904d0","0","0","193","3223192386","0x40001e00","0x0"
"06:18:10.153805","184","107","4596","3908","1073744576","0x0","0","1","4198404","0","0x40003080","0x0"
"06:18:10.156264","184","107","13088","7208","1073748032","0x4904d0","0","0","193","3223192386","0xc0003a40","0x0"
"06:18:10.161126","184","107","13088","7208","1073748032","0x4904d0","0","0","193","3223192386","0xc0003b40","0x0"
"06:18:10.166059","184","107","13088","7208","1073748032","0x4904d0","0","0","193","3223192386","0x40002b80","0x0"
"06:18:10.170519","184","107","4596","3908","1073744576","0x0","0","1","4198404","0","0x40002f80","0x0"
"06:18:10.171652","184","107","13088","7208","1073748032","0x4904d0","0","0","193","3223192386","0x80001140","0x0"
"06:18:10.176725","184","107","13088","7208","1073748032","0x4904d0","0","0","193","3223192386","0x40003340","0x0"
"06:18:10.181635","184","107","13088","7208","1073748032","0x4904d0","0","0","193","3223192386","0x80001380","0x0"
"06:18:10.186526","184","107","13088","7208","1073748032","0x4904d0","0","0","193","3223192386","0x40003700","0x0"
"06:18:10.191359","184","107","13088","7208","1073748032","0x4904d0","0","0","193","3223192386","0x40003800","0x0"
"06:18:10.195977","184","107","13088","7208","1073748032","0x4904d0","0","0","193","3223192386","0x80002400","0x0"
"06:18:10.200596","184","107","13088","7208","1073748032","0x4904d0","0","0","193","3223192386","0x800026c0","0x0"
"06:18:10.205487","184","107","13088","7208","1073748032","0x4904d0","0","0","193","3223192386","0x40003c40","0x0"
"06:18:10.210274","184","107","13088","7208","1073748032","0x4904d0","0","0","193","3223192386","0x80002840","0x0"
"06:18:10.214994","184","107","13088","7208","1073748032","0x4904d0","0","0","193","3223192386","0x80002cc0","0x0"
"06:18:10.219678","184","107","13088","7208","1073748032","0x4904d0","0","0","193","3223192386","0x80003080","0x0"
"06:18:10.224539","184","107","13088","7208","1073748032","0x4904d0","0","0","193","3223192386","0xc0001640","0x0"
"06:18:10.229241","184","107","13088","7208","1073748032","0x4904d0","0","0","193","3223192386","0x80003580","0x0"
"06:18:10.234152","184","107","13088","7208","1073748032","0x4904d0","0","0","193","3223192386","0xc0001d40","0x0"
"06:18:10.239097","184","107","13088","7208","1073748032","0x4904d0","0","0","193","3223192386","0xc0001e00","0x0"
"06:18:10.243697","184","107","13088","7208","1073748032","0x4904d0","0","0","193","3223192386","0x80003a40","0x0"
"06:18:10.248531","184","107","13088","7208","1073748032","0x4904d0","0","0","193","3223192386","0x80003b40","0x0"
"06:18:10.253517","184","107","13088","7208","1073748032","0x4904d0","0","0","193","3223192386","0xc0002b80","0x0"
"06:18:10.258258","184","107","13088","7208","1073748032","0x4904d0","0","0","193","3223192386","0x40001140","0x0"
"06:18:10.263408","184","107","13088","7208","1073748032","0x4904d0","0","0","193","3223192386","0xc0003340","0x0"
"06:18:10.268050","184","107","13088","7208","1073748032","0x4904d0","0","0","193","3223192386","0x40001380","0x0"
"06:18:10.273541","184","107","13088","7208","1073748032","0x4904d0","0","0","193","3223192386","0xc0003700","0x0"
"06:18:10.278900","184","107","13088","7208","1073748032","0x4904d0","0","0","193","3223192386","0xc0003800","0x0"
"06:18:10.283619","184","107","13088","7208","1073748032","0x4904d0","0","0","193","3223192386","0x40002400","0x0"
"06:18:10.294536","184","107","13088","7208","1073748032","0x4904d0","0","0","193","3223192386","0x400026c0","0x0"
"06:18:10.299810","184","107","4596","3908","1073744576","0x0","0","1","4198404","0","0x40003000","0x0"
"06:18:10.304264","184","107","13088","7208","1073748032","0x4904d0","0","0","193","3223192386","0xc0003c40","0x0"
"06:18:10.308998","184","107","13088","7208","1073748032","0x4904d0","0","0","193","3223192386","0x40002840","0x0"
"06:18:10.313981","184","107","13088","7208","1073748032","0x4904d0","0","0","193","3223192386","0x40002cc0","0x0"
"06:18:10.318645","184","107","13088","7208","1073748032","0x4904d0","0","0","193","3223192386","0x40003080","0x0"
"06:18:10.323360","184","107","13088","7208","1073748032","0x4904d0","0","0","193","3223192386","0x80001640","0x0"
"06:18:10.327910","184","107","13088","7208","1073748032","0x4904d0","0","0","193","3223192386","0x40003580","0x0"
"06:18:10.332479","184","107","13088","7208","1073748032","0x4904d0","0","0","193","3223192386","0x80001d40","0x0"
"06:18:10.337153","184","107","13088","7208","1073748032","0x4904d0","0","0","193","3223192386","0x80001e00","0x0"
"06:18:10.341809","184","107","13088","7208","1073748032","0x4904d0","0","0","193","3223192386","0x40003a40","0x0"
"06:18:10.346311","184","107","13088","7208","1073748032","0x4904d0","0","0","193","3223192386","0x40003b40","0x0"
"06:18:10.350933","184","107","13088","7208","1073748032","0x4904d0","0","0","193","3223192386","0x80002b80","0x0"
"06:18:10.355703","184","107","13088","7208","1073748032","0x4904d0","0","0","193","3223192386","0xc0001140","0x0"
"06:18:10.361019","184","107","13088","7208","1073748032","0x4904d0","0","0","193","3223192386","0x80003340","0x0"
"06:18:10.365809","184","107","13088","7208","1073748032","0x4904d0","0","0","193","3223192386","0xc0001380","0x0"
"06:18:10.370403","184","107","13088","7208","1073748032","0x4904d0","0","0","193","3223192386","0x80003700","0x0"
"06:18:10.375104","184","107","13088","7208","1073748032","0x4904d0","0","0","193","3223192386","0x80003800","0x0"
"06:18:10.380103","184","107","13088","7208","1073748032","0x4904d0","0","0","193","3223192386","0xc0002400","0x0"
"06:18:10.384874","184","107","13088","7208","1073748032","0x4904d0","0","0","193","3223192386","0xc00026c0","0x0"
"06:18:10.389704","184","107","13088","7208","1073748032","0x4904d0","0","0","193","3223192386","0x80003c40","0x0"
"06:18:10.394260","184","107","13088","7208","1073748032","0x4904d0","0","0","193","3223192386","0xc0002840","0x0"
"06:18:10.399010","184","107","13088","7208","1073748032","0x4904d0","0","0","193","3223192386","0xc0002cc0","0x0"
"06:18:10.403585","184","107","13088","7208","1073748032","0x4904d0","0","0","193","3223192386","0xc0003080","0x0"
"06:18:10.408127","184","107","13088","7208","1073748032","0x4904d0","0","0","193","3223192386","0x40001640","0x0"
"06:18:10.412992","184","107","13088","7208","1073748032","0x4904d0","0","0","193","3223192386","0xc0003580","0x0"
"06:18:10.417737","184","107","13088","7208","1073748032","0x4904d0","0","0","193","3223192386","0x40001d40","0x0"
"06:18:10.422490","184","107","13088","7208","1073748032","0x4904d0","0","0","193","3223192386","0x40001e00","0x0"
"06:18:10.427139","184","107","13088","7208","1073748032","0x4904d0","0","0","193","3223192386","0xc0003a40","0x0"
"06:18:10.431909","184","107","13088","7208","1073748032","0x4904d0","0","0","193","3223192386","0xc0003b40","0x0"
"06:18:10.437254","184","107","13088","7208","1073748032","0x4904d0","0","0","193","3223192386","0x40002b80","0x0"
"06:18:10.441860","184","107","13088","7208","1073748032","0x4904d0","0","0","193","3223192386","0x80001140","0x0"
"06:18:10.446493","184","107","13088","7208","1073748032","0x4904d0","0","0","193","3223192386","0x40003340","0x0"
"06:18:10.451443","184","107","13088","7208","1073748032","0x4904d0","0","0","193","3223192386","0x80001380","0x0"
"06:18:10.456121","184","107","13088","7208","1073748032","0x4904d0","0","0","193","3223192386","0x40003700","0x0"
"06:18:10.460791","184","107","13088","7208","1073748032","0x4904d0","0","0","193","3223192386","0x40003800","0x0"
"06:18:10.465511","184","107","13088","7208","1073748032","0x4904d0","0","0","193","3223192386","0x80002400","0x0"
"06:18:10.470188","184","107","13088","7208","1073748032","0x4904d0","0","0","193","3223192386","0x800026c0","0x0"
"06:18:10.474960","184","107","13088","7208","1073748032","0x4904d0","0","0","193","3223192386","0x40003c40","0x0"
"06:18:10.479637","184","107","13088","7208","1073748032","0x4904d0","0","0","193","3223192386","0x80002840","0x0"
"06:18:10.484444","184","107","13088","7208","1073748032","0x4904d0","0","0","193","3223192386","0x80002cc0","0x0"
"06:18:10.489076","184","107","13088","7208","1073748032","0x4904d0","0","0","193","3223192386","0x80003080","0x0"
"06:18:10.493771","184","107","13088","7208","1073748032","0x4904d0","0","0","193","3223192386","0xc0001640","0x0"
"06:18:10.498576","184","107","13088","7208","1073748032","0x4904d0","0","0","193","3223192386","0x80003580","0x0"
"06:18:10.503239","184","107","13088","7208","1073748032","0x4904d0","0","0","193","3223192386","0xc0001d40","0x0"
"06:18:10.508212","184","107","13088","7208","1073748032","0x4904d0","0","0","193","3223192386","0xc0001e00","0x0"
"06:18:10.513135","184","107","13088","7208","1073748032","0x4904d0","0","0","193","3223192386","0x80003a40","0x0"
"06:18:10.518147","184","107","13088","7208","1073748032","0x4904d0","0","0","193","3223192386","0x80003b40","0x0"
"06:18:10.522761","184","107","13088","7208","1073748032","0x4904d0","0","0","193","3223192386","0xc0002b80","0x0"
"06:18:10.527829","184","107","13088","7208","1073748032","0x4904d0","0","0","193","3223192386","0x40001140","0x0"
"06:18:10.532380","184","107","13088","7208","1073748032","0x4904d0","0","0","193","3223192386","0xc0003340","0x0"
"06:18:10.536926","184","107","13088","7208","1073748032","0x4904d0","0","0","193","3223192386","0x40001380","0x0"
"06:18:10.541531","184","107","13088","7208","1073748032","0x4904d0","0","0","193","3223192386","0xc0003700","0x0"
"06:18:10.546064","184","107","13088","7208","1073748032","0x4904d0","0","0","193","3223192386","0xc0003800","0x0"
"06:18:10.550610","184","107","13088","7208","1073748032","0x4904d0","0","0","193","3223192386","0x40002400","0x0"
"06:18:10.555122","184","107","13088","7208","1073748032","0x4904d0","0","0","193","3223192386","0x400026c0","0x0"
"06:18:10.560030","184","107","13088","7208","1073748032","0x4904d0","0","0","193","3223192386","0xc0003c40","0x0"
"06:18:10.564599","184","107","13088","7208","1073748032","0x4904d0","0","0","193","3223192386","0x40002840","0x0"
"06:18:10.569523","184","107","13088","7208","1073748032","0x4904d0","0","0","193","3223192386","0x40002cc0","0x0"
"06:18:10.574735","184","107","13088","7208","1073748032","0x4904d0","0","0","193","3223192386","0x40003080","0x0"
"06:18:10.579265","184","107","13088","7208","1073748032","0x4904d0","0","0","193","3223192386","0x80001640","0x0"
"06:18:10.583799","184","107","13088","7208","1073748032","0x4904d0","0","0","193","3223192386","0x40003580","0x0"
"06:18:10.588608","184","107","13088","7208","1073748032","0x4904d0","0","0","193","3223192386","0x80001d40","0x0"
"06:18:10.593073","184","107","13088","7208","1073748032","0x4904d0","0","0","193","3223192386","0x80001e00","0x0"
"06:18:10.597798","184","107","13088","7208","1073748032","0x4904d0","0","0","193","3223192386","0x40003a40","0x0"
"06:18:10.602475","184","107","13088","7208","1073748032","0x4904d0","0","0","193","3223192386","0x40003b40","0x0"
"06:18:10.607399","184","107","13088","7208","1073748032","0x4904d0","0","0","193","3223192386","0x80002b80","0x0"
"06:18:10.611935","184","107","13088","7208","1073748032","0x4904d0","0","0","193","3223192386","0xc0001140","0x0"
"06:18:10.616681","184","107","13088","7208","1073748032","0x4904d0","0","0","193","3223192386","0x80003340","0x0"
"06:18:10.621200","184","107","13088","7208","1073748032","0x4904d0","0","0","193","3223192386","0xc0001380","0x0"
"06:18:10.625742","184","107","13088","7208","1073748032","0x4904d0","0","0","193","3223192386","0x80003700","0x0"
"06:18:10.630328","184","107","13088","7208","1073748032","0x4904d0","0","0","193","3223192386","0x80003800","0x0"
"06:18:10.634834","184","107","13088","7208","1073748032","0x4904d0","0","0","193","3223192386","0xc0002400","0x0"
"06:18:10.639867","184","107","13088","7208","1073748032","0x4904d0","0","0","193","3223192386","0xc00026c0","0x0"
"06:18:10.645381","184","107","13088","7208","1073748032","0x4904d0","0","0","193","3223192386","0x80003c40","0x0"
"06:18:10.650600","184","107","13088","7208","1073748032","0x4904d0","0","0","193","3223192386","0xc0002840","0x0"
"06:18:10.655631","184","107","13088","7208","1073748032","0x4904d0","0","0","193","3223192386","0xc0002cc0","0x0"
"06:18:10.660553","184","107","13088","7208","1073748032","0x4904d0","0","0","193","3223192386","0xc0003080","0x0"
"06:18:10.665240","184","107","13088","7208","1073748032","0x4904d0","0","0","193","3223192386","0x40001640","0x0"
"06:18:10.669868","184","107","13088","7208","1073748032","0x4904d0","0","0","193","3223192386","0xc0003580","0x0"
"06:18:10.674479","184","107","13088","7208","1073748032","0x4904d0","0","0","193","3223192386","0x40001d40","0x0"
"06:18:10.679108","184","107","13088","7208","1073748032","0x4904d0","0","0","193","3223192386","0x40001e00","0x0"
"06:18:10.683655","184","107","13088","7208","1073748032","0x4904d0","0","0","193","3223192386","0xc0003a40","0x0"
"06:18:10.688262","184","107","13088","7208","1073748032","0x4904d0","0","0","193","3223192386","0xc0003b40","0x0"
"06:18:10.693001","184","107","13088","7208","1073748032","0x4904d0","0","0","193","3223192386","0x40002b80","0x0"
"06:18:10.697894","184","107","13088","7208","1073748032","0x4904d0","0","0","193","3223192386","0x80001140","0x0"
"06:18:10.702539","184","107","13088","7208","1073748032","0x4904d0","0","0","193","3223192386","0x40003340","0x0"
"06:18:10.707450","184","107","13088","7208","1073748032","0x4904d0","0","0","193","3223192386","0x80001380","0x0"
"06:18:10.712070","184","107","13088","7208","1073748032","0x4904d0","0","0","193","3223192386","0x40003700","0x0"
"06:18:10.717151","184","107","13088","7208","1073748032","0x4904d0","0","0","193","3223192386","0x40003800","0x0"
"06:18:10.722176","184","107","13088","7208","1073748032","0x4904d0","0","0","193","3223192386","0x80002400","0x0"
"06:18:10.727191","184","107","13088","7208","1073748032","0x4904d0","0","0","193","3223192386","0x800026c0","0x0"
"06:18:10.732285","184","107","13088","7208","1073748032","0x4904d0","0","0","193","3223192386","0x40003c40","0x0"
"06:18:10.737239","184","107","13088","7208","1073748032","0x4904d0","0","0","193","3223192386","0x80002840","0x0"
"06:18:10.742240","184","107","13088","7208","1073748032","0x4904d0","0","0","193","3223192386","0x80002cc0","0x0"
"06:18:10.747558","184","107","13088","7208","1073748032","0x4904d0","0","0","193","3223192386","0x80003080","0x0"
"06:18:10.752704","184","107","13088","7208","1073748032","0x4904d0","0","0","193","3223192386","0xc0001640","0x0"
"06:18:10.757545","184","107","13088","7208","1073748032","0x4904d0","0","0","193","3223192386","0x80003580","0x0"
"06:18:10.762737","184","107","13088","7208","1073748032","0x4904d0","0","0","193","3223192386","0xc0001d40","0x0"
"06:18:10.767449","184","107","13088","7208","1073748032","0x4904d0","0","0","193","3223192386","0xc0001e00","0x0"
"06:18:10.772888","184","107","13088","7208","1073748032","0x4904d0","0","0","193","3223192386","0x80003a40","0x0"
"06:18:10.778128","184","107","13088","7208","1073748032","0x4904d0","0","0","193","3223192386","0x80003b40","0x0"
"06:18:10.783316","184","107","13088","7208","1073748032","0x4904d0","0","0","193","3223192386","0xc0002b80","0x0"
"06:18:10.788608","184","107","13088","7208","1073748032","0x4904d0","0","0","193","3223192386","0x40001140","0x0"
"06:18:10.793677","184","107","13088","7208","1073748032","0x4904d0","0","0","193","3223192386","0xc0003340","0x0"
"06:18:10.798583","184","107","13088","7208","1073748032","0x4904d0","0","0","193","3223192386","0x40001380","0x0"
"06:18:10.803933","184","107","13088","7208","1073748032","0x4904d0","0","0","193","3223192386","0xc0003700","0x0"
"06:18:10.809179","184","107","13088","7208","1073748032","0x4904d0","0","0","193","3223192386","0xc0003800","0x0"
"06:18:10.814136","184","107","13088","7208","1073748032","0x4904d0","0","0","193","3223192386","0x40002400","0x0"
"06:18:10.819016","184","107","13088","7208","1073748032","0x4904d0","0","0","193","3223192386","0x400026c0","0x0"
"06:18:10.824214","184","107","13088","7208","1073748032","0x4904d0","0","0","193","3223192386","0xc0003c40","0x0"
"06:18:10.829640","184","107","13088","7208","1073748032","0x4904d0","0","0","193","3223192386","0x40002840","0x0"
"06:18:10.834617","184","107","13088","7208","1073748032","0x4904d0","0","0","193","3223192386","0x40002cc0","0x0"
"06:18:10.839705","184","107","13088","7208","1073748032","0x4904d0","0","0","193","3223192386","0x40003080","0x0"
"06:18:10.844757","184","107","13088","7208","1073748032","0x4904d0","0","0","193","3223192386","0x80001640","0x0"
"06:18:10.850160","184","107","13088","7208","1073748032","0x4904d0","0","0","193","3223192386","0x40003580","0x0"
"06:18:10.854888","184","107","13088","7208","1073748032","0x4904d0","0","0","193","3223192386","0x80001d40","0x0"
"06:18:10.860055","184","107","13088","7208","1073748032","0x4904d0","0","0","193","3223192386","0x80001e00","0x0"
"06:18:10.865025","184","107","13088","7208","1073748032","0x4904d0","0","0","193","3223192386","0x40003a40","0x0"
"06:18:10.870318","184","107","13088","7208","1073748032","0x4904d0","0","0","193","3223192386","0x40003b40","0x0"
"06:18:10.875046","184","107","13088","7208","1073748032","0x4904d0","0","0","193","3223192386","0x80002b80","0x0"
"06:18:10.879462","184","107","13088","7208","1073748032","0x4904d0","0","0","193","3223192386","0xc0001140","0x0"
"06:18:10.884032","184","107","13088","7208","1073748032","0x4904d0","0","0","193","3223192386","0x80003340","0x0"
"06:18:10.888576","184","107","13088","7208","1073748032","0x4904d0","0","0","193","3223192386","0xc0001380","0x0"
"06:18:10.893508","184","107","13088","7208","1073748032","0x4904d0","0","0","193","3223192386","0x80003700","0x0"
"06:18:10.898532","184","107","13088","7208","1073748032","0x4904d0","0","0","193","3223192386","0x80003800","0x0"
"06:18:10.903808","184","107","13088","7208","1073748032","0x4904d0","0","0","193","3223192386","0xc0002400","0x0"
"06:18:10.908785","184","107","13088","7208","1073748032","0x4904d0","0","0","193","3223192386","0xc00026c0","0x0"
"06:18:10.913660","184","107","13088","7208","1073748032","0x4904d0","0","0","193","3223192386","0x80003c40","0x0"
"06:18:10.918880","184","107","13088","7208","1073748032","0x4904d0","0","0","193","3223192386","0xc0002840","0x0"
"06:18:10.923665","184","107","13088","7208","1073748032","0x4904d0","0","0","193","3223192386","0xc0002cc0","0x0"
"06:18:10.928768","184","107","13088","7208","1073748032","0x4904d0","0","0","193","3223192386","0xc0003080","0x0"
"06:18:10.933323","184","107","13088","7208","1073748032","0x4904d0","0","0","193","3223192386","0x40001640","0x0"
"06:18:10.938271","184","107","13088","7208","1073748032","0x4904d0","0","0","193","3223192386","0xc0003580","0x0"
"06:18:10.943454","184","107","13088","7208","1073748032","0x4904d0","0","0","193","3223192386","0x40001d40","0x0"
"06:18:10.948214","184","107","13088","7208","1073748032","0x4904d0","0","0","193","3223192386","0x40001e00","0x0"
"06:18:10.953226","184","107","13088","7208","1073748032","0x4904d0","0","0","193","3223192386","0xc0003a40","0x0"
"06:18:10.957710","184","107","13088","7208","1073748032","0x4904d0","0","0","193","3223192386","0xc0003b40","0x0"
"06:18:10.962520","184","107","13088","7208","1073748032","0x4904d0","0","0","193","3223192386","0x40002b80","0x0"
"06:18:10.967480","184","107","13088","7208","1073748032","0x4904d0","0","0","193","3223192386","0x80001140","0x0"
"06:18:10.972510","184","107","13088","7208","1073748032","0x4904d0","0","0","193","3223192386","0x40003340","0x0"
"06:18:10.977726","184","107","13088","7208","1073748032","0x4904d0","0","0","193","3223192386","0x80001380","0x0"
"06:18:10.982806","184","107","13088","7208","1073748032","0x4904d0","0","0","193","3223192386","0x40003700","0x0"
"06:18:10.988100","184","107","13088","7208","1073748032","0x4904d0","0","0","193","3223192386","0x40003800","0x0"
"06:18:10.993002","184","107","13088","7208","1073748032","0x4904d0","0","0","193","3223192386","0x80002400","0x0"
"06:18:10.998072","184","107","13088","7208","1073748032","0x4904d0","0","0","193","3223192386","0x800026c0","0x0"
"06:18:11.003027","184","107","13088","7208","1073748032","0x4904d0","0","0","193","3223192386","0x40003c40","0x0"
"06:18:11.008302","184","107","13088","7208","1073748032","0x4904d0","0","0","193","3223192386","0x80002840","0x0"
"06:18:11.013527","184","107","13088","7208","1073748032","0x4904d0","0","0","193","3223192386","0x80002cc0","0x0"
"06:18:11.018179","184","107","13088","7208","1073748032","0x4904d0","0","0","193","3223192386","0x80003080","0x0"
"06:18:11.022847","184","107","13088","7208","1073748032","0x4904d0","0","0","193","3223192386","0xc0001640","0x0"
"06:18:11.027318","184","107","13088","7208","1073748032","0x4904d0","0","0","193","3223192386","0x80003580","0x0"
"06:18:11.031924","184","107","13088","7208","1073748032","0x4904d0","0","0","193","3223192386","0xc0001d40","0x0"
"06:18:11.036887","184","107","13088","7208","1073748032","0x4904d0","0","0","193","3223192386","0xc0001e00","0x0"
"06:18:11.041408","184","107","13088","7208","1073748032","0x4904d0","0","0","193","3223192386","0x80003a40","0x0"
"06:18:11.046315","184","107","13088","7208","1073748032","0x4904d0","0","0","193","3223192386","0x80003b40","0x0"
"06:18:11.051470","184","107","13088","7208","1073748032","0x4904d0","0","0","193","3223192386","0xc0002b80","0x0"
"06:18:11.056535","184","107","13088","7208","1073748032","0x4904d0","0","0","193","3223192386","0x40001140","0x0"
"06:18:11.061684","184","107","13088","7208","1073748032","0x4904d0","0","0","193","3223192386","0xc0003340","0x0"
"06:18:11.066918","184","107","13088","7208","1073748032","0x4904d0","0","0","193","3223192386","0x40001380","0x0"
"06:18:11.072524","184","107","13088","7208","1073748032","0x4904d0","0","0","193","3223192386","0xc0003700","0x0"
"06:18:11.077782","184","107","13088","7208","1073748032","0x4904d0","0","0","193","3223192386","0xc0003800","0x0"
"06:18:11.083005","184","107","13088","7208","1073748032","0x4904d0","0","0","193","3223192386","0x40002400","0x0"
"06:18:11.087682","184","107","13088","7208","1073748032","0x4904d0","0","0","193","3223192386","0x400026c0","0x0"
"06:18:11.092684","184","107","13088","7208","1073748032","0x4904d0","0","0","193","3223192386","0xc0003c40","0x0"
"06:18:11.097287","184","107","13088","7208","1073748032","0x4904d0","0","0","193","3223192386","0x40002840","0x0"
"06:18:11.101831","184","107","13088","7208","1073748032","0x4904d0","0","0","193","3223192386","0x40002cc0","0x0"
"06:18:11.106397","184","107","13088","7208","1073748032","0x4904d0","0","0","193","3223192386","0x40003080","0x0"
"06:18:11.110897","184","107","13088","7208","1073748032","0x4904d0","0","0","193","3223192386","0x80001640","0x0"
"06:18:11.115464","184","107","13088","7208","1073748032","0x4904d0","0","0","193","3223192386","0x40003580","0x0"
"06:18:11.120023","184","107","13088","7208","1073748032","0x4904d0","0","0","193","3223192386","0x80001d40","0x0"
"06:18:11.124749","184","107","13088","7208","1073748032","0x4904d0","0","0","193","3223192386","0x80001e00","0x0"
"06:18:11.129352","184","107","13088","7208","1073748032","0x4904d0","0","0","193","3223192386","0x40003a40","0x0"
"06:18:11.133805","184","107","13088","7208","1073748032","0x4904d0","0","0","193","3223192386","0x40003b40","0x0"
"06:18:11.138318","184","107","13088","7208","1073748032","0x4904d0","0","0","193","3223192386","0x80002b80","0x0"
"06:18:11.142904","184","107","13088","7208","1073748032","0x4904d0","0","0","193","3223192386","0xc0001140","0x0"
"06:18:11.147302","184","107","13088","7208","1073748032","0x4904d0","0","0","193","3223192386","0x80003340","0x0"
"06:18:11.151967","184","107","13088","7208","1073748032","0x4904d0","0","0","193","3223192386","0xc0001380","0x0"
"06:18:11.156643","184","107","13088","7208","1073748032","0x4904d0","0","0","193","3223192386","0x80003700","0x0"
"06:18:11.161119","184","107","13088","7208","1073748032","0x4904d0","0","0","193","3223192386","0x80003800","0x0"
"06:18:11.165672","184","107","13088","7208","1073748032","0x4904d0","0","0","193","3223192386","0xc0002400","0x0"
"06:18:11.170210","184","107","13088","7208","1073748032","0x4904d0","0","0","193","3223192386","0xc00026c0","0x0"
"06:18:11.174989","184","107","13088","7208","1073748032","0x4904d0","0","0","193","3223192386","0x80003c40","0x0"
"06:18:11.179569","184","107","13088","7208","1073748032","0x4904d0","0","0","193","3223192386","0xc0002840","0x0"
"06:18:11.184065","184","107","13088","7208","1073748032","0x4904d0","0","0","193","3223192386","0xc0002cc0","0x0"
"06:18:11.188514","184","107","13088","7208","1073748032","0x4904d0","0","0","193","3223192386","0xc0003080","0x0"
"06:18:11.193420","184","107","13088","7208","1073748032","0x4904d0","0","0","193","3223192386","0x40001640","0x0"
"06:18:11.197957","184","107","13088","7208","1073748032","0x4904d0","0","0","193","3223192386","0xc0003580","0x0"
"06:18:11.202674","184","107","13088","7208","1073748032","0x4904d0","0","0","193","3223192386","0x40001d40","0x0"
"06:18:11.207133","184","107","13088","7208","1073748032","0x4904d0","0","0","193","3223192386","0x40001e00","0x0"
"06:18:11.211923","184","107","13088","7208","1073748032","0x4904d0","0","0","193","3223192386","0xc0003a40","0x0"
"06:18:11.216468","184","107","13088","7208","1073748032","0x4904d0","0","0","193","3223192386","0xc0003b40","0x0"
"06:18:11.221006","184","107","13088","7208","1073748032","0x4904d0","0","0","193","3223192386","0x40002b80","0x0"
"06:18:11.225617","184","107","13088","7208","1073748032","0x4904d0","0","0","193","3223192386","0x80001140","0x0"
"06:18:11.230091","184","107","13088","7208","1073748032","0x4904d0","0","0","193","3223192386","0x40003340","0x0"
"06:18:11.234708","184","107","13088","7208","1073748032","0x4904d0","0","0","193","3223192386","0x80001380","0x0"
"06:18:11.239423","184","107","13088","7208","1073748032","0x4904d0","0","0","193","3223192386","0x40003700","0x0"
"06:18:11.243909","184","107","13088","7208","1073748032","0x4904d0","0","0","193","3223192386","0x40003800","0x0"
"06:18:11.248608","184","107","13088","7208","1073748032","0x4904d0","0","0","193","3223192386","0x80002400","0x0"
"06:18:11.253374","184","107","13088","7208","1073748032","0x4904d0","0","0","193","3223192386","0x800026c0","0x0"
"06:18:11.257871","184","107","13088","7208","1073748032","0x4904d0","0","0","193","3223192386","0x40003c40","0x0"
"06:18:11.262569","184","107","13088","7208","1073748032","0x4904d0","0","0","193","3223192386","0x80002840","0x0"
"06:18:11.267091","184","107","13088","7208","1073748032","0x4904d0","0","0","193","3223192386","0x80002cc0","0x0"
"06:18:11.271768","184","107","13088","7208","1073748032","0x4904d0","0","0","193","3223192386","0x80003080","0x0"
"06:18:11.276590","184","107","13088","7208","1073748032","0x4904d0","0","0","193","3223192386","0xc0001640","0x0"
"06:18:11.281146","184","107","13088","7208","1073748032","0x4904d0","0","0","193","3223192386","0x80003580","0x0"
"06:18:11.285888","184","107","13088","7208","1073748032","0x4904d0","0","0","193","3223192386","0xc0001d40","0x0"
"06:18:11.290851","184","107","13088","7208","1073748032","0x4904d0","0","0","193","3223192386","0xc0001e00","0x0"
"06:18:11.295761","184","107","13088","7208","1073748032","0x4904d0","0","0","193","3223192386","0x80003a40","0x0"
"06:18:11.300368","184","107","13088","7208","1073748032","0x4904d0","0","0","193","3223192386","0x80003b40","0x0"
"06:18:11.305101","184","107","13088","7208","1073748032","0x4904d0","0","0","193","3223192386","0xc0002b80","0x0"
"06:18:11.309644","184","107","13088","7208","1073748032","0x4904d0","0","0","193","3223192386","0x40001140","0x0"
"06:18:11.314269","184","107","13088","7208","1073748032","0x4904d0","0","0","193","3223192386","0xc0003340","0x0"
"06:18:11.318604","184","107","13088","7208","1073748032","0x4904d0","0","0","193","3223192386","0x40001380","0x0"
"06:18:11.323462","184","107","13088","7208","1073748032","0x4904d0","0","0","193","3223192386","0xc0003700","0x0"
"06:18:11.328092","184","107","13088","7208","1073748032","0x4904d0","0","0","193","3223192386","0xc0003800","0x0"
"06:18:11.332464","184","107","13088","7208","1073748032","0x4904d0","0","0","193","3223192386","0x40002400","0x0"
"06:18:11.337105","184","107","13088","7208","1073748032","0x4904d0","0","0","193","3223192386","0x400026c0","0x0"
"06:18:11.341668","184","107","13088","7208","1073748032","0x4904d0","0","0","193","3223192386","0xc0003c40","0x0"
"06:18:11.346179","184","107","13088","7208","1073748032","0x4904d0","0","0","193","3223192386","0x40002840","0x0"
"06:18:11.350791","184","107","13088","7208","1073748032","0x4904d0","0","0","193","3223192386","0x40002cc0","0x0"
"06:18:11.355284","184","107","13088","7208","1073748032","0x4904d0","0","0","193","3223192386","0x40003080","0x0"
"06:18:11.359911","184","107","13088","7208","1073748032","0x4904d0","0","0","193","3223192386","0x80001640","0x0"
"06:18:11.364449","184","107","13088","7208","1073748032","0x4904d0","0","0","193","3223192386","0x40003580","0x0"
"06:18:11.368909","184","107","13088","7208","1073748032","0x4904d0","0","0","193","3223192386","0x80001d40","0x0"
"06:18:11.374084","184","107","13088","7208","1073748032","0x4904d0","0","0","193","3223192386","0x80001e00","0x0"
"06:18:11.379146","184","107","13088","7208","1073748032","0x4904d0","0","0","193","3223192386","0x40003a40","0x0"
"06:18:11.384179","184","107","13088","7208","1073748032","0x4904d0","0","0","193","3223192386","0x40003b40","0x0"
"06:18:11.389303","184","107","13088","7208","1073748032","0x4904d0","0","0","193","3223192386","0x80002b80","0x0"
"06:18:11.394003","184","107","13088","7208","1073748032","0x4904d0","0","0","193","3223192386","0xc0001140","0x0"
"06:18:11.399310","184","107","13088","7208","1073748032","0x4904d0","0","0","193","3223192386","0x80003340","0x0"
"06:18:11.403974","184","107","13088","7208","1073748032","0x4904d0","0","0","193","3223192386","0xc0001380","0x0"
"06:18:11.408418","184","107","13088","7208","1073748032","0x4904d0","0","0","193","3223192386","0x80003700","0x0"
"06:18:11.413134","184","107","13088","7208","1073748032","0x4904d0","0","0","193","3223192386","0x80003800","0x0"
"06:18:11.417613","184","107","13088","7208","1073748032","0x4904d0","0","0","193","3223192386","0xc0002400","0x0"
"06:18:11.422615","184","107","13088","7208","1073748032","0x4904d0","0","0","193","3223192386","0xc00026c0","0x0"
"06:18:11.428143","184","107","13088","7208","1073748032","0x4904d0","0","0","193","3223192386","0x80003c40","0x0"
"06:18:11.433249","184","107","13088","7208","1073748032","0x4904d0","0","0","193","3223192386","0xc0002840","0x0"
"06:18:11.438361","184","107","13088","7208","1073748032","0x4904d0","0","0","193","3223192386","0xc0002cc0","0x0"
"06:18:11.443099","184","107","13088","7208","1073748032","0x4904d0","0","0","193","3223192386","0xc0003080","0x0"
"06:18:11.448268","184","107","13088","7208","1073748032","0x4904d0","0","0","193","3223192386","0x40001640","0x0"
"06:18:11.453640","184","107","13088","7208","1073748032","0x4904d0","0","0","193","3223192386","0xc0003580","0x0"
"06:18:11.458559","184","107","13088","7208","1073748032","0x4904d0","0","0","193","3223192386","0x40001d40","0x0"
"06:18:11.463339","184","107","13088","7208","1073748032","0x4904d0","0","0","193","3223192386","0x40001e00","0x0"
"06:18:11.467851","184","107","13088","7208","1073748032","0x4904d0","0","0","193","3223192386","0xc0003a40","0x0"
"06:18:11.472872","184","107","13088","7208","1073748032","0x4904d0","0","0","193","3223192386","0xc0003b40","0x0"
"06:18:11.477613","184","107","13088","7208","1073748032","0x4904d0","0","0","193","3223192386","0x40002b80","0x0"
"06:18:11.482188","184","107","13088","7208","1073748032","0x4904d0","0","0","193","3223192386","0x80001140","0x0"
"06:18:11.486971","184","107","13088","7208","1073748032","0x4904d0","0","0","193","3223192386","0x40003340","0x0"
"06:18:11.491516","184","107","13088","7208","1073748032","0x4904d0","0","0","193","3223192386","0x80001380","0x0"
"06:18:11.496011","184","107","13088","7208","1073748032","0x4904d0","0","0","193","3223192386","0x40003700","0x0"
"06:18:11.500784","184","107","13088","7208","1073748032","0x4904d0","0","0","193","3223192386","0x40003800","0x0"
"06:18:11.505228","184","107","13088","7208","1073748032","0x4904d0","0","0","193","3223192386","0x80002400","0x0"
"06:18:11.509930","184","107","13088","7208","1073748032","0x4904d0","0","0","193","3223192386","0x800026c0","0x0"
"06:18:11.514590","184","107","13088","7208","1073748032","0x4904d0","0","0","193","3223192386","0x40003c40","0x0"
"06:18:11.518966","184","107","13088","7208","1073748032","0x4904d0","0","0","193","3223192386","0x80002840","0x0"
"06:18:11.523743","184","107","13088","7208","1073748032","0x4904d0","0","0","193","3223192386","0x80002cc0","0x0"
"06:18:11.528373","184","107","13088","7208","1073748032","0x4904d0","0","0","193","3223192386","0x80003080","0x0"
"06:18:11.532837","184","107","13088","7208","1073748032","0x4904d0","0","0","193","3223192386","0xc0001640","0x0"
"06:18:11.537616","184","107","13088","7208","1073748032","0x4904d0","0","0","193","3223192386","0x80003580","0x0"
"06:18:11.542149","184","107","13088","7208","1073748032","0x4904d0","0","0","193","3223192386","0xc0001d40","0x0"
"06:18:11.546785","184","107","13088","7208","1073748032","0x4904d0","0","0","193","3223192386","0xc0001e00","0x0"
"06:18:11.551333","184","107","13088","7208","1073748032","0x4904d0","0","0","193","3223192386","0x80003a40","0x0"
"06:18:11.555871","184","107","13088","7208","1073748032","0x4904d0","0","0","193","3223192386","0x80003b40","0x0"
"06:18:11.560595","184","107","13088","7208","1073748032","0x4904d0","0","0","193","3223192386","0xc0002b80","0x0"
"06:18:11.565084","184","107","13088","7208","1073748032","0x4904d0","0","0","193","3223192386","0x40001140","0x0"
"06:18:11.569999","184","107","13088","7208","1073748032","0x4904d0","0","0","193","3223192386","0xc0003340","0x0"
"06:18:11.575116","184","107","13088","7208","1073748032","0x4904d0","0","0","193","3223192386","0x40001380","0x0"
"06:18:11.579988","184","107","13088","7208","1073748032","0x4904d0","0","0","193","3223192386","0xc0003700","0x0"
"06:18:11.585025","184","107","13088","7208","1073748032","0x4904d0","0","0","193","3223192386","0xc0003800","0x0"
"06:18:11.589551","184","107","13088","7208","1073748032","0x4904d0","0","0","193","3223192386","0x40002400","0x0"
"06:18:11.594154","184","107","13088","7208","1073748032","0x4904d0","0","0","193","3223192386","0x400026c0","0x0"
"06:18:11.598847","184","107","13088","7208","1073748032","0x4904d0","0","0","193","3223192386","0xc0003c40","0x0"
"06:18:11.603460","184","107","13088","7208","1073748032","0x4904d0","0","0","193","3223192386","0x40002840","0x0"
"06:18:11.608054","184","107","13088","7208","1073748032","0x4904d0","0","0","193","3223192386","0x40002cc0","0x0"
"06:18:11.612726","184","107","13088","7208","1073748032","0x4904d0","0","0","193","3223192386","0x40003080","0x0"
"06:18:11.617080","184","107","13088","7208","1073748032","0x4904d0","0","0","193","3223192386","0x80001640","0x0"
"06:18:11.621616","184","107","13088","7208","1073748032","0x4904d0","0","0","193","3223192386","0x40003580","0x0"
"06:18:11.626105","184","107","13088","7208","1073748032","0x4904d0","0","0","193","3223192386","0x80001d40","0x0"
"06:18:11.630705","184","107","13088","7208","1073748032","0x4904d0","0","0","193","3223192386","0x80001e00","0x0"
"06:18:11.635414","184","107","13088","7208","1073748032","0x4904d0","0","0","193","3223192386","0x40003a40","0x0"
"06:18:11.640010","184","107","13088","7208","1073748032","0x4904d0","0","0","193","3223192386","0x40003b40","0x0"
"06:18:11.644909","184","107","13088","7208","1073748032","0x4904d0","0","0","193","3223192386","0x80002b80","0x0"
"06:18:11.650412","184","107","13088","7208","1073748032","0x4904d0","0","0","193","3223192386","0xc0001140","0x0"
"06:18:11.655282","184","107","13088","7208","1073748032","0x4904d0","0","0","193","3223192386","0x80003340","0x0"
"06:18:11.659979","184","107","13088","7208","1073748032","0x4904d0","0","0","193","3223192386","0xc0001380","0x0"
"06:18:11.664597","184","107","13088","7208","1073748032","0x4904d0","0","0","193","3223192386","0x80003700","0x0"
"06:18:11.669277","184","107","13088","7208","1073748032","0x4904d0","0","0","193","3223192386","0x80003800","0x0"
"06:18:11.674220","184","107","13088","7208","1073748032","0x4904d0","0","0","193","3223192386","0xc0002400","0x0"
"06:18:11.678770","184","107","13088","7208","1073748032","0x4904d0","0","0","193","3223192386","0xc00026c0","0x0"
"06:18:11.683892","184","107","13088","7208","1073748032","0x4904d0","0","0","193","3223192386","0x80003c40","0x0"
"06:18:11.688572","184","107","13088","7208","1073748032","0x4904d0","0","0","193","3223192386","0xc0002840","0x0"
"06:18:11.693714","184","107","13088","7208","1073748032","0x4904d0","0","0","193","3223192386","0xc0002cc0","0x0"
"06:18:11.698485","184","107","13088","7208","1073748032","0x4904d0","0","0","193","3223192386","0xc0003080","0x0"
"06:18:11.703028","184","107","13088","7208","1073748032","0x4904d0","0","0","193","3223192386","0x40001640","0x0"
"06:18:11.707747","184","107","13088","7208","1073748032","0x4904d0","0","0","193","3223192386","0xc0003580","0x0"
"06:18:11.712704","184","107","13088","7208","1073748032","0x4904d0","0","0","193","3223192386","0x40001d40","0x0"
"06:18:11.717235","184","107","13088","7208","1073748032","0x4904d0","0","0","193","3223192386","0x40001e00","0x0"
"06:18:11.721897","184","107","13088","7208","1073748032","0x4904d0","0","0","193","3223192386","0xc0003a40","0x0"
"06:18:11.726313","184","107","13088","7208","1073748032","0x4904d0","0","0","193","3223192386","0xc0003b40","0x0"
"06:18:11.731481","184","107","13088","7208","1073748032","0x4904d0","0","0","193","3223192386","0x40002b80","0x0"
"06:18:11.736639","184","107","13088","7208","1073748032","0x4904d0","0","0","193","3223192386","0x80001140","0x0"
"06:18:11.741650","184","107","13088","7208","1073748032","0x4904d0","0","0","193","3223192386","0x40003340","0x0"
"06:18:11.746762","184","107","13088","7208","1073748032","0x4904d0","0","0","193","3223192386","0x80001380","0x0"
"06:18:11.751646","184","107","13088","7208","1073748032","0x4904d0","0","0","193","3223192386","0x40003700","0x0"
"06:18:11.756648","184","107","13088","7208","1073748032","0x4904d0","0","0","193","3223192386","0x40003800","0x0"
"06:18:11.761791","184","107","13088","7208","1073748032","0x4904d0","0","0","193","3223192386","0x80002400","0x0"
"06:18:11.767397","184","107","13088","7208","1073748032","0x4904d0","0","0","193","3223192386","0x800026c0","0x0"
"06:18:11.773098","184","107","13088","7208","1073748032","0x4904d0","0","0","193","3223192386","0x40003c40","0x0"
"06:18:11.777683","184","107","13088","7208","1073748032","0x4904d0","0","0","193","3223192386","0x80002840","0x0"
"06:18:11.783049","184","107","13088","7208","1073748032","0x4904d0","0","0","193","3223192386","0x80002cc0","0x0"
"06:18:11.788210","184","107","13088","7208","1073748032","0x4904d0","0","0","193","3223192386","0x80003080","0x0"
"06:18:11.801666","184","107","4596","3908","1073744576","0x0","0","1","4198404","0","0x40003080","0x0"
"06:18:11.803897","184","107","13088","7208","1073748032","0x4904d0","0","0","193","3223192386","0xc0001640","0x0"
"06:18:11.808541","184","107","13088","7208","1073748032","0x4904d0","0","0","193","3223192386","0x80003580","0x0"
"06:18:11.813418","184","107","13088","7208","1073748032","0x4904d0","0","0","193","3223192386","0xc0001d40","0x0"
"06:18:11.817876","184","107","13088","7208","1073748032","0x4904d0","0","0","193","3223192386","0xc0001e00","0x0"
"06:18:11.822859","184","107","13088","7208","1073748032","0x4904d0","0","0","193","3223192386","0x80003a40","0x0"
"06:18:11.827608","184","107","13088","7208","1073748032","0x4904d0","0","0","193","3223192386","0x80003b40","0x0"
"06:18:11.832207","184","107","13088","7208","1073748032","0x4904d0","0","0","193","3223192386","0xc0002b80","0x0"
"06:18:11.836881","184","107","13088","7208","1073748032","0x4904d0","0","0","193","3223192386","0x40001140","0x0"
"06:18:11.841344","184","107","13088","7208","1073748032","0x4904d0","0","0","193","3223192386","0xc0003340","0x0"
"06:18:11.846012","184","107","13088","7208","1073748032","0x4904d0","0","0","193","3223192386","0x40001380","0x0"
"06:18:11.851431","184","107","13088","7208","1073748032","0x4904d0","0","0","193","3223192386","0xc0003700","0x0"
"06:18:11.856038","184","107","13088","7208","1073748032","0x4904d0","0","0","193","3223192386","0xc0003800","0x0"
"06:18:11.861044","184","107","13088","7208","1073748032","0x4904d0","0","0","193","3223192386","0x40002400","0x0"
"06:18:11.865654","184","107","13088","7208","1073748032","0x4904d0","0","0","193","3223192386","0x400026c0","0x0"
"06:18:11.871205","184","107","13088","7208","1073748032","0x4904d0","0","0","193","3223192386","0xc0003c40","0x0"
"06:18:11.876514","184","107","13088","7208","1073748032","0x4904d0","0","0","193","3223192386","0x40002840","0x0"
"06:18:11.881032","184","107","13088","7208","1073748032","0x4904d0","0","0","193","3223192386","0x40002cc0","0x0"
"06:18:11.885839","184","107","13088","7208","1073748032","0x4904d0","0","0","193","3223192386","0x40003080","0x0"
"06:18:11.890763","184","107","13088","7208","1073748032","0x4904d0","0","0","193","3223192386","0x80001640","0x0"
"06:18:11.895312","184","107","13088","7208","1073748032","0x4904d0","0","0","193","3223192386","0x40003580","0x0"
"06:18:11.901283","184","107","13088","7208","1073748032","0x4904d0","0","0","193","3223192386","0x80001d40","0x0"
"06:18:11.907020","184","107","13088","7208","1073748032","0x4904d0","0","0","193","3223192386","0x80001e00","0x0"
"06:18:11.913362","184","107","13088","7208","1073748032","0x4904d0","0","0","193","3223192386","0x40003a40","0x0"
"06:18:11.919738","184","107","13088","7208","1073748032","0x4904d0","0","0","193","3223192386","0x40003b40","0x0"
"06:18:11.931224","184","107","13088","7208","1073748032","0x4904d0","0","0","193","3223192386","0x80002b80","0x0"
"06:18:11.936639","184","107","4596","3908","1073744576","0x0","0","1","4198404","0","0x40002f80","0x0"
"06:18:11.941252","184","107","13088","7208","1073748032","0x4904d0","0","0","193","3223192386","0xc0001140","0x0"
"06:18:11.945767","184","107","13088","7208","1073748032","0x4904d0","0","0","193","3223192386","0x80003340","0x0"
"06:18:11.950615","184","107","13088","7208","1073748032","0x4904d0","0","0","193","3223192386","0xc0001380","0x0"
"06:18:11.955276","184","107","13088","7208","1073748032","0x4904d0","0","0","193","3223192386","0x80003700","0x0"
"06:18:11.959980","184","107","13088","7208","1073748032","0x4904d0","0","0","193","3223192386","0x80003800","0x0"
"06:18:11.964976","184","107","13088","7208","1073748032","0x4904d0","0","0","193","3223192386","0xc0002400","0x0"
"06:18:11.969517","184","107","13088","7208","1073748032","0x4904d0","0","0","193","3223192386","0xc00026c0","0x0"
"06:18:11.974405","184","107","13088","7208","1073748032","0x4904d0","0","0","193","3223192386","0x80003c40","0x0"
"06:18:11.978953","184","107","13088","7208","1073748032","0x4904d0","0","0","193","3223192386","0xc0002840","0x0"
"06:18:11.984581","184","107","13088","7208","1073748032","0x4904d0","0","0","193","3223192386","0xc0002cc0","0x0"
"06:18:11.990746","184","107","13088","7208","1073748032","0x4904d0","0","0","193","3223192386","0xc0003080","0x0"
"06:18:11.996766","184","107","13088","7208","1073748032","0x4904d0","0","0","193","3223192386","0x40001640","0x0"
"06:18:12.002511","184","107","13088","7208","1073748032","0x4904d0","0","0","193","3223192386","0xc0003580","0x0"
"06:18:12.008715","184","107","13088","7208","1073748032","0x4904d0","0","0","193","3223192386","0x40001d40","0x0"
"06:18:12.014206","184","107","13088","7208","1073748032","0x4904d0","0","0","193","3223192386","0x40001e00","0x0"
"06:18:12.019177","184","107","13088","7208","1073748032","0x4904d0","0","0","193","3223192386","0xc0003a40","0x0"
"06:18:12.024953","184","107","13088","7208","1073748032","0x4904d0","0","0","193","3223192386","0xc0003b40","0x0"
"06:18:12.030454","184","107","13088","7208","1073748032","0x4904d0","0","0","193","3223192386","0x40002b80","0x0"
"06:18:12.036085","184","107","13088","7208","1073748032","0x4904d0","0","0","193","3223192386","0x80001140","0x0"
"06:18:12.041141","184","107","13088","7208","1073748032","0x4904d0","0","0","193","3223192386","0x40003340","0x0"
"06:18:12.046508","184","107","13088","7208","1073748032","0x4904d0","0","0","193","3223192386","0x80001380","0x0"
"06:18:12.061483","184","107","13088","7208","1073748032","0x4904d0","0","0","193","3223192386","0x40003700","0x0"
"06:18:12.067222","184","107","13088","7208","1073748032","0x4904d0","0","0","193","3223192386","0x40003800","0x0"
"06:18:12.072205","184","107","13088","7208","1073748032","0x4904d0","0","0","193","3223192386","0x80002400","0x0"
"06:18:12.077162","184","107","13088","7208","1073748032","0x4904d0","0","0","193","3223192386","0x800026c0","0x0"
"06:18:12.082409","184","107","13088","7208","1073748032","0x4904d0","0","0","193","3223192386","0x40003c40","0x0"
"06:18:12.087023","184","107","13088","7208","1073748032","0x4904d0","0","0","193","3223192386","0x80002840","0x0"
"06:18:12.101948","184","107","4596","3908","1073744576","0x0","0","1","4198404","0","0x40003000","0x0"
"06:18:12.103910","184","107","13088","7208","1073748032","0x4904d0","0","0","193","3223192386","0x80002cc0","0x0"
"06:18:12.109098","184","107","13088","7208","1073748032","0x4904d0","0","0","193","3223192386","0x80003080","0x0"
"06:18:12.113844","184","107","13088","7208","1073748032","0x4904d0","0","0","193","3223192386","0xc0001640","0x0"
"06:18:12.118778","184","107","13088","7208","1073748032","0x4904d0","0","0","193","3223192386","0x80003580","0x0"
"06:18:12.124079","184","107","13088","7208","1073748032","0x4904d0","0","0","193","3223192386","0xc0001d40","0x0"
"06:18:12.129389","184","107","13088","7208","1073748032","0x4904d0","0","0","193","3223192386","0xc0001e00","0x0"
"06:18:12.134672","184","107","13088","7208","1073748032","0x4904d0","0","0","193","3223192386","0x80003a40","0x0"
"06:18:12.140893","184","107","13088","7208","1073748032","0x4904d0","0","0","193","3223192386","0x80003b40","0x0"
"06:18:12.146901","184","107","13088","7208","1073748032","0x4904d0","0","0","193","3223192386","0xc0002b80","0x0"
"06:18:12.152283","184","107","13088","7208","1073748032","0x4904d0","0","0","193","3223192386","0x40001140","0x0"
"06:18:12.158456","184","107","13088","7208","1073748032","0x4904d0","0","0","193","3223192386","0xc0003340","0x0"
"06:18:12.164104","184","107","13088","7208","1073748032","0x4904d0","0","0","193","3223192386","0x40001380","0x0"
"06:18:12.169272","184","107","13088","7208","1073748032","0x4904d0","0","0","193","3223192386","0xc0003700","0x0"
"06:18:12.175210","184","107","13088","7208","1073748032","0x4904d0","0","0","193","3223192386","0xc0003800","0x0"
"06:18:12.180197","184","107","13088","7208","1073748032","0x4904d0","0","0","193","3223192386","0x40002400","0x0"
"06:18:12.185798","184","107","13088","7208","1073748032","0x4904d0","0","0","193","3223192386","0x400026c0","0x0"
"06:18:12.191141","184","107","13088","7208","1073748032","0x4904d0","0","0","193","3223192386","0xc0003c40","0x0"
"06:18:12.196388","184","107","13088","7208","1073748032","0x4904d0","0","0","193","3223192386","0x40002840","0x0"
"06:18:12.201559","184","107","13088","7208","1073748032","0x4904d0","0","0","193","3223192386","0x40002cc0","0x0"
"06:18:12.206956","184","107","13088","7208","1073748032","0x4904d0","0","0","193","3223192386","0x40003080","0x0"
"06:18:12.212088","184","107","13088","7208","1073748032","0x4904d0","0","0","193","3223192386","0x80001640","0x0"
"06:18:12.217016","184","107","13088","7208","1073748032","0x4904d0","0","0","193","3223192386","0x40003580","0x0"
"06:18:12.222166","184","107","13088","7208","1073748032","0x4904d0","0","0","193","3223192386","0x80001d40","0x0"
"06:18:12.227720","184","107","13088","7208","1073748032","0x4904d0","0","0","193","3223192386","0x80001e00","0x0"
"06:18:12.233491","184","107","13088","7208","1073748032","0x4904d0","0","0","193","3223192386","0x40003a40","0x0"
"06:18:12.238977","184","107","13088","7208","1073748032","0x4904d0","0","0","193","3223192386","0x40003b40","0x0"
"06:18:12.243960","184","107","13088","7208","1073748032","0x4904d0","0","0","193","3223192386","0x80002b80","0x0"
"06:18:12.249426","184","107","13088","7208","1073748032","0x4904d0","0","0","193","3223192386","0xc0001140","0x0"
"06:18:12.254887","184","107","13088","7208","1073748032","0x4904d0","0","0","193","3223192386","0x80003340","0x0"
"06:18:12.260333","184","107","13088","7208","1073748032","0x4904d0","0","0","193","3223192386","0xc0001380","0x0"
"06:18:12.266528","184","107","13088","7208","1073748032","0x4904d0","0","0","193","3223192386","0x80003700","0x0"
"06:18:12.272041","184","107","13088","7208","1073748032","0x4904d0","0","0","193","3223192386","0x80003800","0x0"
"06:18:12.284884","184","107","4596","3908","1073744576","0x0","0","1","4198404","0","0x40003080","0x0"
"06:18:12.287903","184","107","13088","7208","1073748032","0x4904d0","0","0","193","3223192386","0xc0002400","0x0"
"06:18:12.293024","184","107","13088","7208","1073748032","0x4904d0","0","0","193","3223192386","0xc00026c0","0x0"
"06:18:12.298197","184","107","13088","7208","1073748032","0x4904d0","0","0","193","3223192386","0x80003c40","0x0"
"06:18:12.303636","184","107","13088","7208","1073748032","0x4904d0","0","0","193","3223192386","0xc0002840","0x0"
"06:18:12.308736","184","107","13088","7208","1073748032","0x4904d0","0","0","193","3223192386","0xc0002cc0","0x0"
"06:18:12.313627","184","107","13088","7208","1073748032","0x4904d0","0","0","193","3223192386","0xc0003080","0x0"
"06:18:12.319466","184","107","13088","7208","1073748032","0x4904d0","0","0","193","3223192386","0x40001640","0x0"
"06:18:12.324914","184","107","13088","7208","1073748032","0x4904d0","0","0","193","3223192386","0xc0003580","0x0"
"06:18:12.330337","184","107","13088","7208","1073748032","0x4904d0","0","0","193","3223192386","0x40001d40","0x0"
"06:18:12.335355","184","107","13088","7208","1073748032","0x4904d0","0","0","193","3223192386","0x40001e00","0x0"
"06:18:12.341400","184","107","13088","7208","1073748032","0x4904d0","0","0","193","3223192386","0xc0003a40","0x0"
"06:18:12.346927","184","107","13088","7208","1073748032","0x4904d0","0","0","193","3223192386","0xc0003b40","0x0"
"06:18:12.352671","184","107","13088","7208","1073748032","0x4904d0","0","0","193","3223192386","0x40002b80","0x0"
"06:18:12.358150","184","107","13088","7208","1073748032","0x4904d0","0","0","193","3223192386","0x80001140","0x0"
"06:18:12.363444","184","107","13088","7208","1073748032","0x4904d0","0","0","193","3223192386","0x40003340","0x0"
"06:18:12.368894","184","107","13088","7208","1073748032","0x4904d0","0","0","193","3223192386","0x80001380","0x0"
"06:18:12.374287","184","107","13088","7208","1073748032","0x4904d0","0","0","193","3223192386","0x40003700","0x0"
"06:18:12.379687","184","107","13088","7208","1073748032","0x4904d0","0","0","193","3223192386","0x40003800","0x0"
"06:18:12.385004","184","107","13088","7208","1073748032","0x4904d0","0","0","193","3223192386","0x80002400","0x0"
"06:18:12.390325","184","107","13088","7208","1073748032","0x4904d0","0","0","193","3223192386","0x800026c0","0x0"
"06:18:12.395725","184","107","13088","7208","1073748032","0x4904d0","0","0","193","3223192386","0x40003c40","0x0"
"06:18:12.401092","184","107","13088","7208","1073748032","0x4904d0","0","0","193","3223192386","0x80002840","0x0"
"06:18:12.406798","184","107","13088","7208","1073748032","0x4904d0","0","0","193","3223192386","0x80002cc0","0x0"
"06:18:12.412565","184","107","13088","7208","1073748032","0x4904d0","0","0","193","3223192386","0x80003080","0x0"
"06:18:12.418295","184","107","13088","7208","1073748032","0x4904d0","0","0","193","3223192386","0xc0001640","0x0"
"06:18:12.423875","184","107","13088","7208","1073748032","0x4904d0","0","0","193","3223192386","0x80003580","0x0"
"06:18:12.429686","184","107","13088","7208","1073748032","0x4904d0","0","0","193","3223192386","0xc0001d40","0x0"
"06:18:12.434968","184","107","13088","7208","1073748032","0x4904d0","0","0","193","3223192386","0xc0001e00","0x0"
"06:18:12.440617","184","107","13088","7208","1073748032","0x4904d0","0","0","193","3223192386","0x80003a40","0x0"
"06:18:12.446130","184","107","13088","7208","1073748032","0x4904d0","0","0","193","3223192386","0x80003b40","0x0"
"06:18:12.451972","184","107","13088","7208","1073748032","0x4904d0","0","0","193","3223192386","0xc0002b80","0x0"
"06:18:12.457309","184","107","13088","7208","1073748032","0x4904d0","0","0","193","3223192386","0x40001140","0x0"
"06:18:12.463093","184","107","13088","7208","1073748032","0x4904d0","0","0","193","3223192386","0xc0003340","0x0"
"06:18:12.469307","184","107","13088","7208","1073748032","0x4904d0","0","0","193","3223192386","0x40001380","0x0"
"06:18:12.474587","184","107","13088","7208","1073748032","0x4904d0","0","0","193","3223192386","0xc0003700","0x0"
"06:18:12.480220","184","107","13088","7208","1073748032","0x4904d0","0","0","193","3223192386","0xc0003800","0x0"
"06:18:12.486433","184","107","13088","7208","1073748032","0x4904d0","0","0","193","3223192386","0x40002400","0x0"
"06:18:12.491684","184","107","13088","7208","1073748032","0x4904d0","0","0","193","3223192386","0x400026c0","0x0"
"06:18:12.497045","184","107","13088","7208","1073748032","0x4904d0","0","0","193","3223192386","0xc0003c40","0x0"
"06:18:12.502312","184","107","13088","7208","1073748032","0x4904d0","0","0","193","3223192386","0x40002840","0x0"
"06:18:12.508228","184","107","13088","7208","1073748032","0x4904d0","0","0","193","3223192386","0x40002cc0","0x0"
"06:18:12.513858","184","107","13088","7208","1073748032","0x4904d0","0","0","193","3223192386","0x40003080","0x0"
"06:18:12.519235","184","107","13088","7208","1073748032","0x4904d0","0","0","193","3223192386","0x80001640","0x0"
"06:18:12.524293","184","107","13088","7208","1073748032","0x4904d0","0","0","193","3223192386","0x40003580","0x0"
"06:18:12.530213","184","107","13088","7208","1073748032","0x4904d0","0","0","193","3223192386","0x80001d40","0x0"
"06:18:12.535804","184","107","13088","7208","1073748032","0x4904d0","0","0","193","3223192386","0x80001e00","0x0"
"06:18:12.540955","184","107","13088","7208","1073748032","0x4904d0","0","0","193","3223192386","0x40003a40","0x0"
"06:18:12.546297","184","107","13088","7208","1073748032","0x4904d0","0","0","193","3223192386","0x40003b40","0x0"
"06:18:12.551872","184","107","13088","7208","1073748032","0x4904d0","0","0","193","3223192386","0x80002b80","0x0"
"06:18:12.557460","184","107","13088","7208","1073748032","0x4904d0","0","0","193","3223192386","0xc0001140","0x0"
"06:18:12.562732","184","107","13088","7208","1073748032","0x4904d0","0","0","193","3223192386","0x80003340","0x0"
"06:18:12.567563","184","107","13088","7208","1073748032","0x4904d0","0","0","193","3223192386","0xc0001380","0x0"
"06:18:12.572729","184","107","13088","7208","1073748032","0x4904d0","0","0","193","3223192386","0x80003700","0x0"
"06:18:12.577591","184","107","13088","7208","1073748032","0x4904d0","0","0","193","3223192386","0x80003800","0x0"
"06:18:12.582637","184","107","13088","7208","1073748032","0x4904d0","0","0","193","3223192386","0xc0002400","0x0"
"06:18:12.587551","184","107","13088","7208","1073748032","0x4904d0","0","0","193","3223192386","0xc00026c0","0x0"
"06:18:12.592634","184","107","13088","7208","1073748032","0x4904d0","0","0","193","3223192386","0x80003c40","0x0"
"06:18:12.597803","184","107","13088","7208","1073748032","0x4904d0","0","0","193","3223192386","0xc0002840","0x0"
"06:18:12.602792","184","107","13088","7208","1073748032","0x4904d0","0","0","193","3223192386","0xc0002cc0","0x0"
"06:18:12.608638","184","107","13088","7208","1073748032","0x4904d0","0","0","193","3223192386","0xc0003080","0x0"
"06:18:12.614264","184","107","13088","7208","1073748032","0x4904d0","0","0","193","3223192386","0x40001640","0x0"
"06:18:12.620353","184","107","13088","7208","1073748032","0x4904d0","0","0","193","3223192386","0xc0003580","0x0"
"06:18:12.626239","184","107","13088","7208","1073748032","0x4904d0","0","0","193","3223192386","0x40001d40","0x0"
"06:18:12.631646","184","107","13088","7208","1073748032","0x4904d0","0","0","193","3223192386","0x40001e00","0x0"
"06:18:12.637469","184","107","13088","7208","1073748032","0x4904d0","0","0","193","3223192386","0xc0003a40","0x0"
"06:18:12.643084","184","107","13088","7208","1073748032","0x4904d0","0","0","193","3223192386","0xc0003b40","0x0"
"06:18:12.648530","184","107","13088","7208","1073748032","0x4904d0","0","0","193","3223192386","0x40002b80","0x0"
"06:18:12.654038","184","107","13088","7208","1073748032","0x4904d0","0","0","193","3223192386","0x80001140","0x0"
"06:18:12.659039","184","107","13088","7208","1073748032","0x4904d0","0","0","193","3223192386","0x40003340","0x0"
"06:18:12.664403","184","107","13088","7208","1073748032","0x4904d0","0","0","193","3223192386","0x80001380","0x0"
"06:18:12.670073","184","107","13088","7208","1073748032","0x4904d0","0","0","193","3223192386","0x40003700","0x0"
"06:18:12.675041","184","107","13088","7208","1073748032","0x4904d0","0","0","193","3223192386","0x40003800","0x0"
"06:18:12.680420","184","107","13088","7208","1073748032","0x4904d0","0","0","193","3223192386","0x80002400","0x0"
"06:18:12.685206","184","107","13088","7208","1073748032","0x4904d0","0","0","193","3223192386","0x800026c0","0x0"
"06:18:12.689900","184","107","13088","7208","1073748032","0x4904d0","0","0","193","3223192386","0x40003c40","0x0"
"06:18:12.694640","184","107","13088","7208","1073748032","0x4904d0","0","0","193","3223192386","0x80002840","0x0"
"06:18:12.699464","184","107","13088","7208","1073748032","0x4904d0","0","0","193","3223192386","0x80002cc0","0x0"
"06:18:12.704217","184","107","13088","7208","1073748032","0x4904d0","0","0","193","3223192386","0x80003080","0x0"
"06:18:12.708922","184","107","13088","7208","1073748032","0x4904d0","0","0","193","3223192386","0xc0001640","0x0"
"06:18:12.713529","184","107","13088","7208","1073748032","0x4904d0","0","0","193","3223192386","0x80003580","0x0"
"06:18:12.717994","184","107","13088","7208","1073748032","0x4904d0","0","0","193","3223192386","0xc0001d40","0x0"
"06:18:12.723252","184","107","13088","7208","1073748032","0x4904d0","0","0","193","3223192386","0xc0001e00","0x0"
"06:18:12.728318","184","107","13088","7208","1073748032","0x4904d0","0","0","193","3223192386","0x80003a40","0x0"
"06:18:12.733617","184","107","13088","7208","1073748032","0x4904d0","0","0","193","3223192386","0x80003b40","0x0"
"06:18:12.738931","184","107","13088","7208","1073748032","0x4904d0","0","0","193","3223192386","0xc0002b80","0x0"
"06:18:12.744436","184","107","13088","7208","1073748032","0x4904d0","0","0","193","3223192386","0x40001140","0x0"
"06:18:12.749794","184","107","13088","7208","1073748032","0x4904d0","0","0","193","3223192386","0xc0003340","0x0"
"06:18:12.754838","184","107","13088","7208","1073748032","0x4904d0","0","0","193","3223192386","0x40001380","0x0"
"06:18:12.759619","184","107","13088","7208","1073748032","0x4904d0","0","0","193","3223192386","0xc0003700","0x0"
"06:18:12.764313","184","107","13088","7208","1073748032","0x4904d0","0","0","193","3223192386","0xc0003800","0x0"
"06:18:12.768721","184","107","13088","7208","1073748032","0x4904d0","0","0","193","3223192386","0x40002400","0x0"
"06:18:12.773428","184","107","13088","7208","1073748032","0x4904d0","0","0","193","3223192386","0x400026c0","0x0"
"06:18:12.778033","184","107","13088","7208","1073748032","0x4904d0","0","0","193","3223192386","0xc0003c40","0x0"
"06:18:12.782650","184","107","13088","7208","1073748032","0x4904d0","0","0","193","3223192386","0x40002840","0x0"
"06:18:12.787423","184","107","13088","7208","1073748032","0x4904d0","0","0","193","3223192386","0x40002cc0","0x0"
"06:18:12.792057","184","107","13088","7208","1073748032","0x4904d0","0","0","193","3223192386","0x40003080","0x0"
"06:18:12.797223","184","107","13088","7208","1073748032","0x4904d0","0","0","193","3223192386","0x80001640","0x0"
"06:18:12.802448","184","107","13088","7208","1073748032","0x4904d0","0","0","193","3223192386","0x40003580","0x0"
"06:18:12.807468","184","107","13088","7208","1073748032","0x4904d0","0","0","193","3223192386","0x80001d40","0x0"
"06:18:12.812818","184","107","13088","7208","1073748032","0x4904d0","0","0","193","3223192386","0x80001e00","0x0"
"06:18:12.817675","184","107","13088","7208","1073748032","0x4904d0","0","0","193","3223192386","0x40003a40","0x0"
"06:18:12.823192","184","107","13088","7208","1073748032","0x4904d0","0","0","193","3223192386","0x40003b40","0x0"
"06:18:12.828122","184","107","13088","7208","1073748032","0x4904d0","0","0","193","3223192386","0x80002b80","0x0"
"06:18:12.833622","184","107","13088","7208","1073748032","0x4904d0","0","0","193","3223192386","0xc0001140","0x0"
"06:18:12.838767","184","107","13088","7208","1073748032","0x4904d0","0","0","193","3223192386","0x80003340","0x0"
"06:18:12.843274","184","107","13088","7208","1073748032","0x4904d0","0","0","193","3223192386","0xc0001380","0x0"
"06:18:12.848450","184","107","13088","7208","1073748032","0x4904d0","0","0","193","3223192386","0x80003700","0x0"
"06:18:12.853110","184","107","13088","7208","1073748032","0x4904d0","0","0","193","3223192386","0x80003800","0x0"
"06:18:12.858415","184","107","13088","7208","1073748032","0x4904d0","0","0","193","3223192386","0xc0002400","0x0"
"06:18:12.863469","184","107","13088","7208","1073748032","0x4904d0","0","0","193","3223192386","0xc00026c0","0x0"
"06:18:12.868078","184","107","13088","7208","1073748032","0x4904d0","0","0","193","3223192386","0x80003c40","0x0"
"06:18:12.873299","184","107","13088","7208","1073748032","0x4904d0","0","0","193","3223192386","0xc0002840","0x0"
"06:18:12.878539","184","107","13088","7208","1073748032","0x4904d0","0","0","193","3223192386","0xc0002cc0","0x0"
"06:18:12.883807","184","107","13088","7208","1073748032","0x4904d0","0","0","193","3223192386","0xc0003080","0x0"
"06:18:12.888570","184","107","13088","7208","1073748032","0x4904d0","0","0","193","3223192386","0x40001640","0x0"
"06:18:12.893147","184","107","13088","7208","1073748032","0x4904d0","0","0","193","3223192386","0xc0003580","0x0"
"06:18:12.898341","184","107","13088","7208","1073748032","0x4904d0","0","0","193","3223192386","0x40001d40","0x0"
"06:18:12.903205","184","107","13088","7208","1073748032","0x4904d0","0","0","193","3223192386","0x40001e00","0x0"
"06:18:12.907781","184","107","13088","7208","1073748032","0x4904d0","0","0","193","3223192386","0xc0003a40","0x0"
"06:18:12.912616","184","107","13088","7208","1073748032","0x4904d0","0","0","193","3223192386","0xc0003b40","0x0"
"06:18:12.917157","184","107","13088","7208","1073748032","0x4904d0","0","0","193","3223192386","0x40002b80","0x0"
"06:18:12.922021","184","107","13088","7208","1073748032","0x4904d0","0","0","193","3223192386","0x80001140","0x0"
"06:18:12.926591","184","107","13088","7208","1073748032","0x4904d0","0","0","193","3223192386","0x40003340","0x0"
"06:18:12.931140","184","107","13088","7208","1073748032","0x4904d0","0","0","193","3223192386","0x80001380","0x0"
"06:18:12.935726","184","107","13088","7208","1073748032","0x4904d0","0","0","193","3223192386","0x40003700","0x0"
"06:18:12.940449","184","107","13088","7208","1073748032","0x4904d0","0","0","193","3223192386","0x40003800","0x0"
"06:18:12.945004","184","107","13088","7208","1073748032","0x4904d0","0","0","193","3223192386","0x80002400","0x0"
"06:18:12.949519","184","107","13088","7208","1073748032","0x4904d0","0","0","193","3223192386","0x800026c0","0x0"
"06:18:12.954058","184","107","13088","7208","1073748032","0x4904d0","0","0","193","3223192386","0x40003c40","0x0"
"06:18:12.958992","184","107","13088","7208","1073748032","0x4904d0","0","0","193","3223192386","0x80002840","0x0"
"06:18:12.963728","184","107","13088","7208","1073748032","0x4904d0","0","0","193","3223192386","0x80002cc0","0x0"
"06:18:12.968191","184","107","13088","7208","1073748032","0x4904d0","0","0","193","3223192386","0x80003080","0x0"
"06:18:12.973193","184","107","13088","7208","1073748032","0x4904d0","0","0","193","3223192386","0xc0001640","0x0"
"06:18:12.977689","184","107","13088","7208","1073748032","0x4904d0","0","0","193","3223192386","0x80003580","0x0"
"06:18:12.982301","184","107","13088","7208","1073748032","0x4904d0","0","0","193","3223192386","0xc0001d40","0x0"
"06:18:12.986961","184","107","13088","7208","1073748032","0x4904d0","0","0","193","3223192386","0xc0001e00","0x0"
"06:18:12.991613","184","107","13088","7208","1073748032","0x4904d0","0","0","193","3223192386","0x80003a40","0x0"
"06:18:12.996273","184","107","13088","7208","1073748032","0x4904d0","0","0","193","3223192386","0x80003b40","0x0"
"06:18:13.000947","184","107","13088","7208","1073748032","0x4904d0","0","0","193","3223192386","0xc0002b80","0x0"
"06:18:13.005542","184","107","13088","7208","1073748032","0x4904d0","0","0","193","3223192386","0x40001140","0x0"
"06:18:13.011371","184","107","13088","7208","1073748032","0x4904d0","0","0","193","3223192386","0xc0003340","0x0"
"06:18:13.016911","184","107","13088","7208","1073748032","0x4904d0","0","0","193","3223192386","0x40001380","0x0"
"06:18:13.022750","184","107","13088","7208","1073748032","0x4904d0","0","0","193","3223192386","0xc0003700","0x0"
"06:18:13.027632","184","107","13088","7208","1073748032","0x4904d0","0","0","193","3223192386","0xc0003800","0x0"
"06:18:13.032201","184","107","13088","7208","1073748032","0x4904d0","0","0","193","3223192386","0x40002400","0x0"
"06:18:13.036909","184","107","13088","7208","1073748032","0x4904d0","0","0","193","3223192386","0x400026c0","0x0"
"06:18:13.041517","184","107","13088","7208","1073748032","0x4904d0","0","0","193","3223192386","0xc0003c40","0x0"
"06:18:13.046222","184","107","13088","7208","1073748032","0x4904d0","0","0","193","3223192386","0x40002840","0x0"
"06:18:13.050947","184","107","13088","7208","1073748032","0x4904d0","0","0","193","3223192386","0x40002cc0","0x0"
"06:18:13.055428","184","107","13088","7208","1073748032","0x4904d0","0","0","193","3223192386","0x40003080","0x0"
"06:18:13.060166","184","107","13088","7208","1073748032","0x4904d0","0","0","193","3223192386","0x80001640","0x0"
"06:18:13.064742","184","107","13088","7208","1073748032","0x4904d0","0","0","193","3223192386","0x40003580","0x0"
"06:18:13.069355","184","107","13088","7208","1073748032","0x4904d0","0","0","193","3223192386","0x80001d40","0x0"
"06:18:13.074091","184","107","13088","7208","1073748032","0x4904d0","0","0","193","3223192386","0x80001e00","0x0"
"06:18:13.078996","184","107","13088","7208","1073748032","0x4904d0","0","0","193","3223192386","0x40003a40","0x0"
"06:18:13.083733","184","107","13088","7208","1073748032","0x4904d0","0","0","193","3223192386","0x40003b40","0x0"
"06:18:13.088642","184","107","13088","7208","1073748032","0x4904d0","0","0","193","3223192386","0x80002b80","0x0"
"06:18:13.093221","184","107","13088","7208","1073748032","0x4904d0","0","0","193","3223192386","0xc0001140","0x0"
"06:18:13.097945","184","107","13088","7208","1073748032","0x4904d0","0","0","193","3223192386","0x80003340","0x0"
"06:18:13.102776","184","107","13088","7208","1073748032","0x4904d0","0","0","193","3223192386","0xc0001380","0x0"
"06:18:13.107751","184","107","13088","7208","1073748032","0x4904d0","0","0","193","3223192386","0x80003700","0x0"
"06:18:13.113557","184","107","13088","7208","1073748032","0x4904d0","0","0","193","3223192386","0x80003800","0x0"
"06:18:13.118352","184","107","13088","7208","1073748032","0x4904d0","0","0","193","3223192386","0xc0002400","0x0"
"06:18:13.123353","184","107","13088","7208","1073748032","0x4904d0","0","0","193","3223192386","0xc00026c0","0x0"
"06:18:13.128560","184","107","13088","7208","1073748032","0x4904d0","0","0","193","3223192386","0x80003c40","0x0"
"06:18:13.133824","184","107","13088","7208","1073748032","0x4904d0","0","0","193","3223192386","0xc0002840","0x0"
"06:18:13.139389","184","107","13088","7208","1073748032","0x4904d0","0","0","193","3223192386","0xc0002cc0","0x0"
"06:18:13.144803","184","107","13088","7208","1073748032","0x4904d0","0","0","193","3223192386","0xc0003080","0x0"
"06:18:13.149734","184","107","13088","7208","1073748032","0x4904d0","0","0","193","3223192386","0x40001640","0x0"
"06:18:13.154730","184","107","13088","7208","1073748032","0x4904d0","0","0","193","3223192386","0xc0003580","0x0"
"06:18:13.160025","184","107","13088","7208","1073748032","0x4904d0","0","0","193","3223192386","0x40001d40","0x0"
"06:18:13.165453","184","107","13088","7208","1073748032","0x4904d0","0","0","193","3223192386","0x40001e00","0x0"
"06:18:13.171789","184","107","13088","7208","1073748032","0x4904d0","0","0","193","3223192386","0xc0003a40","0x0"
"06:18:13.178609","184","107","13088","7208","1073748032","0x4904d0","0","0","193","3223192386","0xc0003b40","0x0"
"06:18:13.184501","184","107","13088","7208","1073748032","0x4904d0","0","0","193","3223192386","0x40002b80","0x0"
"06:18:13.190536","184","107","13088","7208","1073748032","0x4904d0","0","0","193","3223192386","0x80001140","0x0"
"06:18:13.197278","184","107","13088","7208","1073748032","0x4904d0","0","0","193","3223192386","0x40003340","0x0"
"06:18:13.202915","184","107","13088","7208","1073748032","0x4904d0","0","0","193","3223192386","0x80001380","0x0"
"06:18:13.208066","184","107","13088","7208","1073748032","0x4904d0","0","0","193","3223192386","0x40003700","0x0"
"06:18:13.213415","184","107","13088","7208","1073748032","0x4904d0","0","0","193","3223192386","0x40003800","0x0"
"06:18:13.218177","184","107","13088","7208","1073748032","0x4904d0","0","0","193","3223192386","0x80002400","0x0"
"06:18:13.223396","184","107","13088","7208","1073748032","0x4904d0","0","0","193","3223192386","0x800026c0","0x0"
"06:18:13.228039","184","107","13088","7208","1073748032","0x4904d0","0","0","193","3223192386","0x40003c40","0x0"
"06:18:13.233967","184","107","13088","7208","1073748032","0x4904d0","0","0","193","3223192386","0x80002840","0x0"
"06:18:13.239595","184","107","13088","7208","1073748032","0x4904d0","0","0","193","3223192386","0x80002cc0","0x0"
"06:18:13.244883","184","107","13088","7208","1073748032","0x4904d0","0","0","193","3223192386","0x80003080","0x0"
"06:18:13.249640","184","107","13088","7208","1073748032","0x4904d0","0","0","193","3223192386","0xc0001640","0x0"
"06:18:13.254394","184","107","13088","7208","1073748032","0x4904d0","0","0","193","3223192386","0x80003580","0x0"
"06:18:13.259246","184","107","13088","7208","1073748032","0x4904d0","0","0","193","3223192386","0xc0001d40","0x0"
"06:18:13.264170","184","107","13088","7208","1073748032","0x4904d0","0","0","193","3223192386","0xc0001e00","0x0"
"06:18:13.273519","184","107","13088","7208","1073748032","0x4904d0","0","0","193","3223192386","0x80003a40","0x0"
"06:18:13.281101","184","107","4596","3908","1073744576","0x0","0","1","4198404","0","0x40002f80","0x0"
"06:18:13.285705","184","107","13088","7208","1073748032","0x4904d0","0","0","193","3223192386","0x80003b40","0x0"
"06:18:13.291129","184","107","13088","7208","1073748032","0x4904d0","0","0","193","3223192386","0xc0002b80","0x0"
"06:18:13.296693","184","107","13088","7208","1073748032","0x4904d0","0","0","193","3223192386","0x40001140","0x0"
"06:18:13.302021","184","107","13088","7208","1073748032","0x4904d0","0","0","193","3223192386","0xc0003340","0x0"
"06:18:13.307939","184","107","13088","7208","1073748032","0x4904d0","0","0","193","3223192386","0x40001380","0x0"
"06:18:13.313530","184","107","13088","7208","1073748032","0x4904d0","0","0","193","3223192386","0xc0003700","0x0"
"06:18:13.318502","184","107","13088","7208","1073748032","0x4904d0","0","0","193","3223192386","0xc0003800","0x0"
"06:18:13.323670","184","107","13088","7208","1073748032","0x4904d0","0","0","193","3223192386","0x40002400","0x0"
"06:18:13.328192","184","107","13088","7208","1073748032","0x4904d0","0","0","193","3223192386","0x400026c0","0x0"
"06:18:13.332996","184","107","13088","7208","1073748032","0x4904d0","0","0","193","3223192386","0xc0003c40","0x0"
"06:18:13.337981","184","107","13088","7208","1073748032","0x4904d0","0","0","193","3223192386","0x40002840","0x0"
"06:18:13.342686","184","107","13088","7208","1073748032","0x4904d0","0","0","193","3223192386","0x40002cc0","0x0"
"06:18:13.347967","184","107","13088","7208","1073748032","0x4904d0","0","0","193","3223192386","0x40003080","0x0"
"06:18:13.353276","184","107","13088","7208","1073748032","0x4904d0","0","0","193","3223192386","0x80001640","0x0"
"06:18:13.358993","184","107","13088","7208","1073748032","0x4904d0","0","0","193","3223192386","0x40003580","0x0"
"06:18:13.364269","184","107","13088","7208","1073748032","0x4904d0","0","0","193","3223192386","0x80001d40","0x0"
"06:18:13.369265","184","107","13088","7208","1073748032","0x4904d0","0","0","193","3223192386","0x80001e00","0x0"
"06:18:13.374802","184","107","13088","7208","1073748032","0x4904d0","0","0","193","3223192386","0x40003a40","0x0"
"06:18:13.379669","184","107","13088","7208","1073748032","0x4904d0","0","0","193","3223192386","0x40003b40","0x0"
"06:18:13.385211","184","107","13088","7208","1073748032","0x4904d0","0","0","193","3223192386","0x80002b80","0x0"
"06:18:13.390149","184","107","13088","7208","1073748032","0x4904d0","0","0","193","3223192386","0xc0001140","0x0"
"06:18:13.395533","184","107","13088","7208","1073748032","0x4904d0","0","0","193","3223192386","0x80003340","0x0"
"06:18:13.400924","184","107","13088","7208","1073748032","0x4904d0","0","0","193","3223192386","0xc0001380","0x0"
"06:18:13.405946","184","107","13088","7208","1073748032","0x4904d0","0","0","193","3223192386","0x80003700","0x0"
"06:18:13.411246","184","107","13088","7208","1073748032","0x4904d0","0","0","193","3223192386","0x80003800","0x0"
"06:18:13.415810","184","107","13088","7208","1073748032","0x4904d0","0","0","193","3223192386","0xc0002400","0x0"
"06:18:13.421147","184","107","13088","7208","1073748032","0x4904d0","0","0","193","3223192386","0xc00026c0","0x0"
"06:18:13.426579","184","107","13088","7208","1073748032","0x4904d0","0","0","193","3223192386","0x80003c40","0x0"
"06:18:13.431515","184","107","13088","7208","1073748032","0x4904d0","0","0","193","3223192386","0xc0002840","0x0"
"06:18:13.436488","184","107","13088","7208","1073748032","0x4904d0","0","0","193","3223192386","0xc0002cc0","0x0"
"06:18:13.441115","184","107","13088","7208","1073748032","0x4904d0","0","0","193","3223192386","0xc0003080","0x0"
"06:18:13.445956","184","107","13088","7208","1073748032","0x4904d0","0","0","193","3223192386","0x40001640","0x0"
"06:18:13.450966","184","107","13088","7208","1073748032","0x4904d0","0","0","193","3223192386","0xc0003580","0x0"
"06:18:13.456244","184","107","13088","7208","1073748032","0x4904d0","0","0","193","3223192386","0x40001d40","0x0"
"06:18:13.461350","184","107","13088","7208","1073748032","0x4904d0","0","0","193","3223192386","0x40001e00","0x0"
"06:18:13.466132","184","107","13088","7208","1073748032","0x4904d0","0","0","193","3223192386","0xc0003a40","0x0"
"06:18:13.470892","184","107","13088","7208","1073748032","0x4904d0","0","0","193","3223192386","0xc0003b40","0x0"
"06:18:13.475945","184","107","13088","7208","1073748032","0x4904d0","0","0","193","3223192386","0x40002b80","0x0"
"06:18:13.480657","184","107","13088","7208","1073748032","0x4904d0","0","0","193","3223192386","0x80001140","0x0"
"06:18:13.485431","184","107","13088","7208","1073748032","0x4904d0","0","0","193","3223192386","0x40003340","0x0"
"06:18:13.490401","184","107","13088","7208","1073748032","0x4904d0","0","0","193","3223192386","0x80001380","0x0"
"06:18:13.495693","184","107","13088","7208","1073748032","0x4904d0","0","0","193","3223192386","0x40003700","0x0"
"06:18:13.501037","184","107","13088","7208","1073748032","0x4904d0","0","0","193","3223192386","0x40003800","0x0"
"06:18:13.506167","184","107","13088","7208","1073748032","0x4904d0","0","0","193","3223192386","0x80002400","0x0"
"06:18:13.511395","184","107","13088","7208","1073748032","0x4904d0","0","0","193","3223192386","0x800026c0","0x0"
"06:18:13.515947","184","107","13088","7208","1073748032","0x4904d0","0","0","193","3223192386","0x40003c40","0x0"
"06:18:13.521230","184","107","13088","7208","1073748032","0x4904d0","0","0","193","3223192386","0x80002840","0x0"
"06:18:13.526804","184","107","13088","7208","1073748032","0x4904d0","0","0","193","3223192386","0x80002cc0","0x0"
"06:18:13.531904","184","107","13088","7208","1073748032","0x4904d0","0","0","193","3223192386","0x80003080","0x0"
"06:18:13.537265","184","107","13088","7208","1073748032","0x4904d0","0","0","193","3223192386","0xc0001640","0x0"
"06:18:13.542476","184","107","13088","7208","1073748032","0x4904d0","0","0","193","3223192386","0x80003580","0x0"
"06:18:13.547109","184","107","13088","7208","1073748032","0x4904d0","0","0","193","3223192386","0xc0001d40","0x0"
"06:18:13.552331","184","107","13088","7208","1073748032","0x4904d0","0","0","193","3223192386","0xc0001e00","0x0"
"06:18:13.557100","184","107","13088","7208","1073748032","0x4904d0","0","0","193","3223192386","0x80003a40","0x0"
"06:18:13.561890","184","107","13088","7208","1073748032","0x4904d0","0","0","193","3223192386","0x80003b40","0x0"
"06:18:13.566966","184","107","13088","7208","1073748032","0x4904d0","0","0","193","3223192386","0xc0002b80","0x0"
"06:18:13.571502","184","107","13088","7208","1073748032","0x4904d0","0","0","193","3223192386","0x40001140","0x0"
"06:18:13.576310","184","107","13088","7208","1073748032","0x4904d0","0","0","193","3223192386","0xc0003340","0x0"
"06:18:13.580955","184","107","13088","7208","1073748032","0x4904d0","0","0","193","3223192386","0x40001380","0x0"
"06:18:13.585470","184","107","13088","7208","1073748032","0x4904d0","0","0","193","3223192386","0xc0003700","0x0"
"06:18:13.590105","184","107","13088","7208","1073748032","0x4904d0","0","0","193","3223192386","0xc0003800","0x0"
"06:18:13.594795","184","107","13088","7208","1073748032","0x4904d0","0","0","193","3223192386","0x40002400","0x0"
"06:18:13.599255","184","107","13088","7208","1073748032","0x4904d0","0","0","193","3223192386","0x400026c0","0x0"
"06:18:13.604032","184","107","13088","7208","1073748032","0x4904d0","0","0","193","3223192386","0xc0003c40","0x0"
"06:18:13.608524","184","107","13088","7208","1073748032","0x4904d0","0","0","193","3223192386","0x40002840","0x0"
"06:18:13.613303","184","107","13088","7208","1073748032","0x4904d0","0","0","193","3223192386","0x40002cc0","0x0"
"06:18:13.618635","184","107","13088","7208","1073748032","0x4904d0","0","0","193","3223192386","0x40003080","0x0"
"06:18:13.623512","184","107","13088","7208","1073748032","0x4904d0","0","0","193","3223192386","0x80001640","0x0"
"06:18:13.628902","184","107","13088","7208","1073748032","0x4904d0","0","0","193","3223192386","0x40003580","0x0"
"06:18:13.633995","184","107","13088","7208","1073748032","0x4904d0","0","0","193","3223192386","0x80001d40","0x0"
"06:18:13.639544","184","107","13088","7208","1073748032","0x4904d0","0","0","193","3223192386","0x80001e00","0x0"
"06:18:13.644345","184","107","13088","7208","1073748032","0x4904d0","0","0","193","3223192386","0x40003a40","0x0"
"06:18:13.649198","184","107","13088","7208","1073748032","0x4904d0","0","0","193","3223192386","0x40003b40","0x0"
"06:18:13.654072","184","107","13088","7208","1073748032","0x4904d0","0","0","193","3223192386","0x80002b80","0x0"
"06:18:13.659072","184","107","13088","7208","1073748032","0x4904d0","0","0","193","3223192386","0xc0001140","0x0"
"06:18:13.664333","184","107","13088","7208","1073748032","0x4904d0","0","0","193","3223192386","0x80003340","0x0"
"06:18:13.669002","184","107","13088","7208","1073748032","0x4904d0","0","0","193","3223192386","0xc0001380","0x0"
"06:18:13.673608","184","107","13088","7208","1073748032","0x4904d0","0","0","193","3223192386","0x80003700","0x0"
"06:18:13.678547","184","107","13088","7208","1073748032","0x4904d0","0","0","193","3223192386","0x80003800","0x0"
"06:18:13.683294","184","107","13088","7208","1073748032","0x4904d0","0","0","193","3223192386","0xc0002400","0x0"
"06:18:13.687984","184","107","13088","7208","1073748032","0x4904d0","0","0","193","3223192386","0xc00026c0","0x0"
"06:18:13.692685","184","107","13088","7208","1073748032","0x4904d0","0","0","193","3223192386","0x80003c40","0x0"
"06:18:13.697211","184","107","13088","7208","1073748032","0x4904d0","0","0","193","3223192386","0xc0002840","0x0"
"06:18:13.701950","184","107","13088","7208","1073748032","0x4904d0","0","0","193","3223192386","0xc0002cc0","0x0"
"06:18:13.706746","184","107","13088","7208","1073748032","0x4904d0","0","0","193","3223192386","0xc0003080","0x0"
"06:18:13.711924","184","107","13088","7208","1073748032","0x4904d0","0","0","193","3223192386","0x40001640","0x0"
"06:18:13.716587","184","107","13088","7208","1073748032","0x4904d0","0","0","193","3223192386","0xc0003580","0x0"
"06:18:13.721269","184","107","13088","7208","1073748032","0x4904d0","0","0","193","3223192386","0x40001d40","0x0"
"06:18:13.726394","184","107","13088","7208","1073748032","0x4904d0","0","0","193","3223192386","0x40001e00","0x0"
"06:18:13.731690","184","107","13088","7208","1073748032","0x4904d0","0","0","193","3223192386","0xc0003a40","0x0"
"06:18:13.736608","184","107","13088","7208","1073748032","0x4904d0","0","0","193","3223192386","0xc0003b40","0x0"
"06:18:13.742038","184","107","13088","7208","1073748032","0x4904d0","0","0","193","3223192386","0x40002b80","0x0"
"06:18:13.746711","184","107","13088","7208","1073748032","0x4904d0","0","0","193","3223192386","0x80001140","0x0"
"06:18:13.752106","184","107","13088","7208","1073748032","0x4904d0","0","0","193","3223192386","0x40003340","0x0"
"06:18:13.756997","184","107","13088","7208","1073748032","0x4904d0","0","0","193","3223192386","0x80001380","0x0"
"06:18:13.761699","184","107","13088","7208","1073748032","0x4904d0","0","0","193","3223192386","0x40003700","0x0"
"06:18:13.766562","184","107","13088","7208","1073748032","0x4904d0","0","0","193","3223192386","0x40003800","0x0"
"06:18:13.771431","184","107","13088","7208","1073748032","0x4904d0","0","0","193","3223192386","0x80002400","0x0"
"06:18:13.781834","184","107","13088","7208","1073748032","0x4904d0","0","0","193","3223192386","0x800026c0","0x0"
"06:18:13.789432","184","107","4596","3908","1073744576","0x0","0","1","4198404","0","0x40003000","0x0"
"06:18:13.793401","184","107","13088","7208","1073748032","0x4904d0","0","0","193","3223192386","0x40003c40","0x0"
"06:18:13.798031","184","107","13088","7208","1073748032","0x4904d0","0","0","193","3223192386","0x80002840","0x0"
"06:18:13.802709","184","107","13088","7208","1073748032","0x4904d0","0","0","193","3223192386","0x80002cc0","0x0"
"06:18:13.807505","184","107","13088","7208","1073748032","0x4904d0","0","0","193","3223192386","0x80003080","0x0"
"06:18:13.812088","184","107","13088","7208","1073748032","0x4904d0","0","0","193","3223192386","0xc0001640","0x0"
"06:18:13.816713","184","107","13088","7208","1073748032","0x4904d0","0","0","193","3223192386","0x80003580","0x0"
"06:18:13.821440","184","107","13088","7208","1073748032","0x4904d0","0","0","193","3223192386","0xc0001d40","0x0"
"06:18:13.826239","184","107","13088","7208","1073748032","0x4904d0","0","0","193","3223192386","0xc0001e00","0x0"
"06:18:13.831093","184","107","13088","7208","1073748032","0x4904d0","0","0","193","3223192386","0x80003a40","0x0"
"06:18:13.835713","184","107","13088","7208","1073748032","0x4904d0","0","0","193","3223192386","0x80003b40","0x0"
"06:18:13.840583","184","107","13088","7208","1073748032","0x4904d0","0","0","193","3223192386","0xc0002b80","0x0"
"06:18:13.845374","184","107","13088","7208","1073748032","0x4904d0","0","0","193","3223192386","0x40001140","0x0"
"06:18:13.849934","184","107","13088","7208","1073748032","0x4904d0","0","0","193","3223192386","0xc0003340","0x0"
"06:18:13.854671","184","107","13088","7208","1073748032","0x4904d0","0","0","193","3223192386","0x40001380","0x0"
"06:18:13.859343","184","107","13088","7208","1073748032","0x4904d0","0","0","193","3223192386","0xc0003700","0x0"
"06:18:13.864027","184","107","13088","7208","1073748032","0x4904d0","0","0","193","3223192386","0xc0003800","0x0"
"06:18:13.868723","184","107","13088","7208","1073748032","0x4904d0","0","0","193","3223192386","0x40002400","0x0"
"06:18:13.873270","184","107","13088","7208","1073748032","0x4904d0","0","0","193","3223192386","0x400026c0","0x0"
"06:18:13.878044","184","107","13088","7208","1073748032","0x4904d0","0","0","193","3223192386","0xc0003c40","0x0"
"06:18:13.882810","184","107","13088","7208","1073748032","0x4904d0","0","0","193","3223192386","0x40002840","0x0"
"06:18:13.887446","184","107","13088","7208","1073748032","0x4904d0","0","0","193","3223192386","0x40002cc0","0x0"
"06:18:13.892479","184","107","13088","7208","1073748032","0x4904d0","0","0","193","3223192386","0x40003080","0x0"
"06:18:13.897170","184","107","13088","7208","1073748032","0x4904d0","0","0","193","3223192386","0x80001640","0x0"
"06:18:13.902024","184","107","13088","7208","1073748032","0x4904d0","0","0","193","3223192386","0x40003580","0x0"
"06:18:13.906811","184","107","13088","7208","1073748032","0x4904d0","0","0","193","3223192386","0x80001d40","0x0"
"06:18:13.911349","184","107","13088","7208","1073748032","0x4904d0","0","0","193","3223192386","0x80001e00","0x0"
"06:18:13.916163","184","107","13088","7208","1073748032","0x4904d0","0","0","193","3223192386","0x40003a40","0x0"
"06:18:13.921127","184","107","13088","7208","1073748032","0x4904d0","0","0","193","3223192386","0x40003b40","0x0"
"06:18:13.925844","184","107","13088","7208","1073748032","0x4904d0","0","0","193","3223192386","0x80002b80","0x0"
"06:18:13.930539","184","107","13088","7208","1073748032","0x4904d0","0","0","193","3223192386","0xc0001140","0x0"
"06:18:13.935384","184","107","13088","7208","1073748032","0x4904d0","0","0","193","3223192386","0x80003340","0x0"
"06:18:13.940257","184","107","13088","7208","1073748032","0x4904d0","0","0","193","3223192386","0xc0001380","0x0"
"06:18:13.944883","184","107","13088","7208","1073748032","0x4904d0","0","0","193","3223192386","0x80003700","0x0"
"06:18:13.949576","184","107","13088","7208","1073748032","0x4904d0","0","0","193","3223192386","0x80003800","0x0"
"06:18:13.954499","184","107","13088","7208","1073748032","0x4904d0","0","0","193","3223192386","0xc0002400","0x0"
"06:18:13.959096","184","107","13088","7208","1073748032","0x4904d0","0","0","193","3223192386","0xc00026c0","0x0"
"06:18:13.963812","184","107","13088","7208","1073748032","0x4904d0","0","0","193","3223192386","0x80003c40","0x0"
"06:18:13.968411","184","107","13088","7208","1073748032","0x4904d0","0","0","193","3223192386","0xc0002840","0x0"
"06:18:13.972929","184","107","13088","7208","1073748032","0x4904d0","0","0","193","3223192386","0xc0002cc0","0x0"
"06:18:13.977806","184","107","13088","7208","1073748032","0x4904d0","0","0","193","3223192386","0xc0003080","0x0"
"06:18:13.982408","184","107","13088","7208","1073748032","0x4904d0","0","0","193","3223192386","0x40001640","0x0"
"06:18:13.987083","184","107","13088","7208","1073748032","0x4904d0","0","0","193","3223192386","0xc0003580","0x0"
"06:18:13.992004","184","107","13088","7208","1073748032","0x4904d0","0","0","193","3223192386","0x40001d40","0x0"
"06:18:13.996543","184","107","13088","7208","1073748032","0x4904d0","0","0","193","3223192386","0x40001e00","0x0"
"06:18:14.001891","184","107","13088","7208","1073748032","0x4904d0","0","0","193","3223192386","0xc0003a40","0x0"
"06:18:14.007059","184","107","13088","7208","1073748032","0x4904d0","0","0","193","3223192386","0xc0003b40","0x0"
"06:18:14.012176","184","107","13088","7208","1073748032","0x4904d0","0","0","193","3223192386","0x40002b80","0x0"
"06:18:14.016845","184","107","13088","7208","1073748032","0x4904d0","0","0","193","3223192386","0x80001140","0x0"
"06:18:14.021486","184","107","13088","7208","1073748032","0x4904d0","0","0","193","3223192386","0x40003340","0x0"
"06:18:14.026210","184","107","13088","7208","1073748032","0x4904d0","0","0","193","3223192386","0x80001380","0x0"
"06:18:14.048330","184","107","4596","13100","1073742528","0x0","0","0","32768","0","0x40000540","0x0"
"06:18:14.057438","184","107","4964","4028","1073742656","0x0","0","0","32768","0","0x40000440","0x0"
"06:18:14.072684","184","107","4964","4028","1073742656","0x0","0","0","32768","0","0x40000440","0x0"
"06:18:14.089038","184","107","4596","3908","1073744576","0x0","0","1","4198404","0","0x40003080","0x0"
"06:18:14.246815","184","107","4596","3908","1073744576","0x0","0","1","4198404","0","0x40002f80","0x0"
"06:18:14.288366","184","107","4596","3908","1073744576","0x0","0","1","4198404","0","0x40003000","0x0"
"06:18:14.320708","184","107","4596","3908","1073744576","0x0","0","1","4198404","0","0x40003080","0x0"
"06:18:14.324386","184","107","4964","4028","1073742656","0x0","0","0","32768","0","0x40000440","0x0"
"06:18:14.353420","184","107","4596","3908","1073744576","0x0","0","1","4198404","0","0x40002f80","0x0"
"06:18:14.388930","184","107","4596","3908","1073744576","0x0","0","1","4198404","0","0x40003000","0x0"
"06:18:14.435998","184","107","4596","3908","1073744576","0x0","0","1","4198404","0","0x40003080","0x0"
"06:18:14.471608","184","107","4596","3908","1073744576","0x0","0","1","4198404","0","0x40002f80","0x0"
"06:18:14.526997","184","107","4596","3908","1073744576","0x0","0","1","4198404","0","0x40003000","0x0"
"06:18:14.594700","184","107","4596","3908","1073744576","0x0","0","1","4198404","0","0x40003080","0x0"
"06:18:14.612043","184","107","4596","3908","1073744576","0x0","0","1","4198404","0","0x40002f80","0x0"
"06:18:14.630327","184","107","4596","3908","1073744576","0x0","0","1","4198404","0","0x40003000","0x0"
"06:18:14.647006","184","107","4596","3908","1073744576","0x0","0","1","4198404","0","0x40003080","0x0"
"06:18:14.663253","184","107","4596","3908","1073744576","0x0","0","1","4198404","0","0x40002f80","0x0"
"06:18:14.678829","184","107","4596","3908","1073744576","0x0","0","1","4198404","0","0x40003000","0x0"
"06:18:14.693867","184","107","4596","3908","1073744576","0x0","0","1","4198404","0","0x40003080","0x0"
"06:18:14.708676","184","107","4596","3908","1073744576","0x0","0","1","4198404","0","0x40002f80","0x0"
"06:18:15.287521","184","107","4596","3908","1073744576","0x0","0","1","4198404","0","0x40003000","0x0"
"06:18:15.789174","184","107","4596","3908","1073744576","0x0","0","1","4198404","0","0x40003080","0x0"
"06:18:17.124231","184","107","4596","13100","1073742528","0x0","0","0","32768","0","0x40000540","0x0"
"06:18:17.125718","184","107","4596","13100","1073742528","0x0","0","0","32768","0","0x40000540","0x0"
"06:18:17.127090","184","107","4596","13100","1073742528","0x0","0","0","32768","0","0x40000540","0x0"
"06:18:17.156162","184","107","4596","3908","1073744576","0x0","0","1","4198404","0","0x40002f80","0x0"
"06:18:17.177639","184","107","4964","4028","1073742656","0x0","0","0","32768","0","0x40000440","0x0"
"06:18:17.298686","184","107","4596","3908","1073744576","0x0","0","1","4198404","0","0x40003000","0x0"
"06:18:17.309435","184","107","4964","4028","1073742656","0x0","0","0","32768","0","0x40000440","0x0"
"06:18:17.387700","184","107","4596","3908","1073744576","0x0","0","1","4198404","0","0x40003080","0x0"
"06:18:17.427658","184","107","4596","3908","1073744576","0x0","0","1","4198404","0","0x40002f80","0x0"
"06:18:17.478661","184","107","4596","3908","1073744576","0x0","0","1","4198404","0","0x40003000","0x0"
"06:18:17.528050","184","107","4596","3908","1073744576","0x0","0","1","4198404","0","0x40003080","0x0"
"06:18:17.578000","184","107","4596","3908","1073744576","0x0","0","1","4198404","0","0x40002f80","0x0"
"06:18:17.626217","184","107","4596","3908","1073744576","0x0","0","1","4198404","0","0x40003000","0x0"
"06:18:17.695945","184","107","4596","3908","1073744576","0x0","0","1","4198404","0","0x40003080","0x0"
"06:18:17.760184","184","107","4596","3908","1073744576","0x0","0","1","4198404","0","0x40002f80","0x0"
"06:18:17.804857","184","107","4596","3908","1073744576","0x0","0","1","4198404","0","0x40003000","0x0"
"06:18:17.854561","184","107","4596","3908","1073744576","0x0","0","1","4198404","0","0x40003080","0x0"
"06:18:17.904442","184","107","4596","3908","1073744576","0x0","0","1","4198404","0","0x40002f80","0x0"
"06:18:17.914889","184","107","4596","3908","1073744576","0x0","0","1","4198404","0","0x40003000","0x0"
"06:18:17.931892","184","107","4596","3908","1073744576","0x0","0","1","4198404","0","0x40003080","0x0"
"06:18:17.949450","184","107","4596","3908","1073744576","0x0","0","1","4198404","0","0x40002f80","0x0"
"06:18:17.966086","184","107","4596","3908","1073744576","0x0","0","1","4198404","0","0x40003000","0x0"
"06:18:17.982268","184","107","4596","3908","1073744576","0x0","0","1","4198404","0","0x40003080","0x0"
"06:18:17.999419","184","107","4596","3908","1073744576","0x0","0","1","4198404","0","0x40002f80","0x0"
"06:18:18.016114","184","107","4596","3908","1073744576","0x0","0","1","4198404","0","0x40003000","0x0"
"06:18:18.032126","184","107","4596","3908","1073744576","0x0","0","1","4198404","0","0x40003080","0x0"
"06:18:18.049158","184","107","4596","3908","1073744576","0x0","0","1","4198404","0","0x40002f80","0x0"
"06:18:18.065703","184","107","4596","3908","1073744576","0x0","0","1","4198404","0","0x40003000","0x0"
"06:18:18.081572","184","107","4596","3908","1073744576","0x0","0","1","4198404","0","0x40003080","0x0"
"06:18:18.099102","184","107","4596","3908","1073744576","0x0","0","1","4198404","0","0x40002f80","0x0"
"06:18:18.116024","184","107","4596","3908","1073744576","0x0","0","1","4198404","0","0x40003000","0x0"
"06:18:18.131892","184","107","4596","3908","1073744576","0x0","0","1","4198404","0","0x40003080","0x0"
"06:18:18.149056","184","107","4596","3908","1073744576","0x0","0","1","4198404","0","0x40002f80","0x0"
"06:18:18.165702","184","107","4596","3908","1073744576","0x0","0","1","4198404","0","0x40003000","0x0"
"06:18:18.182320","184","107","4596","3908","1073744576","0x0","0","1","4198404","0","0x40003080","0x0"
"06:18:18.198841","184","107","4596","3908","1073744576","0x0","0","1","4198404","0","0x40002f80","0x0"
"06:18:18.215525","184","107","4596","3908","1073744576","0x0","0","1","4198404","0","0x40003000","0x0"
"06:18:18.232002","184","107","4596","3908","1073744576","0x0","0","1","4198404","0","0x40003080","0x0"
"06:18:18.248916","184","107","4596","3908","1073744576","0x0","0","1","4198404","0","0x40002f80","0x0"
"06:18:18.265895","184","107","4596","3908","1073744576","0x0","0","1","4198404","0","0x40003000","0x0"
"06:18:18.305166","184","107","4596","3908","1073744576","0x0","0","1","4198404","0","0x40003080","0x0"
"06:18:18.354428","184","107","4596","3908","1073744576","0x0","0","1","4198404","0","0x40002f80","0x0"
"06:18:18.404487","184","107","4596","3908","1073744576","0x0","0","1","4198404","0","0x40003000","0x0"
"06:18:18.415060","184","107","4596","3908","1073744576","0x0","0","1","4198404","0","0x40003080","0x0"
"06:18:18.432109","184","107","4596","3908","1073744576","0x0","0","1","4198404","0","0x40002f80","0x0"
"06:18:18.448801","184","107","4596","3908","1073744576","0x0","0","1","4198404","0","0x40003000","0x0"
"06:18:18.465153","184","107","4596","3908","1073744576","0x0","0","1","4198404","0","0x40003080","0x0"
"06:18:18.481776","184","107","4596","3908","1073744576","0x0","0","1","4198404","0","0x40002f80","0x0"
"06:18:18.498071","184","107","4596","3908","1073744576","0x0","0","1","4198404","0","0x40003000","0x0"
"06:18:18.515346","184","107","4596","3908","1073744576","0x0","0","1","4198404","0","0x40003080","0x0"
"06:18:18.532091","184","107","4596","3908","1073744576","0x0","0","1","4198404","0","0x40002f80","0x0"
"06:18:18.548725","184","107","4596","3908","1073744576","0x0","0","1","4198404","0","0x40003000","0x0"
"06:18:18.565637","184","107","4596","3908","1073744576","0x0","0","1","4198404","0","0x40003080","0x0"
"06:18:18.581877","184","107","4596","3908","1073744576","0x0","0","1","4198404","0","0x40002f80","0x0"
"06:18:18.598746","184","107","4596","3908","1073744576","0x0","0","1","4198404","0","0x40003000","0x0"
"06:18:18.615766","184","107","4596","3908","1073744576","0x0","0","1","4198404","0","0x40003080","0x0"
"06:18:18.632210","184","107","4596","3908","1073744576","0x0","0","1","4198404","0","0x40002f80","0x0"
"06:18:18.648924","184","107","4596","3908","1073744576","0x0","0","1","4198404","0","0x40003000","0x0"
"06:18:18.665355","184","107","4596","3908","1073744576","0x0","0","1","4198404","0","0x40003080","0x0"
"06:18:18.682156","184","107","4596","3908","1073744576","0x0","0","1","4198404","0","0x40002f80","0x0"
"06:18:18.698838","184","107","4596","3908","1073744576","0x0","0","1","4198404","0","0x40003000","0x0"
"06:18:18.715598","184","107","4596","3908","1073744576","0x0","0","1","4198404","0","0x40003080","0x0"
"06:18:18.732450","184","107","4596","3908","1073744576","0x0","0","1","4198404","0","0x40002f80","0x0"
"06:18:18.749587","184","107","4596","3908","1073744576","0x0","0","1","4198404","0","0x40003000","0x0"
"06:18:18.765328","184","107","4596","3908","1073744576","0x0","0","1","4198404","0","0x40003080","0x0"
"06:18:18.782361","184","107","4596","3908","1073744576","0x0","0","1","4198404","0","0x40002f80","0x0"
"06:18:18.798866","184","107","4596","3908","1073744576","0x0","0","1","4198404","0","0x40003000","0x0"
"06:18:18.815608","184","107","4596","3908","1073744576","0x0","0","1","4198404","0","0x40003080","0x0"
"06:18:18.832688","184","107","4596","3908","1073744576","0x0","0","1","4198404","0","0x40002f80","0x0"
"06:18:18.849678","184","107","4596","3908","1073744576","0x0","0","1","4198404","0","0x40003000","0x0"
"06:18:18.865398","184","107","4596","3908","1073744576","0x0","0","1","4198404","0","0x40003080","0x0"
"06:18:18.882665","184","107","4596","3908","1073744576","0x0","0","1","4198404","0","0x40002f80","0x0"
"06:18:18.899385","184","107","4596","3908","1073744576","0x0","0","1","4198404","0","0x40003000","0x0"
"06:18:18.915741","184","107","4596","3908","1073744576","0x0","0","1","4198404","0","0x40003080","0x0"
"06:18:18.932701","184","107","4596","3908","1073744576","0x0","0","1","4198404","0","0x40002f80","0x0"
"06:18:18.949455","184","107","4596","3908","1073744576","0x0","0","1","4198404","0","0x40003000","0x0"
"06:18:18.965394","184","107","4596","3908","1073744576","0x0","0","1","4198404","0","0x40003080","0x0"
"06:18:18.982706","184","107","4596","3908","1073744576","0x0","0","1","4198404","0","0x40002f80","0x0"
"06:18:18.999472","184","107","4596","3908","1073744576","0x0","0","1","4198404","0","0x40003000","0x0"
"06:18:19.015519","184","107","4596","3908","1073744576","0x0","0","1","4198404","0","0x40003080","0x0"
"06:18:19.032254","184","107","4596","3908","1073744576","0x0","0","1","4198404","0","0x40002f80","0x0"
"06:18:19.049356","184","107","4596","3908","1073744576","0x0","0","1","4198404","0","0x40003000","0x0"
"06:18:19.065673","184","107","4596","3908","1073744576","0x0","0","1","4198404","0","0x40003080","0x0"
"06:18:19.082294","184","107","4596","3908","1073744576","0x0","0","1","4198404","0","0x40002f80","0x0"
"06:18:19.099277","184","107","4596","3908","1073744576","0x0","0","1","4198404","0","0x40003000","0x0"
"06:18:19.115459","184","107","4596","3908","1073744576","0x0","0","1","4198404","0","0x40003080","0x0"
"06:18:19.132045","184","107","4596","3908","1073744576","0x0","0","1","4198404","0","0x40002f80","0x0"
"06:18:19.148618","184","107","4596","3908","1073744576","0x0","0","1","4198404","0","0x40003000","0x0"
"06:18:19.165434","184","107","4596","3908","1073744576","0x0","0","1","4198404","0","0x40003080","0x0"
"06:18:19.182398","184","107","4596","3908","1073744576","0x0","0","1","4198404","0","0x40002f80","0x0"
"06:18:19.198752","184","107","4596","3908","1073744576","0x0","0","1","4198404","0","0x40003000","0x0"
"06:18:19.215280","184","107","4596","3908","1073744576","0x0","0","1","4198404","0","0x40003080","0x0"
"06:18:19.232373","184","107","4596","3908","1073744576","0x0","0","1","4198404","0","0x40002f80","0x0"
"06:18:19.249183","184","107","4596","3908","1073744576","0x0","0","1","4198404","0","0x40003000","0x0"
"06:18:19.265402","184","107","4596","3908","1073744576","0x0","0","1","4198404","0","0x40003080","0x0"
"06:18:19.301501","184","107","4596","3908","1073744576","0x0","0","1","4198404","0","0x40002f80","0x0"
"06:18:19.348778","184","107","4596","3908","1073744576","0x0","0","1","4198404","0","0x40003000","0x0"
"06:18:19.398899","184","107","4596","3908","1073744576","0x0","0","1","4198404","0","0x40003080","0x0"
"06:18:19.416008","184","107","4596","3908","1073744576","0x0","0","1","4198404","0","0x40002f80","0x0"
"06:18:19.432485","184","107","4596","3908","1073744576","0x0","0","1","4198404","0","0x40003000","0x0"
"06:18:19.449352","184","107","4596","3908","1073744576","0x0","0","1","4198404","0","0x40003080","0x0"
"06:18:19.465928","184","107","4596","3908","1073744576","0x0","0","1","4198404","0","0x40002f80","0x0"
"06:18:19.482493","184","107","4596","3908","1073744576","0x0","0","1","4198404","0","0x40003000","0x0"
"06:18:19.499829","184","107","4596","3908","1073744576","0x0","0","1","4198404","0","0x40003080","0x0"
"06:18:19.516736","184","107","4596","3908","1073744576","0x0","0","1","4198404","0","0x40002f80","0x0"
"06:18:19.532615","184","107","4596","3908","1073744576","0x0","0","1","4198404","0","0x40003000","0x0"
"06:18:19.549931","184","107","4596","3908","1073744576","0x0","0","1","4198404","0","0x40003080","0x0"
"06:18:19.566190","184","107","4596","3908","1073744576","0x0","0","1","4198404","0","0x40002f80","0x0"
"06:18:19.582949","184","107","4596","3908","1073744576","0x0","0","1","4198404","0","0x40003000","0x0"
"06:18:19.599375","184","107","4596","3908","1073744576","0x0","0","1","4198404","0","0x40003080","0x0"
"06:18:19.616491","184","107","4596","3908","1073744576","0x0","0","1","4198404","0","0x40002f80","0x0"
"06:18:19.633593","184","107","4596","3908","1073744576","0x0","0","1","4198404","0","0x40003000","0x0"
"06:18:19.650142","184","107","4596","3908","1073744576","0x0","0","1","4198404","0","0x40003080","0x0"
"06:18:19.666573","184","107","4596","3908","1073744576","0x0","0","1","4198404","0","0x40002f80","0x0"
"06:18:19.683343","184","107","4596","3908","1073744576","0x0","0","1","4198404","0","0x40003000","0x0"
"06:18:19.699811","184","107","4596","3908","1073744576","0x0","0","1","4198404","0","0x40003080","0x0"
"06:18:19.716307","184","107","4596","3908","1073744576","0x0","0","1","4198404","0","0x40002f80","0x0"
"06:18:19.733277","184","107","4596","3908","1073744576","0x0","0","1","4198404","0","0x40003000","0x0"
"06:18:19.749801","184","107","4596","3908","1073744576","0x0","0","1","4198404","0","0x40003080","0x0"
"06:18:19.766689","184","107","4596","3908","1073744576","0x0","0","1","4198404","0","0x40002f80","0x0"
"06:18:19.801932","184","107","4596","3908","1073744576","0x0","0","1","4198404","0","0x40003000","0x0"
"06:18:19.849013","184","107","4596","3908","1073744576","0x0","0","1","4198404","0","0x40003080","0x0"
"06:18:19.899682","184","107","4596","3908","1073744576","0x0","0","1","4198404","0","0x40002f80","0x0"
"06:18:19.916409","184","107","4596","3908","1073744576","0x0","0","1","4198404","0","0x40003000","0x0"
"06:18:19.933427","184","107","4596","3908","1073744576","0x0","0","1","4198404","0","0x40003080","0x0"
"06:18:19.949874","184","107","4596","3908","1073744576","0x0","0","1","4198404","0","0x40002f80","0x0"
"06:18:19.966720","184","107","4596","3908","1073744576","0x0","0","1","4198404","0","0x40003000","0x0"
"06:18:19.983320","184","107","4596","3908","1073744576","0x0","0","1","4198404","0","0x40003080","0x0"
"06:18:19.999961","184","107","4596","3908","1073744576","0x0","0","1","4198404","0","0x40002f80","0x0"
"06:18:20.017021","184","107","4596","3908","1073744576","0x0","0","1","4198404","0","0x40003000","0x0"
"06:18:20.033696","184","107","4596","3908","1073744576","0x0","0","1","4198404","0","0x40003080","0x0"
"06:18:20.050595","184","107","4596","3908","1073744576","0x0","0","1","4198404","0","0x40002f80","0x0"
"06:18:20.066601","184","107","4596","3908","1073744576","0x0","0","1","4198404","0","0x40003000","0x0"
"06:18:20.083618","184","107","4596","3908","1073744576","0x0","0","1","4198404","0","0x40003080","0x0"
"06:18:20.099679","184","107","4596","3908","1073744576","0x0","0","1","4198404","0","0x40002f80","0x0"
"06:18:20.116236","184","107","4596","3908","1073744576","0x0","0","1","4198404","0","0x40003000","0x0"
"06:18:20.133755","184","107","4596","3908","1073744576","0x0","0","1","4198404","0","0x40003080","0x0"
"06:18:20.150495","184","107","4596","3908","1073744576","0x0","0","1","4198404","0","0x40002f80","0x0"
"06:18:20.166619","184","107","4596","3908","1073744576","0x0","0","1","4198404","0","0x40003000","0x0"
"06:18:20.183791","184","107","4596","3908","1073744576","0x0","0","1","4198404","0","0x40003080","0x0"
"06:18:20.200260","184","107","4596","3908","1073744576","0x0","0","1","4198404","0","0x40002f80","0x0"
"06:18:20.216986","184","107","4596","3908","1073744576","0x0","0","1","4198404","0","0x40003000","0x0"
"06:18:20.233929","184","107","4596","3908","1073744576","0x0","0","1","4198404","0","0x40003080","0x0"
"06:18:20.250879","184","107","4596","3908","1073744576","0x0","0","1","4198404","0","0x40002f80","0x0"
"06:18:20.266669","184","107","4596","3908","1073744576","0x0","0","1","4198404","0","0x40003000","0x0"
"06:18:20.302421","184","107","4596","3908","1073744576","0x0","0","1","4198404","0","0x40003080","0x0"
"06:18:20.349151","184","107","4596","3908","1073744576","0x0","0","1","4198404","0","0x40002f80","0x0"
"06:18:20.399010","184","107","4596","3908","1073744576","0x0","0","1","4198404","0","0x40003000","0x0"
"06:18:20.416431","184","107","4596","3908","1073744576","0x0","0","1","4198404","0","0x40003080","0x0"
"06:18:20.433635","184","107","4596","3908","1073744576","0x0","0","1","4198404","0","0x40002f80","0x0"
"06:18:20.450631","184","107","4596","3908","1073744576","0x0","0","1","4198404","0","0x40003000","0x0"
"06:18:20.467322","184","107","4596","3908","1073744576","0x0","0","1","4198404","0","0x40003080","0x0"
"06:18:20.483590","184","107","4596","3908","1073744576","0x0","0","1","4198404","0","0x40002f80","0x0"
"06:18:20.500875","184","107","4596","3908","1073744576","0x0","0","1","4198404","0","0x40003000","0x0"
"06:18:20.517745","184","107","4596","3908","1073744576","0x0","0","1","4198404","0","0x40003080","0x0"
"06:18:20.533447","184","107","4596","3908","1073744576","0x0","0","1","4198404","0","0x40002f80","0x0"
"06:18:20.550378","184","107","4596","3908","1073744576","0x0","0","1","4198404","0","0x40003000","0x0"
"06:18:20.567384","184","107","4596","3908","1073744576","0x0","0","1","4198404","0","0x40003080","0x0"
"06:18:20.583797","184","107","4596","3908","1073744576","0x0","0","1","4198404","0","0x40002f80","0x0"
"06:18:20.600818","184","107","4596","3908","1073744576","0x0","0","1","4198404","0","0x40003000","0x0"
"06:18:20.617360","184","107","4596","3908","1073744576","0x0","0","1","4198404","0","0x40003080","0x0"
"06:18:20.633987","184","107","4596","3908","1073744576","0x0","0","1","4198404","0","0x40002f80","0x0"
"06:18:20.650524","184","107","4596","3908","1073744576","0x0","0","1","4198404","0","0x40003000","0x0"
"06:18:20.667466","184","107","4596","3908","1073744576","0x0","0","1","4198404","0","0x40003080","0x0"
"06:18:20.683720","184","107","4596","3908","1073744576","0x0","0","1","4198404","0","0x40002f80","0x0"
"06:18:20.700822","184","107","4596","3908","1073744576","0x0","0","1","4198404","0","0x40003000","0x0"
"06:18:20.717906","184","107","4596","3908","1073744576","0x0","0","1","4198404","0","0x40003080","0x0"
"06:18:20.734245","184","107","4596","3908","1073744576","0x0","0","1","4198404","0","0x40002f80","0x0"
"06:18:20.750352","184","107","4596","3908","1073744576","0x0","0","1","4198404","0","0x40003000","0x0"
"06:18:20.767253","184","107","4596","3908","1073744576","0x0","0","1","4198404","0","0x40003080","0x0"
"06:18:20.783994","184","107","4596","3908","1073744576","0x0","0","1","4198404","0","0x40002f80","0x0"
"06:18:20.801116","184","107","4596","3908","1073744576","0x0","0","1","4198404","0","0x40003000","0x0"
"06:18:20.817585","184","107","4596","3908","1073744576","0x0","0","1","4198404","0","0x40003080","0x0"
"06:18:20.833995","184","107","4596","3908","1073744576","0x0","0","1","4198404","0","0x40002f80","0x0"
"06:18:20.850908","184","107","4596","3908","1073744576","0x0","0","1","4198404","0","0x40003000","0x0"
"06:18:20.867603","184","107","4596","3908","1073744576","0x0","0","1","4198404","0","0x40003080","0x0"
"06:18:20.884268","184","107","4596","3908","1073744576","0x0","0","1","4198404","0","0x40002f80","0x0"
"06:18:20.900900","184","107","4596","3908","1073744576","0x0","0","1","4198404","0","0x40003000","0x0"
"06:18:20.917706","184","107","4596","3908","1073744576","0x0","0","1","4198404","0","0x40003080","0x0"
"06:18:20.933954","184","107","4596","3908","1073744576","0x0","0","1","4198404","0","0x40002f80","0x0"
"06:18:20.950864","184","107","4596","3908","1073744576","0x0","0","1","4198404","0","0x40003000","0x0"
"06:18:20.967696","184","107","4596","3908","1073744576","0x0","0","1","4198404","0","0x40003080","0x0"
"06:18:20.984591","184","107","4596","3908","1073744576","0x0","0","1","4198404","0","0x40002f80","0x0"
"06:18:21.000712","184","107","4596","3908","1073744576","0x0","0","1","4198404","0","0x40003000","0x0"
"06:18:21.017848","184","107","4596","3908","1073744576","0x0","0","1","4198404","0","0x40003080","0x0"
"06:18:21.034076","184","107","4596","3908","1073744576","0x0","0","1","4198404","0","0x40002f80","0x0"
"06:18:21.050386","184","107","4596","3908","1073744576","0x0","0","1","4198404","0","0x40003000","0x0"
"06:18:21.067254","184","107","4596","3908","1073744576","0x0","0","1","4198404","0","0x40003080","0x0"
"06:18:21.084287","184","107","4596","3908","1073744576","0x0","0","1","4198404","0","0x40002f80","0x0"
"06:18:21.100372","184","107","4596","3908","1073744576","0x0","0","1","4198404","0","0x40003000","0x0"
"06:18:21.117505","184","107","4596","3908","1073744576","0x0","0","1","4198404","0","0x40003080","0x0"
"06:18:21.134474","184","107","4596","3908","1073744576","0x0","0","1","4198404","0","0x40002f80","0x0"
"06:18:21.150963","184","107","4596","3908","1073744576","0x0","0","1","4198404","0","0x40003000","0x0"
"06:18:21.167707","184","107","4596","3908","1073744576","0x0","0","1","4198404","0","0x40003080","0x0"
"06:18:21.184387","184","107","4596","3908","1073744576","0x0","0","1","4198404","0","0x40002f80","0x0"
"06:18:21.200918","184","107","4596","3908","1073744576","0x0","0","1","4198404","0","0x40003000","0x0"
"06:18:21.217852","184","107","4596","3908","1073744576","0x0","0","1","4198404","0","0x40003080","0x0"
"06:18:21.234752","184","107","4596","3908","1073744576","0x0","0","1","4198404","0","0x40002f80","0x0"
"06:18:21.251143","184","107","4596","3908","1073744576","0x0","0","1","4198404","0","0x40003000","0x0"
"06:18:21.267748","184","107","4596","3908","1073744576","0x0","0","1","4198404","0","0x40003080","0x0"
"06:18:21.283786","184","107","4596","3908","1073744576","0x0","0","1","4198404","0","0x40002f80","0x0"
"06:18:21.300295","184","107","4596","3908","1073744576","0x0","0","1","4198404","0","0x40003000","0x0"
"06:18:21.336239","184","107","4596","3908","1073744576","0x0","0","1","4198404","0","0x40003080","0x0"
"06:18:21.384098","184","107","4596","3908","1073744576","0x0","0","1","4198404","0","0x40002f80","0x0"
"06:18:21.450088","184","107","4596","3908","1073744576","0x0","0","1","4198404","0","0x40003000","0x0"
"06:18:21.487541","184","107","4596","3908","1073744576","0x0","0","1","4198404","0","0x40003080","0x0"
"06:18:21.534868","184","107","4596","3908","1073744576","0x0","0","1","4198404","0","0x40002f80","0x0"
"06:18:21.583563","184","107","4596","3908","1073744576","0x0","0","1","4198404","0","0x40003000","0x0"
"06:18:21.601011","184","107","4596","3908","1073744576","0x0","0","1","4198404","0","0x40003080","0x0"
"06:18:21.617429","184","107","4596","3908","1073744576","0x0","0","1","4198404","0","0x40002f80","0x0"
"06:18:21.634117","184","107","4596","3908","1073744576","0x0","0","1","4198404","0","0x40003000","0x0"
"06:18:21.650993","184","107","4596","3908","1073744576","0x0","0","1","4198404","0","0x40003080","0x0"
"06:18:21.667685","184","107","4596","3908","1073744576","0x0","0","1","4198404","0","0x40002f80","0x0"
"06:18:21.684259","184","107","4596","3908","1073744576","0x0","0","1","4198404","0","0x40003000","0x0"
"06:18:21.700649","184","107","4596","3908","1073744576","0x0","0","1","4198404","0","0x40003080","0x0"
"06:18:21.717392","184","107","4596","3908","1073744576","0x0","0","1","4198404","0","0x40002f80","0x0"
"06:18:21.734163","184","107","4596","3908","1073744576","0x0","0","1","4198404","0","0x40003000","0x0"
"06:18:21.750658","184","107","4596","3908","1073744576","0x0","0","1","4198404","0","0x40003080","0x0"
"06:18:21.767513","184","107","4596","3908","1073744576","0x0","0","1","4198404","0","0x40002f80","0x0"
"06:18:21.803880","184","107","4596","3908","1073744576","0x0","0","1","4198404","0","0x40003000","0x0"
"06:18:21.852154","184","107","4596","3908","1073744576","0x0","0","1","4198404","0","0x40003080","0x0"
"06:18:21.901827","184","107","4596","3908","1073744576","0x0","0","1","4198404","0","0x40002f80","0x0"
"06:18:21.917518","184","107","4596","3908","1073744576","0x0","0","1","4198404","0","0x40003000","0x0"
"06:18:21.934271","184","107","4596","3908","1073744576","0x0","0","1","4198404","0","0x40003080","0x0"
"06:18:21.951025","184","107","4596","3908","1073744576","0x0","0","1","4198404","0","0x40002f80","0x0"
"06:18:21.968011","184","107","4596","3908","1073744576","0x0","0","1","4198404","0","0x40003000","0x0"
"06:18:21.984390","184","107","4596","3908","1073744576","0x0","0","1","4198404","0","0x40003080","0x0"
"06:18:22.001167","184","107","4596","3908","1073744576","0x0","0","1","4198404","0","0x40002f80","0x0"
"06:18:22.018215","184","107","4596","3908","1073744576","0x0","0","1","4198404","0","0x40003000","0x0"
"06:18:22.035540","184","107","4596","3908","1073744576","0x0","0","1","4198404","0","0x40003080","0x0"
"06:18:22.051721","184","107","4596","3908","1073744576","0x0","0","1","4198404","0","0x40002f80","0x0"
"06:18:22.068165","184","107","4596","3908","1073744576","0x0","0","1","4198404","0","0x40003000","0x0"
"06:18:22.084867","184","107","4596","3908","1073744576","0x0","0","1","4198404","0","0x40003080","0x0"
"06:18:22.101886","184","107","4596","3908","1073744576","0x0","0","1","4198404","0","0x40002f80","0x0"
"06:18:22.118814","184","107","4596","3908","1073744576","0x0","0","1","4198404","0","0x40003000","0x0"
"06:18:22.134753","184","107","4596","3908","1073744576","0x0","0","1","4198404","0","0x40003080","0x0"
"06:18:22.151878","184","107","4596","3908","1073744576","0x0","0","1","4198404","0","0x40002f80","0x0"
"06:18:22.168474","184","107","4596","3908","1073744576","0x0","0","1","4198404","0","0x40003000","0x0"
"06:18:22.185582","184","107","4596","3908","1073744576","0x0","0","1","4198404","0","0x40003080","0x0"
"06:18:22.201954","184","107","4596","3908","1073744576","0x0","0","1","4198404","0","0x40002f80","0x0"
"06:18:22.218827","184","107","4596","3908","1073744576","0x0","0","1","4198404","0","0x40003000","0x0"
"06:18:22.235626","184","107","4596","3908","1073744576","0x0","0","1","4198404","0","0x40003080","0x0"
"06:18:22.251972","184","107","4596","3908","1073744576","0x0","0","1","4198404","0","0x40002f80","0x0"
"06:18:22.268408","184","107","4596","3908","1073744576","0x0","0","1","4198404","0","0x40003000","0x0"
"06:18:22.285650","184","107","4596","3908","1073744576","0x0","0","1","4198404","0","0x40003080","0x0"
"06:18:22.301925","184","107","4596","3908","1073744576","0x0","0","1","4198404","0","0x40002f80","0x0"
"06:18:22.318982","184","107","4596","3908","1073744576","0x0","0","1","4198404","0","0x40003000","0x0"
"06:18:22.335848","184","107","4596","3908","1073744576","0x0","0","1","4198404","0","0x40003080","0x0"
"06:18:22.351882","184","107","4596","3908","1073744576","0x0","0","1","4198404","0","0x40002f80","0x0"
"06:18:22.368538","184","107","4596","3908","1073744576","0x0","0","1","4198404","0","0x40003000","0x0"
"06:18:22.385632","184","107","4596","3908","1073744576","0x0","0","1","4198404","0","0x40003080","0x0"
"06:18:22.402000","184","107","4596","3908","1073744576","0x0","0","1","4198404","0","0x40002f80","0x0"
"06:18:22.418870","184","107","4596","3908","1073744576","0x0","0","1","4198404","0","0x40003000","0x0"
"06:18:22.435849","184","107","4596","3908","1073744576","0x0","0","1","4198404","0","0x40003080","0x0"
"06:18:22.451912","184","107","4596","3908","1073744576","0x0","0","1","4198404","0","0x40002f80","0x0"
"06:18:22.468599","184","107","4596","3908","1073744576","0x0","0","1","4198404","0","0x40003000","0x0"
"06:18:22.485558","184","107","4596","3908","1073744576","0x0","0","1","4198404","0","0x40003080","0x0"
"06:18:22.502206","184","107","4596","3908","1073744576","0x0","0","1","4198404","0","0x40002f80","0x0"
"06:18:22.519176","184","107","4596","3908","1073744576","0x0","0","1","4198404","0","0x40003000","0x0"
"06:18:22.535270","184","107","4596","3908","1073744576","0x0","0","1","4198404","0","0x40003080","0x0"
"06:18:22.552231","184","107","4596","3908","1073744576","0x0","0","1","4198404","0","0x40002f80","0x0"
"06:18:22.568635","184","107","4596","3908","1073744576","0x0","0","1","4198404","0","0x40003000","0x0"
"06:18:22.585649","184","107","4596","3908","1073744576","0x0","0","1","4198404","0","0x40003080","0x0"
"06:18:22.602926","184","107","4596","3908","1073744576","0x0","0","1","4198404","0","0x40002f80","0x0"
"06:18:22.619045","184","107","4596","3908","1073744576","0x0","0","1","4198404","0","0x40003000","0x0"
"06:18:22.635852","184","107","4596","3908","1073744576","0x0","0","1","4198404","0","0x40003080","0x0"
"06:18:22.652244","184","107","4596","3908","1073744576","0x0","0","1","4198404","0","0x40002f80","0x0"
"06:18:22.668747","184","107","4596","3908","1073744576","0x0","0","1","4198404","0","0x40003000","0x0"
"06:18:22.685727","184","107","4596","3908","1073744576","0x0","0","1","4198404","0","0x40003080","0x0"
"06:18:22.702885","184","107","4596","3908","1073744576","0x0","0","1","4198404","0","0x40002f80","0x0"
"06:18:22.718970","184","107","4596","3908","1073744576","0x0","0","1","4198404","0","0x40003000","0x0"
"06:18:22.735899","184","107","4596","3908","1073744576","0x0","0","1","4198404","0","0x40003080","0x0"
"06:18:22.752751","184","107","4596","3908","1073744576","0x0","0","1","4198404","0","0x40002f80","0x0"
"06:18:22.768767","184","107","4596","3908","1073744576","0x0","0","1","4198404","0","0x40003000","0x0"
"06:18:22.785249","184","107","4596","3908","1073744576","0x0","0","1","4198404","0","0x40003080","0x0"
"06:18:22.802512","184","107","4596","3908","1073744576","0x0","0","1","4198404","0","0x40002f80","0x0"
"06:18:22.819050","184","107","4596","3908","1073744576","0x0","0","1","4198404","0","0x40003000","0x0"
"06:18:22.835907","184","107","4596","3908","1073744576","0x0","0","1","4198404","0","0x40003080","0x0"
"06:18:22.852629","184","107","4596","3908","1073744576","0x0","0","1","4198404","0","0x40002f80","0x0"
"06:18:22.868923","184","107","4596","3908","1073744576","0x0","0","1","4198404","0","0x40003000","0x0"
"06:18:22.885772","184","107","4596","3908","1073744576","0x0","0","1","4198404","0","0x40003080","0x0"
"06:18:22.903037","184","107","4596","3908","1073744576","0x0","0","1","4198404","0","0x40002f80","0x0"
"06:18:22.919257","184","107","4596","3908","1073744576","0x0","0","1","4198404","0","0x40003000","0x0"
"06:18:22.936103","184","107","4596","3908","1073744576","0x0","0","1","4198404","0","0x40003080","0x0"
"06:18:22.952976","184","107","4596","3908","1073744576","0x0","0","1","4198404","0","0x40002f80","0x0"
"06:18:22.968847","184","107","4596","3908","1073744576","0x0","0","1","4198404","0","0x40003000","0x0"
"06:18:22.985465","184","107","4596","3908","1073744576","0x0","0","1","4198404","0","0x40003080","0x0"
"06:18:23.002736","184","107","4596","3908","1073744576","0x0","0","1","4198404","0","0x40002f80","0x0"
"06:18:23.018858","184","107","4596","3908","1073744576","0x0","0","1","4198404","0","0x40003000","0x0"
"06:18:23.035203","184","107","4596","3908","1073744576","0x0","0","1","4198404","0","0x40003080","0x0"
"06:18:23.052567","184","107","4596","3908","1073744576","0x0","0","1","4198404","0","0x40002f80","0x0"
"06:18:23.069437","184","107","4596","3908","1073744576","0x0","0","1","4198404","0","0x40003000","0x0"
"06:18:23.085971","184","107","4596","3908","1073744576","0x0","0","1","4198404","0","0x40003080","0x0"
"06:18:23.102889","184","107","4596","3908","1073744576","0x0","0","1","4198404","0","0x40002f80","0x0"
"06:18:23.119713","184","107","4596","3908","1073744576","0x0","0","1","4198404","0","0x40003000","0x0"
"06:18:23.136276","184","107","4596","3908","1073744576","0x0","0","1","4198404","0","0x40003080","0x0"
"06:18:23.153164","184","107","4596","3908","1073744576","0x0","0","1","4198404","0","0x40002f80","0x0"
"06:18:23.169321","184","107","4596","3908","1073744576","0x0","0","1","4198404","0","0x40003000","0x0"
"06:18:23.185969","184","107","4596","3908","1073744576","0x0","0","1","4198404","0","0x40003080","0x0"
"06:18:23.203011","184","107","4596","3908","1073744576","0x0","0","1","4198404","0","0x40002f80","0x0"
"06:18:23.220073","184","107","4596","3908","1073744576","0x0","0","1","4198404","0","0x40003000","0x0"
"06:18:23.235999","184","107","4596","3908","1073744576","0x0","0","1","4198404","0","0x40003080","0x0"
"06:18:23.252373","184","107","4596","3908","1073744576","0x0","0","1","4198404","0","0x40002f80","0x0"
"06:18:23.268835","184","107","4596","3908","1073744576","0x0","0","1","4198404","0","0x40003000","0x0"
"06:18:23.304829","184","107","4596","3908","1073744576","0x0","0","1","4198404","0","0x40003080","0x0"
"06:18:23.352016","184","107","4596","3908","1073744576","0x0","0","1","4198404","0","0x40002f80","0x0"
"06:18:23.402046","184","107","4596","3908","1073744576","0x0","0","1","4198404","0","0x40003000","0x0"
"06:18:23.419809","184","107","4596","3908","1073744576","0x0","0","1","4198404","0","0x40003080","0x0"
"06:18:23.435878","184","107","4596","3908","1073744576","0x0","0","1","4198404","0","0x40002f80","0x0"
"06:18:23.452415","184","107","4596","3908","1073744576","0x0","0","1","4198404","0","0x40003000","0x0"
"06:18:23.469559","184","107","4596","3908","1073744576","0x0","0","1","4198404","0","0x40003080","0x0"
"06:18:23.486264","184","107","4596","3908","1073744576","0x0","0","1","4198404","0","0x40002f80","0x0"
"06:18:23.502829","184","107","4596","3908","1073744576","0x0","0","1","4198404","0","0x40003000","0x0"
"06:18:23.519654","184","107","4596","3908","1073744576","0x0","0","1","4198404","0","0x40003080","0x0"
"06:18:23.536382","184","107","4596","3908","1073744576","0x0","0","1","4198404","0","0x40002f80","0x0"
"06:18:23.552846","184","107","4596","3908","1073744576","0x0","0","1","4198404","0","0x40003000","0x0"
"06:18:23.569760","184","107","4596","3908","1073744576","0x0","0","1","4198404","0","0x40003080","0x0"
"06:18:23.586589","184","107","4596","3908","1073744576","0x0","0","1","4198404","0","0x40002f80","0x0"
"06:18:23.602950","184","107","4596","3908","1073744576","0x0","0","1","4198404","0","0x40003000","0x0"
"06:18:23.619981","184","107","4596","3908","1073744576","0x0","0","1","4198404","0","0x40003080","0x0"
"06:18:23.636899","184","107","4596","3908","1073744576","0x0","0","1","4198404","0","0x40002f80","0x0"
"06:18:23.653268","184","107","4596","3908","1073744576","0x0","0","1","4198404","0","0x40003000","0x0"
"06:18:23.669983","184","107","4596","3908","1073744576","0x0","0","1","4198404","0","0x40003080","0x0"
"06:18:23.686652","184","107","4596","3908","1073744576","0x0","0","1","4198404","0","0x40002f80","0x0"
"06:18:23.703123","184","107","4596","3908","1073744576","0x0","0","1","4198404","0","0x40003000","0x0"
"06:18:23.719557","184","107","4596","3908","1073744576","0x0","0","1","4198404","0","0x40003080","0x0"
"06:18:23.736766","184","107","4596","3908","1073744576","0x0","0","1","4198404","0","0x40002f80","0x0"
"06:18:23.753181","184","107","4596","3908","1073744576","0x0","0","1","4198404","0","0x40003000","0x0"
"06:18:23.769901","184","107","4596","3908","1073744576","0x0","0","1","4198404","0","0x40003080","0x0"
"06:18:23.805616","184","107","4596","3908","1073744576","0x0","0","1","4198404","0","0x40002f80","0x0"
"06:18:23.852217","184","107","4596","3908","1073744576","0x0","0","1","4198404","0","0x40003000","0x0"
"06:18:23.902091","184","107","4596","3908","1073744576","0x0","0","1","4198404","0","0x40003080","0x0"
"06:18:23.919700","184","107","4596","3908","1073744576","0x0","0","1","4198404","0","0x40002f80","0x0"
"06:18:23.936974","184","107","4596","3908","1073744576","0x0","0","1","4198404","0","0x40003000","0x0"
"06:18:23.953905","184","107","4596","3908","1073744576","0x0","0","1","4198404","0","0x40003080","0x0"
"06:18:23.969747","184","107","4596","3908","1073744576","0x0","0","1","4198404","0","0x40002f80","0x0"
"06:18:23.986700","184","107","4596","3908","1073744576","0x0","0","1","4198404","0","0x40003000","0x0"
"06:18:24.003707","184","107","4596","3908","1073744576","0x0","0","1","4198404","0","0x40003080","0x0"
"06:18:24.019573","184","107","4596","3908","1073744576","0x0","0","1","4198404","0","0x40002f80","0x0"
"06:18:24.036529","184","107","4596","3908","1073744576","0x0","0","1","4198404","0","0x40003000","0x0"
"06:18:24.053449","184","107","4596","3908","1073744576","0x0","0","1","4198404","0","0x40003080","0x0"
"06:18:24.069941","184","107","4596","3908","1073744576","0x0","0","1","4198404","0","0x40002f80","0x0"
"06:18:24.086612","184","107","4596","3908","1073744576","0x0","0","1","4198404","0","0x40003000","0x0"
"06:18:24.103623","184","107","4596","3908","1073744576","0x0","0","1","4198404","0","0x40003080","0x0"
"06:18:24.120066","184","107","4596","3908","1073744576","0x0","0","1","4198404","0","0x40002f80","0x0"
"06:18:24.136997","184","107","4596","3908","1073744576","0x0","0","1","4198404","0","0x40003000","0x0"
"06:18:24.153357","184","107","4596","3908","1073744576","0x0","0","1","4198404","0","0x40003080","0x0"
"06:18:24.169864","184","107","4596","3908","1073744576","0x0","0","1","4198404","0","0x40002f80","0x0"
"06:18:24.186176","184","107","4596","3908","1073744576","0x0","0","1","4198404","0","0x40003000","0x0"
"06:18:24.203487","184","107","4596","3908","1073744576","0x0","0","1","4198404","0","0x40003080","0x0"
"06:18:24.220020","184","107","4596","3908","1073744576","0x0","0","1","4198404","0","0x40002f80","0x0"
"06:18:24.237078","184","107","4596","3908","1073744576","0x0","0","1","4198404","0","0x40003000","0x0"
"06:18:24.253985","184","107","4596","3908","1073744576","0x0","0","1","4198404","0","0x40003080","0x0"
"06:18:24.269894","184","107","4596","3908","1073744576","0x0","0","1","4198404","0","0x40002f80","0x0"
"06:18:24.305991","184","107","4596","3908","1073744576","0x0","0","1","4198404","0","0x40003000","0x0"
"06:18:24.352488","184","107","4596","3908","1073744576","0x0","0","1","4198404","0","0x40003080","0x0"
"06:18:24.402467","184","107","4596","3908","1073744576","0x0","0","1","4198404","0","0x40002f80","0x0"
"06:18:24.420174","184","107","4596","3908","1073744576","0x0","0","1","4198404","0","0x40003000","0x0"
"06:18:24.436956","184","107","4596","3908","1073744576","0x0","0","1","4198404","0","0x40003080","0x0"
"06:18:24.453995","184","107","4596","3908","1073744576","0x0","0","1","4198404","0","0x40002f80","0x0"
"06:18:24.470368","184","107","4596","3908","1073744576","0x0","0","1","4198404","0","0x40003000","0x0"
"06:18:24.487004","184","107","4596","3908","1073744576","0x0","0","1","4198404","0","0x40003080","0x0"
"06:18:24.504082","184","107","4596","3908","1073744576","0x0","0","1","4198404","0","0x40002f80","0x0"
"06:18:24.520839","184","107","4596","3908","1073744576","0x0","0","1","4198404","0","0x40003000","0x0"
"06:18:24.536655","184","107","4596","3908","1073744576","0x0","0","1","4198404","0","0x40003080","0x0"
"06:18:24.553928","184","107","4596","3908","1073744576","0x0","0","1","4198404","0","0x40002f80","0x0"
"06:18:24.570643","184","107","4596","3908","1073744576","0x0","0","1","4198404","0","0x40003000","0x0"
"06:18:24.587283","184","107","4596","3908","1073744576","0x0","0","1","4198404","0","0x40003080","0x0"
"06:18:24.604277","184","107","4596","3908","1073744576","0x0","0","1","4198404","0","0x40002f80","0x0"
"06:18:24.621021","184","107","4596","3908","1073744576","0x0","0","1","4198404","0","0x40003000","0x0"
"06:18:24.637064","184","107","4596","3908","1073744576","0x0","0","1","4198404","0","0x40003080","0x0"
"06:18:24.653729","184","107","4596","3908","1073744576","0x0","0","1","4198404","0","0x40002f80","0x0"
"06:18:24.670616","184","107","4596","3908","1073744576","0x0","0","1","4198404","0","0x40003000","0x0"
"06:18:24.687551","184","107","4596","3908","1073744576","0x0","0","1","4198404","0","0x40003080","0x0"
"06:18:24.703927","184","107","4596","3908","1073744576","0x0","0","1","4198404","0","0x40002f80","0x0"
"06:18:24.720761","184","107","4596","3908","1073744576","0x0","0","1","4198404","0","0x40003000","0x0"
"06:18:24.737838","184","107","4596","3908","1073744576","0x0","0","1","4198404","0","0x40003080","0x0"
"06:18:24.754275","184","107","4596","3908","1073744576","0x0","0","1","4198404","0","0x40002f80","0x0"
"06:18:24.770641","184","107","4596","3908","1073744576","0x0","0","1","4198404","0","0x40003000","0x0"
"06:18:24.787538","184","107","4596","3908","1073744576","0x0","0","1","4198404","0","0x40003080","0x0"
"06:18:24.803828","184","107","4596","3908","1073744576","0x0","0","1","4198404","0","0x40002f80","0x0"
"06:18:24.820842","184","107","4596","3908","1073744576","0x0","0","1","4198404","0","0x40003000","0x0"
"06:18:24.837746","184","107","4596","3908","1073744576","0x0","0","1","4198404","0","0x40003080","0x0"
"06:18:24.854162","184","107","4596","3908","1073744576","0x0","0","1","4198404","0","0x40002f80","0x0"
"06:18:24.870821","184","107","4596","3908","1073744576","0x0","0","1","4198404","0","0x40003000","0x0"
"06:18:24.887682","184","107","4596","3908","1073744576","0x0","0","1","4198404","0","0x40003080","0x0"
"06:18:24.904626","184","107","4596","3908","1073744576","0x0","0","1","4198404","0","0x40002f80","0x0"
"06:18:24.920200","184","107","4596","3908","1073744576","0x0","0","1","4198404","0","0x40003000","0x0"
"06:18:24.937061","184","107","4596","3908","1073744576","0x0","0","1","4198404","0","0x40003080","0x0"
"06:18:24.953728","184","107","4596","3908","1073744576","0x0","0","1","4198404","0","0x40002f80","0x0"
"06:18:24.970789","184","107","4596","3908","1073744576","0x0","0","1","4198404","0","0x40003000","0x0"
"06:18:24.987505","184","107","4596","3908","1073744576","0x0","0","1","4198404","0","0x40003080","0x0"
"06:18:25.020859","184","107","4596","3908","1073744576","0x0","0","1","4198404","0","0x40002f80","0x0"
"06:18:25.037211","184","107","4596","3908","1073744576","0x0","0","1","4198404","0","0x40003000","0x0"
"06:18:25.053953","184","107","4596","3908","1073744576","0x0","0","1","4198404","0","0x40003080","0x0"
"06:18:25.070788","184","107","4596","3908","1073744576","0x0","0","1","4198404","0","0x40002f80","0x0"
"06:18:25.087951","184","107","4596","3908","1073744576","0x0","0","1","4198404","0","0x40003000","0x0"
"06:18:25.104727","184","107","4596","3908","1073744576","0x0","0","1","4198404","0","0x40003080","0x0"
"06:18:25.121093","184","107","4596","3908","1073744576","0x0","0","1","4198404","0","0x40002f80","0x0"
"06:18:25.137934","184","107","4596","3908","1073744576","0x0","0","1","4198404","0","0x40003000","0x0"
"06:18:25.154926","184","107","4596","3908","1073744576","0x0","0","1","4198404","0","0x40003080","0x0"
"06:18:25.170878","184","107","4596","3908","1073744576","0x0","0","1","4198404","0","0x40002f80","0x0"
"06:18:25.187811","184","107","4596","3908","1073744576","0x0","0","1","4198404","0","0x40003000","0x0"
"06:18:25.204731","184","107","4596","3908","1073744576","0x0","0","1","4198404","0","0x40003080","0x0"
"06:18:25.221000","184","107","4596","3908","1073744576","0x0","0","1","4198404","0","0x40002f80","0x0"
"06:18:25.237954","184","107","4596","3908","1073744576","0x0","0","1","4198404","0","0x40003000","0x0"
"06:18:25.254966","184","107","4596","3908","1073744576","0x0","0","1","4198404","0","0x40003080","0x0"
"06:18:25.271015","184","107","4596","3908","1073744576","0x0","0","1","4198404","0","0x40002f80","0x0"
"06:18:25.306680","184","107","4596","3908","1073744576","0x0","0","1","4198404","0","0x40003000","0x0"
"06:18:25.353238","184","107","4596","3908","1073744576","0x0","0","1","4198404","0","0x40003080","0x0"
"06:18:25.403350","184","107","4596","3908","1073744576","0x0","0","1","4198404","0","0x40002f80","0x0"
"06:18:25.420826","184","107","4596","3908","1073744576","0x0","0","1","4198404","0","0x40003000","0x0"
"06:18:25.437953","184","107","4596","3908","1073744576","0x0","0","1","4198404","0","0x40003080","0x0"
"06:18:25.454629","184","107","4596","3908","1073744576","0x0","0","1","4198404","0","0x40002f80","0x0"
"06:18:25.470677","184","107","4596","3908","1073744576","0x0","0","1","4198404","0","0x40003000","0x0"
"06:18:25.487623","184","107","4596","3908","1073744576","0x0","0","1","4198404","0","0x40003080","0x0"
"06:18:25.504758","184","107","4596","3908","1073744576","0x0","0","1","4198404","0","0x40002f80","0x0"
"06:18:25.520965","184","107","4596","3908","1073744576","0x0","0","1","4198404","0","0x40003000","0x0"
"06:18:25.537597","184","107","4596","3908","1073744576","0x0","0","1","4198404","0","0x40003080","0x0"
"06:18:25.554923","184","107","4596","3908","1073744576","0x0","0","1","4198404","0","0x40002f80","0x0"
"06:18:25.571275","184","107","4596","3908","1073744576","0x0","0","1","4198404","0","0x40003000","0x0"
"06:18:25.588196","184","107","4596","3908","1073744576","0x0","0","1","4198404","0","0x40003080","0x0"
"06:18:25.605072","184","107","4596","3908","1073744576","0x0","0","1","4198404","0","0x40002f80","0x0"
"06:18:25.621363","184","107","4596","3908","1073744576","0x0","0","1","4198404","0","0x40003000","0x0"
"06:18:25.638336","184","107","4596","3908","1073744576","0x0","0","1","4198404","0","0x40003080","0x0"
"06:18:25.655295","184","107","4596","3908","1073744576","0x0","0","1","4198404","0","0x40002f80","0x0"
"06:18:25.671601","184","107","4596","3908","1073744576","0x0","0","1","4198404","0","0x40003000","0x0"
"06:18:25.688021","184","107","4596","3908","1073744576","0x0","0","1","4198404","0","0x40003080","0x0"
"06:18:25.704990","184","107","4596","3908","1073744576","0x0","0","1","4198404","0","0x40002f80","0x0"
"06:18:25.721807","184","107","4596","3908","1073744576","0x0","0","1","4198404","0","0x40003000","0x0"
"06:18:25.738073","184","107","4596","3908","1073744576","0x0","0","1","4198404","0","0x40003080","0x0"
"06:18:25.755049","184","107","4596","3908","1073744576","0x0","0","1","4198404","0","0x40002f80","0x0"
"06:18:25.771590","184","107","4596","3908","1073744576","0x0","0","1","4198404","0","0x40003000","0x0"
"06:18:25.806842","184","107","4596","3908","1073744576","0x0","0","1","4198404","0","0x40003080","0x0"
"06:18:25.854103","184","107","4596","3908","1073744576","0x0","0","1","4198404","0","0x40002f80","0x0"
"06:18:25.904203","184","107","4596","3908","1073744576","0x0","0","1","4198404","0","0x40003000","0x0"
"06:18:25.921410","184","107","4596","3908","1073744576","0x0","0","1","4198404","0","0x40003080","0x0"
"06:18:25.938209","184","107","4596","3908","1073744576","0x0","0","1","4198404","0","0x40002f80","0x0"
"06:18:25.955159","184","107","4596","3908","1073744576","0x0","0","1","4198404","0","0x40003000","0x0"
"06:18:25.971804","184","107","4596","3908","1073744576","0x0","0","1","4198404","0","0x40003080","0x0"
"06:18:25.987973","184","107","4596","3908","1073744576","0x0","0","1","4198404","0","0x40002f80","0x0"
"06:18:26.004960","184","107","4596","3908","1073744576","0x0","0","1","4198404","0","0x40003000","0x0"
"06:18:26.021964","184","107","4596","3908","1073744576","0x0","0","1","4198404","0","0x40003080","0x0"
"06:18:26.038319","184","107","4596","3908","1073744576","0x0","0","1","4198404","0","0x40002f80","0x0"
"06:18:26.054603","184","107","4596","3908","1073744576","0x0","0","1","4198404","0","0x40003000","0x0"
"06:18:26.071692","184","107","4596","3908","1073744576","0x0","0","1","4198404","0","0x40003080","0x0"
"06:18:26.088594","184","107","4596","3908","1073744576","0x0","0","1","4198404","0","0x40002f80","0x0"
"06:18:26.105135","184","107","4596","3908","1073744576","0x0","0","1","4198404","0","0x40003000","0x0"
"06:18:26.122075","184","107","4596","3908","1073744576","0x0","0","1","4198404","0","0x40003080","0x0"
"06:18:26.138839","184","107","4596","3908","1073744576","0x0","0","1","4198404","0","0x40002f80","0x0"
"06:18:26.155101","184","107","4596","3908","1073744576","0x0","0","1","4198404","0","0x40003000","0x0"
"06:18:26.171771","184","107","4596","3908","1073744576","0x0","0","1","4198404","0","0x40003080","0x0"
"06:18:26.188760","184","107","4596","3908","1073744576","0x0","0","1","4198404","0","0x40002f80","0x0"
"06:18:26.205201","184","107","4596","3908","1073744576","0x0","0","1","4198404","0","0x40003000","0x0"
"06:18:26.222171","184","107","4596","3908","1073744576","0x0","0","1","4198404","0","0x40003080","0x0"
"06:18:26.238780","184","107","4596","3908","1073744576","0x0","0","1","4198404","0","0x40002f80","0x0"
"06:18:26.254999","184","107","4596","3908","1073744576","0x0","0","1","4198404","0","0x40003000","0x0"
"06:18:26.271781","184","107","4596","3908","1073744576","0x0","0","1","4198404","0","0x40003080","0x0"
"06:18:26.288900","184","107","4596","3908","1073744576","0x0","0","1","4198404","0","0x40002f80","0x0"
"06:18:26.305448","184","107","4596","3908","1073744576","0x0","0","1","4198404","0","0x40003000","0x0"
"06:18:26.322341","184","107","4596","3908","1073744576","0x0","0","1","4198404","0","0x40003080","0x0"
"06:18:26.339089","184","107","4596","3908","1073744576","0x0","0","1","4198404","0","0x40002f80","0x0"
"06:18:26.355161","184","107","4596","3908","1073744576","0x0","0","1","4198404","0","0x40003000","0x0"
"06:18:26.371884","184","107","4596","3908","1073744576","0x0","0","1","4198404","0","0x40003080","0x0"
"06:18:26.388858","184","107","4596","3908","1073744576","0x0","0","1","4198404","0","0x40002f80","0x0"
"06:18:26.405903","184","107","4596","3908","1073744576","0x0","0","1","4198404","0","0x40003000","0x0"
"06:18:26.422014","184","107","4596","3908","1073744576","0x0","0","1","4198404","0","0x40003080","0x0"
"06:18:26.438762","184","107","4596","3908","1073744576","0x0","0","1","4198404","0","0x40002f80","0x0"
"06:18:26.455296","184","107","4596","3908","1073744576","0x0","0","1","4198404","0","0x40003000","0x0"
"06:18:26.471658","184","107","4596","3908","1073744576","0x0","0","1","4198404","0","0x40003080","0x0"
"06:18:26.488888","184","107","4596","3908","1073744576","0x0","0","1","4198404","0","0x40002f80","0x0"
"06:18:26.505732","184","107","4596","3908","1073744576","0x0","0","1","4198404","0","0x40003000","0x0"
"06:18:26.522033","184","107","4596","3908","1073744576","0x0","0","1","4198404","0","0x40003080","0x0"
"06:18:26.538705","184","107","4596","3908","1073744576","0x0","0","1","4198404","0","0x40002f80","0x0"
"06:18:26.555810","184","107","4596","3908","1073744576","0x0","0","1","4198404","0","0x40003000","0x0"
"06:18:26.571963","184","107","4596","3908","1073744576","0x0","0","1","4198404","0","0x40003080","0x0"
"06:18:26.588975","184","107","4596","3908","1073744576","0x0","0","1","4198404","0","0x40002f80","0x0"
"06:18:26.606055","184","107","4596","3908","1073744576","0x0","0","1","4198404","0","0x40003000","0x0"
"06:18:26.622447","184","107","4596","3908","1073744576","0x0","0","1","4198404","0","0x40003080","0x0"
"06:18:26.639226","184","107","4596","3908","1073744576","0x0","0","1","4198404","0","0x40002f80","0x0"
"06:18:26.656039","184","107","4596","3908","1073744576","0x0","0","1","4198404","0","0x40003000","0x0"
"06:18:26.671845","184","107","4596","3908","1073744576","0x0","0","1","4198404","0","0x40003080","0x0"
"06:18:26.689038","184","107","4596","3908","1073744576","0x0","0","1","4198404","0","0x40002f80","0x0"
"06:18:26.706188","184","107","4596","3908","1073744576","0x0","0","1","4198404","0","0x40003000","0x0"
"06:18:26.722372","184","107","4596","3908","1073744576","0x0","0","1","4198404","0","0x40003080","0x0"
"06:18:26.739373","184","107","4596","3908","1073744576","0x0","0","1","4198404","0","0x40002f80","0x0"
"06:18:26.756124","184","107","4596","3908","1073744576","0x0","0","1","4198404","0","0x40003000","0x0"
"06:18:26.772154","184","107","4596","3908","1073744576","0x0","0","1","4198404","0","0x40003080","0x0"
"06:18:26.788986","184","107","4596","3908","1073744576","0x0","0","1","4198404","0","0x40002f80","0x0"
"06:18:26.805965","184","107","4596","3908","1073744576","0x0","0","1","4198404","0","0x40003000","0x0"
"06:18:26.822305","184","107","4596","3908","1073744576","0x0","0","1","4198404","0","0x40003080","0x0"
"06:18:26.839323","184","107","4596","3908","1073744576","0x0","0","1","4198404","0","0x40002f80","0x0"
"06:18:26.856025","184","107","4596","3908","1073744576","0x0","0","1","4198404","0","0x40003000","0x0"
"06:18:26.871819","184","107","4596","3908","1073744576","0x0","0","1","4198404","0","0x40003080","0x0"
"06:18:26.889043","184","107","4596","3908","1073744576","0x0","0","1","4198404","0","0x40002f80","0x0"
"06:18:26.905910","184","107","4596","3908","1073744576","0x0","0","1","4198404","0","0x40003000","0x0"
"06:18:26.922665","184","107","4596","3908","1073744576","0x0","0","1","4198404","0","0x40003080","0x0"
"06:18:26.939254","184","107","4596","3908","1073744576","0x0","0","1","4198404","0","0x40002f80","0x0"
"06:18:26.956229","184","107","4596","3908","1073744576","0x0","0","1","4198404","0","0x40003000","0x0"
"06:18:26.972782","184","107","4596","3908","1073744576","0x0","0","1","4198404","0","0x40003080","0x0"
"06:18:26.988834","184","107","4596","3908","1073744576","0x0","0","1","4198404","0","0x40002f80","0x0"
"06:18:27.005945","184","107","4596","3908","1073744576","0x0","0","1","4198404","0","0x40003000","0x0"
"06:18:27.022968","184","107","4596","3908","1073744576","0x0","0","1","4198404","0","0x40003080","0x0"
"06:18:27.038633","184","107","4596","3908","1073744576","0x0","0","1","4198404","0","0x40002f80","0x0"
"06:18:27.055737","184","107","4596","3908","1073744576","0x0","0","1","4198404","0","0x40003000","0x0"
"06:18:27.072752","184","107","4596","3908","1073744576","0x0","0","1","4198404","0","0x40003080","0x0"
"06:18:27.089272","184","107","4596","3908","1073744576","0x0","0","1","4198404","0","0x40002f80","0x0"
"06:18:27.106257","184","107","4596","3908","1073744576","0x0","0","1","4198404","0","0x40003000","0x0"
"06:18:27.122908","184","107","4596","3908","1073744576","0x0","0","1","4198404","0","0x40003080","0x0"
"06:18:27.139452","184","107","4596","3908","1073744576","0x0","0","1","4198404","0","0x40002f80","0x0"
"06:18:27.156230","184","107","4596","3908","1073744576","0x0","0","1","4198404","0","0x40003000","0x0"
"06:18:27.172669","184","107","4596","3908","1073744576","0x0","0","1","4198404","0","0x40003080","0x0"
"06:18:27.188841","184","107","4596","3908","1073744576","0x0","0","1","4198404","0","0x40002f80","0x0"
"06:18:27.205912","184","107","4596","3908","1073744576","0x0","0","1","4198404","0","0x40003000","0x0"
"06:18:27.223129","184","107","4596","3908","1073744576","0x0","0","1","4198404","0","0x40003080","0x0"
"06:18:27.239419","184","107","4596","3908","1073744576","0x0","0","1","4198404","0","0x40002f80","0x0"
"06:18:27.256147","184","107","4596","3908","1073744576","0x0","0","1","4198404","0","0x40003000","0x0"
"06:18:27.272400","184","107","4596","3908","1073744576","0x0","0","1","4198404","0","0x40003080","0x0"
"06:18:27.308690","184","107","4596","3908","1073744576","0x0","0","1","4198404","0","0x40002f80","0x0"
"06:18:27.355291","184","107","4596","3908","1073744576","0x0","0","1","4198404","0","0x40003000","0x0"
"06:18:27.405315","184","107","4596","3908","1073744576","0x0","0","1","4198404","0","0x40003080","0x0"
"06:18:27.422620","184","107","4596","3908","1073744576","0x0","0","1","4198404","0","0x40002f80","0x0"
"06:18:27.439756","184","107","4596","3908","1073744576","0x0","0","1","4198404","0","0x40003000","0x0"
"06:18:27.456277","184","107","4596","3908","1073744576","0x0","0","1","4198404","0","0x40003080","0x0"
"06:18:27.472552","184","107","4596","3908","1073744576","0x0","0","1","4198404","0","0x40002f80","0x0"
"06:18:27.489570","184","107","4596","3908","1073744576","0x0","0","1","4198404","0","0x40003000","0x0"
"06:18:27.505991","184","107","4596","3908","1073744576","0x0","0","1","4198404","0","0x40003080","0x0"
"06:18:27.523253","184","107","4596","3908","1073744576","0x0","0","1","4198404","0","0x40002f80","0x0"
"06:18:27.539592","184","107","4596","3908","1073744576","0x0","0","1","4198404","0","0x40003000","0x0"
"06:18:27.555898","184","107","4596","3908","1073744576","0x0","0","1","4198404","0","0x40003080","0x0"
"06:18:27.572811","184","107","4596","3908","1073744576","0x0","0","1","4198404","0","0x40002f80","0x0"
"06:18:27.589936","184","107","4596","3908","1073744576","0x0","0","1","4198404","0","0x40003000","0x0"
"06:18:27.606448","184","107","4596","3908","1073744576","0x0","0","1","4198404","0","0x40003080","0x0"
"06:18:27.623353","184","107","4596","3908","1073744576","0x0","0","1","4198404","0","0x40002f80","0x0"
"06:18:27.640382","184","107","4596","3908","1073744576","0x0","0","1","4198404","0","0x40003000","0x0"
"06:18:27.656988","184","107","4596","3908","1073744576","0x0","0","1","4198404","0","0x40003080","0x0"
"06:18:27.672980","184","107","4596","3908","1073744576","0x0","0","1","4198404","0","0x40002f80","0x0"
"06:18:27.689882","184","107","4596","3908","1073744576","0x0","0","1","4198404","0","0x40003000","0x0"
"06:18:27.706884","184","107","4596","3908","1073744576","0x0","0","1","4198404","0","0x40003080","0x0"
"06:18:27.723165","184","107","4596","3908","1073744576","0x0","0","1","4198404","0","0x40002f80","0x0"
"06:18:27.739993","184","107","4596","3908","1073744576","0x0","0","1","4198404","0","0x40003000","0x0"
"06:18:27.756509","184","107","4596","3908","1073744576","0x0","0","1","4198404","0","0x40003080","0x0"
"06:18:27.791702","184","107","4596","3908","1073744576","0x0","0","1","4198404","0","0x40002f80","0x0"
"06:18:27.839084","184","107","4596","3908","1073744576","0x0","0","1","4198404","0","0x40003000","0x0"
"06:18:27.889170","184","107","4596","3908","1073744576","0x0","0","1","4198404","0","0x40003080","0x0"
"06:18:27.906474","184","107","4596","3908","1073744576","0x0","0","1","4198404","0","0x40002f80","0x0"
"06:18:27.923191","184","107","4596","3908","1073744576","0x0","0","1","4198404","0","0x40003000","0x0"
"06:18:27.940230","184","107","4596","3908","1073744576","0x0","0","1","4198404","0","0x40003080","0x0"
"06:18:27.957191","184","107","4596","3908","1073744576","0x0","0","1","4198404","0","0x40002f80","0x0"
"06:18:27.973182","184","107","4596","3908","1073744576","0x0","0","1","4198404","0","0x40003000","0x0"
"06:18:27.989756","184","107","4596","3908","1073744576","0x0","0","1","4198404","0","0x40003080","0x0"
"06:18:28.006933","184","107","4596","3908","1073744576","0x0","0","1","4198404","0","0x40002f80","0x0"
"06:18:28.023495","184","107","4596","3908","1073744576","0x0","0","1","4198404","0","0x40003000","0x0"
"06:18:28.040261","184","107","4596","3908","1073744576","0x0","0","1","4198404","0","0x40003080","0x0"
"06:18:28.057244","184","107","4596","3908","1073744576","0x0","0","1","4198404","0","0x40002f80","0x0"
"06:18:28.073140","184","107","4596","3908","1073744576","0x0","0","1","4198404","0","0x40003000","0x0"
"06:18:28.089584","184","107","4596","3908","1073744576","0x0","0","1","4198404","0","0x40003080","0x0"
"06:18:28.106865","184","107","4596","3908","1073744576","0x0","0","1","4198404","0","0x40002f80","0x0"
"06:18:28.122973","184","107","4596","3908","1073744576","0x0","0","1","4198404","0","0x40003000","0x0"
"06:18:28.139999","184","107","4596","3908","1073744576","0x0","0","1","4198404","0","0x40003080","0x0"
"06:18:28.157063","184","107","4596","3908","1073744576","0x0","0","1","4198404","0","0x40002f80","0x0"
"06:18:28.173681","184","107","4596","3908","1073744576","0x0","0","1","4198404","0","0x40003000","0x0"
"06:18:28.190166","184","107","4596","3908","1073744576","0x0","0","1","4198404","0","0x40003080","0x0"
"06:18:28.207071","184","107","4596","3908","1073744576","0x0","0","1","4198404","0","0x40002f80","0x0"
"06:18:28.223893","184","107","4596","3908","1073744576","0x0","0","1","4198404","0","0x40003000","0x0"
"06:18:28.240236","184","107","4596","3908","1073744576","0x0","0","1","4198404","0","0x40003080","0x0"
"06:18:28.257040","184","107","4596","3908","1073744576","0x0","0","1","4198404","0","0x40002f80","0x0"
"06:18:28.273731","184","107","4596","3908","1073744576","0x0","0","1","4198404","0","0x40003000","0x0"
"06:18:28.289675","184","107","4596","3908","1073744576","0x0","0","1","4198404","0","0x40003080","0x0"
"06:18:28.306620","184","107","4596","3908","1073744576","0x0","0","1","4198404","0","0x40002f80","0x0"
"06:18:28.323572","184","107","4596","3908","1073744576","0x0","0","1","4198404","0","0x40003000","0x0"
"06:18:28.340084","184","107","4596","3908","1073744576","0x0","0","1","4198404","0","0x40003080","0x0"
"06:18:28.357045","184","107","4596","3908","1073744576","0x0","0","1","4198404","0","0x40002f80","0x0"
"06:18:28.373970","184","107","4596","3908","1073744576","0x0","0","1","4198404","0","0x40003000","0x0"
"06:18:28.390099","184","107","4596","3908","1073744576","0x0","0","1","4198404","0","0x40003080","0x0"
"06:18:28.407233","184","107","4596","3908","1073744576","0x0","0","1","4198404","0","0x40002f80","0x0"
"06:18:28.423938","184","107","4596","3908","1073744576","0x0","0","1","4198404","0","0x40003000","0x0"
"06:18:28.439872","184","107","4596","3908","1073744576","0x0","0","1","4198404","0","0x40003080","0x0"
"06:18:28.457073","184","107","4596","3908","1073744576","0x0","0","1","4198404","0","0x40002f80","0x0"
"06:18:28.473615","184","107","4596","3908","1073744576","0x0","0","1","4198404","0","0x40003000","0x0"
"06:18:28.490293","184","107","4596","3908","1073744576","0x0","0","1","4198404","0","0x40003080","0x0"
"06:18:28.506470","184","107","4596","3908","1073744576","0x0","0","1","4198404","0","0x40002f80","0x0"
"06:18:28.523791","184","107","4596","3908","1073744576","0x0","0","1","4198404","0","0x40003000","0x0"
"06:18:28.539793","184","107","4596","3908","1073744576","0x0","0","1","4198404","0","0x40003080","0x0"
"06:18:28.557167","184","107","4596","3908","1073744576","0x0","0","1","4198404","0","0x40002f80","0x0"
"06:18:28.574099","184","107","4596","3908","1073744576","0x0","0","1","4198404","0","0x40003000","0x0"
"06:18:28.590230","184","107","4596","3908","1073744576","0x0","0","1","4198404","0","0x40003080","0x0"
"06:18:28.607338","184","107","4596","3908","1073744576","0x0","0","1","4198404","0","0x40002f80","0x0"
"06:18:28.623580","184","107","4596","3908","1073744576","0x0","0","1","4198404","0","0x40003000","0x0"
"06:18:28.640580","184","107","4596","3908","1073744576","0x0","0","1","4198404","0","0x40003080","0x0"
"06:18:28.657159","184","107","4596","3908","1073744576","0x0","0","1","4198404","0","0x40002f80","0x0"
"06:18:28.673900","184","107","4596","3908","1073744576","0x0","0","1","4198404","0","0x40003000","0x0"
"06:18:28.690920","184","107","4596","3908","1073744576","0x0","0","1","4198404","0","0x40003080","0x0"
"06:18:28.707550","184","107","4596","3908","1073744576","0x0","0","1","4198404","0","0x40002f80","0x0"
"06:18:28.724482","184","107","4596","3908","1073744576","0x0","0","1","4198404","0","0x40003000","0x0"
"06:18:28.741063","184","107","4596","3908","1073744576","0x0","0","1","4198404","0","0x40003080","0x0"
"06:18:28.757550","184","107","4596","3908","1073744576","0x0","0","1","4198404","0","0x40002f80","0x0"
"06:18:28.773426","184","107","4596","3908","1073744576","0x0","0","1","4198404","0","0x40003000","0x0"
"06:18:28.809780","184","107","4596","3908","1073744576","0x0","0","1","4198404","0","0x40003080","0x0"
"06:18:28.856360","184","107","4596","3908","1073744576","0x0","0","1","4198404","0","0x40002f80","0x0"
"06:18:28.906416","184","107","4596","3908","1073744576","0x0","0","1","4198404","0","0x40003000","0x0"
"06:18:28.923648","184","107","4596","3908","1073744576","0x0","0","1","4198404","0","0x40003080","0x0"
"06:18:28.940840","184","107","4596","3908","1073744576","0x0","0","1","4198404","0","0x40002f80","0x0"
"06:18:28.958155","184","107","4596","3908","1073744576","0x0","0","1","4198404","0","0x40003000","0x0"
"06:18:28.974036","184","107","4596","3908","1073744576","0x0","0","1","4198404","0","0x40003080","0x0"
"06:18:28.990896","184","107","4596","3908","1073744576","0x0","0","1","4198404","0","0x40002f80","0x0"
"06:18:29.007617","184","107","4596","3908","1073744576","0x0","0","1","4198404","0","0x40003000","0x0"
"06:18:29.024284","184","107","4596","3908","1073744576","0x0","0","1","4198404","0","0x40003080","0x0"
"06:18:29.040448","184","107","4596","3908","1073744576","0x0","0","1","4198404","0","0x40002f80","0x0"
"06:18:29.057688","184","107","4596","3908","1073744576","0x0","0","1","4198404","0","0x40003000","0x0"
"06:18:29.073904","184","107","4596","3908","1073744576","0x0","0","1","4198404","0","0x40003080","0x0"
"06:18:29.091212","184","107","4596","3908","1073744576","0x0","0","1","4198404","0","0x40002f80","0x0"
"06:18:29.107988","184","107","4596","3908","1073744576","0x0","0","1","4198404","0","0x40003000","0x0"
"06:18:29.124433","184","107","4596","3908","1073744576","0x0","0","1","4198404","0","0x40003080","0x0"
"06:18:29.141129","184","107","4596","3908","1073744576","0x0","0","1","4198404","0","0x40002f80","0x0"
"06:18:29.158160","184","107","4596","3908","1073744576","0x0","0","1","4198404","0","0x40003000","0x0"
"06:18:29.174090","184","107","4596","3908","1073744576","0x0","0","1","4198404","0","0x40003080","0x0"
"06:18:29.191001","184","107","4596","3908","1073744576","0x0","0","1","4198404","0","0x40002f80","0x0"
"06:18:29.207497","184","107","4596","3908","1073744576","0x0","0","1","4198404","0","0x40003000","0x0"
"06:18:29.224283","184","107","4596","3908","1073744576","0x0","0","1","4198404","0","0x40003080","0x0"
"06:18:29.241239","184","107","4596","3908","1073744576","0x0","0","1","4198404","0","0x40002f80","0x0"
"06:18:29.258160","184","107","4596","3908","1073744576","0x0","0","1","4198404","0","0x40003000","0x0"
"06:18:29.273815","184","107","4596","3908","1073744576","0x0","0","1","4198404","0","0x40003080","0x0"
"06:18:29.309976","184","107","4596","3908","1073744576","0x0","0","1","4198404","0","0x40002f80","0x0"
"06:18:29.357011","184","107","4596","3908","1073744576","0x0","0","1","4198404","0","0x40003000","0x0"
"06:18:29.407770","184","107","4596","3908","1073744576","0x0","0","1","4198404","0","0x40003080","0x0"
"06:18:29.424107","184","107","4596","3908","1073744576","0x0","0","1","4198404","0","0x40002f80","0x0"
"06:18:29.440587","184","107","4596","3908","1073744576","0x0","0","1","4198404","0","0x40003000","0x0"
"06:18:29.457647","184","107","4596","3908","1073744576","0x0","0","1","4198404","0","0x40003080","0x0"
"06:18:29.474443","184","107","4596","3908","1073744576","0x0","0","1","4198404","0","0x40002f80","0x0"
"06:18:29.490708","184","107","4596","3908","1073744576","0x0","0","1","4198404","0","0x40003000","0x0"
"06:18:29.507894","184","107","4596","3908","1073744576","0x0","0","1","4198404","0","0x40003080","0x0"
"06:18:29.524612","184","107","4596","3908","1073744576","0x0","0","1","4198404","0","0x40002f80","0x0"
"06:18:29.540702","184","107","4596","3908","1073744576","0x0","0","1","4198404","0","0x40003000","0x0"
"06:18:29.557312","184","107","4596","3908","1073744576","0x0","0","1","4198404","0","0x40003080","0x0"
"06:18:29.574136","184","107","4596","3908","1073744576","0x0","0","1","4198404","0","0x40002f80","0x0"
"06:18:29.590899","184","107","4596","3908","1073744576","0x0","0","1","4198404","0","0x40003000","0x0"
"06:18:29.608206","184","107","4596","3908","1073744576","0x0","0","1","4198404","0","0x40003080","0x0"
"06:18:29.624959","184","107","4596","3908","1073744576","0x0","0","1","4198404","0","0x40002f80","0x0"
"06:18:29.641167","184","107","4596","3908","1073744576","0x0","0","1","4198404","0","0x40003000","0x0"
"06:18:29.658018","184","107","4596","3908","1073744576","0x0","0","1","4198404","0","0x40003080","0x0"
"06:18:29.674088","184","107","4596","3908","1073744576","0x0","0","1","4198404","0","0x40002f80","0x0"
"06:18:29.690860","184","107","4596","3908","1073744576","0x0","0","1","4198404","0","0x40003000","0x0"
"06:18:29.708055","184","107","4596","3908","1073744576","0x0","0","1","4198404","0","0x40003080","0x0"
"06:18:29.724338","184","107","4596","3908","1073744576","0x0","0","1","4198404","0","0x40002f80","0x0"
"06:18:29.741713","184","107","4596","3908","1073744576","0x0","0","1","4198404","0","0x40003000","0x0"
"06:18:29.757932","184","107","4596","3908","1073744576","0x0","0","1","4198404","0","0x40003080","0x0"
"06:18:29.796311","184","107","4596","3908","1073744576","0x0","0","1","4198404","0","0x40002f80","0x0"
"06:18:29.840956","184","107","4596","3908","1073744576","0x0","0","1","4198404","0","0x40003000","0x0"
"06:18:29.891158","184","107","4596","3908","1073744576","0x0","0","1","4198404","0","0x40003080","0x0"
"06:18:29.908002","184","107","4596","3908","1073744576","0x0","0","1","4198404","0","0x40002f80","0x0"
"06:18:29.924754","184","107","4596","3908","1073744576","0x0","0","1","4198404","0","0x40003000","0x0"
"06:18:29.941224","184","107","4596","3908","1073744576","0x0","0","1","4198404","0","0x40003080","0x0"
"06:18:29.957981","184","107","4596","3908","1073744576","0x0","0","1","4198404","0","0x40002f80","0x0"
"06:18:29.975032","184","107","4596","3908","1073744576","0x0","0","1","4198404","0","0x40003000","0x0"
"06:18:29.990989","184","107","4596","3908","1073744576","0x0","0","1","4198404","0","0x40003080","0x0"
"06:18:30.008038","184","107","4596","3908","1073744576","0x0","0","1","4198404","0","0x40002f80","0x0"
"06:18:30.024728","184","107","4596","3908","1073744576","0x0","0","1","4198404","0","0x40003000","0x0"
"06:18:30.041682","184","107","4596","3908","1073744576","0x0","0","1","4198404","0","0x40003080","0x0"
"06:18:30.058747","184","107","4596","3908","1073744576","0x0","0","1","4198404","0","0x40002f80","0x0"
"06:18:30.075295","184","107","4596","3908","1073744576","0x0","0","1","4198404","0","0x40003000","0x0"
"06:18:30.092408","184","107","4596","3908","1073744576","0x0","0","1","4198404","0","0x40003080","0x0"
"06:18:30.147829","184","107","4596","3908","1073744576","0x0","0","1","4198404","0","0x40002f80","0x0"
"06:18:30.191508","184","107","4596","3908","1073744576","0x0","0","1","4198404","0","0x40003000","0x0"
"06:18:30.241227","184","107","4596","3908","1073744576","0x0","0","1","4198404","0","0x40003080","0x0"
"06:18:30.287920","184","107","4596","3908","1073744576","0x0","0","1","4198404","0","0x40002f80","0x0"
"06:18:30.328868","184","107","4596","3908","1073744576","0x0","0","1","4198404","0","0x40003000","0x0"
"06:18:30.376828","184","107","4596","3908","1073744576","0x0","0","1","4198404","0","0x40003080","0x0"
"06:18:30.426424","184","107","4596","3908","1073744576","0x0","0","1","4198404","0","0x40002f80","0x0"
"06:18:30.443761","184","107","4596","3908","1073744576","0x0","0","1","4198404","0","0x40003000","0x0"
"06:18:30.458600","184","107","4596","3908","1073744576","0x0","0","1","4198404","0","0x40003080","0x0"
"06:18:30.475187","184","107","4596","3908","1073744576","0x0","0","1","4198404","0","0x40002f80","0x0"
"06:18:30.491925","184","107","4596","3908","1073744576","0x0","0","1","4198404","0","0x40003000","0x0"
"06:18:30.508541","184","107","4596","3908","1073744576","0x0","0","1","4198404","0","0x40003080","0x0"
"06:18:30.525167","184","107","4596","3908","1073744576","0x0","0","1","4198404","0","0x40002f80","0x0"
"06:18:30.541827","184","107","4596","3908","1073744576","0x0","0","1","4198404","0","0x40003000","0x0"
"06:18:30.558398","184","107","4596","3908","1073744576","0x0","0","1","4198404","0","0x40003080","0x0"
"06:18:30.575019","184","107","4596","3908","1073744576","0x0","0","1","4198404","0","0x40002f80","0x0"
"06:18:30.591647","184","107","4596","3908","1073744576","0x0","0","1","4198404","0","0x40003000","0x0"
"06:18:30.608404","184","107","4596","3908","1073744576","0x0","0","1","4198404","0","0x40003080","0x0"
"06:18:30.625062","184","107","4596","3908","1073744576","0x0","0","1","4198404","0","0x40002f80","0x0"
"06:18:30.641741","184","107","4596","3908","1073744576","0x0","0","1","4198404","0","0x40003000","0x0"
"06:18:30.658932","184","107","4596","3908","1073744576","0x0","0","1","4198404","0","0x40003080","0x0"
"06:18:30.675083","184","107","4596","3908","1073744576","0x0","0","1","4198404","0","0x40002f80","0x0"
"06:18:30.691722","184","107","4596","3908","1073744576","0x0","0","1","4198404","0","0x40003000","0x0"
"06:18:30.708493","184","107","4596","3908","1073744576","0x0","0","1","4198404","0","0x40003080","0x0"
"06:18:30.724927","184","107","4596","3908","1073744576","0x0","0","1","4198404","0","0x40002f80","0x0"
"06:18:30.741949","184","107","4596","3908","1073744576","0x0","0","1","4198404","0","0x40003000","0x0"
"06:18:30.758595","184","107","4596","3908","1073744576","0x0","0","1","4198404","0","0x40003080","0x0"
"06:18:30.795207","184","107","4596","3908","1073744576","0x0","0","1","4198404","0","0x40002f80","0x0"
"06:18:30.843301","184","107","4596","3908","1073744576","0x0","0","1","4198404","0","0x40003000","0x0"
"06:18:30.892771","184","107","4596","3908","1073744576","0x0","0","1","4198404","0","0x40003080","0x0"
"06:18:30.908506","184","107","4596","3908","1073744576","0x0","0","1","4198404","0","0x40002f80","0x0"
"06:18:30.925261","184","107","4596","3908","1073744576","0x0","0","1","4198404","0","0x40003000","0x0"
"06:18:30.942137","184","107","4596","3908","1073744576","0x0","0","1","4198404","0","0x40003080","0x0"
"06:18:30.959776","184","107","4596","3908","1073744576","0x0","0","1","4198404","0","0x40002f80","0x0"
"06:18:30.975577","184","107","4596","3908","1073744576","0x0","0","1","4198404","0","0x40003000","0x0"
"06:18:30.991959","184","107","4596","3908","1073744576","0x0","0","1","4198404","0","0x40003080","0x0"
"06:18:31.009103","184","107","4596","3908","1073744576","0x0","0","1","4198404","0","0x40002f80","0x0"
"06:18:31.025861","184","107","4596","3908","1073744576","0x0","0","1","4198404","0","0x40003000","0x0"
"06:18:31.042177","184","107","4596","3908","1073744576","0x0","0","1","4198404","0","0x40003080","0x0"
"06:18:31.059065","184","107","4596","3908","1073744576","0x0","0","1","4198404","0","0x40002f80","0x0"
"06:18:31.075650","184","107","4596","3908","1073744576","0x0","0","1","4198404","0","0x40003000","0x0"
"06:18:31.092481","184","107","4596","3908","1073744576","0x0","0","1","4198404","0","0x40003080","0x0"
"06:18:31.108772","184","107","4596","3908","1073744576","0x0","0","1","4198404","0","0x40002f80","0x0"
"06:18:31.126407","184","107","4596","3908","1073744576","0x0","0","1","4198404","0","0x40003000","0x0"
"06:18:31.142519","184","107","4596","3908","1073744576","0x0","0","1","4198404","0","0x40003080","0x0"
"06:18:31.159344","184","107","4596","3908","1073744576","0x0","0","1","4198404","0","0x40002f80","0x0"
"06:18:31.175931","184","107","4596","3908","1073744576","0x0","0","1","4198404","0","0x40003000","0x0"
"06:18:31.192449","184","107","4596","3908","1073744576","0x0","0","1","4198404","0","0x40003080","0x0"
"06:18:31.209035","184","107","4596","3908","1073744576","0x0","0","1","4198404","0","0x40002f80","0x0"
"06:18:31.225916","184","107","4596","3908","1073744576","0x0","0","1","4198404","0","0x40003000","0x0"
"06:18:31.242793","184","107","4596","3908","1073744576","0x0","0","1","4198404","0","0x40003080","0x0"
"06:18:31.258822","184","107","4596","3908","1073744576","0x0","0","1","4198404","0","0x40002f80","0x0"
"06:18:31.275869","184","107","4596","3908","1073744576","0x0","0","1","4198404","0","0x40003000","0x0"
"06:18:31.292616","184","107","4596","3908","1073744576","0x0","0","1","4198404","0","0x40003080","0x0"
"06:18:31.308949","184","107","4596","3908","1073744576","0x0","0","1","4198404","0","0x40002f80","0x0"
"06:18:31.326071","184","107","4596","3908","1073744576","0x0","0","1","4198404","0","0x40003000","0x0"
"06:18:31.342191","184","107","4596","3908","1073744576","0x0","0","1","4198404","0","0x40003080","0x0"
"06:18:31.359089","184","107","4596","3908","1073744576","0x0","0","1","4198404","0","0x40002f80","0x0"
"06:18:31.375980","184","107","4596","3908","1073744576","0x0","0","1","4198404","0","0x40003000","0x0"
"06:18:31.392265","184","107","4596","3908","1073744576","0x0","0","1","4198404","0","0x40003080","0x0"
"06:18:31.408982","184","107","4596","3908","1073744576","0x0","0","1","4198404","0","0x40002f80","0x0"
"06:18:31.425987","184","107","4596","3908","1073744576","0x0","0","1","4198404","0","0x40003000","0x0"
"06:18:31.442305","184","107","4596","3908","1073744576","0x0","0","1","4198404","0","0x40003080","0x0"
"06:18:31.459578","184","107","4596","3908","1073744576","0x0","0","1","4198404","0","0x40002f80","0x0"
"06:18:31.476078","184","107","4596","3908","1073744576","0x0","0","1","4198404","0","0x40003000","0x0"
"06:18:31.492497","184","107","4596","3908","1073744576","0x0","0","1","4198404","0","0x40003080","0x0"
"06:18:31.509448","184","107","4596","3908","1073744576","0x0","0","1","4198404","0","0x40002f80","0x0"
"06:18:31.526143","184","107","4596","3908","1073744576","0x0","0","1","4198404","0","0x40003000","0x0"
"06:18:31.542736","184","107","4596","3908","1073744576","0x0","0","1","4198404","0","0x40003080","0x0"
"06:18:31.559669","184","107","4596","3908","1073744576","0x0","0","1","4198404","0","0x40002f80","0x0"
"06:18:31.575850","184","107","4596","3908","1073744576","0x0","0","1","4198404","0","0x40003000","0x0"
"06:18:31.592881","184","107","4596","3908","1073744576","0x0","0","1","4198404","0","0x40003080","0x0"
"06:18:31.609515","184","107","4596","3908","1073744576","0x0","0","1","4198404","0","0x40002f80","0x0"
"06:18:31.625893","184","107","4596","3908","1073744576","0x0","0","1","4198404","0","0x40003000","0x0"
"06:18:31.642664","184","107","4596","3908","1073744576","0x0","0","1","4198404","0","0x40003080","0x0"
"06:18:31.660076","184","107","4596","3908","1073744576","0x0","0","1","4198404","0","0x40002f80","0x0"
"06:18:31.676297","184","107","4596","3908","1073744576","0x0","0","1","4198404","0","0x40003000","0x0"
"06:18:31.692939","184","107","4596","3908","1073744576","0x0","0","1","4198404","0","0x40003080","0x0"
"06:18:31.709680","184","107","4596","3908","1073744576","0x0","0","1","4198404","0","0x40002f80","0x0"
"06:18:31.725949","184","107","4596","3908","1073744576","0x0","0","1","4198404","0","0x40003000","0x0"
"06:18:31.742903","184","107","4596","3908","1073744576","0x0","0","1","4198404","0","0x40003080","0x0"
"06:18:31.759782","184","107","4596","3908","1073744576","0x0","0","1","4198404","0","0x40002f80","0x0"
"06:18:31.775949","184","107","4596","3908","1073744576","0x0","0","1","4198404","0","0x40003000","0x0"
"06:18:31.813157","184","107","4596","3908","1073744576","0x0","0","1","4198404","0","0x40003080","0x0"
"06:18:31.858781","184","107","4596","3908","1073744576","0x0","0","1","4198404","0","0x40002f80","0x0"
"06:18:31.909015","184","107","4596","3908","1073744576","0x0","0","1","4198404","0","0x40003000","0x0"
"06:18:31.926685","184","107","4596","3908","1073744576","0x0","0","1","4198404","0","0x40003080","0x0"
"06:18:31.943064","184","107","4596","3908","1073744576","0x0","0","1","4198404","0","0x40002f80","0x0"
"06:18:31.960002","184","107","4596","3908","1073744576","0x0","0","1","4198404","0","0x40003000","0x0"
"06:18:31.976678","184","107","4596","3908","1073744576","0x0","0","1","4198404","0","0x40003080","0x0"
"06:18:31.992949","184","107","4596","3908","1073744576","0x0","0","1","4198404","0","0x40002f80","0x0"
"06:18:32.009843","184","107","4596","3908","1073744576","0x0","0","1","4198404","0","0x40003000","0x0"
"06:18:32.026880","184","107","4596","3908","1073744576","0x0","0","1","4198404","0","0x40003080","0x0"
"06:18:32.042829","184","107","4596","3908","1073744576","0x0","0","1","4198404","0","0x40002f80","0x0"
"06:18:32.059697","184","107","4596","3908","1073744576","0x0","0","1","4198404","0","0x40003000","0x0"
"06:18:32.076604","184","107","4596","3908","1073744576","0x0","0","1","4198404","0","0x40003080","0x0"
"06:18:32.093055","184","107","4596","3908","1073744576","0x0","0","1","4198404","0","0x40002f80","0x0"
"06:18:32.110081","184","107","4596","3908","1073744576","0x0","0","1","4198404","0","0x40003000","0x0"
"06:18:32.126600","184","107","4596","3908","1073744576","0x0","0","1","4198404","0","0x40003080","0x0"
"06:18:32.142984","184","107","4596","3908","1073744576","0x0","0","1","4198404","0","0x40002f80","0x0"
"06:18:32.159903","184","107","4596","3908","1073744576","0x0","0","1","4198404","0","0x40003000","0x0"
"06:18:32.176832","184","107","4596","3908","1073744576","0x0","0","1","4198404","0","0x40003080","0x0"
"06:18:32.192966","184","107","4596","3908","1073744576","0x0","0","1","4198404","0","0x40002f80","0x0"
"06:18:32.210132","184","107","4596","3908","1073744576","0x0","0","1","4198404","0","0x40003000","0x0"
"06:18:32.227030","184","107","4596","3908","1073744576","0x0","0","1","4198404","0","0x40003080","0x0"
"06:18:32.243040","184","107","4596","3908","1073744576","0x0","0","1","4198404","0","0x40002f80","0x0"
"06:18:32.259996","184","107","4596","3908","1073744576","0x0","0","1","4198404","0","0x40003000","0x0"
"06:18:32.277123","184","107","4596","3908","1073744576","0x0","0","1","4198404","0","0x40003080","0x0"
"06:18:32.293438","184","107","4596","3908","1073744576","0x0","0","1","4198404","0","0x40002f80","0x0"
"06:18:32.309745","184","107","4596","3908","1073744576","0x0","0","1","4198404","0","0x40003000","0x0"
"06:18:32.326737","184","107","4596","3908","1073744576","0x0","0","1","4198404","0","0x40003080","0x0"
"06:18:32.343131","184","107","4596","3908","1073744576","0x0","0","1","4198404","0","0x40002f80","0x0"
"06:18:32.359810","184","107","4596","3908","1073744576","0x0","0","1","4198404","0","0x40003000","0x0"
"06:18:32.377010","184","107","4596","3908","1073744576","0x0","0","1","4198404","0","0x40003080","0x0"
"06:18:32.393655","184","107","4596","3908","1073744576","0x0","0","1","4198404","0","0x40002f80","0x0"
"06:18:32.409906","184","107","4596","3908","1073744576","0x0","0","1","4198404","0","0x40003000","0x0"
"06:18:32.426758","184","107","4596","3908","1073744576","0x0","0","1","4198404","0","0x40003080","0x0"
"06:18:32.443405","184","107","4596","3908","1073744576","0x0","0","1","4198404","0","0x40002f80","0x0"
"06:18:32.459746","184","107","4596","3908","1073744576","0x0","0","1","4198404","0","0x40003000","0x0"
"06:18:32.477039","184","107","4596","3908","1073744576","0x0","0","1","4198404","0","0x40003080","0x0"
"06:18:32.493921","184","107","4596","3908","1073744576","0x0","0","1","4198404","0","0x40002f80","0x0"
"06:18:32.510249","184","107","4596","3908","1073744576","0x0","0","1","4198404","0","0x40003000","0x0"
"06:18:32.526917","184","107","4596","3908","1073744576","0x0","0","1","4198404","0","0x40003080","0x0"
"06:18:32.543484","184","107","4596","3908","1073744576","0x0","0","1","4198404","0","0x40002f80","0x0"
"06:18:32.560096","184","107","4596","3908","1073744576","0x0","0","1","4198404","0","0x40003000","0x0"
"06:18:32.577309","184","107","4596","3908","1073744576","0x0","0","1","4198404","0","0x40003080","0x0"
"06:18:32.593429","184","107","4596","3908","1073744576","0x0","0","1","4198404","0","0x40002f80","0x0"
"06:18:32.610060","184","107","4596","3908","1073744576","0x0","0","1","4198404","0","0x40003000","0x0"
"06:18:32.626847","184","107","4596","3908","1073744576","0x0","0","1","4198404","0","0x40003080","0x0"
"06:18:32.643758","184","107","4596","3908","1073744576","0x0","0","1","4198404","0","0x40002f80","0x0"
"06:18:32.660362","184","107","4596","3908","1073744576","0x0","0","1","4198404","0","0x40003000","0x0"
"06:18:32.677126","184","107","4596","3908","1073744576","0x0","0","1","4198404","0","0x40003080","0x0"
"06:18:32.693898","184","107","4596","3908","1073744576","0x0","0","1","4198404","0","0x40002f80","0x0"
"06:18:32.710956","184","107","4596","3908","1073744576","0x0","0","1","4198404","0","0x40003000","0x0"
"06:18:32.727419","184","107","4596","3908","1073744576","0x0","0","1","4198404","0","0x40003080","0x0"
"06:18:32.744342","184","107","4596","3908","1073744576","0x0","0","1","4198404","0","0x40002f80","0x0"
"06:18:32.761276","184","107","4596","3908","1073744576","0x0","0","1","4198404","0","0x40003000","0x0"
"06:18:32.777194","184","107","4596","3908","1073744576","0x0","0","1","4198404","0","0x40003080","0x0"
"06:18:32.793936","184","107","4596","3908","1073744576","0x0","0","1","4198404","0","0x40002f80","0x0"
"06:18:32.810728","184","107","4596","3908","1073744576","0x0","0","1","4198404","0","0x40003000","0x0"
"06:18:32.827267","184","107","4596","3908","1073744576","0x0","0","1","4198404","0","0x40003080","0x0"
"06:18:32.844123","184","107","4596","3908","1073744576","0x0","0","1","4198404","0","0x40002f80","0x0"
"06:18:32.861124","184","107","4596","3908","1073744576","0x0","0","1","4198404","0","0x40003000","0x0"
"06:18:32.877440","184","107","4596","3908","1073744576","0x0","0","1","4198404","0","0x40003080","0x0"
"06:18:32.894149","184","107","4596","3908","1073744576","0x0","0","1","4198404","0","0x40002f80","0x0"
"06:18:32.910444","184","107","4596","3908","1073744576","0x0","0","1","4198404","0","0x40003000","0x0"
"06:18:32.926784","184","107","4596","3908","1073744576","0x0","0","1","4198404","0","0x40003080","0x0"
"06:18:32.943491","184","107","4596","3908","1073744576","0x0","0","1","4198404","0","0x40002f80","0x0"
"06:18:32.960696","184","107","4596","3908","1073744576","0x0","0","1","4198404","0","0x40003000","0x0"
"06:18:32.977050","184","107","4596","3908","1073744576","0x0","0","1","4198404","0","0x40003080","0x0"
"06:18:32.993990","184","107","4596","3908","1073744576","0x0","0","1","4198404","0","0x40002f80","0x0"
"06:18:33.010579","184","107","4596","3908","1073744576","0x0","0","1","4198404","0","0x40003000","0x0"
"06:18:33.027233","184","107","4596","3908","1073744576","0x0","0","1","4198404","0","0x40003080","0x0"
"06:18:33.043714","184","107","4596","3908","1073744576","0x0","0","1","4198404","0","0x40002f80","0x0"
"06:18:33.061007","184","107","4596","3908","1073744576","0x0","0","1","4198404","0","0x40003000","0x0"
"06:18:33.077835","184","107","4596","3908","1073744576","0x0","0","1","4198404","0","0x40003080","0x0"
"06:18:33.094208","184","107","4596","3908","1073744576","0x0","0","1","4198404","0","0x40002f80","0x0"
"06:18:33.110839","184","107","4596","3908","1073744576","0x0","0","1","4198404","0","0x40003000","0x0"
"06:18:33.127715","184","107","4596","3908","1073744576","0x0","0","1","4198404","0","0x40003080","0x0"
"06:18:33.144586","184","107","4596","3908","1073744576","0x0","0","1","4198404","0","0x40002f80","0x0"
"06:18:33.161591","184","107","4596","3908","1073744576","0x0","0","1","4198404","0","0x40003000","0x0"
"06:18:33.178035","184","107","4596","3908","1073744576","0x0","0","1","4198404","0","0x40003080","0x0"
"06:18:33.194152","184","107","4596","3908","1073744576","0x0","0","1","4198404","0","0x40002f80","0x0"
"06:18:33.210759","184","107","4596","3908","1073744576","0x0","0","1","4198404","0","0x40003000","0x0"
"06:18:33.227901","184","107","4596","3908","1073744576","0x0","0","1","4198404","0","0x40003080","0x0"
"06:18:33.244392","184","107","4596","3908","1073744576","0x0","0","1","4198404","0","0x40002f80","0x0"
"06:18:33.260797","184","107","4596","3908","1073744576","0x0","0","1","4198404","0","0x40003000","0x0"
"06:18:33.296748","184","107","4596","3908","1073744576","0x0","0","1","4198404","0","0x40003080","0x0"
"06:18:33.344151","184","107","4596","3908","1073744576","0x0","0","1","4198404","0","0x40002f80","0x0"
"06:18:33.393583","184","107","4596","3908","1073744576","0x0","0","1","4198404","0","0x40003000","0x0"
"06:18:33.410816","184","107","4596","3908","1073744576","0x0","0","1","4198404","0","0x40003080","0x0"
"06:18:33.428037","184","107","4596","3908","1073744576","0x0","0","1","4198404","0","0x40002f80","0x0"
"06:18:33.444483","184","107","4596","3908","1073744576","0x0","0","1","4198404","0","0x40003000","0x0"
"06:18:33.461282","184","107","4596","3908","1073744576","0x0","0","1","4198404","0","0x40003080","0x0"
"06:18:33.477743","184","107","4596","3908","1073744576","0x0","0","1","4198404","0","0x40002f80","0x0"
"06:18:33.494074","184","107","4596","3908","1073744576","0x0","0","1","4198404","0","0x40003000","0x0"
"06:18:33.511226","184","107","4596","3908","1073744576","0x0","0","1","4198404","0","0x40003080","0x0"
"06:18:33.528254","184","107","4596","3908","1073744576","0x0","0","1","4198404","0","0x40002f80","0x0"
"06:18:33.545119","184","107","4596","3908","1073744576","0x0","0","1","4198404","0","0x40003000","0x0"
"06:18:33.560896","184","107","4596","3908","1073744576","0x0","0","1","4198404","0","0x40003080","0x0"
"06:18:33.577799","184","107","4596","3908","1073744576","0x0","0","1","4198404","0","0x40002f80","0x0"
"06:18:33.594208","184","107","4596","3908","1073744576","0x0","0","1","4198404","0","0x40003000","0x0"
"06:18:33.611431","184","107","4596","3908","1073744576","0x0","0","1","4198404","0","0x40003080","0x0"
"06:18:33.628136","184","107","4596","3908","1073744576","0x0","0","1","4198404","0","0x40002f80","0x0"
"06:18:33.645081","184","107","4596","3908","1073744576","0x0","0","1","4198404","0","0x40003000","0x0"
"06:18:33.661500","184","107","4596","3908","1073744576","0x0","0","1","4198404","0","0x40003080","0x0"
"06:18:33.678140","184","107","4596","3908","1073744576","0x0","0","1","4198404","0","0x40002f80","0x0"
"06:18:33.694642","184","107","4596","3908","1073744576","0x0","0","1","4198404","0","0x40003000","0x0"
"06:18:33.711260","184","107","4596","3908","1073744576","0x0","0","1","4198404","0","0x40003080","0x0"
"06:18:33.728298","184","107","4596","3908","1073744576","0x0","0","1","4198404","0","0x40002f80","0x0"
"06:18:33.745270","184","107","4596","3908","1073744576","0x0","0","1","4198404","0","0x40003000","0x0"
"06:18:33.761788","184","107","4596","3908","1073744576","0x0","0","1","4198404","0","0x40003080","0x0"
"06:18:33.796973","184","107","4596","3908","1073744576","0x0","0","1","4198404","0","0x40002f80","0x0"
"06:18:33.843709","184","107","4596","3908","1073744576","0x0","0","1","4198404","0","0x40003000","0x0"
"06:18:33.893569","184","107","4596","3908","1073744576","0x0","0","1","4198404","0","0x40003080","0x0"
"06:18:33.911064","184","107","4596","3908","1073744576","0x0","0","1","4198404","0","0x40002f80","0x0"
"06:18:33.928309","184","107","4596","3908","1073744576","0x0","0","1","4198404","0","0x40003000","0x0"
"06:18:33.945356","184","107","4596","3908","1073744576","0x0","0","1","4198404","0","0x40003080","0x0"
"06:18:33.961798","184","107","4596","3908","1073744576","0x0","0","1","4198404","0","0x40002f80","0x0"
"06:18:33.978151","184","107","4596","3908","1073744576","0x0","0","1","4198404","0","0x40003000","0x0"
"06:18:33.994764","184","107","4596","3908","1073744576","0x0","0","1","4198404","0","0x40003080","0x0"
"06:18:34.011997","184","107","4596","3908","1073744576","0x0","0","1","4198404","0","0x40002f80","0x0"
"06:18:34.028492","184","107","4596","3908","1073744576","0x0","0","1","4198404","0","0x40003000","0x0"
"06:18:34.045118","184","107","4596","3908","1073744576","0x0","0","1","4198404","0","0x40003080","0x0"
"06:18:34.062224","184","107","4596","3908","1073744576","0x0","0","1","4198404","0","0x40002f80","0x0"
"06:18:34.078316","184","107","4596","3908","1073744576","0x0","0","1","4198404","0","0x40003000","0x0"
"06:18:34.095045","184","107","4596","3908","1073744576","0x0","0","1","4198404","0","0x40003080","0x0"
"06:18:34.112094","184","107","4596","3908","1073744576","0x0","0","1","4198404","0","0x40002f80","0x0"
"06:18:34.128390","184","107","4596","3908","1073744576","0x0","0","1","4198404","0","0x40003000","0x0"
"06:18:34.145291","184","107","4596","3908","1073744576","0x0","0","1","4198404","0","0x40003080","0x0"
"06:18:34.161714","184","107","4596","3908","1073744576","0x0","0","1","4198404","0","0x40002f80","0x0"
"06:18:34.178137","184","107","4596","3908","1073744576","0x0","0","1","4198404","0","0x40003000","0x0"
"06:18:34.195048","184","107","4596","3908","1073744576","0x0","0","1","4198404","0","0x40003080","0x0"
"06:18:34.212304","184","107","4596","3908","1073744576","0x0","0","1","4198404","0","0x40002f80","0x0"
"06:18:34.228681","184","107","4596","3908","1073744576","0x0","0","1","4198404","0","0x40003000","0x0"
"06:18:34.245540","184","107","4596","3908","1073744576","0x0","0","1","4198404","0","0x40003080","0x0"
"06:18:34.262132","184","107","4596","3908","1073744576","0x0","0","1","4198404","0","0x40002f80","0x0"
"06:18:34.297388","184","107","4596","3908","1073744576","0x0","0","1","4198404","0","0x40003000","0x0"
"06:18:34.344396","184","107","4596","3908","1073744576","0x0","0","1","4198404","0","0x40003080","0x0"
"06:18:34.394789","184","107","4596","3908","1073744576","0x0","0","1","4198404","0","0x40002f80","0x0"
"06:18:34.411541","184","107","4596","3908","1073744576","0x0","0","1","4198404","0","0x40003000","0x0"
"06:18:34.428471","184","107","4596","3908","1073744576","0x0","0","1","4198404","0","0x40003080","0x0"
"06:18:34.445309","184","107","4596","3908","1073744576","0x0","0","1","4198404","0","0x40002f80","0x0"
"06:18:34.462317","184","107","4596","3908","1073744576","0x0","0","1","4198404","0","0x40003000","0x0"
"06:18:34.478771","184","107","4596","3908","1073744576","0x0","0","1","4198404","0","0x40003080","0x0"
"06:18:34.495092","184","107","4596","3908","1073744576","0x0","0","1","4198404","0","0x40002f80","0x0"
"06:18:34.511878","184","107","4596","3908","1073744576","0x0","0","1","4198404","0","0x40003000","0x0"
"06:18:34.529349","184","107","4596","3908","1073744576","0x0","0","1","4198404","0","0x40003080","0x0"
"06:18:34.545209","184","107","4596","3908","1073744576","0x0","0","1","4198404","0","0x40002f80","0x0"
"06:18:34.562269","184","107","4596","3908","1073744576","0x0","0","1","4198404","0","0x40003000","0x0"
"06:18:34.579041","184","107","4596","3908","1073744576","0x0","0","1","4198404","0","0x40003080","0x0"
"06:18:34.595193","184","107","4596","3908","1073744576","0x0","0","1","4198404","0","0x40002f80","0x0"
"06:18:34.612305","184","107","4596","3908","1073744576","0x0","0","1","4198404","0","0x40003000","0x0"
"06:18:34.629190","184","107","4596","3908","1073744576","0x0","0","1","4198404","0","0x40003080","0x0"
"06:18:34.645602","184","107","4596","3908","1073744576","0x0","0","1","4198404","0","0x40002f80","0x0"
"06:18:34.661918","184","107","4596","3908","1073744576","0x0","0","1","4198404","0","0x40003000","0x0"
"06:18:34.678951","184","107","4596","3908","1073744576","0x0","0","1","4198404","0","0x40003080","0x0"
"06:18:34.695636","184","107","4596","3908","1073744576","0x0","0","1","4198404","0","0x40002f80","0x0"
"06:18:34.712591","184","107","4596","3908","1073744576","0x0","0","1","4198404","0","0x40003000","0x0"
"06:18:34.729341","184","107","4596","3908","1073744576","0x0","0","1","4198404","0","0x40003080","0x0"
"06:18:34.745649","184","107","4596","3908","1073744576","0x0","0","1","4198404","0","0x40002f80","0x0"
"06:18:34.762500","184","107","4596","3908","1073744576","0x0","0","1","4198404","0","0x40003000","0x0"
"06:18:34.779132","184","107","4596","3908","1073744576","0x0","0","1","4198404","0","0x40003080","0x0"
"06:18:34.795369","184","107","4596","3908","1073744576","0x0","0","1","4198404","0","0x40002f80","0x0"
"06:18:34.812303","184","107","4596","3908","1073744576","0x0","0","1","4198404","0","0x40003000","0x0"
"06:18:34.827520","184","107","4596","13100","1073742528","0x0","0","0","32768","0","0x40000540","0x0"
"06:18:34.836439","184","107","4964","4028","1073742656","0x0","0","0","32768","0","0x40000440","0x0"
"06:18:34.840640","184","107","4964","4028","1073742656","0x0","0","0","32768","0","0x40000440","0x0"
"06:18:34.871962","184","107","4596","3908","1073744576","0x0","0","1","4198404","0","0x40003080","0x0"
"06:18:35.018187","184","107","4596","3908","1073744576","0x0","0","1","4198404","0","0x40002f80","0x0"
"06:18:35.078962","184","107","4596","3908","1073744576","0x0","0","1","4198404","0","0x40003000","0x0"
"06:18:35.092242","184","107","4964","4028","1073742656","0x0","0","0","32768","0","0x40000440","0x0"
"06:18:35.123895","184","107","4596","3908","1073744576","0x0","0","1","4198404","0","0x40003080","0x0"
"06:18:35.177454","184","107","4596","3908","1073744576","0x0","0","1","4198404","0","0x40002f80","0x0"
"06:18:35.226440","184","107","4596","3908","1073744576","0x0","0","1","4198404","0","0x40003000","0x0"
"06:18:35.277318","184","107","4596","3908","1073744576","0x0","0","1","4198404","0","0x40003080","0x0"
"06:18:35.324138","184","107","4596","3908","1073744576","0x0","0","1","4198404","0","0x40002f80","0x0"
"06:18:35.394935","184","107","4596","3908","1073744576","0x0","0","1","4198404","0","0x40003000","0x0"
"06:18:35.461738","184","107","4596","3908","1073744576","0x0","0","1","4198404","0","0x40003080","0x0"
"06:18:35.477303","184","107","4596","3908","1073744576","0x0","0","1","4198404","0","0x40002f80","0x0"
"06:18:35.788823","184","107","4596","3908","1073744576","0x0","0","1","4198404","0","0x40003000","0x0"
"06:18:37.289534","184","107","4596","3908","1073744576","0x0","0","1","4198404","0","0x40003080","0x0"
"06:18:37.785762","184","107","4596","3908","1073744576","0x0","0","1","4198404","0","0x40002f80","0x0"
"06:18:38.784558","184","107","4596","3908","1073744576","0x0","0","1","4198404","0","0x40003000","0x0"
"06:18:39.285961","184","107","4596","3908","1073744576","0x0","0","1","4198404","0","0x40003080","0x0"
"06:18:39.787252","184","107","4596","3908","1073744576","0x0","0","1","4198404","0","0x40002f80","0x0"
"06:18:40.792190","184","107","4596","3908","1073744576","0x0","0","1","4198404","0","0x40003000","0x0"
"06:18:41.785317","184","107","4596","3908","1073744576","0x0","0","1","4198404","0","0x40003080","0x0"
