BEGIN registry utc=2026-09-23T17:45:10.7007619Z


EnableFullWddm    : 0
LastStage         : 90
StageHistory      : 10 20 30 90 
UnconfirmedStarts : 2
KeepLog           : 1



END registry utc=2026-09-23T17:45:10.8709080Z
BEGIN persisted_startup_logs utc=2026-09-23T17:45:10.8709080Z
BEGIN ring-20260923-152514-002.log utc=2026-09-23T17:45:10.9649886Z
FILE ring-20260923-152514-002.log bytes=85948 modified=2026-09-23T15:25:14.0060428Z
bc250kmd 0x00070064 log snapshot: 427829 lines, 426805 lost to the wrap, 0 dropped above DISPATCH_LEVEL
     0      0.008 stage 10
     1      0.008 gate: EnableFullWddm 1 (one shot: closed again on disk)
     2      0.008 stage 20
     3      0.078 stage 30
     4      0.080 stage 31
     5      0.080 stage 32
     6      0.080 post display 1920x1200 pitch 7680 format 22 target 2424833
     7      0.080 stage 33
     8      0.082 stage 34
     9      0.082 interrupt resource 1: message, vector 0x80, flags 0x3
    10      0.082 mmio: BAR5 at 0xFE800000 mapped, writes off, dcn writes off, vidpn flip off
    11      0.082 vram: 0x270000000 + 0x200000000, MC 0xF400000000, BAR0 0xC0000000 + 0x10000000, writes allowed
    12      0.082 fb sample mapped: phys 0xC0000000 first 0x00000000 mid 0x00000000
    13      0.082 fb sample physical: 0x270000000 first 0x00000000 mid 0x00000000
    14      0.082 gart: ready, dummy page at 0x26FFFA000
    15      0.082 psp: ready
    16      0.082 gpumem: ready, doorbells at 0xD0000000
    17      0.082 gfx: ready, GPU submission allowed, paging node allowed
    18      0.082 ih: ready
    19      0.084 vidmm: logical paging state 515 tables, 1031 slots, 4767344 bytes reserved
    20      0.084 vidmm: table segment 3 at physical 0x45E150000 + 0xFEB0000, host memory below 0x270000000, updates are WRITTEN
    21      0.084 startup: entering interrupt connection
    22      0.086 startup: entering firmware preparation
    23      0.090 startup: entering GART initialization
    24      0.102 gart: op 1 -> 0x00000000 (-), result 0, 285 writes, fault offset 0x00000
    25      0.102 startup: entering PSP initialization
    26      0.172 amdgpu[0]: reserve 0x400000 from 0xf5ff800000 for PSP TMR

    27      0.172 psp: command 1 (id 5, type 0, 4194304 bytes): rc 0, status 0x0, 262 us, in TMR at 0x0
    28      0.174 psp: command 2 (id 6, type 9, 33536 bytes): rc 0, status 0x0, 1956 us, in TMR at 0x0
    29      0.176 psp: command 3 (id 6, type 10, 33536 bytes): rc 0, status 0x0, 1935 us, in TMR at 0x0
    30      0.182 psp: command 4 (id 6, type 3, 263040 bytes): rc 0, status 0x0, 5883 us, in TMR at 0xF5FF842000
    31      0.188 psp: command 5 (id 6, type 2, 263168 bytes): rc 0, status 0x0, 5917 us, in TMR at 0xF5FF883000
    32      0.192 psp: command 6 (id 6, type 1, 263168 bytes): rc 0, status 0x0, 5904 us, in TMR at 0xF5FF8C4000
    33      0.198 psp: command 7 (id 6, type 4, 267440 bytes): rc 0, status 0x0, 5954 us, in TMR at 0xF5FF800000
    34      0.200 psp: command 8 (id 6, type 5, 896 bytes): rc 0, status 0x0, 130 us, in TMR at 0x0
    35      0.204 psp: command 9 (id 6, type 4, 267440 bytes): rc 0, status 0x0, 5954 us, in TMR at 0xF5FF800000
    36      0.206 psp: command 10 (id 6, type 6, 896 bytes): rc 0, status 0x0, 130 us, in TMR at 0x0
    37      0.206 psp: command 11 (id 6, type 8, 25088 bytes): rc 0, status 0x0, 1736 us, in TMR at 0x0
    38      0.206 psp: op 1 -> 0x00000000, result 0, 15 writes, 11 of 11 commands
    39      0.206 startup: entering IH initialization
    40      0.208 ih: init: rc 0, 20 writes
    41      0.208 ih: op 1 -> 0x00000000, result 0, 21 writes; 0 interrupt routine calls, 0 ours, 0 DPCs, 0 vectors; status idle 1 input_idle 1 bif_interrupt_line 0
    42      0.208 startup: entering GFX initialization
    43      0.210 startup: entering GFX stage 1
    44      0.214 gfx: stage 1 (doorbell aperture): rc 0, 73 writes so far, 1 us
    45      0.214 gfx: op 1 to stage 1 -> 0x00000000, result 0, 73 writes, 0 doorbells
    46      0.216 startup: entering GFX stage 2
    47      0.216 gfx: stage 2 (golden registers): rc 0, 34 writes so far, 25 us
    48      0.216 gfx: op 1 to stage 2 -> 0x00000000, result 0, 34 writes, 0 doorbells
    49      0.218 startup: entering GFX stage 3
    50      0.220 gfx: stage 3 (GRBM CAM probe): rc 0, 3 writes so far, 3 us
    51      0.220 gfx: op 1 to stage 3 -> 0x00000000, result 0, 3 writes, 0 doorbells
    52      0.220 startup: entering GFX stage 4
    53      0.222 gfx: stage 4 (constants): rc 0, 157 writes so far, 61 us
    54      0.222 gfx: op 1 to stage 4 -> 0x00000000, result 0, 157 writes, 0 doorbells
    55      0.222 startup: entering GFX stage 5
    56      0.224 gfx: stage 5 (RLC): rc 0, 8 writes so far, 133 us
    57      0.224 gfx: op 1 to stage 5 -> 0x00000000, result 0, 8 writes, 0 doorbells
    58      0.226 startup: entering GFX stage 6
    59      0.226 startup: entering CP step 1
    60      0.228 amdgpu[0]: CP resume kiq-init begin

    61      0.228 amdgpu[0]: CP resume kiq-init end result=0

    62      0.228 gfx: CP step 1: rc 0, 27 writes, 40 us
    63      0.228 gfx: op 1 to stage 6 -> 0x00000000, result 0, 27 writes, 0 doorbells
    64      0.228 startup: CP step 1 returned 0x00000000 result 0
    65      0.230 startup: entering CP step 2
    66      0.230 amdgpu[0]: CP resume compute-unhalt begin

    67      0.230 amdgpu[0]: CP resume compute-unhalt end

    68      0.230 amdgpu[0]: CP resume kcq-init ring=0 begin

    69      0.230 amdgpu[0]: CP resume kcq-init ring=0 end result=0

    70      0.230 amdgpu[0]: CP resume kcq-init ring=1 begin

    71      0.230 amdgpu[0]: CP resume kcq-init ring=1 end result=0

    72      0.230 amdgpu[0]: CP resume kcq-init ring=2 begin

    73      0.230 amdgpu[0]: CP resume kcq-init ring=2 end result=0

    74      0.230 amdgpu[0]: CP resume kcq-init ring=3 begin

    75      0.230 amdgpu[0]: CP resume kcq-init ring=3 end result=0

    76      0.230 amdgpu[0]: CP resume kcq-init ring=4 begin

    77      0.230 amdgpu[0]: CP resume kcq-init ring=4 end result=0

    78      0.230 amdgpu[0]: CP resume kcq-init ring=5 begin

    79      0.230 amdgpu[0]: CP resume kcq-init ring=5 end result=0

    80      0.230 amdgpu[0]: CP resume kcq-init ring=6 begin

    81      0.230 amdgpu[0]: CP resume kcq-init ring=6 end result=0

    82      0.230 amdgpu[0]: CP resume kcq-init ring=7 begin

    83      0.230 amdgpu[0]: CP resume kcq-init ring=7 end result=0

    84      0.230 gfx: CP step 2: rc 0, 17 writes, 236 us
    85      0.230 gfx: op 1 to stage 6 -> 0x00000000, result 0, 17 writes, 0 doorbells
    86      0.230 startup: CP step 2 returned 0x00000000 result 0
    87      0.232 startup: entering CP step 3
    88      0.234 amdgpu[0]: CP resume kcq-enable begin

    89      0.234 amdgpu[0]: CP resume kcq-enable end result=0

    90      0.234 gfx: CP step 3: rc 0, 1 writes, 50 us
    91      0.234 gfx: op 1 to stage 6 -> 0x00000000, result 0, 1 writes, 2 doorbells
    92      0.234 startup: CP step 3 returned 0x00000000 result 0
    93      0.234 startup: entering CP step 4
    94      0.236 amdgpu[0]: CP resume kgq-init ring=0 begin

    95      0.236 amdgpu[0]: CP resume kgq-init ring=0 end result=0

    96      0.236 gfx: CP step 4: rc 0, 4 writes, 28 us
    97      0.236 gfx: op 1 to stage 6 -> 0x00000000, result 0, 4 writes, 0 doorbells
    98      0.236 startup: CP step 4 returned 0x00000000 result 0
    99      0.236 startup: entering CP step 5
   100      0.238 amdgpu[0]: CP resume kgq-enable begin

   101      0.238 amdgpu[0]: CP resume kgq-enable end result=0

   102      0.238 gfx: CP step 5: rc 0, 1 writes, 22 us
   103      0.238 gfx: op 1 to stage 6 -> 0x00000000, result 0, 1 writes, 2 doorbells
   104      0.238 startup: CP step 5 returned 0x00000000 result 0
   105      0.240 startup: entering CP step 6
   106      0.240 amdgpu[0]: CP resume gfx-start begin

   107      0.240 amdgpu[0]: CP resume gfx-start end result=0

   108      0.240 gfx: CP step 6: rc 0, 3 writes, 25 us
   109      0.240 gfx: op 1 to stage 6 -> 0x00000000, result 0, 3 writes, 1 doorbells
   110      0.240 startup: CP step 6 returned 0x00000000 result 0
   111      0.242 startup: entering CP step 7
   112      0.244 amdgpu[0]: CP resume gfx-test ring=0 begin

   113      0.244 amdgpu[0]: CP resume gfx-test ring=0 end result=0

   114      0.244 gfx: CP step 7: rc 0, 1 writes, 14 us
   115      0.244 gfx: op 1 to stage 6 -> 0x00000000, result 0, 1 writes, 1 doorbells
   116      0.244 startup: CP step 7 returned 0x00000000 result 0
   117      0.244 startup: entering CP step 8
   118      0.246 amdgpu[0]: CP resume compute-test ring=0 begin

   119      0.246 amdgpu[0]: CP resume compute-test ring=0 end result=0

   120      0.246 amdgpu[0]: CP resume compute-test ring=1 begin

   121      0.246 amdgpu[0]: CP resume compute-test ring=1 end result=0

   122      0.246 amdgpu[0]: CP resume compute-test ring=2 begin

   123      0.246 amdgpu[0]: CP resume compute-test ring=2 end result=0

   124      0.246 amdgpu[0]: CP resume compute-test ring=3 begin

   125      0.246 amdgpu[0]: CP resume compute-test ring=3 end result=0

   126      0.246 amdgpu[0]: CP resume compute-test ring=4 begin

   127      0.246 amdgpu[0]: CP resume compute-test ring=4 end result=0

   128      0.246 amdgpu[0]: CP resume compute-test ring=5 begin

   129      0.246 amdgpu[0]: CP resume compute-test ring=5 end result=0

   130      0.246 amdgpu[0]: CP resume compute-test ring=6 begin

   131      0.246 amdgpu[0]: CP resume compute-test ring=6 end result=0

   132      0.246 amdgpu[0]: CP resume compute-test ring=7 begin

   133      0.246 amdgpu[0]: CP resume compute-test ring=7 end result=0

   134      0.246 gfx: CP step 8: rc 0, 8 writes, 69 us
   135      0.246 gfx: op 1 to stage 6 -> 0x00000000, result 0, 8 writes, 8 doorbells
   136      0.246 startup: CP step 8 returned 0x00000000 result 0
   137      0.248 startup: entering GFX stage 7
   138      0.250 gfx: stage 7 (SDMA): rc 0, 93 writes so far, 114 us
   139      0.250 gfx: op 1 to stage 7 -> 0x00000000, result 0, 93 writes, 2 doorbells
   140      0.252 startup: entering GFX stage 8
   141      0.252 gfx: stage 8 (interrupt sources): rc 0, 35 writes so far, 24 us
   142      0.252 gfx: paging node ready, SDMA0 doorbell 0x200, per-buffer private commands
   143      0.252 gfx: op 1 to stage 8 -> 0x00000000, result 0, 35 writes, 0 doorbells
   144      0.254 startup: both engines ready
   145      0.256 startup: attempted 0xF completed 0xF status 0x00000000 ready 1 unwind 0 quarantine 0
   146      0.256 wddm: GPU initialized before adapter admission
   147      0.256 wddm: callbacks sync 1 notify 1 queuedpc 1 notifydpc 1, interface 312 of 312 bytes
   148      0.256 stage 35
   149      0.256 stage 39
   150      0.256 wddm: display QueryChildRelations call 1 detail 0x38 -> 0x00000000
   151      0.256 wddm: DRIVERCAPS into 576 bytes: wddm 8192 sched 0x45 mm 0x60 flip 0x12 slots 0 tdr 1 dflip 1 rot 1
   152      0.256 wddm: QueryAdapterInfo type 1 in 0 out 576 -> 0x00000000
   153      0.256 wddm: QueryAdapterInfo type 15 in 4 out 20 -> 0xC00000BB
   154      0.256 wddm: QueryAdapterInfo type 47 in 0 out 4 -> 0xC00000BB
   155      0.256 wddm: QueryAdapterInfo type 13 in 4 out 24 -> 0x00000000
   156      0.256 wddm: QueryAdapterInfo type 14 in 4 out 20 -> 0x00000000
   157      0.256 wddm: QueryAdapterInfo type 14 in 4 out 20 -> 0x00000000
   158      0.256 wddm: QueryAdapterInfo type 14 in 4 out 20 -> 0x00000000
   159      0.256 wddm: QueryAdapterInfo type 14 in 4 out 20 -> 0x00000000
   160      0.256 wddm: GetNodeMetadata node 0 adapter 0
   161      0.256 wddm: GetNodeMetadata node 1 adapter 0
   162      0.258 wddm: QUERYSEGMENT4 pass 1: 3 segment(s)
   163      0.258 wddm: QUERYSEGMENT4 pass 2: 3 segment(s), stride 104, paging buffer segment 0, 65536 bytes
   164      0.258 wddm: segment 1 flags 0x00080404 gpu 0xF4008D0000 cpu 0x2708D0000 size 0x1ED880000
   165      0.258 wddm: QueryAdapterInfo type 16 in 0 out 4 -> 0xC00000BB
   166      0.258 wddm: CreateProcess flags 0x00000001 pasids 1
   167      0.258 wddm: CreateDevice flags 0x00000001 pasid 0
   168      0.258 wddm: CreateDevice flags 0x00000001 pasid 0
   169      0.258 wddm: CreateContext node 1 engine 0x1 flags 0x00000005 private 0
   170      0.258 wddm: CreateContext answered dma 4096 bytes segment set 0x2, lists 256/0, caps 0x00000001
   171      0.258 wddm: BuildPagingBuffer operation 11 segment 0, 65536 bytes free, pass offset 0
   172      0.258 vidmm: CPU update level 0 mode 0 start 0 count 512 status 0x00000000
   173      0.258 wddm: BuildPagingBuffer operation 11 segment 0, 65536 bytes free, pass offset 0
   174      0.258 vidmm: CPU update level 0 mode 0 start 0 count 512 status 0x00000000
   175      0.258 wddm: BuildPagingBuffer operation 11 segment 0, 65536 bytes free, pass offset 0
   176      0.258 vidmm: CPU update level 0 mode 0 start 0 count 512 status 0x00000000
   177      0.258 wddm: BuildPagingBuffer operation 11 segment 0, 65536 bytes free, pass offset 0
   178      0.260 vidmm: CPU update level 0 mode 0 start 0 count 512 status 0x00000000
   179      0.260 vidmm: CPU update level 0 mode 0 start 0 count 512 status 0x00000000
   180      0.260 vidmm: CPU update level 0 mode 0 start 0 count 512 status 0x00000000
   181      0.260 vidmm: CPU update level 0 mode 0 start 0 count 512 status 0x00000000
   182      0.260 vidmm: CPU update level 0 mode 0 start 0 count 512 status 0x00000000
   183      0.290 wddm: SetRootPageTable segment 3 offset 0x0, 512 entries
   184      0.290 vidmm: root page table 3:0x0 = physical 0x45E150000, 512 entries (the VMID is pointed at it by the first packet)
   185      0.290 wddm: display QueryDeviceDescriptor call 1 detail 0x250001 -> 0xC01D0001
   186      0.290 wddm: display QueryDeviceDescriptor call 2 detail 0x250001 -> 0xC01D0001
   187      0.290 wddm: display RecommendMonitorModes call 1 detail 0x0 -> 0x00000000
   188      0.292 wddm: display IsSupportedVidPn call 1 detail 0x0 -> 0x00000000
   189      0.292 wddm: display IsSupportedVidPn call 2 detail 0x0 -> 0x00000000
   190      0.292 wddm: display IsSupportedVidPn call 3 detail 0x0 -> 0x00000000
   191      0.292 wddm: display EnumVidPnCofuncModality call 1 detail 0x0 -> 0x00000000
   192      0.292 wddm: display IsSupportedVidPn call 4 detail 0x0 -> 0x00000000
   193      0.292 wddm: display EnumVidPnCofuncModality call 2 detail 0x0 -> 0x00000000
   194      0.292 wddm: display IsSupportedVidPn call 5 detail 0x0 -> 0x00000000
   195      0.292 wddm: display EnumVidPnCofuncModality call 3 detail 0x0 -> 0x00000000
   196      0.292 wddm: display IsSupportedVidPn call 6 detail 0x0 -> 0x00000000
   197      0.292 wddm: display EnumVidPnCofuncModality call 4 detail 0x0 -> 0x00000000
   198      0.292 wddm: display EnumVidPnCofuncModality call 5 detail 0x0 -> 0x00000000
   199      0.294 wddm: CreateProcess flags 0x00000002 pasids 1
   200      0.294 wddm: CreateDevice flags 0x00000002 pasid 0
   201      0.294 wddm: CreateContext node 0 engine 0x1 flags 0x00000006 private 0
   202      0.294 wddm: CreateContext answered dma 4096 bytes segment set 0x2, lists 256/0, caps 0x00000001
   203      0.294 wddm: SubmitCommandVirtual fence 1 node 1 flags 0x00000001 va 0x0 size 4024
   204      0.294 gfx: paging submit, 1006 dwords from private buffer at 0x0, seq 1
   205      0.294 wddm: SubmitCommandVirtual fence 2 node 1 flags 0x00000001 va 0x0 size 4072
   206      0.294 gfx: paging submit, 1018 dwords from private buffer at 0x0, seq 2
   207      0.294 wddm: SubmitCommandVirtual fence 3 node 1 flags 0x00000001 va 0x0 size 4016
   208      0.294 gfx: paging submit, 1004 dwords from private buffer at 0x0, seq 3
   209      0.294 wddm: SubmitCommandVirtual fence 4 node 1 flags 0x00000001 va 0x0 size 4016
   210      0.294 gfx: paging submit, 1004 dwords from private buffer at 0x0, seq 4
   211      0.294 wddm: BuildPagingBuffer operation 12 segment 0, 64720 bytes free, pass offset 0
   212      0.294 wddm: SubmitCommandVirtual fence 5 node 1 flags 0x00000001 va 0x0 size 876
   213      0.294 gfx: paging submit, 219 dwords from private buffer at 0x0, seq 5
   214      0.294 wddm: BuildPagingBuffer operation 12 segment 0, 64596 bytes free, pass offset 0
   215      0.294 wddm: SubmitCommandVirtual fence 6 node 1 flags 0x00000001 va 0x36C size 124
   216      0.294 gfx: paging submit, 31 dwords from private buffer at 0x36C, seq 6
   217      0.294 wddm: display EnumVidPnCofuncModality call 6 detail 0x0 -> 0x00000000
   218      0.294 wddm: GetStandardAllocationDriverData type 1 1920x1200 format 21 -> 9216000 bytes
   219      0.294 wddm: GetStandardAllocationDriverData type 1 1920x1200 format 21 -> 9216000 bytes
   220      0.294 wddm: CreateAllocation 1 allocations, flags 1 resource yes
   221      0.294 wddm: OpenAllocation [0] handle 0x40001040 private 32 bytes -> FFFFD209671E8830 (GetHandleData said 0000000000000000)
   222      0.294 wddm: OpenAllocation 1 allocations flags 0x00000001
   223      0.294 wddm: SubmitCommandVirtual fence 7 node 1 flags 0x00000001 va 0x3E8 size 3072
   224      0.294 gfx: paging submit, 768 dwords from private buffer at 0x3E8, seq 7
   225      0.294 wddm: SubmitCommandVirtual fence 8 node 1 flags 0x00000001 va 0x0 size 4016
   226      0.294 gfx: paging submit, 1004 dwords from private buffer at 0x0, seq 8
   227      0.294 gfx: paging submit, 1004 dwords from private buffer at 0x0, seq 9
   228      0.294 gfx: paging submit, 1004 dwords from private buffer at 0x0, seq 10
   229      0.294 wddm: BuildPagingBuffer operation 12 segment 0, 62152 bytes free, pass offset 0
   230      0.294 wddm: BuildPagingBuffer operation 9 segment 0, 62092 bytes free, pass offset 0
   231      0.294 amdgpu[2]: ring alloc of 16 dwords exceeds max_dw 12

   232      0.294 wddm: BuildPagingBuffer operation 9 segment 0, 65536 bytes free, pass offset 29
   233      0.294 gfx: paging submit, 1006 dwords from private buffer at 0x0, seq 11
   234      0.294 amdgpu[2]: ring alloc of 16 dwords exceeds max_dw 13

   235      0.294 wddm: BuildPagingBuffer operation 9 segment 0, 65536 bytes free, pass offset 230
   236      0.294 gfx: paging submit, 1005 dwords from private buffer at 0x0, seq 12
   237      0.294 amdgpu[2]: ring alloc of 16 dwords exceeds max_dw 13

   238      0.296 gfx: paging submit, 1005 dwords from private buffer at 0x0, seq 13
   239      0.296 wddm: BuildPagingBuffer operation 9 segment 0, 65536 bytes free, pass offset 431
   240      0.296 amdgpu[2]: ring alloc of 16 dwords exceeds max_dw 13

   241      0.296 gfx: paging submit, 1005 dwords from private buffer at 0x0, seq 14
   242      0.296 amdgpu[2]: ring alloc of 16 dwords exceeds max_dw 13

   243      0.296 gfx: paging submit, 1005 dwords from private buffer at 0x0, seq 15
   244      0.296 amdgpu[2]: ring alloc of 16 dwords exceeds max_dw 13

   245      0.296 gfx: paging submit, 1005 dwords from private buffer at 0x0, seq 16
   246      0.296 amdgpu[2]: ring alloc of 16 dwords exceeds max_dw 13

   247      0.296 gfx: paging submit, 1005 dwords from private buffer at 0x0, seq 17
   248      0.296 amdgpu[2]: ring alloc of 16 dwords exceeds max_dw 13

   249      0.296 gfx: paging submit, 1005 dwords from private buffer at 0x0, seq 18
   250      0.296 amdgpu[2]: ring alloc of 16 dwords exceeds max_dw 13

   251      0.296 gfx: paging submit, 1005 dwords from private buffer at 0x0, seq 19
   252      0.298 amdgpu[2]: ring alloc of 16 dwords exceeds max_dw 13

   253      0.298 gfx: paging submit, 1005 dwords from private buffer at 0x0, seq 20
   254      0.298 amdgpu[2]: ring alloc of 16 dwords exceeds max_dw 13

   255      0.298 gfx: paging submit, 1005 dwords from private buffer at 0x0, seq 21
427061   5106.121 gfx: paging submit, 284 dwords from private buffer at 0x0, seq 294888
427062   5106.121 gfx: paging submit, 720 dwords from private buffer at 0x470, seq 294889
427063   5106.121 gfx: paging submit, 332 dwords from private buffer at 0x0, seq 294890
427064   5106.121 gfx: paging submit, 680 dwords from private buffer at 0x530, seq 294891
427065   5106.121 gfx: paging submit, 423 dwords from private buffer at 0x0, seq 294892
427066   5106.121 wddm: software vsync on, 16 ms period, target 2424833
427067   5106.121 gfx: paging submit, 31 dwords from private buffer at 0x69C, seq 294893
427068   5106.121 gfx: paging submit, 31 dwords from private buffer at 0x718, seq 294894
427069   5106.121 gfx: paging submit, 528 dwords from private buffer at 0x794, seq 294895
427070   5106.121 gfx: paging submit, 977 dwords from private buffer at 0x0, seq 294896
427071   5106.121 gfx: paging submit, 15 dwords from private buffer at 0xF44, seq 294897
427072   5106.121 gfx: paging submit, 16 dwords from private buffer at 0xF80, seq 294898
427073   5106.121 gfx: paging submit, 39 dwords from private buffer at 0x0, seq 294899
427074   5106.121 gfx: paging submit, 15 dwords from private buffer at 0x9C, seq 294900
427075   5106.141 wddm: malformed virtual present rejected
427076   5108.377 gfx: paging submit, 31 dwords from private buffer at 0xD8, seq 294901
427077   5108.377 gfx: paging submit, 31 dwords from private buffer at 0x154, seq 294902
427078   5108.377 gfx: paging submit, 39 dwords from private buffer at 0x1D0, seq 294903
427079   5108.377 gfx: paging submit, 15 dwords from private buffer at 0x26C, seq 294904
427080   5108.377 gfx: paging submit, 41 dwords from private buffer at 0x2A8, seq 294905
427081   5108.377 gfx: paging submit, 16 dwords from private buffer at 0x34C, seq 294906
427082   5108.377 gfx: paging submit, 16 dwords from private buffer at 0x38C, seq 294907
427083   5108.377 gfx: paging submit, 766 dwords from private buffer at 0x3CC, seq 294908
427084   5108.377 gfx: paging submit, 1018 dwords from private buffer at 0x0, seq 294909
427085   5108.377 gfx: paging submit, 1004 dwords from private buffer at 0x0, seq 294910
427086   5108.379 gfx: paging submit, 1004 dwords from private buffer at 0x0, seq 294911
427087   5108.379 gfx: paging submit, 459 dwords from private buffer at 0x0, seq 294912
427088   5108.379 gfx: paging submit, 31 dwords from private buffer at 0x72C, seq 294913
427089   5108.379 wddm: software vsync off after 315722 ticks
427090   5108.381 gfx: paging submit, 528 dwords from private buffer at 0x7A8, seq 294914
427091   5108.381 gfx: paging submit, 1004 dwords from private buffer at 0x0, seq 294915
427092   5108.381 gfx: paging submit, 1004 dwords from private buffer at 0x0, seq 294916
427093   5108.381 gfx: paging submit, 1004 dwords from private buffer at 0x0, seq 294917
427094   5108.381 gfx: paging submit, 1004 dwords from private buffer at 0x0, seq 294918
427095   5108.381 amdgpu[2]: ring alloc of 16 dwords exceeds max_dw 12

427096   5108.381 gfx: paging submit, 1006 dwords from private buffer at 0x0, seq 294919
427097   5108.381 amdgpu[2]: ring alloc of 16 dwords exceeds max_dw 13

427098   5108.381 gfx: paging submit, 1005 dwords from private buffer at 0x0, seq 294920
427099   5108.381 amdgpu[2]: ring alloc of 16 dwords exceeds max_dw 13

427100   5108.381 gfx: paging submit, 1005 dwords from private buffer at 0x0, seq 294921
427101   5108.381 amdgpu[2]: ring alloc of 16 dwords exceeds max_dw 13

427102   5108.381 gfx: paging submit, 1005 dwords from private buffer at 0x0, seq 294922
427103   5108.381 amdgpu[2]: ring alloc of 16 dwords exceeds max_dw 13

427104   5108.381 gfx: paging submit, 1005 dwords from private buffer at 0x0, seq 294923
427105   5108.383 amdgpu[2]: ring alloc of 16 dwords exceeds max_dw 13

427106   5108.383 gfx: paging submit, 1005 dwords from private buffer at 0x0, seq 294924
427107   5108.383 amdgpu[2]: ring alloc of 16 dwords exceeds max_dw 13

427108   5108.383 gfx: paging submit, 1005 dwords from private buffer at 0x0, seq 294925
427109   5108.383 amdgpu[2]: ring alloc of 16 dwords exceeds max_dw 13

427110   5108.383 gfx: paging submit, 1005 dwords from private buffer at 0x0, seq 294926
427111   5108.383 amdgpu[2]: ring alloc of 16 dwords exceeds max_dw 13

427112   5108.383 gfx: paging submit, 1005 dwords from private buffer at 0x0, seq 294927
427113   5108.383 amdgpu[2]: ring alloc of 16 dwords exceeds max_dw 13

427114   5108.383 gfx: paging submit, 1005 dwords from private buffer at 0x0, seq 294928
427115   5108.383 amdgpu[2]: ring alloc of 16 dwords exceeds max_dw 13

427116   5108.383 gfx: paging submit, 1005 dwords from private buffer at 0x0, seq 294929
427117   5108.383 gfx: paging submit, 305 dwords from private buffer at 0x0, seq 294930
427118   5108.385 gfx: paging submit, 704 dwords from private buffer at 0x4C4, seq 294931
427119   5108.385 gfx: paging submit, 974 dwords from private buffer at 0x0, seq 294932
427120   5108.385 gfx: paging submit, 1006 dwords from private buffer at 0x0, seq 294933
427121   5108.385 gfx: paging submit, 1004 dwords from private buffer at 0x0, seq 294934
427122   5108.385 gfx: paging submit, 1004 dwords from private buffer at 0x0, seq 294935
427123   5108.385 gfx: paging submit, 653 dwords from private buffer at 0x0, seq 294936
427124   5108.385 gfx: paging submit, 312 dwords from private buffer at 0x0, seq 294937
427125   5108.385 gfx: paging submit, 704 dwords from private buffer at 0x4E0, seq 294938
427126   5108.385 gfx: paging submit, 348 dwords from private buffer at 0x0, seq 294939
427127   5108.385 gfx: paging submit, 656 dwords from private buffer at 0x570, seq 294940
427128   5108.385 gfx: paging submit, 396 dwords from private buffer at 0x0, seq 294941
427129   5108.385 gfx: paging submit, 608 dwords from private buffer at 0x630, seq 294942
427130   5108.385 gfx: paging submit, 444 dwords from private buffer at 0x0, seq 294943
427131   5108.385 gfx: paging submit, 560 dwords from private buffer at 0x6F0, seq 294944
427132   5108.385 gfx: paging submit, 543 dwords from private buffer at 0x0, seq 294945
427133   5108.385 gfx: paging submit, 464 dwords from private buffer at 0x87C, seq 294946
427134   5108.385 gfx: paging submit, 1004 dwords from private buffer at 0x0, seq 294947
427135   5108.385 gfx: paging submit, 1004 dwords from private buffer at 0x0, seq 294948
427136   5108.385 gfx: paging submit, 1004 dwords from private buffer at 0x0, seq 294949
427137   5108.385 gfx: paging submit, 1004 dwords from private buffer at 0x0, seq 294950
427138   5108.385 amdgpu[2]: ring alloc of 16 dwords exceeds max_dw 13

427139   5108.385 gfx: paging submit, 1005 dwords from private buffer at 0x0, seq 294951
427140   5108.385 amdgpu[2]: ring alloc of 16 dwords exceeds max_dw 13

427141   5108.385 gfx: paging submit, 1005 dwords from private buffer at 0x0, seq 294952
427142   5108.385 amdgpu[2]: ring alloc of 16 dwords exceeds max_dw 13

427143   5108.385 gfx: paging submit, 1005 dwords from private buffer at 0x0, seq 294953
427144   5108.387 amdgpu[2]: ring alloc of 16 dwords exceeds max_dw 13

427145   5108.387 gfx: paging submit, 1005 dwords from private buffer at 0x0, seq 294954
427146   5108.387 amdgpu[2]: ring alloc of 16 dwords exceeds max_dw 13

427147   5108.387 gfx: paging submit, 1005 dwords from private buffer at 0x0, seq 294955
427148   5108.387 amdgpu[2]: ring alloc of 16 dwords exceeds max_dw 13

427149   5108.387 gfx: paging submit, 1005 dwords from private buffer at 0x0, seq 294956
427150   5108.387 amdgpu[2]: ring alloc of 16 dwords exceeds max_dw 13

427151   5108.387 gfx: paging submit, 1005 dwords from private buffer at 0x0, seq 294957
427152   5108.387 amdgpu[2]: ring alloc of 16 dwords exceeds max_dw 13

427153   5108.387 gfx: paging submit, 1005 dwords from private buffer at 0x0, seq 294958
427154   5108.387 amdgpu[2]: ring alloc of 16 dwords exceeds max_dw 13

427155   5108.387 gfx: paging submit, 1005 dwords from private buffer at 0x0, seq 294959
427156   5108.387 amdgpu[2]: ring alloc of 16 dwords exceeds max_dw 13

427157   5108.389 gfx: paging submit, 1005 dwords from private buffer at 0x0, seq 294960
427158   5108.389 amdgpu[2]: ring alloc of 16 dwords exceeds max_dw 13

427159   5108.389 gfx: paging submit, 1005 dwords from private buffer at 0x0, seq 294961
427160   5108.389 gfx: paging submit, 370 dwords from private buffer at 0x0, seq 294962
427161   5108.389 gfx: paging submit, 646 dwords from private buffer at 0x5C8, seq 294963
427162   5108.389 gfx: paging submit, 974 dwords from private buffer at 0x0, seq 294964
427163   5108.389 gfx: paging submit, 1004 dwords from private buffer at 0x0, seq 294965
427164   5108.389 gfx: paging submit, 1004 dwords from private buffer at 0x0, seq 294966
427165   5108.389 gfx: paging submit, 1004 dwords from private buffer at 0x0, seq 294967
427166   5108.389 gfx: paging submit, 621 dwords from private buffer at 0x0, seq 294968
427167   5108.389 gfx: paging submit, 384 dwords from private buffer at 0x9B4, seq 294969
427168   5108.389 gfx: paging submit, 668 dwords from private buffer at 0x0, seq 294970
427169   5108.389 gfx: paging submit, 336 dwords from private buffer at 0xA70, seq 294971
427170   5108.389 gfx: paging submit, 716 dwords from private buffer at 0x0, seq 294972
427171   5108.389 gfx: paging submit, 288 dwords from private buffer at 0xB30, seq 294973
427172   5108.389 gfx: paging submit, 764 dwords from private buffer at 0x0, seq 294974
427173   5108.389 gfx: paging submit, 242 dwords from private buffer at 0xBF0, seq 294975
427174   5108.389 gfx: paging submit, 861 dwords from private buffer at 0x0, seq 294976
427175   5108.389 wddm: software vsync on, 16 ms period, target 2424833
427176   5108.409 wddm: malformed virtual present rejected
427177   5108.425 gfx: paging submit, 31 dwords from private buffer at 0xD74, seq 294977
427178   5108.425 gfx: paging submit, 31 dwords from private buffer at 0xDF0, seq 294978
427179   5108.425 gfx: paging submit, 80 dwords from private buffer at 0xE6C, seq 294979
427180   5108.427 gfx: paging submit, 569 dwords from private buffer at 0x0, seq 294980
427181   5108.427 gfx: paging submit, 15 dwords from private buffer at 0x8E4, seq 294981
427182   5108.427 gfx: paging submit, 39 dwords from private buffer at 0x920, seq 294982
427183   5108.427 gfx: paging submit, 16 dwords from private buffer at 0x9BC, seq 294983
427184   5108.427 gfx: paging submit, 16 dwords from private buffer at 0x9FC, seq 294984
427185   5108.427 gfx: paging submit, 350 dwords from private buffer at 0xA3C, seq 294985
427186   5108.427 gfx: paging submit, 1018 dwords from private buffer at 0x0, seq 294986
427187   5108.427 gfx: paging submit, 1004 dwords from private buffer at 0x0, seq 294987
427188   5108.427 gfx: paging submit, 1004 dwords from private buffer at 0x0, seq 294988
427189   5108.427 gfx: paging submit, 875 dwords from private buffer at 0x0, seq 294989
427190   5108.427 gfx: paging submit, 31 dwords from private buffer at 0xDAC, seq 294990
427191   5108.429 wddm: software vsync off after 315724 ticks
427192   5108.429 gfx: paging submit, 112 dwords from private buffer at 0xE28, seq 294991
427193   5108.429 gfx: paging submit, 1004 dwords from private buffer at 0x0, seq 294992
427194   5108.429 gfx: paging submit, 974 dwords from private buffer at 0x0, seq 294993
427195   5108.429 gfx: paging submit, 1002 dwords from private buffer at 0x0, seq 294994
427196   5108.429 gfx: paging submit, 1006 dwords from private buffer at 0x0, seq 294995
427197   5108.429 amdgpu[2]: ring alloc of 16 dwords exceeds max_dw 11

427198   5108.429 gfx: paging submit, 1007 dwords from private buffer at 0x0, seq 294996
427199   5108.429 amdgpu[2]: ring alloc of 16 dwords exceeds max_dw 13

427200   5108.429 gfx: paging submit, 1005 dwords from private buffer at 0x0, seq 294997
427201   5108.429 amdgpu[2]: ring alloc of 16 dwords exceeds max_dw 13

427202   5108.431 gfx: paging submit, 1005 dwords from private buffer at 0x0, seq 294998
427203   5108.431 amdgpu[2]: ring alloc of 16 dwords exceeds max_dw 13

427204   5108.431 gfx: paging submit, 1005 dwords from private buffer at 0x0, seq 294999
427205   5108.431 amdgpu[2]: ring alloc of 16 dwords exceeds max_dw 13

427206   5108.431 gfx: paging submit, 1005 dwords from private buffer at 0x0, seq 295000
427207   5108.431 amdgpu[2]: ring alloc of 16 dwords exceeds max_dw 13

427208   5108.431 gfx: paging submit, 1005 dwords from private buffer at 0x0, seq 295001
427209   5108.431 amdgpu[2]: ring alloc of 16 dwords exceeds max_dw 13

427210   5108.431 gfx: paging submit, 1005 dwords from private buffer at 0x0, seq 295002
427211   5108.431 amdgpu[2]: ring alloc of 16 dwords exceeds max_dw 13

427212   5108.431 gfx: paging submit, 1005 dwords from private buffer at 0x0, seq 295003
427213   5108.431 amdgpu[2]: ring alloc of 16 dwords exceeds max_dw 13

427214   5108.431 gfx: paging submit, 1005 dwords from private buffer at 0x0, seq 295004
427215   5108.431 amdgpu[2]: ring alloc of 16 dwords exceeds max_dw 13

427216   5108.433 gfx: paging submit, 1005 dwords from private buffer at 0x0, seq 295005
427217   5108.433 amdgpu[2]: ring alloc of 16 dwords exceeds max_dw 13

427218   5108.433 gfx: paging submit, 1005 dwords from private buffer at 0x0, seq 295006
427219   5108.433 gfx: paging submit, 750 dwords from private buffer at 0x0, seq 295007
427220   5108.433 gfx: paging submit, 256 dwords from private buffer at 0xBB8, seq 295008
427221   5108.433 gfx: paging submit, 974 dwords from private buffer at 0x0, seq 295009
427222   5108.433 gfx: paging submit, 1006 dwords from private buffer at 0x0, seq 295010
427223   5108.433 gfx: paging submit, 1004 dwords from private buffer at 0x0, seq 295011
427224   5108.433 gfx: paging submit, 1004 dwords from private buffer at 0x0, seq 295012
427225   5108.433 gfx: paging submit, 653 dwords from private buffer at 0x0, seq 295013
427226   5108.433 gfx: paging submit, 760 dwords from private buffer at 0x0, seq 295014
427227   5108.433 gfx: paging submit, 256 dwords from private buffer at 0xBE0, seq 295015
427228   5108.433 gfx: paging submit, 796 dwords from private buffer at 0x0, seq 295016
427229   5108.433 gfx: paging submit, 208 dwords from private buffer at 0xC70, seq 295017
427230   5108.433 gfx: paging submit, 844 dwords from private buffer at 0x0, seq 295018
427231   5108.433 gfx: paging submit, 160 dwords from private buffer at 0xD30, seq 295019
427232   5108.433 gfx: paging submit, 892 dwords from private buffer at 0x0, seq 295020
427233   5108.433 gfx: paging submit, 112 dwords from private buffer at 0xDF0, seq 295021
427234   5108.433 gfx: paging submit, 991 dwords from private buffer at 0x0, seq 295022
427235   5108.433 gfx: paging submit, 16 dwords from private buffer at 0xF7C, seq 295023
427236   5108.433 gfx: paging submit, 974 dwords from private buffer at 0x0, seq 295024
427237   5108.433 gfx: paging submit, 1004 dwords from private buffer at 0x0, seq 295025
427238   5108.433 gfx: paging submit, 1004 dwords from private buffer at 0x0, seq 295026
427239   5108.433 gfx: paging submit, 1004 dwords from private buffer at 0x0, seq 295027
427240   5108.433 amdgpu[2]: ring alloc of 16 dwords exceeds max_dw 15

427241   5108.433 gfx: paging submit, 1003 dwords from private buffer at 0x0, seq 295028
427242   5108.433 amdgpu[2]: ring alloc of 16 dwords exceeds max_dw 13

427243   5108.435 gfx: paging submit, 1005 dwords from private buffer at 0x0, seq 295029
427244   5108.435 amdgpu[2]: ring alloc of 16 dwords exceeds max_dw 13

427245   5108.435 gfx: paging submit, 1005 dwords from private buffer at 0x0, seq 295030
427246   5108.435 amdgpu[2]: ring alloc of 16 dwords exceeds max_dw 13

427247   5108.435 gfx: paging submit, 1005 dwords from private buffer at 0x0, seq 295031
427248   5108.435 amdgpu[2]: ring alloc of 16 dwords exceeds max_dw 13

427249   5108.435 gfx: paging submit, 1005 dwords from private buffer at 0x0, seq 295032
427250   5108.435 amdgpu[2]: ring alloc of 16 dwords exceeds max_dw 13

427251   5108.435 gfx: paging submit, 1005 dwords from private buffer at 0x0, seq 295033
427252   5108.435 amdgpu[2]: ring alloc of 16 dwords exceeds max_dw 13

427253   5108.435 gfx: paging submit, 1005 dwords from private buffer at 0x0, seq 295034
427254   5108.435 amdgpu[2]: ring alloc of 16 dwords exceeds max_dw 13

427255   5108.435 gfx: paging submit, 1005 dwords from private buffer at 0x0, seq 295035
427256   5108.435 amdgpu[2]: ring alloc of 16 dwords exceeds max_dw 13

427257   5108.437 gfx: paging submit, 1005 dwords from private buffer at 0x0, seq 295036
427258   5108.437 amdgpu[2]: ring alloc of 16 dwords exceeds max_dw 13

427259   5108.437 gfx: paging submit, 1005 dwords from private buffer at 0x0, seq 295037
427260   5108.437 amdgpu[2]: ring alloc of 16 dwords exceeds max_dw 13

427261   5108.437 gfx: paging submit, 1005 dwords from private buffer at 0x0, seq 295038
427262   5108.437 gfx: paging submit, 850 dwords from private buffer at 0x0, seq 295039
427263   5108.437 gfx: paging submit, 160 dwords from private buffer at 0xD48, seq 295040
427264   5108.437 gfx: paging submit, 974 dwords from private buffer at 0x0, seq 295041
427265   5108.437 gfx: paging submit, 1006 dwords from private buffer at 0x0, seq 295042
427266   5108.437 gfx: paging submit, 1004 dwords from private buffer at 0x0, seq 295043
427267   5108.437 gfx: paging submit, 1004 dwords from private buffer at 0x0, seq 295044
427268   5108.437 gfx: paging submit, 653 dwords from private buffer at 0x0, seq 295045
427269   5108.437 gfx: paging submit, 452 dwords from private buffer at 0x0, seq 295046
427270   5108.437 gfx: paging submit, 560 dwords from private buffer at 0x710, seq 295047
427271   5108.437 gfx: paging submit, 492 dwords from private buffer at 0x0, seq 295048
427272   5108.437 gfx: paging submit, 512 dwords from private buffer at 0x7B0, seq 295049
427273   5108.437 gfx: paging submit, 540 dwords from private buffer at 0x0, seq 295050
427274   5108.437 gfx: paging submit, 464 dwords from private buffer at 0x870, seq 295051
427275   5108.437 gfx: paging submit, 588 dwords from private buffer at 0x0, seq 295052
427276   5108.437 gfx: paging submit, 418 dwords from private buffer at 0x930, seq 295053
427277   5108.437 gfx: paging submit, 685 dwords from private buffer at 0x0, seq 295054
427278   5108.437 wddm: software vsync on, 16 ms period, target 2424833
427279   5108.459 wddm: malformed virtual present rejected
427280   5111.061 gfx: paging submit, 31 dwords from private buffer at 0xAB4, seq 295055
427281   5111.061 gfx: paging submit, 31 dwords from private buffer at 0xB30, seq 295056
427282   5111.063 wddm: software vsync off after 315888 ticks
427283   5111.063 gfx: paging submit, 256 dwords from private buffer at 0xBAC, seq 295057
427284   5111.063 gfx: paging submit, 1004 dwords from private buffer at 0x0, seq 295058
427285   5111.063 gfx: paging submit, 1004 dwords from private buffer at 0x0, seq 295059
427286   5111.063 gfx: paging submit, 1004 dwords from private buffer at 0x0, seq 295060
427287   5111.063 gfx: paging submit, 1004 dwords from private buffer at 0x0, seq 295061
427288   5111.063 amdgpu[2]: ring alloc of 16 dwords exceeds max_dw 15

427289   5111.063 gfx: paging submit, 1003 dwords from private buffer at 0x0, seq 295062
427290   5111.063 amdgpu[2]: ring alloc of 16 dwords exceeds max_dw 13

427291   5111.063 gfx: paging submit, 1005 dwords from private buffer at 0x0, seq 295063
427292   5111.063 amdgpu[2]: ring alloc of 16 dwords exceeds max_dw 13

427293   5111.065 gfx: paging submit, 1005 dwords from private buffer at 0x0, seq 295064
427294   5111.065 amdgpu[2]: ring alloc of 16 dwords exceeds max_dw 13

427295   5111.065 gfx: paging submit, 1005 dwords from private buffer at 0x0, seq 295065
427296   5111.065 amdgpu[2]: ring alloc of 16 dwords exceeds max_dw 13

427297   5111.065 gfx: paging submit, 1005 dwords from private buffer at 0x0, seq 295066
427298   5111.065 amdgpu[2]: ring alloc of 16 dwords exceeds max_dw 13

427299   5111.065 gfx: paging submit, 1005 dwords from private buffer at 0x0, seq 295067
427300   5111.065 amdgpu[2]: ring alloc of 16 dwords exceeds max_dw 13

427301   5111.065 gfx: paging submit, 1005 dwords from private buffer at 0x0, seq 295068
427302   5111.065 amdgpu[2]: ring alloc of 16 dwords exceeds max_dw 13

427303   5111.065 gfx: paging submit, 1005 dwords from private buffer at 0x0, seq 295069
427304   5111.065 amdgpu[2]: ring alloc of 16 dwords exceeds max_dw 13

427305   5111.065 gfx: paging submit, 1005 dwords from private buffer at 0x0, seq 295070
427306   5111.065 amdgpu[2]: ring alloc of 16 dwords exceeds max_dw 13

427307   5111.067 gfx: paging submit, 1005 dwords from private buffer at 0x0, seq 295071
427308   5111.067 amdgpu[2]: ring alloc of 16 dwords exceeds max_dw 13

427309   5111.067 gfx: paging submit, 1005 dwords from private buffer at 0x0, seq 295072
427310   5111.067 gfx: paging submit, 580 dwords from private buffer at 0x0, seq 295073
427311   5111.067 gfx: paging submit, 430 dwords from private buffer at 0x910, seq 295074
427312   5111.067 gfx: paging submit, 1004 dwords from private buffer at 0x0, seq 295075
427313   5111.067 gfx: paging submit, 1004 dwords from private buffer at 0x0, seq 295076
427314   5111.067 gfx: paging submit, 1004 dwords from private buffer at 0x0, seq 295077
427315   5111.067 gfx: paging submit, 1004 dwords from private buffer at 0x0, seq 295078
427316   5111.067 gfx: paging submit, 399 dwords from private buffer at 0x0, seq 295079
427317   5111.067 gfx: paging submit, 608 dwords from private buffer at 0x63C, seq 295080
427318   5111.067 gfx: paging submit, 444 dwords from private buffer at 0x0, seq 295081
427319   5111.067 gfx: paging submit, 560 dwords from private buffer at 0x6F0, seq 295082
427320   5111.067 gfx: paging submit, 492 dwords from private buffer at 0x0, seq 295083
427321   5111.067 gfx: paging submit, 512 dwords from private buffer at 0x7B0, seq 295084
427322   5111.067 gfx: paging submit, 540 dwords from private buffer at 0x0, seq 295085
427323   5111.067 gfx: paging submit, 464 dwords from private buffer at 0x870, seq 295086
427324   5111.067 gfx: paging submit, 588 dwords from private buffer at 0x0, seq 295087
427325   5111.067 gfx: paging submit, 416 dwords from private buffer at 0x930, seq 295088
427326   5111.067 gfx: paging submit, 689 dwords from private buffer at 0x0, seq 295089
427327   5111.067 gfx: paging submit, 320 dwords from private buffer at 0xAC4, seq 295090
427328   5111.067 gfx: paging submit, 1004 dwords from private buffer at 0x0, seq 295091
427329   5111.067 gfx: paging submit, 1004 dwords from private buffer at 0x0, seq 295092
427330   5111.067 gfx: paging submit, 1004 dwords from private buffer at 0x0, seq 295093
427331   5111.067 gfx: paging submit, 1004 dwords from private buffer at 0x0, seq 295094
427332   5111.067 amdgpu[2]: ring alloc of 16 dwords exceeds max_dw 14

427333   5111.067 gfx: paging submit, 1004 dwords from private buffer at 0x0, seq 295095
427334   5111.067 amdgpu[2]: ring alloc of 16 dwords exceeds max_dw 13

427335   5111.069 gfx: paging submit, 1005 dwords from private buffer at 0x0, seq 295096
427336   5111.069 amdgpu[2]: ring alloc of 16 dwords exceeds max_dw 13

427337   5111.069 gfx: paging submit, 1005 dwords from private buffer at 0x0, seq 295097
427338   5111.069 amdgpu[2]: ring alloc of 16 dwords exceeds max_dw 13

427339   5111.069 gfx: paging submit, 1005 dwords from private buffer at 0x0, seq 295098
427340   5111.069 amdgpu[2]: ring alloc of 16 dwords exceeds max_dw 13

427341   5111.069 gfx: paging submit, 1005 dwords from private buffer at 0x0, seq 295099
427342   5111.069 amdgpu[2]: ring alloc of 16 dwords exceeds max_dw 13

427343   5111.069 gfx: paging submit, 1005 dwords from private buffer at 0x0, seq 295100
427344   5111.069 amdgpu[2]: ring alloc of 16 dwords exceeds max_dw 13

427345   5111.069 gfx: paging submit, 1005 dwords from private buffer at 0x0, seq 295101
427346   5111.069 amdgpu[2]: ring alloc of 16 dwords exceeds max_dw 13

427347   5111.069 gfx: paging submit, 1005 dwords from private buffer at 0x0, seq 295102
427348   5111.069 amdgpu[2]: ring alloc of 16 dwords exceeds max_dw 13

427349   5111.071 gfx: paging submit, 1005 dwords from private buffer at 0x0, seq 295103
427350   5111.071 amdgpu[2]: ring alloc of 16 dwords exceeds max_dw 13

427351   5111.071 gfx: paging submit, 1005 dwords from private buffer at 0x0, seq 295104
427352   5111.071 amdgpu[2]: ring alloc of 16 dwords exceeds max_dw 13

427353   5111.071 gfx: paging submit, 1005 dwords from private buffer at 0x0, seq 295105
427354   5111.071 gfx: paging submit, 515 dwords from private buffer at 0x0, seq 295106
427355   5111.071 gfx: paging submit, 496 dwords from private buffer at 0x80C, seq 295107
427356   5111.071 gfx: paging submit, 974 dwords from private buffer at 0x0, seq 295108
427357   5111.071 gfx: paging submit, 1006 dwords from private buffer at 0x0, seq 295109
427358   5111.071 gfx: paging submit, 1004 dwords from private buffer at 0x0, seq 295110
427359   5111.071 gfx: paging submit, 1004 dwords from private buffer at 0x0, seq 295111
427360   5111.071 gfx: paging submit, 653 dwords from private buffer at 0x0, seq 295112
427361   5111.071 gfx: paging submit, 328 dwords from private buffer at 0x0, seq 295113
427362   5111.071 gfx: paging submit, 688 dwords from private buffer at 0x520, seq 295114
427363   5111.071 gfx: paging submit, 364 dwords from private buffer at 0x0, seq 295115
427364   5111.071 gfx: paging submit, 640 dwords from private buffer at 0x5B0, seq 295116
427365   5111.071 gfx: paging submit, 412 dwords from private buffer at 0x0, seq 295117
427366   5111.071 gfx: paging submit, 592 dwords from private buffer at 0x670, seq 295118
427367   5111.071 gfx: paging submit, 460 dwords from private buffer at 0x0, seq 295119
427368   5111.071 gfx: paging submit, 550 dwords from private buffer at 0x730, seq 295120
427369   5111.071 gfx: paging submit, 553 dwords from private buffer at 0x0, seq 295121
427370   5111.071 wddm: software vsync on, 16 ms period, target 2424833
427371   5111.073 gfx: paging submit, 31 dwords from private buffer at 0x8A4, seq 295122
427372   5111.073 gfx: paging submit, 31 dwords from private buffer at 0x920, seq 295123
427373   5111.073 gfx: paging submit, 400 dwords from private buffer at 0x99C, seq 295124
427374   5111.073 gfx: paging submit, 1012 dwords from private buffer at 0x0, seq 295125
427375   5111.073 gfx: paging submit, 107 dwords from private buffer at 0x0, seq 295126
427376   5111.073 gfx: paging submit, 15 dwords from private buffer at 0x1AC, seq 295127
427377   5111.073 gfx: paging submit, 39 dwords from private buffer at 0x1E8, seq 295128
427378   5111.073 gfx: paging submit, 15 dwords from private buffer at 0x284, seq 295129
427379   5111.093 wddm: malformed virtual present rejected
427380   5111.109 gfx: paging submit, 31 dwords from private buffer at 0x2C0, seq 295130
427381   5111.109 gfx: paging submit, 798 dwords from private buffer at 0x33C, seq 295131
427382   5111.109 gfx: paging submit, 313 dwords from private buffer at 0x0, seq 295132
427383   5111.111 wddm: software vsync off after 315890 ticks
427384   5111.111 gfx: paging submit, 704 dwords from private buffer at 0x4E4, seq 295133
427385   5111.113 gfx: paging submit, 1004 dwords from private buffer at 0x0, seq 295134
427386   5111.113 gfx: paging submit, 1004 dwords from private buffer at 0x0, seq 295135
427387   5111.113 gfx: paging submit, 1004 dwords from private buffer at 0x0, seq 295136
427388   5111.113 amdgpu[2]: ring alloc of 16 dwords exceeds max_dw 13

427389   5111.113 gfx: paging submit, 1005 dwords from private buffer at 0x0, seq 295137
427390   5111.113 amdgpu[2]: ring alloc of 16 dwords exceeds max_dw 13

427391   5111.113 gfx: paging submit, 1005 dwords from private buffer at 0x0, seq 295138
427392   5111.113 amdgpu[2]: ring alloc of 16 dwords exceeds max_dw 13

427393   5111.113 gfx: paging submit, 1005 dwords from private buffer at 0x0, seq 295139
427394   5111.113 amdgpu[2]: ring alloc of 16 dwords exceeds max_dw 13

427395   5111.113 gfx: paging submit, 1005 dwords from private buffer at 0x0, seq 295140
427396   5111.113 amdgpu[2]: ring alloc of 16 dwords exceeds max_dw 13

427397   5111.113 gfx: paging submit, 1005 dwords from private buffer at 0x0, seq 295141
427398   5111.113 amdgpu[2]: ring alloc of 16 dwords exceeds max_dw 13

427399   5111.113 gfx: paging submit, 1005 dwords from private buffer at 0x0, seq 295142
427400   5111.113 amdgpu[2]: ring alloc of 16 dwords exceeds max_dw 13

427401   5111.113 gfx: paging submit, 1005 dwords from private buffer at 0x0, seq 295143
427402   5111.115 amdgpu[2]: ring alloc of 16 dwords exceeds max_dw 13

427403   5111.115 gfx: paging submit, 1005 dwords from private buffer at 0x0, seq 295144
427404   5111.115 amdgpu[2]: ring alloc of 16 dwords exceeds max_dw 13

427405   5111.115 gfx: paging submit, 1005 dwords from private buffer at 0x0, seq 295145
427406   5111.115 amdgpu[2]: ring alloc of 16 dwords exceeds max_dw 13

427407   5111.115 gfx: paging submit, 1005 dwords from private buffer at 0x0, seq 295146
427408   5111.115 amdgpu[2]: ring alloc of 16 dwords exceeds max_dw 13

427409   5111.115 gfx: paging submit, 1005 dwords from private buffer at 0x0, seq 295147
427410   5111.115 amdgpu[2]: ring alloc of 16 dwords exceeds max_dw 13

427411   5111.115 gfx: paging submit, 1005 dwords from private buffer at 0x0, seq 295148
427412   5111.115 gfx: paging submit, 115 dwords from private buffer at 0x0, seq 295149
427413   5111.115 gfx: paging submit, 900 dwords from private buffer at 0x1CC, seq 295150
427414   5111.115 gfx: paging submit, 1004 dwords from private buffer at 0x0, seq 295151
427415   5111.115 gfx: paging submit, 1004 dwords from private buffer at 0x0, seq 295152
427416   5111.115 gfx: paging submit, 1004 dwords from private buffer at 0x0, seq 295153
427417   5111.115 gfx: paging submit, 1004 dwords from private buffer at 0x0, seq 295154
427418   5111.115 gfx: paging submit, 143 dwords from private buffer at 0x0, seq 295155
427419   5111.117 gfx: paging submit, 864 dwords from private buffer at 0x23C, seq 295156
427420   5111.117 gfx: paging submit, 188 dwords from private buffer at 0x0, seq 295157
427421   5111.117 gfx: paging submit, 816 dwords from private buffer at 0x2F0, seq 295158
427422   5111.117 gfx: paging submit, 236 dwords from private buffer at 0x0, seq 295159
427423   5111.117 gfx: paging submit, 768 dwords from private buffer at 0x3B0, seq 295160
427424   5111.117 gfx: paging submit, 284 dwords from private buffer at 0x0, seq 295161
427425   5111.117 gfx: paging submit, 720 dwords from private buffer at 0x470, seq 295162
427426   5111.117 gfx: paging submit, 332 dwords from private buffer at 0x0, seq 295163
427427   5111.117 gfx: paging submit, 672 dwords from private buffer at 0x530, seq 295164
427428   5111.117 gfx: paging submit, 433 dwords from private buffer at 0x0, seq 295165
427429   5111.117 gfx: paging submit, 576 dwords from private buffer at 0x6C4, seq 295166
427430   5111.117 gfx: paging submit, 1004 dwords from private buffer at 0x0, seq 295167
427431   5111.117 gfx: paging submit, 1004 dwords from private buffer at 0x0, seq 295168
427432   5111.117 gfx: paging submit, 1004 dwords from private buffer at 0x0, seq 295169
427433   5111.117 gfx: paging submit, 1004 dwords from private buffer at 0x0, seq 295170
427434   5111.117 amdgpu[2]: ring alloc of 16 dwords exceeds max_dw 15

427435   5111.117 gfx: paging submit, 1003 dwords from private buffer at 0x0, seq 295171
427436   5111.117 amdgpu[2]: ring alloc of 16 dwords exceeds max_dw 13

427437   5111.117 gfx: paging submit, 1005 dwords from private buffer at 0x0, seq 295172
427438   5111.117 amdgpu[2]: ring alloc of 16 dwords exceeds max_dw 13

427439   5111.117 gfx: paging submit, 1005 dwords from private buffer at 0x0, seq 295173
427440   5111.117 amdgpu[2]: ring alloc of 16 dwords exceeds max_dw 13

427441   5111.117 gfx: paging submit, 1005 dwords from private buffer at 0x0, seq 295174
427442   5111.117 amdgpu[2]: ring alloc of 16 dwords exceeds max_dw 13

427443   5111.117 gfx: paging submit, 1005 dwords from private buffer at 0x0, seq 295175
427444   5111.119 amdgpu[2]: ring alloc of 16 dwords exceeds max_dw 13

427445   5111.119 gfx: paging submit, 1005 dwords from private buffer at 0x0, seq 295176
427446   5111.119 amdgpu[2]: ring alloc of 16 dwords exceeds max_dw 13

427447   5111.119 gfx: paging submit, 1005 dwords from private buffer at 0x0, seq 295177
427448   5111.119 amdgpu[2]: ring alloc of 16 dwords exceeds max_dw 13

427449   5111.119 gfx: paging submit, 1005 dwords from private buffer at 0x0, seq 295178
427450   5111.119 amdgpu[2]: ring alloc of 16 dwords exceeds max_dw 13

427451   5111.119 gfx: paging submit, 1005 dwords from private buffer at 0x0, seq 295179
427452   5111.119 amdgpu[2]: ring alloc of 16 dwords exceeds max_dw 13

427453   5111.119 gfx: paging submit, 1005 dwords from private buffer at 0x0, seq 295180
427454   5111.119 amdgpu[2]: ring alloc of 16 dwords exceeds max_dw 13

427455   5111.119 gfx: paging submit, 1005 dwords from private buffer at 0x0, seq 295181
427456   5111.119 gfx: paging submit, 260 dwords from private buffer at 0x0, seq 295182
427457   5111.121 gfx: paging submit, 752 dwords from private buffer at 0x410, seq 295183
427458   5111.121 gfx: paging submit, 974 dwords from private buffer at 0x0, seq 295184
427459   5111.121 gfx: paging submit, 1006 dwords from private buffer at 0x0, seq 295185
427460   5111.121 gfx: paging submit, 1004 dwords from private buffer at 0x0, seq 295186
427461   5111.121 gfx: paging submit, 1004 dwords from private buffer at 0x0, seq 295187
427462   5111.121 gfx: paging submit, 653 dwords from private buffer at 0x0, seq 295188
427463   5111.121 gfx: paging submit, 266 dwords from private buffer at 0x0, seq 295189
427464   5111.121 gfx: paging submit, 752 dwords from private buffer at 0x428, seq 295190
427465   5111.121 gfx: paging submit, 300 dwords from private buffer at 0x0, seq 295191
427466   5111.121 gfx: paging submit, 704 dwords from private buffer at 0x4B0, seq 295192
427467   5111.121 gfx: paging submit, 348 dwords from private buffer at 0x0, seq 295193
427468   5111.121 gfx: paging submit, 656 dwords from private buffer at 0x570, seq 295194
427469   5111.121 gfx: paging submit, 396 dwords from private buffer at 0x0, seq 295195
427470   5111.121 gfx: paging submit, 616 dwords from private buffer at 0x630, seq 295196
427471   5111.121 gfx: paging submit, 487 dwords from private buffer at 0x0, seq 295197
427472   5111.121 wddm: software vsync on, 16 ms period, target 2424833
427473   5111.121 gfx: paging submit, 31 dwords from private buffer at 0x79C, seq 295198
427474   5111.121 gfx: paging submit, 31 dwords from private buffer at 0x818, seq 295199
427475   5111.121 gfx: paging submit, 464 dwords from private buffer at 0x894, seq 295200
427476   5111.121 gfx: paging submit, 1006 dwords from private buffer at 0x0, seq 295201
427477   5111.121 gfx: paging submit, 35 dwords from private buffer at 0x0, seq 295202
427478   5111.121 gfx: paging submit, 15 dwords from private buffer at 0x8C, seq 295203
427479   5111.123 gfx: paging submit, 41 dwords from private buffer at 0xC8, seq 295204
427480   5111.123 gfx: paging submit, 15 dwords from private buffer at 0x16C, seq 295205
427481   5111.141 wddm: malformed virtual present rejected
427482   5113.723 gfx: paging submit, 31 dwords from private buffer at 0x1A8, seq 295206
427483   5113.723 gfx: paging submit, 31 dwords from private buffer at 0x224, seq 295207
427484   5113.725 gfx: paging submit, 39 dwords from private buffer at 0x2A0, seq 295208
427485   5113.725 gfx: paging submit, 15 dwords from private buffer at 0x33C, seq 295209
427486   5113.725 gfx: paging submit, 41 dwords from private buffer at 0x378, seq 295210
427487   5113.725 gfx: paging submit, 16 dwords from private buffer at 0x41C, seq 295211
427488   5113.725 gfx: paging submit, 16 dwords from private buffer at 0x45C, seq 295212
427489   5113.725 gfx: paging submit, 718 dwords from private buffer at 0x49C, seq 295213
427490   5113.725 gfx: paging submit, 1018 dwords from private buffer at 0x0, seq 295214
427491   5113.725 gfx: paging submit, 1004 dwords from private buffer at 0x0, seq 295215
427492   5113.725 gfx: paging submit, 1004 dwords from private buffer at 0x0, seq 295216
427493   5113.725 gfx: paging submit, 507 dwords from private buffer at 0x0, seq 295217
427494   5113.725 gfx: paging submit, 31 dwords from private buffer at 0x7EC, seq 295218
427495   5113.727 wddm: software vsync off after 316052 ticks
427496   5113.727 gfx: paging submit, 480 dwords from private buffer at 0x868, seq 295219
427497   5113.727 gfx: paging submit, 1004 dwords from private buffer at 0x0, seq 295220
427498   5113.727 gfx: paging submit, 1004 dwords from private buffer at 0x0, seq 295221
427499   5113.727 gfx: paging submit, 1004 dwords from private buffer at 0x0, seq 295222
427500   5113.727 gfx: paging submit, 1004 dwords from private buffer at 0x0, seq 295223
427501   5113.727 amdgpu[2]: ring alloc of 16 dwords exceeds max_dw 14

427502   5113.727 gfx: paging submit, 1004 dwords from private buffer at 0x0, seq 295224
427503   5113.729 amdgpu[2]: ring alloc of 16 dwords exceeds max_dw 13

427504   5113.729 gfx: paging submit, 1005 dwords from private buffer at 0x0, seq 295225
427505   5113.729 amdgpu[2]: ring alloc of 16 dwords exceeds max_dw 13

427506   5113.729 gfx: paging submit, 1005 dwords from private buffer at 0x0, seq 295226
427507   5113.729 amdgpu[2]: ring alloc of 16 dwords exceeds max_dw 13

427508   5113.729 gfx: paging submit, 1005 dwords from private buffer at 0x0, seq 295227
427509   5113.729 amdgpu[2]: ring alloc of 16 dwords exceeds max_dw 13

427510   5113.729 gfx: paging submit, 1005 dwords from private buffer at 0x0, seq 295228
427511   5113.729 amdgpu[2]: ring alloc of 16 dwords exceeds max_dw 13

427512   5113.729 gfx: paging submit, 1005 dwords from private buffer at 0x0, seq 295229
427513   5113.729 amdgpu[2]: ring alloc of 16 dwords exceeds max_dw 13

427514   5113.729 gfx: paging submit, 1005 dwords from private buffer at 0x0, seq 295230
427515   5113.729 amdgpu[2]: ring alloc of 16 dwords exceeds max_dw 13

427516   5113.731 gfx: paging submit, 1005 dwords from private buffer at 0x0, seq 295231
427517   5113.731 amdgpu[2]: ring alloc of 16 dwords exceeds max_dw 13

427518   5113.731 gfx: paging submit, 1005 dwords from private buffer at 0x0, seq 295232
427519   5113.731 amdgpu[2]: ring alloc of 16 dwords exceeds max_dw 13

427520   5113.731 gfx: paging submit, 1005 dwords from private buffer at 0x0, seq 295233
427521   5113.731 amdgpu[2]: ring alloc of 16 dwords exceeds max_dw 13

427522   5113.731 gfx: paging submit, 1005 dwords from private buffer at 0x0, seq 295234
427523   5113.731 gfx: paging submit, 355 dwords from private buffer at 0x0, seq 295235
427524   5113.731 gfx: paging submit, 656 dwords from private buffer at 0x58C, seq 295236
427525   5113.731 gfx: paging submit, 974 dwords from private buffer at 0x0, seq 295237
427526   5113.731 gfx: paging submit, 1006 dwords from private buffer at 0x0, seq 295238
427527   5113.731 gfx: paging submit, 1004 dwords from private buffer at 0x0, seq 295239
427528   5113.731 gfx: paging submit, 1004 dwords from private buffer at 0x0, seq 295240
427529   5113.731 gfx: paging submit, 653 dwords from private buffer at 0x0, seq 295241
427530   5113.731 gfx: paging submit, 360 dwords from private buffer at 0x0, seq 295242
427531   5113.731 gfx: paging submit, 656 dwords from private buffer at 0x5A0, seq 295243
427532   5113.731 gfx: paging submit, 396 dwords from private buffer at 0x0, seq 295244
427533   5113.731 gfx: paging submit, 608 dwords from private buffer at 0x630, seq 295245
427534   5113.731 gfx: paging submit, 444 dwords from private buffer at 0x0, seq 295246
427535   5113.731 gfx: paging submit, 560 dwords from private buffer at 0x6F0, seq 295247
427536   5113.731 gfx: paging submit, 492 dwords from private buffer at 0x0, seq 295248
427537   5113.731 gfx: paging submit, 512 dwords from private buffer at 0x7B0, seq 295249
427538   5113.731 gfx: paging submit, 591 dwords from private buffer at 0x0, seq 295250
427539   5113.733 gfx: paging submit, 416 dwords from private buffer at 0x93C, seq 295251
427540   5113.733 gfx: paging submit, 1004 dwords from private buffer at 0x0, seq 295252
427541   5113.733 gfx: paging submit, 1004 dwords from private buffer at 0x0, seq 295253
427542   5113.733 gfx: paging submit, 1004 dwords from private buffer at 0x0, seq 295254
427543   5113.733 gfx: paging submit, 1004 dwords from private buffer at 0x0, seq 295255
427544   5113.733 amdgpu[2]: ring alloc of 16 dwords exceeds max_dw 15

427545   5113.733 gfx: paging submit, 1003 dwords from private buffer at 0x0, seq 295256
427546   5113.733 amdgpu[2]: ring alloc of 16 dwords exceeds max_dw 13

427547   5113.733 gfx: paging submit, 1005 dwords from private buffer at 0x0, seq 295257
427548   5113.733 amdgpu[2]: ring alloc of 16 dwords exceeds max_dw 13

427549   5113.733 gfx: paging submit, 1005 dwords from private buffer at 0x0, seq 295258
427550   5113.733 amdgpu[2]: ring alloc of 16 dwords exceeds max_dw 13

427551   5113.733 gfx: paging submit, 1005 dwords from private buffer at 0x0, seq 295259
427552   5113.733 amdgpu[2]: ring alloc of 16 dwords exceeds max_dw 13

427553   5113.733 gfx: paging submit, 1005 dwords from private buffer at 0x0, seq 295260
427554   5113.733 amdgpu[2]: ring alloc of 16 dwords exceeds max_dw 13

427555   5113.733 gfx: paging submit, 1005 dwords from private buffer at 0x0, seq 295261
427556   5113.733 amdgpu[2]: ring alloc of 16 dwords exceeds max_dw 13

427557   5113.735 gfx: paging submit, 1005 dwords from private buffer at 0x0, seq 295262
427558   5113.735 amdgpu[2]: ring alloc of 16 dwords exceeds max_dw 13

427559   5113.735 gfx: paging submit, 1005 dwords from private buffer at 0x0, seq 295263
427560   5113.735 amdgpu[2]: ring alloc of 16 dwords exceeds max_dw 13

427561   5113.735 gfx: paging submit, 1005 dwords from private buffer at 0x0, seq 295264
427562   5113.735 amdgpu[2]: ring alloc of 16 dwords exceeds max_dw 13

427563   5113.735 gfx: paging submit, 1005 dwords from private buffer at 0x0, seq 295265
427564   5113.735 amdgpu[2]: ring alloc of 16 dwords exceeds max_dw 13

427565   5113.735 gfx: paging submit, 1005 dwords from private buffer at 0x0, seq 295266
427566   5113.735 gfx: paging submit, 420 dwords from private buffer at 0x0, seq 295267
427567   5113.735 gfx: paging submit, 592 dwords from private buffer at 0x690, seq 295268
427568   5113.735 gfx: paging submit, 974 dwords from private buffer at 0x0, seq 295269
427569   5113.735 gfx: paging submit, 1006 dwords from private buffer at 0x0, seq 295270
427570   5113.735 gfx: paging submit, 1004 dwords from private buffer at 0x0, seq 295271
427571   5113.735 gfx: paging submit, 1004 dwords from private buffer at 0x0, seq 295272
427572   5113.735 gfx: paging submit, 653 dwords from private buffer at 0x0, seq 295273
427573   5113.735 gfx: paging submit, 20 dwords from private buffer at 0x0, seq 295274
427574   5113.737 gfx: paging submit, 974 dwords from private buffer at 0x50, seq 295275
427575   5113.737 gfx: paging submit, 78 dwords from private buffer at 0x0, seq 295276
427576   5113.737 gfx: paging submit, 928 dwords from private buffer at 0x138, seq 295277
427577   5113.737 gfx: paging submit, 124 dwords from private buffer at 0x0, seq 295278
427578   5113.737 gfx: paging submit, 880 dwords from private buffer at 0x1F0, seq 295279
427579   5113.737 gfx: paging submit, 172 dwords from private buffer at 0x0, seq 295280
427580   5113.737 gfx: paging submit, 834 dwords from private buffer at 0x2B0, seq 295281
427581   5113.737 gfx: paging submit, 269 dwords from private buffer at 0x0, seq 295282
427582   5113.737 wddm: software vsync on, 16 ms period, target 2424833
427583   5113.757 wddm: malformed virtual present rejected
427584   5118.852 wddm summary: ---- DDI calls: name, count, first log line ----
427585   5118.852 wddm summary: QueryAdapterInfo                   38  first at 152
427586   5118.852 wddm summary: GetNodeMetadata                     2  first at 160
427587   5118.852 wddm summary: CreateDevice                     3151  first at 167
427588   5118.852 wddm summary: DestroyDevice                    3148  first at 480
427589   5118.852 wddm summary: CreateContext                    3150  first at 169
427590   5118.852 wddm summary: DestroyContext                   3148  first at 468
427591   5118.852 wddm summary: CreateProcess                     630  first at 166
427592   5118.852 wddm summary: DestroyProcess                    628  first at 842
427593   5118.852 wddm summary: SetRootPageTable                 3150  first at 183
427594   5118.852 wddm summary: CreateAllocation                 6813  first at 220
427595   5118.852 wddm summary: DestroyAllocation                7270  first at 473
427596   5118.852 wddm summary: DescribeAllocation               9369  first at 275
427597   5118.852 wddm summary: GetStandardAllocationDriverData  12492  first at 218
427598   5118.852 wddm summary: OpenAllocation                   6813  first at 222
427599   5118.852 wddm summary: CloseAllocation                  6811  first at 472
427600   5118.852 wddm summary: BuildPagingBuffer              419013  first at 171
427601   5118.852 wddm summary: SubmitCommandVirtual           298405  first at 203
427602   5118.852 wddm summary: PreemptCommand                     11  first at 48016
427603   5118.852 wddm summary: Present                          9041  first at 339
427604   5118.852 wddm summary: SetVidPnSourceAddress            3123  first at 327
427605   5118.852 wddm summary: ControlInterrupt               108804  first at 331
427606   5118.852 wddm summary: ---- QueryAdapterInfo types: type, count, first log line ----
427607   5118.852 wddm summary: adapter info type   1       1  first at 152
427608   5118.852 wddm summary: adapter info type  15       1  first at 153
427609   5118.852 wddm summary: adapter info type  47       1  first at 154
427610   5118.852 wddm summary: adapter info type  13       1  first at 155
427611   5118.852 wddm summary: adapter info type  14       4  first at 156
427612   5118.852 wddm summary: adapter info type  11       2  first at 163
427613   5118.852 wddm summary: adapter info type  10       1  first at 165
427614   5118.852 wddm summary: adapter info type  16       1  first at 165
427615   5118.852 wddm summary: adapter info type   0      26  first at 4756
427616   5118.852 wddm summary: ---- BuildPagingBuffer operations: operation, count, first log line ----
427617   5118.852 wddm summary: paging operation  11  254356  first at 171
427618   5118.852 wddm summary: paging operation  12   46422  first at 211
427619   5118.852 wddm summary: paging operation   9   78891  first at 230
427620   5118.852 wddm summary: paging operation   2    3126  first at 474
427621   5118.852 wddm summary: paging operation   8   36218  first at 5884
427622   5118.852 wddm summary: objects created/destroyed: dev 3151/3148 ctx 3150/3148 proc 630/628 alloc 6813/7270, 13 alive
427623   5118.852 wddm summary: allocations opened/closed: 6813/6811 calls
427624   5118.852 wddm summary: submissions 0 physical + 298405 virtual, 11 preemptions, last completed fence 16080
427625   5118.852 wddm summary: node 0 hardware: 12957 submitted, 12957 completed, 0 timeouts, 0 refused
427626   5118.852 wddm summary: umd: 567 allocs (0 refused), 26 contexts, 12957 submits on the ring, 0 not run
427627   5118.852 wddm profile: umd calls 12957, elapsed ticks 2131222, QPC frequency 10000000
427628   5118.852 wddm profile: probe enabled 0, calls 0, elapsed ticks 0 (included in umd)
427629   5118.852 wddm summary: node 1 (paging, open): 282325 hardware submitted, 282325 completed, 0 timeouts, 0 refused
427630   5118.852 wddm summary: SubmitCommandVirtual by node: 0: 16080, 1: 282325, 0 private-buffer refusals
427631   5118.852 wddm summary: BuildPagingBuffer: 36200 transfers, 78607 fills, 61071417344 bytes, 214086 insufficient-buffer
427632   5118.852 wddm summary: aperture map batches 0, unmap batches 0
427633   5118.852 wddm summary: paging TLB invalidations 46251, PTE update batches 249097
427634   5118.852 wddm summary: paging unsupported (not ready/no root/no translation/system memory/not contiguous) 0/0/0/0/0
427635   5118.852 wddm summary: presents 9041, flips 2788 of 3123 address calls (0 arrived above DISPATCH_LEVEL)
427636   5118.852 wddm summary: blit gate closed, 0 blits, 0 skips, 0 sources translated contiguous
427637   5118.852 wddm summary: blit destination: 0 to the flipped surface, 0 to the POST framebuffer (0 a failed-mapping fallback), 0 scanout remaps (0 failed), last blit 0 row
427638   5118.852 wddm summary: widest blit 0 rows
427639   5118.852 wddm summary: last blit reading 0, 0x0 pitch 0, 0 rectangles, source physical 0x0
427640   5118.852 wddm summary: vsync not enabled by ControlInterrupt, 316371 ticks, 54417 reported to dxgkrnl
427641   5118.852 wddm summary: vidpn flip closed: 0 hardware flips, 0 refused, 0 hardware vsyncs armed 0 acked 0 refused 0 deferred (flip still pending)
427642   5118.852 wddm summary: no TDR (ResetEngine, ResetFromTimeout and RestartFromTimeout were never called)
427643   5118.852 wddm summary: CollectDbgInfo called 0 time(s) since the driver was loaded
427644   5118.852 vidmm summary: level 0: 1024 calls, 262656 entries, 512 valid
427645   5118.852 vidmm summary: level 1: 2 calls, 1024 entries, 512 valid
427646   5118.852 vidmm summary: level 2: 1 calls, 512 entries, 2 valid
427647   5118.852 vidmm summary: level 3: 1 calls, 512 entries, 1 valid
427648   5118.852 vidmm summary: system leaf encoding coherent 101844 noncoherent 945002 snoop mismatches 0
427649   5118.852 vidmm summary: 1028 cpu-virtual calls, 0 gpu-physical calls
427650   5118.852 vidmm summary: 264704 entries written (EnableGpuVa open), 0 refused, 0 bad calls, 3150 roots
427651   5120.693 gfx: paging submit, 31 dwords from private buffer at 0x434, seq 295283
427652   5120.693 gfx: paging submit, 31 dwords from private buffer at 0x4B0, seq 295284
427653   5120.695 wddm: software vsync off after 316486 ticks
427654   5120.695 gfx: paging submit, 672 dwords from private buffer at 0x52C, seq 295285
427655   5120.695 gfx: paging submit, 1004 dwords from private buffer at 0x0, seq 295286
427656   5120.695 gfx: paging submit, 1004 dwords from private buffer at 0x0, seq 295287
427657   5120.695 gfx: paging submit, 1004 dwords from private buffer at 0x0, seq 295288
427658   5120.695 amdgpu[2]: ring alloc of 16 dwords exceeds max_dw 11

427659   5120.695 gfx: paging submit, 1007 dwords from private buffer at 0x0, seq 295289
427660   5120.695 amdgpu[2]: ring alloc of 16 dwords exceeds max_dw 13

427661   5120.695 gfx: paging submit, 1005 dwords from private buffer at 0x0, seq 295290
427662   5120.695 amdgpu[2]: ring alloc of 16 dwords exceeds max_dw 13

427663   5120.695 gfx: paging submit, 1005 dwords from private buffer at 0x0, seq 295291
427664   5120.695 amdgpu[2]: ring alloc of 16 dwords exceeds max_dw 13

427665   5120.697 gfx: paging submit, 1005 dwords from private buffer at 0x0, seq 295292
427666   5120.697 amdgpu[2]: ring alloc of 16 dwords exceeds max_dw 13

427667   5120.697 gfx: paging submit, 1005 dwords from private buffer at 0x0, seq 295293
427668   5120.697 amdgpu[2]: ring alloc of 16 dwords exceeds max_dw 13

427669   5120.697 gfx: paging submit, 1005 dwords from private buffer at 0x0, seq 295294
427670   5120.697 amdgpu[2]: ring alloc of 16 dwords exceeds max_dw 13

427671   5120.697 gfx: paging submit, 1005 dwords from private buffer at 0x0, seq 295295
427672   5120.697 amdgpu[2]: ring alloc of 16 dwords exceeds max_dw 13

427673   5120.697 gfx: paging submit, 1005 dwords from private buffer at 0x0, seq 295296
427674   5120.697 amdgpu[2]: ring alloc of 16 dwords exceeds max_dw 13

427675   5120.697 gfx: paging submit, 1005 dwords from private buffer at 0x0, seq 295297
427676   5120.697 amdgpu[2]: ring alloc of 16 dwords exceeds max_dw 13

427677   5120.697 gfx: paging submit, 1005 dwords from private buffer at 0x0, seq 295298
427678   5120.699 amdgpu[2]: ring alloc of 16 dwords exceeds max_dw 13

427679   5120.699 gfx: paging submit, 1005 dwords from private buffer at 0x0, seq 295299
427680   5120.699 amdgpu[2]: ring alloc of 16 dwords exceeds max_dw 13

427681   5120.699 gfx: paging submit, 1005 dwords from private buffer at 0x0, seq 295300
427682   5120.699 gfx: paging submit, 145 dwords from private buffer at 0x0, seq 295301
427683   5120.699 gfx: paging submit, 862 dwords from private buffer at 0x244, seq 295302
427684   5120.699 gfx: paging submit, 1004 dwords from private buffer at 0x0, seq 295303
427685   5120.699 gfx: paging submit, 1004 dwords from private buffer at 0x0, seq 295304
427686   5120.699 gfx: paging submit, 1004 dwords from private buffer at 0x0, seq 295305
427687   5120.699 gfx: paging submit, 957 dwords from private buffer at 0x0, seq 295306
427688   5120.699 gfx: paging submit, 48 dwords from private buffer at 0xEF4, seq 295307
427689   5120.699 gfx: paging submit, 974 dwords from private buffer at 0x0, seq 295308
427690   5120.699 gfx: paging submit, 44 dwords from private buffer at 0x0, seq 295309
427691   5120.699 gfx: paging submit, 960 dwords from private buffer at 0xB0, seq 295310
427692   5120.699 gfx: paging submit, 92 dwords from private buffer at 0x0, seq 295311
427693   5120.699 gfx: paging submit, 912 dwords from private buffer at 0x170, seq 295312
427694   5120.699 gfx: paging submit, 140 dwords from private buffer at 0x0, seq 295313
427695   5120.699 gfx: paging submit, 864 dwords from private buffer at 0x230, seq 295314
427696   5120.699 gfx: paging submit, 188 dwords from private buffer at 0x0, seq 295315
427697   5120.699 gfx: paging submit, 826 dwords from private buffer at 0x2F0, seq 295316
427698   5120.699 gfx: paging submit, 279 dwords from private buffer at 0x0, seq 295317
427699   5120.699 gfx: paging submit, 736 dwords from private buffer at 0x45C, seq 295318
427700   5120.699 gfx: paging submit, 1004 dwords from private buffer at 0x0, seq 295319
427701   5120.701 gfx: paging submit, 1004 dwords from private buffer at 0x0, seq 295320
427702   5120.701 gfx: paging submit, 1004 dwords from private buffer at 0x0, seq 295321
427703   5120.701 amdgpu[2]: ring alloc of 16 dwords exceeds max_dw 15

427704   5120.701 gfx: paging submit, 1003 dwords from private buffer at 0x0, seq 295322
427705   5120.701 amdgpu[2]: ring alloc of 16 dwords exceeds max_dw 13

427706   5120.701 gfx: paging submit, 1005 dwords from private buffer at 0x0, seq 295323
427707   5120.701 amdgpu[2]: ring alloc of 16 dwords exceeds max_dw 13

427708   5120.701 gfx: paging submit, 1005 dwords from private buffer at 0x0, seq 295324
427709   5120.701 amdgpu[2]: ring alloc of 16 dwords exceeds max_dw 13

427710   5120.701 gfx: paging submit, 1005 dwords from private buffer at 0x0, seq 295325
427711   5120.701 amdgpu[2]: ring alloc of 16 dwords exceeds max_dw 13

427712   5120.701 gfx: paging submit, 1005 dwords from private buffer at 0x0, seq 295326
427713   5120.701 amdgpu[2]: ring alloc of 16 dwords exceeds max_dw 13

427714   5120.701 gfx: paging submit, 1005 dwords from private buffer at 0x0, seq 295327
427715   5120.701 amdgpu[2]: ring alloc of 16 dwords exceeds max_dw 13

427716   5120.701 gfx: paging submit, 1005 dwords from private buffer at 0x0, seq 295328
427717   5120.701 amdgpu[2]: ring alloc of 16 dwords exceeds max_dw 13

427718   5120.703 gfx: paging submit, 1005 dwords from private buffer at 0x0, seq 295329
427719   5120.703 amdgpu[2]: ring alloc of 16 dwords exceeds max_dw 13

427720   5120.703 gfx: paging submit, 1005 dwords from private buffer at 0x0, seq 295330
427721   5120.703 amdgpu[2]: ring alloc of 16 dwords exceeds max_dw 13

427722   5120.703 gfx: paging submit, 1005 dwords from private buffer at 0x0, seq 295331
427723   5120.703 amdgpu[2]: ring alloc of 16 dwords exceeds max_dw 13

427724   5120.703 gfx: paging submit, 1005 dwords from private buffer at 0x0, seq 295332
427725   5120.703 amdgpu[2]: ring alloc of 16 dwords exceeds max_dw 13

427726   5120.703 gfx: paging submit, 1005 dwords from private buffer at 0x0, seq 295333
427727   5120.703 gfx: paging submit, 85 dwords from private buffer at 0x0, seq 295334
427728   5120.703 gfx: paging submit, 922 dwords from private buffer at 0x154, seq 295335
427729   5120.703 gfx: paging submit, 1004 dwords from private buffer at 0x0, seq 295336
427730   5120.703 gfx: paging submit, 974 dwords from private buffer at 0x0, seq 295337
427731   5120.703 gfx: paging submit, 1002 dwords from private buffer at 0x0, seq 295338
427732   5120.703 gfx: paging submit, 1006 dwords from private buffer at 0x0, seq 295339
427733   5120.703 gfx: paging submit, 557 dwords from private buffer at 0x0, seq 295340
427734   5120.703 gfx: paging submit, 448 dwords from private buffer at 0x8B4, seq 295341
427735   5120.705 gfx: paging submit, 604 dwords from private buffer at 0x0, seq 295342
427736   5120.705 gfx: paging submit, 400 dwords from private buffer at 0x970, seq 295343
427737   5120.705 gfx: paging submit, 652 dwords from private buffer at 0x0, seq 295344
427738   5120.705 gfx: paging submit, 352 dwords from private buffer at 0xA30, seq 295345
427739   5120.705 gfx: paging submit, 700 dwords from private buffer at 0x0, seq 295346
427740   5120.705 gfx: paging submit, 304 dwords from private buffer at 0xAF0, seq 295347
427741   5120.705 gfx: paging submit, 799 dwords from private buffer at 0x0, seq 295348
427742   5120.705 wddm: software vsync on, 16 ms period, target 2424833
427743   5120.705 gfx: paging submit, 31 dwords from private buffer at 0xC7C, seq 295349
427744   5120.705 gfx: paging submit, 31 dwords from private buffer at 0xCF8, seq 295350
427745   5120.705 gfx: paging submit, 144 dwords from private buffer at 0xD74, seq 295351
427746   5120.705 gfx: paging submit, 1012 dwords from private buffer at 0x0, seq 295352
427747   5120.705 gfx: paging submit, 363 dwords from private buffer at 0x0, seq 295353
427748   5120.705 gfx: paging submit, 15 dwords from private buffer at 0x5AC, seq 295354
427749   5120.705 gfx: paging submit, 39 dwords from private buffer at 0x5E8, seq 295355
427750   5120.705 gfx: paging submit, 15 dwords from private buffer at 0x684, seq 295356
427751   5120.725 wddm: malformed virtual present rejected
427752   5120.743 wddm: software vsync off after 316488 ticks
427753   5120.743 gfx: paging submit, 469 dwords from private buffer at 0x6C0, seq 295357
427754   5120.743 gfx: paging submit, 15 dwords from private buffer at 0xE14, seq 295358
427755   5120.743 gfx: paging submit, 39 dwords from private buffer at 0xE50, seq 295359
427756   5120.743 gfx: paging submit, 15 dwords from private buffer at 0xEEC, seq 295360
427757   5120.755 gfx: paging submit, 31 dwords from private buffer at 0xF28, seq 295361
427758   5120.755 gfx: paging submit, 16 dwords from private buffer at 0xFA4, seq 295362
427759   5120.755 gfx: paging submit, 16 dwords from private buffer at 0x0, seq 295363
427760   5120.755 gfx: paging submit, 16 dwords from private buffer at 0x40, seq 295364
427761   5120.771 stage 70
427762   5120.773 wddm summary: ---- DDI calls: name, count, first log line ----
427763   5120.773 wddm summary: QueryAdapterInfo                   38  first at 152
427764   5120.773 wddm summary: GetNodeMetadata                     2  first at 160
427765   5120.773 wddm summary: CreateDevice                     3152  first at 167
427766   5120.773 wddm summary: DestroyDevice                    3152  first at 480
427767   5120.773 wddm summary: CreateContext                    3151  first at 169
427768   5120.773 wddm summary: DestroyContext                   3151  first at 468
427769   5120.773 wddm summary: CreateProcess                     630  first at 166
427770   5120.773 wddm summary: DestroyProcess                    630  first at 842
427771   5120.773 wddm summary: SetRootPageTable                 3151  first at 183
427772   5120.773 wddm summary: CreateAllocation                 6815  first at 220
427773   5120.773 wddm summary: DestroyAllocation                7274  first at 473
427774   5120.773 wddm summary: DescribeAllocation               9372  first at 275
427775   5120.773 wddm summary: GetStandardAllocationDriverData  12496  first at 218
427776   5120.773 wddm summary: OpenAllocation                   6815  first at 222
427777   5120.773 wddm summary: CloseAllocation                  6815  first at 472
427778   5120.773 wddm summary: BuildPagingBuffer              419141  first at 171
427779   5120.773 wddm summary: SubmitCommandVirtual           298488  first at 203
427780   5120.773 wddm summary: PreemptCommand                     11  first at 48016
427781   5120.773 wddm summary: Present                          9044  first at 339
427782   5120.773 wddm summary: SetVidPnSourceAddress            3124  first at 327
427783   5120.773 wddm summary: ControlInterrupt               108804  first at 331
427784   5120.773 wddm summary: ---- QueryAdapterInfo types: type, count, first log line ----
427785   5120.773 wddm summary: adapter info type   1       1  first at 152
427786   5120.773 wddm summary: adapter info type  15       1  first at 153
427787   5120.773 wddm summary: adapter info type  47       1  first at 154
427788   5120.773 wddm summary: adapter info type  13       1  first at 155
427789   5120.773 wddm summary: adapter info type  14       4  first at 156
427790   5120.773 wddm summary: adapter info type  11       2  first at 163
427791   5120.773 wddm summary: adapter info type  10       1  first at 165
427792   5120.773 wddm summary: adapter info type  16       1  first at 165
427793   5120.773 wddm summary: adapter info type   0      26  first at 4756
427794   5120.773 wddm summary: ---- BuildPagingBuffer operations: operation, count, first log line ----
427795   5120.773 wddm summary: paging operation  11  254437  first at 171
427796   5120.773 wddm summary: paging operation  12   46441  first at 211
427797   5120.773 wddm summary: paging operation   9   78917  first at 230
427798   5120.773 wddm summary: paging operation   2    3128  first at 474
427799   5120.773 wddm summary: paging operation   8   36218  first at 5884
427800   5120.773 wddm summary: objects created/destroyed: dev 3152/3152 ctx 3151/3151 proc 630/630 alloc 6815/7274, 0 alive
427801   5120.773 wddm summary: allocations opened/closed: 6815/6815 calls
427802   5120.773 wddm summary: submissions 0 physical + 298488 virtual, 11 preemptions, last completed fence 282407
427803   5120.773 wddm summary: node 0 hardware: 12957 submitted, 12957 completed, 0 timeouts, 0 refused
427804   5120.773 wddm summary: umd: 567 allocs (0 refused), 26 contexts, 12957 submits on the ring, 0 not run
427805   5120.773 wddm profile: umd calls 12957, elapsed ticks 2131222, QPC frequency 10000000
427806   5120.773 wddm profile: probe enabled 0, calls 0, elapsed ticks 0 (included in umd)
427807   5120.773 wddm summary: node 1 (paging, open): 282407 hardware submitted, 282407 completed, 0 timeouts, 0 refused
427808   5120.773 wddm summary: SubmitCommandVirtual by node: 0: 16081, 1: 282407, 0 private-buffer refusals
427809   5120.773 wddm summary: BuildPagingBuffer: 36200 transfers, 78633 fills, 61089849344 bytes, 214140 insufficient-buffer
427810   5120.773 wddm summary: aperture map batches 0, unmap batches 0
427811   5120.773 wddm summary: paging TLB invalidations 46270, PTE update batches 249177
427812   5120.773 wddm summary: paging unsupported (not ready/no root/no translation/system memory/not contiguous) 0/0/0/0/0
427813   5120.773 wddm summary: presents 9044, flips 2789 of 3124 address calls (0 arrived above DISPATCH_LEVEL)
427814   5120.773 wddm summary: blit gate closed, 0 blits, 0 skips, 0 sources translated contiguous
427815   5120.773 wddm summary: blit destination: 0 to the flipped surface, 0 to the POST framebuffer (0 a failed-mapping fallback), 0 scanout remaps (0 failed), last blit 0 row
427816   5120.773 wddm summary: widest blit 0 rows
427817   5120.773 wddm summary: last blit reading 0, 0x0 pitch 0, 0 rectangles, source physical 0x0
427818   5120.773 wddm summary: vsync not enabled by ControlInterrupt, 316488 ticks, 54417 reported to dxgkrnl
427819   5120.773 wddm summary: vidpn flip closed: 0 hardware flips, 0 refused, 0 hardware vsyncs armed 0 acked 0 refused 0 deferred (flip still pending)
427820   5120.773 wddm summary: no TDR (ResetEngine, ResetFromTimeout and RestartFromTimeout were never called)
427821   5120.773 wddm summary: CollectDbgInfo called 0 time(s) since the driver was loaded
427822   5120.773 wddm: stop, last completed fence 282407, 316488 vsync ticks, 0 objects freed at the stop
427823   5120.775 ih: IH_RB_CNTL 0x403101A0
427824   5120.775 gfx: CP_ME_CNTL 0x15000000, CP_MEC_CNTL 0x50000000, SDMA0/1_F32_CNTL 0x1 0x1
427825   5120.775 amdgpu[0]: free PSP TMR buffer

427826   5120.799 psp: unload: destroy TMR 0, ring stop 0
427827   5120.799 gart: firmware state restored at stop (282 writes)
427828   5120.799 stage 79
FILE_END ring-20260923-152514-002.log sha256_before=9F2023B1E7D7215260AB24FD15CA302E4DD60341429E0B54F050A9B20D790B70 sha256_after=9F2023B1E7D7215260AB24FD15CA302E4DD60341429E0B54F050A9B20D790B70 bytes_after=85948 stable=True
END ring-20260923-152514-002.log utc=2026-09-23T17:45:11.1151180Z
BEGIN ring-20260923-152556-031.log utc=2026-09-23T17:45:11.1171192Z
FILE ring-20260923-152556-031.log bytes=766 modified=2026-09-23T15:25:56.0311529Z
bc250kmd 0x00070065 log snapshot: 18 lines, 0 lost to the wrap, 0 dropped above DISPATCH_LEVEL
     0      0.002 stage 10
     1      0.002 gate: EnableFullWddm 0
     2      0.004 stage 20
     3      0.192 stage 30
     4      0.194 stage 31
     5      0.196 stage 32
     6      0.196 post display 1920x1200 pitch 7680 format 22 target 2424833
     7      0.196 stage 33
     8      0.198 stage 34
     9      0.198 interrupt resource 1: message, vector 0x80, flags 0x3
    10      0.198 fb sample mapped: phys 0xC0000000 first 0x00000000 mid 0x00000000
    11      0.200 stage 35
    12      0.200 stage 39
    13      0.216 stage 50
    14      0.392 stage 60
    15      0.396 stage 61
    16     41.308 stage 70
    17     41.310 stage 79
FILE_END ring-20260923-152556-031.log sha256_before=A0D87A47F9F7ABC2C08DBCEFADEF5E01E4BE4C9A79246A99235F552A0F8C4F7B sha256_after=A0D87A47F9F7ABC2C08DBCEFADEF5E01E4BE4C9A79246A99235F552A0F8C4F7B bytes_after=766 stable=True
END ring-20260923-152556-031.log utc=2026-09-23T17:45:11.1251224Z
BEGIN ring-20260923-152600-276.log utc=2026-09-23T17:45:11.1251224Z
FILE ring-20260923-152600-276.log bytes=1427 modified=2026-09-23T15:26:00.2787996Z
bc250kmd 0x00070065 log snapshot: 22 lines, 0 lost to the wrap, 0 dropped above DISPATCH_LEVEL
     0      0.000 stage 10
     1      0.002 gate: EnableFullWddm 1 (one shot: closed again on disk)
     2      0.004 stage 20
     3      0.144 stage 30
     4      0.146 stage 31
     5      0.148 stage 32
     6      0.148 post display 1920x1200 pitch 7680 format 22 target 2424833
     7      0.148 stage 33
     8      0.150 stage 34
     9      0.150 interrupt resource 1: message, vector 0x80, flags 0x3
    10      0.150 mmio: BAR5 at 0xFE800000 mapped, writes off, dcn writes off, vidpn flip off
    11      0.150 vram: 0x270000000 + 0x200000000, MC 0xF400000000, BAR0 0xC0000000 + 0x10000000, writes allowed
    12      0.150 fb sample mapped: phys 0xC0000000 first 0x00000000 mid 0x00000000
    13      0.150 fb sample physical: 0x270000000 first 0x00000000 mid 0x00000000
    14      0.150 gart: ready, dummy page at 0x26FFFA000
    15      0.150 psp: ready
    16      0.150 gpumem: ready, doorbells at 0xD0000000
    17      0.150 gfx: ready, GPU submission allowed, paging node allowed
    18      0.150 ih: ready
    19      0.166 vidmm: logical paging state 515 tables, 1031 slots, 4767344 bytes reserved
    20      0.170 vidmm: table segment 3 at physical 0x45E150000 + 0xFEB0000, host memory below 0x270000000, updates are WRITTEN
    21      0.170 startup: entering interrupt connection
FILE_END ring-20260923-152600-276.log sha256_before=81F882BD63005F3A9F0B7E2C18EDBEE1CC628457F8C45CBCB494F5CEB7FEC7B1 sha256_after=81F882BD63005F3A9F0B7E2C18EDBEE1CC628457F8C45CBCB494F5CEB7FEC7B1 bytes_after=1427 stable=True
END ring-20260923-152600-276.log utc=2026-09-23T17:45:11.1331293Z
BEGIN ring-20260923-152600-280.log utc=2026-09-23T17:45:11.1331293Z
FILE ring-20260923-152600-280.log bytes=1485 modified=2026-09-23T15:26:00.2808009Z
bc250kmd 0x00070065 log snapshot: 23 lines, 0 lost to the wrap, 0 dropped above DISPATCH_LEVEL
     0      0.000 stage 10
     1      0.002 gate: EnableFullWddm 1 (one shot: closed again on disk)
     2      0.004 stage 20
     3      0.144 stage 30
     4      0.146 stage 31
     5      0.148 stage 32
     6      0.148 post display 1920x1200 pitch 7680 format 22 target 2424833
     7      0.148 stage 33
     8      0.150 stage 34
     9      0.150 interrupt resource 1: message, vector 0x80, flags 0x3
    10      0.150 mmio: BAR5 at 0xFE800000 mapped, writes off, dcn writes off, vidpn flip off
    11      0.150 vram: 0x270000000 + 0x200000000, MC 0xF400000000, BAR0 0xC0000000 + 0x10000000, writes allowed
    12      0.150 fb sample mapped: phys 0xC0000000 first 0x00000000 mid 0x00000000
    13      0.150 fb sample physical: 0x270000000 first 0x00000000 mid 0x00000000
    14      0.150 gart: ready, dummy page at 0x26FFFA000
    15      0.150 psp: ready
    16      0.150 gpumem: ready, doorbells at 0xD0000000
    17      0.150 gfx: ready, GPU submission allowed, paging node allowed
    18      0.150 ih: ready
    19      0.166 vidmm: logical paging state 515 tables, 1031 slots, 4767344 bytes reserved
    20      0.170 vidmm: table segment 3 at physical 0x45E150000 + 0xFEB0000, host memory below 0x270000000, updates are WRITTEN
    21      0.170 startup: entering interrupt connection
    22      0.174 startup: entering firmware preparation
FILE_END ring-20260923-152600-280.log sha256_before=9D2F02A5F87F13737389BCF10FE879A612C979E6E786E43C302E59F9A583B0A3 sha256_after=9D2F02A5F87F13737389BCF10FE879A612C979E6E786E43C302E59F9A583B0A3 bytes_after=1485 stable=True
END ring-20260923-152600-280.log utc=2026-09-23T17:45:11.1411051Z
BEGIN ring-20260923-152600-284.log utc=2026-09-23T17:45:11.1411051Z
FILE ring-20260923-152600-284.log bytes=1542 modified=2026-09-23T15:26:00.2848051Z
bc250kmd 0x00070065 log snapshot: 24 lines, 0 lost to the wrap, 0 dropped above DISPATCH_LEVEL
     0      0.000 stage 10
     1      0.002 gate: EnableFullWddm 1 (one shot: closed again on disk)
     2      0.004 stage 20
     3      0.144 stage 30
     4      0.146 stage 31
     5      0.148 stage 32
     6      0.148 post display 1920x1200 pitch 7680 format 22 target 2424833
     7      0.148 stage 33
     8      0.150 stage 34
     9      0.150 interrupt resource 1: message, vector 0x80, flags 0x3
    10      0.150 mmio: BAR5 at 0xFE800000 mapped, writes off, dcn writes off, vidpn flip off
    11      0.150 vram: 0x270000000 + 0x200000000, MC 0xF400000000, BAR0 0xC0000000 + 0x10000000, writes allowed
    12      0.150 fb sample mapped: phys 0xC0000000 first 0x00000000 mid 0x00000000
    13      0.150 fb sample physical: 0x270000000 first 0x00000000 mid 0x00000000
    14      0.150 gart: ready, dummy page at 0x26FFFA000
    15      0.150 psp: ready
    16      0.150 gpumem: ready, doorbells at 0xD0000000
    17      0.150 gfx: ready, GPU submission allowed, paging node allowed
    18      0.150 ih: ready
    19      0.166 vidmm: logical paging state 515 tables, 1031 slots, 4767344 bytes reserved
    20      0.170 vidmm: table segment 3 at physical 0x45E150000 + 0xFEB0000, host memory below 0x270000000, updates are WRITTEN
    21      0.170 startup: entering interrupt connection
    22      0.174 startup: entering firmware preparation
    23      0.178 startup: entering GART initialization
FILE_END ring-20260923-152600-284.log sha256_before=01120A0ADDF7E31C156938A79CC314BDBD24CA3D26ABD306767C6CFE6744AD6D sha256_after=01120A0ADDF7E31C156938A79CC314BDBD24CA3D26ABD306767C6CFE6744AD6D bytes_after=1542 stable=True
END ring-20260923-152600-284.log utc=2026-09-23T17:45:11.1511154Z
BEGIN ring-20260923-152600-298.log utc=2026-09-23T17:45:11.1511154Z
FILE ring-20260923-152600-298.log bytes=1690 modified=2026-09-23T15:26:00.2988166Z
bc250kmd 0x00070065 log snapshot: 26 lines, 0 lost to the wrap, 0 dropped above DISPATCH_LEVEL
     0      0.000 stage 10
     1      0.002 gate: EnableFullWddm 1 (one shot: closed again on disk)
     2      0.004 stage 20
     3      0.144 stage 30
     4      0.146 stage 31
     5      0.148 stage 32
     6      0.148 post display 1920x1200 pitch 7680 format 22 target 2424833
     7      0.148 stage 33
     8      0.150 stage 34
     9      0.150 interrupt resource 1: message, vector 0x80, flags 0x3
    10      0.150 mmio: BAR5 at 0xFE800000 mapped, writes off, dcn writes off, vidpn flip off
    11      0.150 vram: 0x270000000 + 0x200000000, MC 0xF400000000, BAR0 0xC0000000 + 0x10000000, writes allowed
    12      0.150 fb sample mapped: phys 0xC0000000 first 0x00000000 mid 0x00000000
    13      0.150 fb sample physical: 0x270000000 first 0x00000000 mid 0x00000000
    14      0.150 gart: ready, dummy page at 0x26FFFA000
    15      0.150 psp: ready
    16      0.150 gpumem: ready, doorbells at 0xD0000000
    17      0.150 gfx: ready, GPU submission allowed, paging node allowed
    18      0.150 ih: ready
    19      0.166 vidmm: logical paging state 515 tables, 1031 slots, 4767344 bytes reserved
    20      0.170 vidmm: table segment 3 at physical 0x45E150000 + 0xFEB0000, host memory below 0x270000000, updates are WRITTEN
    21      0.170 startup: entering interrupt connection
    22      0.174 startup: entering firmware preparation
    23      0.178 startup: entering GART initialization
    24      0.192 gart: op 1 -> 0x00000000 (-), result 0, 285 writes, fault offset 0x00000
    25      0.192 startup: entering PSP initialization
FILE_END ring-20260923-152600-298.log sha256_before=1B775C513B810931532D61A99923EB2B2E35ECF75F0FA94662825CC9A7790FAC sha256_after=1B775C513B810931532D61A99923EB2B2E35ECF75F0FA94662825CC9A7790FAC bytes_after=1690 stable=True
END ring-20260923-152600-298.log utc=2026-09-23T17:45:11.1591559Z
BEGIN ring-20260923-152600-406.log utc=2026-09-23T17:45:11.1591559Z
FILE ring-20260923-152600-406.log bytes=3098 modified=2026-09-23T15:26:00.4069476Z
bc250kmd 0x00070065 log snapshot: 40 lines, 0 lost to the wrap, 0 dropped above DISPATCH_LEVEL
     0      0.000 stage 10
     1      0.002 gate: EnableFullWddm 1 (one shot: closed again on disk)
     2      0.004 stage 20
     3      0.144 stage 30
     4      0.146 stage 31
     5      0.148 stage 32
     6      0.148 post display 1920x1200 pitch 7680 format 22 target 2424833
     7      0.148 stage 33
     8      0.150 stage 34
     9      0.150 interrupt resource 1: message, vector 0x80, flags 0x3
    10      0.150 mmio: BAR5 at 0xFE800000 mapped, writes off, dcn writes off, vidpn flip off
    11      0.150 vram: 0x270000000 + 0x200000000, MC 0xF400000000, BAR0 0xC0000000 + 0x10000000, writes allowed
    12      0.150 fb sample mapped: phys 0xC0000000 first 0x00000000 mid 0x00000000
    13      0.150 fb sample physical: 0x270000000 first 0x00000000 mid 0x00000000
    14      0.150 gart: ready, dummy page at 0x26FFFA000
    15      0.150 psp: ready
    16      0.150 gpumem: ready, doorbells at 0xD0000000
    17      0.150 gfx: ready, GPU submission allowed, paging node allowed
    18      0.150 ih: ready
    19      0.166 vidmm: logical paging state 515 tables, 1031 slots, 4767344 bytes reserved
    20      0.170 vidmm: table segment 3 at physical 0x45E150000 + 0xFEB0000, host memory below 0x270000000, updates are WRITTEN
    21      0.170 startup: entering interrupt connection
    22      0.174 startup: entering firmware preparation
    23      0.178 startup: entering GART initialization
    24      0.192 gart: op 1 -> 0x00000000 (-), result 0, 285 writes, fault offset 0x00000
    25      0.192 startup: entering PSP initialization
    26      0.264 amdgpu[0]: reserve 0x400000 from 0xf5ff800000 for PSP TMR

    27      0.264 psp: command 1 (id 5, type 0, 4194304 bytes): rc 0, status 0x0, 278 us, in TMR at 0x0
    28      0.266 psp: command 2 (id 6, type 9, 33536 bytes): rc 0, status 0x0, 1907 us, in TMR at 0x0
    29      0.268 psp: command 3 (id 6, type 10, 33536 bytes): rc 0, status 0x0, 1892 us, in TMR at 0x0
    30      0.274 psp: command 4 (id 6, type 3, 263040 bytes): rc 0, status 0x0, 5881 us, in TMR at 0xF5FF842000
    31      0.280 psp: command 5 (id 6, type 2, 263168 bytes): rc 0, status 0x0, 5911 us, in TMR at 0xF5FF883000
    32      0.284 psp: command 6 (id 6, type 1, 263168 bytes): rc 0, status 0x0, 5911 us, in TMR at 0xF5FF8C4000
    33      0.290 psp: command 7 (id 6, type 4, 267440 bytes): rc 0, status 0x0, 5968 us, in TMR at 0xF5FF800000
    34      0.292 psp: command 8 (id 6, type 5, 896 bytes): rc 0, status 0x0, 130 us, in TMR at 0x0
    35      0.298 psp: command 9 (id 6, type 4, 267440 bytes): rc 0, status 0x0, 5961 us, in TMR at 0xF5FF800000
    36      0.298 psp: command 10 (id 6, type 6, 896 bytes): rc 0, status 0x0, 130 us, in TMR at 0x0
    37      0.298 psp: command 11 (id 6, type 8, 25088 bytes): rc 0, status 0x0, 1688 us, in TMR at 0x0
    38      0.298 psp: op 1 -> 0x00000000, result 0, 15 writes, 11 of 11 commands
    39      0.298 startup: entering IH initialization
FILE_END ring-20260923-152600-406.log sha256_before=381E93BA516656092B9387D4785BEF31059DBEDC7F055AFA1098C5562E9DADE7 sha256_after=381E93BA516656092B9387D4785BEF31059DBEDC7F055AFA1098C5562E9DADE7 bytes_after=3098 stable=True
END ring-20260923-152600-406.log utc=2026-09-23T17:45:11.1691643Z
BEGIN ring-20260923-152600-408.log utc=2026-09-23T17:45:11.1691643Z
FILE ring-20260923-152600-408.log bytes=3365 modified=2026-09-23T15:26:00.4109121Z
bc250kmd 0x00070065 log snapshot: 43 lines, 0 lost to the wrap, 0 dropped above DISPATCH_LEVEL
     0      0.000 stage 10
     1      0.002 gate: EnableFullWddm 1 (one shot: closed again on disk)
     2      0.004 stage 20
     3      0.144 stage 30
     4      0.146 stage 31
     5      0.148 stage 32
     6      0.148 post display 1920x1200 pitch 7680 format 22 target 2424833
     7      0.148 stage 33
     8      0.150 stage 34
     9      0.150 interrupt resource 1: message, vector 0x80, flags 0x3
    10      0.150 mmio: BAR5 at 0xFE800000 mapped, writes off, dcn writes off, vidpn flip off
    11      0.150 vram: 0x270000000 + 0x200000000, MC 0xF400000000, BAR0 0xC0000000 + 0x10000000, writes allowed
    12      0.150 fb sample mapped: phys 0xC0000000 first 0x00000000 mid 0x00000000
    13      0.150 fb sample physical: 0x270000000 first 0x00000000 mid 0x00000000
    14      0.150 gart: ready, dummy page at 0x26FFFA000
    15      0.150 psp: ready
    16      0.150 gpumem: ready, doorbells at 0xD0000000
    17      0.150 gfx: ready, GPU submission allowed, paging node allowed
    18      0.150 ih: ready
    19      0.166 vidmm: logical paging state 515 tables, 1031 slots, 4767344 bytes reserved
    20      0.170 vidmm: table segment 3 at physical 0x45E150000 + 0xFEB0000, host memory below 0x270000000, updates are WRITTEN
    21      0.170 startup: entering interrupt connection
    22      0.174 startup: entering firmware preparation
    23      0.178 startup: entering GART initialization
    24      0.192 gart: op 1 -> 0x00000000 (-), result 0, 285 writes, fault offset 0x00000
    25      0.192 startup: entering PSP initialization
    26      0.264 amdgpu[0]: reserve 0x400000 from 0xf5ff800000 for PSP TMR

    27      0.264 psp: command 1 (id 5, type 0, 4194304 bytes): rc 0, status 0x0, 278 us, in TMR at 0x0
    28      0.266 psp: command 2 (id 6, type 9, 33536 bytes): rc 0, status 0x0, 1907 us, in TMR at 0x0
    29      0.268 psp: command 3 (id 6, type 10, 33536 bytes): rc 0, status 0x0, 1892 us, in TMR at 0x0
    30      0.274 psp: command 4 (id 6, type 3, 263040 bytes): rc 0, status 0x0, 5881 us, in TMR at 0xF5FF842000
    31      0.280 psp: command 5 (id 6, type 2, 263168 bytes): rc 0, status 0x0, 5911 us, in TMR at 0xF5FF883000
    32      0.284 psp: command 6 (id 6, type 1, 263168 bytes): rc 0, status 0x0, 5911 us, in TMR at 0xF5FF8C4000
    33      0.290 psp: command 7 (id 6, type 4, 267440 bytes): rc 0, status 0x0, 5968 us, in TMR at 0xF5FF800000
    34      0.292 psp: command 8 (id 6, type 5, 896 bytes): rc 0, status 0x0, 130 us, in TMR at 0x0
    35      0.298 psp: command 9 (id 6, type 4, 267440 bytes): rc 0, status 0x0, 5961 us, in TMR at 0xF5FF800000
    36      0.298 psp: command 10 (id 6, type 6, 896 bytes): rc 0, status 0x0, 130 us, in TMR at 0x0
    37      0.298 psp: command 11 (id 6, type 8, 25088 bytes): rc 0, status 0x0, 1688 us, in TMR at 0x0
    38      0.298 psp: op 1 -> 0x00000000, result 0, 15 writes, 11 of 11 commands
    39      0.298 startup: entering IH initialization
    40      0.302 ih: init: rc 0, 20 writes
    41      0.302 ih: op 1 -> 0x00000000, result 0, 21 writes; 0 interrupt routine calls, 0 ours, 0 DPCs, 0 vectors; status idle 1 input_idle 1 bif_interrupt_line 0
    42      0.302 startup: entering GFX initialization
FILE_END ring-20260923-152600-408.log sha256_before=4E6880D200765C362A77DE4D18F0433D5788BCA1CC9C4F84CC5D717AD2C038AB sha256_after=4E6880D200765C362A77DE4D18F0433D5788BCA1CC9C4F84CC5D717AD2C038AB bytes_after=3365 stable=True
END ring-20260923-152600-408.log utc=2026-09-23T17:45:11.1791394Z
BEGIN ring-20260923-152600-410.log utc=2026-09-23T17:45:11.1791394Z
FILE ring-20260923-152600-410.log bytes=3414 modified=2026-09-23T15:26:00.4129149Z
bc250kmd 0x00070065 log snapshot: 44 lines, 0 lost to the wrap, 0 dropped above DISPATCH_LEVEL
     0      0.000 stage 10
     1      0.002 gate: EnableFullWddm 1 (one shot: closed again on disk)
     2      0.004 stage 20
     3      0.144 stage 30
     4      0.146 stage 31
     5      0.148 stage 32
     6      0.148 post display 1920x1200 pitch 7680 format 22 target 2424833
     7      0.148 stage 33
     8      0.150 stage 34
     9      0.150 interrupt resource 1: message, vector 0x80, flags 0x3
    10      0.150 mmio: BAR5 at 0xFE800000 mapped, writes off, dcn writes off, vidpn flip off
    11      0.150 vram: 0x270000000 + 0x200000000, MC 0xF400000000, BAR0 0xC0000000 + 0x10000000, writes allowed
    12      0.150 fb sample mapped: phys 0xC0000000 first 0x00000000 mid 0x00000000
    13      0.150 fb sample physical: 0x270000000 first 0x00000000 mid 0x00000000
    14      0.150 gart: ready, dummy page at 0x26FFFA000
    15      0.150 psp: ready
    16      0.150 gpumem: ready, doorbells at 0xD0000000
    17      0.150 gfx: ready, GPU submission allowed, paging node allowed
    18      0.150 ih: ready
    19      0.166 vidmm: logical paging state 515 tables, 1031 slots, 4767344 bytes reserved
    20      0.170 vidmm: table segment 3 at physical 0x45E150000 + 0xFEB0000, host memory below 0x270000000, updates are WRITTEN
    21      0.170 startup: entering interrupt connection
    22      0.174 startup: entering firmware preparation
    23      0.178 startup: entering GART initialization
    24      0.192 gart: op 1 -> 0x00000000 (-), result 0, 285 writes, fault offset 0x00000
    25      0.192 startup: entering PSP initialization
    26      0.264 amdgpu[0]: reserve 0x400000 from 0xf5ff800000 for PSP TMR

    27      0.264 psp: command 1 (id 5, type 0, 4194304 bytes): rc 0, status 0x0, 278 us, in TMR at 0x0
    28      0.266 psp: command 2 (id 6, type 9, 33536 bytes): rc 0, status 0x0, 1907 us, in TMR at 0x0
    29      0.268 psp: command 3 (id 6, type 10, 33536 bytes): rc 0, status 0x0, 1892 us, in TMR at 0x0
    30      0.274 psp: command 4 (id 6, type 3, 263040 bytes): rc 0, status 0x0, 5881 us, in TMR at 0xF5FF842000
    31      0.280 psp: command 5 (id 6, type 2, 263168 bytes): rc 0, status 0x0, 5911 us, in TMR at 0xF5FF883000
    32      0.284 psp: command 6 (id 6, type 1, 263168 bytes): rc 0, status 0x0, 5911 us, in TMR at 0xF5FF8C4000
    33      0.290 psp: command 7 (id 6, type 4, 267440 bytes): rc 0, status 0x0, 5968 us, in TMR at 0xF5FF800000
    34      0.292 psp: command 8 (id 6, type 5, 896 bytes): rc 0, status 0x0, 130 us, in TMR at 0x0
    35      0.298 psp: command 9 (id 6, type 4, 267440 bytes): rc 0, status 0x0, 5961 us, in TMR at 0xF5FF800000
    36      0.298 psp: command 10 (id 6, type 6, 896 bytes): rc 0, status 0x0, 130 us, in TMR at 0x0
    37      0.298 psp: command 11 (id 6, type 8, 25088 bytes): rc 0, status 0x0, 1688 us, in TMR at 0x0
    38      0.298 psp: op 1 -> 0x00000000, result 0, 15 writes, 11 of 11 commands
    39      0.298 startup: entering IH initialization
    40      0.302 ih: init: rc 0, 20 writes
    41      0.302 ih: op 1 -> 0x00000000, result 0, 21 writes; 0 interrupt routine calls, 0 ours, 0 DPCs, 0 vectors; status idle 1 input_idle 1 bif_interrupt_line 0
    42      0.302 startup: entering GFX initialization
    43      0.304 startup: entering GFX stage 1
FILE_END ring-20260923-152600-410.log sha256_before=A788B6B19FB0CFAA285DF2AAC52DA982C4313E79AB0F55262CE94A681E4CE96C sha256_after=A788B6B19FB0CFAA285DF2AAC52DA982C4313E79AB0F55262CE94A681E4CE96C bytes_after=3414 stable=True
END ring-20260923-152600-410.log utc=2026-09-23T17:45:11.1871760Z
BEGIN ring-20260923-152600-416.log utc=2026-09-23T17:45:11.1871760Z
FILE ring-20260923-152600-416.log bytes=3584 modified=2026-09-23T15:26:00.4169379Z
bc250kmd 0x00070065 log snapshot: 46 lines, 0 lost to the wrap, 0 dropped above DISPATCH_LEVEL
     0      0.000 stage 10
     1      0.002 gate: EnableFullWddm 1 (one shot: closed again on disk)
     2      0.004 stage 20
     3      0.144 stage 30
     4      0.146 stage 31
     5      0.148 stage 32
     6      0.148 post display 1920x1200 pitch 7680 format 22 target 2424833
     7      0.148 stage 33
     8      0.150 stage 34
     9      0.150 interrupt resource 1: message, vector 0x80, flags 0x3
    10      0.150 mmio: BAR5 at 0xFE800000 mapped, writes off, dcn writes off, vidpn flip off
    11      0.150 vram: 0x270000000 + 0x200000000, MC 0xF400000000, BAR0 0xC0000000 + 0x10000000, writes allowed
    12      0.150 fb sample mapped: phys 0xC0000000 first 0x00000000 mid 0x00000000
    13      0.150 fb sample physical: 0x270000000 first 0x00000000 mid 0x00000000
    14      0.150 gart: ready, dummy page at 0x26FFFA000
    15      0.150 psp: ready
    16      0.150 gpumem: ready, doorbells at 0xD0000000
    17      0.150 gfx: ready, GPU submission allowed, paging node allowed
    18      0.150 ih: ready
    19      0.166 vidmm: logical paging state 515 tables, 1031 slots, 4767344 bytes reserved
    20      0.170 vidmm: table segment 3 at physical 0x45E150000 + 0xFEB0000, host memory below 0x270000000, updates are WRITTEN
    21      0.170 startup: entering interrupt connection
    22      0.174 startup: entering firmware preparation
    23      0.178 startup: entering GART initialization
    24      0.192 gart: op 1 -> 0x00000000 (-), result 0, 285 writes, fault offset 0x00000
    25      0.192 startup: entering PSP initialization
    26      0.264 amdgpu[0]: reserve 0x400000 from 0xf5ff800000 for PSP TMR

    27      0.264 psp: command 1 (id 5, type 0, 4194304 bytes): rc 0, status 0x0, 278 us, in TMR at 0x0
    28      0.266 psp: command 2 (id 6, type 9, 33536 bytes): rc 0, status 0x0, 1907 us, in TMR at 0x0
    29      0.268 psp: command 3 (id 6, type 10, 33536 bytes): rc 0, status 0x0, 1892 us, in TMR at 0x0
    30      0.274 psp: command 4 (id 6, type 3, 263040 bytes): rc 0, status 0x0, 5881 us, in TMR at 0xF5FF842000
    31      0.280 psp: command 5 (id 6, type 2, 263168 bytes): rc 0, status 0x0, 5911 us, in TMR at 0xF5FF883000
    32      0.284 psp: command 6 (id 6, type 1, 263168 bytes): rc 0, status 0x0, 5911 us, in TMR at 0xF5FF8C4000
    33      0.290 psp: command 7 (id 6, type 4, 267440 bytes): rc 0, status 0x0, 5968 us, in TMR at 0xF5FF800000
    34      0.292 psp: command 8 (id 6, type 5, 896 bytes): rc 0, status 0x0, 130 us, in TMR at 0x0
    35      0.298 psp: command 9 (id 6, type 4, 267440 bytes): rc 0, status 0x0, 5961 us, in TMR at 0xF5FF800000
    36      0.298 psp: command 10 (id 6, type 6, 896 bytes): rc 0, status 0x0, 130 us, in TMR at 0x0
    37      0.298 psp: command 11 (id 6, type 8, 25088 bytes): rc 0, status 0x0, 1688 us, in TMR at 0x0
    38      0.298 psp: op 1 -> 0x00000000, result 0, 15 writes, 11 of 11 commands
    39      0.298 startup: entering IH initialization
    40      0.302 ih: init: rc 0, 20 writes
    41      0.302 ih: op 1 -> 0x00000000, result 0, 21 writes; 0 interrupt routine calls, 0 ours, 0 DPCs, 0 vectors; status idle 1 input_idle 1 bif_interrupt_line 0
    42      0.302 startup: entering GFX initialization
    43      0.304 startup: entering GFX stage 1
    44      0.310 gfx: stage 1 (doorbell aperture): rc 0, 73 writes so far, 1 us
    45      0.310 gfx: op 1 to stage 1 -> 0x00000000, result 0, 73 writes, 0 doorbells
FILE_END ring-20260923-152600-416.log sha256_before=78B4FDC4064F3D628907B539B1C7F3EEC8E18275CB36C696DCDF5D723CBEC214 sha256_after=78B4FDC4064F3D628907B539B1C7F3EEC8E18275CB36C696DCDF5D723CBEC214 bytes_after=3584 stable=True
END ring-20260923-152600-416.log utc=2026-09-23T17:45:11.1971880Z
BEGIN ring-20260923-152600-418.log utc=2026-09-23T17:45:11.1971880Z
FILE ring-20260923-152600-418.log bytes=3633 modified=2026-09-23T15:26:00.4209224Z
bc250kmd 0x00070065 log snapshot: 47 lines, 0 lost to the wrap, 0 dropped above DISPATCH_LEVEL
     0      0.000 stage 10
     1      0.002 gate: EnableFullWddm 1 (one shot: closed again on disk)
     2      0.004 stage 20
     3      0.144 stage 30
     4      0.146 stage 31
     5      0.148 stage 32
     6      0.148 post display 1920x1200 pitch 7680 format 22 target 2424833
     7      0.148 stage 33
     8      0.150 stage 34
     9      0.150 interrupt resource 1: message, vector 0x80, flags 0x3
    10      0.150 mmio: BAR5 at 0xFE800000 mapped, writes off, dcn writes off, vidpn flip off
    11      0.150 vram: 0x270000000 + 0x200000000, MC 0xF400000000, BAR0 0xC0000000 + 0x10000000, writes allowed
    12      0.150 fb sample mapped: phys 0xC0000000 first 0x00000000 mid 0x00000000
    13      0.150 fb sample physical: 0x270000000 first 0x00000000 mid 0x00000000
    14      0.150 gart: ready, dummy page at 0x26FFFA000
    15      0.150 psp: ready
    16      0.150 gpumem: ready, doorbells at 0xD0000000
    17      0.150 gfx: ready, GPU submission allowed, paging node allowed
    18      0.150 ih: ready
    19      0.166 vidmm: logical paging state 515 tables, 1031 slots, 4767344 bytes reserved
    20      0.170 vidmm: table segment 3 at physical 0x45E150000 + 0xFEB0000, host memory below 0x270000000, updates are WRITTEN
    21      0.170 startup: entering interrupt connection
    22      0.174 startup: entering firmware preparation
    23      0.178 startup: entering GART initialization
    24      0.192 gart: op 1 -> 0x00000000 (-), result 0, 285 writes, fault offset 0x00000
    25      0.192 startup: entering PSP initialization
    26      0.264 amdgpu[0]: reserve 0x400000 from 0xf5ff800000 for PSP TMR

    27      0.264 psp: command 1 (id 5, type 0, 4194304 bytes): rc 0, status 0x0, 278 us, in TMR at 0x0
    28      0.266 psp: command 2 (id 6, type 9, 33536 bytes): rc 0, status 0x0, 1907 us, in TMR at 0x0
    29      0.268 psp: command 3 (id 6, type 10, 33536 bytes): rc 0, status 0x0, 1892 us, in TMR at 0x0
    30      0.274 psp: command 4 (id 6, type 3, 263040 bytes): rc 0, status 0x0, 5881 us, in TMR at 0xF5FF842000
    31      0.280 psp: command 5 (id 6, type 2, 263168 bytes): rc 0, status 0x0, 5911 us, in TMR at 0xF5FF883000
    32      0.284 psp: command 6 (id 6, type 1, 263168 bytes): rc 0, status 0x0, 5911 us, in TMR at 0xF5FF8C4000
    33      0.290 psp: command 7 (id 6, type 4, 267440 bytes): rc 0, status 0x0, 5968 us, in TMR at 0xF5FF800000
    34      0.292 psp: command 8 (id 6, type 5, 896 bytes): rc 0, status 0x0, 130 us, in TMR at 0x0
    35      0.298 psp: command 9 (id 6, type 4, 267440 bytes): rc 0, status 0x0, 5961 us, in TMR at 0xF5FF800000
    36      0.298 psp: command 10 (id 6, type 6, 896 bytes): rc 0, status 0x0, 130 us, in TMR at 0x0
    37      0.298 psp: command 11 (id 6, type 8, 25088 bytes): rc 0, status 0x0, 1688 us, in TMR at 0x0
    38      0.298 psp: op 1 -> 0x00000000, result 0, 15 writes, 11 of 11 commands
    39      0.298 startup: entering IH initialization
    40      0.302 ih: init: rc 0, 20 writes
    41      0.302 ih: op 1 -> 0x00000000, result 0, 21 writes; 0 interrupt routine calls, 0 ours, 0 DPCs, 0 vectors; status idle 1 input_idle 1 bif_interrupt_line 0
    42      0.302 startup: entering GFX initialization
    43      0.304 startup: entering GFX stage 1
    44      0.310 gfx: stage 1 (doorbell aperture): rc 0, 73 writes so far, 1 us
    45      0.310 gfx: op 1 to stage 1 -> 0x00000000, result 0, 73 writes, 0 doorbells
    46      0.312 startup: entering GFX stage 2
FILE_END ring-20260923-152600-418.log sha256_before=79FE987BEE8BC26B391AB882AF02661C4AE3A52B3D1F2347D45CB5EDEB51D44C sha256_after=79FE987BEE8BC26B391AB882AF02661C4AE3A52B3D1F2347D45CB5EDEB51D44C bytes_after=3633 stable=True
END ring-20260923-152600-418.log utc=2026-09-23T17:45:11.2071790Z
BEGIN ring-20260923-152600-420.log utc=2026-09-23T17:45:11.2071790Z
FILE ring-20260923-152600-420.log bytes=3803 modified=2026-09-23T15:26:00.4229223Z
bc250kmd 0x00070065 log snapshot: 49 lines, 0 lost to the wrap, 0 dropped above DISPATCH_LEVEL
     0      0.000 stage 10
     1      0.002 gate: EnableFullWddm 1 (one shot: closed again on disk)
     2      0.004 stage 20
     3      0.144 stage 30
     4      0.146 stage 31
     5      0.148 stage 32
     6      0.148 post display 1920x1200 pitch 7680 format 22 target 2424833
     7      0.148 stage 33
     8      0.150 stage 34
     9      0.150 interrupt resource 1: message, vector 0x80, flags 0x3
    10      0.150 mmio: BAR5 at 0xFE800000 mapped, writes off, dcn writes off, vidpn flip off
    11      0.150 vram: 0x270000000 + 0x200000000, MC 0xF400000000, BAR0 0xC0000000 + 0x10000000, writes allowed
    12      0.150 fb sample mapped: phys 0xC0000000 first 0x00000000 mid 0x00000000
    13      0.150 fb sample physical: 0x270000000 first 0x00000000 mid 0x00000000
    14      0.150 gart: ready, dummy page at 0x26FFFA000
    15      0.150 psp: ready
    16      0.150 gpumem: ready, doorbells at 0xD0000000
    17      0.150 gfx: ready, GPU submission allowed, paging node allowed
    18      0.150 ih: ready
    19      0.166 vidmm: logical paging state 515 tables, 1031 slots, 4767344 bytes reserved
    20      0.170 vidmm: table segment 3 at physical 0x45E150000 + 0xFEB0000, host memory below 0x270000000, updates are WRITTEN
    21      0.170 startup: entering interrupt connection
    22      0.174 startup: entering firmware preparation
    23      0.178 startup: entering GART initialization
    24      0.192 gart: op 1 -> 0x00000000 (-), result 0, 285 writes, fault offset 0x00000
    25      0.192 startup: entering PSP initialization
    26      0.264 amdgpu[0]: reserve 0x400000 from 0xf5ff800000 for PSP TMR

    27      0.264 psp: command 1 (id 5, type 0, 4194304 bytes): rc 0, status 0x0, 278 us, in TMR at 0x0
    28      0.266 psp: command 2 (id 6, type 9, 33536 bytes): rc 0, status 0x0, 1907 us, in TMR at 0x0
    29      0.268 psp: command 3 (id 6, type 10, 33536 bytes): rc 0, status 0x0, 1892 us, in TMR at 0x0
    30      0.274 psp: command 4 (id 6, type 3, 263040 bytes): rc 0, status 0x0, 5881 us, in TMR at 0xF5FF842000
    31      0.280 psp: command 5 (id 6, type 2, 263168 bytes): rc 0, status 0x0, 5911 us, in TMR at 0xF5FF883000
    32      0.284 psp: command 6 (id 6, type 1, 263168 bytes): rc 0, status 0x0, 5911 us, in TMR at 0xF5FF8C4000
    33      0.290 psp: command 7 (id 6, type 4, 267440 bytes): rc 0, status 0x0, 5968 us, in TMR at 0xF5FF800000
    34      0.292 psp: command 8 (id 6, type 5, 896 bytes): rc 0, status 0x0, 130 us, in TMR at 0x0
    35      0.298 psp: command 9 (id 6, type 4, 267440 bytes): rc 0, status 0x0, 5961 us, in TMR at 0xF5FF800000
    36      0.298 psp: command 10 (id 6, type 6, 896 bytes): rc 0, status 0x0, 130 us, in TMR at 0x0
    37      0.298 psp: command 11 (id 6, type 8, 25088 bytes): rc 0, status 0x0, 1688 us, in TMR at 0x0
    38      0.298 psp: op 1 -> 0x00000000, result 0, 15 writes, 11 of 11 commands
    39      0.298 startup: entering IH initialization
    40      0.302 ih: init: rc 0, 20 writes
    41      0.302 ih: op 1 -> 0x00000000, result 0, 21 writes; 0 interrupt routine calls, 0 ours, 0 DPCs, 0 vectors; status idle 1 input_idle 1 bif_interrupt_line 0
    42      0.302 startup: entering GFX initialization
    43      0.304 startup: entering GFX stage 1
    44      0.310 gfx: stage 1 (doorbell aperture): rc 0, 73 writes so far, 1 us
    45      0.310 gfx: op 1 to stage 1 -> 0x00000000, result 0, 73 writes, 0 doorbells
    46      0.312 startup: entering GFX stage 2
    47      0.314 gfx: stage 2 (golden registers): rc 0, 34 writes so far, 25 us
    48      0.314 gfx: op 1 to stage 2 -> 0x00000000, result 0, 34 writes, 0 doorbells
FILE_END ring-20260923-152600-420.log sha256_before=A47594CB22BB7A9521C6DD5C5F0F6BD6B8FC4A675DD65E05069EA052A8DC4EF9 sha256_after=A47594CB22BB7A9521C6DD5C5F0F6BD6B8FC4A675DD65E05069EA052A8DC4EF9 bytes_after=3803 stable=True
END ring-20260923-152600-420.log utc=2026-09-23T17:45:11.2151844Z
BEGIN ring-20260923-152600-422.log utc=2026-09-23T17:45:11.2151844Z
FILE ring-20260923-152600-422.log bytes=3852 modified=2026-09-23T15:26:00.4249240Z
bc250kmd 0x00070065 log snapshot: 50 lines, 0 lost to the wrap, 0 dropped above DISPATCH_LEVEL
     0      0.000 stage 10
     1      0.002 gate: EnableFullWddm 1 (one shot: closed again on disk)
     2      0.004 stage 20
     3      0.144 stage 30
     4      0.146 stage 31
     5      0.148 stage 32
     6      0.148 post display 1920x1200 pitch 7680 format 22 target 2424833
     7      0.148 stage 33
     8      0.150 stage 34
     9      0.150 interrupt resource 1: message, vector 0x80, flags 0x3
    10      0.150 mmio: BAR5 at 0xFE800000 mapped, writes off, dcn writes off, vidpn flip off
    11      0.150 vram: 0x270000000 + 0x200000000, MC 0xF400000000, BAR0 0xC0000000 + 0x10000000, writes allowed
    12      0.150 fb sample mapped: phys 0xC0000000 first 0x00000000 mid 0x00000000
    13      0.150 fb sample physical: 0x270000000 first 0x00000000 mid 0x00000000
    14      0.150 gart: ready, dummy page at 0x26FFFA000
    15      0.150 psp: ready
    16      0.150 gpumem: ready, doorbells at 0xD0000000
    17      0.150 gfx: ready, GPU submission allowed, paging node allowed
    18      0.150 ih: ready
    19      0.166 vidmm: logical paging state 515 tables, 1031 slots, 4767344 bytes reserved
    20      0.170 vidmm: table segment 3 at physical 0x45E150000 + 0xFEB0000, host memory below 0x270000000, updates are WRITTEN
    21      0.170 startup: entering interrupt connection
    22      0.174 startup: entering firmware preparation
    23      0.178 startup: entering GART initialization
    24      0.192 gart: op 1 -> 0x00000000 (-), result 0, 285 writes, fault offset 0x00000
    25      0.192 startup: entering PSP initialization
    26      0.264 amdgpu[0]: reserve 0x400000 from 0xf5ff800000 for PSP TMR

    27      0.264 psp: command 1 (id 5, type 0, 4194304 bytes): rc 0, status 0x0, 278 us, in TMR at 0x0
    28      0.266 psp: command 2 (id 6, type 9, 33536 bytes): rc 0, status 0x0, 1907 us, in TMR at 0x0
    29      0.268 psp: command 3 (id 6, type 10, 33536 bytes): rc 0, status 0x0, 1892 us, in TMR at 0x0
    30      0.274 psp: command 4 (id 6, type 3, 263040 bytes): rc 0, status 0x0, 5881 us, in TMR at 0xF5FF842000
    31      0.280 psp: command 5 (id 6, type 2, 263168 bytes): rc 0, status 0x0, 5911 us, in TMR at 0xF5FF883000
    32      0.284 psp: command 6 (id 6, type 1, 263168 bytes): rc 0, status 0x0, 5911 us, in TMR at 0xF5FF8C4000
    33      0.290 psp: command 7 (id 6, type 4, 267440 bytes): rc 0, status 0x0, 5968 us, in TMR at 0xF5FF800000
    34      0.292 psp: command 8 (id 6, type 5, 896 bytes): rc 0, status 0x0, 130 us, in TMR at 0x0
    35      0.298 psp: command 9 (id 6, type 4, 267440 bytes): rc 0, status 0x0, 5961 us, in TMR at 0xF5FF800000
    36      0.298 psp: command 10 (id 6, type 6, 896 bytes): rc 0, status 0x0, 130 us, in TMR at 0x0
    37      0.298 psp: command 11 (id 6, type 8, 25088 bytes): rc 0, status 0x0, 1688 us, in TMR at 0x0
    38      0.298 psp: op 1 -> 0x00000000, result 0, 15 writes, 11 of 11 commands
    39      0.298 startup: entering IH initialization
    40      0.302 ih: init: rc 0, 20 writes
    41      0.302 ih: op 1 -> 0x00000000, result 0, 21 writes; 0 interrupt routine calls, 0 ours, 0 DPCs, 0 vectors; status idle 1 input_idle 1 bif_interrupt_line 0
    42      0.302 startup: entering GFX initialization
    43      0.304 startup: entering GFX stage 1
    44      0.310 gfx: stage 1 (doorbell aperture): rc 0, 73 writes so far, 1 us
    45      0.310 gfx: op 1 to stage 1 -> 0x00000000, result 0, 73 writes, 0 doorbells
    46      0.312 startup: entering GFX stage 2
    47      0.314 gfx: stage 2 (golden registers): rc 0, 34 writes so far, 25 us
    48      0.314 gfx: op 1 to stage 2 -> 0x00000000, result 0, 34 writes, 0 doorbells
    49      0.316 startup: entering GFX stage 3
FILE_END ring-20260923-152600-422.log sha256_before=444C19BB46E337DEE3A0F2A3B7E2C8047D03292FFBCB0EB7C25EDD612138859D sha256_after=444C19BB46E337DEE3A0F2A3B7E2C8047D03292FFBCB0EB7C25EDD612138859D bytes_after=3852 stable=True
END ring-20260923-152600-422.log utc=2026-09-23T17:45:11.2252100Z
BEGIN ring-20260923-152600-424.log utc=2026-09-23T17:45:11.2252100Z
FILE ring-20260923-152600-424.log bytes=4017 modified=2026-09-23T15:26:00.4269262Z
bc250kmd 0x00070065 log snapshot: 52 lines, 0 lost to the wrap, 0 dropped above DISPATCH_LEVEL
     0      0.000 stage 10
     1      0.002 gate: EnableFullWddm 1 (one shot: closed again on disk)
     2      0.004 stage 20
     3      0.144 stage 30
     4      0.146 stage 31
     5      0.148 stage 32
     6      0.148 post display 1920x1200 pitch 7680 format 22 target 2424833
     7      0.148 stage 33
     8      0.150 stage 34
     9      0.150 interrupt resource 1: message, vector 0x80, flags 0x3
    10      0.150 mmio: BAR5 at 0xFE800000 mapped, writes off, dcn writes off, vidpn flip off
    11      0.150 vram: 0x270000000 + 0x200000000, MC 0xF400000000, BAR0 0xC0000000 + 0x10000000, writes allowed
    12      0.150 fb sample mapped: phys 0xC0000000 first 0x00000000 mid 0x00000000
    13      0.150 fb sample physical: 0x270000000 first 0x00000000 mid 0x00000000
    14      0.150 gart: ready, dummy page at 0x26FFFA000
    15      0.150 psp: ready
    16      0.150 gpumem: ready, doorbells at 0xD0000000
    17      0.150 gfx: ready, GPU submission allowed, paging node allowed
    18      0.150 ih: ready
    19      0.166 vidmm: logical paging state 515 tables, 1031 slots, 4767344 bytes reserved
    20      0.170 vidmm: table segment 3 at physical 0x45E150000 + 0xFEB0000, host memory below 0x270000000, updates are WRITTEN
    21      0.170 startup: entering interrupt connection
    22      0.174 startup: entering firmware preparation
    23      0.178 startup: entering GART initialization
    24      0.192 gart: op 1 -> 0x00000000 (-), result 0, 285 writes, fault offset 0x00000
    25      0.192 startup: entering PSP initialization
    26      0.264 amdgpu[0]: reserve 0x400000 from 0xf5ff800000 for PSP TMR

    27      0.264 psp: command 1 (id 5, type 0, 4194304 bytes): rc 0, status 0x0, 278 us, in TMR at 0x0
    28      0.266 psp: command 2 (id 6, type 9, 33536 bytes): rc 0, status 0x0, 1907 us, in TMR at 0x0
    29      0.268 psp: command 3 (id 6, type 10, 33536 bytes): rc 0, status 0x0, 1892 us, in TMR at 0x0
    30      0.274 psp: command 4 (id 6, type 3, 263040 bytes): rc 0, status 0x0, 5881 us, in TMR at 0xF5FF842000
    31      0.280 psp: command 5 (id 6, type 2, 263168 bytes): rc 0, status 0x0, 5911 us, in TMR at 0xF5FF883000
    32      0.284 psp: command 6 (id 6, type 1, 263168 bytes): rc 0, status 0x0, 5911 us, in TMR at 0xF5FF8C4000
    33      0.290 psp: command 7 (id 6, type 4, 267440 bytes): rc 0, status 0x0, 5968 us, in TMR at 0xF5FF800000
    34      0.292 psp: command 8 (id 6, type 5, 896 bytes): rc 0, status 0x0, 130 us, in TMR at 0x0
    35      0.298 psp: command 9 (id 6, type 4, 267440 bytes): rc 0, status 0x0, 5961 us, in TMR at 0xF5FF800000
    36      0.298 psp: command 10 (id 6, type 6, 896 bytes): rc 0, status 0x0, 130 us, in TMR at 0x0
    37      0.298 psp: command 11 (id 6, type 8, 25088 bytes): rc 0, status 0x0, 1688 us, in TMR at 0x0
    38      0.298 psp: op 1 -> 0x00000000, result 0, 15 writes, 11 of 11 commands
    39      0.298 startup: entering IH initialization
    40      0.302 ih: init: rc 0, 20 writes
    41      0.302 ih: op 1 -> 0x00000000, result 0, 21 writes; 0 interrupt routine calls, 0 ours, 0 DPCs, 0 vectors; status idle 1 input_idle 1 bif_interrupt_line 0
    42      0.302 startup: entering GFX initialization
    43      0.304 startup: entering GFX stage 1
    44      0.310 gfx: stage 1 (doorbell aperture): rc 0, 73 writes so far, 1 us
    45      0.310 gfx: op 1 to stage 1 -> 0x00000000, result 0, 73 writes, 0 doorbells
    46      0.312 startup: entering GFX stage 2
    47      0.314 gfx: stage 2 (golden registers): rc 0, 34 writes so far, 25 us
    48      0.314 gfx: op 1 to stage 2 -> 0x00000000, result 0, 34 writes, 0 doorbells
    49      0.316 startup: entering GFX stage 3
    50      0.318 gfx: stage 3 (GRBM CAM probe): rc 0, 3 writes so far, 3 us
    51      0.318 gfx: op 1 to stage 3 -> 0x00000000, result 0, 3 writes, 0 doorbells
FILE_END ring-20260923-152600-424.log sha256_before=5DACA3CB06DAB9E95FA0B984385333108CECED16E27F88A6CF7D8BD4674EA580 sha256_after=5DACA3CB06DAB9E95FA0B984385333108CECED16E27F88A6CF7D8BD4674EA580 bytes_after=4017 stable=True
END ring-20260923-152600-424.log utc=2026-09-23T17:45:11.2352167Z
BEGIN ring-20260923-152600-426.log utc=2026-09-23T17:45:11.2352167Z
FILE ring-20260923-152600-426.log bytes=4066 modified=2026-09-23T15:26:00.4289272Z
bc250kmd 0x00070065 log snapshot: 53 lines, 0 lost to the wrap, 0 dropped above DISPATCH_LEVEL
     0      0.000 stage 10
     1      0.002 gate: EnableFullWddm 1 (one shot: closed again on disk)
     2      0.004 stage 20
     3      0.144 stage 30
     4      0.146 stage 31
     5      0.148 stage 32
     6      0.148 post display 1920x1200 pitch 7680 format 22 target 2424833
     7      0.148 stage 33
     8      0.150 stage 34
     9      0.150 interrupt resource 1: message, vector 0x80, flags 0x3
    10      0.150 mmio: BAR5 at 0xFE800000 mapped, writes off, dcn writes off, vidpn flip off
    11      0.150 vram: 0x270000000 + 0x200000000, MC 0xF400000000, BAR0 0xC0000000 + 0x10000000, writes allowed
    12      0.150 fb sample mapped: phys 0xC0000000 first 0x00000000 mid 0x00000000
    13      0.150 fb sample physical: 0x270000000 first 0x00000000 mid 0x00000000
    14      0.150 gart: ready, dummy page at 0x26FFFA000
    15      0.150 psp: ready
    16      0.150 gpumem: ready, doorbells at 0xD0000000
    17      0.150 gfx: ready, GPU submission allowed, paging node allowed
    18      0.150 ih: ready
    19      0.166 vidmm: logical paging state 515 tables, 1031 slots, 4767344 bytes reserved
    20      0.170 vidmm: table segment 3 at physical 0x45E150000 + 0xFEB0000, host memory below 0x270000000, updates are WRITTEN
    21      0.170 startup: entering interrupt connection
    22      0.174 startup: entering firmware preparation
    23      0.178 startup: entering GART initialization
    24      0.192 gart: op 1 -> 0x00000000 (-), result 0, 285 writes, fault offset 0x00000
    25      0.192 startup: entering PSP initialization
    26      0.264 amdgpu[0]: reserve 0x400000 from 0xf5ff800000 for PSP TMR

    27      0.264 psp: command 1 (id 5, type 0, 4194304 bytes): rc 0, status 0x0, 278 us, in TMR at 0x0
    28      0.266 psp: command 2 (id 6, type 9, 33536 bytes): rc 0, status 0x0, 1907 us, in TMR at 0x0
    29      0.268 psp: command 3 (id 6, type 10, 33536 bytes): rc 0, status 0x0, 1892 us, in TMR at 0x0
    30      0.274 psp: command 4 (id 6, type 3, 263040 bytes): rc 0, status 0x0, 5881 us, in TMR at 0xF5FF842000
    31      0.280 psp: command 5 (id 6, type 2, 263168 bytes): rc 0, status 0x0, 5911 us, in TMR at 0xF5FF883000
    32      0.284 psp: command 6 (id 6, type 1, 263168 bytes): rc 0, status 0x0, 5911 us, in TMR at 0xF5FF8C4000
    33      0.290 psp: command 7 (id 6, type 4, 267440 bytes): rc 0, status 0x0, 5968 us, in TMR at 0xF5FF800000
    34      0.292 psp: command 8 (id 6, type 5, 896 bytes): rc 0, status 0x0, 130 us, in TMR at 0x0
    35      0.298 psp: command 9 (id 6, type 4, 267440 bytes): rc 0, status 0x0, 5961 us, in TMR at 0xF5FF800000
    36      0.298 psp: command 10 (id 6, type 6, 896 bytes): rc 0, status 0x0, 130 us, in TMR at 0x0
    37      0.298 psp: command 11 (id 6, type 8, 25088 bytes): rc 0, status 0x0, 1688 us, in TMR at 0x0
    38      0.298 psp: op 1 -> 0x00000000, result 0, 15 writes, 11 of 11 commands
    39      0.298 startup: entering IH initialization
    40      0.302 ih: init: rc 0, 20 writes
    41      0.302 ih: op 1 -> 0x00000000, result 0, 21 writes; 0 interrupt routine calls, 0 ours, 0 DPCs, 0 vectors; status idle 1 input_idle 1 bif_interrupt_line 0
    42      0.302 startup: entering GFX initialization
    43      0.304 startup: entering GFX stage 1
    44      0.310 gfx: stage 1 (doorbell aperture): rc 0, 73 writes so far, 1 us
    45      0.310 gfx: op 1 to stage 1 -> 0x00000000, result 0, 73 writes, 0 doorbells
    46      0.312 startup: entering GFX stage 2
    47      0.314 gfx: stage 2 (golden registers): rc 0, 34 writes so far, 25 us
    48      0.314 gfx: op 1 to stage 2 -> 0x00000000, result 0, 34 writes, 0 doorbells
    49      0.316 startup: entering GFX stage 3
    50      0.318 gfx: stage 3 (GRBM CAM probe): rc 0, 3 writes so far, 3 us
    51      0.318 gfx: op 1 to stage 3 -> 0x00000000, result 0, 3 writes, 0 doorbells
    52      0.320 startup: entering GFX stage 4
FILE_END ring-20260923-152600-426.log sha256_before=222C987AD64C52B534E19C2E181B218909BE4B1C1D4CD34054EB35A39B8EAB82 sha256_after=222C987AD64C52B534E19C2E181B218909BE4B1C1D4CD34054EB35A39B8EAB82 bytes_after=4066 stable=True
END ring-20260923-152600-426.log utc=2026-09-23T17:45:11.2452255Z
BEGIN ring-20260923-152600-428.log utc=2026-09-23T17:45:11.2452255Z
FILE ring-20260923-152600-428.log bytes=4231 modified=2026-09-23T15:26:00.4309290Z
bc250kmd 0x00070065 log snapshot: 55 lines, 0 lost to the wrap, 0 dropped above DISPATCH_LEVEL
     0      0.000 stage 10
     1      0.002 gate: EnableFullWddm 1 (one shot: closed again on disk)
     2      0.004 stage 20
     3      0.144 stage 30
     4      0.146 stage 31
     5      0.148 stage 32
     6      0.148 post display 1920x1200 pitch 7680 format 22 target 2424833
     7      0.148 stage 33
     8      0.150 stage 34
     9      0.150 interrupt resource 1: message, vector 0x80, flags 0x3
    10      0.150 mmio: BAR5 at 0xFE800000 mapped, writes off, dcn writes off, vidpn flip off
    11      0.150 vram: 0x270000000 + 0x200000000, MC 0xF400000000, BAR0 0xC0000000 + 0x10000000, writes allowed
    12      0.150 fb sample mapped: phys 0xC0000000 first 0x00000000 mid 0x00000000
    13      0.150 fb sample physical: 0x270000000 first 0x00000000 mid 0x00000000
    14      0.150 gart: ready, dummy page at 0x26FFFA000
    15      0.150 psp: ready
    16      0.150 gpumem: ready, doorbells at 0xD0000000
    17      0.150 gfx: ready, GPU submission allowed, paging node allowed
    18      0.150 ih: ready
    19      0.166 vidmm: logical paging state 515 tables, 1031 slots, 4767344 bytes reserved
    20      0.170 vidmm: table segment 3 at physical 0x45E150000 + 0xFEB0000, host memory below 0x270000000, updates are WRITTEN
    21      0.170 startup: entering interrupt connection
    22      0.174 startup: entering firmware preparation
    23      0.178 startup: entering GART initialization
    24      0.192 gart: op 1 -> 0x00000000 (-), result 0, 285 writes, fault offset 0x00000
    25      0.192 startup: entering PSP initialization
    26      0.264 amdgpu[0]: reserve 0x400000 from 0xf5ff800000 for PSP TMR

    27      0.264 psp: command 1 (id 5, type 0, 4194304 bytes): rc 0, status 0x0, 278 us, in TMR at 0x0
    28      0.266 psp: command 2 (id 6, type 9, 33536 bytes): rc 0, status 0x0, 1907 us, in TMR at 0x0
    29      0.268 psp: command 3 (id 6, type 10, 33536 bytes): rc 0, status 0x0, 1892 us, in TMR at 0x0
    30      0.274 psp: command 4 (id 6, type 3, 263040 bytes): rc 0, status 0x0, 5881 us, in TMR at 0xF5FF842000
    31      0.280 psp: command 5 (id 6, type 2, 263168 bytes): rc 0, status 0x0, 5911 us, in TMR at 0xF5FF883000
    32      0.284 psp: command 6 (id 6, type 1, 263168 bytes): rc 0, status 0x0, 5911 us, in TMR at 0xF5FF8C4000
    33      0.290 psp: command 7 (id 6, type 4, 267440 bytes): rc 0, status 0x0, 5968 us, in TMR at 0xF5FF800000
    34      0.292 psp: command 8 (id 6, type 5, 896 bytes): rc 0, status 0x0, 130 us, in TMR at 0x0
    35      0.298 psp: command 9 (id 6, type 4, 267440 bytes): rc 0, status 0x0, 5961 us, in TMR at 0xF5FF800000
    36      0.298 psp: command 10 (id 6, type 6, 896 bytes): rc 0, status 0x0, 130 us, in TMR at 0x0
    37      0.298 psp: command 11 (id 6, type 8, 25088 bytes): rc 0, status 0x0, 1688 us, in TMR at 0x0
    38      0.298 psp: op 1 -> 0x00000000, result 0, 15 writes, 11 of 11 commands
    39      0.298 startup: entering IH initialization
    40      0.302 ih: init: rc 0, 20 writes
    41      0.302 ih: op 1 -> 0x00000000, result 0, 21 writes; 0 interrupt routine calls, 0 ours, 0 DPCs, 0 vectors; status idle 1 input_idle 1 bif_interrupt_line 0
    42      0.302 startup: entering GFX initialization
    43      0.304 startup: entering GFX stage 1
    44      0.310 gfx: stage 1 (doorbell aperture): rc 0, 73 writes so far, 1 us
    45      0.310 gfx: op 1 to stage 1 -> 0x00000000, result 0, 73 writes, 0 doorbells
    46      0.312 startup: entering GFX stage 2
    47      0.314 gfx: stage 2 (golden registers): rc 0, 34 writes so far, 25 us
    48      0.314 gfx: op 1 to stage 2 -> 0x00000000, result 0, 34 writes, 0 doorbells
    49      0.316 startup: entering GFX stage 3
    50      0.318 gfx: stage 3 (GRBM CAM probe): rc 0, 3 writes so far, 3 us
    51      0.318 gfx: op 1 to stage 3 -> 0x00000000, result 0, 3 writes, 0 doorbells
    52      0.320 startup: entering GFX stage 4
    53      0.322 gfx: stage 4 (constants): rc 0, 157 writes so far, 59 us
    54      0.322 gfx: op 1 to stage 4 -> 0x00000000, result 0, 157 writes, 0 doorbells
FILE_END ring-20260923-152600-428.log sha256_before=31593D7A50A7587D771DBF732B849D9B9981BEA370BA6CB461BB57B7E01570CA sha256_after=31593D7A50A7587D771DBF732B849D9B9981BEA370BA6CB461BB57B7E01570CA bytes_after=4231 stable=True
END ring-20260923-152600-428.log utc=2026-09-23T17:45:11.2552380Z
BEGIN ring-20260923-152600-430.log utc=2026-09-23T17:45:11.2552380Z
FILE ring-20260923-152600-430.log bytes=4280 modified=2026-09-23T15:26:00.4329308Z
bc250kmd 0x00070065 log snapshot: 56 lines, 0 lost to the wrap, 0 dropped above DISPATCH_LEVEL
     0      0.000 stage 10
     1      0.002 gate: EnableFullWddm 1 (one shot: closed again on disk)
     2      0.004 stage 20
     3      0.144 stage 30
     4      0.146 stage 31
     5      0.148 stage 32
     6      0.148 post display 1920x1200 pitch 7680 format 22 target 2424833
     7      0.148 stage 33
     8      0.150 stage 34
     9      0.150 interrupt resource 1: message, vector 0x80, flags 0x3
    10      0.150 mmio: BAR5 at 0xFE800000 mapped, writes off, dcn writes off, vidpn flip off
    11      0.150 vram: 0x270000000 + 0x200000000, MC 0xF400000000, BAR0 0xC0000000 + 0x10000000, writes allowed
    12      0.150 fb sample mapped: phys 0xC0000000 first 0x00000000 mid 0x00000000
    13      0.150 fb sample physical: 0x270000000 first 0x00000000 mid 0x00000000
    14      0.150 gart: ready, dummy page at 0x26FFFA000
    15      0.150 psp: ready
    16      0.150 gpumem: ready, doorbells at 0xD0000000
    17      0.150 gfx: ready, GPU submission allowed, paging node allowed
    18      0.150 ih: ready
    19      0.166 vidmm: logical paging state 515 tables, 1031 slots, 4767344 bytes reserved
    20      0.170 vidmm: table segment 3 at physical 0x45E150000 + 0xFEB0000, host memory below 0x270000000, updates are WRITTEN
    21      0.170 startup: entering interrupt connection
    22      0.174 startup: entering firmware preparation
    23      0.178 startup: entering GART initialization
    24      0.192 gart: op 1 -> 0x00000000 (-), result 0, 285 writes, fault offset 0x00000
    25      0.192 startup: entering PSP initialization
    26      0.264 amdgpu[0]: reserve 0x400000 from 0xf5ff800000 for PSP TMR

    27      0.264 psp: command 1 (id 5, type 0, 4194304 bytes): rc 0, status 0x0, 278 us, in TMR at 0x0
    28      0.266 psp: command 2 (id 6, type 9, 33536 bytes): rc 0, status 0x0, 1907 us, in TMR at 0x0
    29      0.268 psp: command 3 (id 6, type 10, 33536 bytes): rc 0, status 0x0, 1892 us, in TMR at 0x0
    30      0.274 psp: command 4 (id 6, type 3, 263040 bytes): rc 0, status 0x0, 5881 us, in TMR at 0xF5FF842000
    31      0.280 psp: command 5 (id 6, type 2, 263168 bytes): rc 0, status 0x0, 5911 us, in TMR at 0xF5FF883000
    32      0.284 psp: command 6 (id 6, type 1, 263168 bytes): rc 0, status 0x0, 5911 us, in TMR at 0xF5FF8C4000
    33      0.290 psp: command 7 (id 6, type 4, 267440 bytes): rc 0, status 0x0, 5968 us, in TMR at 0xF5FF800000
    34      0.292 psp: command 8 (id 6, type 5, 896 bytes): rc 0, status 0x0, 130 us, in TMR at 0x0
    35      0.298 psp: command 9 (id 6, type 4, 267440 bytes): rc 0, status 0x0, 5961 us, in TMR at 0xF5FF800000
    36      0.298 psp: command 10 (id 6, type 6, 896 bytes): rc 0, status 0x0, 130 us, in TMR at 0x0
    37      0.298 psp: command 11 (id 6, type 8, 25088 bytes): rc 0, status 0x0, 1688 us, in TMR at 0x0
    38      0.298 psp: op 1 -> 0x00000000, result 0, 15 writes, 11 of 11 commands
    39      0.298 startup: entering IH initialization
    40      0.302 ih: init: rc 0, 20 writes
    41      0.302 ih: op 1 -> 0x00000000, result 0, 21 writes; 0 interrupt routine calls, 0 ours, 0 DPCs, 0 vectors; status idle 1 input_idle 1 bif_interrupt_line 0
    42      0.302 startup: entering GFX initialization
    43      0.304 startup: entering GFX stage 1
    44      0.310 gfx: stage 1 (doorbell aperture): rc 0, 73 writes so far, 1 us
    45      0.310 gfx: op 1 to stage 1 -> 0x00000000, result 0, 73 writes, 0 doorbells
    46      0.312 startup: entering GFX stage 2
    47      0.314 gfx: stage 2 (golden registers): rc 0, 34 writes so far, 25 us
    48      0.314 gfx: op 1 to stage 2 -> 0x00000000, result 0, 34 writes, 0 doorbells
    49      0.316 startup: entering GFX stage 3
    50      0.318 gfx: stage 3 (GRBM CAM probe): rc 0, 3 writes so far, 3 us
    51      0.318 gfx: op 1 to stage 3 -> 0x00000000, result 0, 3 writes, 0 doorbells
    52      0.320 startup: entering GFX stage 4
    53      0.322 gfx: stage 4 (constants): rc 0, 157 writes so far, 59 us
    54      0.322 gfx: op 1 to stage 4 -> 0x00000000, result 0, 157 writes, 0 doorbells
    55      0.324 startup: entering GFX stage 5
FILE_END ring-20260923-152600-430.log sha256_before=7B6B6EC67C9F7414CE0D52D5F051D3597E21BEBA0DE8AEC32FA7CA0DADDD114C sha256_after=7B6B6EC67C9F7414CE0D52D5F051D3597E21BEBA0DE8AEC32FA7CA0DADDD114C bytes_after=4280 stable=True
END ring-20260923-152600-430.log utc=2026-09-23T17:45:11.2672149Z
BEGIN ring-20260923-152600-432.log utc=2026-09-23T17:45:11.2672149Z
FILE ring-20260923-152600-432.log bytes=4436 modified=2026-09-23T15:26:00.4349324Z
bc250kmd 0x00070065 log snapshot: 58 lines, 0 lost to the wrap, 0 dropped above DISPATCH_LEVEL
     0      0.000 stage 10
     1      0.002 gate: EnableFullWddm 1 (one shot: closed again on disk)
     2      0.004 stage 20
     3      0.144 stage 30
     4      0.146 stage 31
     5      0.148 stage 32
     6      0.148 post display 1920x1200 pitch 7680 format 22 target 2424833
     7      0.148 stage 33
     8      0.150 stage 34
     9      0.150 interrupt resource 1: message, vector 0x80, flags 0x3
    10      0.150 mmio: BAR5 at 0xFE800000 mapped, writes off, dcn writes off, vidpn flip off
    11      0.150 vram: 0x270000000 + 0x200000000, MC 0xF400000000, BAR0 0xC0000000 + 0x10000000, writes allowed
    12      0.150 fb sample mapped: phys 0xC0000000 first 0x00000000 mid 0x00000000
    13      0.150 fb sample physical: 0x270000000 first 0x00000000 mid 0x00000000
    14      0.150 gart: ready, dummy page at 0x26FFFA000
    15      0.150 psp: ready
    16      0.150 gpumem: ready, doorbells at 0xD0000000
    17      0.150 gfx: ready, GPU submission allowed, paging node allowed
    18      0.150 ih: ready
    19      0.166 vidmm: logical paging state 515 tables, 1031 slots, 4767344 bytes reserved
    20      0.170 vidmm: table segment 3 at physical 0x45E150000 + 0xFEB0000, host memory below 0x270000000, updates are WRITTEN
    21      0.170 startup: entering interrupt connection
    22      0.174 startup: entering firmware preparation
    23      0.178 startup: entering GART initialization
    24      0.192 gart: op 1 -> 0x00000000 (-), result 0, 285 writes, fault offset 0x00000
    25      0.192 startup: entering PSP initialization
    26      0.264 amdgpu[0]: reserve 0x400000 from 0xf5ff800000 for PSP TMR

    27      0.264 psp: command 1 (id 5, type 0, 4194304 bytes): rc 0, status 0x0, 278 us, in TMR at 0x0
    28      0.266 psp: command 2 (id 6, type 9, 33536 bytes): rc 0, status 0x0, 1907 us, in TMR at 0x0
    29      0.268 psp: command 3 (id 6, type 10, 33536 bytes): rc 0, status 0x0, 1892 us, in TMR at 0x0
    30      0.274 psp: command 4 (id 6, type 3, 263040 bytes): rc 0, status 0x0, 5881 us, in TMR at 0xF5FF842000
    31      0.280 psp: command 5 (id 6, type 2, 263168 bytes): rc 0, status 0x0, 5911 us, in TMR at 0xF5FF883000
    32      0.284 psp: command 6 (id 6, type 1, 263168 bytes): rc 0, status 0x0, 5911 us, in TMR at 0xF5FF8C4000
    33      0.290 psp: command 7 (id 6, type 4, 267440 bytes): rc 0, status 0x0, 5968 us, in TMR at 0xF5FF800000
    34      0.292 psp: command 8 (id 6, type 5, 896 bytes): rc 0, status 0x0, 130 us, in TMR at 0x0
    35      0.298 psp: command 9 (id 6, type 4, 267440 bytes): rc 0, status 0x0, 5961 us, in TMR at 0xF5FF800000
    36      0.298 psp: command 10 (id 6, type 6, 896 bytes): rc 0, status 0x0, 130 us, in TMR at 0x0
    37      0.298 psp: command 11 (id 6, type 8, 25088 bytes): rc 0, status 0x0, 1688 us, in TMR at 0x0
    38      0.298 psp: op 1 -> 0x00000000, result 0, 15 writes, 11 of 11 commands
    39      0.298 startup: entering IH initialization
    40      0.302 ih: init: rc 0, 20 writes
    41      0.302 ih: op 1 -> 0x00000000, result 0, 21 writes; 0 interrupt routine calls, 0 ours, 0 DPCs, 0 vectors; status idle 1 input_idle 1 bif_interrupt_line 0
    42      0.302 startup: entering GFX initialization
    43      0.304 startup: entering GFX stage 1
    44      0.310 gfx: stage 1 (doorbell aperture): rc 0, 73 writes so far, 1 us
    45      0.310 gfx: op 1 to stage 1 -> 0x00000000, result 0, 73 writes, 0 doorbells
    46      0.312 startup: entering GFX stage 2
    47      0.314 gfx: stage 2 (golden registers): rc 0, 34 writes so far, 25 us
    48      0.314 gfx: op 1 to stage 2 -> 0x00000000, result 0, 34 writes, 0 doorbells
    49      0.316 startup: entering GFX stage 3
    50      0.318 gfx: stage 3 (GRBM CAM probe): rc 0, 3 writes so far, 3 us
    51      0.318 gfx: op 1 to stage 3 -> 0x00000000, result 0, 3 writes, 0 doorbells
    52      0.320 startup: entering GFX stage 4
    53      0.322 gfx: stage 4 (constants): rc 0, 157 writes so far, 59 us
    54      0.322 gfx: op 1 to stage 4 -> 0x00000000, result 0, 157 writes, 0 doorbells
    55      0.324 startup: entering GFX stage 5
    56      0.326 gfx: stage 5 (RLC): rc 0, 7 writes so far, 132 us
    57      0.326 gfx: op 1 to stage 5 -> 0x00000000, result 0, 7 writes, 0 doorbells
FILE_END ring-20260923-152600-432.log sha256_before=85136A5F9DE5C333F1D057F509B13C760714BE4C0B0007819EE669F8BD373C46 sha256_after=85136A5F9DE5C333F1D057F509B13C760714BE4C0B0007819EE669F8BD373C46 bytes_after=4436 stable=True
END ring-20260923-152600-432.log utc=2026-09-23T17:45:11.2792248Z
BEGIN ring-20260923-152600-434.log utc=2026-09-23T17:45:11.2792248Z
FILE ring-20260923-152600-434.log bytes=4485 modified=2026-09-23T15:26:00.4369342Z
bc250kmd 0x00070065 log snapshot: 59 lines, 0 lost to the wrap, 0 dropped above DISPATCH_LEVEL
     0      0.000 stage 10
     1      0.002 gate: EnableFullWddm 1 (one shot: closed again on disk)
     2      0.004 stage 20
     3      0.144 stage 30
     4      0.146 stage 31
     5      0.148 stage 32
     6      0.148 post display 1920x1200 pitch 7680 format 22 target 2424833
     7      0.148 stage 33
     8      0.150 stage 34
     9      0.150 interrupt resource 1: message, vector 0x80, flags 0x3
    10      0.150 mmio: BAR5 at 0xFE800000 mapped, writes off, dcn writes off, vidpn flip off
    11      0.150 vram: 0x270000000 + 0x200000000, MC 0xF400000000, BAR0 0xC0000000 + 0x10000000, writes allowed
    12      0.150 fb sample mapped: phys 0xC0000000 first 0x00000000 mid 0x00000000
    13      0.150 fb sample physical: 0x270000000 first 0x00000000 mid 0x00000000
    14      0.150 gart: ready, dummy page at 0x26FFFA000
    15      0.150 psp: ready
    16      0.150 gpumem: ready, doorbells at 0xD0000000
    17      0.150 gfx: ready, GPU submission allowed, paging node allowed
    18      0.150 ih: ready
    19      0.166 vidmm: logical paging state 515 tables, 1031 slots, 4767344 bytes reserved
    20      0.170 vidmm: table segment 3 at physical 0x45E150000 + 0xFEB0000, host memory below 0x270000000, updates are WRITTEN
    21      0.170 startup: entering interrupt connection
    22      0.174 startup: entering firmware preparation
    23      0.178 startup: entering GART initialization
    24      0.192 gart: op 1 -> 0x00000000 (-), result 0, 285 writes, fault offset 0x00000
    25      0.192 startup: entering PSP initialization
    26      0.264 amdgpu[0]: reserve 0x400000 from 0xf5ff800000 for PSP TMR

    27      0.264 psp: command 1 (id 5, type 0, 4194304 bytes): rc 0, status 0x0, 278 us, in TMR at 0x0
    28      0.266 psp: command 2 (id 6, type 9, 33536 bytes): rc 0, status 0x0, 1907 us, in TMR at 0x0
    29      0.268 psp: command 3 (id 6, type 10, 33536 bytes): rc 0, status 0x0, 1892 us, in TMR at 0x0
    30      0.274 psp: command 4 (id 6, type 3, 263040 bytes): rc 0, status 0x0, 5881 us, in TMR at 0xF5FF842000
    31      0.280 psp: command 5 (id 6, type 2, 263168 bytes): rc 0, status 0x0, 5911 us, in TMR at 0xF5FF883000
    32      0.284 psp: command 6 (id 6, type 1, 263168 bytes): rc 0, status 0x0, 5911 us, in TMR at 0xF5FF8C4000
    33      0.290 psp: command 7 (id 6, type 4, 267440 bytes): rc 0, status 0x0, 5968 us, in TMR at 0xF5FF800000
    34      0.292 psp: command 8 (id 6, type 5, 896 bytes): rc 0, status 0x0, 130 us, in TMR at 0x0
    35      0.298 psp: command 9 (id 6, type 4, 267440 bytes): rc 0, status 0x0, 5961 us, in TMR at 0xF5FF800000
    36      0.298 psp: command 10 (id 6, type 6, 896 bytes): rc 0, status 0x0, 130 us, in TMR at 0x0
    37      0.298 psp: command 11 (id 6, type 8, 25088 bytes): rc 0, status 0x0, 1688 us, in TMR at 0x0
    38      0.298 psp: op 1 -> 0x00000000, result 0, 15 writes, 11 of 11 commands
    39      0.298 startup: entering IH initialization
    40      0.302 ih: init: rc 0, 20 writes
    41      0.302 ih: op 1 -> 0x00000000, result 0, 21 writes; 0 interrupt routine calls, 0 ours, 0 DPCs, 0 vectors; status idle 1 input_idle 1 bif_interrupt_line 0
    42      0.302 startup: entering GFX initialization
    43      0.304 startup: entering GFX stage 1
    44      0.310 gfx: stage 1 (doorbell aperture): rc 0, 73 writes so far, 1 us
    45      0.310 gfx: op 1 to stage 1 -> 0x00000000, result 0, 73 writes, 0 doorbells
    46      0.312 startup: entering GFX stage 2
    47      0.314 gfx: stage 2 (golden registers): rc 0, 34 writes so far, 25 us
    48      0.314 gfx: op 1 to stage 2 -> 0x00000000, result 0, 34 writes, 0 doorbells
    49      0.316 startup: entering GFX stage 3
    50      0.318 gfx: stage 3 (GRBM CAM probe): rc 0, 3 writes so far, 3 us
    51      0.318 gfx: op 1 to stage 3 -> 0x00000000, result 0, 3 writes, 0 doorbells
    52      0.320 startup: entering GFX stage 4
    53      0.322 gfx: stage 4 (constants): rc 0, 157 writes so far, 59 us
    54      0.322 gfx: op 1 to stage 4 -> 0x00000000, result 0, 157 writes, 0 doorbells
    55      0.324 startup: entering GFX stage 5
    56      0.326 gfx: stage 5 (RLC): rc 0, 7 writes so far, 132 us
    57      0.326 gfx: op 1 to stage 5 -> 0x00000000, result 0, 7 writes, 0 doorbells
    58      0.328 startup: entering GFX stage 6
FILE_END ring-20260923-152600-434.log sha256_before=33560E222F0F3F02BDF656DB3FB7DA43C186FE47E5BB90164574B48140607E20 sha256_after=33560E222F0F3F02BDF656DB3FB7DA43C186FE47E5BB90164574B48140607E20 bytes_after=4485 stable=True
END ring-20260923-152600-434.log utc=2026-09-23T17:45:11.2892501Z
BEGIN ring-20260923-152600-436.log utc=2026-09-23T17:45:11.2912340Z
FILE ring-20260923-152600-436.log bytes=4532 modified=2026-09-23T15:26:00.4389360Z
bc250kmd 0x00070065 log snapshot: 60 lines, 0 lost to the wrap, 0 dropped above DISPATCH_LEVEL
     0      0.000 stage 10
     1      0.002 gate: EnableFullWddm 1 (one shot: closed again on disk)
     2      0.004 stage 20
     3      0.144 stage 30
     4      0.146 stage 31
     5      0.148 stage 32
     6      0.148 post display 1920x1200 pitch 7680 format 22 target 2424833
     7      0.148 stage 33
     8      0.150 stage 34
     9      0.150 interrupt resource 1: message, vector 0x80, flags 0x3
    10      0.150 mmio: BAR5 at 0xFE800000 mapped, writes off, dcn writes off, vidpn flip off
    11      0.150 vram: 0x270000000 + 0x200000000, MC 0xF400000000, BAR0 0xC0000000 + 0x10000000, writes allowed
    12      0.150 fb sample mapped: phys 0xC0000000 first 0x00000000 mid 0x00000000
    13      0.150 fb sample physical: 0x270000000 first 0x00000000 mid 0x00000000
    14      0.150 gart: ready, dummy page at 0x26FFFA000
    15      0.150 psp: ready
    16      0.150 gpumem: ready, doorbells at 0xD0000000
    17      0.150 gfx: ready, GPU submission allowed, paging node allowed
    18      0.150 ih: ready
    19      0.166 vidmm: logical paging state 515 tables, 1031 slots, 4767344 bytes reserved
    20      0.170 vidmm: table segment 3 at physical 0x45E150000 + 0xFEB0000, host memory below 0x270000000, updates are WRITTEN
    21      0.170 startup: entering interrupt connection
    22      0.174 startup: entering firmware preparation
    23      0.178 startup: entering GART initialization
    24      0.192 gart: op 1 -> 0x00000000 (-), result 0, 285 writes, fault offset 0x00000
    25      0.192 startup: entering PSP initialization
    26      0.264 amdgpu[0]: reserve 0x400000 from 0xf5ff800000 for PSP TMR

    27      0.264 psp: command 1 (id 5, type 0, 4194304 bytes): rc 0, status 0x0, 278 us, in TMR at 0x0
    28      0.266 psp: command 2 (id 6, type 9, 33536 bytes): rc 0, status 0x0, 1907 us, in TMR at 0x0
    29      0.268 psp: command 3 (id 6, type 10, 33536 bytes): rc 0, status 0x0, 1892 us, in TMR at 0x0
    30      0.274 psp: command 4 (id 6, type 3, 263040 bytes): rc 0, status 0x0, 5881 us, in TMR at 0xF5FF842000
    31      0.280 psp: command 5 (id 6, type 2, 263168 bytes): rc 0, status 0x0, 5911 us, in TMR at 0xF5FF883000
    32      0.284 psp: command 6 (id 6, type 1, 263168 bytes): rc 0, status 0x0, 5911 us, in TMR at 0xF5FF8C4000
    33      0.290 psp: command 7 (id 6, type 4, 267440 bytes): rc 0, status 0x0, 5968 us, in TMR at 0xF5FF800000
    34      0.292 psp: command 8 (id 6, type 5, 896 bytes): rc 0, status 0x0, 130 us, in TMR at 0x0
    35      0.298 psp: command 9 (id 6, type 4, 267440 bytes): rc 0, status 0x0, 5961 us, in TMR at 0xF5FF800000
    36      0.298 psp: command 10 (id 6, type 6, 896 bytes): rc 0, status 0x0, 130 us, in TMR at 0x0
    37      0.298 psp: command 11 (id 6, type 8, 25088 bytes): rc 0, status 0x0, 1688 us, in TMR at 0x0
    38      0.298 psp: op 1 -> 0x00000000, result 0, 15 writes, 11 of 11 commands
    39      0.298 startup: entering IH initialization
    40      0.302 ih: init: rc 0, 20 writes
    41      0.302 ih: op 1 -> 0x00000000, result 0, 21 writes; 0 interrupt routine calls, 0 ours, 0 DPCs, 0 vectors; status idle 1 input_idle 1 bif_interrupt_line 0
    42      0.302 startup: entering GFX initialization
    43      0.304 startup: entering GFX stage 1
    44      0.310 gfx: stage 1 (doorbell aperture): rc 0, 73 writes so far, 1 us
    45      0.310 gfx: op 1 to stage 1 -> 0x00000000, result 0, 73 writes, 0 doorbells
    46      0.312 startup: entering GFX stage 2
    47      0.314 gfx: stage 2 (golden registers): rc 0, 34 writes so far, 25 us
    48      0.314 gfx: op 1 to stage 2 -> 0x00000000, result 0, 34 writes, 0 doorbells
    49      0.316 startup: entering GFX stage 3
    50      0.318 gfx: stage 3 (GRBM CAM probe): rc 0, 3 writes so far, 3 us
    51      0.318 gfx: op 1 to stage 3 -> 0x00000000, result 0, 3 writes, 0 doorbells
    52      0.320 startup: entering GFX stage 4
    53      0.322 gfx: stage 4 (constants): rc 0, 157 writes so far, 59 us
    54      0.322 gfx: op 1 to stage 4 -> 0x00000000, result 0, 157 writes, 0 doorbells
    55      0.324 startup: entering GFX stage 5
    56      0.326 gfx: stage 5 (RLC): rc 0, 7 writes so far, 132 us
    57      0.326 gfx: op 1 to stage 5 -> 0x00000000, result 0, 7 writes, 0 doorbells
    58      0.328 startup: entering GFX stage 6
    59      0.330 startup: entering CP step 1
FILE_END ring-20260923-152600-436.log sha256_before=605605297C2D48D4BC9B80B34D5E74767E35769EA649A05328FF2CAD18AA5AD6 sha256_after=605605297C2D48D4BC9B80B34D5E74767E35769EA649A05328FF2CAD18AA5AD6 bytes_after=4532 stable=True
END ring-20260923-152600-436.log utc=2026-09-23T17:45:11.3012435Z
END persisted_startup_logs utc=2026-09-23T17:45:11.3012435Z
BEGIN before-install.log utc=2026-09-23T17:45:11.3032622Z
FILE before-install.log bytes=312 modified=2026-09-23T15:25:12.0383821Z


EnableFullWddm    : 0
LastStage         : 50
StageHistory      : 10 20 30 31 32 33 34 35 39 50 
UnconfirmedStarts : 2
KeepLog           : 1



FILE_END before-install.log sha256_before=081FCBA66255AC2D1F3263C56BF005DF5132CDDB166CBB8B655F80B96D09F169 sha256_after=081FCBA66255AC2D1F3263C56BF005DF5132CDDB166CBB8B655F80B96D09F169 bytes_after=312 stable=True
END before-install.log utc=2026-09-23T17:45:11.3212610Z
BEGIN old-driver.log utc=2026-09-23T17:45:11.3212610Z
FILE old-driver.log bytes=172122 modified=2026-09-23T15:25:12.1044387Z
log          427651 lines since this driver load, 426627 lost to the wrap, 0 dropped above DISPATCH_LEVEL; ring 1024 lines of which the first 256 are kept; table FULL WDDM (the gate was open at DriverEntry)
     0      0.008 stage 10
     1      0.008 gate: EnableFullWddm 1 (one shot: closed again on disk)
     2      0.008 stage 20
     3      0.078 stage 30
     4      0.080 stage 31
     5      0.080 stage 32
     6      0.080 post display 1920x1200 pitch 7680 format 22 target 2424833
     7      0.080 stage 33
     8      0.082 stage 34
     9      0.082 interrupt resource 1: message, vector 0x80, flags 0x3
    10      0.082 mmio: BAR5 at 0xFE800000 mapped, writes off, dcn writes off, vidpn flip off
    11      0.082 vram: 0x270000000 + 0x200000000, MC 0xF400000000, BAR0 0xC0000000 + 0x10000000, writes allowed
    12      0.082 fb sample mapped: phys 0xC0000000 first 0x00000000 mid 0x00000000
    13      0.082 fb sample physical: 0x270000000 first 0x00000000 mid 0x00000000
    14      0.082 gart: ready, dummy page at 0x26FFFA000
    15      0.082 psp: ready
    16      0.082 gpumem: ready, doorbells at 0xD0000000
    17      0.082 gfx: ready, GPU submission allowed, paging node allowed
    18      0.082 ih: ready
    19      0.084 vidmm: logical paging state 515 tables, 1031 slots, 4767344 bytes reserved
    20      0.084 vidmm: table segment 3 at physical 0x45E150000 + 0xFEB0000, host memory below 0x270000000, updates are WRITTEN
    21      0.084 startup: entering interrupt connection
    22      0.086 startup: entering firmware preparation
    23      0.090 startup: entering GART initialization
    24      0.102 gart: op 1 -> 0x00000000 (-), result 0, 285 writes, fault offset 0x00000
    25      0.102 startup: entering PSP initialization
    26      0.172 amdgpu[0]: reserve 0x400000 from 0xf5ff800000 for PSP TMR

    27      0.172 psp: command 1 (id 5, type 0, 4194304 bytes): rc 0, status 0x0, 262 us, in TMR at 0x0
    28      0.174 psp: command 2 (id 6, type 9, 33536 bytes): rc 0, status 0x0, 1956 us, in TMR at 0x0
    29      0.176 psp: command 3 (id 6, type 10, 33536 bytes): rc 0, status 0x0, 1935 us, in TMR at 0x0
    30      0.182 psp: command 4 (id 6, type 3, 263040 bytes): rc 0, status 0x0, 5883 us, in TMR at 0xF5FF842000
    31      0.188 psp: command 5 (id 6, type 2, 263168 bytes): rc 0, status 0x0, 5917 us, in TMR at 0xF5FF883000
    32      0.192 psp: command 6 (id 6, type 1, 263168 bytes): rc 0, status 0x0, 5904 us, in TMR at 0xF5FF8C4000
    33      0.198 psp: command 7 (id 6, type 4, 267440 bytes): rc 0, status 0x0, 5954 us, in TMR at 0xF5FF800000
    34      0.200 psp: command 8 (id 6, type 5, 896 bytes): rc 0, status 0x0, 130 us, in TMR at 0x0
    35      0.204 psp: command 9 (id 6, type 4, 267440 bytes): rc 0, status 0x0, 5954 us, in TMR at 0xF5FF800000
    36      0.206 psp: command 10 (id 6, type 6, 896 bytes): rc 0, status 0x0, 130 us, in TMR at 0x0
    37      0.206 psp: command 11 (id 6, type 8, 25088 bytes): rc 0, status 0x0, 1736 us, in TMR at 0x0
    38      0.206 psp: op 1 -> 0x00000000, result 0, 15 writes, 11 of 11 commands
    39      0.206 startup: entering IH initialization
    40      0.208 ih: init: rc 0, 20 writes
    41      0.208 ih: op 1 -> 0x00000000, result 0, 21 writes; 0 interrupt routine calls, 0 ours, 0 DPCs, 0 vectors; status idle 1 input_idle 1 bif_interrupt_line 0
    42      0.208 startup: entering GFX initialization
    43      0.210 startup: entering GFX stage 1
    44      0.214 gfx: stage 1 (doorbell aperture): rc 0, 73 writes so far, 1 us
    45      0.214 gfx: op 1 to stage 1 -> 0x00000000, result 0, 73 writes, 0 doorbells
    46      0.216 startup: entering GFX stage 2
    47      0.216 gfx: stage 2 (golden registers): rc 0, 34 writes so far, 25 us
    48      0.216 gfx: op 1 to stage 2 -> 0x00000000, result 0, 34 writes, 0 doorbells
    49      0.218 startup: entering GFX stage 3
    50      0.220 gfx: stage 3 (GRBM CAM probe): rc 0, 3 writes so far, 3 us
    51      0.220 gfx: op 1 to stage 3 -> 0x00000000, result 0, 3 writes, 0 doorbells
    52      0.220 startup: entering GFX stage 4
    53      0.222 gfx: stage 4 (constants): rc 0, 157 writes so far, 61 us
    54      0.222 gfx: op 1 to stage 4 -> 0x00000000, result 0, 157 writes, 0 doorbells
    55      0.222 startup: entering GFX stage 5
    56      0.224 gfx: stage 5 (RLC): rc 0, 8 writes so far, 133 us
    57      0.224 gfx: op 1 to stage 5 -> 0x00000000, result 0, 8 writes, 0 doorbells
    58      0.226 startup: entering GFX stage 6
    59      0.226 startup: entering CP step 1
    60      0.228 amdgpu[0]: CP resume kiq-init begin

    61      0.228 amdgpu[0]: CP resume kiq-init end result=0

    62      0.228 gfx: CP step 1: rc 0, 27 writes, 40 us
    63      0.228 gfx: op 1 to stage 6 -> 0x00000000, result 0, 27 writes, 0 doorbells
    64      0.228 startup: CP step 1 returned 0x00000000 result 0
    65      0.230 startup: entering CP step 2
    66      0.230 amdgpu[0]: CP resume compute-unhalt begin

    67      0.230 amdgpu[0]: CP resume compute-unhalt end

    68      0.230 amdgpu[0]: CP resume kcq-init ring=0 begin

    69      0.230 amdgpu[0]: CP resume kcq-init ring=0 end result=0

    70      0.230 amdgpu[0]: CP resume kcq-init ring=1 begin

    71      0.230 amdgpu[0]: CP resume kcq-init ring=1 end result=0

    72      0.230 amdgpu[0]: CP resume kcq-init ring=2 begin

    73      0.230 amdgpu[0]: CP resume kcq-init ring=2 end result=0

    74      0.230 amdgpu[0]: CP resume kcq-init ring=3 begin

    75      0.230 amdgpu[0]: CP resume kcq-init ring=3 end result=0

    76      0.230 amdgpu[0]: CP resume kcq-init ring=4 begin

    77      0.230 amdgpu[0]: CP resume kcq-init ring=4 end result=0

    78      0.230 amdgpu[0]: CP resume kcq-init ring=5 begin

    79      0.230 amdgpu[0]: CP resume kcq-init ring=5 end result=0

    80      0.230 amdgpu[0]: CP resume kcq-init ring=6 begin

    81      0.230 amdgpu[0]: CP resume kcq-init ring=6 end result=0

    82      0.230 amdgpu[0]: CP resume kcq-init ring=7 begin

    83      0.230 amdgpu[0]: CP resume kcq-init ring=7 end result=0

    84      0.230 gfx: CP step 2: rc 0, 17 writes, 236 us
    85      0.230 gfx: op 1 to stage 6 -> 0x00000000, result 0, 17 writes, 0 doorbells
    86      0.230 startup: CP step 2 returned 0x00000000 result 0
    87      0.232 startup: entering CP step 3
    88      0.234 amdgpu[0]: CP resume kcq-enable begin

    89      0.234 amdgpu[0]: CP resume kcq-enable end result=0

    90      0.234 gfx: CP step 3: rc 0, 1 writes, 50 us
    91      0.234 gfx: op 1 to stage 6 -> 0x00000000, result 0, 1 writes, 2 doorbells
    92      0.234 startup: CP step 3 returned 0x00000000 result 0
    93      0.234 startup: entering CP step 4
    94      0.236 amdgpu[0]: CP resume kgq-init ring=0 begin

    95      0.236 amdgpu[0]: CP resume kgq-init ring=0 end result=0

    96      0.236 gfx: CP step 4: rc 0, 4 writes, 28 us
    97      0.236 gfx: op 1 to stage 6 -> 0x00000000, result 0, 4 writes, 0 doorbells
    98      0.236 startup: CP step 4 returned 0x00000000 result 0
    99      0.236 startup: entering CP step 5
   100      0.238 amdgpu[0]: CP resume kgq-enable begin

   101      0.238 amdgpu[0]: CP resume kgq-enable end result=0

   102      0.238 gfx: CP step 5: rc 0, 1 writes, 22 us
   103      0.238 gfx: op 1 to stage 6 -> 0x00000000, result 0, 1 writes, 2 doorbells
   104      0.238 startup: CP step 5 returned 0x00000000 result 0
   105      0.240 startup: entering CP step 6
   106      0.240 amdgpu[0]: CP resume gfx-start begin

   107      0.240 amdgpu[0]: CP resume gfx-start end result=0

   108      0.240 gfx: CP step 6: rc 0, 3 writes, 25 us
   109      0.240 gfx: op 1 to stage 6 -> 0x00000000, result 0, 3 writes, 1 doorbells
   110      0.240 startup: CP step 6 returned 0x00000000 result 0
   111      0.242 startup: entering CP step 7
   112      0.244 amdgpu[0]: CP resume gfx-test ring=0 begin

   113      0.244 amdgpu[0]: CP resume gfx-test ring=0 end result=0

   114      0.244 gfx: CP step 7: rc 0, 1 writes, 14 us
   115      0.244 gfx: op 1 to stage 6 -> 0x00000000, result 0, 1 writes, 1 doorbells
   116      0.244 startup: CP step 7 returned 0x00000000 result 0
   117      0.244 startup: entering CP step 8
   118      0.246 amdgpu[0]: CP resume compute-test ring=0 begin

   119      0.246 amdgpu[0]: CP resume compute-test ring=0 end result=0

   120      0.246 amdgpu[0]: CP resume compute-test ring=1 begin

   121      0.246 amdgpu[0]: CP resume compute-test ring=1 end result=0

   122      0.246 amdgpu[0]: CP resume compute-test ring=2 begin

   123      0.246 amdgpu[0]: CP resume compute-test ring=2 end result=0

   124      0.246 amdgpu[0]: CP resume compute-test ring=3 begin

   125      0.246 amdgpu[0]: CP resume compute-test ring=3 end result=0

   126      0.246 amdgpu[0]: CP resume compute-test ring=4 begin

   127      0.246 amdgpu[0]: CP resume compute-test ring=4 end result=0

   128      0.246 amdgpu[0]: CP resume compute-test ring=5 begin

   129      0.246 amdgpu[0]: CP resume compute-test ring=5 end result=0

   130      0.246 amdgpu[0]: CP resume compute-test ring=6 begin

   131      0.246 amdgpu[0]: CP resume compute-test ring=6 end result=0

   132      0.246 amdgpu[0]: CP resume compute-test ring=7 begin

   133      0.246 amdgpu[0]: CP resume compute-test ring=7 end result=0

   134      0.246 gfx: CP step 8: rc 0, 8 writes, 69 us
   135      0.246 gfx: op 1 to stage 6 -> 0x00000000, result 0, 8 writes, 8 doorbells
   136      0.246 startup: CP step 8 returned 0x00000000 result 0
   137      0.248 startup: entering GFX stage 7
   138      0.250 gfx: stage 7 (SDMA): rc 0, 93 writes so far, 114 us
   139      0.250 gfx: op 1 to stage 7 -> 0x00000000, result 0, 93 writes, 2 doorbells
   140      0.252 startup: entering GFX stage 8
   141      0.252 gfx: stage 8 (interrupt sources): rc 0, 35 writes so far, 24 us
   142      0.252 gfx: paging node ready, SDMA0 doorbell 0x200, per-buffer private commands
   143      0.252 gfx: op 1 to stage 8 -> 0x00000000, result 0, 35 writes, 0 doorbells
   144      0.254 startup: both engines ready
   145      0.256 startup: attempted 0xF completed 0xF status 0x00000000 ready 1 unwind 0 quarantine 0
   146      0.256 wddm: GPU initialized before adapter admission
   147      0.256 wddm: callbacks sync 1 notify 1 queuedpc 1 notifydpc 1, interface 312 of 312 bytes
   148      0.256 stage 35
   149      0.256 stage 39
   150      0.256 wddm: display QueryChildRelations call 1 detail 0x38 -> 0x00000000
   151      0.256 wddm: DRIVERCAPS into 576 bytes: wddm 8192 sched 0x45 mm 0x60 flip 0x12 slots 0 tdr 1 dflip 1 rot 1
   152      0.256 wddm: QueryAdapterInfo type 1 in 0 out 576 -> 0x00000000
   153      0.256 wddm: QueryAdapterInfo type 15 in 4 out 20 -> 0xC00000BB
   154      0.256 wddm: QueryAdapterInfo type 47 in 0 out 4 -> 0xC00000BB
   155      0.256 wddm: QueryAdapterInfo type 13 in 4 out 24 -> 0x00000000
   156      0.256 wddm: QueryAdapterInfo type 14 in 4 out 20 -> 0x00000000
   157      0.256 wddm: QueryAdapterInfo type 14 in 4 out 20 -> 0x00000000
   158      0.256 wddm: QueryAdapterInfo type 14 in 4 out 20 -> 0x00000000
   159      0.256 wddm: QueryAdapterInfo type 14 in 4 out 20 -> 0x00000000
   160      0.256 wddm: GetNodeMetadata node 0 adapter 0
   161      0.256 wddm: GetNodeMetadata node 1 adapter 0
   162      0.258 wddm: QUERYSEGMENT4 pass 1: 3 segment(s)
   163      0.258 wddm: QUERYSEGMENT4 pass 2: 3 segment(s), stride 104, paging buffer segment 0, 65536 bytes
   164      0.258 wddm: segment 1 flags 0x00080404 gpu 0xF4008D0000 cpu 0x2708D0000 size 0x1ED880000
   165      0.258 wddm: QueryAdapterInfo type 16 in 0 out 4 -> 0xC00000BB
   166      0.258 wddm: CreateProcess flags 0x00000001 pasids 1
   167      0.258 wddm: CreateDevice flags 0x00000001 pasid 0
   168      0.258 wddm: CreateDevice flags 0x00000001 pasid 0
   169      0.258 wddm: CreateContext node 1 engine 0x1 flags 0x00000005 private 0
   170      0.258 wddm: CreateContext answered dma 4096 bytes segment set 0x2, lists 256/0, caps 0x00000001
   171      0.258 wddm: BuildPagingBuffer operation 11 segment 0, 65536 bytes free, pass offset 0
   172      0.258 vidmm: CPU update level 0 mode 0 start 0 count 512 status 0x00000000
   173      0.258 wddm: BuildPagingBuffer operation 11 segment 0, 65536 bytes free, pass offset 0
   174      0.258 vidmm: CPU update level 0 mode 0 start 0 count 512 status 0x00000000
   175      0.258 wddm: BuildPagingBuffer operation 11 segment 0, 65536 bytes free, pass offset 0
   176      0.258 vidmm: CPU update level 0 mode 0 start 0 count 512 status 0x00000000
   177      0.258 wddm: BuildPagingBuffer operation 11 segment 0, 65536 bytes free, pass offset 0
   178      0.260 vidmm: CPU update level 0 mode 0 start 0 count 512 status 0x00000000
   179      0.260 vidmm: CPU update level 0 mode 0 start 0 count 512 status 0x00000000
   180      0.260 vidmm: CPU update level 0 mode 0 start 0 count 512 status 0x00000000
   181      0.260 vidmm: CPU update level 0 mode 0 start 0 count 512 status 0x00000000
   182      0.260 vidmm: CPU update level 0 mode 0 start 0 count 512 status 0x00000000
   183      0.290 wddm: SetRootPageTable segment 3 offset 0x0, 512 entries
   184      0.290 vidmm: root page table 3:0x0 = physical 0x45E150000, 512 entries (the VMID is pointed at it by the first packet)
   185      0.290 wddm: display QueryDeviceDescriptor call 1 detail 0x250001 -> 0xC01D0001
   186      0.290 wddm: display QueryDeviceDescriptor call 2 detail 0x250001 -> 0xC01D0001
   187      0.290 wddm: display RecommendMonitorModes call 1 detail 0x0 -> 0x00000000
   188      0.292 wddm: display IsSupportedVidPn call 1 detail 0x0 -> 0x00000000
   189      0.292 wddm: display IsSupportedVidPn call 2 detail 0x0 -> 0x00000000
   190      0.292 wddm: display IsSupportedVidPn call 3 detail 0x0 -> 0x00000000
   191      0.292 wddm: display EnumVidPnCofuncModality call 1 detail 0x0 -> 0x00000000
   192      0.292 wddm: display IsSupportedVidPn call 4 detail 0x0 -> 0x00000000
   193      0.292 wddm: display EnumVidPnCofuncModality call 2 detail 0x0 -> 0x00000000
   194      0.292 wddm: display IsSupportedVidPn call 5 detail 0x0 -> 0x00000000
   195      0.292 wddm: display EnumVidPnCofuncModality call 3 detail 0x0 -> 0x00000000
   196      0.292 wddm: display IsSupportedVidPn call 6 detail 0x0 -> 0x00000000
   197      0.292 wddm: display EnumVidPnCofuncModality call 4 detail 0x0 -> 0x00000000
   198      0.292 wddm: display EnumVidPnCofuncModality call 5 detail 0x0 -> 0x00000000
   199      0.294 wddm: CreateProcess flags 0x00000002 pasids 1
   200      0.294 wddm: CreateDevice flags 0x00000002 pasid 0
   201      0.294 wddm: CreateContext node 0 engine 0x1 flags 0x00000006 private 0
   202      0.294 wddm: CreateContext answered dma 4096 bytes segment set 0x2, lists 256/0, caps 0x00000001
   203      0.294 wddm: SubmitCommandVirtual fence 1 node 1 flags 0x00000001 va 0x0 size 4024
   204      0.294 gfx: paging submit, 1006 dwords from private buffer at 0x0, seq 1
   205      0.294 wddm: SubmitCommandVirtual fence 2 node 1 flags 0x00000001 va 0x0 size 4072
   206      0.294 gfx: paging submit, 1018 dwords from private buffer at 0x0, seq 2
   207      0.294 wddm: SubmitCommandVirtual fence 3 node 1 flags 0x00000001 va 0x0 size 4016
   208      0.294 gfx: paging submit, 1004 dwords from private buffer at 0x0, seq 3
   209      0.294 wddm: SubmitCommandVirtual fence 4 node 1 flags 0x00000001 va 0x0 size 4016
   210      0.294 gfx: paging submit, 1004 dwords from private buffer at 0x0, seq 4
   211      0.294 wddm: BuildPagingBuffer operation 12 segment 0, 64720 bytes free, pass offset 0
   212      0.294 wddm: SubmitCommandVirtual fence 5 node 1 flags 0x00000001 va 0x0 size 876
   213      0.294 gfx: paging submit, 219 dwords from private buffer at 0x0, seq 5
   214      0.294 wddm: BuildPagingBuffer operation 12 segment 0, 64596 bytes free, pass offset 0
   215      0.294 wddm: SubmitCommandVirtual fence 6 node 1 flags 0x00000001 va 0x36C size 124
   216      0.294 gfx: paging submit, 31 dwords from private buffer at 0x36C, seq 6
   217      0.294 wddm: display EnumVidPnCofuncModality call 6 detail 0x0 -> 0x00000000
   218      0.294 wddm: GetStandardAllocationDriverData type 1 1920x1200 format 21 -> 9216000 bytes
   219      0.294 wddm: GetStandardAllocationDriverData type 1 1920x1200 format 21 -> 9216000 bytes
   220      0.294 wddm: CreateAllocation 1 allocations, flags 1 resource yes
   221      0.294 wddm: OpenAllocation [0] handle 0x40001040 private 32 bytes -> FFFFD209671E8830 (GetHandleData said 0000000000000000)
   222      0.294 wddm: OpenAllocation 1 allocations flags 0x00000001
   223      0.294 wddm: SubmitCommandVirtual fence 7 node 1 flags 0x00000001 va 0x3E8 size 3072
   224      0.294 gfx: paging submit, 768 dwords from private buffer at 0x3E8, seq 7
   225      0.294 wddm: SubmitCommandVirtual fence 8 node 1 flags 0x00000001 va 0x0 size 4016
   226      0.294 gfx: paging submit, 1004 dwords from private buffer at 0x0, seq 8
   227      0.294 gfx: paging submit, 1004 dwords from private buffer at 0x0, seq 9
   228      0.294 gfx: paging submit, 1004 dwords from private buffer at 0x0, seq 10
   229      0.294 wddm: BuildPagingBuffer operation 12 segment 0, 62152 bytes free, pass offset 0
   230      0.294 wddm: BuildPagingBuffer operation 9 segment 0, 62092 bytes free, pass offset 0
   231      0.294 amdgpu[2]: ring alloc of 16 dwords exceeds max_dw 12

   232      0.294 wddm: BuildPagingBuffer operation 9 segment 0, 65536 bytes free, pass offset 29
   233      0.294 gfx: paging submit, 1006 dwords from private buffer at 0x0, seq 11
   234      0.294 amdgpu[2]: ring alloc of 16 dwords exceeds max_dw 13

   235      0.294 wddm: BuildPagingBuffer operation 9 segment 0, 65536 bytes free, pass offset 230
   236      0.294 gfx: paging submit, 1005 dwords from private buffer at 0x0, seq 12
   237      0.294 amdgpu[2]: ring alloc of 16 dwords exceeds max_dw 13

   238      0.296 gfx: paging submit, 1005 dwords from private buffer at 0x0, seq 13
   239      0.296 wddm: BuildPagingBuffer operation 9 segment 0, 65536 bytes free, pass offset 431
   240      0.296 amdgpu[2]: ring alloc of 16 dwords exceeds max_dw 13

   241      0.296 gfx: paging submit, 1005 dwords from private buffer at 0x0, seq 14
   242      0.296 amdgpu[2]: ring alloc of 16 dwords exceeds max_dw 13

   243      0.296 gfx: paging submit, 1005 dwords from private buffer at 0x0, seq 15
   244      0.296 amdgpu[2]: ring alloc of 16 dwords exceeds max_dw 13

   245      0.296 gfx: paging submit, 1005 dwords from private buffer at 0x0, seq 16
   246      0.296 amdgpu[2]: ring alloc of 16 dwords exceeds max_dw 13

   247      0.296 gfx: paging submit, 1005 dwords from private buffer at 0x0, seq 17
   248      0.296 amdgpu[2]: ring alloc of 16 dwords exceeds max_dw 13

   249      0.296 gfx: paging submit, 1005 dwords from private buffer at 0x0, seq 18
   250      0.296 amdgpu[2]: ring alloc of 16 dwords exceeds max_dw 13

   251      0.296 gfx: paging submit, 1005 dwords from private buffer at 0x0, seq 19
   252      0.298 amdgpu[2]: ring alloc of 16 dwords exceeds max_dw 13

   253      0.298 gfx: paging submit, 1005 dwords from private buffer at 0x0, seq 20
   254      0.298 amdgpu[2]: ring alloc of 16 dwords exceeds max_dw 13

   255      0.298 gfx: paging submit, 1005 dwords from private buffer at 0x0, seq 21
426883   5103.747 amdgpu[2]: ring alloc of 16 dwords exceeds max_dw 13

426884   5103.747 gfx: paging submit, 1005 dwords from private buffer at 0x0, seq 294758
426885   5103.747 amdgpu[2]: ring alloc of 16 dwords exceeds max_dw 13

426886   5103.749 gfx: paging submit, 1005 dwords from private buffer at 0x0, seq 294759
426887   5103.749 amdgpu[2]: ring alloc of 16 dwords exceeds max_dw 13

426888   5103.749 gfx: paging submit, 1005 dwords from private buffer at 0x0, seq 294760
426889   5103.749 amdgpu[2]: ring alloc of 16 dwords exceeds max_dw 13

426890   5103.749 gfx: paging submit, 1005 dwords from private buffer at 0x0, seq 294761
426891   5103.749 amdgpu[2]: ring alloc of 16 dwords exceeds max_dw 13

426892   5103.749 gfx: paging submit, 1005 dwords from private buffer at 0x0, seq 294762
426893   5103.749 amdgpu[2]: ring alloc of 16 dwords exceeds max_dw 13

426894   5103.749 gfx: paging submit, 1005 dwords from private buffer at 0x0, seq 294763
426895   5103.749 amdgpu[2]: ring alloc of 16 dwords exceeds max_dw 13

426896   5103.749 gfx: paging submit, 1005 dwords from private buffer at 0x0, seq 294764
426897   5103.749 amdgpu[2]: ring alloc of 16 dwords exceeds max_dw 13

426898   5103.749 gfx: paging submit, 1005 dwords from private buffer at 0x0, seq 294765
426899   5103.749 amdgpu[2]: ring alloc of 16 dwords exceeds max_dw 13

426900   5103.751 gfx: paging submit, 1005 dwords from private buffer at 0x0, seq 294766
426901   5103.751 amdgpu[2]: ring alloc of 16 dwords exceeds max_dw 13

426902   5103.751 gfx: paging submit, 1005 dwords from private buffer at 0x0, seq 294767
426903   5103.751 gfx: paging submit, 530 dwords from private buffer at 0x0, seq 294768
426904   5103.751 gfx: paging submit, 478 dwords from private buffer at 0x848, seq 294769
426905   5103.751 gfx: paging submit, 1004 dwords from private buffer at 0x0, seq 294770
426906   5103.751 gfx: paging submit, 1004 dwords from private buffer at 0x0, seq 294771
426907   5103.751 gfx: paging submit, 1004 dwords from private buffer at 0x0, seq 294772
426908   5103.751 gfx: paging submit, 1004 dwords from private buffer at 0x0, seq 294773
426909   5103.751 gfx: paging submit, 351 dwords from private buffer at 0x0, seq 294774
426910   5103.751 gfx: paging submit, 656 dwords from private buffer at 0x57C, seq 294775
426911   5103.751 gfx: paging submit, 396 dwords from private buffer at 0x0, seq 294776
426912   5103.751 gfx: paging submit, 608 dwords from private buffer at 0x630, seq 294777
426913   5103.751 gfx: paging submit, 444 dwords from private buffer at 0x0, seq 294778
426914   5103.751 gfx: paging submit, 560 dwords from private buffer at 0x6F0, seq 294779
426915   5103.751 gfx: paging submit, 492 dwords from private buffer at 0x0, seq 294780
426916   5103.751 gfx: paging submit, 512 dwords from private buffer at 0x7B0, seq 294781
426917   5103.751 gfx: paging submit, 540 dwords from private buffer at 0x0, seq 294782
426918   5103.751 gfx: paging submit, 464 dwords from private buffer at 0x870, seq 294783
426919   5103.751 gfx: paging submit, 641 dwords from private buffer at 0x0, seq 294784
426920   5103.751 gfx: paging submit, 368 dwords from private buffer at 0xA04, seq 294785
426921   5103.751 gfx: paging submit, 1004 dwords from private buffer at 0x0, seq 294786
426922   5103.751 gfx: paging submit, 1004 dwords from private buffer at 0x0, seq 294787
426923   5103.751 gfx: paging submit, 1004 dwords from private buffer at 0x0, seq 294788
426924   5103.751 gfx: paging submit, 1004 dwords from private buffer at 0x0, seq 294789
426925   5103.751 amdgpu[2]: ring alloc of 16 dwords exceeds max_dw 12

426926   5103.751 gfx: paging submit, 1006 dwords from private buffer at 0x0, seq 294790
426927   5103.753 amdgpu[2]: ring alloc of 16 dwords exceeds max_dw 13

426928   5103.753 gfx: paging submit, 1005 dwords from private buffer at 0x0, seq 294791
426929   5103.753 amdgpu[2]: ring alloc of 16 dwords exceeds max_dw 13

426930   5103.753 gfx: paging submit, 1005 dwords from private buffer at 0x0, seq 294792
426931   5103.753 amdgpu[2]: ring alloc of 16 dwords exceeds max_dw 13

426932   5103.753 gfx: paging submit, 1005 dwords from private buffer at 0x0, seq 294793
426933   5103.753 amdgpu[2]: ring alloc of 16 dwords exceeds max_dw 13

426934   5103.753 gfx: paging submit, 1005 dwords from private buffer at 0x0, seq 294794
426935   5103.753 amdgpu[2]: ring alloc of 16 dwords exceeds max_dw 13

426936   5103.753 gfx: paging submit, 1005 dwords from private buffer at 0x0, seq 294795
426937   5103.753 amdgpu[2]: ring alloc of 16 dwords exceeds max_dw 13

426938   5103.753 gfx: paging submit, 1005 dwords from private buffer at 0x0, seq 294796
426939   5103.753 amdgpu[2]: ring alloc of 16 dwords exceeds max_dw 13

426940   5103.753 gfx: paging submit, 1005 dwords from private buffer at 0x0, seq 294797
426941   5103.755 amdgpu[2]: ring alloc of 16 dwords exceeds max_dw 13

426942   5103.755 gfx: paging submit, 1005 dwords from private buffer at 0x0, seq 294798
426943   5103.755 amdgpu[2]: ring alloc of 16 dwords exceeds max_dw 13

426944   5103.755 gfx: paging submit, 1005 dwords from private buffer at 0x0, seq 294799
426945   5103.755 amdgpu[2]: ring alloc of 16 dwords exceeds max_dw 13

426946   5103.755 gfx: paging submit, 1005 dwords from private buffer at 0x0, seq 294800
426947   5103.755 gfx: paging submit, 465 dwords from private buffer at 0x0, seq 294801
426948   5103.755 gfx: paging submit, 544 dwords from private buffer at 0x744, seq 294802
426949   5103.755 gfx: paging submit, 974 dwords from private buffer at 0x0, seq 294803
426950   5103.755 gfx: paging submit, 1006 dwords from private buffer at 0x0, seq 294804
426951   5103.755 gfx: paging submit, 1004 dwords from private buffer at 0x0, seq 294805
426952   5103.755 gfx: paging submit, 1004 dwords from private buffer at 0x0, seq 294806
426953   5103.755 gfx: paging submit, 653 dwords from private buffer at 0x0, seq 294807
426954   5103.755 gfx: paging submit, 280 dwords from private buffer at 0x0, seq 294808
426955   5103.755 gfx: paging submit, 736 dwords from private buffer at 0x460, seq 294809
426956   5103.755 gfx: paging submit, 316 dwords from private buffer at 0x0, seq 294810
426957   5103.755 gfx: paging submit, 688 dwords from private buffer at 0x4F0, seq 294811
426958   5103.755 gfx: paging submit, 364 dwords from private buffer at 0x0, seq 294812
426959   5103.755 gfx: paging submit, 640 dwords from private buffer at 0x5B0, seq 294813
426960   5103.755 gfx: paging submit, 412 dwords from private buffer at 0x0, seq 294814
426961   5103.755 gfx: paging submit, 598 dwords from private buffer at 0x670, seq 294815
426962   5103.755 gfx: paging submit, 505 dwords from private buffer at 0x0, seq 294816
426963   5103.755 wddm: software vsync on, 16 ms period, target 2424833
426964   5103.757 gfx: paging submit, 31 dwords from private buffer at 0x7E4, seq 294817
426965   5103.757 gfx: paging submit, 31 dwords from private buffer at 0x860, seq 294818
426966   5103.757 gfx: paging submit, 448 dwords from private buffer at 0x8DC, seq 294819
426967   5103.757 gfx: paging submit, 1012 dwords from private buffer at 0x0, seq 294820
426968   5103.757 gfx: paging submit, 59 dwords from private buffer at 0x0, seq 294821
426969   5103.757 gfx: paging submit, 15 dwords from private buffer at 0xEC, seq 294822
426970   5103.757 gfx: paging submit, 39 dwords from private buffer at 0x128, seq 294823
426971   5103.757 gfx: paging submit, 15 dwords from private buffer at 0x1C4, seq 294824
426972   5103.777 wddm: malformed virtual present rejected
426973   5106.109 gfx: paging submit, 31 dwords from private buffer at 0x200, seq 294825
426974   5106.109 gfx: paging submit, 846 dwords from private buffer at 0x27C, seq 294826
426975   5106.109 gfx: paging submit, 265 dwords from private buffer at 0x0, seq 294827
426976   5106.111 wddm: software vsync off after 315581 ticks
426977   5106.111 gfx: paging submit, 752 dwords from private buffer at 0x424, seq 294828
426978   5106.111 gfx: paging submit, 1004 dwords from private buffer at 0x0, seq 294829
426979   5106.111 gfx: paging submit, 1004 dwords from private buffer at 0x0, seq 294830
426980   5106.111 gfx: paging submit, 1004 dwords from private buffer at 0x0, seq 294831
426981   5106.111 amdgpu[2]: ring alloc of 16 dwords exceeds max_dw 11

426982   5106.111 gfx: paging submit, 1007 dwords from private buffer at 0x0, seq 294832
426983   5106.113 amdgpu[2]: ring alloc of 16 dwords exceeds max_dw 13

426984   5106.113 gfx: paging submit, 1005 dwords from private buffer at 0x0, seq 294833
426985   5106.113 amdgpu[2]: ring alloc of 16 dwords exceeds max_dw 13

426986   5106.113 gfx: paging submit, 1005 dwords from private buffer at 0x0, seq 294834
426987   5106.113 amdgpu[2]: ring alloc of 16 dwords exceeds max_dw 13

426988   5106.113 gfx: paging submit, 1005 dwords from private buffer at 0x0, seq 294835
426989   5106.113 amdgpu[2]: ring alloc of 16 dwords exceeds max_dw 13

426990   5106.113 gfx: paging submit, 1005 dwords from private buffer at 0x0, seq 294836
426991   5106.113 amdgpu[2]: ring alloc of 16 dwords exceeds max_dw 13

426992   5106.113 gfx: paging submit, 1005 dwords from private buffer at 0x0, seq 294837
426993   5106.113 amdgpu[2]: ring alloc of 16 dwords exceeds max_dw 13

426994   5106.113 gfx: paging submit, 1005 dwords from private buffer at 0x0, seq 294838
426995   5106.113 amdgpu[2]: ring alloc of 16 dwords exceeds max_dw 13

426996   5106.113 gfx: paging submit, 1005 dwords from private buffer at 0x0, seq 294839
426997   5106.113 amdgpu[2]: ring alloc of 16 dwords exceeds max_dw 13

426998   5106.115 gfx: paging submit, 1005 dwords from private buffer at 0x0, seq 294840
426999   5106.115 amdgpu[2]: ring alloc of 16 dwords exceeds max_dw 13

427000   5106.115 gfx: paging submit, 1005 dwords from private buffer at 0x0, seq 294841
427001   5106.115 amdgpu[2]: ring alloc of 16 dwords exceeds max_dw 13

427002   5106.115 gfx: paging submit, 1005 dwords from private buffer at 0x0, seq 294842
427003   5106.115 amdgpu[2]: ring alloc of 16 dwords exceeds max_dw 13

427004   5106.115 gfx: paging submit, 1005 dwords from private buffer at 0x0, seq 294843
427005   5106.115 gfx: paging submit, 65 dwords from private buffer at 0x0, seq 294844
427006   5106.115 gfx: paging submit, 948 dwords from private buffer at 0x104, seq 294845
427007   5106.115 gfx: paging submit, 1004 dwords from private buffer at 0x0, seq 294846
427008   5106.115 gfx: paging submit, 1004 dwords from private buffer at 0x0, seq 294847
427009   5106.115 gfx: paging submit, 1004 dwords from private buffer at 0x0, seq 294848
427010   5106.115 gfx: paging submit, 1004 dwords from private buffer at 0x0, seq 294849
427011   5106.115 gfx: paging submit, 95 dwords from private buffer at 0x0, seq 294850
427012   5106.115 gfx: paging submit, 912 dwords from private buffer at 0x17C, seq 294851
427013   5106.115 gfx: paging submit, 140 dwords from private buffer at 0x0, seq 294852
427014   5106.115 gfx: paging submit, 864 dwords from private buffer at 0x230, seq 294853
427015   5106.115 gfx: paging submit, 188 dwords from private buffer at 0x0, seq 294854
427016   5106.115 gfx: paging submit, 816 dwords from private buffer at 0x2F0, seq 294855
427017   5106.115 gfx: paging submit, 236 dwords from private buffer at 0x0, seq 294856
427018   5106.115 gfx: paging submit, 768 dwords from private buffer at 0x3B0, seq 294857
427019   5106.115 gfx: paging submit, 284 dwords from private buffer at 0x0, seq 294858
427020   5106.115 gfx: paging submit, 720 dwords from private buffer at 0x470, seq 294859
427021   5106.115 gfx: paging submit, 385 dwords from private buffer at 0x0, seq 294860
427022   5106.117 gfx: paging submit, 624 dwords from private buffer at 0x604, seq 294861
427023   5106.117 gfx: paging submit, 1004 dwords from private buffer at 0x0, seq 294862
427024   5106.117 gfx: paging submit, 1004 dwords from private buffer at 0x0, seq 294863
427025   5106.117 gfx: paging submit, 1004 dwords from private buffer at 0x0, seq 294864
427026   5106.117 amdgpu[2]: ring alloc of 16 dwords exceeds max_dw 13

427027   5106.117 gfx: paging submit, 1005 dwords from private buffer at 0x0, seq 294865
427028   5106.117 amdgpu[2]: ring alloc of 16 dwords exceeds max_dw 13

427029   5106.117 gfx: paging submit, 1005 dwords from private buffer at 0x0, seq 294866
427030   5106.117 amdgpu[2]: ring alloc of 16 dwords exceeds max_dw 13

427031   5106.117 gfx: paging submit, 1005 dwords from private buffer at 0x0, seq 294867
427032   5106.117 amdgpu[2]: ring alloc of 16 dwords exceeds max_dw 13

427033   5106.117 gfx: paging submit, 1005 dwords from private buffer at 0x0, seq 294868
427034   5106.117 amdgpu[2]: ring alloc of 16 dwords exceeds max_dw 13

427035   5106.117 gfx: paging submit, 1005 dwords from private buffer at 0x0, seq 294869
427036   5106.117 amdgpu[2]: ring alloc of 16 dwords exceeds max_dw 13

427037   5106.117 gfx: paging submit, 1005 dwords from private buffer at 0x0, seq 294870
427038   5106.117 amdgpu[2]: ring alloc of 16 dwords exceeds max_dw 13

427039   5106.117 gfx: paging submit, 1005 dwords from private buffer at 0x0, seq 294871
427040   5106.117 amdgpu[2]: ring alloc of 16 dwords exceeds max_dw 13

427041   5106.119 gfx: paging submit, 1005 dwords from private buffer at 0x0, seq 294872
427042   5106.119 amdgpu[2]: ring alloc of 16 dwords exceeds max_dw 13

427043   5106.119 gfx: paging submit, 1005 dwords from private buffer at 0x0, seq 294873
427044   5106.119 amdgpu[2]: ring alloc of 16 dwords exceeds max_dw 13

427045   5106.119 gfx: paging submit, 1005 dwords from private buffer at 0x0, seq 294874
427046   5106.119 amdgpu[2]: ring alloc of 16 dwords exceeds max_dw 13

427047   5106.119 gfx: paging submit, 1005 dwords from private buffer at 0x0, seq 294875
427048   5106.119 amdgpu[2]: ring alloc of 16 dwords exceeds max_dw 13

427049   5106.119 gfx: paging submit, 1005 dwords from private buffer at 0x0, seq 294876
427050   5106.119 gfx: paging submit, 195 dwords from private buffer at 0x0, seq 294877
427051   5106.119 gfx: paging submit, 816 dwords from private buffer at 0x30C, seq 294878
427052   5106.119 gfx: paging submit, 974 dwords from private buffer at 0x0, seq 294879
427053   5106.119 gfx: paging submit, 1006 dwords from private buffer at 0x0, seq 294880
427054   5106.119 gfx: paging submit, 1004 dwords from private buffer at 0x0, seq 294881
427055   5106.119 gfx: paging submit, 1004 dwords from private buffer at 0x0, seq 294882
427056   5106.119 gfx: paging submit, 653 dwords from private buffer at 0x0, seq 294883
427057   5106.119 gfx: paging submit, 202 dwords from private buffer at 0x0, seq 294884
427058   5106.121 gfx: paging submit, 816 dwords from private buffer at 0x328, seq 294885
427059   5106.121 gfx: paging submit, 236 dwords from private buffer at 0x0, seq 294886
427060   5106.121 gfx: paging submit, 768 dwords from private buffer at 0x3B0, seq 294887
427061   5106.121 gfx: paging submit, 284 dwords from private buffer at 0x0, seq 294888
427062   5106.121 gfx: paging submit, 720 dwords from private buffer at 0x470, seq 294889
427063   5106.121 gfx: paging submit, 332 dwords from private buffer at 0x0, seq 294890
427064   5106.121 gfx: paging submit, 680 dwords from private buffer at 0x530, seq 294891
427065   5106.121 gfx: paging submit, 423 dwords from private buffer at 0x0, seq 294892
427066   5106.121 wddm: software vsync on, 16 ms period, target 2424833
427067   5106.121 gfx: paging submit, 31 dwords from private buffer at 0x69C, seq 294893
427068   5106.121 gfx: paging submit, 31 dwords from private buffer at 0x718, seq 294894
427069   5106.121 gfx: paging submit, 528 dwords from private buffer at 0x794, seq 294895
427070   5106.121 gfx: paging submit, 977 dwords from private buffer at 0x0, seq 294896
427071   5106.121 gfx: paging submit, 15 dwords from private buffer at 0xF44, seq 294897
427072   5106.121 gfx: paging submit, 16 dwords from private buffer at 0xF80, seq 294898
427073   5106.121 gfx: paging submit, 39 dwords from private buffer at 0x0, seq 294899
427074   5106.121 gfx: paging submit, 15 dwords from private buffer at 0x9C, seq 294900
427075   5106.141 wddm: malformed virtual present rejected
427076   5108.377 gfx: paging submit, 31 dwords from private buffer at 0xD8, seq 294901
427077   5108.377 gfx: paging submit, 31 dwords from private buffer at 0x154, seq 294902
427078   5108.377 gfx: paging submit, 39 dwords from private buffer at 0x1D0, seq 294903
427079   5108.377 gfx: paging submit, 15 dwords from private buffer at 0x26C, seq 294904
427080   5108.377 gfx: paging submit, 41 dwords from private buffer at 0x2A8, seq 294905
427081   5108.377 gfx: paging submit, 16 dwords from private buffer at 0x34C, seq 294906
427082   5108.377 gfx: paging submit, 16 dwords from private buffer at 0x38C, seq 294907
427083   5108.377 gfx: paging submit, 766 dwords from private buffer at 0x3CC, seq 294908
427084   5108.377 gfx: paging submit, 1018 dwords from private buffer at 0x0, seq 294909
427085   5108.377 gfx: paging submit, 1004 dwords from private buffer at 0x0, seq 294910
427086   5108.379 gfx: paging submit, 1004 dwords from private buffer at 0x0, seq 294911
427087   5108.379 gfx: paging submit, 459 dwords from private buffer at 0x0, seq 294912
427088   5108.379 gfx: paging submit, 31 dwords from private buffer at 0x72C, seq 294913
427089   5108.379 wddm: software vsync off after 315722 ticks
427090   5108.381 gfx: paging submit, 528 dwords from private buffer at 0x7A8, seq 294914
427091   5108.381 gfx: paging submit, 1004 dwords from private buffer at 0x0, seq 294915
427092   5108.381 gfx: paging submit, 1004 dwords from private buffer at 0x0, seq 294916
427093   5108.381 gfx: paging submit, 1004 dwords from private buffer at 0x0, seq 294917
427094   5108.381 gfx: paging submit, 1004 dwords from private buffer at 0x0, seq 294918
427095   5108.381 amdgpu[2]: ring alloc of 16 dwords exceeds max_dw 12

427096   5108.381 gfx: paging submit, 1006 dwords from private buffer at 0x0, seq 294919
427097   5108.381 amdgpu[2]: ring alloc of 16 dwords exceeds max_dw 13

427098   5108.381 gfx: paging submit, 1005 dwords from private buffer at 0x0, seq 294920
427099   5108.381 amdgpu[2]: ring alloc of 16 dwords exceeds max_dw 13

427100   5108.381 gfx: paging submit, 1005 dwords from private buffer at 0x0, seq 294921
427101   5108.381 amdgpu[2]: ring alloc of 16 dwords exceeds max_dw 13

427102   5108.381 gfx: paging submit, 1005 dwords from private buffer at 0x0, seq 294922
427103   5108.381 amdgpu[2]: ring alloc of 16 dwords exceeds max_dw 13

427104   5108.381 gfx: paging submit, 1005 dwords from private buffer at 0x0, seq 294923
427105   5108.383 amdgpu[2]: ring alloc of 16 dwords exceeds max_dw 13

427106   5108.383 gfx: paging submit, 1005 dwords from private buffer at 0x0, seq 294924
427107   5108.383 amdgpu[2]: ring alloc of 16 dwords exceeds max_dw 13

427108   5108.383 gfx: paging submit, 1005 dwords from private buffer at 0x0, seq 294925
427109   5108.383 amdgpu[2]: ring alloc of 16 dwords exceeds max_dw 13

427110   5108.383 gfx: paging submit, 1005 dwords from private buffer at 0x0, seq 294926
427111   5108.383 amdgpu[2]: ring alloc of 16 dwords exceeds max_dw 13

427112   5108.383 gfx: paging submit, 1005 dwords from private buffer at 0x0, seq 294927
427113   5108.383 amdgpu[2]: ring alloc of 16 dwords exceeds max_dw 13

427114   5108.383 gfx: paging submit, 1005 dwords from private buffer at 0x0, seq 294928
427115   5108.383 amdgpu[2]: ring alloc of 16 dwords exceeds max_dw 13

427116   5108.383 gfx: paging submit, 1005 dwords from private buffer at 0x0, seq 294929
427117   5108.383 gfx: paging submit, 305 dwords from private buffer at 0x0, seq 294930
427118   5108.385 gfx: paging submit, 704 dwords from private buffer at 0x4C4, seq 294931
427119   5108.385 gfx: paging submit, 974 dwords from private buffer at 0x0, seq 294932
427120   5108.385 gfx: paging submit, 1006 dwords from private buffer at 0x0, seq 294933
427121   5108.385 gfx: paging submit, 1004 dwords from private buffer at 0x0, seq 294934
427122   5108.385 gfx: paging submit, 1004 dwords from private buffer at 0x0, seq 294935
427123   5108.385 gfx: paging submit, 653 dwords from private buffer at 0x0, seq 294936
427124   5108.385 gfx: paging submit, 312 dwords from private buffer at 0x0, seq 294937
427125   5108.385 gfx: paging submit, 704 dwords from private buffer at 0x4E0, seq 294938
427126   5108.385 gfx: paging submit, 348 dwords from private buffer at 0x0, seq 294939
427127   5108.385 gfx: paging submit, 656 dwords from private buffer at 0x570, seq 294940
427128   5108.385 gfx: paging submit, 396 dwords from private buffer at 0x0, seq 294941
427129   5108.385 gfx: paging submit, 608 dwords from private buffer at 0x630, seq 294942
427130   5108.385 gfx: paging submit, 444 dwords from private buffer at 0x0, seq 294943
427131   5108.385 gfx: paging submit, 560 dwords from private buffer at 0x6F0, seq 294944
427132   5108.385 gfx: paging submit, 543 dwords from private buffer at 0x0, seq 294945
427133   5108.385 gfx: paging submit, 464 dwords from private buffer at 0x87C, seq 294946
427134   5108.385 gfx: paging submit, 1004 dwords from private buffer at 0x0, seq 294947
427135   5108.385 gfx: paging submit, 1004 dwords from private buffer at 0x0, seq 294948
427136   5108.385 gfx: paging submit, 1004 dwords from private buffer at 0x0, seq 294949
427137   5108.385 gfx: paging submit, 1004 dwords from private buffer at 0x0, seq 294950
427138   5108.385 amdgpu[2]: ring alloc of 16 dwords exceeds max_dw 13

427139   5108.385 gfx: paging submit, 1005 dwords from private buffer at 0x0, seq 294951
427140   5108.385 amdgpu[2]: ring alloc of 16 dwords exceeds max_dw 13

427141   5108.385 gfx: paging submit, 1005 dwords from private buffer at 0x0, seq 294952
427142   5108.385 amdgpu[2]: ring alloc of 16 dwords exceeds max_dw 13

427143   5108.385 gfx: paging submit, 1005 dwords from private buffer at 0x0, seq 294953
427144   5108.387 amdgpu[2]: ring alloc of 16 dwords exceeds max_dw 13

427145   5108.387 gfx: paging submit, 1005 dwords from private buffer at 0x0, seq 294954
427146   5108.387 amdgpu[2]: ring alloc of 16 dwords exceeds max_dw 13

427147   5108.387 gfx: paging submit, 1005 dwords from private buffer at 0x0, seq 294955
427148   5108.387 amdgpu[2]: ring alloc of 16 dwords exceeds max_dw 13

427149   5108.387 gfx: paging submit, 1005 dwords from private buffer at 0x0, seq 294956
427150   5108.387 amdgpu[2]: ring alloc of 16 dwords exceeds max_dw 13

427151   5108.387 gfx: paging submit, 1005 dwords from private buffer at 0x0, seq 294957
427152   5108.387 amdgpu[2]: ring alloc of 16 dwords exceeds max_dw 13

427153   5108.387 gfx: paging submit, 1005 dwords from private buffer at 0x0, seq 294958
427154   5108.387 amdgpu[2]: ring alloc of 16 dwords exceeds max_dw 13

427155   5108.387 gfx: paging submit, 1005 dwords from private buffer at 0x0, seq 294959
427156   5108.387 amdgpu[2]: ring alloc of 16 dwords exceeds max_dw 13

427157   5108.389 gfx: paging submit, 1005 dwords from private buffer at 0x0, seq 294960
427158   5108.389 amdgpu[2]: ring alloc of 16 dwords exceeds max_dw 13

427159   5108.389 gfx: paging submit, 1005 dwords from private buffer at 0x0, seq 294961
427160   5108.389 gfx: paging submit, 370 dwords from private buffer at 0x0, seq 294962
427161   5108.389 gfx: paging submit, 646 dwords from private buffer at 0x5C8, seq 294963
427162   5108.389 gfx: paging submit, 974 dwords from private buffer at 0x0, seq 294964
427163   5108.389 gfx: paging submit, 1004 dwords from private buffer at 0x0, seq 294965
427164   5108.389 gfx: paging submit, 1004 dwords from private buffer at 0x0, seq 294966
427165   5108.389 gfx: paging submit, 1004 dwords from private buffer at 0x0, seq 294967
427166   5108.389 gfx: paging submit, 621 dwords from private buffer at 0x0, seq 294968
427167   5108.389 gfx: paging submit, 384 dwords from private buffer at 0x9B4, seq 294969
427168   5108.389 gfx: paging submit, 668 dwords from private buffer at 0x0, seq 294970
427169   5108.389 gfx: paging submit, 336 dwords from private buffer at 0xA70, seq 294971
427170   5108.389 gfx: paging submit, 716 dwords from private buffer at 0x0, seq 294972
427171   5108.389 gfx: paging submit, 288 dwords from private buffer at 0xB30, seq 294973
427172   5108.389 gfx: paging submit, 764 dwords from private buffer at 0x0, seq 294974
427173   5108.389 gfx: paging submit, 242 dwords from private buffer at 0xBF0, seq 294975
427174   5108.389 gfx: paging submit, 861 dwords from private buffer at 0x0, seq 294976
427175   5108.389 wddm: software vsync on, 16 ms period, target 2424833
427176   5108.409 wddm: malformed virtual present rejected
427177   5108.425 gfx: paging submit, 31 dwords from private buffer at 0xD74, seq 294977
427178   5108.425 gfx: paging submit, 31 dwords from private buffer at 0xDF0, seq 294978
427179   5108.425 gfx: paging submit, 80 dwords from private buffer at 0xE6C, seq 294979
427180   5108.427 gfx: paging submit, 569 dwords from private buffer at 0x0, seq 294980
427181   5108.427 gfx: paging submit, 15 dwords from private buffer at 0x8E4, seq 294981
427182   5108.427 gfx: paging submit, 39 dwords from private buffer at 0x920, seq 294982
427183   5108.427 gfx: paging submit, 16 dwords from private buffer at 0x9BC, seq 294983
427184   5108.427 gfx: paging submit, 16 dwords from private buffer at 0x9FC, seq 294984
427185   5108.427 gfx: paging submit, 350 dwords from private buffer at 0xA3C, seq 294985
427186   5108.427 gfx: paging submit, 1018 dwords from private buffer at 0x0, seq 294986
427187   5108.427 gfx: paging submit, 1004 dwords from private buffer at 0x0, seq 294987
427188   5108.427 gfx: paging submit, 1004 dwords from private buffer at 0x0, seq 294988
427189   5108.427 gfx: paging submit, 875 dwords from private buffer at 0x0, seq 294989
427190   5108.427 gfx: paging submit, 31 dwords from private buffer at 0xDAC, seq 294990
427191   5108.429 wddm: software vsync off after 315724 ticks
427192   5108.429 gfx: paging submit, 112 dwords from private buffer at 0xE28, seq 294991
427193   5108.429 gfx: paging submit, 1004 dwords from private buffer at 0x0, seq 294992
427194   5108.429 gfx: paging submit, 974 dwords from private buffer at 0x0, seq 294993
427195   5108.429 gfx: paging submit, 1002 dwords from private buffer at 0x0, seq 294994
427196   5108.429 gfx: paging submit, 1006 dwords from private buffer at 0x0, seq 294995
427197   5108.429 amdgpu[2]: ring alloc of 16 dwords exceeds max_dw 11

427198   5108.429 gfx: paging submit, 1007 dwords from private buffer at 0x0, seq 294996
427199   5108.429 amdgpu[2]: ring alloc of 16 dwords exceeds max_dw 13

427200   5108.429 gfx: paging submit, 1005 dwords from private buffer at 0x0, seq 294997
427201   5108.429 amdgpu[2]: ring alloc of 16 dwords exceeds max_dw 13

427202   5108.431 gfx: paging submit, 1005 dwords from private buffer at 0x0, seq 294998
427203   5108.431 amdgpu[2]: ring alloc of 16 dwords exceeds max_dw 13

427204   5108.431 gfx: paging submit, 1005 dwords from private buffer at 0x0, seq 294999
427205   5108.431 amdgpu[2]: ring alloc of 16 dwords exceeds max_dw 13

427206   5108.431 gfx: paging submit, 1005 dwords from private buffer at 0x0, seq 295000
427207   5108.431 amdgpu[2]: ring alloc of 16 dwords exceeds max_dw 13

427208   5108.431 gfx: paging submit, 1005 dwords from private buffer at 0x0, seq 295001
427209   5108.431 amdgpu[2]: ring alloc of 16 dwords exceeds max_dw 13

427210   5108.431 gfx: paging submit, 1005 dwords from private buffer at 0x0, seq 295002
427211   5108.431 amdgpu[2]: ring alloc of 16 dwords exceeds max_dw 13

427212   5108.431 gfx: paging submit, 1005 dwords from private buffer at 0x0, seq 295003
427213   5108.431 amdgpu[2]: ring alloc of 16 dwords exceeds max_dw 13

427214   5108.431 gfx: paging submit, 1005 dwords from private buffer at 0x0, seq 295004
427215   5108.431 amdgpu[2]: ring alloc of 16 dwords exceeds max_dw 13

427216   5108.433 gfx: paging submit, 1005 dwords from private buffer at 0x0, seq 295005
427217   5108.433 amdgpu[2]: ring alloc of 16 dwords exceeds max_dw 13

427218   5108.433 gfx: paging submit, 1005 dwords from private buffer at 0x0, seq 295006
427219   5108.433 gfx: paging submit, 750 dwords from private buffer at 0x0, seq 295007
427220   5108.433 gfx: paging submit, 256 dwords from private buffer at 0xBB8, seq 295008
427221   5108.433 gfx: paging submit, 974 dwords from private buffer at 0x0, seq 295009
427222   5108.433 gfx: paging submit, 1006 dwords from private buffer at 0x0, seq 295010
427223   5108.433 gfx: paging submit, 1004 dwords from private buffer at 0x0, seq 295011
427224   5108.433 gfx: paging submit, 1004 dwords from private buffer at 0x0, seq 295012
427225   5108.433 gfx: paging submit, 653 dwords from private buffer at 0x0, seq 295013
427226   5108.433 gfx: paging submit, 760 dwords from private buffer at 0x0, seq 295014
427227   5108.433 gfx: paging submit, 256 dwords from private buffer at 0xBE0, seq 295015
427228   5108.433 gfx: paging submit, 796 dwords from private buffer at 0x0, seq 295016
427229   5108.433 gfx: paging submit, 208 dwords from private buffer at 0xC70, seq 295017
427230   5108.433 gfx: paging submit, 844 dwords from private buffer at 0x0, seq 295018
427231   5108.433 gfx: paging submit, 160 dwords from private buffer at 0xD30, seq 295019
427232   5108.433 gfx: paging submit, 892 dwords from private buffer at 0x0, seq 295020
427233   5108.433 gfx: paging submit, 112 dwords from private buffer at 0xDF0, seq 295021
427234   5108.433 gfx: paging submit, 991 dwords from private buffer at 0x0, seq 295022
427235   5108.433 gfx: paging submit, 16 dwords from private buffer at 0xF7C, seq 295023
427236   5108.433 gfx: paging submit, 974 dwords from private buffer at 0x0, seq 295024
427237   5108.433 gfx: paging submit, 1004 dwords from private buffer at 0x0, seq 295025
427238   5108.433 gfx: paging submit, 1004 dwords from private buffer at 0x0, seq 295026
427239   5108.433 gfx: paging submit, 1004 dwords from private buffer at 0x0, seq 295027
427240   5108.433 amdgpu[2]: ring alloc of 16 dwords exceeds max_dw 15

427241   5108.433 gfx: paging submit, 1003 dwords from private buffer at 0x0, seq 295028
427242   5108.433 amdgpu[2]: ring alloc of 16 dwords exceeds max_dw 13

427243   5108.435 gfx: paging submit, 1005 dwords from private buffer at 0x0, seq 295029
427244   5108.435 amdgpu[2]: ring alloc of 16 dwords exceeds max_dw 13

427245   5108.435 gfx: paging submit, 1005 dwords from private buffer at 0x0, seq 295030
427246   5108.435 amdgpu[2]: ring alloc of 16 dwords exceeds max_dw 13

427247   5108.435 gfx: paging submit, 1005 dwords from private buffer at 0x0, seq 295031
427248   5108.435 amdgpu[2]: ring alloc of 16 dwords exceeds max_dw 13

427249   5108.435 gfx: paging submit, 1005 dwords from private buffer at 0x0, seq 295032
427250   5108.435 amdgpu[2]: ring alloc of 16 dwords exceeds max_dw 13

427251   5108.435 gfx: paging submit, 1005 dwords from private buffer at 0x0, seq 295033
427252   5108.435 amdgpu[2]: ring alloc of 16 dwords exceeds max_dw 13

427253   5108.435 gfx: paging submit, 1005 dwords from private buffer at 0x0, seq 295034
427254   5108.435 amdgpu[2]: ring alloc of 16 dwords exceeds max_dw 13

427255   5108.435 gfx: paging submit, 1005 dwords from private buffer at 0x0, seq 295035
427256   5108.435 amdgpu[2]: ring alloc of 16 dwords exceeds max_dw 13

427257   5108.437 gfx: paging submit, 1005 dwords from private buffer at 0x0, seq 295036
427258   5108.437 amdgpu[2]: ring alloc of 16 dwords exceeds max_dw 13

427259   5108.437 gfx: paging submit, 1005 dwords from private buffer at 0x0, seq 295037
427260   5108.437 amdgpu[2]: ring alloc of 16 dwords exceeds max_dw 13

427261   5108.437 gfx: paging submit, 1005 dwords from private buffer at 0x0, seq 295038
427262   5108.437 gfx: paging submit, 850 dwords from private buffer at 0x0, seq 295039
427263   5108.437 gfx: paging submit, 160 dwords from private buffer at 0xD48, seq 295040
427264   5108.437 gfx: paging submit, 974 dwords from private buffer at 0x0, seq 295041
427265   5108.437 gfx: paging submit, 1006 dwords from private buffer at 0x0, seq 295042
427266   5108.437 gfx: paging submit, 1004 dwords from private buffer at 0x0, seq 295043
427267   5108.437 gfx: paging submit, 1004 dwords from private buffer at 0x0, seq 295044
427268   5108.437 gfx: paging submit, 653 dwords from private buffer at 0x0, seq 295045
427269   5108.437 gfx: paging submit, 452 dwords from private buffer at 0x0, seq 295046
427270   5108.437 gfx: paging submit, 560 dwords from private buffer at 0x710, seq 295047
427271   5108.437 gfx: paging submit, 492 dwords from private buffer at 0x0, seq 295048
427272   5108.437 gfx: paging submit, 512 dwords from private buffer at 0x7B0, seq 295049
427273   5108.437 gfx: paging submit, 540 dwords from private buffer at 0x0, seq 295050
427274   5108.437 gfx: paging submit, 464 dwords from private buffer at 0x870, seq 295051
427275   5108.437 gfx: paging submit, 588 dwords from private buffer at 0x0, seq 295052
427276   5108.437 gfx: paging submit, 418 dwords from private buffer at 0x930, seq 295053
427277   5108.437 gfx: paging submit, 685 dwords from private buffer at 0x0, seq 295054
427278   5108.437 wddm: software vsync on, 16 ms period, target 2424833
427279   5108.459 wddm: malformed virtual present rejected
427280   5111.061 gfx: paging submit, 31 dwords from private buffer at 0xAB4, seq 295055
427281   5111.061 gfx: paging submit, 31 dwords from private buffer at 0xB30, seq 295056
427282   5111.063 wddm: software vsync off after 315888 ticks
427283   5111.063 gfx: paging submit, 256 dwords from private buffer at 0xBAC, seq 295057
427284   5111.063 gfx: paging submit, 1004 dwords from private buffer at 0x0, seq 295058
427285   5111.063 gfx: paging submit, 1004 dwords from private buffer at 0x0, seq 295059
427286   5111.063 gfx: paging submit, 1004 dwords from private buffer at 0x0, seq 295060
427287   5111.063 gfx: paging submit, 1004 dwords from private buffer at 0x0, seq 295061
427288   5111.063 amdgpu[2]: ring alloc of 16 dwords exceeds max_dw 15

427289   5111.063 gfx: paging submit, 1003 dwords from private buffer at 0x0, seq 295062
427290   5111.063 amdgpu[2]: ring alloc of 16 dwords exceeds max_dw 13

427291   5111.063 gfx: paging submit, 1005 dwords from private buffer at 0x0, seq 295063
427292   5111.063 amdgpu[2]: ring alloc of 16 dwords exceeds max_dw 13

427293   5111.065 gfx: paging submit, 1005 dwords from private buffer at 0x0, seq 295064
427294   5111.065 amdgpu[2]: ring alloc of 16 dwords exceeds max_dw 13

427295   5111.065 gfx: paging submit, 1005 dwords from private buffer at 0x0, seq 295065
427296   5111.065 amdgpu[2]: ring alloc of 16 dwords exceeds max_dw 13

427297   5111.065 gfx: paging submit, 1005 dwords from private buffer at 0x0, seq 295066
427298   5111.065 amdgpu[2]: ring alloc of 16 dwords exceeds max_dw 13

427299   5111.065 gfx: paging submit, 1005 dwords from private buffer at 0x0, seq 295067
427300   5111.065 amdgpu[2]: ring alloc of 16 dwords exceeds max_dw 13

427301   5111.065 gfx: paging submit, 1005 dwords from private buffer at 0x0, seq 295068
427302   5111.065 amdgpu[2]: ring alloc of 16 dwords exceeds max_dw 13

427303   5111.065 gfx: paging submit, 1005 dwords from private buffer at 0x0, seq 295069
427304   5111.065 amdgpu[2]: ring alloc of 16 dwords exceeds max_dw 13

427305   5111.065 gfx: paging submit, 1005 dwords from private buffer at 0x0, seq 295070
427306   5111.065 amdgpu[2]: ring alloc of 16 dwords exceeds max_dw 13

427307   5111.067 gfx: paging submit, 1005 dwords from private buffer at 0x0, seq 295071
427308   5111.067 amdgpu[2]: ring alloc of 16 dwords exceeds max_dw 13

427309   5111.067 gfx: paging submit, 1005 dwords from private buffer at 0x0, seq 295072
427310   5111.067 gfx: paging submit, 580 dwords from private buffer at 0x0, seq 295073
427311   5111.067 gfx: paging submit, 430 dwords from private buffer at 0x910, seq 295074
427312   5111.067 gfx: paging submit, 1004 dwords from private buffer at 0x0, seq 295075
427313   5111.067 gfx: paging submit, 1004 dwords from private buffer at 0x0, seq 295076
427314   5111.067 gfx: paging submit, 1004 dwords from private buffer at 0x0, seq 295077
427315   5111.067 gfx: paging submit, 1004 dwords from private buffer at 0x0, seq 295078
427316   5111.067 gfx: paging submit, 399 dwords from private buffer at 0x0, seq 295079
427317   5111.067 gfx: paging submit, 608 dwords from private buffer at 0x63C, seq 295080
427318   5111.067 gfx: paging submit, 444 dwords from private buffer at 0x0, seq 295081
427319   5111.067 gfx: paging submit, 560 dwords from private buffer at 0x6F0, seq 295082
427320   5111.067 gfx: paging submit, 492 dwords from private buffer at 0x0, seq 295083
427321   5111.067 gfx: paging submit, 512 dwords from private buffer at 0x7B0, seq 295084
427322   5111.067 gfx: paging submit, 540 dwords from private buffer at 0x0, seq 295085
427323   5111.067 gfx: paging submit, 464 dwords from private buffer at 0x870, seq 295086
427324   5111.067 gfx: paging submit, 588 dwords from private buffer at 0x0, seq 295087
427325   5111.067 gfx: paging submit, 416 dwords from private buffer at 0x930, seq 295088
427326   5111.067 gfx: paging submit, 689 dwords from private buffer at 0x0, seq 295089
427327   5111.067 gfx: paging submit, 320 dwords from private buffer at 0xAC4, seq 295090
427328   5111.067 gfx: paging submit, 1004 dwords from private buffer at 0x0, seq 295091
427329   5111.067 gfx: paging submit, 1004 dwords from private buffer at 0x0, seq 295092
427330   5111.067 gfx: paging submit, 1004 dwords from private buffer at 0x0, seq 295093
427331   5111.067 gfx: paging submit, 1004 dwords from private buffer at 0x0, seq 295094
427332   5111.067 amdgpu[2]: ring alloc of 16 dwords exceeds max_dw 14

427333   5111.067 gfx: paging submit, 1004 dwords from private buffer at 0x0, seq 295095
427334   5111.067 amdgpu[2]: ring alloc of 16 dwords exceeds max_dw 13

427335   5111.069 gfx: paging submit, 1005 dwords from private buffer at 0x0, seq 295096
427336   5111.069 amdgpu[2]: ring alloc of 16 dwords exceeds max_dw 13

427337   5111.069 gfx: paging submit, 1005 dwords from private buffer at 0x0, seq 295097
427338   5111.069 amdgpu[2]: ring alloc of 16 dwords exceeds max_dw 13

427339   5111.069 gfx: paging submit, 1005 dwords from private buffer at 0x0, seq 295098
427340   5111.069 amdgpu[2]: ring alloc of 16 dwords exceeds max_dw 13

427341   5111.069 gfx: paging submit, 1005 dwords from private buffer at 0x0, seq 295099
427342   5111.069 amdgpu[2]: ring alloc of 16 dwords exceeds max_dw 13

427343   5111.069 gfx: paging submit, 1005 dwords from private buffer at 0x0, seq 295100
427344   5111.069 amdgpu[2]: ring alloc of 16 dwords exceeds max_dw 13

427345   5111.069 gfx: paging submit, 1005 dwords from private buffer at 0x0, seq 295101
427346   5111.069 amdgpu[2]: ring alloc of 16 dwords exceeds max_dw 13

427347   5111.069 gfx: paging submit, 1005 dwords from private buffer at 0x0, seq 295102
427348   5111.069 amdgpu[2]: ring alloc of 16 dwords exceeds max_dw 13

427349   5111.071 gfx: paging submit, 1005 dwords from private buffer at 0x0, seq 295103
427350   5111.071 amdgpu[2]: ring alloc of 16 dwords exceeds max_dw 13

427351   5111.071 gfx: paging submit, 1005 dwords from private buffer at 0x0, seq 295104
427352   5111.071 amdgpu[2]: ring alloc of 16 dwords exceeds max_dw 13

427353   5111.071 gfx: paging submit, 1005 dwords from private buffer at 0x0, seq 295105
427354   5111.071 gfx: paging submit, 515 dwords from private buffer at 0x0, seq 295106
427355   5111.071 gfx: paging submit, 496 dwords from private buffer at 0x80C, seq 295107
427356   5111.071 gfx: paging submit, 974 dwords from private buffer at 0x0, seq 295108
427357   5111.071 gfx: paging submit, 1006 dwords from private buffer at 0x0, seq 295109
427358   5111.071 gfx: paging submit, 1004 dwords from private buffer at 0x0, seq 295110
427359   5111.071 gfx: paging submit, 1004 dwords from private buffer at 0x0, seq 295111
427360   5111.071 gfx: paging submit, 653 dwords from private buffer at 0x0, seq 295112
427361   5111.071 gfx: paging submit, 328 dwords from private buffer at 0x0, seq 295113
427362   5111.071 gfx: paging submit, 688 dwords from private buffer at 0x520, seq 295114
427363   5111.071 gfx: paging submit, 364 dwords from private buffer at 0x0, seq 295115
427364   5111.071 gfx: paging submit, 640 dwords from private buffer at 0x5B0, seq 295116
427365   5111.071 gfx: paging submit, 412 dwords from private buffer at 0x0, seq 295117
427366   5111.071 gfx: paging submit, 592 dwords from private buffer at 0x670, seq 295118
427367   5111.071 gfx: paging submit, 460 dwords from private buffer at 0x0, seq 295119
427368   5111.071 gfx: paging submit, 550 dwords from private buffer at 0x730, seq 295120
427369   5111.071 gfx: paging submit, 553 dwords from private buffer at 0x0, seq 295121
427370   5111.071 wddm: software vsync on, 16 ms period, target 2424833
427371   5111.073 gfx: paging submit, 31 dwords from private buffer at 0x8A4, seq 295122
427372   5111.073 gfx: paging submit, 31 dwords from private buffer at 0x920, seq 295123
427373   5111.073 gfx: paging submit, 400 dwords from private buffer at 0x99C, seq 295124
427374   5111.073 gfx: paging submit, 1012 dwords from private buffer at 0x0, seq 295125
427375   5111.073 gfx: paging submit, 107 dwords from private buffer at 0x0, seq 295126
427376   5111.073 gfx: paging submit, 15 dwords from private buffer at 0x1AC, seq 295127
427377   5111.073 gfx: paging submit, 39 dwords from private buffer at 0x1E8, seq 295128
427378   5111.073 gfx: paging submit, 15 dwords from private buffer at 0x284, seq 295129
427379   5111.093 wddm: malformed virtual present rejected
427380   5111.109 gfx: paging submit, 31 dwords from private buffer at 0x2C0, seq 295130
427381   5111.109 gfx: paging submit, 798 dwords from private buffer at 0x33C, seq 295131
427382   5111.109 gfx: paging submit, 313 dwords from private buffer at 0x0, seq 295132
427383   5111.111 wddm: software vsync off after 315890 ticks
427384   5111.111 gfx: paging submit, 704 dwords from private buffer at 0x4E4, seq 295133
427385   5111.113 gfx: paging submit, 1004 dwords from private buffer at 0x0, seq 295134
427386   5111.113 gfx: paging submit, 1004 dwords from private buffer at 0x0, seq 295135
427387   5111.113 gfx: paging submit, 1004 dwords from private buffer at 0x0, seq 295136
427388   5111.113 amdgpu[2]: ring alloc of 16 dwords exceeds max_dw 13

427389   5111.113 gfx: paging submit, 1005 dwords from private buffer at 0x0, seq 295137
427390   5111.113 amdgpu[2]: ring alloc of 16 dwords exceeds max_dw 13

427391   5111.113 gfx: paging submit, 1005 dwords from private buffer at 0x0, seq 295138
427392   5111.113 amdgpu[2]: ring alloc of 16 dwords exceeds max_dw 13

427393   5111.113 gfx: paging submit, 1005 dwords from private buffer at 0x0, seq 295139
427394   5111.113 amdgpu[2]: ring alloc of 16 dwords exceeds max_dw 13

427395   5111.113 gfx: paging submit, 1005 dwords from private buffer at 0x0, seq 295140
427396   5111.113 amdgpu[2]: ring alloc of 16 dwords exceeds max_dw 13

427397   5111.113 gfx: paging submit, 1005 dwords from private buffer at 0x0, seq 295141
427398   5111.113 amdgpu[2]: ring alloc of 16 dwords exceeds max_dw 13

427399   5111.113 gfx: paging submit, 1005 dwords from private buffer at 0x0, seq 295142
427400   5111.113 amdgpu[2]: ring alloc of 16 dwords exceeds max_dw 13

427401   5111.113 gfx: paging submit, 1005 dwords from private buffer at 0x0, seq 295143
427402   5111.115 amdgpu[2]: ring alloc of 16 dwords exceeds max_dw 13

427403   5111.115 gfx: paging submit, 1005 dwords from private buffer at 0x0, seq 295144
427404   5111.115 amdgpu[2]: ring alloc of 16 dwords exceeds max_dw 13

427405   5111.115 gfx: paging submit, 1005 dwords from private buffer at 0x0, seq 295145
427406   5111.115 amdgpu[2]: ring alloc of 16 dwords exceeds max_dw 13

427407   5111.115 gfx: paging submit, 1005 dwords from private buffer at 0x0, seq 295146
427408   5111.115 amdgpu[2]: ring alloc of 16 dwords exceeds max_dw 13

427409   5111.115 gfx: paging submit, 1005 dwords from private buffer at 0x0, seq 295147
427410   5111.115 amdgpu[2]: ring alloc of 16 dwords exceeds max_dw 13

427411   5111.115 gfx: paging submit, 1005 dwords from private buffer at 0x0, seq 295148
427412   5111.115 gfx: paging submit, 115 dwords from private buffer at 0x0, seq 295149
427413   5111.115 gfx: paging submit, 900 dwords from private buffer at 0x1CC, seq 295150
427414   5111.115 gfx: paging submit, 1004 dwords from private buffer at 0x0, seq 295151
427415   5111.115 gfx: paging submit, 1004 dwords from private buffer at 0x0, seq 295152
427416   5111.115 gfx: paging submit, 1004 dwords from private buffer at 0x0, seq 295153
427417   5111.115 gfx: paging submit, 1004 dwords from private buffer at 0x0, seq 295154
427418   5111.115 gfx: paging submit, 143 dwords from private buffer at 0x0, seq 295155
427419   5111.117 gfx: paging submit, 864 dwords from private buffer at 0x23C, seq 295156
427420   5111.117 gfx: paging submit, 188 dwords from private buffer at 0x0, seq 295157
427421   5111.117 gfx: paging submit, 816 dwords from private buffer at 0x2F0, seq 295158
427422   5111.117 gfx: paging submit, 236 dwords from private buffer at 0x0, seq 295159
427423   5111.117 gfx: paging submit, 768 dwords from private buffer at 0x3B0, seq 295160
427424   5111.117 gfx: paging submit, 284 dwords from private buffer at 0x0, seq 295161
427425   5111.117 gfx: paging submit, 720 dwords from private buffer at 0x470, seq 295162
427426   5111.117 gfx: paging submit, 332 dwords from private buffer at 0x0, seq 295163
427427   5111.117 gfx: paging submit, 672 dwords from private buffer at 0x530, seq 295164
427428   5111.117 gfx: paging submit, 433 dwords from private buffer at 0x0, seq 295165
427429   5111.117 gfx: paging submit, 576 dwords from private buffer at 0x6C4, seq 295166
427430   5111.117 gfx: paging submit, 1004 dwords from private buffer at 0x0, seq 295167
427431   5111.117 gfx: paging submit, 1004 dwords from private buffer at 0x0, seq 295168
427432   5111.117 gfx: paging submit, 1004 dwords from private buffer at 0x0, seq 295169
427433   5111.117 gfx: paging submit, 1004 dwords from private buffer at 0x0, seq 295170
427434   5111.117 amdgpu[2]: ring alloc of 16 dwords exceeds max_dw 15

427435   5111.117 gfx: paging submit, 1003 dwords from private buffer at 0x0, seq 295171
427436   5111.117 amdgpu[2]: ring alloc of 16 dwords exceeds max_dw 13

427437   5111.117 gfx: paging submit, 1005 dwords from private buffer at 0x0, seq 295172
427438   5111.117 amdgpu[2]: ring alloc of 16 dwords exceeds max_dw 13

427439   5111.117 gfx: paging submit, 1005 dwords from private buffer at 0x0, seq 295173
427440   5111.117 amdgpu[2]: ring alloc of 16 dwords exceeds max_dw 13

427441   5111.117 gfx: paging submit, 1005 dwords from private buffer at 0x0, seq 295174
427442   5111.117 amdgpu[2]: ring alloc of 16 dwords exceeds max_dw 13

427443   5111.117 gfx: paging submit, 1005 dwords from private buffer at 0x0, seq 295175
427444   5111.119 amdgpu[2]: ring alloc of 16 dwords exceeds max_dw 13

427445   5111.119 gfx: paging submit, 1005 dwords from private buffer at 0x0, seq 295176
427446   5111.119 amdgpu[2]: ring alloc of 16 dwords exceeds max_dw 13

427447   5111.119 gfx: paging submit, 1005 dwords from private buffer at 0x0, seq 295177
427448   5111.119 amdgpu[2]: ring alloc of 16 dwords exceeds max_dw 13

427449   5111.119 gfx: paging submit, 1005 dwords from private buffer at 0x0, seq 295178
427450   5111.119 amdgpu[2]: ring alloc of 16 dwords exceeds max_dw 13

427451   5111.119 gfx: paging submit, 1005 dwords from private buffer at 0x0, seq 295179
427452   5111.119 amdgpu[2]: ring alloc of 16 dwords exceeds max_dw 13

427453   5111.119 gfx: paging submit, 1005 dwords from private buffer at 0x0, seq 295180
427454   5111.119 amdgpu[2]: ring alloc of 16 dwords exceeds max_dw 13

427455   5111.119 gfx: paging submit, 1005 dwords from private buffer at 0x0, seq 295181
427456   5111.119 gfx: paging submit, 260 dwords from private buffer at 0x0, seq 295182
427457   5111.121 gfx: paging submit, 752 dwords from private buffer at 0x410, seq 295183
427458   5111.121 gfx: paging submit, 974 dwords from private buffer at 0x0, seq 295184
427459   5111.121 gfx: paging submit, 1006 dwords from private buffer at 0x0, seq 295185
427460   5111.121 gfx: paging submit, 1004 dwords from private buffer at 0x0, seq 295186
427461   5111.121 gfx: paging submit, 1004 dwords from private buffer at 0x0, seq 295187
427462   5111.121 gfx: paging submit, 653 dwords from private buffer at 0x0, seq 295188
427463   5111.121 gfx: paging submit, 266 dwords from private buffer at 0x0, seq 295189
427464   5111.121 gfx: paging submit, 752 dwords from private buffer at 0x428, seq 295190
427465   5111.121 gfx: paging submit, 300 dwords from private buffer at 0x0, seq 295191
427466   5111.121 gfx: paging submit, 704 dwords from private buffer at 0x4B0, seq 295192
427467   5111.121 gfx: paging submit, 348 dwords from private buffer at 0x0, seq 295193
427468   5111.121 gfx: paging submit, 656 dwords from private buffer at 0x570, seq 295194
427469   5111.121 gfx: paging submit, 396 dwords from private buffer at 0x0, seq 295195
427470   5111.121 gfx: paging submit, 616 dwords from private buffer at 0x630, seq 295196
427471   5111.121 gfx: paging submit, 487 dwords from private buffer at 0x0, seq 295197
427472   5111.121 wddm: software vsync on, 16 ms period, target 2424833
427473   5111.121 gfx: paging submit, 31 dwords from private buffer at 0x79C, seq 295198
427474   5111.121 gfx: paging submit, 31 dwords from private buffer at 0x818, seq 295199
427475   5111.121 gfx: paging submit, 464 dwords from private buffer at 0x894, seq 295200
427476   5111.121 gfx: paging submit, 1006 dwords from private buffer at 0x0, seq 295201
427477   5111.121 gfx: paging submit, 35 dwords from private buffer at 0x0, seq 295202
427478   5111.121 gfx: paging submit, 15 dwords from private buffer at 0x8C, seq 295203
427479   5111.123 gfx: paging submit, 41 dwords from private buffer at 0xC8, seq 295204
427480   5111.123 gfx: paging submit, 15 dwords from private buffer at 0x16C, seq 295205
427481   5111.141 wddm: malformed virtual present rejected
427482   5113.723 gfx: paging submit, 31 dwords from private buffer at 0x1A8, seq 295206
427483   5113.723 gfx: paging submit, 31 dwords from private buffer at 0x224, seq 295207
427484   5113.725 gfx: paging submit, 39 dwords from private buffer at 0x2A0, seq 295208
427485   5113.725 gfx: paging submit, 15 dwords from private buffer at 0x33C, seq 295209
427486   5113.725 gfx: paging submit, 41 dwords from private buffer at 0x378, seq 295210
427487   5113.725 gfx: paging submit, 16 dwords from private buffer at 0x41C, seq 295211
427488   5113.725 gfx: paging submit, 16 dwords from private buffer at 0x45C, seq 295212
427489   5113.725 gfx: paging submit, 718 dwords from private buffer at 0x49C, seq 295213
427490   5113.725 gfx: paging submit, 1018 dwords from private buffer at 0x0, seq 295214
427491   5113.725 gfx: paging submit, 1004 dwords from private buffer at 0x0, seq 295215
427492   5113.725 gfx: paging submit, 1004 dwords from private buffer at 0x0, seq 295216
427493   5113.725 gfx: paging submit, 507 dwords from private buffer at 0x0, seq 295217
427494   5113.725 gfx: paging submit, 31 dwords from private buffer at 0x7EC, seq 295218
427495   5113.727 wddm: software vsync off after 316052 ticks
427496   5113.727 gfx: paging submit, 480 dwords from private buffer at 0x868, seq 295219
427497   5113.727 gfx: paging submit, 1004 dwords from private buffer at 0x0, seq 295220
427498   5113.727 gfx: paging submit, 1004 dwords from private buffer at 0x0, seq 295221
427499   5113.727 gfx: paging submit, 1004 dwords from private buffer at 0x0, seq 295222
427500   5113.727 gfx: paging submit, 1004 dwords from private buffer at 0x0, seq 295223
427501   5113.727 amdgpu[2]: ring alloc of 16 dwords exceeds max_dw 14

427502   5113.727 gfx: paging submit, 1004 dwords from private buffer at 0x0, seq 295224
427503   5113.729 amdgpu[2]: ring alloc of 16 dwords exceeds max_dw 13

427504   5113.729 gfx: paging submit, 1005 dwords from private buffer at 0x0, seq 295225
427505   5113.729 amdgpu[2]: ring alloc of 16 dwords exceeds max_dw 13

427506   5113.729 gfx: paging submit, 1005 dwords from private buffer at 0x0, seq 295226
427507   5113.729 amdgpu[2]: ring alloc of 16 dwords exceeds max_dw 13

427508   5113.729 gfx: paging submit, 1005 dwords from private buffer at 0x0, seq 295227
427509   5113.729 amdgpu[2]: ring alloc of 16 dwords exceeds max_dw 13

427510   5113.729 gfx: paging submit, 1005 dwords from private buffer at 0x0, seq 295228
427511   5113.729 amdgpu[2]: ring alloc of 16 dwords exceeds max_dw 13

427512   5113.729 gfx: paging submit, 1005 dwords from private buffer at 0x0, seq 295229
427513   5113.729 amdgpu[2]: ring alloc of 16 dwords exceeds max_dw 13

427514   5113.729 gfx: paging submit, 1005 dwords from private buffer at 0x0, seq 295230
427515   5113.729 amdgpu[2]: ring alloc of 16 dwords exceeds max_dw 13

427516   5113.731 gfx: paging submit, 1005 dwords from private buffer at 0x0, seq 295231
427517   5113.731 amdgpu[2]: ring alloc of 16 dwords exceeds max_dw 13

427518   5113.731 gfx: paging submit, 1005 dwords from private buffer at 0x0, seq 295232
427519   5113.731 amdgpu[2]: ring alloc of 16 dwords exceeds max_dw 13

427520   5113.731 gfx: paging submit, 1005 dwords from private buffer at 0x0, seq 295233
427521   5113.731 amdgpu[2]: ring alloc of 16 dwords exceeds max_dw 13

427522   5113.731 gfx: paging submit, 1005 dwords from private buffer at 0x0, seq 295234
427523   5113.731 gfx: paging submit, 355 dwords from private buffer at 0x0, seq 295235
427524   5113.731 gfx: paging submit, 656 dwords from private buffer at 0x58C, seq 295236
427525   5113.731 gfx: paging submit, 974 dwords from private buffer at 0x0, seq 295237
427526   5113.731 gfx: paging submit, 1006 dwords from private buffer at 0x0, seq 295238
427527   5113.731 gfx: paging submit, 1004 dwords from private buffer at 0x0, seq 295239
427528   5113.731 gfx: paging submit, 1004 dwords from private buffer at 0x0, seq 295240
427529   5113.731 gfx: paging submit, 653 dwords from private buffer at 0x0, seq 295241
427530   5113.731 gfx: paging submit, 360 dwords from private buffer at 0x0, seq 295242
427531   5113.731 gfx: paging submit, 656 dwords from private buffer at 0x5A0, seq 295243
427532   5113.731 gfx: paging submit, 396 dwords from private buffer at 0x0, seq 295244
427533   5113.731 gfx: paging submit, 608 dwords from private buffer at 0x630, seq 295245
427534   5113.731 gfx: paging submit, 444 dwords from private buffer at 0x0, seq 295246
427535   5113.731 gfx: paging submit, 560 dwords from private buffer at 0x6F0, seq 295247
427536   5113.731 gfx: paging submit, 492 dwords from private buffer at 0x0, seq 295248
427537   5113.731 gfx: paging submit, 512 dwords from private buffer at 0x7B0, seq 295249
427538   5113.731 gfx: paging submit, 591 dwords from private buffer at 0x0, seq 295250
427539   5113.733 gfx: paging submit, 416 dwords from private buffer at 0x93C, seq 295251
427540   5113.733 gfx: paging submit, 1004 dwords from private buffer at 0x0, seq 295252
427541   5113.733 gfx: paging submit, 1004 dwords from private buffer at 0x0, seq 295253
427542   5113.733 gfx: paging submit, 1004 dwords from private buffer at 0x0, seq 295254
427543   5113.733 gfx: paging submit, 1004 dwords from private buffer at 0x0, seq 295255
427544   5113.733 amdgpu[2]: ring alloc of 16 dwords exceeds max_dw 15

427545   5113.733 gfx: paging submit, 1003 dwords from private buffer at 0x0, seq 295256
427546   5113.733 amdgpu[2]: ring alloc of 16 dwords exceeds max_dw 13

427547   5113.733 gfx: paging submit, 1005 dwords from private buffer at 0x0, seq 295257
427548   5113.733 amdgpu[2]: ring alloc of 16 dwords exceeds max_dw 13

427549   5113.733 gfx: paging submit, 1005 dwords from private buffer at 0x0, seq 295258
427550   5113.733 amdgpu[2]: ring alloc of 16 dwords exceeds max_dw 13

427551   5113.733 gfx: paging submit, 1005 dwords from private buffer at 0x0, seq 295259
427552   5113.733 amdgpu[2]: ring alloc of 16 dwords exceeds max_dw 13

427553   5113.733 gfx: paging submit, 1005 dwords from private buffer at 0x0, seq 295260
427554   5113.733 amdgpu[2]: ring alloc of 16 dwords exceeds max_dw 13

427555   5113.733 gfx: paging submit, 1005 dwords from private buffer at 0x0, seq 295261
427556   5113.733 amdgpu[2]: ring alloc of 16 dwords exceeds max_dw 13

427557   5113.735 gfx: paging submit, 1005 dwords from private buffer at 0x0, seq 295262
427558   5113.735 amdgpu[2]: ring alloc of 16 dwords exceeds max_dw 13

427559   5113.735 gfx: paging submit, 1005 dwords from private buffer at 0x0, seq 295263
427560   5113.735 amdgpu[2]: ring alloc of 16 dwords exceeds max_dw 13

427561   5113.735 gfx: paging submit, 1005 dwords from private buffer at 0x0, seq 295264
427562   5113.735 amdgpu[2]: ring alloc of 16 dwords exceeds max_dw 13

427563   5113.735 gfx: paging submit, 1005 dwords from private buffer at 0x0, seq 295265
427564   5113.735 amdgpu[2]: ring alloc of 16 dwords exceeds max_dw 13

427565   5113.735 gfx: paging submit, 1005 dwords from private buffer at 0x0, seq 295266
427566   5113.735 gfx: paging submit, 420 dwords from private buffer at 0x0, seq 295267
427567   5113.735 gfx: paging submit, 592 dwords from private buffer at 0x690, seq 295268
427568   5113.735 gfx: paging submit, 974 dwords from private buffer at 0x0, seq 295269
427569   5113.735 gfx: paging submit, 1006 dwords from private buffer at 0x0, seq 295270
427570   5113.735 gfx: paging submit, 1004 dwords from private buffer at 0x0, seq 295271
427571   5113.735 gfx: paging submit, 1004 dwords from private buffer at 0x0, seq 295272
427572   5113.735 gfx: paging submit, 653 dwords from private buffer at 0x0, seq 295273
427573   5113.735 gfx: paging submit, 20 dwords from private buffer at 0x0, seq 295274
427574   5113.737 gfx: paging submit, 974 dwords from private buffer at 0x50, seq 295275
427575   5113.737 gfx: paging submit, 78 dwords from private buffer at 0x0, seq 295276
427576   5113.737 gfx: paging submit, 928 dwords from private buffer at 0x138, seq 295277
427577   5113.737 gfx: paging submit, 124 dwords from private buffer at 0x0, seq 295278
427578   5113.737 gfx: paging submit, 880 dwords from private buffer at 0x1F0, seq 295279
427579   5113.737 gfx: paging submit, 172 dwords from private buffer at 0x0, seq 295280
427580   5113.737 gfx: paging submit, 834 dwords from private buffer at 0x2B0, seq 295281
427581   5113.737 gfx: paging submit, 269 dwords from private buffer at 0x0, seq 295282
427582   5113.737 wddm: software vsync on, 16 ms period, target 2424833
427583   5113.757 wddm: malformed virtual present rejected
427584   5118.852 wddm summary: ---- DDI calls: name, count, first log line ----
427585   5118.852 wddm summary: QueryAdapterInfo                   38  first at 152
427586   5118.852 wddm summary: GetNodeMetadata                     2  first at 160
427587   5118.852 wddm summary: CreateDevice                     3151  first at 167
427588   5118.852 wddm summary: DestroyDevice                    3148  first at 480
427589   5118.852 wddm summary: CreateContext                    3150  first at 169
427590   5118.852 wddm summary: DestroyContext                   3148  first at 468
427591   5118.852 wddm summary: CreateProcess                     630  first at 166
427592   5118.852 wddm summary: DestroyProcess                    628  first at 842
427593   5118.852 wddm summary: SetRootPageTable                 3150  first at 183
427594   5118.852 wddm summary: CreateAllocation                 6813  first at 220
427595   5118.852 wddm summary: DestroyAllocation                7270  first at 473
427596   5118.852 wddm summary: DescribeAllocation               9369  first at 275
427597   5118.852 wddm summary: GetStandardAllocationDriverData  12492  first at 218
427598   5118.852 wddm summary: OpenAllocation                   6813  first at 222
427599   5118.852 wddm summary: CloseAllocation                  6811  first at 472
427600   5118.852 wddm summary: BuildPagingBuffer              419013  first at 171
427601   5118.852 wddm summary: SubmitCommandVirtual           298405  first at 203
427602   5118.852 wddm summary: PreemptCommand                     11  first at 48016
427603   5118.852 wddm summary: Present                          9041  first at 339
427604   5118.852 wddm summary: SetVidPnSourceAddress            3123  first at 327
427605   5118.852 wddm summary: ControlInterrupt               108804  first at 331
427606   5118.852 wddm summary: ---- QueryAdapterInfo types: type, count, first log line ----
427607   5118.852 wddm summary: adapter info type   1       1  first at 152
427608   5118.852 wddm summary: adapter info type  15       1  first at 153
427609   5118.852 wddm summary: adapter info type  47       1  first at 154
427610   5118.852 wddm summary: adapter info type  13       1  first at 155
427611   5118.852 wddm summary: adapter info type  14       4  first at 156
427612   5118.852 wddm summary: adapter info type  11       2  first at 163
427613   5118.852 wddm summary: adapter info type  10       1  first at 165
427614   5118.852 wddm summary: adapter info type  16       1  first at 165
427615   5118.852 wddm summary: adapter info type   0      26  first at 4756
427616   5118.852 wddm summary: ---- BuildPagingBuffer operations: operation, count, first log line ----
427617   5118.852 wddm summary: paging operation  11  254356  first at 171
427618   5118.852 wddm summary: paging operation  12   46422  first at 211
427619   5118.852 wddm summary: paging operation   9   78891  first at 230
427620   5118.852 wddm summary: paging operation   2    3126  first at 474
427621   5118.852 wddm summary: paging operation   8   36218  first at 5884
427622   5118.852 wddm summary: objects created/destroyed: dev 3151/3148 ctx 3150/3148 proc 630/628 alloc 6813/7270, 13 alive
427623   5118.852 wddm summary: allocations opened/closed: 6813/6811 calls
427624   5118.852 wddm summary: submissions 0 physical + 298405 virtual, 11 preemptions, last completed fence 16080
427625   5118.852 wddm summary: node 0 hardware: 12957 submitted, 12957 completed, 0 timeouts, 0 refused
427626   5118.852 wddm summary: umd: 567 allocs (0 refused), 26 contexts, 12957 submits on the ring, 0 not run
427627   5118.852 wddm profile: umd calls 12957, elapsed ticks 2131222, QPC frequency 10000000
427628   5118.852 wddm profile: probe enabled 0, calls 0, elapsed ticks 0 (included in umd)
427629   5118.852 wddm summary: node 1 (paging, open): 282325 hardware submitted, 282325 completed, 0 timeouts, 0 refused
427630   5118.852 wddm summary: SubmitCommandVirtual by node: 0: 16080, 1: 282325, 0 private-buffer refusals
427631   5118.852 wddm summary: BuildPagingBuffer: 36200 transfers, 78607 fills, 61071417344 bytes, 214086 insufficient-buffer
427632   5118.852 wddm summary: aperture map batches 0, unmap batches 0
427633   5118.852 wddm summary: paging TLB invalidations 46251, PTE update batches 249097
427634   5118.852 wddm summary: paging unsupported (not ready/no root/no translation/system memory/not contiguous) 0/0/0/0/0
427635   5118.852 wddm summary: presents 9041, flips 2788 of 3123 address calls (0 arrived above DISPATCH_LEVEL)
427636   5118.852 wddm summary: blit gate closed, 0 blits, 0 skips, 0 sources translated contiguous
427637   5118.852 wddm summary: blit destination: 0 to the flipped surface, 0 to the POST framebuffer (0 a failed-mapping fallback), 0 scanout remaps (0 failed), last blit 0 row
427638   5118.852 wddm summary: widest blit 0 rows
427639   5118.852 wddm summary: last blit reading 0, 0x0 pitch 0, 0 rectangles, source physical 0x0
427640   5118.852 wddm summary: vsync not enabled by ControlInterrupt, 316371 ticks, 54417 reported to dxgkrnl
427641   5118.852 wddm summary: vidpn flip closed: 0 hardware flips, 0 refused, 0 hardware vsyncs armed 0 acked 0 refused 0 deferred (flip still pending)
427642   5118.852 wddm summary: no TDR (ResetEngine, ResetFromTimeout and RestartFromTimeout were never called)
427643   5118.852 wddm summary: CollectDbgInfo called 0 time(s) since the driver was loaded
427644   5118.852 vidmm summary: level 0: 1024 calls, 262656 entries, 512 valid
427645   5118.852 vidmm summary: level 1: 2 calls, 1024 entries, 512 valid
427646   5118.852 vidmm summary: level 2: 1 calls, 512 entries, 2 valid
427647   5118.852 vidmm summary: level 3: 1 calls, 512 entries, 1 valid
427648   5118.852 vidmm summary: system leaf encoding coherent 101844 noncoherent 945002 snoop mismatches 0
427649   5118.852 vidmm summary: 1028 cpu-virtual calls, 0 gpu-physical calls
427650   5118.852 vidmm summary: 264704 entries written (EnableGpuVa open), 0 refused, 0 bad calls, 3150 roots
             1024 lines printed
FILE_END old-driver.log sha256_before=4FCE650CC5D22A5B8339775689DB90D902D5A8EEF440DFE04F9E2F43CDD80223 sha256_after=4FCE650CC5D22A5B8339775689DB90D902D5A8EEF440DFE04F9E2F43CDD80223 bytes_after=172122 stable=True
END old-driver.log utc=2026-09-23T17:45:11.3833286Z
BEGIN dump_metadata utc=2026-09-23T17:45:11.3853315Z

Name                   Length LastWriteTimeUtc     
----                   ------ ----------------     
092126-62671-01.dmp    967452 9/21/2026 8:36:37 PM 
092126-63828-01.dmp   1802684 9/21/2026 8:46:08 PM 
092226-58796-01.dmp   1632348 9/22/2026 9:14:10 AM 
092326-63406-01.dmp   2340236 9/23/2026 11:01:42 AM
092326-64031-01.dmp   3112220 9/23/2026 11:19:53 AM
MEMORY.DMP          936038843 9/23/2026 11:19:38 AM


END dump_metadata utc=2026-09-23T17:45:11.4053662Z
persisted_evidence_read_complete
BEGIN boot utc=2026-09-23T17:45:11.4053662Z
boot=2026-09-23T19:27:05
END boot utc=2026-09-23T17:45:11.7476415Z
BEGIN display_device utc=2026-09-23T17:45:11.7476415Z

Status                   Problem FriendlyName                                  
------                   ------- ------------                                  
Error  CM_PROB_FAILED_POST_START BC-250 GPU (bc250kmd, display-only, lab build)


END display_device utc=2026-09-23T17:45:11.9958726Z
recovery_read_complete
