
  Id StartTime                  CPU Responding
  -- ---------                  --- ----------
2140 9/24/2026 1:52:06 PM 62.890625       True




TimeCreated : 9/24/2026 1:52:06 PM
Id          : 0
Message     : The Desktop Window Manager process has exited. (Process exit code: 0xffffffff, 
              Restart count: 1, Primary display device ID: BC-250 GPU (bc250kmd, display-only, 
              lab build))





UserModeDriverName : {bc250umd.dll, C:\BC250\m13\llvm23-umd\bc250d3d.dll, 
                     C:\BC250\m13\llvm23-umd\bc250d3d.dll}





EnableMmio           : 1
EnableMmioWrite      : 0
EnableVram           : 1
EnableVramWrite      : 1
EnableGart           : 1
EnablePsp            : 1
EnableGfx            : 1
EnableIh             : 1
EnableFullWddm       : 0
EnableGpuVa          : 1
EnableGpuSubmit      : 1
EnablePresentBlit    : 1
EnableDcnWrite       : 1
EnablePagingNode     : 1
EnableVidPnFlip      : 1
EnableRlcReloadReset : 0
LastStage            : 50
UnconfirmedStarts    : 0



13:55:35 Tctl 66.8 C (raw 73DB0FEF)
# adapter    BC-250 GPU (bc250kmd, display-only, lab build)
# hardware   PCI\VEN_1002&DEV_13FE&SUBSYS_00001022&REV_00
[interface identity redacted]
D3DKMTOpenAdapterFromDeviceName -> 0x00000000 STATUS_SUCCESS
# adapter    handle 0x40000000 luid 00000000-02747E06
D3DKMTEscape(D3DKMT_ESCAPE_DRIVERPRIVATE, BC250_ESCAPE_GET_INFO) -> 0x00000000 STATUS_SUCCESS
version      0x0007007F (milestone 7 revision 127)
last stage   50 first CommitVidPn
mode         1920x1200 pitch 7680 format 22 (FULL WDDM TABLE)
presents     0
counters     blits 62, flips 436 (the full table's own present counters; both stay 0 in display-only mode)
gates        mmio open, mmio writes off, vram open, vram writes on, gart open, psp open, gfx open, ih open
dcn: done, NTSTATUS 0x00000000 STATUS_SUCCESS, 75 registers
gates        mmio mapped
R HUBPREQ0_DCSURF_PRIMARY_SURFACE_ADDRESS    0x0EB28 708D0000
R HUBPREQ0_DCSURF_PRIMARY_SURFACE_ADDRESS_HIGH 0x0EB2C 00000002
R HUBPREQ0_DCSURF_SURFACE_INUSE              0x0EB84 00000000
R HUBPREQ0_DCSURF_SURFACE_PITCH              0x0EB1C 0000077F
R HUBPREQ0_DCSURF_FLIP_CONTROL               0x0EB6C 00000000
R HUBPREQ0_DCSURF_FLIP_CONTROL2              0x0EB70 00000040
R HUBPREQ0_DCSURF_SURFACE_CONTROL            0x0EB68 00000000
R HUBPREQ0_DCSURF_SURFACE_FLIP_INTERRUPT     0x0EB80 00050000
R HUBPREQ1_DCSURF_PRIMARY_SURFACE_ADDRESS    0x0EE98 70000000
R HUBPREQ1_DCSURF_PRIMARY_SURFACE_ADDRESS_HIGH 0x0EE9C 00000002
R HUBPREQ1_DCSURF_SURFACE_INUSE              0x0EEF4 00000000
R HUBPREQ1_DCSURF_SURFACE_PITCH              0x0EE8C 0000077F
R HUBPREQ1_DCSURF_FLIP_CONTROL               0x0EEDC 00000100
R HUBPREQ1_DCSURF_FLIP_CONTROL2              0x0EEE0 00000040
R HUBPREQ1_DCSURF_SURFACE_CONTROL            0x0EED8 00000000
R HUBPREQ1_DCSURF_SURFACE_FLIP_INTERRUPT     0x0EEF0 00000000
R HUBPREQ2_DCSURF_PRIMARY_SURFACE_ADDRESS    0x0F208 70000000
R HUBPREQ2_DCSURF_PRIMARY_SURFACE_ADDRESS_HIGH 0x0F20C 00000002
R HUBPREQ2_DCSURF_SURFACE_INUSE              0x0F264 00000000
R HUBPREQ2_DCSURF_SURFACE_PITCH              0x0F1FC 0000077F
R HUBPREQ2_DCSURF_FLIP_CONTROL               0x0F24C 00000100
R HUBPREQ2_DCSURF_FLIP_CONTROL2              0x0F250 00000040
R HUBPREQ2_DCSURF_SURFACE_CONTROL            0x0F248 00000000
R HUBPREQ2_DCSURF_SURFACE_FLIP_INTERRUPT     0x0F260 00000000
R HUBPREQ3_DCSURF_PRIMARY_SURFACE_ADDRESS    0x0F578 70000000
R HUBPREQ3_DCSURF_PRIMARY_SURFACE_ADDRESS_HIGH 0x0F57C 00000002
R HUBPREQ3_DCSURF_SURFACE_INUSE              0x0F5D4 00000000
R HUBPREQ3_DCSURF_SURFACE_PITCH              0x0F56C 0000077F
R HUBPREQ3_DCSURF_FLIP_CONTROL               0x0F5BC 00000100
R HUBPREQ3_DCSURF_FLIP_CONTROL2              0x0F5C0 00000040
R HUBPREQ3_DCSURF_SURFACE_CONTROL            0x0F5B8 00000000
R HUBPREQ3_DCSURF_SURFACE_FLIP_INTERRUPT     0x0F5D0 00000000
R HUBP0_DCHUBP_CNTL                          0x0EACC 000F1002
R HUBP0_DCSURF_SURFACE_CONFIG                0x0EA94 00000008
R HUBP0_DCSURF_ADDR_CONFIG                   0x0EA98 00000000
R HUBP0_DCSURF_TILING_CONFIG                 0x0EA9C 00000080
R HUBP1_DCHUBP_CNTL                          0x0EE3C 000F101A
R HUBP1_DCSURF_SURFACE_CONFIG                0x0EE04 00000008
R HUBP1_DCSURF_ADDR_CONFIG                   0x0EE08 00000000
R HUBP1_DCSURF_TILING_CONFIG                 0x0EE0C 00000080
R HUBP2_DCHUBP_CNTL                          0x0F1AC 000F102A
R HUBP2_DCSURF_SURFACE_CONFIG                0x0F174 00000008
R HUBP2_DCSURF_ADDR_CONFIG                   0x0F178 00000000
R HUBP2_DCSURF_TILING_CONFIG                 0x0F17C 00000080
R HUBP3_DCHUBP_CNTL                          0x0F51C 000F103A
R HUBP3_DCSURF_SURFACE_CONFIG                0x0F4E4 00000008
R HUBP3_DCSURF_ADDR_CONFIG                   0x0F4E8 00000000
R HUBP3_DCSURF_TILING_CONFIG                 0x0F4EC 00000080
R OTG0_OTG_CONTROL                           0x14004 80011311
R OTG0_OTG_MASTER_UPDATE_LOCK                0x1412C 00000000
R OTG0_OTG_GLOBAL_CONTROL0                   0x14140 00000000
R OTG0_OTG_GLOBAL_SYNC_STATUS                0x14128 00101104
R OTG0_OTG_VUPDATE_KEEPOUT                   0x1413C 00000000
R OTG0_OTG_H_TOTAL                           0x13FA8 0000081F
R OTG0_OTG_V_TOTAL                           0x13FBC 000004D2
R OTG0_OTG_STATUS                            0x14024 00020002
R OTG0_OTG_STATUS_POSITION                   0x14028 0318014B
R OTG0_OTG_STATUS_FRAME_COUNT                0x14030 00073937
R OTG0_OTG_VERTICAL_INTERRUPT0_CONTROL       0x1408C 00001000
R OTG0_OTG_VUPDATE_PARAM                     0x14120 01400208
R OTG0_OTG_TRIGA_MANUAL_TRIG                 0x13FE8 00000000
R OTG1_OTG_CONTROL                           0x14204 80000310
R OTG1_OTG_MASTER_UPDATE_LOCK                0x1432C 00000000
R OTG1_OTG_GLOBAL_CONTROL0                   0x14340 00000000
R OTG1_OTG_GLOBAL_SYNC_STATUS                0x14328 00000000
R OTG1_OTG_VUPDATE_KEEPOUT                   0x1433C 00000000
R OTG1_OTG_H_TOTAL                           0x141A8 00000000
R OTG1_OTG_V_TOTAL                           0x141BC 00000000
R OTG1_OTG_STATUS                            0x14224 00010021
R OTG1_OTG_STATUS_POSITION                   0x14228 00000000
R OTG1_OTG_STATUS_FRAME_COUNT                0x14230 00000000
R OTG1_OTG_VERTICAL_INTERRUPT0_CONTROL       0x1428C 00000000
R OTG1_OTG_VUPDATE_PARAM                     0x14320 00010000
R OTG1_OTG_TRIGA_MANUAL_TRIG                 0x141E8 00000000
R DCHUBBUB_CTRL_STATUS                       0x0E7D0 00000001
decoded (this run / Linux reference E21 run 4, dmupre.txt):
hubp0        address 0x00000002708D0000 / 0x0000000270000000
             pitch 1919 / 1919
             DCHUBP_CNTL 0x000F1002 / 0x000F1002
otg0         OTG_CONTROL 0x80011311 / 0x80011311, master enable ENABLED / ENABLED
             h_total 2079 / 2079, v_total 1234 / 1234
             vblank interrupt enable (GLOBAL_SYNC_STATUS bit 12) on (no Linux reference for this bit alone)
             vblank event occurred (GLOBAL_SYNC_STATUS bit 14) clear (docs/design/vsync-interrupt-route.md: latches
             regardless of the enable bit above - a lone way to tell "never fires" from "fires, never arrives")
             vupdate int_status (GLOBAL_SYNC_STATUS bit 15) clear (empirical, not read by amdgpu's own source:
             tracked the enable bit in the only cross-check on record, M92 vs M103 - "qualified to interrupt")
             master update lock unlocked, flip pending clear, vupdate keepout off (all should read off/clear/off outside a flip;
             no Linux reference, these hold only mid-sequence)
log          4939 lines since this driver load, 3915 lost to the wrap, 7 dropped above DISPATCH_LEVEL; ring 1024 lines of which the first 256 are kept; table FULL WDDM (the gate was open at DriverEntry)
     0      0.004 stage 10
     1      0.004 gate: EnableFullWddm 1 (one shot: closed again on disk)
     2      0.006 stage 20
     3      0.236 stage 30
     4      0.238 stage 31
     5      0.240 stage 32
     6      0.240 post display 1920x1200 pitch 7680 format 22 target 2424833
     7      0.240 stage 33
     8      0.242 stage 34
     9      0.242 interrupt resource 1: message, vector 0x80, flags 0x3
    10      0.242 mmio: BAR5 at 0xFE800000 mapped, writes off, dcn writes allowed, vidpn flip allowed
    11      0.242 vram: 0x270000000 + 0x200000000, MC 0xF400000000, BAR0 0xC0000000 + 0x10000000, writes allowed
    12      0.242 fb sample mapped: phys 0xC0000000 first 0x00000000 mid 0x00000000
    13      0.242 fb sample physical: 0x270000000 first 0x00000000 mid 0x00000000
    14      0.242 gart: ready, dummy page at 0x26FFFA000
    15      0.242 psp: ready
    16      0.242 gpumem: ready, doorbells at 0xD0000000
    17      0.242 gfx: ready, GPU submission allowed, paging node allowed
    18      0.242 ih: ready
    19      0.246 vidmm: logical paging state 515 tables, 1031 slots, 4767344 bytes reserved
    20      0.250 vidmm: table segment 3 at physical 0x45E150000 + 0xFEB0000, host memory below 0x270000000, updates are WRITTEN
    21      0.250 startup: entering interrupt connection
    22      0.254 startup: entering firmware preparation
    23      0.258 gfx: CP_ME_CNTL 0x15000000, CP_MEC_CNTL 0x50000000, SDMA0/1_F32_CNTL 0x1 0x1
    24      0.258 gfx: unpublished translation bootstrap entered with engines halted
    25      0.258 gfx: RLC before-gart-initialization CNTL 0x00000000 read 0x00000000 STATUS2 0x00000008 read 0x00000000
    26      0.258 gfx: GRBM before-gart-initialization STATUS 0x00003028 read 0x00000000
    27      0.258 startup: entering GART initialization
    28      0.272 gart: startup startup-after-gfxhub-enable sample 0x00000000 fault 0x00000000
    29      0.272 gfx: RLC startup-after-gfxhub-enable CNTL 0x00000000 read 0x00000000 STATUS2 0x00000008 read 0x00000000
    30      0.272 gfx: GRBM startup-after-gfxhub-enable STATUS 0x00003028 read 0x00000000
    31      0.272 gart: startup startup-after-mmhub-enable sample 0x00000000 fault 0x00000000
    32      0.272 gfx: RLC startup-after-mmhub-enable CNTL 0x00000000 read 0x00000000 STATUS2 0x00000008 read 0x00000000
    33      0.272 gfx: GRBM startup-after-mmhub-enable STATUS 0x00003028 read 0x00000000
    34      0.272 gart: startup startup-after-fault-defaults sample 0x00000000 fault 0x00000000
    35      0.272 gfx: RLC startup-after-fault-defaults CNTL 0x00000000 read 0x00000000 STATUS2 0x00000008 read 0x00000000
    36      0.272 gfx: GRBM startup-after-fault-defaults STATUS 0x00003028 read 0x00000000
    37      0.272 gart: startup bootstrap-after-mmhub-flush sample 0x00000000 fault 0x00000000
    38      0.272 gfx: RLC bootstrap-after-mmhub-flush CNTL 0x00000000 read 0x00000000 STATUS2 0x00000008 read 0x00000000
    39      0.272 gfx: GRBM bootstrap-after-mmhub-flush STATUS 0x00003028 read 0x00000000
    40      0.272 gart: op 1 -> 0x00000000 (-), result 0, 284 writes, fault offset 0x00000
    41      0.272 gfx: RLC before-psp CNTL 0x00000000 read 0x00000000 STATUS2 0x00000008 read 0x00000000
    42      0.272 gfx: GRBM before-psp STATUS 0x00003028 read 0x00000000
    43      0.272 startup: entering PSP initialization
    44      0.324 gfx: RLC before-psp-ring-create CNTL 0x00000000 read 0x00000000 STATUS2 0x00000008 read 0x00000000
    45      0.324 gfx: GRBM before-psp-ring-create STATUS 0x00003028 read 0x00000000
    46      0.346 gfx: RLC after-psp-ring-create CNTL 0x00000000 read 0x00000000 STATUS2 0x00000008 read 0x00000000
    47      0.346 gfx: GRBM after-psp-ring-create STATUS 0x00003028 read 0x00000000
    48      0.346 amdgpu[0]: reserve 0x400000 from 0xf5ff800000 for PSP TMR

    49      0.346 psp: command 1 (id 5, type 0, 4194304 bytes): rc 0, status 0x0, 255 us, in TMR at 0x0
    50      0.346 gfx: RLC after-psp-command CNTL 0x00000000 read 0x00000000 STATUS2 0x00000008 read 0x00000000
    51      0.346 gfx: GRBM after-psp-command STATUS 0x00003028 read 0x00000000
    52      0.348 psp: command 2 (id 6, type 9, 33536 bytes): rc 0, status 0x0, 1894 us, in TMR at 0x0
    53      0.348 gfx: RLC after-psp-command CNTL 0x00000000 read 0x00000000 STATUS2 0x01000008 read 0x00000000
    54      0.348 gfx: GRBM after-psp-command STATUS 0x00003028 read 0x00000000
    55      0.350 psp: command 3 (id 6, type 10, 33536 bytes): rc 0, status 0x0, 1890 us, in TMR at 0x0
    56      0.350 gfx: RLC after-psp-command CNTL 0x00000000 read 0x00000000 STATUS2 0x01000008 read 0x00000000
    57      0.350 gfx: GRBM after-psp-command STATUS 0x00003028 read 0x00000000
    58      0.356 psp: command 4 (id 6, type 3, 263040 bytes): rc 0, status 0x0, 5920 us, in TMR at 0xF5FF842000
    59      0.356 gfx: RLC after-psp-command CNTL 0x00000000 read 0x00000000 STATUS2 0x01000008 read 0x00000000
    60      0.356 gfx: GRBM after-psp-command STATUS 0x00003028 read 0x00000000
    61      0.362 psp: command 5 (id 6, type 2, 263168 bytes): rc 0, status 0x0, 5888 us, in TMR at 0xF5FF883000
    62      0.362 gfx: RLC after-psp-command CNTL 0x00000000 read 0x00000000 STATUS2 0x01000008 read 0x00000000
    63      0.362 gfx: GRBM after-psp-command STATUS 0x00003028 read 0x00000000
    64      0.368 psp: command 6 (id 6, type 1, 263168 bytes): rc 0, status 0x0, 5912 us, in TMR at 0xF5FF8C4000
    65      0.368 gfx: RLC after-psp-command CNTL 0x00000000 read 0x00000000 STATUS2 0x01000008 read 0x00000000
    66      0.368 gfx: GRBM after-psp-command STATUS 0x00003028 read 0x00000000
    67      0.374 psp: command 7 (id 6, type 4, 267440 bytes): rc 0, status 0x0, 6013 us, in TMR at 0xF5FF800000
    68      0.374 gfx: RLC after-psp-command CNTL 0x00000000 read 0x00000000 STATUS2 0x01000008 read 0x00000000
    69      0.374 gfx: GRBM after-psp-command STATUS 0x00003028 read 0x00000000
    70      0.374 psp: command 8 (id 6, type 5, 896 bytes): rc 0, status 0x0, 130 us, in TMR at 0x0
    71      0.374 gfx: RLC after-psp-command CNTL 0x00000000 read 0x00000000 STATUS2 0x01000008 read 0x00000000
    72      0.374 gfx: GRBM after-psp-command STATUS 0x00003028 read 0x00000000
    73      0.380 psp: command 9 (id 6, type 4, 267440 bytes): rc 0, status 0x0, 6013 us, in TMR at 0xF5FF800000
    74      0.380 gfx: RLC after-psp-command CNTL 0x00000000 read 0x00000000 STATUS2 0x01000008 read 0x00000000
    75      0.380 gfx: GRBM after-psp-command STATUS 0x00003028 read 0x00000000
    76      0.380 psp: command 10 (id 6, type 6, 896 bytes): rc 0, status 0x0, 130 us, in TMR at 0x0
    77      0.380 gfx: RLC after-psp-command CNTL 0x00000000 read 0x00000000 STATUS2 0x01000008 read 0x00000000
    78      0.380 gfx: GRBM after-psp-command STATUS 0x00003028 read 0x00000000
    79      0.382 psp: command 11 (id 6, type 8, 25088 bytes): rc 0, status 0x0, 1739 us, in TMR at 0x0
    80      0.382 gfx: RLC after-psp-command CNTL 0x00000000 read 0x00000000 STATUS2 0x01000008 read 0x00000000
    81      0.382 gfx: GRBM after-psp-command STATUS 0x00003028 read 0x00000000
    82      0.382 psp: op 1 -> 0x00000000, result 0, 15 writes, 11 of 11 commands
    83      0.382 gfx: RLC after-psp CNTL 0x00000000 read 0x00000000 STATUS2 0x01000008 read 0x00000000
    84      0.382 gfx: GRBM after-psp STATUS 0x00003028 read 0x00000000
    85      0.382 startup: entering IH initialization
    86      0.386 ih: init: rc 0, 18 writes
    87      0.386 ih: op 1 -> 0x00000000, result 0, 19 writes; 0 interrupt routine calls, 0 ours, 0 DPCs, 0 vectors; status idle 1 input_idle 1 bif_interrupt_line 0
    88      0.386 startup: entering GFX initialization
    89      0.388 startup: entering GFX stage 1
    90      0.390 gfx: RLC startup policy pp_gfxoff 0
    91      0.394 gfx: stage 1 (doorbell aperture): rc 0, 49 writes so far, 1 us
    92      0.394 gfx: op 1 to stage 1 -> 0x00000000, result 0, 49 writes, 0 doorbells
    93      0.396 startup: entering GFX stage 2
    94      0.398 gfx: stage 2 (golden registers): rc 0, 34 writes so far, 26 us
    95      0.398 gfx: op 1 to stage 2 -> 0x00000000, result 0, 34 writes, 0 doorbells
    96      0.400 startup: entering GFX stage 3
    97      0.404 gfx: stage 3 (GRBM CAM probe): rc 0, 3 writes so far, 4 us
    98      0.404 gfx: op 1 to stage 3 -> 0x00000000, result 0, 3 writes, 0 doorbells
    99      0.406 startup: entering GFX stage 4
   100      0.408 gfx: stage 4 (constants): rc 0, 157 writes so far, 63 us
   101      0.408 gfx: op 1 to stage 4 -> 0x00000000, result 0, 157 writes, 0 doorbells
   102      0.412 startup: entering GFX stage 5
   103      0.414 startup: RLC boundary acquire-paging-lock
   104      0.418 startup: RLC boundary acquire-gart-lock
   105      0.420 startup: RLC boundary locks-acquired
   106      0.424 startup: RLC boundary before-rlc-resume
   107      0.426 startup: RLC boundary after-rlc-resume
   108      0.428 startup: RLC boundary before-gfx-visibility
   109      0.432 gpumem: GFXHUB after-invalidate-request sample 0x00F80001 fault 0x00000000
   110      0.434 startup: visibility observer returned after-invalidate-request
   111      0.436 gpumem: GFXHUB after-invalidate-request-read sample 0x00F80001 fault 0x00000000
   112      0.440 startup: visibility observer returned after-invalidate-request-read
   113      0.442 gpumem: GFXHUB after-invalidate-ack sample 0x00000001 fault 0x00000000
   114      0.444 startup: visibility observer returned after-invalidate-ack
   115      0.448 startup: visibility GFX returned 0, entering MMHUB
   116      0.452 startup: visibility MMHUB returned 0
   117      0.456 gpumem: startup GFX translations committed after RLC, before CP
   118      0.458 gfx: RLC after-bootstrap-translation-commit CNTL 0x00000001 read 0x00000000 STATUS2 0x00000008 read 0x00000000
   119      0.458 gfx: GRBM after-bootstrap-translation-commit STATUS 0x00003028 read 0x00000000
   120      0.458 startup: visibility publication observer returned
   121      0.462 startup: RLC boundary after-gfx-visibility
   122      0.464 gfx: stage 5 (RLC): rc 0, 11 writes so far, 40881 us
   123      0.464 gfx: op 1 to stage 5 -> 0x00000000, result 0, 11 writes, 0 doorbells
   124      0.468 startup: entering GFX stage 6
   125      0.470 startup: entering CP step 1
   126      0.472 startup: CP1 checkpoint acquire-paging-lock
   127      0.476 startup: CP1 checkpoint acquire-gart-lock
   128      0.478 startup: CP1 checkpoint locks-acquired
   129      0.482 amdgpu[0]: CP resume kiq-init begin

   130      0.482 startup: CP1 checkpoint scheduler
   131      0.484 startup: CP1 checkpoint scheduler-read
   132      0.488 startup: CP1 checkpoint scheduler-write
   133      0.490 startup: CP1 checkpoint scheduler-done
   134      0.494 startup: CP1 checkpoint clear-mqd
   135      0.498 startup: CP1 checkpoint select-queue
   136      0.500 startup: CP1 checkpoint build-mqd
   137      0.504 startup: CP1 checkpoint disable-wptr-poll
   138      0.506 startup: CP1 checkpoint read-active
   139      0.508 startup: CP1 checkpoint program-hqd
   140      0.512 startup: CP1 checkpoint activate-hqd
   141      0.514 startup: CP1 checkpoint restore-selection
   142      0.518 startup: CP1 checkpoint complete
   143      0.520 amdgpu[0]: CP resume kiq-init end result=0

   144      0.520 gfx: CP step 1: rc 0, 27 writes, 38709 us
   145      0.520 gfx: op 1 to stage 6 -> 0x00000000, result 0, 27 writes, 0 doorbells
   146      0.520 startup: CP step 1 returned 0x00000000 result 0
   147      0.524 startup: entering CP step 2
   148      0.526 amdgpu[0]: CP resume compute-unhalt begin

   149      0.526 amdgpu[0]: CP resume compute-unhalt end

   150      0.526 amdgpu[0]: CP resume kcq-init ring=0 begin

   151      0.526 amdgpu[0]: CP resume kcq-init ring=0 end result=0

   152      0.526 amdgpu[0]: CP resume kcq-init ring=1 begin

   153      0.526 amdgpu[0]: CP resume kcq-init ring=1 end result=0

   154      0.526 amdgpu[0]: CP resume kcq-init ring=2 begin

   155      0.526 amdgpu[0]: CP resume kcq-init ring=2 end result=0

   156      0.526 amdgpu[0]: CP resume kcq-init ring=3 begin

   157      0.526 amdgpu[0]: CP resume kcq-init ring=3 end result=0

   158      0.526 amdgpu[0]: CP resume kcq-init ring=4 begin

   159      0.526 amdgpu[0]: CP resume kcq-init ring=4 end result=0

   160      0.528 amdgpu[0]: CP resume kcq-init ring=5 begin

   161      0.528 amdgpu[0]: CP resume kcq-init ring=5 end result=0

   162      0.528 amdgpu[0]: CP resume kcq-init ring=6 begin

   163      0.528 amdgpu[0]: CP resume kcq-init ring=6 end result=0

   164      0.528 amdgpu[0]: CP resume kcq-init ring=7 begin

   165      0.528 amdgpu[0]: CP resume kcq-init ring=7 end result=0

   166      0.528 gfx: CP step 2: rc 0, 17 writes, 494 us
   167      0.528 gfx: op 1 to stage 6 -> 0x00000000, result 0, 17 writes, 0 doorbells
   168      0.528 startup: CP step 2 returned 0x00000000 result 0
   169      0.530 startup: entering CP step 3
   170      0.534 amdgpu[0]: CP resume kcq-enable begin

   171      0.534 amdgpu[0]: CP resume kcq-enable end result=0

   172      0.534 gfx: CP step 3: rc 0, 1 writes, 62 us
   173      0.534 gfx: op 1 to stage 6 -> 0x00000000, result 0, 1 writes, 2 doorbells
   174      0.534 startup: CP step 3 returned 0x00000000 result 0
   175      0.538 startup: entering CP step 4
   176      0.540 amdgpu[0]: CP resume kgq-init ring=0 begin

   177      0.540 amdgpu[0]: CP resume kgq-init ring=0 end result=0

   178      0.540 gfx: CP step 4: rc 0, 4 writes, 40 us
   179      0.540 gfx: op 1 to stage 6 -> 0x00000000, result 0, 4 writes, 0 doorbells
   180      0.540 startup: CP step 4 returned 0x00000000 result 0
   181      0.544 startup: entering CP step 5
   182      0.546 amdgpu[0]: CP resume kgq-enable begin

   183      0.546 amdgpu[0]: CP resume kgq-enable end result=0

   184      0.546 gfx: CP step 5: rc 0, 1 writes, 34 us
   185      0.546 gfx: op 1 to stage 6 -> 0x00000000, result 0, 1 writes, 2 doorbells
   186      0.546 startup: CP step 5 returned 0x00000000 result 0
   187      0.550 startup: entering CP step 6
   188      0.552 amdgpu[0]: CP resume gfx-start begin

   189      0.552 amdgpu[0]: CP resume gfx-start end result=0

   190      0.552 gfx: CP step 6: rc 0, 3 writes, 35 us
   191      0.552 gfx: op 1 to stage 6 -> 0x00000000, result 0, 3 writes, 1 doorbells
   192      0.552 startup: CP step 6 returned 0x00000000 result 0
   193      0.556 startup: entering CP step 7
   194      0.558 amdgpu[0]: CP resume gfx-test ring=0 begin

   195      0.558 amdgpu[0]: CP resume gfx-test ring=0 end result=0

   196      0.558 gfx: CP step 7: rc 0, 1 writes, 27 us
   197      0.558 gfx: op 1 to stage 6 -> 0x00000000, result 0, 1 writes, 1 doorbells
   198      0.558 startup: CP step 7 returned 0x00000000 result 0
   199      0.560 startup: entering CP step 8
   200      0.564 amdgpu[0]: CP resume compute-test ring=0 begin

   201      0.564 amdgpu[0]: CP resume compute-test ring=0 end result=0

   202      0.564 amdgpu[0]: CP resume compute-test ring=1 begin

   203      0.564 amdgpu[0]: CP resume compute-test ring=1 end result=0

   204      0.564 amdgpu[0]: CP resume compute-test ring=2 begin

   205      0.564 amdgpu[0]: CP resume compute-test ring=2 end result=0

   206      0.564 amdgpu[0]: CP resume compute-test ring=3 begin

   207      0.564 amdgpu[0]: CP resume compute-test ring=3 end result=0

   208      0.564 amdgpu[0]: CP resume compute-test ring=4 begin

   209      0.564 amdgpu[0]: CP resume compute-test ring=4 end result=0

   210      0.564 amdgpu[0]: CP resume compute-test ring=5 begin

   211      0.564 amdgpu[0]: CP resume compute-test ring=5 end result=0

   212      0.564 amdgpu[0]: CP resume compute-test ring=6 begin

   213      0.564 amdgpu[0]: CP resume compute-test ring=6 end result=0

   214      0.564 amdgpu[0]: CP resume compute-test ring=7 begin

   215      0.564 amdgpu[0]: CP resume compute-test ring=7 end result=0

   216      0.564 gfx: CP step 8: rc 0, 8 writes, 164 us
   217      0.564 gfx: op 1 to stage 6 -> 0x00000000, result 0, 8 writes, 8 doorbells
   218      0.564 startup: CP step 8 returned 0x00000000 result 0
   219      0.570 startup: entering GFX stage 7
   220      0.574 gfx: stage 7 (SDMA): rc 0, 93 writes so far, 183 us
   221      0.574 gfx: op 1 to stage 7 -> 0x00000000, result 0, 93 writes, 2 doorbells
   222      0.576 startup: entering GFX stage 8
   223      0.580 gfx: stage 8 (interrupt sources): rc 0, 35 writes so far, 25 us
   224      0.580 gfx: paging node ready, SDMA0 doorbell 0x200, per-buffer private commands
   225      0.580 gfx: op 1 to stage 8 -> 0x00000000, result 0, 35 writes, 0 doorbells
   226      0.584 startup: both engines ready
   227      0.588 startup: attempted 0xF completed 0xF status 0x00000000 ready 1 unwind 0 quarantine 0
   228      0.588 wddm: GPU initialized before adapter admission
   229      0.588 wddm: callbacks sync 1 notify 1 queuedpc 1 notifydpc 1, interface 312 of 312 bytes
   230      0.588 stage 35
   231      0.588 stage 39
   232      0.588 wddm: display QueryChildRelations call 1 detail 0x38 -> 0x00000000
   233      0.590 wddm: DRIVERCAPS into 576 bytes: wddm 8192 sched 0x45 mm 0x60 flip 0x12 slots 0 tdr 1 dflip 1 rot 1
   234      0.590 wddm: QueryAdapterInfo type 1 in 0 out 576 -> 0x00000000
   235      0.590 wddm: QueryAdapterInfo type 15 in 4 out 20 -> 0xC00000BB
   236      0.590 wddm: QueryAdapterInfo type 47 in 0 out 4 -> 0xC00000BB
   237      0.590 wddm: QueryAdapterInfo type 13 in 4 out 24 -> 0x00000000
   238      0.590 wddm: QueryAdapterInfo type 14 in 4 out 20 -> 0x00000000
   239      0.590 wddm: QueryAdapterInfo type 14 in 4 out 20 -> 0x00000000
   240      0.590 wddm: QueryAdapterInfo type 14 in 4 out 20 -> 0x00000000
   241      0.590 wddm: QueryAdapterInfo type 14 in 4 out 20 -> 0x00000000
   242      0.590 wddm: GetNodeMetadata node 0 adapter 0
   243      0.590 wddm: GetNodeMetadata node 1 adapter 0
   244      0.590 wddm: QUERYSEGMENT4 pass 1: 3 segment(s)
   245      0.590 wddm: QUERYSEGMENT4 pass 2: 3 segment(s), stride 104, paging buffer segment 0, 65536 bytes
   246      0.590 wddm: segment 1 flags 0x00080404 gpu 0xF4008D0000 cpu 0x2708D0000 size 0x1ED880000
   247      0.590 wddm: QueryAdapterInfo type 16 in 0 out 4 -> 0xC00000BB
   248      0.592 wddm: CreateProcess flags 0x00000001 pasids 1
   249      0.592 wddm: CreateDevice flags 0x00000001 pasid 0
   250      0.592 wddm: CreateDevice flags 0x00000001 pasid 0
   251      0.630 wddm: capture reservation ready 22020400 bytes
   252      0.630 wddm: CreateContext node 1 engine 0x1 flags 0x00000005 private 0
   253      0.630 wddm: CreateContext answered dma 4096 bytes segment set 0x2, lists 256/0, caps 0x00000001
   254      0.630 wddm: BuildPagingBuffer operation 11 segment 0, 65536 bytes free, pass offset 0
   255      0.630 vidmm: table physical cache query pa 0x45E153000 status 0xC0000141 type 6; retained map requests NC; borrowed VA attributes unproven
  4171    198.588 wddm summary: QueryAdapterInfo                   12  first at 234
  4172    198.588 wddm summary: GetNodeMetadata                     2  first at 242
  4173    198.588 wddm summary: CreateDevice                       13  first at 249
  4174    198.588 wddm summary: DestroyDevice                       6  first at 734
  4175    198.588 wddm summary: CreateContext                      11  first at 252
  4176    198.588 wddm summary: DestroyContext                      6  first at 733
  4177    198.588 wddm summary: CreateProcess                       8  first at 248
  4178    198.588 wddm summary: DestroyProcess                      4  first at 1543
  4179    198.588 wddm summary: SetRootPageTable                    3  first at 274
  4180    198.588 wddm summary: CreateAllocation                   13  first at 311
  4181    198.588 wddm summary: DestroyAllocation                   9  first at 974
  4182    198.588 wddm summary: DescribeAllocation                457  first at 366
  4183    198.588 wddm summary: GetStandardAllocationDriverData      6  first at 309
  4184    198.590 wddm summary: OpenAllocation                     16  first at 313
  4185    198.590 wddm summary: CloseAllocation                     9  first at 973
  4186    198.590 wddm summary: BuildPagingBuffer                2044  first at 254
  4187    198.590 wddm summary: SubmitCommandVirtual              833  first at 294
  4188    198.590 wddm summary: Present                           454  first at 714
  4189    198.590 wddm summary: SetVidPnSourceAddress             395  first at 419
  4190    198.590 wddm summary: ControlInterrupt                    3  first at 729
  4191    198.590 wddm summary: ---- QueryAdapterInfo types: type, count, first log line ----
  4192    198.590 wddm summary: adapter info type   1       1  first at 234
  4193    198.590 wddm summary: adapter info type  15       1  first at 235
  4194    198.590 wddm summary: adapter info type  47       1  first at 236
  4195    198.590 wddm summary: adapter info type  13       1  first at 237
  4196    198.590 wddm summary: adapter info type  14       4  first at 238
  4197    198.590 wddm summary: adapter info type  11       2  first at 245
  4198    198.590 wddm summary: adapter info type  10       1  first at 247
  4199    198.590 wddm summary: adapter info type  16       1  first at 247
  4200    198.590 wddm summary: capture plans reserved 2 heap 0
  4201    198.590 wddm summary: capture context peaks plans 1 reserved-bytes 189304
  4202    198.590 wddm summary: ---- BuildPagingBuffer operations: operation, count, first log line ----
  4203    198.590 wddm summary: paging operation  11    1491  first at 254
  4204    198.590 wddm summary: paging operation  12      73  first at 302
  4205    198.590 wddm summary: paging operation   9     102  first at 321
  4206    198.590 wddm summary: paging operation   2       1  first at 968
  4207    198.590 wddm summary: paging operation   8     377  first at 988
  4208    198.590 wddm summary: objects created/destroyed: dev 13/6 ctx 11/6 proc 8/4 alloc 13/9, 36 alive
  4209    198.590 wddm summary: allocations opened/closed: 16/9 calls
  4210    198.590 wddm summary: submissions 0 physical + 833 virtual, 0 preemptions, last completed fence 771
  4211    198.590 wddm summary: node 0 hardware: 0 submitted, 0 completed, 0 timeouts, 0 refused
  4212    198.590 wddm summary: umd: 0 allocs (0 refused), 0 contexts, 0 submits on the ring, 0 not run
  4213    198.590 wddm profile: umd calls 0, elapsed ticks 0, QPC frequency 10000000
  4214    198.590 wddm profile: probe enabled 0, calls 0, elapsed ticks 0 (included in umd)
  4215    198.590 wddm summary: node 1 (paging, open): 771 hardware submitted, 771 completed, 0 timeouts, 0 refused
  4216    198.590 wddm summary: SubmitCommandVirtual by node: 0: 62, 1: 771, 0 private-buffer refusals
  4217    198.590 wddm summary: BuildPagingBuffer: 2 transfers, 102 fills, 94617600 bytes, 665 insufficient-buffer
  4218    198.590 wddm summary: aperture map batches 0, unmap batches 0
  4219    198.590 wddm summary: paging TLB invalidations 73, PTE update batches 451
  4220    198.590 wddm summary: paging unsupported (not ready/no root/no translation/system memory/not contiguous) 0/0/0/0/0
  4221    198.590 wddm summary: presents 454, flips 393 of 395 address calls (392 arrived above DISPATCH_LEVEL)
  4222    198.590 wddm summary: blit gate open, 62 blits, 0 skips, 62 sources translated contiguous
  4223    198.590 wddm summary: blit destination: 0 to the flipped surface, 0 to the POST framebuffer (0 a failed-mapping fallback), 28 scanout remaps (0 failed), last blit 480 
  4224    198.590 wddm summary: widest blit 747 rows
  4225    198.590 wddm summary: last blit reading 3, 640x480 pitch 2560, 1 rectangles, source physical 0x27232E000
  4226    198.590 wddm summary: vsync enabled, 0 ticks, 10667 reported to dxgkrnl
  4227    198.590 wddm summary: vidpn flip open: 393 hardware flips, 0 refused, 1 hardware vsyncs armed 11847 acked 0 refused 0 deferred (flip still pending)
  4228    198.590 wddm summary: no TDR (ResetEngine, ResetFromTimeout and RestartFromTimeout were never called)
  4229    198.590 wddm summary: CollectDbgInfo called 0 time(s) since the driver was loaded
  4230    198.590 vidmm summary: level 0: 1024 calls, 262656 entries, 512 valid
  4231    198.590 vidmm summary: level 1: 2 calls, 1024 entries, 512 valid
  4232    198.590 vidmm summary: level 2: 1 calls, 512 entries, 2 valid
  4233    198.590 vidmm summary: level 3: 1 calls, 512 entries, 1 valid
  4234    198.590 vidmm summary: system leaf encoding coherent 0 noncoherent 16696 snoop mismatches 0
  4235    198.590 vidmm summary: 1028 cpu-virtual calls, 0 gpu-physical calls
  4236    198.590 vidmm summary: 264704 entries written (EnableGpuVa open), 0 refused, 0 bad calls, 3 roots
  4237    200.615 wddm summary: ---- DDI calls: name, count, first log line ----
  4238    200.615 wddm summary: QueryAdapterInfo                   12  first at 234
  4239    200.615 wddm summary: GetNodeMetadata                     2  first at 242
  4240    200.615 wddm summary: CreateDevice                       13  first at 249
  4241    200.615 wddm summary: DestroyDevice                       6  first at 734
  4242    200.615 wddm summary: CreateContext                      11  first at 252
  4243    200.615 wddm summary: DestroyContext                      6  first at 733
  4244    200.615 wddm summary: CreateProcess                       8  first at 248
  4245    200.615 wddm summary: DestroyProcess                      4  first at 1543
  4246    200.615 wddm summary: SetRootPageTable                    3  first at 274
  4247    200.615 wddm summary: CreateAllocation                   13  first at 311
  4248    200.615 wddm summary: DestroyAllocation                   9  first at 974
  4249    200.615 wddm summary: DescribeAllocation                460  first at 366
  4250    200.615 wddm summary: GetStandardAllocationDriverData      6  first at 309
  4251    200.615 wddm summary: OpenAllocation                     16  first at 313
  4252    200.615 wddm summary: CloseAllocation                     9  first at 973
  4253    200.615 wddm summary: BuildPagingBuffer                2044  first at 254
  4254    200.615 wddm summary: SubmitCommandVirtual              833  first at 294
  4255    200.615 wddm summary: Present                           457  first at 714
  4256    200.615 wddm summary: SetVidPnSourceAddress             398  first at 419
  4257    200.615 wddm summary: ControlInterrupt                    3  first at 729
  4258    200.615 wddm summary: ---- QueryAdapterInfo types: type, count, first log line ----
  4259    200.615 wddm summary: adapter info type   1       1  first at 234
  4260    200.615 wddm summary: adapter info type  15       1  first at 235
  4261    200.615 wddm summary: adapter info type  47       1  first at 236
  4262    200.615 wddm summary: adapter info type  13       1  first at 237
  4263    200.615 wddm summary: adapter info type  14       4  first at 238
  4264    200.615 wddm summary: adapter info type  11       2  first at 245
  4265    200.615 wddm summary: adapter info type  10       1  first at 247
  4266    200.615 wddm summary: adapter info type  16       1  first at 247
  4267    200.615 wddm summary: capture plans reserved 2 heap 0
  4268    200.615 wddm summary: capture context peaks plans 1 reserved-bytes 189304
  4269    200.615 wddm summary: ---- BuildPagingBuffer operations: operation, count, first log line ----
  4270    200.615 wddm summary: paging operation  11    1491  first at 254
  4271    200.615 wddm summary: paging operation  12      73  first at 302
  4272    200.615 wddm summary: paging operation   9     102  first at 321
  4273    200.615 wddm summary: paging operation   2       1  first at 968
  4274    200.615 wddm summary: paging operation   8     377  first at 988
  4275    200.615 wddm summary: objects created/destroyed: dev 13/6 ctx 11/6 proc 8/4 alloc 13/9, 36 alive
  4276    200.615 wddm summary: allocations opened/closed: 16/9 calls
  4277    200.615 wddm summary: submissions 0 physical + 833 virtual, 0 preemptions, last completed fence 771
  4278    200.615 wddm summary: node 0 hardware: 0 submitted, 0 completed, 0 timeouts, 0 refused
  4279    200.615 wddm summary: umd: 0 allocs (0 refused), 0 contexts, 0 submits on the ring, 0 not run
  4280    200.615 wddm profile: umd calls 0, elapsed ticks 0, QPC frequency 10000000
  4281    200.615 wddm profile: probe enabled 0, calls 0, elapsed ticks 0 (included in umd)
  4282    200.615 wddm summary: node 1 (paging, open): 771 hardware submitted, 771 completed, 0 timeouts, 0 refused
  4283    200.615 wddm summary: SubmitCommandVirtual by node: 0: 62, 1: 771, 0 private-buffer refusals
  4284    200.615 wddm summary: BuildPagingBuffer: 2 transfers, 102 fills, 94617600 bytes, 665 insufficient-buffer
  4285    200.615 wddm summary: aperture map batches 0, unmap batches 0
  4286    200.615 wddm summary: paging TLB invalidations 73, PTE update batches 451
  4287    200.615 wddm summary: paging unsupported (not ready/no root/no translation/system memory/not contiguous) 0/0/0/0/0
  4288    200.615 wddm summary: presents 457, flips 396 of 398 address calls (395 arrived above DISPATCH_LEVEL)
  4289    200.615 wddm summary: blit gate open, 62 blits, 0 skips, 62 sources translated contiguous
  4290    200.615 wddm summary: blit destination: 0 to the flipped surface, 0 to the POST framebuffer (0 a failed-mapping fallback), 28 scanout remaps (0 failed), last blit 480 
  4291    200.615 wddm summary: widest blit 747 rows
  4292    200.615 wddm summary: last blit reading 3, 640x480 pitch 2560, 1 rectangles, source physical 0x27232E000
  4293    200.615 wddm summary: vsync enabled, 0 ticks, 10789 reported to dxgkrnl
  4294    200.615 wddm summary: vidpn flip open: 396 hardware flips, 0 refused, 1 hardware vsyncs armed 11969 acked 0 refused 0 deferred (flip still pending)
  4295    200.615 wddm summary: no TDR (ResetEngine, ResetFromTimeout and RestartFromTimeout were never called)
  4296    200.615 wddm summary: CollectDbgInfo called 0 time(s) since the driver was loaded
  4297    200.615 vidmm summary: level 0: 1024 calls, 262656 entries, 512 valid
  4298    200.615 vidmm summary: level 1: 2 calls, 1024 entries, 512 valid
  4299    200.615 vidmm summary: level 2: 1 calls, 512 entries, 2 valid
  4300    200.615 vidmm summary: level 3: 1 calls, 512 entries, 1 valid
  4301    200.615 vidmm summary: system leaf encoding coherent 0 noncoherent 16696 snoop mismatches 0
  4302    200.615 vidmm summary: 1028 cpu-virtual calls, 0 gpu-physical calls
  4303    200.615 vidmm summary: 264704 entries written (EnableGpuVa open), 0 refused, 0 bad calls, 3 roots
  4304    201.106 wddm: umd alloc 65536 bytes heap 0x4 align 4096 va 0x0 gem 0x0 cached 0
  4305    201.110 amdgpu[2]: ring alloc of 16 dwords exceeds max_dw 14

  4306    201.110 gfx: paging submit, 126 dwords from private buffer at 0xDB8, seq 772
  4307    201.110 gfx: paging submit, 15 dwords from private buffer at 0x0, seq 773
  4308    201.110 gfx: paging submit, 61 dwords from private buffer at 0x3C, seq 774
  4309    201.110 gfx: paging submit, 942 dwords from private buffer at 0x130, seq 775
  4310    201.110 gfx: paging submit, 1018 dwords from private buffer at 0x0, seq 776
  4311    201.110 gfx: paging submit, 1004 dwords from private buffer at 0x0, seq 777
  4312    201.112 gfx: paging submit, 1004 dwords from private buffer at 0x0, seq 778
  4313    201.112 gfx: paging submit, 283 dwords from private buffer at 0x0, seq 779
  4314    201.112 wddm: umd alloc 65536 bytes heap 0x2 align 4096 va 0x0 gem 0x0 cached 0
  4315    201.114 gfx: paging submit, 61 dwords from private buffer at 0x46C, seq 780
  4316    201.116 gfx: paging submit, 61 dwords from private buffer at 0x560, seq 781
  4317    201.118 wddm: umd alloc 65536 bytes heap 0x2 align 4096 va 0x0 gem 0x0 cached 0
  4318    201.120 gfx: paging submit, 61 dwords from private buffer at 0x654, seq 782
  4319    201.122 gfx: paging submit, 61 dwords from private buffer at 0x748, seq 783
  4320    201.124 wddm: umd context node 0 ip 0, private slot 576
  4321    201.126 gfx: paging submit, 31 dwords from private buffer at 0x83C, seq 784
  4322    201.132 wddm: SetRootPageTable segment 3 offset 0xFE8F000, 512 entries
  4323    201.132 vidmm: root page table 3:0xFE8F000 = physical 0x46DFDF000, 512 entries (the VMID is pointed at it by the first packet)
  4324    201.132 gfx: VMID 1 root 0x46DFDF000 flush -> 0
  4325    201.132 gfx: job frame C0004200 00000000  C0012800 81018003 00000000  C0009000 00000000  IB  C0009000 10000000  fence  C0008B00 00000000
  4326    201.132 wddm: fence 63 on the gfx ring: sequence 785, vmid 1, root 0x46DFDF000, va 0x20000, 32 bytes
  4327    201.132 wddm: hardware fence arrived, reporting fence 63
  4328    201.132 wddm: umd submit fence 63 ib 0x20000 32 bytes
  4329    201.140 amdgpu[2]: ring alloc of 96 dwords exceeds max_dw 0

  4330    201.140 wddm: capture reserved token 0x80000003 bytes 65536 pages 16 identities 32 linear 0
  4331    201.140 gfx: paging submit, 439 dwords from private buffer at 0x8B8, seq 786
  4332    201.140 gfx: paging submit, 996 dwords from private buffer at 0x0, seq 787
  4333    201.140 wddm: umd alloc 65536 bytes heap 0x4 align 4096 va 0x0 gem 0x0 cached 0
  4334    201.140 gfx: paging submit, 16 dwords from private buffer at 0xF90, seq 788
  4335    201.140 gfx: paging submit, 122 dwords from private buffer at 0x0, seq 789
  4336    201.140 gfx: paging submit, 59 dwords from private buffer at 0x0, seq 790
  4337    201.140 gfx: paging submit, 61 dwords from private buffer at 0xEC, seq 791
  4338    201.144 gfx: paging submit, 141 dwords from private buffer at 0x1E0, seq 792
  4339    201.144 gfx: paging submit, 61 dwords from private buffer at 0x414, seq 793
  4340    201.148 gfx: paging submit, 122 dwords from private buffer at 0x508, seq 794
  4341    201.150 amdgpu[2]: ring alloc of 96 dwords exceeds max_dw 0

  4342    201.150 wddm: capture reserved token 0x80000004 bytes 65536 pages 16 identities 32 linear 0
  4343    201.150 gfx: paging submit, 522 dwords from private buffer at 0x6F0, seq 795
  4344    201.150 gfx: paging submit, 913 dwords from private buffer at 0x0, seq 796
  4345    201.150 gfx: paging submit, 61 dwords from private buffer at 0xE44, seq 797
  4346    201.156 gfx: VMID 1 root 0x46DFDF000 flush -> 0
  4347    201.156 gfx: job frame C0004200 00000000  C0012800 81018003 00000000  C0009000 00000000  IB  C0009000 10000000  fence  C0008B00 00000000
  4348    201.156 wddm: fence 64 on the gfx ring: sequence 798, vmid 1, root 0x46DFDF000, va 0x20000, 32 bytes
  4349    201.156 wddm: hardware fence arrived, reporting fence 64
  4350    201.156 wddm: umd submit fence 64 ib 0x20000 32 bytes
  4351    201.164 gfx: paging submit, 32 dwords from private buffer at 0xF38, seq 799
  4352    201.164 gfx: paging submit, 122 dwords from private buffer at 0x0, seq 800
  4353    201.164 amdgpu[2]: ring alloc of 96 dwords exceeds max_dw 0

  4354    201.164 gfx: paging submit, 1002 dwords from private buffer at 0x0, seq 801
  4355    201.164 wddm: umd alloc 65536 bytes heap 0x4 align 4096 va 0x0 gem 0x0 cached 0
  4356    201.164 gfx: paging submit, 476 dwords from private buffer at 0x0, seq 802
  4357    201.164 gfx: paging submit, 183 dwords from private buffer at 0x770, seq 803
  4358    201.166 gfx: paging submit, 141 dwords from private buffer at 0xA4C, seq 804
  4359    201.168 gfx: paging submit, 61 dwords from private buffer at 0xC80, seq 805
  4360    201.172 gfx: paging submit, 122 dwords from private buffer at 0xD74, seq 806
  4361    201.174 gfx: paging submit, 32 dwords from private buffer at 0xF5C, seq 807
  4362    201.174 amdgpu[2]: ring alloc of 96 dwords exceeds max_dw 0

  4363    201.174 gfx: paging submit, 1002 dwords from private buffer at 0x0, seq 808
  4364    201.174 gfx: paging submit, 415 dwords from private buffer at 0x0, seq 809
  4365    201.174 gfx: paging submit, 61 dwords from private buffer at 0x67C, seq 810
  4366    201.180 gfx: VMID 1 root 0x46DFDF000 flush -> 0
  4367    201.180 gfx: job frame C0004200 00000000  C0012800 81018003 00000000  C0009000 00000000  IB  C0009000 10000000  fence  C0008B00 00000000
  4368    201.180 wddm: fence 65 on the gfx ring: sequence 811, vmid 1, root 0x46DFDF000, va 0x20000, 32 bytes
  4369    201.180 wddm: hardware fence arrived, reporting fence 65
  4370    201.180 wddm: umd submit fence 65 ib 0x20000 32 bytes
  4371    201.188 amdgpu[2]: ring alloc of 96 dwords exceeds max_dw 0

  4372    201.188 gfx: paging submit, 538 dwords from private buffer at 0x770, seq 812
  4373    201.188 gfx: paging submit, 120 dwords from private buffer at 0x0, seq 813
  4374    201.188 wddm: umd alloc 65536 bytes heap 0x4 align 4096 va 0x0 gem 0x0 cached 0
  4375    201.188 gfx: paging submit, 974 dwords from private buffer at 0x0, seq 814
  4376    201.188 gfx: paging submit, 32 dwords from private buffer at 0xF38, seq 815
  4377    201.188 gfx: paging submit, 122 dwords from private buffer at 0x0, seq 816
  4378    201.188 gfx: paging submit, 43 dwords from private buffer at 0x0, seq 817
  4379    201.190 gfx: paging submit, 141 dwords from private buffer at 0xAC, seq 818
  4380    201.190 gfx: paging submit, 61 dwords from private buffer at 0x2E0, seq 819
  4381    201.196 gfx: paging submit, 122 dwords from private buffer at 0x3D4, seq 820
  4382    201.198 amdgpu[2]: ring alloc of 96 dwords exceeds max_dw 0

  4383    201.198 gfx: paging submit, 605 dwords from private buffer at 0x5BC, seq 821
  4384    201.198 gfx: paging submit, 830 dwords from private buffer at 0x0, seq 822
  4385    201.198 gfx: paging submit, 61 dwords from private buffer at 0xCF8, seq 823
  4386    201.204 gfx: VMID 1 root 0x46DFDF000 flush -> 0
  4387    201.204 gfx: job frame C0004200 00000000  C0012800 81018003 00000000  C0009000 00000000  IB  C0009000 10000000  fence  C0008B00 00000000
  4388    201.204 wddm: fence 66 on the gfx ring: sequence 824, vmid 1, root 0x46DFDF000, va 0x20000, 32 bytes
  4389    201.204 wddm: hardware fence arrived, reporting fence 66
  4390    201.204 wddm: umd submit fence 66 ib 0x20000 32 bytes
  4391    201.210 gfx: paging submit, 122 dwords from private buffer at 0xDEC, seq 825
  4392    201.210 gfx: paging submit, 61 dwords from private buffer at 0x0, seq 826
  4393    201.212 gfx: paging submit, 31 dwords from private buffer at 0xF4, seq 827
  4394    201.214 wddm: DestroyContext
  4395    201.214 gfx: paging submit, 61 dwords from private buffer at 0x170, seq 828
  4396    201.216 gfx: paging submit, 16 dwords from private buffer at 0x264, seq 829
  4397    201.216 gfx: paging submit, 16 dwords from private buffer at 0x2A4, seq 830
  4398    201.216 gfx: paging submit, 16 dwords from private buffer at 0x2E4, seq 831
  4399    201.216 wddm: BuildPagingBuffer operation 2 segment 0, 64732 bytes free, pass offset 0
  4400    201.218 wddm: DestroyDevice
  4401    201.218 wddm: DestroyProcess
  4402    202.967 wddm summary: ---- DDI calls: name, count, first log line ----
  4403    202.967 wddm summary: QueryAdapterInfo                   12  first at 234
  4404    202.967 wddm summary: GetNodeMetadata                     2  first at 242
  4405    202.967 wddm summary: CreateDevice                       14  first at 249
  4406    202.967 wddm summary: DestroyDevice                       7  first at 734
  4407    202.967 wddm summary: CreateContext                      12  first at 252
  4408    202.967 wddm summary: DestroyContext                      7  first at 733
  4409    202.967 wddm summary: CreateProcess                       9  first at 248
  4410    202.967 wddm summary: DestroyProcess                      5  first at 1543
  4411    202.967 wddm summary: SetRootPageTable                    4  first at 274
  4412    202.967 wddm summary: CreateAllocation                   19  first at 311
  4413    202.967 wddm summary: DestroyAllocation                  15  first at 974
  4414    202.967 wddm summary: DescribeAllocation                464  first at 366
  4415    202.967 wddm summary: GetStandardAllocationDriverData      6  first at 309
  4416    202.967 wddm summary: OpenAllocation                     22  first at 313
  4417    202.967 wddm summary: CloseAllocation                    15  first at 973
  4418    202.967 wddm summary: BuildPagingBuffer                2189  first at 254
  4419    202.967 wddm summary: SubmitCommandVirtual              893  first at 294
  4420    202.967 wddm summary: Present                           461  first at 714
  4421    202.967 wddm summary: SetVidPnSourceAddress             402  first at 419
  4422    202.967 wddm summary: ControlInterrupt                    3  first at 729
  4423    202.967 wddm summary: ---- QueryAdapterInfo types: type, count, first log line ----
  4424    202.967 wddm summary: adapter info type   1       1  first at 234
  4425    202.967 wddm summary: adapter info type  15       1  first at 235
  4426    202.967 wddm summary: adapter info type  47       1  first at 236
  4427    202.967 wddm summary: adapter info type  13       1  first at 237
  4428    202.967 wddm summary: adapter info type  14       4  first at 238
  4429    202.967 wddm summary: adapter info type  11       2  first at 245
  4430    202.967 wddm summary: adapter info type  10       1  first at 247
  4431    202.967 wddm summary: adapter info type  16       1  first at 247
  4432    202.967 wddm summary: capture plans reserved 8 heap 0
  4433    202.967 wddm summary: capture context peaks plans 1 reserved-bytes 189304
  4434    202.967 wddm summary: ---- BuildPagingBuffer operations: operation, count, first log line ----
  4435    202.967 wddm summary: paging operation  11    1568  first at 254
  4436    202.967 wddm summary: paging operation  12     123  first at 302
  4437    202.967 wddm summary: paging operation   9     107  first at 321
  4438    202.967 wddm summary: paging operation   2       2  first at 968
  4439    202.967 wddm summary: paging operation   8     389  first at 988
  4440    202.967 wddm summary: objects created/destroyed: dev 14/7 ctx 12/7 proc 9/5 alloc 19/15, 36 alive
  4441    202.967 wddm summary: allocations opened/closed: 22/15 calls
  4442    202.967 wddm summary: submissions 0 physical + 893 virtual, 0 preemptions, last completed fence 827
  4443    202.967 wddm summary: node 0 hardware: 4 submitted, 4 completed, 0 timeouts, 0 refused
  4444    202.967 wddm summary: umd: 6 allocs (0 refused), 1 contexts, 4 submits on the ring, 0 not run
  4445    202.967 wddm profile: umd calls 4, elapsed ticks 5265, QPC frequency 10000000
  4446    202.967 wddm profile: probe enabled 0, calls 0, elapsed ticks 0 (included in umd)
  4447    202.967 wddm summary: node 1 (paging, open): 827 hardware submitted, 827 completed, 0 timeouts, 0 refused
  4448    202.967 wddm summary: SubmitCommandVirtual by node: 0: 66, 1: 827, 0 private-buffer refusals
  4449    202.967 wddm summary: BuildPagingBuffer: 8 transfers, 107 fills, 95272960 bytes, 685 insufficient-buffer
  4450    202.967 wddm summary: aperture map batches 0, unmap batches 0
  4451    202.967 wddm summary: paging TLB invalidations 123, PTE update batches 524
  4452    202.967 wddm summary: paging unsupported (not ready/no root/no translation/system memory/not contiguous) 0/0/0/0/0
  4453    202.967 wddm summary: presents 461, flips 400 of 402 address calls (399 arrived above DISPATCH_LEVEL)
  4454    202.967 wddm summary: blit gate open, 62 blits, 0 skips, 62 sources translated contiguous
  4455    202.967 wddm summary: blit destination: 0 to the flipped surface, 0 to the POST framebuffer (0 a failed-mapping fallback), 28 scanout remaps (0 failed), last blit 480 
  4456    202.967 wddm summary: widest blit 747 rows
  4457    202.967 wddm summary: last blit reading 3, 640x480 pitch 2560, 1 rectangles, source physical 0x27232E000
  4458    202.967 wddm summary: vsync enabled, 0 ticks, 10930 reported to dxgkrnl
  4459    202.967 wddm summary: vidpn flip open: 400 hardware flips, 0 refused, 1 hardware vsyncs armed 12110 acked 0 refused 0 deferred (flip still pending)
  4460    202.967 wddm summary: no TDR (ResetEngine, ResetFromTimeout and RestartFromTimeout were never called)
  4461    202.967 wddm summary: CollectDbgInfo called 0 time(s) since the driver was loaded
  4462    202.967 vidmm summary: level 0: 1024 calls, 262656 entries, 512 valid
  4463    202.967 vidmm summary: level 1: 2 calls, 1024 entries, 512 valid
  4464    202.967 vidmm summary: level 2: 1 calls, 512 entries, 2 valid
  4465    202.967 vidmm summary: level 3: 1 calls, 512 entries, 1 valid
  4466    202.967 vidmm summary: system leaf encoding coherent 2 noncoherent 16952 snoop mismatches 0
  4467    202.967 vidmm summary: 1028 cpu-virtual calls, 0 gpu-physical calls
  4468    202.967 vidmm summary: 264704 entries written (EnableGpuVa open), 0 refused, 0 bad calls, 4 roots
  4469    203.710 wddm summary: ---- DDI calls: name, count, first log line ----
  4470    203.710 wddm summary: QueryAdapterInfo                   12  first at 234
  4471    203.710 wddm summary: GetNodeMetadata                     2  first at 242
  4472    203.710 wddm summary: CreateDevice                       14  first at 249
  4473    203.710 wddm summary: DestroyDevice                       7  first at 734
  4474    203.710 wddm summary: CreateContext                      12  first at 252
  4475    203.710 wddm summary: DestroyContext                      7  first at 733
  4476    203.710 wddm summary: CreateProcess                       9  first at 248
  4477    203.710 wddm summary: DestroyProcess                      5  first at 1543
  4478    203.710 wddm summary: SetRootPageTable                    4  first at 274
  4479    203.710 wddm summary: CreateAllocation                   19  first at 311
  4480    203.710 wddm summary: DestroyAllocation                  15  first at 974
  4481    203.710 wddm summary: DescribeAllocation                464  first at 366
  4482    203.710 wddm summary: GetStandardAllocationDriverData      6  first at 309
  4483    203.710 wddm summary: OpenAllocation                     22  first at 313
  4484    203.710 wddm summary: CloseAllocation                    15  first at 973
  4485    203.710 wddm summary: BuildPagingBuffer                2189  first at 254
  4486    203.710 wddm summary: SubmitCommandVirtual              893  first at 294
  4487    203.710 wddm summary: Present                           461  first at 714
  4488    203.710 wddm summary: SetVidPnSourceAddress             402  first at 419
  4489    203.710 wddm summary: ControlInterrupt                    3  first at 729
  4490    203.710 wddm summary: ---- QueryAdapterInfo types: type, count, first log line ----
  4491    203.710 wddm summary: adapter info type   1       1  first at 234
  4492    203.710 wddm summary: adapter info type  15       1  first at 235
  4493    203.710 wddm summary: adapter info type  47       1  first at 236
  4494    203.710 wddm summary: adapter info type  13       1  first at 237
  4495    203.710 wddm summary: adapter info type  14       4  first at 238
  4496    203.710 wddm summary: adapter info type  11       2  first at 245
  4497    203.710 wddm summary: adapter info type  10       1  first at 247
  4498    203.710 wddm summary: adapter info type  16       1  first at 247
  4499    203.710 wddm summary: capture plans reserved 8 heap 0
  4500    203.710 wddm summary: capture context peaks plans 1 reserved-bytes 189304
  4501    203.710 wddm summary: ---- BuildPagingBuffer operations: operation, count, first log line ----
  4502    203.710 wddm summary: paging operation  11    1568  first at 254
  4503    203.710 wddm summary: paging operation  12     123  first at 302
  4504    203.710 wddm summary: paging operation   9     107  first at 321
  4505    203.710 wddm summary: paging operation   2       2  first at 968
  4506    203.710 wddm summary: paging operation   8     389  first at 988
  4507    203.710 wddm summary: objects created/destroyed: dev 14/7 ctx 12/7 proc 9/5 alloc 19/15, 36 alive
  4508    203.710 wddm summary: allocations opened/closed: 22/15 calls
  4509    203.710 wddm summary: submissions 0 physical + 893 virtual, 0 preemptions, last completed fence 827
  4510    203.710 wddm summary: node 0 hardware: 4 submitted, 4 completed, 0 timeouts, 0 refused
  4511    203.710 wddm summary: umd: 6 allocs (0 refused), 1 contexts, 4 submits on the ring, 0 not run
  4512    203.710 wddm profile: umd calls 4, elapsed ticks 5265, QPC frequency 10000000
  4513    203.710 wddm profile: probe enabled 0, calls 0, elapsed ticks 0 (included in umd)
  4514    203.710 wddm summary: node 1 (paging, open): 827 hardware submitted, 827 completed, 0 timeouts, 0 refused
  4515    203.710 wddm summary: SubmitCommandVirtual by node: 0: 66, 1: 827, 0 private-buffer refusals
  4516    203.710 wddm summary: BuildPagingBuffer: 8 transfers, 107 fills, 95272960 bytes, 685 insufficient-buffer
  4517    203.710 wddm summary: aperture map batches 0, unmap batches 0
  4518    203.710 wddm summary: paging TLB invalidations 123, PTE update batches 524
  4519    203.710 wddm summary: paging unsupported (not ready/no root/no translation/system memory/not contiguous) 0/0/0/0/0
  4520    203.710 wddm summary: presents 461, flips 400 of 402 address calls (399 arrived above DISPATCH_LEVEL)
  4521    203.710 wddm summary: blit gate open, 62 blits, 0 skips, 62 sources translated contiguous
  4522    203.710 wddm summary: blit destination: 0 to the flipped surface, 0 to the POST framebuffer (0 a failed-mapping fallback), 28 scanout remaps (0 failed), last blit 480 
  4523    203.710 wddm summary: widest blit 747 rows
  4524    203.710 wddm summary: last blit reading 3, 640x480 pitch 2560, 1 rectangles, source physical 0x27232E000
  4525    203.710 wddm summary: vsync enabled, 0 ticks, 10974 reported to dxgkrnl
  4526    203.710 wddm summary: vidpn flip open: 400 hardware flips, 0 refused, 1 hardware vsyncs armed 12154 acked 0 refused 0 deferred (flip still pending)
  4527    203.710 wddm summary: no TDR (ResetEngine, ResetFromTimeout and RestartFromTimeout were never called)
  4528    203.710 wddm summary: CollectDbgInfo called 0 time(s) since the driver was loaded
  4529    203.710 vidmm summary: level 0: 1024 calls, 262656 entries, 512 valid
  4530    203.710 vidmm summary: level 1: 2 calls, 1024 entries, 512 valid
  4531    203.710 vidmm summary: level 2: 1 calls, 512 entries, 2 valid
  4532    203.710 vidmm summary: level 3: 1 calls, 512 entries, 1 valid
  4533    203.710 vidmm summary: system leaf encoding coherent 2 noncoherent 16952 snoop mismatches 0
  4534    203.710 vidmm summary: 1028 cpu-virtual calls, 0 gpu-physical calls
  4535    203.710 vidmm summary: 264704 entries written (EnableGpuVa open), 0 refused, 0 bad calls, 4 roots
  4536    208.827 wddm summary: ---- DDI calls: name, count, first log line ----
  4537    208.827 wddm summary: QueryAdapterInfo                   12  first at 234
  4538    208.827 wddm summary: GetNodeMetadata                     2  first at 242
  4539    208.827 wddm summary: CreateDevice                       14  first at 249
  4540    208.827 wddm summary: DestroyDevice                       7  first at 734
  4541    208.827 wddm summary: CreateContext                      12  first at 252
  4542    208.827 wddm summary: DestroyContext                      7  first at 733
  4543    208.827 wddm summary: CreateProcess                       9  first at 248
  4544    208.827 wddm summary: DestroyProcess                      5  first at 1543
  4545    208.827 wddm summary: SetRootPageTable                    4  first at 274
  4546    208.827 wddm summary: CreateAllocation                   19  first at 311
  4547    208.827 wddm summary: DestroyAllocation                  15  first at 974
  4548    208.827 wddm summary: DescribeAllocation                471  first at 366
  4549    208.827 wddm summary: GetStandardAllocationDriverData      6  first at 309
  4550    208.827 wddm summary: OpenAllocation                     22  first at 313
  4551    208.827 wddm summary: CloseAllocation                    15  first at 973
  4552    208.827 wddm summary: BuildPagingBuffer                2189  first at 254
  4553    208.827 wddm summary: SubmitCommandVirtual              893  first at 294
  4554    208.827 wddm summary: Present                           468  first at 714
  4555    208.827 wddm summary: SetVidPnSourceAddress             409  first at 419
  4556    208.829 wddm summary: ControlInterrupt                    3  first at 729
  4557    208.829 wddm summary: ---- QueryAdapterInfo types: type, count, first log line ----
  4558    208.829 wddm summary: adapter info type   1       1  first at 234
  4559    208.829 wddm summary: adapter info type  15       1  first at 235
  4560    208.829 wddm summary: adapter info type  47       1  first at 236
  4561    208.829 wddm summary: adapter info type  13       1  first at 237
  4562    208.829 wddm summary: adapter info type  14       4  first at 238
  4563    208.829 wddm summary: adapter info type  11       2  first at 245
  4564    208.829 wddm summary: adapter info type  10       1  first at 247
  4565    208.829 wddm summary: adapter info type  16       1  first at 247
  4566    208.829 wddm summary: capture plans reserved 8 heap 0
  4567    208.829 wddm summary: capture context peaks plans 1 reserved-bytes 189304
  4568    208.829 wddm summary: ---- BuildPagingBuffer operations: operation, count, first log line ----
  4569    208.829 wddm summary: paging operation  11    1568  first at 254
  4570    208.829 wddm summary: paging operation  12     123  first at 302
  4571    208.829 wddm summary: paging operation   9     107  first at 321
  4572    208.829 wddm summary: paging operation   2       2  first at 968
  4573    208.829 wddm summary: paging operation   8     389  first at 988
  4574    208.829 wddm summary: objects created/destroyed: dev 14/7 ctx 12/7 proc 9/5 alloc 19/15, 36 alive
  4575    208.829 wddm summary: allocations opened/closed: 22/15 calls
  4576    208.829 wddm summary: submissions 0 physical + 893 virtual, 0 preemptions, last completed fence 827
  4577    208.829 wddm summary: node 0 hardware: 4 submitted, 4 completed, 0 timeouts, 0 refused
  4578    208.829 wddm summary: umd: 6 allocs (0 refused), 1 contexts, 4 submits on the ring, 0 not run
  4579    208.829 wddm profile: umd calls 4, elapsed ticks 5265, QPC frequency 10000000
  4580    208.829 wddm profile: probe enabled 0, calls 0, elapsed ticks 0 (included in umd)
  4581    208.829 wddm summary: node 1 (paging, open): 827 hardware submitted, 827 completed, 0 timeouts, 0 refused
  4582    208.829 wddm summary: SubmitCommandVirtual by node: 0: 66, 1: 827, 0 private-buffer refusals
  4583    208.829 wddm summary: BuildPagingBuffer: 8 transfers, 107 fills, 95272960 bytes, 685 insufficient-buffer
  4584    208.829 wddm summary: aperture map batches 0, unmap batches 0
  4585    208.829 wddm summary: paging TLB invalidations 123, PTE update batches 524
  4586    208.829 wddm summary: paging unsupported (not ready/no root/no translation/system memory/not contiguous) 0/0/0/0/0
  4587    208.829 wddm summary: presents 468, flips 407 of 409 address calls (406 arrived above DISPATCH_LEVEL)
  4588    208.829 wddm summary: blit gate open, 62 blits, 0 skips, 62 sources translated contiguous
  4589    208.829 wddm summary: blit destination: 0 to the flipped surface, 0 to the POST framebuffer (0 a failed-mapping fallback), 28 scanout remaps (0 failed), last blit 480 
  4590    208.829 wddm summary: widest blit 747 rows
  4591    208.829 wddm summary: last blit reading 3, 640x480 pitch 2560, 1 rectangles, source physical 0x27232E000
  4592    208.829 wddm summary: vsync enabled, 0 ticks, 11281 reported to dxgkrnl
  4593    208.829 wddm summary: vidpn flip open: 407 hardware flips, 0 refused, 1 hardware vsyncs armed 12461 acked 0 refused 0 deferred (flip still pending)
  4594    208.829 wddm summary: no TDR (ResetEngine, ResetFromTimeout and RestartFromTimeout were never called)
  4595    208.829 wddm summary: CollectDbgInfo called 0 time(s) since the driver was loaded
  4596    208.829 vidmm summary: level 0: 1024 calls, 262656 entries, 512 valid
  4597    208.829 vidmm summary: level 1: 2 calls, 1024 entries, 512 valid
  4598    208.829 vidmm summary: level 2: 1 calls, 512 entries, 2 valid
  4599    208.829 vidmm summary: level 3: 1 calls, 512 entries, 1 valid
  4600    208.829 vidmm summary: system leaf encoding coherent 2 noncoherent 16952 snoop mismatches 0
  4601    208.829 vidmm summary: 1028 cpu-virtual calls, 0 gpu-physical calls
  4602    208.829 vidmm summary: 264704 entries written (EnableGpuVa open), 0 refused, 0 bad calls, 4 roots
  4603    213.942 wddm summary: ---- DDI calls: name, count, first log line ----
  4604    213.942 wddm summary: QueryAdapterInfo                   12  first at 234
  4605    213.942 wddm summary: GetNodeMetadata                     2  first at 242
  4606    213.942 wddm summary: CreateDevice                       14  first at 249
  4607    213.942 wddm summary: DestroyDevice                       7  first at 734
  4608    213.942 wddm summary: CreateContext                      12  first at 252
  4609    213.942 wddm summary: DestroyContext                      7  first at 733
  4610    213.942 wddm summary: CreateProcess                       9  first at 248
  4611    213.942 wddm summary: DestroyProcess                      5  first at 1543
  4612    213.942 wddm summary: SetRootPageTable                    4  first at 274
  4613    213.942 wddm summary: CreateAllocation                   19  first at 311
  4614    213.942 wddm summary: DestroyAllocation                  15  first at 974
  4615    213.942 wddm summary: DescribeAllocation                478  first at 366
  4616    213.942 wddm summary: GetStandardAllocationDriverData      6  first at 309
  4617    213.942 wddm summary: OpenAllocation                     22  first at 313
  4618    213.942 wddm summary: CloseAllocation                    15  first at 973
  4619    213.942 wddm summary: BuildPagingBuffer                2189  first at 254
  4620    213.942 wddm summary: SubmitCommandVirtual              893  first at 294
  4621    213.942 wddm summary: Present                           475  first at 714
  4622    213.942 wddm summary: SetVidPnSourceAddress             416  first at 419
  4623    213.942 wddm summary: ControlInterrupt                    3  first at 729
  4624    213.942 wddm summary: ---- QueryAdapterInfo types: type, count, first log line ----
  4625    213.942 wddm summary: adapter info type   1       1  first at 234
  4626    213.942 wddm summary: adapter info type  15       1  first at 235
  4627    213.942 wddm summary: adapter info type  47       1  first at 236
  4628    213.942 wddm summary: adapter info type  13       1  first at 237
  4629    213.942 wddm summary: adapter info type  14       4  first at 238
  4630    213.942 wddm summary: adapter info type  11       2  first at 245
  4631    213.942 wddm summary: adapter info type  10       1  first at 247
  4632    213.942 wddm summary: adapter info type  16       1  first at 247
  4633    213.942 wddm summary: capture plans reserved 8 heap 0
  4634    213.942 wddm summary: capture context peaks plans 1 reserved-bytes 189304
  4635    213.942 wddm summary: ---- BuildPagingBuffer operations: operation, count, first log line ----
  4636    213.942 wddm summary: paging operation  11    1568  first at 254
  4637    213.942 wddm summary: paging operation  12     123  first at 302
  4638    213.942 wddm summary: paging operation   9     107  first at 321
  4639    213.942 wddm summary: paging operation   2       2  first at 968
  4640    213.942 wddm summary: paging operation   8     389  first at 988
  4641    213.942 wddm summary: objects created/destroyed: dev 14/7 ctx 12/7 proc 9/5 alloc 19/15, 36 alive
  4642    213.942 wddm summary: allocations opened/closed: 22/15 calls
  4643    213.942 wddm summary: submissions 0 physical + 893 virtual, 0 preemptions, last completed fence 827
  4644    213.942 wddm summary: node 0 hardware: 4 submitted, 4 completed, 0 timeouts, 0 refused
  4645    213.942 wddm summary: umd: 6 allocs (0 refused), 1 contexts, 4 submits on the ring, 0 not run
  4646    213.942 wddm profile: umd calls 4, elapsed ticks 5265, QPC frequency 10000000
  4647    213.942 wddm profile: probe enabled 0, calls 0, elapsed ticks 0 (included in umd)
  4648    213.942 wddm summary: node 1 (paging, open): 827 hardware submitted, 827 completed, 0 timeouts, 0 refused
  4649    213.942 wddm summary: SubmitCommandVirtual by node: 0: 66, 1: 827, 0 private-buffer refusals
  4650    213.942 wddm summary: BuildPagingBuffer: 8 transfers, 107 fills, 95272960 bytes, 685 insufficient-buffer
  4651    213.942 wddm summary: aperture map batches 0, unmap batches 0
  4652    213.942 wddm summary: paging TLB invalidations 123, PTE update batches 524
  4653    213.942 wddm summary: paging unsupported (not ready/no root/no translation/system memory/not contiguous) 0/0/0/0/0
  4654    213.942 wddm summary: presents 475, flips 414 of 416 address calls (413 arrived above DISPATCH_LEVEL)
  4655    213.942 wddm summary: blit gate open, 62 blits, 0 skips, 62 sources translated contiguous
  4656    213.942 wddm summary: blit destination: 0 to the flipped surface, 0 to the POST framebuffer (0 a failed-mapping fallback), 28 scanout remaps (0 failed), last blit 480 
  4657    213.942 wddm summary: widest blit 747 rows
  4658    213.942 wddm summary: last blit reading 3, 640x480 pitch 2560, 1 rectangles, source physical 0x27232E000
  4659    213.942 wddm summary: vsync enabled, 0 ticks, 11588 reported to dxgkrnl
  4660    213.942 wddm summary: vidpn flip open: 414 hardware flips, 0 refused, 1 hardware vsyncs armed 12768 acked 0 refused 0 deferred (flip still pending)
  4661    213.942 wddm summary: no TDR (ResetEngine, ResetFromTimeout and RestartFromTimeout were never called)
  4662    213.942 wddm summary: CollectDbgInfo called 0 time(s) since the driver was loaded
  4663    213.942 vidmm summary: level 0: 1024 calls, 262656 entries, 512 valid
  4664    213.942 vidmm summary: level 1: 2 calls, 1024 entries, 512 valid
  4665    213.942 vidmm summary: level 2: 1 calls, 512 entries, 2 valid
  4666    213.942 vidmm summary: level 3: 1 calls, 512 entries, 1 valid
  4667    213.942 vidmm summary: system leaf encoding coherent 2 noncoherent 16952 snoop mismatches 0
  4668    213.942 vidmm summary: 1028 cpu-virtual calls, 0 gpu-physical calls
  4669    213.942 vidmm summary: 264704 entries written (EnableGpuVa open), 0 refused, 0 bad calls, 4 roots
  4670    219.058 wddm summary: ---- DDI calls: name, count, first log line ----
  4671    219.058 wddm summary: QueryAdapterInfo                   12  first at 234
  4672    219.058 wddm summary: GetNodeMetadata                     2  first at 242
  4673    219.058 wddm summary: CreateDevice                       14  first at 249
  4674    219.058 wddm summary: DestroyDevice                       7  first at 734
  4675    219.058 wddm summary: CreateContext                      12  first at 252
  4676    219.058 wddm summary: DestroyContext                      7  first at 733
  4677    219.058 wddm summary: CreateProcess                       9  first at 248
  4678    219.058 wddm summary: DestroyProcess                      5  first at 1543
  4679    219.058 wddm summary: SetRootPageTable                    4  first at 274
  4680    219.058 wddm summary: CreateAllocation                   19  first at 311
  4681    219.058 wddm summary: DestroyAllocation                  15  first at 974
  4682    219.058 wddm summary: DescribeAllocation                487  first at 366
  4683    219.058 wddm summary: GetStandardAllocationDriverData      6  first at 309
  4684    219.058 wddm summary: OpenAllocation                     22  first at 313
  4685    219.058 wddm summary: CloseAllocation                    15  first at 973
  4686    219.058 wddm summary: BuildPagingBuffer                2189  first at 254
  4687    219.058 wddm summary: SubmitCommandVirtual              893  first at 294
  4688    219.058 wddm summary: Present                           484  first at 714
  4689    219.058 wddm summary: SetVidPnSourceAddress             425  first at 419
  4690    219.058 wddm summary: ControlInterrupt                    3  first at 729
  4691    219.058 wddm summary: ---- QueryAdapterInfo types: type, count, first log line ----
  4692    219.058 wddm summary: adapter info type   1       1  first at 234
  4693    219.058 wddm summary: adapter info type  15       1  first at 235
  4694    219.058 wddm summary: adapter info type  47       1  first at 236
  4695    219.058 wddm summary: adapter info type  13       1  first at 237
  4696    219.058 wddm summary: adapter info type  14       4  first at 238
  4697    219.058 wddm summary: adapter info type  11       2  first at 245
  4698    219.058 wddm summary: adapter info type  10       1  first at 247
  4699    219.058 wddm summary: adapter info type  16       1  first at 247
  4700    219.058 wddm summary: capture plans reserved 8 heap 0
  4701    219.058 wddm summary: capture context peaks plans 1 reserved-bytes 189304
  4702    219.058 wddm summary: ---- BuildPagingBuffer operations: operation, count, first log line ----
  4703    219.058 wddm summary: paging operation  11    1568  first at 254
  4704    219.058 wddm summary: paging operation  12     123  first at 302
  4705    219.058 wddm summary: paging operation   9     107  first at 321
  4706    219.058 wddm summary: paging operation   2       2  first at 968
  4707    219.058 wddm summary: paging operation   8     389  first at 988
  4708    219.058 wddm summary: objects created/destroyed: dev 14/7 ctx 12/7 proc 9/5 alloc 19/15, 36 alive
  4709    219.058 wddm summary: allocations opened/closed: 22/15 calls
  4710    219.058 wddm summary: submissions 0 physical + 893 virtual, 0 preemptions, last completed fence 827
  4711    219.058 wddm summary: node 0 hardware: 4 submitted, 4 completed, 0 timeouts, 0 refused
  4712    219.058 wddm summary: umd: 6 allocs (0 refused), 1 contexts, 4 submits on the ring, 0 not run
  4713    219.058 wddm profile: umd calls 4, elapsed ticks 5265, QPC frequency 10000000
  4714    219.058 wddm profile: probe enabled 0, calls 0, elapsed ticks 0 (included in umd)
  4715    219.058 wddm summary: node 1 (paging, open): 827 hardware submitted, 827 completed, 0 timeouts, 0 refused
  4716    219.058 wddm summary: SubmitCommandVirtual by node: 0: 66, 1: 827, 0 private-buffer refusals
  4717    219.058 wddm summary: BuildPagingBuffer: 8 transfers, 107 fills, 95272960 bytes, 685 insufficient-buffer
  4718    219.058 wddm summary: aperture map batches 0, unmap batches 0
  4719    219.058 wddm summary: paging TLB invalidations 123, PTE update batches 524
  4720    219.058 wddm summary: paging unsupported (not ready/no root/no translation/system memory/not contiguous) 0/0/0/0/0
  4721    219.058 wddm summary: presents 484, flips 423 of 425 address calls (422 arrived above DISPATCH_LEVEL)
  4722    219.058 wddm summary: blit gate open, 62 blits, 0 skips, 62 sources translated contiguous
  4723    219.058 wddm summary: blit destination: 0 to the flipped surface, 0 to the POST framebuffer (0 a failed-mapping fallback), 28 scanout remaps (0 failed), last blit 480 
  4724    219.058 wddm summary: widest blit 747 rows
  4725    219.058 wddm summary: last blit reading 3, 640x480 pitch 2560, 1 rectangles, source physical 0x27232E000
  4726    219.058 wddm summary: vsync enabled, 0 ticks, 11894 reported to dxgkrnl
  4727    219.058 wddm summary: vidpn flip open: 423 hardware flips, 0 refused, 1 hardware vsyncs armed 13074 acked 0 refused 0 deferred (flip still pending)
  4728    219.058 wddm summary: no TDR (ResetEngine, ResetFromTimeout and RestartFromTimeout were never called)
  4729    219.058 wddm summary: CollectDbgInfo called 0 time(s) since the driver was loaded
  4730    219.058 vidmm summary: level 0: 1024 calls, 262656 entries, 512 valid
  4731    219.058 vidmm summary: level 1: 2 calls, 1024 entries, 512 valid
  4732    219.058 vidmm summary: level 2: 1 calls, 512 entries, 2 valid
  4733    219.058 vidmm summary: level 3: 1 calls, 512 entries, 1 valid
  4734    219.058 vidmm summary: system leaf encoding coherent 2 noncoherent 16952 snoop mismatches 0
  4735    219.058 vidmm summary: 1028 cpu-virtual calls, 0 gpu-physical calls
  4736    219.058 vidmm summary: 264704 entries written (EnableGpuVa open), 0 refused, 0 bad calls, 4 roots
  4737    224.179 wddm summary: ---- DDI calls: name, count, first log line ----
  4738    224.179 wddm summary: QueryAdapterInfo                   12  first at 234
  4739    224.179 wddm summary: GetNodeMetadata                     2  first at 242
  4740    224.179 wddm summary: CreateDevice                       14  first at 249
  4741    224.179 wddm summary: DestroyDevice                       7  first at 734
  4742    224.179 wddm summary: CreateContext                      12  first at 252
  4743    224.179 wddm summary: DestroyContext                      7  first at 733
  4744    224.179 wddm summary: CreateProcess                       9  first at 248
  4745    224.179 wddm summary: DestroyProcess                      5  first at 1543
  4746    224.179 wddm summary: SetRootPageTable                    4  first at 274
  4747    224.179 wddm summary: CreateAllocation                   19  first at 311
  4748    224.179 wddm summary: DestroyAllocation                  15  first at 974
  4749    224.179 wddm summary: DescribeAllocation                493  first at 366
  4750    224.179 wddm summary: GetStandardAllocationDriverData      6  first at 309
  4751    224.179 wddm summary: OpenAllocation                     22  first at 313
  4752    224.179 wddm summary: CloseAllocation                    15  first at 973
  4753    224.179 wddm summary: BuildPagingBuffer                2189  first at 254
  4754    224.179 wddm summary: SubmitCommandVirtual              893  first at 294
  4755    224.179 wddm summary: Present                           490  first at 714
  4756    224.179 wddm summary: SetVidPnSourceAddress             431  first at 419
  4757    224.179 wddm summary: ControlInterrupt                    3  first at 729
  4758    224.179 wddm summary: ---- QueryAdapterInfo types: type, count, first log line ----
  4759    224.179 wddm summary: adapter info type   1       1  first at 234
  4760    224.179 wddm summary: adapter info type  15       1  first at 235
  4761    224.179 wddm summary: adapter info type  47       1  first at 236
  4762    224.179 wddm summary: adapter info type  13       1  first at 237
  4763    224.179 wddm summary: adapter info type  14       4  first at 238
  4764    224.179 wddm summary: adapter info type  11       2  first at 245
  4765    224.179 wddm summary: adapter info type  10       1  first at 247
  4766    224.179 wddm summary: adapter info type  16       1  first at 247
  4767    224.179 wddm summary: capture plans reserved 8 heap 0
  4768    224.179 wddm summary: capture context peaks plans 1 reserved-bytes 189304
  4769    224.179 wddm summary: ---- BuildPagingBuffer operations: operation, count, first log line ----
  4770    224.179 wddm summary: paging operation  11    1568  first at 254
  4771    224.179 wddm summary: paging operation  12     123  first at 302
  4772    224.179 wddm summary: paging operation   9     107  first at 321
  4773    224.179 wddm summary: paging operation   2       2  first at 968
  4774    224.179 wddm summary: paging operation   8     389  first at 988
  4775    224.179 wddm summary: objects created/destroyed: dev 14/7 ctx 12/7 proc 9/5 alloc 19/15, 36 alive
  4776    224.179 wddm summary: allocations opened/closed: 22/15 calls
  4777    224.179 wddm summary: submissions 0 physical + 893 virtual, 0 preemptions, last completed fence 827
  4778    224.179 wddm summary: node 0 hardware: 4 submitted, 4 completed, 0 timeouts, 0 refused
  4779    224.179 wddm summary: umd: 6 allocs (0 refused), 1 contexts, 4 submits on the ring, 0 not run
  4780    224.179 wddm profile: umd calls 4, elapsed ticks 5265, QPC frequency 10000000
  4781    224.179 wddm profile: probe enabled 0, calls 0, elapsed ticks 0 (included in umd)
  4782    224.179 wddm summary: node 1 (paging, open): 827 hardware submitted, 827 completed, 0 timeouts, 0 refused
  4783    224.179 wddm summary: SubmitCommandVirtual by node: 0: 66, 1: 827, 0 private-buffer refusals
  4784    224.179 wddm summary: BuildPagingBuffer: 8 transfers, 107 fills, 95272960 bytes, 685 insufficient-buffer
  4785    224.179 wddm summary: aperture map batches 0, unmap batches 0
  4786    224.179 wddm summary: paging TLB invalidations 123, PTE update batches 524
  4787    224.179 wddm summary: paging unsupported (not ready/no root/no translation/system memory/not contiguous) 0/0/0/0/0
  4788    224.179 wddm summary: presents 490, flips 429 of 431 address calls (428 arrived above DISPATCH_LEVEL)
  4789    224.179 wddm summary: blit gate open, 62 blits, 0 skips, 62 sources translated contiguous
  4790    224.179 wddm summary: blit destination: 0 to the flipped surface, 0 to the POST framebuffer (0 a failed-mapping fallback), 28 scanout remaps (0 failed), last blit 480 
  4791    224.179 wddm summary: widest blit 747 rows
  4792    224.179 wddm summary: last blit reading 3, 640x480 pitch 2560, 1 rectangles, source physical 0x27232E000
  4793    224.179 wddm summary: vsync enabled, 0 ticks, 12201 reported to dxgkrnl
  4794    224.179 wddm summary: vidpn flip open: 429 hardware flips, 0 refused, 1 hardware vsyncs armed 13381 acked 0 refused 0 deferred (flip still pending)
  4795    224.179 wddm summary: no TDR (ResetEngine, ResetFromTimeout and RestartFromTimeout were never called)
  4796    224.179 wddm summary: CollectDbgInfo called 0 time(s) since the driver was loaded
  4797    224.179 vidmm summary: level 0: 1024 calls, 262656 entries, 512 valid
  4798    224.179 vidmm summary: level 1: 2 calls, 1024 entries, 512 valid
  4799    224.179 vidmm summary: level 2: 1 calls, 512 entries, 2 valid
  4800    224.179 vidmm summary: level 3: 1 calls, 512 entries, 1 valid
  4801    224.179 vidmm summary: system leaf encoding coherent 2 noncoherent 16952 snoop mismatches 0
  4802    224.179 vidmm summary: 1028 cpu-virtual calls, 0 gpu-physical calls
  4803    224.179 vidmm summary: 264704 entries written (EnableGpuVa open), 0 refused, 0 bad calls, 4 roots
  4804    229.296 wddm summary: ---- DDI calls: name, count, first log line ----
  4805    229.296 wddm summary: QueryAdapterInfo                   12  first at 234
  4806    229.296 wddm summary: GetNodeMetadata                     2  first at 242
  4807    229.296 wddm summary: CreateDevice                       14  first at 249
  4808    229.296 wddm summary: DestroyDevice                       7  first at 734
  4809    229.296 wddm summary: CreateContext                      12  first at 252
  4810    229.296 wddm summary: DestroyContext                      7  first at 733
  4811    229.296 wddm summary: CreateProcess                       9  first at 248
  4812    229.296 wddm summary: DestroyProcess                      5  first at 1543
  4813    229.296 wddm summary: SetRootPageTable                    4  first at 274
  4814    229.296 wddm summary: CreateAllocation                   19  first at 311
  4815    229.296 wddm summary: DestroyAllocation                  15  first at 974
  4816    229.296 wddm summary: DescribeAllocation                500  first at 366
  4817    229.296 wddm summary: GetStandardAllocationDriverData      6  first at 309
  4818    229.296 wddm summary: OpenAllocation                     22  first at 313
  4819    229.296 wddm summary: CloseAllocation                    15  first at 973
  4820    229.296 wddm summary: BuildPagingBuffer                2189  first at 254
  4821    229.296 wddm summary: SubmitCommandVirtual              893  first at 294
  4822    229.296 wddm summary: Present                           497  first at 714
  4823    229.296 wddm summary: SetVidPnSourceAddress             438  first at 419
  4824    229.296 wddm summary: ControlInterrupt                    3  first at 729
  4825    229.296 wddm summary: ---- QueryAdapterInfo types: type, count, first log line ----
  4826    229.296 wddm summary: adapter info type   1       1  first at 234
  4827    229.296 wddm summary: adapter info type  15       1  first at 235
  4828    229.296 wddm summary: adapter info type  47       1  first at 236
  4829    229.296 wddm summary: adapter info type  13       1  first at 237
  4830    229.296 wddm summary: adapter info type  14       4  first at 238
  4831    229.296 wddm summary: adapter info type  11       2  first at 245
  4832    229.296 wddm summary: adapter info type  10       1  first at 247
  4833    229.296 wddm summary: adapter info type  16       1  first at 247
  4834    229.296 wddm summary: capture plans reserved 8 heap 0
  4835    229.296 wddm summary: capture context peaks plans 1 reserved-bytes 189304
  4836    229.296 wddm summary: ---- BuildPagingBuffer operations: operation, count, first log line ----
  4837    229.296 wddm summary: paging operation  11    1568  first at 254
  4838    229.296 wddm summary: paging operation  12     123  first at 302
  4839    229.296 wddm summary: paging operation   9     107  first at 321
  4840    229.296 wddm summary: paging operation   2       2  first at 968
  4841    229.296 wddm summary: paging operation   8     389  first at 988
  4842    229.296 wddm summary: objects created/destroyed: dev 14/7 ctx 12/7 proc 9/5 alloc 19/15, 36 alive
  4843    229.296 wddm summary: allocations opened/closed: 22/15 calls
  4844    229.296 wddm summary: submissions 0 physical + 893 virtual, 0 preemptions, last completed fence 827
  4845    229.296 wddm summary: node 0 hardware: 4 submitted, 4 completed, 0 timeouts, 0 refused
  4846    229.296 wddm summary: umd: 6 allocs (0 refused), 1 contexts, 4 submits on the ring, 0 not run
  4847    229.296 wddm profile: umd calls 4, elapsed ticks 5265, QPC frequency 10000000
  4848    229.296 wddm profile: probe enabled 0, calls 0, elapsed ticks 0 (included in umd)
  4849    229.296 wddm summary: node 1 (paging, open): 827 hardware submitted, 827 completed, 0 timeouts, 0 refused
  4850    229.296 wddm summary: SubmitCommandVirtual by node: 0: 66, 1: 827, 0 private-buffer refusals
  4851    229.296 wddm summary: BuildPagingBuffer: 8 transfers, 107 fills, 95272960 bytes, 685 insufficient-buffer
  4852    229.296 wddm summary: aperture map batches 0, unmap batches 0
  4853    229.296 wddm summary: paging TLB invalidations 123, PTE update batches 524
  4854    229.296 wddm summary: paging unsupported (not ready/no root/no translation/system memory/not contiguous) 0/0/0/0/0
  4855    229.296 wddm summary: presents 497, flips 436 of 438 address calls (435 arrived above DISPATCH_LEVEL)
  4856    229.296 wddm summary: blit gate open, 62 blits, 0 skips, 62 sources translated contiguous
  4857    229.296 wddm summary: blit destination: 0 to the flipped surface, 0 to the POST framebuffer (0 a failed-mapping fallback), 28 scanout remaps (0 failed), last blit 480 
  4858    229.296 wddm summary: widest blit 747 rows
  4859    229.296 wddm summary: last blit reading 3, 640x480 pitch 2560, 1 rectangles, source physical 0x27232E000
  4860    229.296 wddm summary: vsync enabled, 0 ticks, 12508 reported to dxgkrnl
  4861    229.296 wddm summary: vidpn flip open: 436 hardware flips, 0 refused, 1 hardware vsyncs armed 13688 acked 0 refused 0 deferred (flip still pending)
  4862    229.296 wddm summary: no TDR (ResetEngine, ResetFromTimeout and RestartFromTimeout were never called)
  4863    229.296 wddm summary: CollectDbgInfo called 0 time(s) since the driver was loaded
  4864    229.296 vidmm summary: level 0: 1024 calls, 262656 entries, 512 valid
  4865    229.296 vidmm summary: level 1: 2 calls, 1024 entries, 512 valid
  4866    229.296 vidmm summary: level 2: 1 calls, 512 entries, 2 valid
  4867    229.296 vidmm summary: level 3: 1 calls, 512 entries, 1 valid
  4868    229.296 vidmm summary: system leaf encoding coherent 2 noncoherent 16952 snoop mismatches 0
  4869    229.296 vidmm summary: 1028 cpu-virtual calls, 0 gpu-physical calls
  4870    229.296 vidmm summary: 264704 entries written (EnableGpuVa open), 0 refused, 0 bad calls, 4 roots
  4871    229.572 dcn: 75 registers, status 0x00000000; hubp0 addr 0x2708D0000 pitch 1919 cntl 0x000F1002; otg0 control 0x80011311 h_total 2079 v_total 1234; vupdate int_en 1 ev
  4872    229.606 wddm summary: ---- DDI calls: name, count, first log line ----
  4873    229.606 wddm summary: QueryAdapterInfo                   12  first at 234
  4874    229.606 wddm summary: GetNodeMetadata                     2  first at 242
  4875    229.606 wddm summary: CreateDevice                       14  first at 249
  4876    229.606 wddm summary: DestroyDevice                       7  first at 734
  4877    229.606 wddm summary: CreateContext                      12  first at 252
  4878    229.606 wddm summary: DestroyContext                      7  first at 733
  4879    229.606 wddm summary: CreateProcess                       9  first at 248
  4880    229.606 wddm summary: DestroyProcess                      5  first at 1543
  4881    229.606 wddm summary: SetRootPageTable                    4  first at 274
  4882    229.606 wddm summary: CreateAllocation                   19  first at 311
  4883    229.606 wddm summary: DestroyAllocation                  15  first at 974
  4884    229.606 wddm summary: DescribeAllocation                500  first at 366
  4885    229.606 wddm summary: GetStandardAllocationDriverData      6  first at 309
  4886    229.606 wddm summary: OpenAllocation                     22  first at 313
  4887    229.606 wddm summary: CloseAllocation                    15  first at 973
  4888    229.606 wddm summary: BuildPagingBuffer                2189  first at 254
  4889    229.606 wddm summary: SubmitCommandVirtual              893  first at 294
  4890    229.606 wddm summary: Present                           497  first at 714
  4891    229.606 wddm summary: SetVidPnSourceAddress             438  first at 419
  4892    229.606 wddm summary: ControlInterrupt                    3  first at 729
  4893    229.606 wddm summary: ---- QueryAdapterInfo types: type, count, first log line ----
  4894    229.606 wddm summary: adapter info type   1       1  first at 234
  4895    229.606 wddm summary: adapter info type  15       1  first at 235
  4896    229.606 wddm summary: adapter info type  47       1  first at 236
  4897    229.606 wddm summary: adapter info type  13       1  first at 237
  4898    229.606 wddm summary: adapter info type  14       4  first at 238
  4899    229.606 wddm summary: adapter info type  11       2  first at 245
  4900    229.606 wddm summary: adapter info type  10       1  first at 247
  4901    229.606 wddm summary: adapter info type  16       1  first at 247
  4902    229.606 wddm summary: capture plans reserved 8 heap 0
  4903    229.606 wddm summary: capture context peaks plans 1 reserved-bytes 189304
  4904    229.606 wddm summary: ---- BuildPagingBuffer operations: operation, count, first log line ----
  4905    229.606 wddm summary: paging operation  11    1568  first at 254
  4906    229.606 wddm summary: paging operation  12     123  first at 302
  4907    229.606 wddm summary: paging operation   9     107  first at 321
  4908    229.606 wddm summary: paging operation   2       2  first at 968
  4909    229.606 wddm summary: paging operation   8     389  first at 988
  4910    229.606 wddm summary: objects created/destroyed: dev 14/7 ctx 12/7 proc 9/5 alloc 19/15, 36 alive
  4911    229.606 wddm summary: allocations opened/closed: 22/15 calls
  4912    229.606 wddm summary: submissions 0 physical + 893 virtual, 0 preemptions, last completed fence 827
  4913    229.606 wddm summary: node 0 hardware: 4 submitted, 4 completed, 0 timeouts, 0 refused
  4914    229.606 wddm summary: umd: 6 allocs (0 refused), 1 contexts, 4 submits on the ring, 0 not run
  4915    229.606 wddm profile: umd calls 4, elapsed ticks 5265, QPC frequency 10000000
  4916    229.608 wddm profile: probe enabled 0, calls 0, elapsed ticks 0 (included in umd)
  4917    229.608 wddm summary: node 1 (paging, open): 827 hardware submitted, 827 completed, 0 timeouts, 0 refused
  4918    229.608 wddm summary: SubmitCommandVirtual by node: 0: 66, 1: 827, 0 private-buffer refusals
  4919    229.608 wddm summary: BuildPagingBuffer: 8 transfers, 107 fills, 95272960 bytes, 685 insufficient-buffer
  4920    229.608 wddm summary: aperture map batches 0, unmap batches 0
  4921    229.608 wddm summary: paging TLB invalidations 123, PTE update batches 524
  4922    229.608 wddm summary: paging unsupported (not ready/no root/no translation/system memory/not contiguous) 0/0/0/0/0
  4923    229.608 wddm summary: presents 497, flips 436 of 438 address calls (435 arrived above DISPATCH_LEVEL)
  4924    229.608 wddm summary: blit gate open, 62 blits, 0 skips, 62 sources translated contiguous
  4925    229.608 wddm summary: blit destination: 0 to the flipped surface, 0 to the POST framebuffer (0 a failed-mapping fallback), 28 scanout remaps (0 failed), last blit 480 
  4926    229.608 wddm summary: widest blit 747 rows
  4927    229.608 wddm summary: last blit reading 3, 640x480 pitch 2560, 1 rectangles, source physical 0x27232E000
  4928    229.608 wddm summary: vsync enabled, 0 ticks, 12527 reported to dxgkrnl
  4929    229.608 wddm summary: vidpn flip open: 436 hardware flips, 0 refused, 1 hardware vsyncs armed 13707 acked 0 refused 0 deferred (flip still pending)
  4930    229.608 wddm summary: no TDR (ResetEngine, ResetFromTimeout and RestartFromTimeout were never called)
  4931    229.608 wddm summary: CollectDbgInfo called 0 time(s) since the driver was loaded
  4932    229.608 vidmm summary: level 0: 1024 calls, 262656 entries, 512 valid
  4933    229.608 vidmm summary: level 1: 2 calls, 1024 entries, 512 valid
  4934    229.608 vidmm summary: level 2: 1 calls, 512 entries, 2 valid
  4935    229.608 vidmm summary: level 3: 1 calls, 512 entries, 1 valid
  4936    229.608 vidmm summary: system leaf encoding coherent 2 noncoherent 16952 snoop mismatches 0
  4937    229.608 vidmm summary: 1028 cpu-virtual calls, 0 gpu-physical calls
  4938    229.608 vidmm summary: 264704 entries written (EnableGpuVa open), 0 refused, 0 bad calls, 4 roots
             1024 lines printed
log          4939 lines since this driver load, 3915 lost to the wrap, 7 dropped above DISPATCH_LEVEL; ring 1024 lines of which the first 256 are kept; table FULL WDDM (the gate was open at DriverEntry)
     0      0.004 stage 10
     1      0.004 gate: EnableFullWddm 1 (one shot: closed again on disk)
     2      0.006 stage 20
     3      0.236 stage 30
     4      0.238 stage 31
     5      0.240 stage 32
     6      0.240 post display 1920x1200 pitch 7680 format 22 target 2424833
     7      0.240 stage 33
     8      0.242 stage 34
     9      0.242 interrupt resource 1: message, vector 0x80, flags 0x3
    10      0.242 mmio: BAR5 at 0xFE800000 mapped, writes off, dcn writes allowed, vidpn flip allowed
    11      0.242 vram: 0x270000000 + 0x200000000, MC 0xF400000000, BAR0 0xC0000000 + 0x10000000, writes allowed
    12      0.242 fb sample mapped: phys 0xC0000000 first 0x00000000 mid 0x00000000
    13      0.242 fb sample physical: 0x270000000 first 0x00000000 mid 0x00000000
    14      0.242 gart: ready, dummy page at 0x26FFFA000
    15      0.242 psp: ready
    16      0.242 gpumem: ready, doorbells at 0xD0000000
    17      0.242 gfx: ready, GPU submission allowed, paging node allowed
    18      0.242 ih: ready
    19      0.246 vidmm: logical paging state 515 tables, 1031 slots, 4767344 bytes reserved
    20      0.250 vidmm: table segment 3 at physical 0x45E150000 + 0xFEB0000, host memory below 0x270000000, updates are WRITTEN
    21      0.250 startup: entering interrupt connection
    22      0.254 startup: entering firmware preparation
    23      0.258 gfx: CP_ME_CNTL 0x15000000, CP_MEC_CNTL 0x50000000, SDMA0/1_F32_CNTL 0x1 0x1
    24      0.258 gfx: unpublished translation bootstrap entered with engines halted
    25      0.258 gfx: RLC before-gart-initialization CNTL 0x00000000 read 0x00000000 STATUS2 0x00000008 read 0x00000000
    26      0.258 gfx: GRBM before-gart-initialization STATUS 0x00003028 read 0x00000000
    27      0.258 startup: entering GART initialization
    28      0.272 gart: startup startup-after-gfxhub-enable sample 0x00000000 fault 0x00000000
    29      0.272 gfx: RLC startup-after-gfxhub-enable CNTL 0x00000000 read 0x00000000 STATUS2 0x00000008 read 0x00000000
    30      0.272 gfx: GRBM startup-after-gfxhub-enable STATUS 0x00003028 read 0x00000000
    31      0.272 gart: startup startup-after-mmhub-enable sample 0x00000000 fault 0x00000000
    32      0.272 gfx: RLC startup-after-mmhub-enable CNTL 0x00000000 read 0x00000000 STATUS2 0x00000008 read 0x00000000
    33      0.272 gfx: GRBM startup-after-mmhub-enable STATUS 0x00003028 read 0x00000000
    34      0.272 gart: startup startup-after-fault-defaults sample 0x00000000 fault 0x00000000
    35      0.272 gfx: RLC startup-after-fault-defaults CNTL 0x00000000 read 0x00000000 STATUS2 0x00000008 read 0x00000000
    36      0.272 gfx: GRBM startup-after-fault-defaults STATUS 0x00003028 read 0x00000000
    37      0.272 gart: startup bootstrap-after-mmhub-flush sample 0x00000000 fault 0x00000000
    38      0.272 gfx: RLC bootstrap-after-mmhub-flush CNTL 0x00000000 read 0x00000000 STATUS2 0x00000008 read 0x00000000
    39      0.272 gfx: GRBM bootstrap-after-mmhub-flush STATUS 0x00003028 read 0x00000000
    40      0.272 gart: op 1 -> 0x00000000 (-), result 0, 284 writes, fault offset 0x00000
    41      0.272 gfx: RLC before-psp CNTL 0x00000000 read 0x00000000 STATUS2 0x00000008 read 0x00000000
    42      0.272 gfx: GRBM before-psp STATUS 0x00003028 read 0x00000000
    43      0.272 startup: entering PSP initialization
    44      0.324 gfx: RLC before-psp-ring-create CNTL 0x00000000 read 0x00000000 STATUS2 0x00000008 read 0x00000000
    45      0.324 gfx: GRBM before-psp-ring-create STATUS 0x00003028 read 0x00000000
    46      0.346 gfx: RLC after-psp-ring-create CNTL 0x00000000 read 0x00000000 STATUS2 0x00000008 read 0x00000000
    47      0.346 gfx: GRBM after-psp-ring-create STATUS 0x00003028 read 0x00000000
    48      0.346 amdgpu[0]: reserve 0x400000 from 0xf5ff800000 for PSP TMR

    49      0.346 psp: command 1 (id 5, type 0, 4194304 bytes): rc 0, status 0x0, 255 us, in TMR at 0x0
    50      0.346 gfx: RLC after-psp-command CNTL 0x00000000 read 0x00000000 STATUS2 0x00000008 read 0x00000000
    51      0.346 gfx: GRBM after-psp-command STATUS 0x00003028 read 0x00000000
    52      0.348 psp: command 2 (id 6, type 9, 33536 bytes): rc 0, status 0x0, 1894 us, in TMR at 0x0
    53      0.348 gfx: RLC after-psp-command CNTL 0x00000000 read 0x00000000 STATUS2 0x01000008 read 0x00000000
    54      0.348 gfx: GRBM after-psp-command STATUS 0x00003028 read 0x00000000
    55      0.350 psp: command 3 (id 6, type 10, 33536 bytes): rc 0, status 0x0, 1890 us, in TMR at 0x0
    56      0.350 gfx: RLC after-psp-command CNTL 0x00000000 read 0x00000000 STATUS2 0x01000008 read 0x00000000
    57      0.350 gfx: GRBM after-psp-command STATUS 0x00003028 read 0x00000000
    58      0.356 psp: command 4 (id 6, type 3, 263040 bytes): rc 0, status 0x0, 5920 us, in TMR at 0xF5FF842000
    59      0.356 gfx: RLC after-psp-command CNTL 0x00000000 read 0x00000000 STATUS2 0x01000008 read 0x00000000
    60      0.356 gfx: GRBM after-psp-command STATUS 0x00003028 read 0x00000000
    61      0.362 psp: command 5 (id 6, type 2, 263168 bytes): rc 0, status 0x0, 5888 us, in TMR at 0xF5FF883000
    62      0.362 gfx: RLC after-psp-command CNTL 0x00000000 read 0x00000000 STATUS2 0x01000008 read 0x00000000
    63      0.362 gfx: GRBM after-psp-command STATUS 0x00003028 read 0x00000000
    64      0.368 psp: command 6 (id 6, type 1, 263168 bytes): rc 0, status 0x0, 5912 us, in TMR at 0xF5FF8C4000
    65      0.368 gfx: RLC after-psp-command CNTL 0x00000000 read 0x00000000 STATUS2 0x01000008 read 0x00000000
    66      0.368 gfx: GRBM after-psp-command STATUS 0x00003028 read 0x00000000
    67      0.374 psp: command 7 (id 6, type 4, 267440 bytes): rc 0, status 0x0, 6013 us, in TMR at 0xF5FF800000
    68      0.374 gfx: RLC after-psp-command CNTL 0x00000000 read 0x00000000 STATUS2 0x01000008 read 0x00000000
    69      0.374 gfx: GRBM after-psp-command STATUS 0x00003028 read 0x00000000
    70      0.374 psp: command 8 (id 6, type 5, 896 bytes): rc 0, status 0x0, 130 us, in TMR at 0x0
    71      0.374 gfx: RLC after-psp-command CNTL 0x00000000 read 0x00000000 STATUS2 0x01000008 read 0x00000000
    72      0.374 gfx: GRBM after-psp-command STATUS 0x00003028 read 0x00000000
    73      0.380 psp: command 9 (id 6, type 4, 267440 bytes): rc 0, status 0x0, 6013 us, in TMR at 0xF5FF800000
    74      0.380 gfx: RLC after-psp-command CNTL 0x00000000 read 0x00000000 STATUS2 0x01000008 read 0x00000000
    75      0.380 gfx: GRBM after-psp-command STATUS 0x00003028 read 0x00000000
    76      0.380 psp: command 10 (id 6, type 6, 896 bytes): rc 0, status 0x0, 130 us, in TMR at 0x0
    77      0.380 gfx: RLC after-psp-command CNTL 0x00000000 read 0x00000000 STATUS2 0x01000008 read 0x00000000
    78      0.380 gfx: GRBM after-psp-command STATUS 0x00003028 read 0x00000000
    79      0.382 psp: command 11 (id 6, type 8, 25088 bytes): rc 0, status 0x0, 1739 us, in TMR at 0x0
    80      0.382 gfx: RLC after-psp-command CNTL 0x00000000 read 0x00000000 STATUS2 0x01000008 read 0x00000000
    81      0.382 gfx: GRBM after-psp-command STATUS 0x00003028 read 0x00000000
    82      0.382 psp: op 1 -> 0x00000000, result 0, 15 writes, 11 of 11 commands
    83      0.382 gfx: RLC after-psp CNTL 0x00000000 read 0x00000000 STATUS2 0x01000008 read 0x00000000
    84      0.382 gfx: GRBM after-psp STATUS 0x00003028 read 0x00000000
    85      0.382 startup: entering IH initialization
    86      0.386 ih: init: rc 0, 18 writes
    87      0.386 ih: op 1 -> 0x00000000, result 0, 19 writes; 0 interrupt routine calls, 0 ours, 0 DPCs, 0 vectors; status idle 1 input_idle 1 bif_interrupt_line 0
    88      0.386 startup: entering GFX initialization
    89      0.388 startup: entering GFX stage 1
    90      0.390 gfx: RLC startup policy pp_gfxoff 0
    91      0.394 gfx: stage 1 (doorbell aperture): rc 0, 49 writes so far, 1 us
    92      0.394 gfx: op 1 to stage 1 -> 0x00000000, result 0, 49 writes, 0 doorbells
    93      0.396 startup: entering GFX stage 2
    94      0.398 gfx: stage 2 (golden registers): rc 0, 34 writes so far, 26 us
    95      0.398 gfx: op 1 to stage 2 -> 0x00000000, result 0, 34 writes, 0 doorbells
    96      0.400 startup: entering GFX stage 3
    97      0.404 gfx: stage 3 (GRBM CAM probe): rc 0, 3 writes so far, 4 us
    98      0.404 gfx: op 1 to stage 3 -> 0x00000000, result 0, 3 writes, 0 doorbells
    99      0.406 startup: entering GFX stage 4
   100      0.408 gfx: stage 4 (constants): rc 0, 157 writes so far, 63 us
   101      0.408 gfx: op 1 to stage 4 -> 0x00000000, result 0, 157 writes, 0 doorbells
   102      0.412 startup: entering GFX stage 5
   103      0.414 startup: RLC boundary acquire-paging-lock
   104      0.418 startup: RLC boundary acquire-gart-lock
   105      0.420 startup: RLC boundary locks-acquired
   106      0.424 startup: RLC boundary before-rlc-resume
   107      0.426 startup: RLC boundary after-rlc-resume
   108      0.428 startup: RLC boundary before-gfx-visibility
   109      0.432 gpumem: GFXHUB after-invalidate-request sample 0x00F80001 fault 0x00000000
   110      0.434 startup: visibility observer returned after-invalidate-request
   111      0.436 gpumem: GFXHUB after-invalidate-request-read sample 0x00F80001 fault 0x00000000
   112      0.440 startup: visibility observer returned after-invalidate-request-read
   113      0.442 gpumem: GFXHUB after-invalidate-ack sample 0x00000001 fault 0x00000000
   114      0.444 startup: visibility observer returned after-invalidate-ack
   115      0.448 startup: visibility GFX returned 0, entering MMHUB
   116      0.452 startup: visibility MMHUB returned 0
   117      0.456 gpumem: startup GFX translations committed after RLC, before CP
   118      0.458 gfx: RLC after-bootstrap-translation-commit CNTL 0x00000001 read 0x00000000 STATUS2 0x00000008 read 0x00000000
   119      0.458 gfx: GRBM after-bootstrap-translation-commit STATUS 0x00003028 read 0x00000000
   120      0.458 startup: visibility publication observer returned
   121      0.462 startup: RLC boundary after-gfx-visibility
   122      0.464 gfx: stage 5 (RLC): rc 0, 11 writes so far, 40881 us
   123      0.464 gfx: op 1 to stage 5 -> 0x00000000, result 0, 11 writes, 0 doorbells
   124      0.468 startup: entering GFX stage 6
   125      0.470 startup: entering CP step 1
   126      0.472 startup: CP1 checkpoint acquire-paging-lock
   127      0.476 startup: CP1 checkpoint acquire-gart-lock
   128      0.478 startup: CP1 checkpoint locks-acquired
   129      0.482 amdgpu[0]: CP resume kiq-init begin

   130      0.482 startup: CP1 checkpoint scheduler
   131      0.484 startup: CP1 checkpoint scheduler-read
   132      0.488 startup: CP1 checkpoint scheduler-write
   133      0.490 startup: CP1 checkpoint scheduler-done
   134      0.494 startup: CP1 checkpoint clear-mqd
   135      0.498 startup: CP1 checkpoint select-queue
   136      0.500 startup: CP1 checkpoint build-mqd
   137      0.504 startup: CP1 checkpoint disable-wptr-poll
   138      0.506 startup: CP1 checkpoint read-active
   139      0.508 startup: CP1 checkpoint program-hqd
   140      0.512 startup: CP1 checkpoint activate-hqd
   141      0.514 startup: CP1 checkpoint restore-selection
   142      0.518 startup: CP1 checkpoint complete
   143      0.520 amdgpu[0]: CP resume kiq-init end result=0

   144      0.520 gfx: CP step 1: rc 0, 27 writes, 38709 us
   145      0.520 gfx: op 1 to stage 6 -> 0x00000000, result 0, 27 writes, 0 doorbells
   146      0.520 startup: CP step 1 returned 0x00000000 result 0
   147      0.524 startup: entering CP step 2
   148      0.526 amdgpu[0]: CP resume compute-unhalt begin

   149      0.526 amdgpu[0]: CP resume compute-unhalt end

   150      0.526 amdgpu[0]: CP resume kcq-init ring=0 begin

   151      0.526 amdgpu[0]: CP resume kcq-init ring=0 end result=0

   152      0.526 amdgpu[0]: CP resume kcq-init ring=1 begin

   153      0.526 amdgpu[0]: CP resume kcq-init ring=1 end result=0

   154      0.526 amdgpu[0]: CP resume kcq-init ring=2 begin

   155      0.526 amdgpu[0]: CP resume kcq-init ring=2 end result=0

   156      0.526 amdgpu[0]: CP resume kcq-init ring=3 begin

   157      0.526 amdgpu[0]: CP resume kcq-init ring=3 end result=0

   158      0.526 amdgpu[0]: CP resume kcq-init ring=4 begin

   159      0.526 amdgpu[0]: CP resume kcq-init ring=4 end result=0

   160      0.528 amdgpu[0]: CP resume kcq-init ring=5 begin

   161      0.528 amdgpu[0]: CP resume kcq-init ring=5 end result=0

   162      0.528 amdgpu[0]: CP resume kcq-init ring=6 begin

   163      0.528 amdgpu[0]: CP resume kcq-init ring=6 end result=0

   164      0.528 amdgpu[0]: CP resume kcq-init ring=7 begin

   165      0.528 amdgpu[0]: CP resume kcq-init ring=7 end result=0

   166      0.528 gfx: CP step 2: rc 0, 17 writes, 494 us
   167      0.528 gfx: op 1 to stage 6 -> 0x00000000, result 0, 17 writes, 0 doorbells
   168      0.528 startup: CP step 2 returned 0x00000000 result 0
   169      0.530 startup: entering CP step 3
   170      0.534 amdgpu[0]: CP resume kcq-enable begin

   171      0.534 amdgpu[0]: CP resume kcq-enable end result=0

   172      0.534 gfx: CP step 3: rc 0, 1 writes, 62 us
   173      0.534 gfx: op 1 to stage 6 -> 0x00000000, result 0, 1 writes, 2 doorbells
   174      0.534 startup: CP step 3 returned 0x00000000 result 0
   175      0.538 startup: entering CP step 4
   176      0.540 amdgpu[0]: CP resume kgq-init ring=0 begin

   177      0.540 amdgpu[0]: CP resume kgq-init ring=0 end result=0

   178      0.540 gfx: CP step 4: rc 0, 4 writes, 40 us
   179      0.540 gfx: op 1 to stage 6 -> 0x00000000, result 0, 4 writes, 0 doorbells
   180      0.540 startup: CP step 4 returned 0x00000000 result 0
   181      0.544 startup: entering CP step 5
   182      0.546 amdgpu[0]: CP resume kgq-enable begin

   183      0.546 amdgpu[0]: CP resume kgq-enable end result=0

   184      0.546 gfx: CP step 5: rc 0, 1 writes, 34 us
   185      0.546 gfx: op 1 to stage 6 -> 0x00000000, result 0, 1 writes, 2 doorbells
   186      0.546 startup: CP step 5 returned 0x00000000 result 0
   187      0.550 startup: entering CP step 6
   188      0.552 amdgpu[0]: CP resume gfx-start begin

   189      0.552 amdgpu[0]: CP resume gfx-start end result=0

   190      0.552 gfx: CP step 6: rc 0, 3 writes, 35 us
   191      0.552 gfx: op 1 to stage 6 -> 0x00000000, result 0, 3 writes, 1 doorbells
   192      0.552 startup: CP step 6 returned 0x00000000 result 0
   193      0.556 startup: entering CP step 7
   194      0.558 amdgpu[0]: CP resume gfx-test ring=0 begin

   195      0.558 amdgpu[0]: CP resume gfx-test ring=0 end result=0

   196      0.558 gfx: CP step 7: rc 0, 1 writes, 27 us
   197      0.558 gfx: op 1 to stage 6 -> 0x00000000, result 0, 1 writes, 1 doorbells
   198      0.558 startup: CP step 7 returned 0x00000000 result 0
   199      0.560 startup: entering CP step 8
   200      0.564 amdgpu[0]: CP resume compute-test ring=0 begin

   201      0.564 amdgpu[0]: CP resume compute-test ring=0 end result=0

   202      0.564 amdgpu[0]: CP resume compute-test ring=1 begin

   203      0.564 amdgpu[0]: CP resume compute-test ring=1 end result=0

   204      0.564 amdgpu[0]: CP resume compute-test ring=2 begin

   205      0.564 amdgpu[0]: CP resume compute-test ring=2 end result=0

   206      0.564 amdgpu[0]: CP resume compute-test ring=3 begin

   207      0.564 amdgpu[0]: CP resume compute-test ring=3 end result=0

   208      0.564 amdgpu[0]: CP resume compute-test ring=4 begin

   209      0.564 amdgpu[0]: CP resume compute-test ring=4 end result=0

   210      0.564 amdgpu[0]: CP resume compute-test ring=5 begin

   211      0.564 amdgpu[0]: CP resume compute-test ring=5 end result=0

   212      0.564 amdgpu[0]: CP resume compute-test ring=6 begin

   213      0.564 amdgpu[0]: CP resume compute-test ring=6 end result=0

   214      0.564 amdgpu[0]: CP resume compute-test ring=7 begin

   215      0.564 amdgpu[0]: CP resume compute-test ring=7 end result=0

   216      0.564 gfx: CP step 8: rc 0, 8 writes, 164 us
   217      0.564 gfx: op 1 to stage 6 -> 0x00000000, result 0, 8 writes, 8 doorbells
   218      0.564 startup: CP step 8 returned 0x00000000 result 0
   219      0.570 startup: entering GFX stage 7
   220      0.574 gfx: stage 7 (SDMA): rc 0, 93 writes so far, 183 us
   221      0.574 gfx: op 1 to stage 7 -> 0x00000000, result 0, 93 writes, 2 doorbells
   222      0.576 startup: entering GFX stage 8
   223      0.580 gfx: stage 8 (interrupt sources): rc 0, 35 writes so far, 25 us
   224      0.580 gfx: paging node ready, SDMA0 doorbell 0x200, per-buffer private commands
   225      0.580 gfx: op 1 to stage 8 -> 0x00000000, result 0, 35 writes, 0 doorbells
   226      0.584 startup: both engines ready
   227      0.588 startup: attempted 0xF completed 0xF status 0x00000000 ready 1 unwind 0 quarantine 0
   228      0.588 wddm: GPU initialized before adapter admission
   229      0.588 wddm: callbacks sync 1 notify 1 queuedpc 1 notifydpc 1, interface 312 of 312 bytes
   230      0.588 stage 35
   231      0.588 stage 39
   232      0.588 wddm: display QueryChildRelations call 1 detail 0x38 -> 0x00000000
   233      0.590 wddm: DRIVERCAPS into 576 bytes: wddm 8192 sched 0x45 mm 0x60 flip 0x12 slots 0 tdr 1 dflip 1 rot 1
   234      0.590 wddm: QueryAdapterInfo type 1 in 0 out 576 -> 0x00000000
   235      0.590 wddm: QueryAdapterInfo type 15 in 4 out 20 -> 0xC00000BB
   236      0.590 wddm: QueryAdapterInfo type 47 in 0 out 4 -> 0xC00000BB
   237      0.590 wddm: QueryAdapterInfo type 13 in 4 out 24 -> 0x00000000
   238      0.590 wddm: QueryAdapterInfo type 14 in 4 out 20 -> 0x00000000
   239      0.590 wddm: QueryAdapterInfo type 14 in 4 out 20 -> 0x00000000
   240      0.590 wddm: QueryAdapterInfo type 14 in 4 out 20 -> 0x00000000
   241      0.590 wddm: QueryAdapterInfo type 14 in 4 out 20 -> 0x00000000
   242      0.590 wddm: GetNodeMetadata node 0 adapter 0
   243      0.590 wddm: GetNodeMetadata node 1 adapter 0
   244      0.590 wddm: QUERYSEGMENT4 pass 1: 3 segment(s)
   245      0.590 wddm: QUERYSEGMENT4 pass 2: 3 segment(s), stride 104, paging buffer segment 0, 65536 bytes
   246      0.590 wddm: segment 1 flags 0x00080404 gpu 0xF4008D0000 cpu 0x2708D0000 size 0x1ED880000
   247      0.590 wddm: QueryAdapterInfo type 16 in 0 out 4 -> 0xC00000BB
   248      0.592 wddm: CreateProcess flags 0x00000001 pasids 1
   249      0.592 wddm: CreateDevice flags 0x00000001 pasid 0
   250      0.592 wddm: CreateDevice flags 0x00000001 pasid 0
   251      0.630 wddm: capture reservation ready 22020400 bytes
   252      0.630 wddm: CreateContext node 1 engine 0x1 flags 0x00000005 private 0
   253      0.630 wddm: CreateContext answered dma 4096 bytes segment set 0x2, lists 256/0, caps 0x00000001
   254      0.630 wddm: BuildPagingBuffer operation 11 segment 0, 65536 bytes free, pass offset 0
   255      0.630 vidmm: table physical cache query pa 0x45E153000 status 0xC0000141 type 6; retained map requests NC; borrowed VA attributes unproven
  4171    198.588 wddm summary: QueryAdapterInfo                   12  first at 234
  4172    198.588 wddm summary: GetNodeMetadata                     2  first at 242
  4173    198.588 wddm summary: CreateDevice                       13  first at 249
  4174    198.588 wddm summary: DestroyDevice                       6  first at 734
  4175    198.588 wddm summary: CreateContext                      11  first at 252
  4176    198.588 wddm summary: DestroyContext                      6  first at 733
  4177    198.588 wddm summary: CreateProcess                       8  first at 248
  4178    198.588 wddm summary: DestroyProcess                      4  first at 1543
  4179    198.588 wddm summary: SetRootPageTable                    3  first at 274
  4180    198.588 wddm summary: CreateAllocation                   13  first at 311
  4181    198.588 wddm summary: DestroyAllocation                   9  first at 974
  4182    198.588 wddm summary: DescribeAllocation                457  first at 366
  4183    198.588 wddm summary: GetStandardAllocationDriverData      6  first at 309
  4184    198.590 wddm summary: OpenAllocation                     16  first at 313
  4185    198.590 wddm summary: CloseAllocation                     9  first at 973
  4186    198.590 wddm summary: BuildPagingBuffer                2044  first at 254
  4187    198.590 wddm summary: SubmitCommandVirtual              833  first at 294
  4188    198.590 wddm summary: Present                           454  first at 714
  4189    198.590 wddm summary: SetVidPnSourceAddress             395  first at 419
  4190    198.590 wddm summary: ControlInterrupt                    3  first at 729
  4191    198.590 wddm summary: ---- QueryAdapterInfo types: type, count, first log line ----
  4192    198.590 wddm summary: adapter info type   1       1  first at 234
  4193    198.590 wddm summary: adapter info type  15       1  first at 235
  4194    198.590 wddm summary: adapter info type  47       1  first at 236
  4195    198.590 wddm summary: adapter info type  13       1  first at 237
  4196    198.590 wddm summary: adapter info type  14       4  first at 238
  4197    198.590 wddm summary: adapter info type  11       2  first at 245
  4198    198.590 wddm summary: adapter info type  10       1  first at 247
  4199    198.590 wddm summary: adapter info type  16       1  first at 247
  4200    198.590 wddm summary: capture plans reserved 2 heap 0
  4201    198.590 wddm summary: capture context peaks plans 1 reserved-bytes 189304
  4202    198.590 wddm summary: ---- BuildPagingBuffer operations: operation, count, first log line ----
  4203    198.590 wddm summary: paging operation  11    1491  first at 254
  4204    198.590 wddm summary: paging operation  12      73  first at 302
  4205    198.590 wddm summary: paging operation   9     102  first at 321
  4206    198.590 wddm summary: paging operation   2       1  first at 968
  4207    198.590 wddm summary: paging operation   8     377  first at 988
  4208    198.590 wddm summary: objects created/destroyed: dev 13/6 ctx 11/6 proc 8/4 alloc 13/9, 36 alive
  4209    198.590 wddm summary: allocations opened/closed: 16/9 calls
  4210    198.590 wddm summary: submissions 0 physical + 833 virtual, 0 preemptions, last completed fence 771
  4211    198.590 wddm summary: node 0 hardware: 0 submitted, 0 completed, 0 timeouts, 0 refused
  4212    198.590 wddm summary: umd: 0 allocs (0 refused), 0 contexts, 0 submits on the ring, 0 not run
  4213    198.590 wddm profile: umd calls 0, elapsed ticks 0, QPC frequency 10000000
  4214    198.590 wddm profile: probe enabled 0, calls 0, elapsed ticks 0 (included in umd)
  4215    198.590 wddm summary: node 1 (paging, open): 771 hardware submitted, 771 completed, 0 timeouts, 0 refused
  4216    198.590 wddm summary: SubmitCommandVirtual by node: 0: 62, 1: 771, 0 private-buffer refusals
  4217    198.590 wddm summary: BuildPagingBuffer: 2 transfers, 102 fills, 94617600 bytes, 665 insufficient-buffer
  4218    198.590 wddm summary: aperture map batches 0, unmap batches 0
  4219    198.590 wddm summary: paging TLB invalidations 73, PTE update batches 451
  4220    198.590 wddm summary: paging unsupported (not ready/no root/no translation/system memory/not contiguous) 0/0/0/0/0
  4221    198.590 wddm summary: presents 454, flips 393 of 395 address calls (392 arrived above DISPATCH_LEVEL)
  4222    198.590 wddm summary: blit gate open, 62 blits, 0 skips, 62 sources translated contiguous
  4223    198.590 wddm summary: blit destination: 0 to the flipped surface, 0 to the POST framebuffer (0 a failed-mapping fallback), 28 scanout remaps (0 failed), last blit 480 
  4224    198.590 wddm summary: widest blit 747 rows
  4225    198.590 wddm summary: last blit reading 3, 640x480 pitch 2560, 1 rectangles, source physical 0x27232E000
  4226    198.590 wddm summary: vsync enabled, 0 ticks, 10667 reported to dxgkrnl
  4227    198.590 wddm summary: vidpn flip open: 393 hardware flips, 0 refused, 1 hardware vsyncs armed 11847 acked 0 refused 0 deferred (flip still pending)
  4228    198.590 wddm summary: no TDR (ResetEngine, ResetFromTimeout and RestartFromTimeout were never called)
  4229    198.590 wddm summary: CollectDbgInfo called 0 time(s) since the driver was loaded
  4230    198.590 vidmm summary: level 0: 1024 calls, 262656 entries, 512 valid
  4231    198.590 vidmm summary: level 1: 2 calls, 1024 entries, 512 valid
  4232    198.590 vidmm summary: level 2: 1 calls, 512 entries, 2 valid
  4233    198.590 vidmm summary: level 3: 1 calls, 512 entries, 1 valid
  4234    198.590 vidmm summary: system leaf encoding coherent 0 noncoherent 16696 snoop mismatches 0
  4235    198.590 vidmm summary: 1028 cpu-virtual calls, 0 gpu-physical calls
  4236    198.590 vidmm summary: 264704 entries written (EnableGpuVa open), 0 refused, 0 bad calls, 3 roots
  4237    200.615 wddm summary: ---- DDI calls: name, count, first log line ----
  4238    200.615 wddm summary: QueryAdapterInfo                   12  first at 234
  4239    200.615 wddm summary: GetNodeMetadata                     2  first at 242
  4240    200.615 wddm summary: CreateDevice                       13  first at 249
  4241    200.615 wddm summary: DestroyDevice                       6  first at 734
  4242    200.615 wddm summary: CreateContext                      11  first at 252
  4243    200.615 wddm summary: DestroyContext                      6  first at 733
  4244    200.615 wddm summary: CreateProcess                       8  first at 248
  4245    200.615 wddm summary: DestroyProcess                      4  first at 1543
  4246    200.615 wddm summary: SetRootPageTable                    3  first at 274
  4247    200.615 wddm summary: CreateAllocation                   13  first at 311
  4248    200.615 wddm summary: DestroyAllocation                   9  first at 974
  4249    200.615 wddm summary: DescribeAllocation                460  first at 366
  4250    200.615 wddm summary: GetStandardAllocationDriverData      6  first at 309
  4251    200.615 wddm summary: OpenAllocation                     16  first at 313
  4252    200.615 wddm summary: CloseAllocation                     9  first at 973
  4253    200.615 wddm summary: BuildPagingBuffer                2044  first at 254
  4254    200.615 wddm summary: SubmitCommandVirtual              833  first at 294
  4255    200.615 wddm summary: Present                           457  first at 714
  4256    200.615 wddm summary: SetVidPnSourceAddress             398  first at 419
  4257    200.615 wddm summary: ControlInterrupt                    3  first at 729
  4258    200.615 wddm summary: ---- QueryAdapterInfo types: type, count, first log line ----
  4259    200.615 wddm summary: adapter info type   1       1  first at 234
  4260    200.615 wddm summary: adapter info type  15       1  first at 235
  4261    200.615 wddm summary: adapter info type  47       1  first at 236
  4262    200.615 wddm summary: adapter info type  13       1  first at 237
  4263    200.615 wddm summary: adapter info type  14       4  first at 238
  4264    200.615 wddm summary: adapter info type  11       2  first at 245
  4265    200.615 wddm summary: adapter info type  10       1  first at 247
  4266    200.615 wddm summary: adapter info type  16       1  first at 247
  4267    200.615 wddm summary: capture plans reserved 2 heap 0
  4268    200.615 wddm summary: capture context peaks plans 1 reserved-bytes 189304
  4269    200.615 wddm summary: ---- BuildPagingBuffer operations: operation, count, first log line ----
  4270    200.615 wddm summary: paging operation  11    1491  first at 254
  4271    200.615 wddm summary: paging operation  12      73  first at 302
  4272    200.615 wddm summary: paging operation   9     102  first at 321
  4273    200.615 wddm summary: paging operation   2       1  first at 968
  4274    200.615 wddm summary: paging operation   8     377  first at 988
  4275    200.615 wddm summary: objects created/destroyed: dev 13/6 ctx 11/6 proc 8/4 alloc 13/9, 36 alive
  4276    200.615 wddm summary: allocations opened/closed: 16/9 calls
  4277    200.615 wddm summary: submissions 0 physical + 833 virtual, 0 preemptions, last completed fence 771
  4278    200.615 wddm summary: node 0 hardware: 0 submitted, 0 completed, 0 timeouts, 0 refused
  4279    200.615 wddm summary: umd: 0 allocs (0 refused), 0 contexts, 0 submits on the ring, 0 not run
  4280    200.615 wddm profile: umd calls 0, elapsed ticks 0, QPC frequency 10000000
  4281    200.615 wddm profile: probe enabled 0, calls 0, elapsed ticks 0 (included in umd)
  4282    200.615 wddm summary: node 1 (paging, open): 771 hardware submitted, 771 completed, 0 timeouts, 0 refused
  4283    200.615 wddm summary: SubmitCommandVirtual by node: 0: 62, 1: 771, 0 private-buffer refusals
  4284    200.615 wddm summary: BuildPagingBuffer: 2 transfers, 102 fills, 94617600 bytes, 665 insufficient-buffer
  4285    200.615 wddm summary: aperture map batches 0, unmap batches 0
  4286    200.615 wddm summary: paging TLB invalidations 73, PTE update batches 451
  4287    200.615 wddm summary: paging unsupported (not ready/no root/no translation/system memory/not contiguous) 0/0/0/0/0
  4288    200.615 wddm summary: presents 457, flips 396 of 398 address calls (395 arrived above DISPATCH_LEVEL)
  4289    200.615 wddm summary: blit gate open, 62 blits, 0 skips, 62 sources translated contiguous
  4290    200.615 wddm summary: blit destination: 0 to the flipped surface, 0 to the POST framebuffer (0 a failed-mapping fallback), 28 scanout remaps (0 failed), last blit 480 
  4291    200.615 wddm summary: widest blit 747 rows
  4292    200.615 wddm summary: last blit reading 3, 640x480 pitch 2560, 1 rectangles, source physical 0x27232E000
  4293    200.615 wddm summary: vsync enabled, 0 ticks, 10789 reported to dxgkrnl
  4294    200.615 wddm summary: vidpn flip open: 396 hardware flips, 0 refused, 1 hardware vsyncs armed 11969 acked 0 refused 0 deferred (flip still pending)
  4295    200.615 wddm summary: no TDR (ResetEngine, ResetFromTimeout and RestartFromTimeout were never called)
  4296    200.615 wddm summary: CollectDbgInfo called 0 time(s) since the driver was loaded
  4297    200.615 vidmm summary: level 0: 1024 calls, 262656 entries, 512 valid
  4298    200.615 vidmm summary: level 1: 2 calls, 1024 entries, 512 valid
  4299    200.615 vidmm summary: level 2: 1 calls, 512 entries, 2 valid
  4300    200.615 vidmm summary: level 3: 1 calls, 512 entries, 1 valid
  4301    200.615 vidmm summary: system leaf encoding coherent 0 noncoherent 16696 snoop mismatches 0
  4302    200.615 vidmm summary: 1028 cpu-virtual calls, 0 gpu-physical calls
  4303    200.615 vidmm summary: 264704 entries written (EnableGpuVa open), 0 refused, 0 bad calls, 3 roots
  4304    201.106 wddm: umd alloc 65536 bytes heap 0x4 align 4096 va 0x0 gem 0x0 cached 0
  4305    201.110 amdgpu[2]: ring alloc of 16 dwords exceeds max_dw 14

  4306    201.110 gfx: paging submit, 126 dwords from private buffer at 0xDB8, seq 772
  4307    201.110 gfx: paging submit, 15 dwords from private buffer at 0x0, seq 773
  4308    201.110 gfx: paging submit, 61 dwords from private buffer at 0x3C, seq 774
  4309    201.110 gfx: paging submit, 942 dwords from private buffer at 0x130, seq 775
  4310    201.110 gfx: paging submit, 1018 dwords from private buffer at 0x0, seq 776
  4311    201.110 gfx: paging submit, 1004 dwords from private buffer at 0x0, seq 777
  4312    201.112 gfx: paging submit, 1004 dwords from private buffer at 0x0, seq 778
  4313    201.112 gfx: paging submit, 283 dwords from private buffer at 0x0, seq 779
  4314    201.112 wddm: umd alloc 65536 bytes heap 0x2 align 4096 va 0x0 gem 0x0 cached 0
  4315    201.114 gfx: paging submit, 61 dwords from private buffer at 0x46C, seq 780
  4316    201.116 gfx: paging submit, 61 dwords from private buffer at 0x560, seq 781
  4317    201.118 wddm: umd alloc 65536 bytes heap 0x2 align 4096 va 0x0 gem 0x0 cached 0
  4318    201.120 gfx: paging submit, 61 dwords from private buffer at 0x654, seq 782
  4319    201.122 gfx: paging submit, 61 dwords from private buffer at 0x748, seq 783
  4320    201.124 wddm: umd context node 0 ip 0, private slot 576
  4321    201.126 gfx: paging submit, 31 dwords from private buffer at 0x83C, seq 784
  4322    201.132 wddm: SetRootPageTable segment 3 offset 0xFE8F000, 512 entries
  4323    201.132 vidmm: root page table 3:0xFE8F000 = physical 0x46DFDF000, 512 entries (the VMID is pointed at it by the first packet)
  4324    201.132 gfx: VMID 1 root 0x46DFDF000 flush -> 0
  4325    201.132 gfx: job frame C0004200 00000000  C0012800 81018003 00000000  C0009000 00000000  IB  C0009000 10000000  fence  C0008B00 00000000
  4326    201.132 wddm: fence 63 on the gfx ring: sequence 785, vmid 1, root 0x46DFDF000, va 0x20000, 32 bytes
  4327    201.132 wddm: hardware fence arrived, reporting fence 63
  4328    201.132 wddm: umd submit fence 63 ib 0x20000 32 bytes
  4329    201.140 amdgpu[2]: ring alloc of 96 dwords exceeds max_dw 0

  4330    201.140 wddm: capture reserved token 0x80000003 bytes 65536 pages 16 identities 32 linear 0
  4331    201.140 gfx: paging submit, 439 dwords from private buffer at 0x8B8, seq 786
  4332    201.140 gfx: paging submit, 996 dwords from private buffer at 0x0, seq 787
  4333    201.140 wddm: umd alloc 65536 bytes heap 0x4 align 4096 va 0x0 gem 0x0 cached 0
  4334    201.140 gfx: paging submit, 16 dwords from private buffer at 0xF90, seq 788
  4335    201.140 gfx: paging submit, 122 dwords from private buffer at 0x0, seq 789
  4336    201.140 gfx: paging submit, 59 dwords from private buffer at 0x0, seq 790
  4337    201.140 gfx: paging submit, 61 dwords from private buffer at 0xEC, seq 791
  4338    201.144 gfx: paging submit, 141 dwords from private buffer at 0x1E0, seq 792
  4339    201.144 gfx: paging submit, 61 dwords from private buffer at 0x414, seq 793
  4340    201.148 gfx: paging submit, 122 dwords from private buffer at 0x508, seq 794
  4341    201.150 amdgpu[2]: ring alloc of 96 dwords exceeds max_dw 0

  4342    201.150 wddm: capture reserved token 0x80000004 bytes 65536 pages 16 identities 32 linear 0
  4343    201.150 gfx: paging submit, 522 dwords from private buffer at 0x6F0, seq 795
  4344    201.150 gfx: paging submit, 913 dwords from private buffer at 0x0, seq 796
  4345    201.150 gfx: paging submit, 61 dwords from private buffer at 0xE44, seq 797
  4346    201.156 gfx: VMID 1 root 0x46DFDF000 flush -> 0
  4347    201.156 gfx: job frame C0004200 00000000  C0012800 81018003 00000000  C0009000 00000000  IB  C0009000 10000000  fence  C0008B00 00000000
  4348    201.156 wddm: fence 64 on the gfx ring: sequence 798, vmid 1, root 0x46DFDF000, va 0x20000, 32 bytes
  4349    201.156 wddm: hardware fence arrived, reporting fence 64
  4350    201.156 wddm: umd submit fence 64 ib 0x20000 32 bytes
  4351    201.164 gfx: paging submit, 32 dwords from private buffer at 0xF38, seq 799
  4352    201.164 gfx: paging submit, 122 dwords from private buffer at 0x0, seq 800
  4353    201.164 amdgpu[2]: ring alloc of 96 dwords exceeds max_dw 0

  4354    201.164 gfx: paging submit, 1002 dwords from private buffer at 0x0, seq 801
  4355    201.164 wddm: umd alloc 65536 bytes heap 0x4 align 4096 va 0x0 gem 0x0 cached 0
  4356    201.164 gfx: paging submit, 476 dwords from private buffer at 0x0, seq 802
  4357    201.164 gfx: paging submit, 183 dwords from private buffer at 0x770, seq 803
  4358    201.166 gfx: paging submit, 141 dwords from private buffer at 0xA4C, seq 804
  4359    201.168 gfx: paging submit, 61 dwords from private buffer at 0xC80, seq 805
  4360    201.172 gfx: paging submit, 122 dwords from private buffer at 0xD74, seq 806
  4361    201.174 gfx: paging submit, 32 dwords from private buffer at 0xF5C, seq 807
  4362    201.174 amdgpu[2]: ring alloc of 96 dwords exceeds max_dw 0

  4363    201.174 gfx: paging submit, 1002 dwords from private buffer at 0x0, seq 808
  4364    201.174 gfx: paging submit, 415 dwords from private buffer at 0x0, seq 809
  4365    201.174 gfx: paging submit, 61 dwords from private buffer at 0x67C, seq 810
  4366    201.180 gfx: VMID 1 root 0x46DFDF000 flush -> 0
  4367    201.180 gfx: job frame C0004200 00000000  C0012800 81018003 00000000  C0009000 00000000  IB  C0009000 10000000  fence  C0008B00 00000000
  4368    201.180 wddm: fence 65 on the gfx ring: sequence 811, vmid 1, root 0x46DFDF000, va 0x20000, 32 bytes
  4369    201.180 wddm: hardware fence arrived, reporting fence 65
  4370    201.180 wddm: umd submit fence 65 ib 0x20000 32 bytes
  4371    201.188 amdgpu[2]: ring alloc of 96 dwords exceeds max_dw 0

  4372    201.188 gfx: paging submit, 538 dwords from private buffer at 0x770, seq 812
  4373    201.188 gfx: paging submit, 120 dwords from private buffer at 0x0, seq 813
  4374    201.188 wddm: umd alloc 65536 bytes heap 0x4 align 4096 va 0x0 gem 0x0 cached 0
  4375    201.188 gfx: paging submit, 974 dwords from private buffer at 0x0, seq 814
  4376    201.188 gfx: paging submit, 32 dwords from private buffer at 0xF38, seq 815
  4377    201.188 gfx: paging submit, 122 dwords from private buffer at 0x0, seq 816
  4378    201.188 gfx: paging submit, 43 dwords from private buffer at 0x0, seq 817
  4379    201.190 gfx: paging submit, 141 dwords from private buffer at 0xAC, seq 818
  4380    201.190 gfx: paging submit, 61 dwords from private buffer at 0x2E0, seq 819
  4381    201.196 gfx: paging submit, 122 dwords from private buffer at 0x3D4, seq 820
  4382    201.198 amdgpu[2]: ring alloc of 96 dwords exceeds max_dw 0

  4383    201.198 gfx: paging submit, 605 dwords from private buffer at 0x5BC, seq 821
  4384    201.198 gfx: paging submit, 830 dwords from private buffer at 0x0, seq 822
  4385    201.198 gfx: paging submit, 61 dwords from private buffer at 0xCF8, seq 823
  4386    201.204 gfx: VMID 1 root 0x46DFDF000 flush -> 0
  4387    201.204 gfx: job frame C0004200 00000000  C0012800 81018003 00000000  C0009000 00000000  IB  C0009000 10000000  fence  C0008B00 00000000
  4388    201.204 wddm: fence 66 on the gfx ring: sequence 824, vmid 1, root 0x46DFDF000, va 0x20000, 32 bytes
  4389    201.204 wddm: hardware fence arrived, reporting fence 66
  4390    201.204 wddm: umd submit fence 66 ib 0x20000 32 bytes
  4391    201.210 gfx: paging submit, 122 dwords from private buffer at 0xDEC, seq 825
  4392    201.210 gfx: paging submit, 61 dwords from private buffer at 0x0, seq 826
  4393    201.212 gfx: paging submit, 31 dwords from private buffer at 0xF4, seq 827
  4394    201.214 wddm: DestroyContext
  4395    201.214 gfx: paging submit, 61 dwords from private buffer at 0x170, seq 828
  4396    201.216 gfx: paging submit, 16 dwords from private buffer at 0x264, seq 829
  4397    201.216 gfx: paging submit, 16 dwords from private buffer at 0x2A4, seq 830
  4398    201.216 gfx: paging submit, 16 dwords from private buffer at 0x2E4, seq 831
  4399    201.216 wddm: BuildPagingBuffer operation 2 segment 0, 64732 bytes free, pass offset 0
  4400    201.218 wddm: DestroyDevice
  4401    201.218 wddm: DestroyProcess
  4402    202.967 wddm summary: ---- DDI calls: name, count, first log line ----
  4403    202.967 wddm summary: QueryAdapterInfo                   12  first at 234
  4404    202.967 wddm summary: GetNodeMetadata                     2  first at 242
  4405    202.967 wddm summary: CreateDevice                       14  first at 249
  4406    202.967 wddm summary: DestroyDevice                       7  first at 734
  4407    202.967 wddm summary: CreateContext                      12  first at 252
  4408    202.967 wddm summary: DestroyContext                      7  first at 733
  4409    202.967 wddm summary: CreateProcess                       9  first at 248
  4410    202.967 wddm summary: DestroyProcess                      5  first at 1543
  4411    202.967 wddm summary: SetRootPageTable                    4  first at 274
  4412    202.967 wddm summary: CreateAllocation                   19  first at 311
  4413    202.967 wddm summary: DestroyAllocation                  15  first at 974
  4414    202.967 wddm summary: DescribeAllocation                464  first at 366
  4415    202.967 wddm summary: GetStandardAllocationDriverData      6  first at 309
  4416    202.967 wddm summary: OpenAllocation                     22  first at 313
  4417    202.967 wddm summary: CloseAllocation                    15  first at 973
  4418    202.967 wddm summary: BuildPagingBuffer                2189  first at 254
  4419    202.967 wddm summary: SubmitCommandVirtual              893  first at 294
  4420    202.967 wddm summary: Present                           461  first at 714
  4421    202.967 wddm summary: SetVidPnSourceAddress             402  first at 419
  4422    202.967 wddm summary: ControlInterrupt                    3  first at 729
  4423    202.967 wddm summary: ---- QueryAdapterInfo types: type, count, first log line ----
  4424    202.967 wddm summary: adapter info type   1       1  first at 234
  4425    202.967 wddm summary: adapter info type  15       1  first at 235
  4426    202.967 wddm summary: adapter info type  47       1  first at 236
  4427    202.967 wddm summary: adapter info type  13       1  first at 237
  4428    202.967 wddm summary: adapter info type  14       4  first at 238
  4429    202.967 wddm summary: adapter info type  11       2  first at 245
  4430    202.967 wddm summary: adapter info type  10       1  first at 247
  4431    202.967 wddm summary: adapter info type  16       1  first at 247
  4432    202.967 wddm summary: capture plans reserved 8 heap 0
  4433    202.967 wddm summary: capture context peaks plans 1 reserved-bytes 189304
  4434    202.967 wddm summary: ---- BuildPagingBuffer operations: operation, count, first log line ----
  4435    202.967 wddm summary: paging operation  11    1568  first at 254
  4436    202.967 wddm summary: paging operation  12     123  first at 302
  4437    202.967 wddm summary: paging operation   9     107  first at 321
  4438    202.967 wddm summary: paging operation   2       2  first at 968
  4439    202.967 wddm summary: paging operation   8     389  first at 988
  4440    202.967 wddm summary: objects created/destroyed: dev 14/7 ctx 12/7 proc 9/5 alloc 19/15, 36 alive
  4441    202.967 wddm summary: allocations opened/closed: 22/15 calls
  4442    202.967 wddm summary: submissions 0 physical + 893 virtual, 0 preemptions, last completed fence 827
  4443    202.967 wddm summary: node 0 hardware: 4 submitted, 4 completed, 0 timeouts, 0 refused
  4444    202.967 wddm summary: umd: 6 allocs (0 refused), 1 contexts, 4 submits on the ring, 0 not run
  4445    202.967 wddm profile: umd calls 4, elapsed ticks 5265, QPC frequency 10000000
  4446    202.967 wddm profile: probe enabled 0, calls 0, elapsed ticks 0 (included in umd)
  4447    202.967 wddm summary: node 1 (paging, open): 827 hardware submitted, 827 completed, 0 timeouts, 0 refused
  4448    202.967 wddm summary: SubmitCommandVirtual by node: 0: 66, 1: 827, 0 private-buffer refusals
  4449    202.967 wddm summary: BuildPagingBuffer: 8 transfers, 107 fills, 95272960 bytes, 685 insufficient-buffer
  4450    202.967 wddm summary: aperture map batches 0, unmap batches 0
  4451    202.967 wddm summary: paging TLB invalidations 123, PTE update batches 524
  4452    202.967 wddm summary: paging unsupported (not ready/no root/no translation/system memory/not contiguous) 0/0/0/0/0
  4453    202.967 wddm summary: presents 461, flips 400 of 402 address calls (399 arrived above DISPATCH_LEVEL)
  4454    202.967 wddm summary: blit gate open, 62 blits, 0 skips, 62 sources translated contiguous
  4455    202.967 wddm summary: blit destination: 0 to the flipped surface, 0 to the POST framebuffer (0 a failed-mapping fallback), 28 scanout remaps (0 failed), last blit 480 
  4456    202.967 wddm summary: widest blit 747 rows
  4457    202.967 wddm summary: last blit reading 3, 640x480 pitch 2560, 1 rectangles, source physical 0x27232E000
  4458    202.967 wddm summary: vsync enabled, 0 ticks, 10930 reported to dxgkrnl
  4459    202.967 wddm summary: vidpn flip open: 400 hardware flips, 0 refused, 1 hardware vsyncs armed 12110 acked 0 refused 0 deferred (flip still pending)
  4460    202.967 wddm summary: no TDR (ResetEngine, ResetFromTimeout and RestartFromTimeout were never called)
  4461    202.967 wddm summary: CollectDbgInfo called 0 time(s) since the driver was loaded
  4462    202.967 vidmm summary: level 0: 1024 calls, 262656 entries, 512 valid
  4463    202.967 vidmm summary: level 1: 2 calls, 1024 entries, 512 valid
  4464    202.967 vidmm summary: level 2: 1 calls, 512 entries, 2 valid
  4465    202.967 vidmm summary: level 3: 1 calls, 512 entries, 1 valid
  4466    202.967 vidmm summary: system leaf encoding coherent 2 noncoherent 16952 snoop mismatches 0
  4467    202.967 vidmm summary: 1028 cpu-virtual calls, 0 gpu-physical calls
  4468    202.967 vidmm summary: 264704 entries written (EnableGpuVa open), 0 refused, 0 bad calls, 4 roots
  4469    203.710 wddm summary: ---- DDI calls: name, count, first log line ----
  4470    203.710 wddm summary: QueryAdapterInfo                   12  first at 234
  4471    203.710 wddm summary: GetNodeMetadata                     2  first at 242
  4472    203.710 wddm summary: CreateDevice                       14  first at 249
  4473    203.710 wddm summary: DestroyDevice                       7  first at 734
  4474    203.710 wddm summary: CreateContext                      12  first at 252
  4475    203.710 wddm summary: DestroyContext                      7  first at 733
  4476    203.710 wddm summary: CreateProcess                       9  first at 248
  4477    203.710 wddm summary: DestroyProcess                      5  first at 1543
  4478    203.710 wddm summary: SetRootPageTable                    4  first at 274
  4479    203.710 wddm summary: CreateAllocation                   19  first at 311
  4480    203.710 wddm summary: DestroyAllocation                  15  first at 974
  4481    203.710 wddm summary: DescribeAllocation                464  first at 366
  4482    203.710 wddm summary: GetStandardAllocationDriverData      6  first at 309
  4483    203.710 wddm summary: OpenAllocation                     22  first at 313
  4484    203.710 wddm summary: CloseAllocation                    15  first at 973
  4485    203.710 wddm summary: BuildPagingBuffer                2189  first at 254
  4486    203.710 wddm summary: SubmitCommandVirtual              893  first at 294
  4487    203.710 wddm summary: Present                           461  first at 714
  4488    203.710 wddm summary: SetVidPnSourceAddress             402  first at 419
  4489    203.710 wddm summary: ControlInterrupt                    3  first at 729
  4490    203.710 wddm summary: ---- QueryAdapterInfo types: type, count, first log line ----
  4491    203.710 wddm summary: adapter info type   1       1  first at 234
  4492    203.710 wddm summary: adapter info type  15       1  first at 235
  4493    203.710 wddm summary: adapter info type  47       1  first at 236
  4494    203.710 wddm summary: adapter info type  13       1  first at 237
  4495    203.710 wddm summary: adapter info type  14       4  first at 238
  4496    203.710 wddm summary: adapter info type  11       2  first at 245
  4497    203.710 wddm summary: adapter info type  10       1  first at 247
  4498    203.710 wddm summary: adapter info type  16       1  first at 247
  4499    203.710 wddm summary: capture plans reserved 8 heap 0
  4500    203.710 wddm summary: capture context peaks plans 1 reserved-bytes 189304
  4501    203.710 wddm summary: ---- BuildPagingBuffer operations: operation, count, first log line ----
  4502    203.710 wddm summary: paging operation  11    1568  first at 254
  4503    203.710 wddm summary: paging operation  12     123  first at 302
  4504    203.710 wddm summary: paging operation   9     107  first at 321
  4505    203.710 wddm summary: paging operation   2       2  first at 968
  4506    203.710 wddm summary: paging operation   8     389  first at 988
  4507    203.710 wddm summary: objects created/destroyed: dev 14/7 ctx 12/7 proc 9/5 alloc 19/15, 36 alive
  4508    203.710 wddm summary: allocations opened/closed: 22/15 calls
  4509    203.710 wddm summary: submissions 0 physical + 893 virtual, 0 preemptions, last completed fence 827
  4510    203.710 wddm summary: node 0 hardware: 4 submitted, 4 completed, 0 timeouts, 0 refused
  4511    203.710 wddm summary: umd: 6 allocs (0 refused), 1 contexts, 4 submits on the ring, 0 not run
  4512    203.710 wddm profile: umd calls 4, elapsed ticks 5265, QPC frequency 10000000
  4513    203.710 wddm profile: probe enabled 0, calls 0, elapsed ticks 0 (included in umd)
  4514    203.710 wddm summary: node 1 (paging, open): 827 hardware submitted, 827 completed, 0 timeouts, 0 refused
  4515    203.710 wddm summary: SubmitCommandVirtual by node: 0: 66, 1: 827, 0 private-buffer refusals
  4516    203.710 wddm summary: BuildPagingBuffer: 8 transfers, 107 fills, 95272960 bytes, 685 insufficient-buffer
  4517    203.710 wddm summary: aperture map batches 0, unmap batches 0
  4518    203.710 wddm summary: paging TLB invalidations 123, PTE update batches 524
  4519    203.710 wddm summary: paging unsupported (not ready/no root/no translation/system memory/not contiguous) 0/0/0/0/0
  4520    203.710 wddm summary: presents 461, flips 400 of 402 address calls (399 arrived above DISPATCH_LEVEL)
  4521    203.710 wddm summary: blit gate open, 62 blits, 0 skips, 62 sources translated contiguous
  4522    203.710 wddm summary: blit destination: 0 to the flipped surface, 0 to the POST framebuffer (0 a failed-mapping fallback), 28 scanout remaps (0 failed), last blit 480 
  4523    203.710 wddm summary: widest blit 747 rows
  4524    203.710 wddm summary: last blit reading 3, 640x480 pitch 2560, 1 rectangles, source physical 0x27232E000
  4525    203.710 wddm summary: vsync enabled, 0 ticks, 10974 reported to dxgkrnl
  4526    203.710 wddm summary: vidpn flip open: 400 hardware flips, 0 refused, 1 hardware vsyncs armed 12154 acked 0 refused 0 deferred (flip still pending)
  4527    203.710 wddm summary: no TDR (ResetEngine, ResetFromTimeout and RestartFromTimeout were never called)
  4528    203.710 wddm summary: CollectDbgInfo called 0 time(s) since the driver was loaded
  4529    203.710 vidmm summary: level 0: 1024 calls, 262656 entries, 512 valid
  4530    203.710 vidmm summary: level 1: 2 calls, 1024 entries, 512 valid
  4531    203.710 vidmm summary: level 2: 1 calls, 512 entries, 2 valid
  4532    203.710 vidmm summary: level 3: 1 calls, 512 entries, 1 valid
  4533    203.710 vidmm summary: system leaf encoding coherent 2 noncoherent 16952 snoop mismatches 0
  4534    203.710 vidmm summary: 1028 cpu-virtual calls, 0 gpu-physical calls
  4535    203.710 vidmm summary: 264704 entries written (EnableGpuVa open), 0 refused, 0 bad calls, 4 roots
  4536    208.827 wddm summary: ---- DDI calls: name, count, first log line ----
  4537    208.827 wddm summary: QueryAdapterInfo                   12  first at 234
  4538    208.827 wddm summary: GetNodeMetadata                     2  first at 242
  4539    208.827 wddm summary: CreateDevice                       14  first at 249
  4540    208.827 wddm summary: DestroyDevice                       7  first at 734
  4541    208.827 wddm summary: CreateContext                      12  first at 252
  4542    208.827 wddm summary: DestroyContext                      7  first at 733
  4543    208.827 wddm summary: CreateProcess                       9  first at 248
  4544    208.827 wddm summary: DestroyProcess                      5  first at 1543
  4545    208.827 wddm summary: SetRootPageTable                    4  first at 274
  4546    208.827 wddm summary: CreateAllocation                   19  first at 311
  4547    208.827 wddm summary: DestroyAllocation                  15  first at 974
  4548    208.827 wddm summary: DescribeAllocation                471  first at 366
  4549    208.827 wddm summary: GetStandardAllocationDriverData      6  first at 309
  4550    208.827 wddm summary: OpenAllocation                     22  first at 313
  4551    208.827 wddm summary: CloseAllocation                    15  first at 973
  4552    208.827 wddm summary: BuildPagingBuffer                2189  first at 254
  4553    208.827 wddm summary: SubmitCommandVirtual              893  first at 294
  4554    208.827 wddm summary: Present                           468  first at 714
  4555    208.827 wddm summary: SetVidPnSourceAddress             409  first at 419
  4556    208.829 wddm summary: ControlInterrupt                    3  first at 729
  4557    208.829 wddm summary: ---- QueryAdapterInfo types: type, count, first log line ----
  4558    208.829 wddm summary: adapter info type   1       1  first at 234
  4559    208.829 wddm summary: adapter info type  15       1  first at 235
  4560    208.829 wddm summary: adapter info type  47       1  first at 236
  4561    208.829 wddm summary: adapter info type  13       1  first at 237
  4562    208.829 wddm summary: adapter info type  14       4  first at 238
  4563    208.829 wddm summary: adapter info type  11       2  first at 245
  4564    208.829 wddm summary: adapter info type  10       1  first at 247
  4565    208.829 wddm summary: adapter info type  16       1  first at 247
  4566    208.829 wddm summary: capture plans reserved 8 heap 0
  4567    208.829 wddm summary: capture context peaks plans 1 reserved-bytes 189304
  4568    208.829 wddm summary: ---- BuildPagingBuffer operations: operation, count, first log line ----
  4569    208.829 wddm summary: paging operation  11    1568  first at 254
  4570    208.829 wddm summary: paging operation  12     123  first at 302
  4571    208.829 wddm summary: paging operation   9     107  first at 321
  4572    208.829 wddm summary: paging operation   2       2  first at 968
  4573    208.829 wddm summary: paging operation   8     389  first at 988
  4574    208.829 wddm summary: objects created/destroyed: dev 14/7 ctx 12/7 proc 9/5 alloc 19/15, 36 alive
  4575    208.829 wddm summary: allocations opened/closed: 22/15 calls
  4576    208.829 wddm summary: submissions 0 physical + 893 virtual, 0 preemptions, last completed fence 827
  4577    208.829 wddm summary: node 0 hardware: 4 submitted, 4 completed, 0 timeouts, 0 refused
  4578    208.829 wddm summary: umd: 6 allocs (0 refused), 1 contexts, 4 submits on the ring, 0 not run
  4579    208.829 wddm profile: umd calls 4, elapsed ticks 5265, QPC frequency 10000000
  4580    208.829 wddm profile: probe enabled 0, calls 0, elapsed ticks 0 (included in umd)
  4581    208.829 wddm summary: node 1 (paging, open): 827 hardware submitted, 827 completed, 0 timeouts, 0 refused
  4582    208.829 wddm summary: SubmitCommandVirtual by node: 0: 66, 1: 827, 0 private-buffer refusals
  4583    208.829 wddm summary: BuildPagingBuffer: 8 transfers, 107 fills, 95272960 bytes, 685 insufficient-buffer
  4584    208.829 wddm summary: aperture map batches 0, unmap batches 0
  4585    208.829 wddm summary: paging TLB invalidations 123, PTE update batches 524
  4586    208.829 wddm summary: paging unsupported (not ready/no root/no translation/system memory/not contiguous) 0/0/0/0/0
  4587    208.829 wddm summary: presents 468, flips 407 of 409 address calls (406 arrived above DISPATCH_LEVEL)
  4588    208.829 wddm summary: blit gate open, 62 blits, 0 skips, 62 sources translated contiguous
  4589    208.829 wddm summary: blit destination: 0 to the flipped surface, 0 to the POST framebuffer (0 a failed-mapping fallback), 28 scanout remaps (0 failed), last blit 480 
  4590    208.829 wddm summary: widest blit 747 rows
  4591    208.829 wddm summary: last blit reading 3, 640x480 pitch 2560, 1 rectangles, source physical 0x27232E000
  4592    208.829 wddm summary: vsync enabled, 0 ticks, 11281 reported to dxgkrnl
  4593    208.829 wddm summary: vidpn flip open: 407 hardware flips, 0 refused, 1 hardware vsyncs armed 12461 acked 0 refused 0 deferred (flip still pending)
  4594    208.829 wddm summary: no TDR (ResetEngine, ResetFromTimeout and RestartFromTimeout were never called)
  4595    208.829 wddm summary: CollectDbgInfo called 0 time(s) since the driver was loaded
  4596    208.829 vidmm summary: level 0: 1024 calls, 262656 entries, 512 valid
  4597    208.829 vidmm summary: level 1: 2 calls, 1024 entries, 512 valid
  4598    208.829 vidmm summary: level 2: 1 calls, 512 entries, 2 valid
  4599    208.829 vidmm summary: level 3: 1 calls, 512 entries, 1 valid
  4600    208.829 vidmm summary: system leaf encoding coherent 2 noncoherent 16952 snoop mismatches 0
  4601    208.829 vidmm summary: 1028 cpu-virtual calls, 0 gpu-physical calls
  4602    208.829 vidmm summary: 264704 entries written (EnableGpuVa open), 0 refused, 0 bad calls, 4 roots
  4603    213.942 wddm summary: ---- DDI calls: name, count, first log line ----
  4604    213.942 wddm summary: QueryAdapterInfo                   12  first at 234
  4605    213.942 wddm summary: GetNodeMetadata                     2  first at 242
  4606    213.942 wddm summary: CreateDevice                       14  first at 249
  4607    213.942 wddm summary: DestroyDevice                       7  first at 734
  4608    213.942 wddm summary: CreateContext                      12  first at 252
  4609    213.942 wddm summary: DestroyContext                      7  first at 733
  4610    213.942 wddm summary: CreateProcess                       9  first at 248
  4611    213.942 wddm summary: DestroyProcess                      5  first at 1543
  4612    213.942 wddm summary: SetRootPageTable                    4  first at 274
  4613    213.942 wddm summary: CreateAllocation                   19  first at 311
  4614    213.942 wddm summary: DestroyAllocation                  15  first at 974
  4615    213.942 wddm summary: DescribeAllocation                478  first at 366
  4616    213.942 wddm summary: GetStandardAllocationDriverData      6  first at 309
  4617    213.942 wddm summary: OpenAllocation                     22  first at 313
  4618    213.942 wddm summary: CloseAllocation                    15  first at 973
  4619    213.942 wddm summary: BuildPagingBuffer                2189  first at 254
  4620    213.942 wddm summary: SubmitCommandVirtual              893  first at 294
  4621    213.942 wddm summary: Present                           475  first at 714
  4622    213.942 wddm summary: SetVidPnSourceAddress             416  first at 419
  4623    213.942 wddm summary: ControlInterrupt                    3  first at 729
  4624    213.942 wddm summary: ---- QueryAdapterInfo types: type, count, first log line ----
  4625    213.942 wddm summary: adapter info type   1       1  first at 234
  4626    213.942 wddm summary: adapter info type  15       1  first at 235
  4627    213.942 wddm summary: adapter info type  47       1  first at 236
  4628    213.942 wddm summary: adapter info type  13       1  first at 237
  4629    213.942 wddm summary: adapter info type  14       4  first at 238
  4630    213.942 wddm summary: adapter info type  11       2  first at 245
  4631    213.942 wddm summary: adapter info type  10       1  first at 247
  4632    213.942 wddm summary: adapter info type  16       1  first at 247
  4633    213.942 wddm summary: capture plans reserved 8 heap 0
  4634    213.942 wddm summary: capture context peaks plans 1 reserved-bytes 189304
  4635    213.942 wddm summary: ---- BuildPagingBuffer operations: operation, count, first log line ----
  4636    213.942 wddm summary: paging operation  11    1568  first at 254
  4637    213.942 wddm summary: paging operation  12     123  first at 302
  4638    213.942 wddm summary: paging operation   9     107  first at 321
  4639    213.942 wddm summary: paging operation   2       2  first at 968
  4640    213.942 wddm summary: paging operation   8     389  first at 988
  4641    213.942 wddm summary: objects created/destroyed: dev 14/7 ctx 12/7 proc 9/5 alloc 19/15, 36 alive
  4642    213.942 wddm summary: allocations opened/closed: 22/15 calls
  4643    213.942 wddm summary: submissions 0 physical + 893 virtual, 0 preemptions, last completed fence 827
  4644    213.942 wddm summary: node 0 hardware: 4 submitted, 4 completed, 0 timeouts, 0 refused
  4645    213.942 wddm summary: umd: 6 allocs (0 refused), 1 contexts, 4 submits on the ring, 0 not run
  4646    213.942 wddm profile: umd calls 4, elapsed ticks 5265, QPC frequency 10000000
  4647    213.942 wddm profile: probe enabled 0, calls 0, elapsed ticks 0 (included in umd)
  4648    213.942 wddm summary: node 1 (paging, open): 827 hardware submitted, 827 completed, 0 timeouts, 0 refused
  4649    213.942 wddm summary: SubmitCommandVirtual by node: 0: 66, 1: 827, 0 private-buffer refusals
  4650    213.942 wddm summary: BuildPagingBuffer: 8 transfers, 107 fills, 95272960 bytes, 685 insufficient-buffer
  4651    213.942 wddm summary: aperture map batches 0, unmap batches 0
  4652    213.942 wddm summary: paging TLB invalidations 123, PTE update batches 524
  4653    213.942 wddm summary: paging unsupported (not ready/no root/no translation/system memory/not contiguous) 0/0/0/0/0
  4654    213.942 wddm summary: presents 475, flips 414 of 416 address calls (413 arrived above DISPATCH_LEVEL)
  4655    213.942 wddm summary: blit gate open, 62 blits, 0 skips, 62 sources translated contiguous
  4656    213.942 wddm summary: blit destination: 0 to the flipped surface, 0 to the POST framebuffer (0 a failed-mapping fallback), 28 scanout remaps (0 failed), last blit 480 
  4657    213.942 wddm summary: widest blit 747 rows
  4658    213.942 wddm summary: last blit reading 3, 640x480 pitch 2560, 1 rectangles, source physical 0x27232E000
  4659    213.942 wddm summary: vsync enabled, 0 ticks, 11588 reported to dxgkrnl
  4660    213.942 wddm summary: vidpn flip open: 414 hardware flips, 0 refused, 1 hardware vsyncs armed 12768 acked 0 refused 0 deferred (flip still pending)
  4661    213.942 wddm summary: no TDR (ResetEngine, ResetFromTimeout and RestartFromTimeout were never called)
  4662    213.942 wddm summary: CollectDbgInfo called 0 time(s) since the driver was loaded
  4663    213.942 vidmm summary: level 0: 1024 calls, 262656 entries, 512 valid
  4664    213.942 vidmm summary: level 1: 2 calls, 1024 entries, 512 valid
  4665    213.942 vidmm summary: level 2: 1 calls, 512 entries, 2 valid
  4666    213.942 vidmm summary: level 3: 1 calls, 512 entries, 1 valid
  4667    213.942 vidmm summary: system leaf encoding coherent 2 noncoherent 16952 snoop mismatches 0
  4668    213.942 vidmm summary: 1028 cpu-virtual calls, 0 gpu-physical calls
  4669    213.942 vidmm summary: 264704 entries written (EnableGpuVa open), 0 refused, 0 bad calls, 4 roots
  4670    219.058 wddm summary: ---- DDI calls: name, count, first log line ----
  4671    219.058 wddm summary: QueryAdapterInfo                   12  first at 234
  4672    219.058 wddm summary: GetNodeMetadata                     2  first at 242
  4673    219.058 wddm summary: CreateDevice                       14  first at 249
  4674    219.058 wddm summary: DestroyDevice                       7  first at 734
  4675    219.058 wddm summary: CreateContext                      12  first at 252
  4676    219.058 wddm summary: DestroyContext                      7  first at 733
  4677    219.058 wddm summary: CreateProcess                       9  first at 248
  4678    219.058 wddm summary: DestroyProcess                      5  first at 1543
  4679    219.058 wddm summary: SetRootPageTable                    4  first at 274
  4680    219.058 wddm summary: CreateAllocation                   19  first at 311
  4681    219.058 wddm summary: DestroyAllocation                  15  first at 974
  4682    219.058 wddm summary: DescribeAllocation                487  first at 366
  4683    219.058 wddm summary: GetStandardAllocationDriverData      6  first at 309
  4684    219.058 wddm summary: OpenAllocation                     22  first at 313
  4685    219.058 wddm summary: CloseAllocation                    15  first at 973
  4686    219.058 wddm summary: BuildPagingBuffer                2189  first at 254
  4687    219.058 wddm summary: SubmitCommandVirtual              893  first at 294
  4688    219.058 wddm summary: Present                           484  first at 714
  4689    219.058 wddm summary: SetVidPnSourceAddress             425  first at 419
  4690    219.058 wddm summary: ControlInterrupt                    3  first at 729
  4691    219.058 wddm summary: ---- QueryAdapterInfo types: type, count, first log line ----
  4692    219.058 wddm summary: adapter info type   1       1  first at 234
  4693    219.058 wddm summary: adapter info type  15       1  first at 235
  4694    219.058 wddm summary: adapter info type  47       1  first at 236
  4695    219.058 wddm summary: adapter info type  13       1  first at 237
  4696    219.058 wddm summary: adapter info type  14       4  first at 238
  4697    219.058 wddm summary: adapter info type  11       2  first at 245
  4698    219.058 wddm summary: adapter info type  10       1  first at 247
  4699    219.058 wddm summary: adapter info type  16       1  first at 247
  4700    219.058 wddm summary: capture plans reserved 8 heap 0
  4701    219.058 wddm summary: capture context peaks plans 1 reserved-bytes 189304
  4702    219.058 wddm summary: ---- BuildPagingBuffer operations: operation, count, first log line ----
  4703    219.058 wddm summary: paging operation  11    1568  first at 254
  4704    219.058 wddm summary: paging operation  12     123  first at 302
  4705    219.058 wddm summary: paging operation   9     107  first at 321
  4706    219.058 wddm summary: paging operation   2       2  first at 968
  4707    219.058 wddm summary: paging operation   8     389  first at 988
  4708    219.058 wddm summary: objects created/destroyed: dev 14/7 ctx 12/7 proc 9/5 alloc 19/15, 36 alive
  4709    219.058 wddm summary: allocations opened/closed: 22/15 calls
  4710    219.058 wddm summary: submissions 0 physical + 893 virtual, 0 preemptions, last completed fence 827
  4711    219.058 wddm summary: node 0 hardware: 4 submitted, 4 completed, 0 timeouts, 0 refused
  4712    219.058 wddm summary: umd: 6 allocs (0 refused), 1 contexts, 4 submits on the ring, 0 not run
  4713    219.058 wddm profile: umd calls 4, elapsed ticks 5265, QPC frequency 10000000
  4714    219.058 wddm profile: probe enabled 0, calls 0, elapsed ticks 0 (included in umd)
  4715    219.058 wddm summary: node 1 (paging, open): 827 hardware submitted, 827 completed, 0 timeouts, 0 refused
  4716    219.058 wddm summary: SubmitCommandVirtual by node: 0: 66, 1: 827, 0 private-buffer refusals
  4717    219.058 wddm summary: BuildPagingBuffer: 8 transfers, 107 fills, 95272960 bytes, 685 insufficient-buffer
  4718    219.058 wddm summary: aperture map batches 0, unmap batches 0
  4719    219.058 wddm summary: paging TLB invalidations 123, PTE update batches 524
  4720    219.058 wddm summary: paging unsupported (not ready/no root/no translation/system memory/not contiguous) 0/0/0/0/0
  4721    219.058 wddm summary: presents 484, flips 423 of 425 address calls (422 arrived above DISPATCH_LEVEL)
  4722    219.058 wddm summary: blit gate open, 62 blits, 0 skips, 62 sources translated contiguous
  4723    219.058 wddm summary: blit destination: 0 to the flipped surface, 0 to the POST framebuffer (0 a failed-mapping fallback), 28 scanout remaps (0 failed), last blit 480 
  4724    219.058 wddm summary: widest blit 747 rows
  4725    219.058 wddm summary: last blit reading 3, 640x480 pitch 2560, 1 rectangles, source physical 0x27232E000
  4726    219.058 wddm summary: vsync enabled, 0 ticks, 11894 reported to dxgkrnl
  4727    219.058 wddm summary: vidpn flip open: 423 hardware flips, 0 refused, 1 hardware vsyncs armed 13074 acked 0 refused 0 deferred (flip still pending)
  4728    219.058 wddm summary: no TDR (ResetEngine, ResetFromTimeout and RestartFromTimeout were never called)
  4729    219.058 wddm summary: CollectDbgInfo called 0 time(s) since the driver was loaded
  4730    219.058 vidmm summary: level 0: 1024 calls, 262656 entries, 512 valid
  4731    219.058 vidmm summary: level 1: 2 calls, 1024 entries, 512 valid
  4732    219.058 vidmm summary: level 2: 1 calls, 512 entries, 2 valid
  4733    219.058 vidmm summary: level 3: 1 calls, 512 entries, 1 valid
  4734    219.058 vidmm summary: system leaf encoding coherent 2 noncoherent 16952 snoop mismatches 0
  4735    219.058 vidmm summary: 1028 cpu-virtual calls, 0 gpu-physical calls
  4736    219.058 vidmm summary: 264704 entries written (EnableGpuVa open), 0 refused, 0 bad calls, 4 roots
  4737    224.179 wddm summary: ---- DDI calls: name, count, first log line ----
  4738    224.179 wddm summary: QueryAdapterInfo                   12  first at 234
  4739    224.179 wddm summary: GetNodeMetadata                     2  first at 242
  4740    224.179 wddm summary: CreateDevice                       14  first at 249
  4741    224.179 wddm summary: DestroyDevice                       7  first at 734
  4742    224.179 wddm summary: CreateContext                      12  first at 252
  4743    224.179 wddm summary: DestroyContext                      7  first at 733
  4744    224.179 wddm summary: CreateProcess                       9  first at 248
  4745    224.179 wddm summary: DestroyProcess                      5  first at 1543
  4746    224.179 wddm summary: SetRootPageTable                    4  first at 274
  4747    224.179 wddm summary: CreateAllocation                   19  first at 311
  4748    224.179 wddm summary: DestroyAllocation                  15  first at 974
  4749    224.179 wddm summary: DescribeAllocation                493  first at 366
  4750    224.179 wddm summary: GetStandardAllocationDriverData      6  first at 309
  4751    224.179 wddm summary: OpenAllocation                     22  first at 313
  4752    224.179 wddm summary: CloseAllocation                    15  first at 973
  4753    224.179 wddm summary: BuildPagingBuffer                2189  first at 254
  4754    224.179 wddm summary: SubmitCommandVirtual              893  first at 294
  4755    224.179 wddm summary: Present                           490  first at 714
  4756    224.179 wddm summary: SetVidPnSourceAddress             431  first at 419
  4757    224.179 wddm summary: ControlInterrupt                    3  first at 729
  4758    224.179 wddm summary: ---- QueryAdapterInfo types: type, count, first log line ----
  4759    224.179 wddm summary: adapter info type   1       1  first at 234
  4760    224.179 wddm summary: adapter info type  15       1  first at 235
  4761    224.179 wddm summary: adapter info type  47       1  first at 236
  4762    224.179 wddm summary: adapter info type  13       1  first at 237
  4763    224.179 wddm summary: adapter info type  14       4  first at 238
  4764    224.179 wddm summary: adapter info type  11       2  first at 245
  4765    224.179 wddm summary: adapter info type  10       1  first at 247
  4766    224.179 wddm summary: adapter info type  16       1  first at 247
  4767    224.179 wddm summary: capture plans reserved 8 heap 0
  4768    224.179 wddm summary: capture context peaks plans 1 reserved-bytes 189304
  4769    224.179 wddm summary: ---- BuildPagingBuffer operations: operation, count, first log line ----
  4770    224.179 wddm summary: paging operation  11    1568  first at 254
  4771    224.179 wddm summary: paging operation  12     123  first at 302
  4772    224.179 wddm summary: paging operation   9     107  first at 321
  4773    224.179 wddm summary: paging operation   2       2  first at 968
  4774    224.179 wddm summary: paging operation   8     389  first at 988
  4775    224.179 wddm summary: objects created/destroyed: dev 14/7 ctx 12/7 proc 9/5 alloc 19/15, 36 alive
  4776    224.179 wddm summary: allocations opened/closed: 22/15 calls
  4777    224.179 wddm summary: submissions 0 physical + 893 virtual, 0 preemptions, last completed fence 827
  4778    224.179 wddm summary: node 0 hardware: 4 submitted, 4 completed, 0 timeouts, 0 refused
  4779    224.179 wddm summary: umd: 6 allocs (0 refused), 1 contexts, 4 submits on the ring, 0 not run
  4780    224.179 wddm profile: umd calls 4, elapsed ticks 5265, QPC frequency 10000000
  4781    224.179 wddm profile: probe enabled 0, calls 0, elapsed ticks 0 (included in umd)
  4782    224.179 wddm summary: node 1 (paging, open): 827 hardware submitted, 827 completed, 0 timeouts, 0 refused
  4783    224.179 wddm summary: SubmitCommandVirtual by node: 0: 66, 1: 827, 0 private-buffer refusals
  4784    224.179 wddm summary: BuildPagingBuffer: 8 transfers, 107 fills, 95272960 bytes, 685 insufficient-buffer
  4785    224.179 wddm summary: aperture map batches 0, unmap batches 0
  4786    224.179 wddm summary: paging TLB invalidations 123, PTE update batches 524
  4787    224.179 wddm summary: paging unsupported (not ready/no root/no translation/system memory/not contiguous) 0/0/0/0/0
  4788    224.179 wddm summary: presents 490, flips 429 of 431 address calls (428 arrived above DISPATCH_LEVEL)
  4789    224.179 wddm summary: blit gate open, 62 blits, 0 skips, 62 sources translated contiguous
  4790    224.179 wddm summary: blit destination: 0 to the flipped surface, 0 to the POST framebuffer (0 a failed-mapping fallback), 28 scanout remaps (0 failed), last blit 480 
  4791    224.179 wddm summary: widest blit 747 rows
  4792    224.179 wddm summary: last blit reading 3, 640x480 pitch 2560, 1 rectangles, source physical 0x27232E000
  4793    224.179 wddm summary: vsync enabled, 0 ticks, 12201 reported to dxgkrnl
  4794    224.179 wddm summary: vidpn flip open: 429 hardware flips, 0 refused, 1 hardware vsyncs armed 13381 acked 0 refused 0 deferred (flip still pending)
  4795    224.179 wddm summary: no TDR (ResetEngine, ResetFromTimeout and RestartFromTimeout were never called)
  4796    224.179 wddm summary: CollectDbgInfo called 0 time(s) since the driver was loaded
  4797    224.179 vidmm summary: level 0: 1024 calls, 262656 entries, 512 valid
  4798    224.179 vidmm summary: level 1: 2 calls, 1024 entries, 512 valid
  4799    224.179 vidmm summary: level 2: 1 calls, 512 entries, 2 valid
  4800    224.179 vidmm summary: level 3: 1 calls, 512 entries, 1 valid
  4801    224.179 vidmm summary: system leaf encoding coherent 2 noncoherent 16952 snoop mismatches 0
  4802    224.179 vidmm summary: 1028 cpu-virtual calls, 0 gpu-physical calls
  4803    224.179 vidmm summary: 264704 entries written (EnableGpuVa open), 0 refused, 0 bad calls, 4 roots
  4804    229.296 wddm summary: ---- DDI calls: name, count, first log line ----
  4805    229.296 wddm summary: QueryAdapterInfo                   12  first at 234
  4806    229.296 wddm summary: GetNodeMetadata                     2  first at 242
  4807    229.296 wddm summary: CreateDevice                       14  first at 249
  4808    229.296 wddm summary: DestroyDevice                       7  first at 734
  4809    229.296 wddm summary: CreateContext                      12  first at 252
  4810    229.296 wddm summary: DestroyContext                      7  first at 733
  4811    229.296 wddm summary: CreateProcess                       9  first at 248
  4812    229.296 wddm summary: DestroyProcess                      5  first at 1543
  4813    229.296 wddm summary: SetRootPageTable                    4  first at 274
  4814    229.296 wddm summary: CreateAllocation                   19  first at 311
  4815    229.296 wddm summary: DestroyAllocation                  15  first at 974
  4816    229.296 wddm summary: DescribeAllocation                500  first at 366
  4817    229.296 wddm summary: GetStandardAllocationDriverData      6  first at 309
  4818    229.296 wddm summary: OpenAllocation                     22  first at 313
  4819    229.296 wddm summary: CloseAllocation                    15  first at 973
  4820    229.296 wddm summary: BuildPagingBuffer                2189  first at 254
  4821    229.296 wddm summary: SubmitCommandVirtual              893  first at 294
  4822    229.296 wddm summary: Present                           497  first at 714
  4823    229.296 wddm summary: SetVidPnSourceAddress             438  first at 419
  4824    229.296 wddm summary: ControlInterrupt                    3  first at 729
  4825    229.296 wddm summary: ---- QueryAdapterInfo types: type, count, first log line ----
  4826    229.296 wddm summary: adapter info type   1       1  first at 234
  4827    229.296 wddm summary: adapter info type  15       1  first at 235
  4828    229.296 wddm summary: adapter info type  47       1  first at 236
  4829    229.296 wddm summary: adapter info type  13       1  first at 237
  4830    229.296 wddm summary: adapter info type  14       4  first at 238
  4831    229.296 wddm summary: adapter info type  11       2  first at 245
  4832    229.296 wddm summary: adapter info type  10       1  first at 247
  4833    229.296 wddm summary: adapter info type  16       1  first at 247
  4834    229.296 wddm summary: capture plans reserved 8 heap 0
  4835    229.296 wddm summary: capture context peaks plans 1 reserved-bytes 189304
  4836    229.296 wddm summary: ---- BuildPagingBuffer operations: operation, count, first log line ----
  4837    229.296 wddm summary: paging operation  11    1568  first at 254
  4838    229.296 wddm summary: paging operation  12     123  first at 302
  4839    229.296 wddm summary: paging operation   9     107  first at 321
  4840    229.296 wddm summary: paging operation   2       2  first at 968
  4841    229.296 wddm summary: paging operation   8     389  first at 988
  4842    229.296 wddm summary: objects created/destroyed: dev 14/7 ctx 12/7 proc 9/5 alloc 19/15, 36 alive
  4843    229.296 wddm summary: allocations opened/closed: 22/15 calls
  4844    229.296 wddm summary: submissions 0 physical + 893 virtual, 0 preemptions, last completed fence 827
  4845    229.296 wddm summary: node 0 hardware: 4 submitted, 4 completed, 0 timeouts, 0 refused
  4846    229.296 wddm summary: umd: 6 allocs (0 refused), 1 contexts, 4 submits on the ring, 0 not run
  4847    229.296 wddm profile: umd calls 4, elapsed ticks 5265, QPC frequency 10000000
  4848    229.296 wddm profile: probe enabled 0, calls 0, elapsed ticks 0 (included in umd)
  4849    229.296 wddm summary: node 1 (paging, open): 827 hardware submitted, 827 completed, 0 timeouts, 0 refused
  4850    229.296 wddm summary: SubmitCommandVirtual by node: 0: 66, 1: 827, 0 private-buffer refusals
  4851    229.296 wddm summary: BuildPagingBuffer: 8 transfers, 107 fills, 95272960 bytes, 685 insufficient-buffer
  4852    229.296 wddm summary: aperture map batches 0, unmap batches 0
  4853    229.296 wddm summary: paging TLB invalidations 123, PTE update batches 524
  4854    229.296 wddm summary: paging unsupported (not ready/no root/no translation/system memory/not contiguous) 0/0/0/0/0
  4855    229.296 wddm summary: presents 497, flips 436 of 438 address calls (435 arrived above DISPATCH_LEVEL)
  4856    229.296 wddm summary: blit gate open, 62 blits, 0 skips, 62 sources translated contiguous
  4857    229.296 wddm summary: blit destination: 0 to the flipped surface, 0 to the POST framebuffer (0 a failed-mapping fallback), 28 scanout remaps (0 failed), last blit 480 
  4858    229.296 wddm summary: widest blit 747 rows
  4859    229.296 wddm summary: last blit reading 3, 640x480 pitch 2560, 1 rectangles, source physical 0x27232E000
  4860    229.296 wddm summary: vsync enabled, 0 ticks, 12508 reported to dxgkrnl
  4861    229.296 wddm summary: vidpn flip open: 436 hardware flips, 0 refused, 1 hardware vsyncs armed 13688 acked 0 refused 0 deferred (flip still pending)
  4862    229.296 wddm summary: no TDR (ResetEngine, ResetFromTimeout and RestartFromTimeout were never called)
  4863    229.296 wddm summary: CollectDbgInfo called 0 time(s) since the driver was loaded
  4864    229.296 vidmm summary: level 0: 1024 calls, 262656 entries, 512 valid
  4865    229.296 vidmm summary: level 1: 2 calls, 1024 entries, 512 valid
  4866    229.296 vidmm summary: level 2: 1 calls, 512 entries, 2 valid
  4867    229.296 vidmm summary: level 3: 1 calls, 512 entries, 1 valid
  4868    229.296 vidmm summary: system leaf encoding coherent 2 noncoherent 16952 snoop mismatches 0
  4869    229.296 vidmm summary: 1028 cpu-virtual calls, 0 gpu-physical calls
  4870    229.296 vidmm summary: 264704 entries written (EnableGpuVa open), 0 refused, 0 bad calls, 4 roots
  4871    229.572 dcn: 75 registers, status 0x00000000; hubp0 addr 0x2708D0000 pitch 1919 cntl 0x000F1002; otg0 control 0x80011311 h_total 2079 v_total 1234; vupdate int_en 1 ev
  4872    229.606 wddm summary: ---- DDI calls: name, count, first log line ----
  4873    229.606 wddm summary: QueryAdapterInfo                   12  first at 234
  4874    229.606 wddm summary: GetNodeMetadata                     2  first at 242
  4875    229.606 wddm summary: CreateDevice                       14  first at 249
  4876    229.606 wddm summary: DestroyDevice                       7  first at 734
  4877    229.606 wddm summary: CreateContext                      12  first at 252
  4878    229.606 wddm summary: DestroyContext                      7  first at 733
  4879    229.606 wddm summary: CreateProcess                       9  first at 248
  4880    229.606 wddm summary: DestroyProcess                      5  first at 1543
  4881    229.606 wddm summary: SetRootPageTable                    4  first at 274
  4882    229.606 wddm summary: CreateAllocation                   19  first at 311
  4883    229.606 wddm summary: DestroyAllocation                  15  first at 974
  4884    229.606 wddm summary: DescribeAllocation                500  first at 366
  4885    229.606 wddm summary: GetStandardAllocationDriverData      6  first at 309
  4886    229.606 wddm summary: OpenAllocation                     22  first at 313
  4887    229.606 wddm summary: CloseAllocation                    15  first at 973
  4888    229.606 wddm summary: BuildPagingBuffer                2189  first at 254
  4889    229.606 wddm summary: SubmitCommandVirtual              893  first at 294
  4890    229.606 wddm summary: Present                           497  first at 714
  4891    229.606 wddm summary: SetVidPnSourceAddress             438  first at 419
  4892    229.606 wddm summary: ControlInterrupt                    3  first at 729
  4893    229.606 wddm summary: ---- QueryAdapterInfo types: type, count, first log line ----
  4894    229.606 wddm summary: adapter info type   1       1  first at 234
  4895    229.606 wddm summary: adapter info type  15       1  first at 235
  4896    229.606 wddm summary: adapter info type  47       1  first at 236
  4897    229.606 wddm summary: adapter info type  13       1  first at 237
  4898    229.606 wddm summary: adapter info type  14       4  first at 238
  4899    229.606 wddm summary: adapter info type  11       2  first at 245
  4900    229.606 wddm summary: adapter info type  10       1  first at 247
  4901    229.606 wddm summary: adapter info type  16       1  first at 247
  4902    229.606 wddm summary: capture plans reserved 8 heap 0
  4903    229.606 wddm summary: capture context peaks plans 1 reserved-bytes 189304
  4904    229.606 wddm summary: ---- BuildPagingBuffer operations: operation, count, first log line ----
  4905    229.606 wddm summary: paging operation  11    1568  first at 254
  4906    229.606 wddm summary: paging operation  12     123  first at 302
  4907    229.606 wddm summary: paging operation   9     107  first at 321
  4908    229.606 wddm summary: paging operation   2       2  first at 968
  4909    229.606 wddm summary: paging operation   8     389  first at 988
  4910    229.606 wddm summary: objects created/destroyed: dev 14/7 ctx 12/7 proc 9/5 alloc 19/15, 36 alive
  4911    229.606 wddm summary: allocations opened/closed: 22/15 calls
  4912    229.606 wddm summary: submissions 0 physical + 893 virtual, 0 preemptions, last completed fence 827
  4913    229.606 wddm summary: node 0 hardware: 4 submitted, 4 completed, 0 timeouts, 0 refused
  4914    229.606 wddm summary: umd: 6 allocs (0 refused), 1 contexts, 4 submits on the ring, 0 not run
  4915    229.606 wddm profile: umd calls 4, elapsed ticks 5265, QPC frequency 10000000
  4916    229.608 wddm profile: probe enabled 0, calls 0, elapsed ticks 0 (included in umd)
  4917    229.608 wddm summary: node 1 (paging, open): 827 hardware submitted, 827 completed, 0 timeouts, 0 refused
  4918    229.608 wddm summary: SubmitCommandVirtual by node: 0: 66, 1: 827, 0 private-buffer refusals
  4919    229.608 wddm summary: BuildPagingBuffer: 8 transfers, 107 fills, 95272960 bytes, 685 insufficient-buffer
  4920    229.608 wddm summary: aperture map batches 0, unmap batches 0
  4921    229.608 wddm summary: paging TLB invalidations 123, PTE update batches 524
  4922    229.608 wddm summary: paging unsupported (not ready/no root/no translation/system memory/not contiguous) 0/0/0/0/0
  4923    229.608 wddm summary: presents 497, flips 436 of 438 address calls (435 arrived above DISPATCH_LEVEL)
  4924    229.608 wddm summary: blit gate open, 62 blits, 0 skips, 62 sources translated contiguous
  4925    229.608 wddm summary: blit destination: 0 to the flipped surface, 0 to the POST framebuffer (0 a failed-mapping fallback), 28 scanout remaps (0 failed), last blit 480 
  4926    229.608 wddm summary: widest blit 747 rows
  4927    229.608 wddm summary: last blit reading 3, 640x480 pitch 2560, 1 rectangles, source physical 0x27232E000
  4928    229.608 wddm summary: vsync enabled, 0 ticks, 12527 reported to dxgkrnl
  4929    229.608 wddm summary: vidpn flip open: 436 hardware flips, 0 refused, 1 hardware vsyncs armed 13707 acked 0 refused 0 deferred (flip still pending)
  4930    229.608 wddm summary: no TDR (ResetEngine, ResetFromTimeout and RestartFromTimeout were never called)
  4931    229.608 wddm summary: CollectDbgInfo called 0 time(s) since the driver was loaded
  4932    229.608 vidmm summary: level 0: 1024 calls, 262656 entries, 512 valid
  4933    229.608 vidmm summary: level 1: 2 calls, 1024 entries, 512 valid
  4934    229.608 vidmm summary: level 2: 1 calls, 512 entries, 2 valid
  4935    229.608 vidmm summary: level 3: 1 calls, 512 entries, 1 valid
  4936    229.608 vidmm summary: system leaf encoding coherent 2 noncoherent 16952 snoop mismatches 0
  4937    229.608 vidmm summary: 1028 cpu-virtual calls, 0 gpu-physical calls
  4938    229.608 vidmm summary: 264704 entries written (EnableGpuVa open), 0 refused, 0 bad calls, 4 roots
             1024 lines printed
UnconfirmedStarts = 0
boot=2026-09-24T11:44:14
final_time=2026-09-24T13:55:35
initialized_desktop_retained
dwm_renderer_pid=2140


ModuleName : bc250d3d.dll
FileName   : C:\BC250\m13\llvm23-umd\bc250d3d.dll



BC250 Renderer: llvmpipe (LLVM 23.1.2, 256 bits)
BC250 Perf frame 1 gap_ms 0.000 draws 0 draw_ms 0.000 max_draw_ms 0.000 present_ms 0.237 render_wait_ms 0.006
BC250 Perf frame 2 gap_ms 2419.371 draws 40 draw_ms 1775.103 max_draw_ms 327.041 present_ms 0.136 render_wait_ms 2.183
BC250 Perf frame 3 gap_ms 83.178 draws 1 draw_ms 0.095 max_draw_ms 0.095 present_ms 0.138 render_wait_ms 0.006
BC250 Perf frame 4 gap_ms 168.372 draws 30 draw_ms 2.800 max_draw_ms 0.295 present_ms 0.129 render_wait_ms 6.325
BC250 Perf frame 5 gap_ms 325.584 draws 31 draw_ms 96.849 max_draw_ms 94.071 present_ms 0.197 render_wait_ms 17.814
BC250 Perf frame 6 gap_ms 185.438 draws 31 draw_ms 2.665 max_draw_ms 0.327 present_ms 0.193 render_wait_ms 19.962
BC250 Perf frame 7 gap_ms 3728.941 draws 39 draw_ms 2945.133 max_draw_ms 818.825 present_ms 0.055 render_wait_ms 0.006
BC250 Perf frame 8 gap_ms 292.982 draws 41 draw_ms 5.145 max_draw_ms 0.661 present_ms 0.052 render_wait_ms 34.307
BC250 Perf frame 9 gap_ms 236.095 draws 35 draw_ms 3.940 max_draw_ms 0.499 present_ms 0.057 render_wait_ms 50.499
BC250 Perf frame 10 gap_ms 770.797 draws 41 draw_ms 475.430 max_draw_ms 472.249 present_ms 0.058 render_wait_ms 35.944
BC250 Perf frame 11 gap_ms 212.969 draws 35 draw_ms 2.385 max_draw_ms 0.239 present_ms 0.058 render_wait_ms 45.514
BC250 Perf frame 12 gap_ms 133.604 draws 2 draw_ms 0.177 max_draw_ms 0.136 present_ms 0.054 render_wait_ms 0.004
BC250 Perf frame 13 gap_ms 463.254 draws 2 draw_ms 0.139 max_draw_ms 0.095 present_ms 0.053 render_wait_ms 0.002
BC250 Perf frame 14 gap_ms 961.137 draws 2 draw_ms 0.117 max_draw_ms 0.087 present_ms 0.052 render_wait_ms 4.238
BC250 Perf frame 15 gap_ms 501.121 draws 2 draw_ms 0.120 max_draw_ms 0.086 present_ms 0.058 render_wait_ms 5.053
BC250 Perf frame 16 gap_ms 504.223 draws 2 draw_ms 0.115 max_draw_ms 0.086 present_ms 0.052 render_wait_ms 3.988
BC250 Perf frame 17 gap_ms 501.974 draws 2 draw_ms 0.126 max_draw_ms 0.087 present_ms 0.091 render_wait_ms 4.258
BC250 Perf frame 18 gap_ms 998.874 draws 2 draw_ms 0.115 max_draw_ms 0.086 present_ms 0.050 render_wait_ms 5.250
BC250 Perf frame 19 gap_ms 504.095 draws 2 draw_ms 0.116 max_draw_ms 0.086 present_ms 0.053 render_wait_ms 4.143
BC250 Perf frame 20 gap_ms 1004.320 draws 2 draw_ms 0.115 max_draw_ms 0.086 present_ms 0.052 render_wait_ms 4.131
BC250 Perf frame 21 gap_ms 500.860 draws 2 draw_ms 0.116 max_draw_ms 0.085 present_ms 0.054 render_wait_ms 5.201
BC250 Perf frame 22 gap_ms 502.513 draws 2 draw_ms 0.130 max_draw_ms 0.100 present_ms 0.052 render_wait_ms 4.119
BC250 Perf frame 23 gap_ms 1002.771 draws 2 draw_ms 0.118 max_draw_ms 0.086 present_ms 0.048 render_wait_ms 4.164
BC250 Perf frame 24 gap_ms 501.099 draws 2 draw_ms 0.115 max_draw_ms 0.085 present_ms 0.048 render_wait_ms 5.130
BC250 Perf frame 25 gap_ms 501.155 draws 2 draw_ms 0.124 max_draw_ms 0.085 present_ms 0.052 render_wait_ms 4.113
BC250 Perf frame 26 gap_ms 495.570 draws 2 draw_ms 0.117 max_draw_ms 0.086 present_ms 0.049 render_wait_ms 4.230
BC250 Perf frame 27 gap_ms 507.902 draws 2 draw_ms 0.114 max_draw_ms 0.084 present_ms 0.052 render_wait_ms 4.955
BC250 Perf frame 28 gap_ms 499.507 draws 2 draw_ms 0.114 max_draw_ms 0.085 present_ms 0.052 render_wait_ms 4.061
BC250 Perf frame 29 gap_ms 1003.876 draws 2 draw_ms 0.122 max_draw_ms 0.088 present_ms 0.063 render_wait_ms 4.227
BC250 Perf frame 30 gap_ms 997.500 draws 2 draw_ms 0.127 max_draw_ms 0.089 present_ms 0.052 render_wait_ms 5.150
BC250 Perf frame 31 gap_ms 1006.281 draws 2 draw_ms 0.125 max_draw_ms 0.092 present_ms 0.052 render_wait_ms 4.211
BC250 Perf frame 32 gap_ms 996.861 draws 2 draw_ms 0.154 max_draw_ms 0.096 present_ms 0.055 render_wait_ms 4.042
BC250 Perf frame 33 gap_ms 506.863 draws 2 draw_ms 0.119 max_draw_ms 0.086 present_ms 0.052 render_wait_ms 5.148
BC250 Perf frame 34 gap_ms 499.194 draws 2 draw_ms 0.121 max_draw_ms 0.087 present_ms 0.052 render_wait_ms 4.143
BC250 Perf frame 35 gap_ms 1003.168 draws 2 draw_ms 0.118 max_draw_ms 0.087 present_ms 0.053 render_wait_ms 4.194
BC250 Perf frame 36 gap_ms 1004.480 draws 2 draw_ms 0.134 max_draw_ms 0.099 present_ms 0.052 render_wait_ms 5.025
BC250 Perf frame 37 gap_ms 998.941 draws 2 draw_ms 0.116 max_draw_ms 0.086 present_ms 0.048 render_wait_ms 4.160
BC250 Perf frame 38 gap_ms 1002.856 draws 2 draw_ms 0.119 max_draw_ms 0.090 present_ms 0.051 render_wait_ms 4.189
BC250 Perf frame 39 gap_ms 501.227 draws 2 draw_ms 0.118 max_draw_ms 0.087 present_ms 0.049 render_wait_ms 5.209
BC250 Perf frame 40 gap_ms 499.999 draws 2 draw_ms 0.122 max_draw_ms 0.087 present_ms 0.050 render_wait_ms 4.104
BC250 Perf frame 41 gap_ms 1002.241 draws 2 draw_ms 0.116 max_draw_ms 0.085 present_ms 0.057 render_wait_ms 3.930
BC250 Perf frame 42 gap_ms 1000.049 draws 2 draw_ms 0.136 max_draw_ms 0.090 present_ms 0.051 render_wait_ms 5.197
BC250 Perf frame 43 gap_ms 994.016 draws 2 draw_ms 0.145 max_draw_ms 0.088 present_ms 0.052 render_wait_ms 4.080
BC250 Perf frame 44 gap_ms 506.601 draws 2 draw_ms 0.115 max_draw_ms 0.083 present_ms 0.050 render_wait_ms 4.163
BC250 Perf frame 45 gap_ms 501.438 draws 2 draw_ms 0.118 max_draw_ms 0.085 present_ms 0.053 render_wait_ms 5.239
BC250 Perf frame 46 gap_ms 493.809 draws 2 draw_ms 0.144 max_draw_ms 0.093 present_ms 0.056 render_wait_ms 4.201
BC250 Perf frame 47 gap_ms 505.565 draws 2 draw_ms 0.112 max_draw_ms 0.081 present_ms 0.048 render_wait_ms 4.103
BC250 Perf frame 48 gap_ms 1002.822 draws 2 draw_ms 0.116 max_draw_ms 0.086 present_ms 0.048 render_wait_ms 5.110
BC250 Perf frame 49 gap_ms 1500.981 draws 2 draw_ms 0.142 max_draw_ms 0.091 present_ms 0.054 render_wait_ms 4.056
BC250 Perf frame 50 gap_ms 499.478 draws 2 draw_ms 0.138 max_draw_ms 0.090 present_ms 0.053 render_wait_ms 3.950
BC250 Perf frame 51 gap_ms 500.748 draws 2 draw_ms 0.113 max_draw_ms 0.083 present_ms 0.058 render_wait_ms 5.005
BC250 Perf frame 52 gap_ms 994.502 draws 2 draw_ms 0.122 max_draw_ms 0.087 present_ms 0.055 render_wait_ms 4.317
BC250 Perf frame 53 gap_ms 500.347 draws 2 draw_ms 0.143 max_draw_ms 0.091 present_ms 0.057 render_wait_ms 3.984
BC250 Perf frame 54 gap_ms 1510.408 draws 2 draw_ms 0.115 max_draw_ms 0.084 present_ms 0.055 render_wait_ms 4.939
BC250 Perf frame 55 gap_ms 499.867 draws 2 draw_ms 0.137 max_draw_ms 0.091 present_ms 0.055 render_wait_ms 3.882
BC250 Perf frame 56 gap_ms 1499.280 draws 2 draw_ms 0.115 max_draw_ms 0.084 present_ms 0.051 render_wait_ms 3.954
BC250 Perf frame 57 gap_ms 501.124 draws 2 draw_ms 0.112 max_draw_ms 0.082 present_ms 0.049 render_wait_ms 4.824
BC250 Perf frame 58 gap_ms 494.425 draws 2 draw_ms 0.155 max_draw_ms 0.098 present_ms 0.053 render_wait_ms 3.981
BC250 Perf frame 59 gap_ms 505.441 draws 2 draw_ms 0.115 max_draw_ms 0.084 present_ms 0.052 render_wait_ms 4.157
BC250 Perf frame 60 gap_ms 500.997 draws 2 draw_ms 0.140 max_draw_ms 0.092 present_ms 0.053 render_wait_ms 4.972
BC250 Perf frame 61 gap_ms 498.761 draws 2 draw_ms 0.113 max_draw_ms 0.083 present_ms 0.048 render_wait_ms 4.069
BC250 Perf frame 62 gap_ms 1503.202 draws 2 draw_ms 0.114 max_draw_ms 0.083 present_ms 0.051 render_wait_ms 4.078
BC250 Perf frame 63 gap_ms 501.294 draws 2 draw_ms 0.125 max_draw_ms 0.083 present_ms 0.057 render_wait_ms 4.824
BC250 Perf frame 64 gap_ms 499.488 draws 2 draw_ms 0.138 max_draw_ms 0.093 present_ms 0.050 render_wait_ms 4.131
BC250 Perf frame 65 gap_ms 1000.359 draws 2 draw_ms 0.113 max_draw_ms 0.083 present_ms 0.050 render_wait_ms 4.131
BC250 Perf frame 66 gap_ms 500.862 draws 2 draw_ms 0.114 max_draw_ms 0.083 present_ms 0.055 render_wait_ms 5.136
BC250 Perf frame 67 gap_ms 1501.020 draws 2 draw_ms 0.113 max_draw_ms 0.081 present_ms 0.053 render_wait_ms 4.060
BC250 Perf frame 68 gap_ms 499.877 draws 2 draw_ms 0.112 max_draw_ms 0.083 present_ms 0.047 render_wait_ms 4.122
BC250 Perf frame 69 gap_ms 1503.739 draws 2 draw_ms 0.145 max_draw_ms 0.091 present_ms 0.067 render_wait_ms 5.292
BC250 Perf frame 70 gap_ms 626.088 draws 33 draw_ms 3.846 max_draw_ms 0.324 present_ms 0.052 render_wait_ms 0.003
BC250 Perf frame 71 gap_ms 55.317 draws 7 draw_ms 0.487 max_draw_ms 0.121 present_ms 0.053 render_wait_ms 0.001
BC250 Perf frame 72 gap_ms 315.396 draws 2 draw_ms 0.122 max_draw_ms 0.090 present_ms 0.047 render_wait_ms 0.002
BC250 Perf frame 73 gap_ms 499.869 draws 2 draw_ms 0.115 max_draw_ms 0.084 present_ms 0.051 render_wait_ms 0.002
BC250 Perf frame 74 gap_ms 1000.790 draws 2 draw_ms 0.135 max_draw_ms 0.092 present_ms 0.051 render_wait_ms 4.163
BC250 Perf frame 75 gap_ms 1504.880 draws 2 draw_ms 0.117 max_draw_ms 0.087 present_ms 0.050 render_wait_ms 5.180
BC250 Perf frame 76 gap_ms 496.862 draws 2 draw_ms 0.114 max_draw_ms 0.083 present_ms 0.054 render_wait_ms 3.891
BC250 Perf frame 77 gap_ms 500.837 draws 2 draw_ms 0.116 max_draw_ms 0.084 present_ms 0.048 render_wait_ms 4.168
BC250 Perf frame 78 gap_ms 1001.873 draws 2 draw_ms 0.114 max_draw_ms 0.084 present_ms 0.051 render_wait_ms 5.151
BC250 Perf frame 79 gap_ms 493.383 draws 2 draw_ms 0.125 max_draw_ms 0.093 present_ms 0.051 render_wait_ms 4.176
BC250 Perf frame 80 gap_ms 1509.309 draws 2 draw_ms 0.118 max_draw_ms 0.083 present_ms 0.049 render_wait_ms 4.137
BC250 Perf frame 81 gap_ms 500.117 draws 2 draw_ms 0.119 max_draw_ms 0.087 present_ms 0.055 render_wait_ms 5.185
BC250 Perf frame 82 gap_ms 1502.342 draws 2 draw_ms 0.154 max_draw_ms 0.100 present_ms 0.056 render_wait_ms 4.399
BC250 Perf frame 83 gap_ms 500.885 draws 2 draw_ms 0.116 max_draw_ms 0.083 present_ms 0.053 render_wait_ms 3.693
BC250 Perf frame 84 gap_ms 496.325 draws 2 draw_ms 0.152 max_draw_ms 0.094 present_ms 0.051 render_wait_ms 5.524
BC250 Perf frame 85 gap_ms 1000.785 draws 2 draw_ms 0.122 max_draw_ms 0.087 present_ms 0.066 render_wait_ms 4.361
BC250 Perf frame 86 gap_ms 504.635 draws 2 draw_ms 0.140 max_draw_ms 0.092 present_ms 0.069 render_wait_ms 4.738
BC250 Perf frame 87 gap_ms 1501.773 draws 2 draw_ms 0.147 max_draw_ms 0.092 present_ms 0.097 render_wait_ms 5.188
BC250 Perf frame 88 gap_ms 493.233 draws 2 draw_ms 0.138 max_draw_ms 0.089 present_ms 0.056 render_wait_ms 4.442
BC250 Perf frame 89 gap_ms 499.072 draws 2 draw_ms 0.139 max_draw_ms 0.093 present_ms 0.057 render_wait_ms 3.938
BC250 Perf frame 90 gap_ms 1010.027 draws 2 draw_ms 0.114 max_draw_ms 0.083 present_ms 0.052 render_wait_ms 5.187
BC250 Perf frame 91 gap_ms 502.602 draws 2 draw_ms 0.114 max_draw_ms 0.083 present_ms 0.057 render_wait_ms 4.866
BC250 Perf frame 92 gap_ms 484.659 draws 2 draw_ms 0.105 max_draw_ms 0.085 present_ms 0.060 render_wait_ms 4.341
BC250 Perf frame 93 gap_ms 1004.056 draws 2 draw_ms 0.107 max_draw_ms 0.087 present_ms 0.057 render_wait_ms 5.343
BC250 Perf frame 94 gap_ms 501.591 draws 2 draw_ms 0.105 max_draw_ms 0.085 present_ms 0.060 render_wait_ms 4.397
BC250 Perf frame 95 gap_ms 500.424 draws 2 draw_ms 0.106 max_draw_ms 0.085 present_ms 0.059 render_wait_ms 4.369
BC250 Perf frame 96 gap_ms 1494.208 draws 2 draw_ms 0.105 max_draw_ms 0.085 present_ms 0.055 render_wait_ms 5.455
BC250 Perf frame 97 gap_ms 492.866 draws 2 draw_ms 0.106 max_draw_ms 0.085 present_ms 0.059 render_wait_ms 4.421
BC250 Perf frame 98 gap_ms 1001.000 draws 2 draw_ms 0.103 max_draw_ms 0.084 present_ms 0.058 render_wait_ms 4.466
BC250 Perf frame 99 gap_ms 501.204 draws 2 draw_ms 0.108 max_draw_ms 0.088 present_ms 0.058 render_wait_ms 5.416
BC250 Perf frame 100 gap_ms 499.936 draws 2 draw_ms 0.110 max_draw_ms 0.089 present_ms 0.057 render_wait_ms 4.384
BC250 Perf frame 101 gap_ms 1507.361 draws 2 draw_ms 0.115 max_draw_ms 0.095 present_ms 0.059 render_wait_ms 4.435
BC250 Perf frame 102 gap_ms 494.446 draws 2 draw_ms 0.103 max_draw_ms 0.084 present_ms 0.060 render_wait_ms 5.409
BC250 Perf frame 103 gap_ms 500.098 draws 2 draw_ms 0.106 max_draw_ms 0.086 present_ms 0.055 render_wait_ms 4.542
BC250 Perf frame 104 gap_ms 500.892 draws 2 draw_ms 0.109 max_draw_ms 0.088 present_ms 0.055 render_wait_ms 4.507
BC250 Perf frame 105 gap_ms 501.263 draws 2 draw_ms 0.109 max_draw_ms 0.087 present_ms 0.054 render_wait_ms 5.433
BC250 Perf frame 106 gap_ms 499.178 draws 2 draw_ms 0.110 max_draw_ms 0.089 present_ms 0.064 render_wait_ms 4.392
BC250 Perf frame 107 gap_ms 1507.214 draws 2 draw_ms 0.099 max_draw_ms 0.080 present_ms 0.058 render_wait_ms 4.226
BC250 Perf frame 108 gap_ms 489.474 draws 2 draw_ms 0.104 max_draw_ms 0.084 present_ms 0.059 render_wait_ms 5.478
BC250 Perf frame 109 gap_ms 1512.557 draws 2 draw_ms 0.108 max_draw_ms 0.088 present_ms 0.059 render_wait_ms 4.493
BC250 Perf frame 110 gap_ms 491.544 draws 2 draw_ms 0.099 max_draw_ms 0.080 present_ms 0.060 render_wait_ms 4.413
BC250 Perf frame 111 gap_ms 504.250 draws 2 draw_ms 0.106 max_draw_ms 0.085 present_ms 0.052 render_wait_ms 5.347
BC250 Perf frame 112 gap_ms 999.535 draws 2 draw_ms 0.108 max_draw_ms 0.087 present_ms 0.065 render_wait_ms 4.356
BC250 Perf frame 113 gap_ms 1001.197 draws 2 draw_ms 0.102 max_draw_ms 0.082 present_ms 0.057 render_wait_ms 4.469
BC250 Perf frame 114 gap_ms 1002.292 draws 2 draw_ms 0.106 max_draw_ms 0.086 present_ms 0.058 render_wait_ms 5.405
BC250 Perf frame 115 gap_ms 999.379 draws 2 draw_ms 0.104 max_draw_ms 0.084 present_ms 0.055 render_wait_ms 4.382
BC250 Perf frame 116 gap_ms 500.733 draws 2 draw_ms 0.109 max_draw_ms 0.087 present_ms 0.060 render_wait_ms 4.539
BC250 Perf frame 117 gap_ms 501.096 draws 2 draw_ms 0.112 max_draw_ms 0.091 present_ms 0.056 render_wait_ms 5.392
BC250 Perf frame 118 gap_ms 999.970 draws 2 draw_ms 0.104 max_draw_ms 0.083 present_ms 0.063 render_wait_ms 4.552
BC250 Perf frame 119 gap_ms 1000.989 draws 2 draw_ms 0.101 max_draw_ms 0.081 present_ms 0.053 render_wait_ms 4.510
BC250 Perf frame 120 gap_ms 1002.190 draws 2 draw_ms 0.105 max_draw_ms 0.085 present_ms 0.053 render_wait_ms 5.410
BC250 Perf frame 180 gap_ms 68.986 draws 33 draw_ms 0.846 max_draw_ms 0.100 present_ms 0.045 render_wait_ms 0.001
BC250 Perf frame 240 gap_ms 150.054 draws 35 draw_ms 1.009 max_draw_ms 0.104 present_ms 0.078 render_wait_ms 21.601
BC250 Perf frame 300 gap_ms 29.946 draws 39 draw_ms 1.151 max_draw_ms 0.104 present_ms 0.067 render_wait_ms 18.287
BC250 Perf frame 360 gap_ms 507.480 draws 2 draw_ms 0.113 max_draw_ms 0.090 present_ms 0.057 render_wait_ms 5.483
BC250 Perf frame 420 gap_ms 1007.977 draws 2 draw_ms 0.136 max_draw_ms 0.108 present_ms 0.099 render_wait_ms 5.507
{
    "name":  "graphics",
    "title":  "Active graphics pipeline",
    "order":  12,
    "rows":  [
                 [
                     "DWM",
                     "PID 2140, since 13:52:06",
                     "Info"
                 ],
                 [
                     "D3D UMD",
                     "bc250d3d / llvm23-umd",
                     "Info"
                 ],
                 [
                     "Build hash",
                     "916D14B8CF3A",
                     "Info"
                 ],
                 [
                     "Renderer",
                     "Mesa llvmpipe",
                     "Info"
                 ],
                 [
                     "Draws",
                     "CPU software rendering (JIT)",
                     "Warn"
                 ],
                 [
                     "Shaders",
                     "LLVM 23.1.2 / native CPU code",
                     "Info"
                 ],
                 [
                     "UMD build",
                     "rotation + fence + TGSI/NIR",
                     "Info"
                 ],
                 [
                     "KMD module",
                     "bc250kmd 0x0007007F",
                     "Info"
                 ],
                 [
                     "KMD table",
                     "full WDDM",
                     "Info"
                 ],
                 [
                     "Scanout",
                     "DCN flip + hardware VSync",
                     "Info"
                 ],
                 [
                     "HW flips",
                     "436",
                     "Info"
                 ],
                 [
                     "Window Blt",
                     "CPU copy enabled; 62 blits",
                     "Info"
                 ],
                 [
                     "GPU compute",
                     "4/4 fences completed",
                     "Info"
                 ],
                 [
                     "Paging",
                     "SDMA 827/827",
                     "Info"
                 ],
                 [
                     "Sampled",
                     "13:55:35 (5 s poll)",
                     "Info"
                 ]
             ]
}
