"utc","id","pid","tid","data"
"15:32:09.3802436","184","12796","6608","hContext=1073748480 hWindow=0x0 VidPnSourceId=0 FlipInterval=1 Flags=4198404 ReturnStatus=0 hSrcAllocHandle=0x400027c0 hDstAllocHandle=0x0"
"15:32:09.8731268","184","12796","6608","hContext=1073748480 hWindow=0x0 VidPnSourceId=0 FlipInterval=1 Flags=4198404 ReturnStatus=0 hSrcAllocHandle=0x40002840 hDstAllocHandle=0x0"
"15:32:10.4360266","171","4452","9612","hAdapter=0xffff910e86eb4820 Token=0xffff810669b4c8c0 Model=7 TokenSize=0 TokenData=4484 Flags=0x0 CustomDuration=0 VmBusChannel=0x0"
"15:32:10.4360396","184","4452","9612","hContext=1073742144 hWindow=0x0 VidPnSourceId=0 FlipInterval=0 Flags=32768 ReturnStatus=0 hSrcAllocHandle=0x80001a00 hDstAllocHandle=0x0"
"15:32:10.4367631","172","4","876","hAdapter=0xffff910e8cd5c000 Token=0xffff810669b4c8c0 Model=0 TokenSize=0 TokenData=0 Flags=0x0 CustomDuration=0 VmBusChannel=0x0"
"15:32:11.2345393","287","928","6564","pDxgAdapterAllocation=0xffff81066e4cb220 Flags=1 Width=1920 Height=1200 Format=21 GdiSurfaceType=6 GdiSurfaceFlags=0 Pitch=7680"
"15:32:11.2528406","287","928","6564","pDxgAdapterAllocation=0xffff81066781d990 Flags=1 Width=320 Height=240 Format=21 GdiSurfaceType=6 GdiSurfaceFlags=0 Pitch=1280"
"15:32:11.2534910","287","928","6564","pDxgAdapterAllocation=0xffff81066781dc60 Flags=1 Width=1920 Height=48 Format=21 GdiSurfaceType=6 GdiSurfaceFlags=0 Pitch=7680"
"15:32:11.2547846","287","928","6564","pDxgAdapterAllocation=0xffff810667820230 Flags=1 Width=1 Height=1 Format=21 GdiSurfaceType=6 GdiSurfaceFlags=0 Pitch=8"
"15:32:11.2551341","287","928","6564","pDxgAdapterAllocation=0xffff8106678205a0 Flags=1 Width=1 Height=1 Format=21 GdiSurfaceType=6 GdiSurfaceFlags=0 Pitch=8"
"15:32:11.2554652","287","928","6564","pDxgAdapterAllocation=0xffff8106678205f0 Flags=1 Width=1 Height=1 Format=21 GdiSurfaceType=6 GdiSurfaceFlags=0 Pitch=8"
"15:32:11.2557995","287","928","6564","pDxgAdapterAllocation=0xffff810667820730 Flags=1 Width=1 Height=1 Format=21 GdiSurfaceType=6 GdiSurfaceFlags=0 Pitch=8"
"15:32:11.2561531","287","928","6564","pDxgAdapterAllocation=0xffff8106678207d0 Flags=1 Width=920 Height=1009 Format=21 GdiSurfaceType=6 GdiSurfaceFlags=0 Pitch=3680"
"15:32:11.2597519","287","928","6564","pDxgAdapterAllocation=0xffff8106733c9fa0 Flags=1 Width=160 Height=120 Format=21 GdiSurfaceType=6 GdiSurfaceFlags=0 Pitch=640"
"15:32:11.2601786","287","928","6564","pDxgAdapterAllocation=0xffff8106733cc430 Flags=1 Width=200 Height=140 Format=21 GdiSurfaceType=6 GdiSurfaceFlags=0 Pitch=800"
"15:32:11.5848493","171","4452","9612","hAdapter=0xffff910e86eb4820 Token=0xffff810669b4c8c0 Model=7 TokenSize=0 TokenData=2384 Flags=0x0 CustomDuration=0 VmBusChannel=0x0"
"15:32:11.5848776","184","4452","9612","hContext=1073742144 hWindow=0x0 VidPnSourceId=0 FlipInterval=0 Flags=32768 ReturnStatus=0 hSrcAllocHandle=0x80002400 hDstAllocHandle=0x0"
"15:32:11.5850468","172","4","876","hAdapter=0xffff910e8cd5c000 Token=0xffff810669b4c8c0 Model=0 TokenSize=0 TokenData=0 Flags=0x0 CustomDuration=0 VmBusChannel=0x0"
"15:32:11.6193024","171","4452","9612","hAdapter=0xffff910e86eb4820 Token=0xffff810669b4c8c0 Model=7 TokenSize=0 TokenData=4256 Flags=0x0 CustomDuration=0 VmBusChannel=0x0"
"15:32:11.6193304","184","4452","9612","hContext=1073742144 hWindow=0x0 VidPnSourceId=0 FlipInterval=0 Flags=32768 ReturnStatus=0 hSrcAllocHandle=0x40002f80 hDstAllocHandle=0x0"
"15:32:11.6196018","172","4","876","hAdapter=0xffff910e8cd5c000 Token=0xffff810669b4c8c0 Model=0 TokenSize=0 TokenData=0 Flags=0x0 CustomDuration=0 VmBusChannel=0x0"
"15:32:12.3839506","171","4452","9612","hAdapter=0xffff910e86eb4820 Token=0xffff810669b4c8c0 Model=7 TokenSize=0 TokenData=3444 Flags=0x0 CustomDuration=0 VmBusChannel=0x0"
"15:32:12.3839738","184","4452","9612","hContext=1073742144 hWindow=0x0 VidPnSourceId=0 FlipInterval=0 Flags=32768 ReturnStatus=0 hSrcAllocHandle=0x80002400 hDstAllocHandle=0x0"
"15:32:12.3839960","172","4","880","hAdapter=0xffff910e8cd5c000 Token=0xffff810669b4c8c0 Model=0 TokenSize=0 TokenData=0 Flags=0x0 CustomDuration=0 VmBusChannel=0x0"
"15:32:13.0009584","166","928","3724","hwnd=0x0 pDmaBuffer=0xffff910e93c59c60 PresentHistoryToken=0 hSourceAllocation=0xffff910e90e98b10 hDestAllocation=0xffff910e90e99110 bSubmit=true bRedirectedPresent=false Flags=1 Source.Left=0 Source.Right=1920 Source.Top=0 Source.Bottom=1200 Dest.Left=0 Dest.Right=1920 Dest.Top=0 Dest.Bottom=1200 SubRectCount=1"
"15:32:13.0172358","166","928","3724","hwnd=0x0 pDmaBuffer=0xffff910e93c58c20 PresentHistoryToken=0 hSourceAllocation=0xffff910e90e98b10 hDestAllocation=0xffff910e90e99110 bSubmit=true bRedirectedPresent=false Flags=1 Source.Left=0 Source.Right=1920 Source.Top=0 Source.Bottom=1200 Dest.Left=0 Dest.Right=1920 Dest.Top=0 Dest.Bottom=1200 SubRectCount=1"
"15:32:13.0821338","184","4452","5392","hContext=1073742144 hWindow=0x0 VidPnSourceId=0 FlipInterval=0 Flags=32768 ReturnStatus=3223191566 hSrcAllocHandle=0x40002f80 hDstAllocHandle=0x0"
"15:32:13.1716586","184","4744","4980","hContext=3221228416 hWindow=0x0 VidPnSourceId=0 FlipInterval=0 Flags=32768 ReturnStatus=3223191566 hSrcAllocHandle=0xc0003880 hDstAllocHandle=0x0"
"15:32:13.2739456","184","4744","4980","hContext=3221228416 hWindow=0x0 VidPnSourceId=0 FlipInterval=0 Flags=32768 ReturnStatus=3223191566 hSrcAllocHandle=0xc0003880 hDstAllocHandle=0x0"
"15:32:13.3360426","184","4452","5392","hContext=1073742144 hWindow=0x0 VidPnSourceId=0 FlipInterval=0 Flags=32768 ReturnStatus=3223191566 hSrcAllocHandle=0x40000240 hDstAllocHandle=0x0"
"15:32:13.3542977","184","4744","4748","hContext=3221239296 hWindow=0x0 VidPnSourceId=0 FlipInterval=0 Flags=32768 ReturnStatus=3223191566 hSrcAllocHandle=0x400020c0 hDstAllocHandle=0x0"
"15:32:13.5116457","171","4452","5392","hAdapter=0xffff910e86eb4820 Token=0xffff810669b4c8c0 Model=7 TokenSize=0 TokenData=2332 Flags=0x0 CustomDuration=0 VmBusChannel=0x0"
"15:32:13.5116642","184","4452","5392","hContext=1073742144 hWindow=0x0 VidPnSourceId=0 FlipInterval=0 Flags=32768 ReturnStatus=0 hSrcAllocHandle=0x80002dc0 hDstAllocHandle=0x0"
"15:32:13.5122818","172","4","876","hAdapter=0xffff910e8cd5c000 Token=0xffff810669b4c8c0 Model=0 TokenSize=0 TokenData=0 Flags=0x0 CustomDuration=0 VmBusChannel=0x0"
"15:32:14.0172347","171","12852","13196","hAdapter=0xffff910e86eb4820 Token=0xffff810669b4c8c0 Model=7 TokenSize=0 TokenData=2848 Flags=0x0 CustomDuration=0 VmBusChannel=0x0"
"15:32:14.0172425","184","12852","13196","hContext=1073742528 hWindow=0x0 VidPnSourceId=0 FlipInterval=0 Flags=32768 ReturnStatus=0 hSrcAllocHandle=0x40000540 hDstAllocHandle=0x0"
"15:32:14.0322431","171","12852","13196","hAdapter=0xffff910e86eb4820 Token=0xffff810669b4cd10 Model=7 TokenSize=0 TokenData=3344 Flags=0x0 CustomDuration=0 VmBusChannel=0x0"
"15:32:14.0322674","184","12852","13196","hContext=1073742528 hWindow=0x0 VidPnSourceId=0 FlipInterval=0 Flags=32768 ReturnStatus=0 hSrcAllocHandle=0x40000540 hDstAllocHandle=0x0"
"15:32:14.0478455","171","12852","13196","hAdapter=0xffff910e86eb4820 Token=0xffff810669b4da00 Model=7 TokenSize=0 TokenData=2924 Flags=0x0 CustomDuration=0 VmBusChannel=0x0"
"15:32:14.0478575","184","12852","13196","hContext=1073742528 hWindow=0x0 VidPnSourceId=0 FlipInterval=0 Flags=32768 ReturnStatus=0 hSrcAllocHandle=0x40000540 hDstAllocHandle=0x0"
"15:32:14.0499230","171","12852","13196","hAdapter=0xffff910e86eb4820 Token=0xffff810669b4d160 Model=7 TokenSize=0 TokenData=3664 Flags=0x0 CustomDuration=0 VmBusChannel=0x0"
"15:32:14.0499335","184","12852","13196","hContext=1073742528 hWindow=0x0 VidPnSourceId=0 FlipInterval=0 Flags=32768 ReturnStatus=0 hSrcAllocHandle=0x40000540 hDstAllocHandle=0x0"
"15:32:14.0560852","172","4","876","hAdapter=0xffff910e8cd5c000 Token=0xffff810669b4c8c0 Model=0 TokenSize=0 TokenData=0 Flags=0x0 CustomDuration=0 VmBusChannel=0x0"
"15:32:14.0634597","172","4","876","hAdapter=0xffff910e8cd5c000 Token=0xffff810669b4cd10 Model=0 TokenSize=0 TokenData=0 Flags=0x0 CustomDuration=0 VmBusChannel=0x0"
"15:32:14.0637150","172","4","876","hAdapter=0xffff910e8cd5c000 Token=0xffff810669b4da00 Model=0 TokenSize=0 TokenData=0 Flags=0x0 CustomDuration=0 VmBusChannel=0x0"
"15:32:14.0639415","172","4","876","hAdapter=0xffff910e8cd5c000 Token=0xffff810669b4d160 Model=0 TokenSize=0 TokenData=0 Flags=0x0 CustomDuration=0 VmBusChannel=0x0"
"15:32:15.0744897","171","12852","13196","hAdapter=0xffff910e86eb4820 Token=0xffff810669b4d160 Model=7 TokenSize=0 TokenData=3756 Flags=0x0 CustomDuration=0 VmBusChannel=0x0"
"15:32:15.0745026","184","12852","13196","hContext=1073742528 hWindow=0x0 VidPnSourceId=0 FlipInterval=0 Flags=32768 ReturnStatus=0 hSrcAllocHandle=0x40000540 hDstAllocHandle=0x0"
"15:32:15.0757753","172","4","876","hAdapter=0xffff910e8cd5c000 Token=0xffff810669b4d160 Model=0 TokenSize=0 TokenData=0 Flags=0x0 CustomDuration=0 VmBusChannel=0x0"
"15:32:18.5344141","184","12852","3792","hContext=1073759680 hWindow=0x0 VidPnSourceId=0 FlipInterval=1 Flags=4198404 ReturnStatus=0 hSrcAllocHandle=0x40005e00 hDstAllocHandle=0x0"
"15:32:19.2458274","184","12852","3792","hContext=1073759680 hWindow=0x0 VidPnSourceId=0 FlipInterval=1 Flags=4198404 ReturnStatus=0 hSrcAllocHandle=0x800043c0 hDstAllocHandle=0x0"
"15:32:19.2563599","171","12852","13196","hAdapter=0xffff910e86eb4820 Token=0xffff810669b4d160 Model=7 TokenSize=0 TokenData=4184 Flags=0x0 CustomDuration=0 VmBusChannel=0x0"
"15:32:19.2563706","184","12852","13196","hContext=1073742528 hWindow=0x0 VidPnSourceId=0 FlipInterval=0 Flags=32768 ReturnStatus=0 hSrcAllocHandle=0x40000540 hDstAllocHandle=0x0"
"15:32:19.2565809","172","4","876","hAdapter=0xffff910e8cd5c000 Token=0xffff810669b4d160 Model=0 TokenSize=0 TokenData=0 Flags=0x0 CustomDuration=0 VmBusChannel=0x0"
"15:32:19.2741567","171","4452","5392","hAdapter=0xffff910e86eb4820 Token=0xffff810669b4d160 Model=7 TokenSize=0 TokenData=4100 Flags=0x0 CustomDuration=0 VmBusChannel=0x0"
"15:32:19.2741802","184","4452","5392","hContext=1073742144 hWindow=0x0 VidPnSourceId=0 FlipInterval=0 Flags=32768 ReturnStatus=0 hSrcAllocHandle=0x40000240 hDstAllocHandle=0x0"
"15:32:19.2744550","172","4","876","hAdapter=0xffff910e8cd5c000 Token=0xffff810669b4d160 Model=0 TokenSize=0 TokenData=0 Flags=0x0 CustomDuration=0 VmBusChannel=0x0"
"15:32:19.3003815","184","12852","3792","hContext=1073759680 hWindow=0x0 VidPnSourceId=0 FlipInterval=1 Flags=4198404 ReturnStatus=0 hSrcAllocHandle=0x40005c80 hDstAllocHandle=0x0"
"15:32:19.3320922","171","4744","4980","hAdapter=0xffff910e8841b820 Token=0xffff810679da1e50 Model=7 TokenSize=0 TokenData=4228 Flags=0x0 CustomDuration=0 VmBusChannel=0x0"
"15:32:19.3321108","184","4744","4980","hContext=3221228416 hWindow=0x0 VidPnSourceId=0 FlipInterval=0 Flags=32768 ReturnStatus=0 hSrcAllocHandle=0xc0003880 hDstAllocHandle=0x0"
"15:32:19.3321489","172","4","4712","hAdapter=0xffff910e8e19c000 Token=0xffff810679da1e50 Model=0 TokenSize=0 TokenData=0 Flags=0x0 CustomDuration=0 VmBusChannel=0x0"
"15:32:19.4580384","184","12852","3792","hContext=1073759680 hWindow=0x0 VidPnSourceId=0 FlipInterval=1 Flags=4198404 ReturnStatus=0 hSrcAllocHandle=0x40005e00 hDstAllocHandle=0x0"
"15:32:19.4740642","184","12852","3792","hContext=1073759680 hWindow=0x0 VidPnSourceId=0 FlipInterval=1 Flags=4198404 ReturnStatus=0 hSrcAllocHandle=0x800043c0 hDstAllocHandle=0x0"
"15:32:19.4908634","184","12852","3792","hContext=1073759680 hWindow=0x0 VidPnSourceId=0 FlipInterval=1 Flags=4198404 ReturnStatus=0 hSrcAllocHandle=0x40005c80 hDstAllocHandle=0x0"
"15:32:19.4985275","184","12852","3792","hContext=1073759680 hWindow=0x0 VidPnSourceId=0 FlipInterval=1 Flags=4198404 ReturnStatus=0 hSrcAllocHandle=0x40005e00 hDstAllocHandle=0x0"
"15:32:19.5153903","184","12852","3792","hContext=1073759680 hWindow=0x0 VidPnSourceId=0 FlipInterval=1 Flags=4198404 ReturnStatus=0 hSrcAllocHandle=0x800043c0 hDstAllocHandle=0x0"
"15:32:19.5295242","184","12852","3792","hContext=1073759680 hWindow=0x0 VidPnSourceId=0 FlipInterval=1 Flags=4198404 ReturnStatus=0 hSrcAllocHandle=0x40005c80 hDstAllocHandle=0x0"
"15:32:19.5460329","184","12852","3792","hContext=1073759680 hWindow=0x0 VidPnSourceId=0 FlipInterval=1 Flags=4198404 ReturnStatus=0 hSrcAllocHandle=0x40005e00 hDstAllocHandle=0x0"
"15:32:19.5647565","184","12852","3792","hContext=1073759680 hWindow=0x0 VidPnSourceId=0 FlipInterval=1 Flags=4198404 ReturnStatus=0 hSrcAllocHandle=0x800043c0 hDstAllocHandle=0x0"
"15:32:19.5797869","184","12852","3792","hContext=1073759680 hWindow=0x0 VidPnSourceId=0 FlipInterval=1 Flags=4198404 ReturnStatus=0 hSrcAllocHandle=0x40005c80 hDstAllocHandle=0x0"
"15:32:19.5974707","184","12852","3792","hContext=1073759680 hWindow=0x0 VidPnSourceId=0 FlipInterval=1 Flags=4198404 ReturnStatus=0 hSrcAllocHandle=0x40005e00 hDstAllocHandle=0x0"
"15:32:19.6142462","184","12852","3792","hContext=1073759680 hWindow=0x0 VidPnSourceId=0 FlipInterval=1 Flags=4198404 ReturnStatus=0 hSrcAllocHandle=0x800043c0 hDstAllocHandle=0x0"
"15:32:19.6313846","184","12852","3792","hContext=1073759680 hWindow=0x0 VidPnSourceId=0 FlipInterval=1 Flags=4198404 ReturnStatus=0 hSrcAllocHandle=0x40005c80 hDstAllocHandle=0x0"
"15:32:19.6790684","171","12852","13196","hAdapter=0xffff910e86eb4820 Token=0xffff810669b4d160 Model=7 TokenSize=0 TokenData=4224 Flags=0x0 CustomDuration=0 VmBusChannel=0x0"
"15:32:19.6790892","184","12852","13196","hContext=1073742528 hWindow=0x0 VidPnSourceId=0 FlipInterval=0 Flags=32768 ReturnStatus=0 hSrcAllocHandle=0x40000540 hDstAllocHandle=0x0"
"15:32:19.6792480","172","4","876","hAdapter=0xffff910e8cd5c000 Token=0xffff810669b4d160 Model=0 TokenSize=0 TokenData=0 Flags=0x0 CustomDuration=0 VmBusChannel=0x0"
"15:32:19.6951826","184","12852","3792","hContext=1073759680 hWindow=0x0 VidPnSourceId=0 FlipInterval=1 Flags=4198404 ReturnStatus=0 hSrcAllocHandle=0x40005e00 hDstAllocHandle=0x0"
"15:32:19.7172059","184","12852","3792","hContext=1073759680 hWindow=0x0 VidPnSourceId=0 FlipInterval=1 Flags=4198404 ReturnStatus=0 hSrcAllocHandle=0x800043c0 hDstAllocHandle=0x0"
"15:32:19.7301153","184","12852","3792","hContext=1073759680 hWindow=0x0 VidPnSourceId=0 FlipInterval=1 Flags=4198404 ReturnStatus=0 hSrcAllocHandle=0x40005c80 hDstAllocHandle=0x0"
"15:32:19.8549907","184","12852","3792","hContext=1073759680 hWindow=0x0 VidPnSourceId=0 FlipInterval=1 Flags=4198404 ReturnStatus=0 hSrcAllocHandle=0x40005e00 hDstAllocHandle=0x0"
"15:32:19.8633610","184","12852","3792","hContext=1073759680 hWindow=0x0 VidPnSourceId=0 FlipInterval=1 Flags=4198404 ReturnStatus=0 hSrcAllocHandle=0x800043c0 hDstAllocHandle=0x0"
"15:32:19.8795721","184","12852","3792","hContext=1073759680 hWindow=0x0 VidPnSourceId=0 FlipInterval=1 Flags=4198404 ReturnStatus=0 hSrcAllocHandle=0x40005c80 hDstAllocHandle=0x0"
"15:32:19.8987063","184","12852","3792","hContext=1073759680 hWindow=0x0 VidPnSourceId=0 FlipInterval=1 Flags=4198404 ReturnStatus=0 hSrcAllocHandle=0x40005e00 hDstAllocHandle=0x0"
"15:32:19.9129298","184","12852","3792","hContext=1073759680 hWindow=0x0 VidPnSourceId=0 FlipInterval=1 Flags=4198404 ReturnStatus=0 hSrcAllocHandle=0x800043c0 hDstAllocHandle=0x0"
"15:32:19.9295619","184","12852","3792","hContext=1073759680 hWindow=0x0 VidPnSourceId=0 FlipInterval=1 Flags=4198404 ReturnStatus=0 hSrcAllocHandle=0x40005c80 hDstAllocHandle=0x0"
"15:32:19.9462655","184","12852","3792","hContext=1073759680 hWindow=0x0 VidPnSourceId=0 FlipInterval=1 Flags=4198404 ReturnStatus=0 hSrcAllocHandle=0x40005e00 hDstAllocHandle=0x0"
"15:32:19.9632358","184","12852","3792","hContext=1073759680 hWindow=0x0 VidPnSourceId=0 FlipInterval=1 Flags=4198404 ReturnStatus=0 hSrcAllocHandle=0x800043c0 hDstAllocHandle=0x0"
"15:32:19.9800841","184","12852","3792","hContext=1073759680 hWindow=0x0 VidPnSourceId=0 FlipInterval=1 Flags=4198404 ReturnStatus=0 hSrcAllocHandle=0x40005c80 hDstAllocHandle=0x0"
"15:32:19.9964493","184","12852","3792","hContext=1073759680 hWindow=0x0 VidPnSourceId=0 FlipInterval=1 Flags=4198404 ReturnStatus=0 hSrcAllocHandle=0x40005e00 hDstAllocHandle=0x0"
"15:32:20.0133373","184","12852","3792","hContext=1073759680 hWindow=0x0 VidPnSourceId=0 FlipInterval=1 Flags=4198404 ReturnStatus=0 hSrcAllocHandle=0x800043c0 hDstAllocHandle=0x0"
"15:32:20.0300326","184","12852","3792","hContext=1073759680 hWindow=0x0 VidPnSourceId=0 FlipInterval=1 Flags=4198404 ReturnStatus=0 hSrcAllocHandle=0x40005c80 hDstAllocHandle=0x0"
"15:32:20.0464884","184","12852","3792","hContext=1073759680 hWindow=0x0 VidPnSourceId=0 FlipInterval=1 Flags=4198404 ReturnStatus=0 hSrcAllocHandle=0x40005e00 hDstAllocHandle=0x0"
"15:32:20.0633162","184","12852","3792","hContext=1073759680 hWindow=0x0 VidPnSourceId=0 FlipInterval=1 Flags=4198404 ReturnStatus=0 hSrcAllocHandle=0x800043c0 hDstAllocHandle=0x0"
"15:32:20.0800754","184","12852","3792","hContext=1073759680 hWindow=0x0 VidPnSourceId=0 FlipInterval=1 Flags=4198404 ReturnStatus=0 hSrcAllocHandle=0x40005c80 hDstAllocHandle=0x0"
"15:32:20.0964908","184","12852","3792","hContext=1073759680 hWindow=0x0 VidPnSourceId=0 FlipInterval=1 Flags=4198404 ReturnStatus=0 hSrcAllocHandle=0x40005e00 hDstAllocHandle=0x0"
"15:32:20.1136443","184","12852","3792","hContext=1073759680 hWindow=0x0 VidPnSourceId=0 FlipInterval=1 Flags=4198404 ReturnStatus=0 hSrcAllocHandle=0x800043c0 hDstAllocHandle=0x0"
"15:32:20.1410880","184","12852","3792","hContext=1073759680 hWindow=0x0 VidPnSourceId=0 FlipInterval=1 Flags=4198404 ReturnStatus=0 hSrcAllocHandle=0x40005c80 hDstAllocHandle=0x0"
"15:32:20.1485593","184","12852","3792","hContext=1073759680 hWindow=0x0 VidPnSourceId=0 FlipInterval=1 Flags=4198404 ReturnStatus=0 hSrcAllocHandle=0x40005e00 hDstAllocHandle=0x0"
"15:32:20.1653623","184","12852","3792","hContext=1073759680 hWindow=0x0 VidPnSourceId=0 FlipInterval=1 Flags=4198404 ReturnStatus=0 hSrcAllocHandle=0x800043c0 hDstAllocHandle=0x0"
"15:32:20.1798987","184","12852","3792","hContext=1073759680 hWindow=0x0 VidPnSourceId=0 FlipInterval=1 Flags=4198404 ReturnStatus=0 hSrcAllocHandle=0x40005c80 hDstAllocHandle=0x0"
"15:32:20.2241868","171","12852","13196","hAdapter=0xffff910e86eb4820 Token=0xffff810669b4d160 Model=7 TokenSize=0 TokenData=4252 Flags=0x0 CustomDuration=0 VmBusChannel=0x0"
"15:32:20.2242050","184","12852","13196","hContext=1073742528 hWindow=0x0 VidPnSourceId=0 FlipInterval=0 Flags=32768 ReturnStatus=0 hSrcAllocHandle=0x40000540 hDstAllocHandle=0x0"
"15:32:20.2242410","172","4","880","hAdapter=0xffff910e8cd5c000 Token=0xffff810669b4d160 Model=0 TokenSize=0 TokenData=0 Flags=0x0 CustomDuration=0 VmBusChannel=0x0"
"15:32:20.3124213","184","12852","3792","hContext=1073759680 hWindow=0x0 VidPnSourceId=0 FlipInterval=1 Flags=4198404 ReturnStatus=0 hSrcAllocHandle=0x40005e00 hDstAllocHandle=0x0"
"15:32:20.3321817","184","12852","3792","hContext=1073759680 hWindow=0x0 VidPnSourceId=0 FlipInterval=1 Flags=4198404 ReturnStatus=0 hSrcAllocHandle=0x800043c0 hDstAllocHandle=0x0"
"15:32:20.3447220","184","12852","3792","hContext=1073759680 hWindow=0x0 VidPnSourceId=0 FlipInterval=1 Flags=4198404 ReturnStatus=0 hSrcAllocHandle=0x40005c80 hDstAllocHandle=0x0"
"15:32:20.3876712","215","7292","1712","hAdapter=0xffff910e86eb4820 Token=0xffff810669b4d160 Model=2 TokenSize=0 TokenData=1440 Flags=0x2000080 CustomDuration=0 ScrollRect.left=0 ScrollRect.right=0 ScrollRect.top=0 ScrollRect.bottom=0 ScrollOffset.X=0 ScrollOffset.Y=0 DirtyRectCount=1 Left=0 Right=961 Top=0 Bottom=1152 SourceRect.left=0 SourceRect.right=961 SourceRect.top=0 SourceRect.bottom=1152 DestWidth=961 DestHeight=1152 TargetRect.left=0 TargetRect.right=0 TargetRect.top=0 TargetRect.bottom=0 VmBusChannel=0x0"
"15:32:20.3876827","184","7292","1712","hContext=1073743104 hWindow=0x0 VidPnSourceId=0 FlipInterval=0 Flags=36864 ReturnStatus=0 hSrcAllocHandle=0x40000600 hDstAllocHandle=0x0"
"15:32:20.3951223","172","4","876","hAdapter=0xffff910e8cd5c000 Token=0xffff810669b4d160 Model=0 TokenSize=0 TokenData=0 Flags=0x0 CustomDuration=0 VmBusChannel=0x0"
"15:32:20.4451214","184","12852","3792","hContext=1073759680 hWindow=0x0 VidPnSourceId=0 FlipInterval=1 Flags=4198404 ReturnStatus=0 hSrcAllocHandle=0x40005e00 hDstAllocHandle=0x0"
"15:32:20.5491246","184","12852","3792","hContext=1073759680 hWindow=0x0 VidPnSourceId=0 FlipInterval=1 Flags=4198404 ReturnStatus=0 hSrcAllocHandle=0x800043c0 hDstAllocHandle=0x0"
"15:32:20.5613201","184","12852","3792","hContext=1073759680 hWindow=0x0 VidPnSourceId=0 FlipInterval=1 Flags=4198404 ReturnStatus=0 hSrcAllocHandle=0x40005c80 hDstAllocHandle=0x0"
"15:32:20.6561238","184","12852","3792","hContext=1073759680 hWindow=0x0 VidPnSourceId=0 FlipInterval=1 Flags=4198404 ReturnStatus=0 hSrcAllocHandle=0x40005e00 hDstAllocHandle=0x0"
"15:32:20.6641651","184","12852","3792","hContext=1073759680 hWindow=0x0 VidPnSourceId=0 FlipInterval=1 Flags=4198404 ReturnStatus=0 hSrcAllocHandle=0x800043c0 hDstAllocHandle=0x0"
"15:32:20.7675212","184","12852","3792","hContext=1073759680 hWindow=0x0 VidPnSourceId=0 FlipInterval=1 Flags=4198404 ReturnStatus=0 hSrcAllocHandle=0x40005c80 hDstAllocHandle=0x0"
"15:32:20.7679413","171","12852","13196","hAdapter=0xffff910e86eb4820 Token=0xffff810669b4d160 Model=7 TokenSize=0 TokenData=4272 Flags=0x0 CustomDuration=0 VmBusChannel=0x0"
"15:32:20.7679607","184","12852","13196","hContext=1073742528 hWindow=0x0 VidPnSourceId=0 FlipInterval=0 Flags=32768 ReturnStatus=0 hSrcAllocHandle=0x40000540 hDstAllocHandle=0x0"
"15:32:20.7681087","172","4","876","hAdapter=0xffff910e8cd5c000 Token=0xffff810669b4d160 Model=0 TokenSize=0 TokenData=0 Flags=0x0 CustomDuration=0 VmBusChannel=0x0"
"15:32:20.7800959","184","12852","3792","hContext=1073759680 hWindow=0x0 VidPnSourceId=0 FlipInterval=1 Flags=4198404 ReturnStatus=0 hSrcAllocHandle=0x40005e00 hDstAllocHandle=0x0"
"15:32:20.8805390","184","12852","3792","hContext=1073759680 hWindow=0x0 VidPnSourceId=0 FlipInterval=1 Flags=4198404 ReturnStatus=0 hSrcAllocHandle=0x800043c0 hDstAllocHandle=0x0"
"15:32:20.9868549","184","12852","3792","hContext=1073759680 hWindow=0x0 VidPnSourceId=0 FlipInterval=1 Flags=4198404 ReturnStatus=0 hSrcAllocHandle=0x40005c80 hDstAllocHandle=0x0"
"15:32:20.9950715","184","12852","3792","hContext=1073759680 hWindow=0x0 VidPnSourceId=0 FlipInterval=1 Flags=4198404 ReturnStatus=0 hSrcAllocHandle=0x40005e00 hDstAllocHandle=0x0"
"15:32:21.0935015","184","12852","3792","hContext=1073759680 hWindow=0x0 VidPnSourceId=0 FlipInterval=1 Flags=4198404 ReturnStatus=0 hSrcAllocHandle=0x800043c0 hDstAllocHandle=0x0"
"15:32:21.0953338","184","12852","3792","hContext=1073759680 hWindow=0x0 VidPnSourceId=0 FlipInterval=1 Flags=4198404 ReturnStatus=0 hSrcAllocHandle=0x40005c80 hDstAllocHandle=0x0"
"15:32:21.2067612","184","12852","3792","hContext=1073759680 hWindow=0x0 VidPnSourceId=0 FlipInterval=1 Flags=4198404 ReturnStatus=0 hSrcAllocHandle=0x40005e00 hDstAllocHandle=0x0"
"15:32:21.2175324","184","12852","3792","hContext=1073759680 hWindow=0x0 VidPnSourceId=0 FlipInterval=1 Flags=4198404 ReturnStatus=0 hSrcAllocHandle=0x800043c0 hDstAllocHandle=0x0"
"15:32:21.3139713","184","12852","3792","hContext=1073759680 hWindow=0x0 VidPnSourceId=0 FlipInterval=1 Flags=4198404 ReturnStatus=0 hSrcAllocHandle=0x40005c80 hDstAllocHandle=0x0"
"15:32:21.3148465","171","12852","13196","hAdapter=0xffff910e86eb4820 Token=0xffff810669b4d160 Model=7 TokenSize=0 TokenData=4244 Flags=0x0 CustomDuration=0 VmBusChannel=0x0"
"15:32:21.3148721","184","12852","13196","hContext=1073742528 hWindow=0x0 VidPnSourceId=0 FlipInterval=0 Flags=32768 ReturnStatus=0 hSrcAllocHandle=0x40000540 hDstAllocHandle=0x0"
"15:32:21.3152287","172","4","876","hAdapter=0xffff910e8cd5c000 Token=0xffff810669b4d160 Model=0 TokenSize=0 TokenData=0 Flags=0x0 CustomDuration=0 VmBusChannel=0x0"
"15:32:21.3353061","184","12852","3792","hContext=1073759680 hWindow=0x0 VidPnSourceId=0 FlipInterval=1 Flags=4198404 ReturnStatus=0 hSrcAllocHandle=0x40005e00 hDstAllocHandle=0x0"
"15:32:21.4959754","184","12852","3792","hContext=1073759680 hWindow=0x0 VidPnSourceId=0 FlipInterval=1 Flags=4198404 ReturnStatus=0 hSrcAllocHandle=0x800043c0 hDstAllocHandle=0x0"
"15:32:21.5322677","184","12852","3792","hContext=1073759680 hWindow=0x0 VidPnSourceId=0 FlipInterval=1 Flags=4198404 ReturnStatus=0 hSrcAllocHandle=0x40005c80 hDstAllocHandle=0x0"
"15:32:21.5455735","184","12852","3792","hContext=1073759680 hWindow=0x0 VidPnSourceId=0 FlipInterval=1 Flags=4198404 ReturnStatus=0 hSrcAllocHandle=0x40005e00 hDstAllocHandle=0x0"
"15:32:21.6450579","184","12852","3792","hContext=1073759680 hWindow=0x0 VidPnSourceId=0 FlipInterval=1 Flags=4198404 ReturnStatus=0 hSrcAllocHandle=0x800043c0 hDstAllocHandle=0x0"
"15:32:21.6622881","184","12852","3792","hContext=1073759680 hWindow=0x0 VidPnSourceId=0 FlipInterval=1 Flags=4198404 ReturnStatus=0 hSrcAllocHandle=0x40005c80 hDstAllocHandle=0x0"
"15:32:21.7511475","184","12852","3792","hContext=1073759680 hWindow=0x0 VidPnSourceId=0 FlipInterval=1 Flags=4198404 ReturnStatus=0 hSrcAllocHandle=0x40005e00 hDstAllocHandle=0x0"
"15:32:21.7639030","184","12852","3792","hContext=1073759680 hWindow=0x0 VidPnSourceId=0 FlipInterval=1 Flags=4198404 ReturnStatus=0 hSrcAllocHandle=0x800043c0 hDstAllocHandle=0x0"
"15:32:21.8643687","171","12852","13196","hAdapter=0xffff910e86eb4820 Token=0xffff810669b4d160 Model=7 TokenSize=0 TokenData=4048 Flags=0x0 CustomDuration=0 VmBusChannel=0x0"
"15:32:21.8643871","184","12852","13196","hContext=1073742528 hWindow=0x0 VidPnSourceId=0 FlipInterval=0 Flags=32768 ReturnStatus=0 hSrcAllocHandle=0x40000540 hDstAllocHandle=0x0"
"15:32:21.8645712","184","12852","3792","hContext=1073759680 hWindow=0x0 VidPnSourceId=0 FlipInterval=1 Flags=4198404 ReturnStatus=0 hSrcAllocHandle=0x40005c80 hDstAllocHandle=0x0"
"15:32:21.8646032","172","4","876","hAdapter=0xffff910e8cd5c000 Token=0xffff810669b4d160 Model=0 TokenSize=0 TokenData=0 Flags=0x0 CustomDuration=0 VmBusChannel=0x0"
"15:32:21.8831639","184","12852","3792","hContext=1073759680 hWindow=0x0 VidPnSourceId=0 FlipInterval=1 Flags=4198404 ReturnStatus=0 hSrcAllocHandle=0x40005e00 hDstAllocHandle=0x0"
"15:32:21.9798863","184","12852","3792","hContext=1073759680 hWindow=0x0 VidPnSourceId=0 FlipInterval=1 Flags=4198404 ReturnStatus=0 hSrcAllocHandle=0x800043c0 hDstAllocHandle=0x0"
"15:32:22.0814949","184","12852","3792","hContext=1073759680 hWindow=0x0 VidPnSourceId=0 FlipInterval=1 Flags=4198404 ReturnStatus=0 hSrcAllocHandle=0x40005c80 hDstAllocHandle=0x0"
"15:32:22.0959273","184","12852","3792","hContext=1073759680 hWindow=0x0 VidPnSourceId=0 FlipInterval=1 Flags=4198404 ReturnStatus=0 hSrcAllocHandle=0x40005e00 hDstAllocHandle=0x0"
"15:32:22.1886508","184","12852","3792","hContext=1073759680 hWindow=0x0 VidPnSourceId=0 FlipInterval=1 Flags=4198404 ReturnStatus=0 hSrcAllocHandle=0x800043c0 hDstAllocHandle=0x0"
"15:32:22.1961148","184","12852","3792","hContext=1073759680 hWindow=0x0 VidPnSourceId=0 FlipInterval=1 Flags=4198404 ReturnStatus=0 hSrcAllocHandle=0x40005c80 hDstAllocHandle=0x0"
"15:32:22.3012238","184","12852","3792","hContext=1073759680 hWindow=0x0 VidPnSourceId=0 FlipInterval=1 Flags=4198404 ReturnStatus=0 hSrcAllocHandle=0x40005e00 hDstAllocHandle=0x0"
"15:32:22.3128345","184","12852","3792","hContext=1073759680 hWindow=0x0 VidPnSourceId=0 FlipInterval=1 Flags=4198404 ReturnStatus=0 hSrcAllocHandle=0x800043c0 hDstAllocHandle=0x0"
"15:32:22.3643311","184","12852","3792","hContext=1073759680 hWindow=0x0 VidPnSourceId=0 FlipInterval=1 Flags=4198404 ReturnStatus=0 hSrcAllocHandle=0x40005c80 hDstAllocHandle=0x0"
"15:32:22.4057131","184","12852","3792","hContext=1073759680 hWindow=0x0 VidPnSourceId=0 FlipInterval=1 Flags=4198404 ReturnStatus=0 hSrcAllocHandle=0x40005e00 hDstAllocHandle=0x0"
"15:32:22.4059150","171","12852","13196","hAdapter=0xffff910e86eb4820 Token=0xffff810669b4d160 Model=7 TokenSize=0 TokenData=4052 Flags=0x0 CustomDuration=0 VmBusChannel=0x0"
"15:32:22.4059341","184","12852","13196","hContext=1073742528 hWindow=0x0 VidPnSourceId=0 FlipInterval=0 Flags=32768 ReturnStatus=0 hSrcAllocHandle=0x40000540 hDstAllocHandle=0x0"
"15:32:22.4060679","172","4","876","hAdapter=0xffff910e8cd5c000 Token=0xffff810669b4d160 Model=0 TokenSize=0 TokenData=0 Flags=0x0 CustomDuration=0 VmBusChannel=0x0"
"15:32:22.4149857","184","12852","3792","hContext=1073759680 hWindow=0x0 VidPnSourceId=0 FlipInterval=1 Flags=4198404 ReturnStatus=0 hSrcAllocHandle=0x800043c0 hDstAllocHandle=0x0"
"15:32:22.5297156","184","12852","3792","hContext=1073759680 hWindow=0x0 VidPnSourceId=0 FlipInterval=1 Flags=4198404 ReturnStatus=0 hSrcAllocHandle=0x40005c80 hDstAllocHandle=0x0"
"15:32:22.7704119","184","12852","3792","hContext=1073759680 hWindow=0x0 VidPnSourceId=0 FlipInterval=1 Flags=4198404 ReturnStatus=0 hSrcAllocHandle=0x40005e00 hDstAllocHandle=0x0"
"15:32:22.7800482","184","12852","3792","hContext=1073759680 hWindow=0x0 VidPnSourceId=0 FlipInterval=1 Flags=4198404 ReturnStatus=0 hSrcAllocHandle=0x800043c0 hDstAllocHandle=0x0"
"15:32:22.8485141","184","12852","3792","hContext=1073759680 hWindow=0x0 VidPnSourceId=0 FlipInterval=1 Flags=4198404 ReturnStatus=0 hSrcAllocHandle=0x40005c80 hDstAllocHandle=0x0"
"15:32:22.8631094","184","12852","3792","hContext=1073759680 hWindow=0x0 VidPnSourceId=0 FlipInterval=1 Flags=4198404 ReturnStatus=0 hSrcAllocHandle=0x40005e00 hDstAllocHandle=0x0"
"15:32:22.9579423","184","12852","3792","hContext=1073759680 hWindow=0x0 VidPnSourceId=0 FlipInterval=1 Flags=4198404 ReturnStatus=0 hSrcAllocHandle=0x800043c0 hDstAllocHandle=0x0"
"15:32:22.9598203","171","12852","13196","hAdapter=0xffff910e86eb4820 Token=0xffff810669b4d160 Model=7 TokenSize=0 TokenData=4228 Flags=0x0 CustomDuration=0 VmBusChannel=0x0"
"15:32:22.9598466","184","12852","13196","hContext=1073742528 hWindow=0x0 VidPnSourceId=0 FlipInterval=0 Flags=32768 ReturnStatus=0 hSrcAllocHandle=0x40000540 hDstAllocHandle=0x0"
"15:32:22.9598685","172","4","880","hAdapter=0xffff910e8cd5c000 Token=0xffff810669b4d160 Model=0 TokenSize=0 TokenData=0 Flags=0x0 CustomDuration=0 VmBusChannel=0x0"
"15:32:22.9652367","184","12852","3792","hContext=1073759680 hWindow=0x0 VidPnSourceId=0 FlipInterval=1 Flags=4198404 ReturnStatus=0 hSrcAllocHandle=0x40005c80 hDstAllocHandle=0x0"
"15:32:23.0635468","184","12852","3792","hContext=1073759680 hWindow=0x0 VidPnSourceId=0 FlipInterval=1 Flags=4198404 ReturnStatus=0 hSrcAllocHandle=0x40005e00 hDstAllocHandle=0x0"
"15:32:23.1701851","184","12852","3792","hContext=1073759680 hWindow=0x0 VidPnSourceId=0 FlipInterval=1 Flags=4198404 ReturnStatus=0 hSrcAllocHandle=0x800043c0 hDstAllocHandle=0x0"
"15:32:23.1809894","184","12852","3792","hContext=1073759680 hWindow=0x0 VidPnSourceId=0 FlipInterval=1 Flags=4198404 ReturnStatus=0 hSrcAllocHandle=0x40005c80 hDstAllocHandle=0x0"
"15:32:23.2806662","184","12852","3792","hContext=1073759680 hWindow=0x0 VidPnSourceId=0 FlipInterval=1 Flags=4198404 ReturnStatus=0 hSrcAllocHandle=0x40005e00 hDstAllocHandle=0x0"
"15:32:23.2973509","184","12852","3792","hContext=1073759680 hWindow=0x0 VidPnSourceId=0 FlipInterval=1 Flags=4198404 ReturnStatus=0 hSrcAllocHandle=0x800043c0 hDstAllocHandle=0x0"
"15:32:23.3609586","184","12852","3792","hContext=1073759680 hWindow=0x0 VidPnSourceId=0 FlipInterval=1 Flags=4198404 ReturnStatus=0 hSrcAllocHandle=0x40005c80 hDstAllocHandle=0x0"
"15:32:23.3915900","184","12852","3792","hContext=1073759680 hWindow=0x0 VidPnSourceId=0 FlipInterval=1 Flags=4198404 ReturnStatus=0 hSrcAllocHandle=0x40005e00 hDstAllocHandle=0x0"
"15:32:23.3973311","184","12852","3792","hContext=1073759680 hWindow=0x0 VidPnSourceId=0 FlipInterval=1 Flags=4198404 ReturnStatus=0 hSrcAllocHandle=0x800043c0 hDstAllocHandle=0x0"
"15:32:23.5025113","184","12852","3792","hContext=1073759680 hWindow=0x0 VidPnSourceId=0 FlipInterval=1 Flags=4198404 ReturnStatus=0 hSrcAllocHandle=0x40005c80 hDstAllocHandle=0x0"
"15:32:23.5028187","171","12852","13196","hAdapter=0xffff910e86eb4820 Token=0xffff810669b4d160 Model=7 TokenSize=0 TokenData=4264 Flags=0x0 CustomDuration=0 VmBusChannel=0x0"
"15:32:23.5028367","184","12852","13196","hContext=1073742528 hWindow=0x0 VidPnSourceId=0 FlipInterval=0 Flags=32768 ReturnStatus=0 hSrcAllocHandle=0x40000540 hDstAllocHandle=0x0"
"15:32:23.5029807","172","4","876","hAdapter=0xffff910e8cd5c000 Token=0xffff810669b4d160 Model=0 TokenSize=0 TokenData=0 Flags=0x0 CustomDuration=0 VmBusChannel=0x0"
"15:32:23.5162080","184","12852","3792","hContext=1073759680 hWindow=0x0 VidPnSourceId=0 FlipInterval=1 Flags=4198404 ReturnStatus=0 hSrcAllocHandle=0x40005e00 hDstAllocHandle=0x0"
"15:32:23.6143156","184","12852","3792","hContext=1073759680 hWindow=0x0 VidPnSourceId=0 FlipInterval=1 Flags=4198404 ReturnStatus=0 hSrcAllocHandle=0x800043c0 hDstAllocHandle=0x0"
"15:32:23.7211549","184","12852","3792","hContext=1073759680 hWindow=0x0 VidPnSourceId=0 FlipInterval=1 Flags=4198404 ReturnStatus=0 hSrcAllocHandle=0x40005c80 hDstAllocHandle=0x0"
"15:32:23.7311305","184","12852","3792","hContext=1073759680 hWindow=0x0 VidPnSourceId=0 FlipInterval=1 Flags=4198404 ReturnStatus=0 hSrcAllocHandle=0x40005e00 hDstAllocHandle=0x0"
"15:32:23.8300050","184","12852","3792","hContext=1073759680 hWindow=0x0 VidPnSourceId=0 FlipInterval=1 Flags=4198404 ReturnStatus=0 hSrcAllocHandle=0x800043c0 hDstAllocHandle=0x0"
"15:32:23.9947382","184","12852","3792","hContext=1073759680 hWindow=0x0 VidPnSourceId=0 FlipInterval=1 Flags=4198404 ReturnStatus=0 hSrcAllocHandle=0x40005c80 hDstAllocHandle=0x0"
"15:32:24.0518902","184","12852","3792","hContext=1073759680 hWindow=0x0 VidPnSourceId=0 FlipInterval=1 Flags=4198404 ReturnStatus=0 hSrcAllocHandle=0x40005e00 hDstAllocHandle=0x0"
"15:32:24.0533343","171","12852","13196","hAdapter=0xffff910e86eb4820 Token=0xffff810669b4d160 Model=7 TokenSize=0 TokenData=4104 Flags=0x0 CustomDuration=0 VmBusChannel=0x0"
"15:32:24.0533824","172","4","880","hAdapter=0xffff910e8cd5c000 Token=0xffff810669b4d160 Model=0 TokenSize=0 TokenData=0 Flags=0x0 CustomDuration=0 VmBusChannel=0x0"
"15:32:24.0534011","184","12852","13196","hContext=1073742528 hWindow=0x0 VidPnSourceId=0 FlipInterval=0 Flags=32768 ReturnStatus=0 hSrcAllocHandle=0x40000540 hDstAllocHandle=0x0"
"15:32:24.0663685","184","12852","3792","hContext=1073759680 hWindow=0x0 VidPnSourceId=0 FlipInterval=1 Flags=4198404 ReturnStatus=0 hSrcAllocHandle=0x800043c0 hDstAllocHandle=0x0"
"15:32:24.1646185","184","12852","3792","hContext=1073759680 hWindow=0x0 VidPnSourceId=0 FlipInterval=1 Flags=4198404 ReturnStatus=0 hSrcAllocHandle=0x40005c80 hDstAllocHandle=0x0"
"15:32:24.2689412","184","12852","3792","hContext=1073759680 hWindow=0x0 VidPnSourceId=0 FlipInterval=1 Flags=4198404 ReturnStatus=0 hSrcAllocHandle=0x40005e00 hDstAllocHandle=0x0"
"15:32:24.2815896","184","12852","3792","hContext=1073759680 hWindow=0x0 VidPnSourceId=0 FlipInterval=1 Flags=4198404 ReturnStatus=0 hSrcAllocHandle=0x800043c0 hDstAllocHandle=0x0"
"15:32:24.3765712","184","12852","3792","hContext=1073759680 hWindow=0x0 VidPnSourceId=0 FlipInterval=1 Flags=4198404 ReturnStatus=0 hSrcAllocHandle=0x40005c80 hDstAllocHandle=0x0"
"15:32:24.3811989","184","12852","3792","hContext=1073759680 hWindow=0x0 VidPnSourceId=0 FlipInterval=1 Flags=4198404 ReturnStatus=0 hSrcAllocHandle=0x40005e00 hDstAllocHandle=0x0"
"15:32:24.4833201","184","12852","3792","hContext=1073759680 hWindow=0x0 VidPnSourceId=0 FlipInterval=1 Flags=4198404 ReturnStatus=0 hSrcAllocHandle=0x800043c0 hDstAllocHandle=0x0"
"15:32:24.4982687","184","12852","3792","hContext=1073759680 hWindow=0x0 VidPnSourceId=0 FlipInterval=1 Flags=4198404 ReturnStatus=0 hSrcAllocHandle=0x40005c80 hDstAllocHandle=0x0"
"15:32:24.5942671","184","12852","3792","hContext=1073759680 hWindow=0x0 VidPnSourceId=0 FlipInterval=1 Flags=4198404 ReturnStatus=0 hSrcAllocHandle=0x40005e00 hDstAllocHandle=0x0"
"15:32:24.5946038","171","12852","13196","hAdapter=0xffff910e86eb4820 Token=0xffff810669b4d160 Model=7 TokenSize=0 TokenData=4172 Flags=0x0 CustomDuration=0 VmBusChannel=0x0"
"15:32:24.5946163","184","12852","13196","hContext=1073742528 hWindow=0x0 VidPnSourceId=0 FlipInterval=0 Flags=32768 ReturnStatus=0 hSrcAllocHandle=0x40000540 hDstAllocHandle=0x0"
"15:32:24.5948057","172","4","876","hAdapter=0xffff910e8cd5c000 Token=0xffff810669b4d160 Model=0 TokenSize=0 TokenData=0 Flags=0x0 CustomDuration=0 VmBusChannel=0x0"
"15:32:24.5996822","184","12852","3792","hContext=1073759680 hWindow=0x0 VidPnSourceId=0 FlipInterval=1 Flags=4198404 ReturnStatus=0 hSrcAllocHandle=0x800043c0 hDstAllocHandle=0x0"
"15:32:24.7148493","184","12852","3792","hContext=1073759680 hWindow=0x0 VidPnSourceId=0 FlipInterval=1 Flags=4198404 ReturnStatus=0 hSrcAllocHandle=0x40005c80 hDstAllocHandle=0x0"
"15:32:24.8124891","184","12852","3792","hContext=1073759680 hWindow=0x0 VidPnSourceId=0 FlipInterval=1 Flags=4198404 ReturnStatus=0 hSrcAllocHandle=0x40005e00 hDstAllocHandle=0x0"
"15:32:24.8148671","184","12852","3792","hContext=1073759680 hWindow=0x0 VidPnSourceId=0 FlipInterval=1 Flags=4198404 ReturnStatus=0 hSrcAllocHandle=0x800043c0 hDstAllocHandle=0x0"
"15:32:24.8705230","184","12852","3792","hContext=1073759680 hWindow=0x0 VidPnSourceId=0 FlipInterval=1 Flags=4198404 ReturnStatus=0 hSrcAllocHandle=0x40005c80 hDstAllocHandle=0x0"
"15:32:24.9252864","184","12852","3792","hContext=1073759680 hWindow=0x0 VidPnSourceId=0 FlipInterval=1 Flags=4198404 ReturnStatus=0 hSrcAllocHandle=0x40005e00 hDstAllocHandle=0x0"
"15:32:24.9320992","184","12852","3792","hContext=1073759680 hWindow=0x0 VidPnSourceId=0 FlipInterval=1 Flags=4198404 ReturnStatus=0 hSrcAllocHandle=0x800043c0 hDstAllocHandle=0x0"
"15:32:25.0360146","184","12852","3792","hContext=1073759680 hWindow=0x0 VidPnSourceId=0 FlipInterval=1 Flags=4198404 ReturnStatus=0 hSrcAllocHandle=0x40005c80 hDstAllocHandle=0x0"
"15:32:25.0485999","184","12852","3792","hContext=1073759680 hWindow=0x0 VidPnSourceId=0 FlipInterval=1 Flags=4198404 ReturnStatus=0 hSrcAllocHandle=0x40005e00 hDstAllocHandle=0x0"
"15:32:25.1433850","184","12852","3792","hContext=1073759680 hWindow=0x0 VidPnSourceId=0 FlipInterval=1 Flags=4198404 ReturnStatus=0 hSrcAllocHandle=0x800043c0 hDstAllocHandle=0x0"
"15:32:25.1435160","171","12852","13196","hAdapter=0xffff910e86eb4820 Token=0xffff810669b4d160 Model=7 TokenSize=0 TokenData=4048 Flags=0x0 CustomDuration=0 VmBusChannel=0x0"
"15:32:25.1435295","184","12852","13196","hContext=1073742528 hWindow=0x0 VidPnSourceId=0 FlipInterval=0 Flags=32768 ReturnStatus=0 hSrcAllocHandle=0x40000540 hDstAllocHandle=0x0"
"15:32:25.1437190","172","4","876","hAdapter=0xffff910e8cd5c000 Token=0xffff810669b4d160 Model=0 TokenSize=0 TokenData=0 Flags=0x0 CustomDuration=0 VmBusChannel=0x0"
"15:32:25.2951826","184","12852","3792","hContext=1073759680 hWindow=0x0 VidPnSourceId=0 FlipInterval=1 Flags=4198404 ReturnStatus=0 hSrcAllocHandle=0x40005c80 hDstAllocHandle=0x0"
"15:32:25.3640079","184","12852","3792","hContext=1073759680 hWindow=0x0 VidPnSourceId=0 FlipInterval=1 Flags=4198404 ReturnStatus=0 hSrcAllocHandle=0x40005e00 hDstAllocHandle=0x0"
"15:32:25.3819049","184","12852","3792","hContext=1073759680 hWindow=0x0 VidPnSourceId=0 FlipInterval=1 Flags=4198404 ReturnStatus=0 hSrcAllocHandle=0x800043c0 hDstAllocHandle=0x0"
"15:32:25.4691754","184","12852","3792","hContext=1073759680 hWindow=0x0 VidPnSourceId=0 FlipInterval=1 Flags=4198404 ReturnStatus=0 hSrcAllocHandle=0x40005c80 hDstAllocHandle=0x0"
"15:32:25.4823796","184","12852","3792","hContext=1073759680 hWindow=0x0 VidPnSourceId=0 FlipInterval=1 Flags=4198404 ReturnStatus=0 hSrcAllocHandle=0x40005e00 hDstAllocHandle=0x0"
"15:32:25.5777014","184","12852","3792","hContext=1073759680 hWindow=0x0 VidPnSourceId=0 FlipInterval=1 Flags=4198404 ReturnStatus=0 hSrcAllocHandle=0x800043c0 hDstAllocHandle=0x0"
"15:32:25.5822047","184","12852","3792","hContext=1073759680 hWindow=0x0 VidPnSourceId=0 FlipInterval=1 Flags=4198404 ReturnStatus=0 hSrcAllocHandle=0x40005c80 hDstAllocHandle=0x0"
"15:32:25.6918725","184","12852","3792","hContext=1073759680 hWindow=0x0 VidPnSourceId=0 FlipInterval=1 Flags=4198404 ReturnStatus=0 hSrcAllocHandle=0x40005e00 hDstAllocHandle=0x0"
"15:32:25.6925410","171","12852","13196","hAdapter=0xffff910e86eb4820 Token=0xffff810669b4d160 Model=7 TokenSize=0 TokenData=4292 Flags=0x0 CustomDuration=0 VmBusChannel=0x0"
"15:32:25.6925535","184","12852","13196","hContext=1073742528 hWindow=0x0 VidPnSourceId=0 FlipInterval=0 Flags=32768 ReturnStatus=0 hSrcAllocHandle=0x40000540 hDstAllocHandle=0x0"
"15:32:25.6925646","172","4","880","hAdapter=0xffff910e8cd5c000 Token=0xffff810669b4d160 Model=0 TokenSize=0 TokenData=0 Flags=0x0 CustomDuration=0 VmBusChannel=0x0"
"15:32:25.7010220","184","12852","3792","hContext=1073759680 hWindow=0x0 VidPnSourceId=0 FlipInterval=1 Flags=4198404 ReturnStatus=0 hSrcAllocHandle=0x800043c0 hDstAllocHandle=0x0"
"15:32:25.7992979","184","12852","3792","hContext=1073759680 hWindow=0x0 VidPnSourceId=0 FlipInterval=1 Flags=4198404 ReturnStatus=0 hSrcAllocHandle=0x40005c80 hDstAllocHandle=0x0"
"15:32:25.8590094","184","12852","3792","hContext=1073759680 hWindow=0x0 VidPnSourceId=0 FlipInterval=1 Flags=4198404 ReturnStatus=0 hSrcAllocHandle=0x40005e00 hDstAllocHandle=0x0"
"15:32:25.9118276","184","12852","3792","hContext=1073759680 hWindow=0x0 VidPnSourceId=0 FlipInterval=1 Flags=4198404 ReturnStatus=0 hSrcAllocHandle=0x800043c0 hDstAllocHandle=0x0"
"15:32:25.9160781","184","12852","3792","hContext=1073759680 hWindow=0x0 VidPnSourceId=0 FlipInterval=1 Flags=4198404 ReturnStatus=0 hSrcAllocHandle=0x40005c80 hDstAllocHandle=0x0"
"15:32:26.0196549","184","12852","3792","hContext=1073759680 hWindow=0x0 VidPnSourceId=0 FlipInterval=1 Flags=4198404 ReturnStatus=0 hSrcAllocHandle=0x40005e00 hDstAllocHandle=0x0"
"15:32:26.0326544","184","12852","3792","hContext=1073759680 hWindow=0x0 VidPnSourceId=0 FlipInterval=1 Flags=4198404 ReturnStatus=0 hSrcAllocHandle=0x800043c0 hDstAllocHandle=0x0"
"15:32:26.1241540","184","12852","3792","hContext=1073759680 hWindow=0x0 VidPnSourceId=0 FlipInterval=1 Flags=4198404 ReturnStatus=0 hSrcAllocHandle=0x40005c80 hDstAllocHandle=0x0"
"15:32:26.1359558","184","12852","3792","hContext=1073759680 hWindow=0x0 VidPnSourceId=0 FlipInterval=1 Flags=4198404 ReturnStatus=0 hSrcAllocHandle=0x40005e00 hDstAllocHandle=0x0"
"15:32:26.2438936","184","12852","3792","hContext=1073759680 hWindow=0x0 VidPnSourceId=0 FlipInterval=1 Flags=4198404 ReturnStatus=0 hSrcAllocHandle=0x800043c0 hDstAllocHandle=0x0"
"15:32:26.2442093","171","12852","13196","hAdapter=0xffff910e86eb4820 Token=0xffff810669b4d160 Model=7 TokenSize=0 TokenData=4260 Flags=0x0 CustomDuration=0 VmBusChannel=0x0"
"15:32:26.2442326","184","12852","13196","hContext=1073742528 hWindow=0x0 VidPnSourceId=0 FlipInterval=0 Flags=32768 ReturnStatus=0 hSrcAllocHandle=0x40000540 hDstAllocHandle=0x0"
"15:32:26.2443898","172","4","876","hAdapter=0xffff910e8cd5c000 Token=0xffff810669b4d160 Model=0 TokenSize=0 TokenData=0 Flags=0x0 CustomDuration=0 VmBusChannel=0x0"
"15:32:26.2585441","184","12852","3792","hContext=1073759680 hWindow=0x0 VidPnSourceId=0 FlipInterval=1 Flags=4198404 ReturnStatus=0 hSrcAllocHandle=0x40005c80 hDstAllocHandle=0x0"
"15:32:26.3497364","184","12852","3792","hContext=1073759680 hWindow=0x0 VidPnSourceId=0 FlipInterval=1 Flags=4198404 ReturnStatus=0 hSrcAllocHandle=0x40005e00 hDstAllocHandle=0x0"
"15:32:26.5132995","184","12852","3792","hContext=1073759680 hWindow=0x0 VidPnSourceId=0 FlipInterval=1 Flags=4198404 ReturnStatus=0 hSrcAllocHandle=0x800043c0 hDstAllocHandle=0x0"
"15:32:26.5644313","184","12852","3792","hContext=1073759680 hWindow=0x0 VidPnSourceId=0 FlipInterval=1 Flags=4198404 ReturnStatus=0 hSrcAllocHandle=0x40005c80 hDstAllocHandle=0x0"
"15:32:26.5662864","184","12852","3792","hContext=1073759680 hWindow=0x0 VidPnSourceId=0 FlipInterval=1 Flags=4198404 ReturnStatus=0 hSrcAllocHandle=0x40005e00 hDstAllocHandle=0x0"
"15:32:26.6700906","184","12852","3792","hContext=1073759680 hWindow=0x0 VidPnSourceId=0 FlipInterval=1 Flags=4198404 ReturnStatus=0 hSrcAllocHandle=0x800043c0 hDstAllocHandle=0x0"
"15:32:26.6830673","184","12852","3792","hContext=1073759680 hWindow=0x0 VidPnSourceId=0 FlipInterval=1 Flags=4198404 ReturnStatus=0 hSrcAllocHandle=0x40005c80 hDstAllocHandle=0x0"
"15:32:26.7826115","184","12852","3792","hContext=1073759680 hWindow=0x0 VidPnSourceId=0 FlipInterval=1 Flags=4198404 ReturnStatus=0 hSrcAllocHandle=0x40005e00 hDstAllocHandle=0x0"
"15:32:26.7834480","171","12852","13196","hAdapter=0xffff910e86eb4820 Token=0xffff810669b4d160 Model=7 TokenSize=0 TokenData=4264 Flags=0x0 CustomDuration=0 VmBusChannel=0x0"
"15:32:26.7834775","184","12852","13196","hContext=1073742528 hWindow=0x0 VidPnSourceId=0 FlipInterval=0 Flags=32768 ReturnStatus=0 hSrcAllocHandle=0x40000540 hDstAllocHandle=0x0"
"15:32:26.7835456","172","4","876","hAdapter=0xffff910e8cd5c000 Token=0xffff810669b4d160 Model=0 TokenSize=0 TokenData=0 Flags=0x0 CustomDuration=0 VmBusChannel=0x0"
"15:32:26.8049286","184","12852","3792","hContext=1073759680 hWindow=0x0 VidPnSourceId=0 FlipInterval=1 Flags=4198404 ReturnStatus=0 hSrcAllocHandle=0x800043c0 hDstAllocHandle=0x0"
"15:32:26.8852714","184","12852","3792","hContext=1073759680 hWindow=0x0 VidPnSourceId=0 FlipInterval=1 Flags=4198404 ReturnStatus=0 hSrcAllocHandle=0x40005c80 hDstAllocHandle=0x0"
"15:32:26.9003302","184","12852","3792","hContext=1073759680 hWindow=0x0 VidPnSourceId=0 FlipInterval=1 Flags=4198404 ReturnStatus=0 hSrcAllocHandle=0x40005e00 hDstAllocHandle=0x0"
"15:32:26.9993675","184","12852","3792","hContext=1073759680 hWindow=0x0 VidPnSourceId=0 FlipInterval=1 Flags=4198404 ReturnStatus=0 hSrcAllocHandle=0x800043c0 hDstAllocHandle=0x0"
"15:32:27.0170381","184","12852","3792","hContext=1073759680 hWindow=0x0 VidPnSourceId=0 FlipInterval=1 Flags=4198404 ReturnStatus=0 hSrcAllocHandle=0x40005c80 hDstAllocHandle=0x0"
"15:32:27.1103213","184","12852","3792","hContext=1073759680 hWindow=0x0 VidPnSourceId=0 FlipInterval=1 Flags=4198404 ReturnStatus=0 hSrcAllocHandle=0x40005e00 hDstAllocHandle=0x0"
"15:32:27.1172310","184","12852","3792","hContext=1073759680 hWindow=0x0 VidPnSourceId=0 FlipInterval=1 Flags=4198404 ReturnStatus=0 hSrcAllocHandle=0x800043c0 hDstAllocHandle=0x0"
"15:32:27.2176216","184","12852","3792","hContext=1073759680 hWindow=0x0 VidPnSourceId=0 FlipInterval=1 Flags=4198404 ReturnStatus=0 hSrcAllocHandle=0x40005c80 hDstAllocHandle=0x0"
"15:32:27.2339717","184","12852","3792","hContext=1073759680 hWindow=0x0 VidPnSourceId=0 FlipInterval=1 Flags=4198404 ReturnStatus=0 hSrcAllocHandle=0x40005e00 hDstAllocHandle=0x0"
"15:32:27.3337394","184","12852","3792","hContext=1073759680 hWindow=0x0 VidPnSourceId=0 FlipInterval=1 Flags=4198404 ReturnStatus=0 hSrcAllocHandle=0x800043c0 hDstAllocHandle=0x0"
"15:32:27.3343847","171","12852","13196","hAdapter=0xffff910e86eb4820 Token=0xffff810669b4d160 Model=7 TokenSize=0 TokenData=4256 Flags=0x0 CustomDuration=0 VmBusChannel=0x0"
"15:32:27.3344182","184","12852","13196","hContext=1073742528 hWindow=0x0 VidPnSourceId=0 FlipInterval=0 Flags=32768 ReturnStatus=0 hSrcAllocHandle=0x40000540 hDstAllocHandle=0x0"
"15:32:27.3346940","172","4","876","hAdapter=0xffff910e8cd5c000 Token=0xffff810669b4d160 Model=0 TokenSize=0 TokenData=0 Flags=0x0 CustomDuration=0 VmBusChannel=0x0"
"15:32:27.3521692","184","12852","3792","hContext=1073759680 hWindow=0x0 VidPnSourceId=0 FlipInterval=1 Flags=4198404 ReturnStatus=0 hSrcAllocHandle=0x40005c80 hDstAllocHandle=0x0"
"15:32:27.3678160","184","12852","3792","hContext=1073759680 hWindow=0x0 VidPnSourceId=0 FlipInterval=1 Flags=4198404 ReturnStatus=0 hSrcAllocHandle=0x40005e00 hDstAllocHandle=0x0"
"15:32:27.4379435","184","12852","3792","hContext=1073759680 hWindow=0x0 VidPnSourceId=0 FlipInterval=1 Flags=4198404 ReturnStatus=0 hSrcAllocHandle=0x800043c0 hDstAllocHandle=0x0"
"15:32:27.4510135","184","12852","3792","hContext=1073759680 hWindow=0x0 VidPnSourceId=0 FlipInterval=1 Flags=4198404 ReturnStatus=0 hSrcAllocHandle=0x40005c80 hDstAllocHandle=0x0"
"15:32:27.6176509","184","12852","3792","hContext=1073759680 hWindow=0x0 VidPnSourceId=0 FlipInterval=1 Flags=4198404 ReturnStatus=0 hSrcAllocHandle=0x40005e00 hDstAllocHandle=0x0"
"15:32:27.6590499","184","12852","3792","hContext=1073759680 hWindow=0x0 VidPnSourceId=0 FlipInterval=1 Flags=4198404 ReturnStatus=0 hSrcAllocHandle=0x800043c0 hDstAllocHandle=0x0"
"15:32:27.6673757","184","12852","3792","hContext=1073759680 hWindow=0x0 VidPnSourceId=0 FlipInterval=1 Flags=4198404 ReturnStatus=0 hSrcAllocHandle=0x40005c80 hDstAllocHandle=0x0"
"15:32:27.7650749","184","12852","3792","hContext=1073759680 hWindow=0x0 VidPnSourceId=0 FlipInterval=1 Flags=4198404 ReturnStatus=0 hSrcAllocHandle=0x40005e00 hDstAllocHandle=0x0"
"15:32:27.7670325","184","12852","3792","hContext=1073759680 hWindow=0x0 VidPnSourceId=0 FlipInterval=1 Flags=4198404 ReturnStatus=0 hSrcAllocHandle=0x800043c0 hDstAllocHandle=0x0"
"15:32:27.8648423","184","12852","3792","hContext=1073759680 hWindow=0x0 VidPnSourceId=0 FlipInterval=1 Flags=4198404 ReturnStatus=0 hSrcAllocHandle=0x40005c80 hDstAllocHandle=0x0"
"15:32:27.8742862","184","12852","3792","hContext=1073759680 hWindow=0x0 VidPnSourceId=0 FlipInterval=1 Flags=4198404 ReturnStatus=0 hSrcAllocHandle=0x40005e00 hDstAllocHandle=0x0"
"15:32:27.8748158","171","12852","13196","hAdapter=0xffff910e86eb4820 Token=0xffff810669b4d160 Model=7 TokenSize=0 TokenData=4248 Flags=0x0 CustomDuration=0 VmBusChannel=0x0"
"15:32:27.8748343","184","12852","13196","hContext=1073742528 hWindow=0x0 VidPnSourceId=0 FlipInterval=0 Flags=32768 ReturnStatus=0 hSrcAllocHandle=0x40000540 hDstAllocHandle=0x0"
"15:32:27.8748423","172","4","880","hAdapter=0xffff910e8cd5c000 Token=0xffff810669b4d160 Model=0 TokenSize=0 TokenData=0 Flags=0x0 CustomDuration=0 VmBusChannel=0x0"
"15:32:27.8865281","184","12852","3792","hContext=1073759680 hWindow=0x0 VidPnSourceId=0 FlipInterval=1 Flags=4198404 ReturnStatus=0 hSrcAllocHandle=0x800043c0 hDstAllocHandle=0x0"
"15:32:27.9851285","184","12852","3792","hContext=1073759680 hWindow=0x0 VidPnSourceId=0 FlipInterval=1 Flags=4198404 ReturnStatus=0 hSrcAllocHandle=0x40005c80 hDstAllocHandle=0x0"
"15:32:28.0957070","184","12852","3792","hContext=1073759680 hWindow=0x0 VidPnSourceId=0 FlipInterval=1 Flags=4198404 ReturnStatus=0 hSrcAllocHandle=0x40005e00 hDstAllocHandle=0x0"
"15:32:28.1011271","184","12852","3792","hContext=1073759680 hWindow=0x0 VidPnSourceId=0 FlipInterval=1 Flags=4198404 ReturnStatus=0 hSrcAllocHandle=0x800043c0 hDstAllocHandle=0x0"
"15:32:28.2017150","184","12852","3792","hContext=1073759680 hWindow=0x0 VidPnSourceId=0 FlipInterval=1 Flags=4198404 ReturnStatus=0 hSrcAllocHandle=0x40005c80 hDstAllocHandle=0x0"
"15:32:28.2181623","184","12852","3792","hContext=1073759680 hWindow=0x0 VidPnSourceId=0 FlipInterval=1 Flags=4198404 ReturnStatus=0 hSrcAllocHandle=0x40005e00 hDstAllocHandle=0x0"
"15:32:28.3164637","184","12852","3792","hContext=1073759680 hWindow=0x0 VidPnSourceId=0 FlipInterval=1 Flags=4198404 ReturnStatus=0 hSrcAllocHandle=0x800043c0 hDstAllocHandle=0x0"
"15:32:28.3349235","184","12852","3792","hContext=1073759680 hWindow=0x0 VidPnSourceId=0 FlipInterval=1 Flags=4198404 ReturnStatus=0 hSrcAllocHandle=0x40005c80 hDstAllocHandle=0x0"
"15:32:28.3684134","184","12852","3792","hContext=1073759680 hWindow=0x0 VidPnSourceId=0 FlipInterval=1 Flags=4198404 ReturnStatus=0 hSrcAllocHandle=0x40005e00 hDstAllocHandle=0x0"
"15:32:28.4294769","184","12852","3792","hContext=1073759680 hWindow=0x0 VidPnSourceId=0 FlipInterval=1 Flags=4198404 ReturnStatus=0 hSrcAllocHandle=0x800043c0 hDstAllocHandle=0x0"
"15:32:28.4296346","171","12852","13196","hAdapter=0xffff910e86eb4820 Token=0xffff810669b4d160 Model=7 TokenSize=0 TokenData=4172 Flags=0x0 CustomDuration=0 VmBusChannel=0x0"
"15:32:28.4296927","184","12852","13196","hContext=1073742528 hWindow=0x0 VidPnSourceId=0 FlipInterval=0 Flags=32768 ReturnStatus=0 hSrcAllocHandle=0x40000540 hDstAllocHandle=0x0"
"15:32:28.4298964","172","4","876","hAdapter=0xffff910e8cd5c000 Token=0xffff810669b4d160 Model=0 TokenSize=0 TokenData=0 Flags=0x0 CustomDuration=0 VmBusChannel=0x0"
"15:32:28.4369179","184","12852","3792","hContext=1073759680 hWindow=0x0 VidPnSourceId=0 FlipInterval=1 Flags=4198404 ReturnStatus=0 hSrcAllocHandle=0x40005c80 hDstAllocHandle=0x0"
"15:32:28.5355531","184","12852","3792","hContext=1073759680 hWindow=0x0 VidPnSourceId=0 FlipInterval=1 Flags=4198404 ReturnStatus=0 hSrcAllocHandle=0x40005e00 hDstAllocHandle=0x0"
"15:32:28.6448368","184","12852","3792","hContext=1073759680 hWindow=0x0 VidPnSourceId=0 FlipInterval=1 Flags=4198404 ReturnStatus=0 hSrcAllocHandle=0x800043c0 hDstAllocHandle=0x0"
"15:32:28.8149444","184","12852","3792","hContext=1073759680 hWindow=0x0 VidPnSourceId=0 FlipInterval=1 Flags=4198404 ReturnStatus=0 hSrcAllocHandle=0x40005c80 hDstAllocHandle=0x0"
"15:32:28.8578943","184","12852","3792","hContext=1073759680 hWindow=0x0 VidPnSourceId=0 FlipInterval=1 Flags=4198404 ReturnStatus=0 hSrcAllocHandle=0x40005e00 hDstAllocHandle=0x0"
"15:32:28.8688505","184","12852","3792","hContext=1073759680 hWindow=0x0 VidPnSourceId=0 FlipInterval=1 Flags=4198404 ReturnStatus=0 hSrcAllocHandle=0x800043c0 hDstAllocHandle=0x0"
"15:32:28.9746127","184","12852","3792","hContext=1073759680 hWindow=0x0 VidPnSourceId=0 FlipInterval=1 Flags=4198404 ReturnStatus=0 hSrcAllocHandle=0x40005c80 hDstAllocHandle=0x0"
"15:32:28.9768421","171","12852","13196","hAdapter=0xffff910e86eb4820 Token=0xffff810669b4d160 Model=7 TokenSize=0 TokenData=4284 Flags=0x0 CustomDuration=0 VmBusChannel=0x0"
"15:32:28.9768760","184","12852","13196","hContext=1073742528 hWindow=0x0 VidPnSourceId=0 FlipInterval=0 Flags=32768 ReturnStatus=0 hSrcAllocHandle=0x40000540 hDstAllocHandle=0x0"
"15:32:28.9769475","172","4","880","hAdapter=0xffff910e8cd5c000 Token=0xffff810669b4d160 Model=0 TokenSize=0 TokenData=0 Flags=0x0 CustomDuration=0 VmBusChannel=0x0"
"15:32:28.9915107","184","12852","3792","hContext=1073759680 hWindow=0x0 VidPnSourceId=0 FlipInterval=1 Flags=4198404 ReturnStatus=0 hSrcAllocHandle=0x40005e00 hDstAllocHandle=0x0"
"15:32:29.0864269","184","12852","3792","hContext=1073759680 hWindow=0x0 VidPnSourceId=0 FlipInterval=1 Flags=4198404 ReturnStatus=0 hSrcAllocHandle=0x800043c0 hDstAllocHandle=0x0"
"15:32:29.1893940","184","12852","3792","hContext=1073759680 hWindow=0x0 VidPnSourceId=0 FlipInterval=1 Flags=4198404 ReturnStatus=0 hSrcAllocHandle=0x40005c80 hDstAllocHandle=0x0"
"15:32:29.2026896","184","12852","3792","hContext=1073759680 hWindow=0x0 VidPnSourceId=0 FlipInterval=1 Flags=4198404 ReturnStatus=0 hSrcAllocHandle=0x40005e00 hDstAllocHandle=0x0"
"15:32:29.3012644","184","12852","3792","hContext=1073759680 hWindow=0x0 VidPnSourceId=0 FlipInterval=1 Flags=4198404 ReturnStatus=0 hSrcAllocHandle=0x800043c0 hDstAllocHandle=0x0"
"15:32:29.3191031","184","12852","3792","hContext=1073759680 hWindow=0x0 VidPnSourceId=0 FlipInterval=1 Flags=4198404 ReturnStatus=0 hSrcAllocHandle=0x40005c80 hDstAllocHandle=0x0"
"15:32:29.4074037","184","12852","3792","hContext=1073759680 hWindow=0x0 VidPnSourceId=0 FlipInterval=1 Flags=4198404 ReturnStatus=0 hSrcAllocHandle=0x40005e00 hDstAllocHandle=0x0"
"15:32:29.4204635","184","12852","3792","hContext=1073759680 hWindow=0x0 VidPnSourceId=0 FlipInterval=1 Flags=4198404 ReturnStatus=0 hSrcAllocHandle=0x800043c0 hDstAllocHandle=0x0"
"15:32:29.5240992","184","12852","3792","hContext=1073759680 hWindow=0x0 VidPnSourceId=0 FlipInterval=1 Flags=4198404 ReturnStatus=0 hSrcAllocHandle=0x40005c80 hDstAllocHandle=0x0"
"15:32:29.5246797","171","12852","13196","hAdapter=0xffff910e86eb4820 Token=0xffff810669b4d160 Model=7 TokenSize=0 TokenData=4228 Flags=0x0 CustomDuration=0 VmBusChannel=0x0"
"15:32:29.5247210","184","12852","13196","hContext=1073742528 hWindow=0x0 VidPnSourceId=0 FlipInterval=0 Flags=32768 ReturnStatus=0 hSrcAllocHandle=0x40000540 hDstAllocHandle=0x0"
"15:32:29.5249420","172","4","876","hAdapter=0xffff910e8cd5c000 Token=0xffff810669b4d160 Model=0 TokenSize=0 TokenData=0 Flags=0x0 CustomDuration=0 VmBusChannel=0x0"
"15:32:29.5420871","184","12852","3792","hContext=1073759680 hWindow=0x0 VidPnSourceId=0 FlipInterval=1 Flags=4198404 ReturnStatus=0 hSrcAllocHandle=0x40005e00 hDstAllocHandle=0x0"
"15:32:29.6365761","184","12852","3792","hContext=1073759680 hWindow=0x0 VidPnSourceId=0 FlipInterval=1 Flags=4198404 ReturnStatus=0 hSrcAllocHandle=0x800043c0 hDstAllocHandle=0x0"
"15:32:29.7360764","184","12852","3792","hContext=1073759680 hWindow=0x0 VidPnSourceId=0 FlipInterval=1 Flags=4198404 ReturnStatus=0 hSrcAllocHandle=0x40005c80 hDstAllocHandle=0x0"
"15:32:29.7531104","184","12852","3792","hContext=1073759680 hWindow=0x0 VidPnSourceId=0 FlipInterval=1 Flags=4198404 ReturnStatus=0 hSrcAllocHandle=0x40005e00 hDstAllocHandle=0x0"
"15:32:29.8472262","184","12852","3792","hContext=1073759680 hWindow=0x0 VidPnSourceId=0 FlipInterval=1 Flags=4198404 ReturnStatus=0 hSrcAllocHandle=0x800043c0 hDstAllocHandle=0x0"
"15:32:29.8524442","184","12852","3792","hContext=1073759680 hWindow=0x0 VidPnSourceId=0 FlipInterval=1 Flags=4198404 ReturnStatus=0 hSrcAllocHandle=0x40005c80 hDstAllocHandle=0x0"
"15:32:29.8715828","184","12852","3792","hContext=1073759680 hWindow=0x0 VidPnSourceId=0 FlipInterval=1 Flags=4198404 ReturnStatus=0 hSrcAllocHandle=0x40005e00 hDstAllocHandle=0x0"
"15:32:30.0415347","184","12852","3792","hContext=1073759680 hWindow=0x0 VidPnSourceId=0 FlipInterval=1 Flags=4198404 ReturnStatus=0 hSrcAllocHandle=0x800043c0 hDstAllocHandle=0x0"
"15:32:30.0651994","184","12852","3792","hContext=1073759680 hWindow=0x0 VidPnSourceId=0 FlipInterval=1 Flags=4198404 ReturnStatus=0 hSrcAllocHandle=0x40005c80 hDstAllocHandle=0x0"
"15:32:30.0658800","171","12852","13196","hAdapter=0xffff910e86eb4820 Token=0xffff810669b4d160 Model=7 TokenSize=0 TokenData=4052 Flags=0x0 CustomDuration=0 VmBusChannel=0x0"
"15:32:30.0660575","184","12852","13196","hContext=1073742528 hWindow=0x0 VidPnSourceId=0 FlipInterval=0 Flags=32768 ReturnStatus=0 hSrcAllocHandle=0x40000540 hDstAllocHandle=0x0"
"15:32:30.0661557","172","4","876","hAdapter=0xffff910e8cd5c000 Token=0xffff810669b4d160 Model=0 TokenSize=0 TokenData=0 Flags=0x0 CustomDuration=0 VmBusChannel=0x0"
"15:32:30.0720877","184","12852","3792","hContext=1073759680 hWindow=0x0 VidPnSourceId=0 FlipInterval=1 Flags=4198404 ReturnStatus=0 hSrcAllocHandle=0x40005e00 hDstAllocHandle=0x0"
"15:32:30.0874086","184","12852","3792","hContext=1073759680 hWindow=0x0 VidPnSourceId=0 FlipInterval=1 Flags=4198404 ReturnStatus=0 hSrcAllocHandle=0x800043c0 hDstAllocHandle=0x0"
"15:32:30.1725657","184","12852","3792","hContext=1073759680 hWindow=0x0 VidPnSourceId=0 FlipInterval=1 Flags=4198404 ReturnStatus=0 hSrcAllocHandle=0x40005c80 hDstAllocHandle=0x0"
"15:32:30.1867944","184","12852","3792","hContext=1073759680 hWindow=0x0 VidPnSourceId=0 FlipInterval=1 Flags=4198404 ReturnStatus=0 hSrcAllocHandle=0x40005e00 hDstAllocHandle=0x0"
"15:32:30.2801398","184","12852","3792","hContext=1073759680 hWindow=0x0 VidPnSourceId=0 FlipInterval=1 Flags=4198404 ReturnStatus=0 hSrcAllocHandle=0x800043c0 hDstAllocHandle=0x0"
"15:32:30.2867199","184","12852","3792","hContext=1073759680 hWindow=0x0 VidPnSourceId=0 FlipInterval=1 Flags=4198404 ReturnStatus=0 hSrcAllocHandle=0x40005c80 hDstAllocHandle=0x0"
"15:32:30.3747994","184","12852","3792","hContext=1073759680 hWindow=0x0 VidPnSourceId=0 FlipInterval=1 Flags=4198404 ReturnStatus=0 hSrcAllocHandle=0x40005e00 hDstAllocHandle=0x0"
"15:32:30.3916926","184","12852","3792","hContext=1073759680 hWindow=0x0 VidPnSourceId=0 FlipInterval=1 Flags=4198404 ReturnStatus=0 hSrcAllocHandle=0x800043c0 hDstAllocHandle=0x0"
"15:32:30.4035718","184","12852","3792","hContext=1073759680 hWindow=0x0 VidPnSourceId=0 FlipInterval=1 Flags=4198404 ReturnStatus=0 hSrcAllocHandle=0x40005c80 hDstAllocHandle=0x0"
"15:32:30.5003744","184","12852","3792","hContext=1073759680 hWindow=0x0 VidPnSourceId=0 FlipInterval=1 Flags=4198404 ReturnStatus=0 hSrcAllocHandle=0x40005e00 hDstAllocHandle=0x0"
"15:32:30.5034560","184","12852","3792","hContext=1073759680 hWindow=0x0 VidPnSourceId=0 FlipInterval=1 Flags=4198404 ReturnStatus=0 hSrcAllocHandle=0x800043c0 hDstAllocHandle=0x0"
"15:32:30.6148693","184","12852","3792","hContext=1073759680 hWindow=0x0 VidPnSourceId=0 FlipInterval=1 Flags=4198404 ReturnStatus=0 hSrcAllocHandle=0x40005c80 hDstAllocHandle=0x0"
"15:32:30.6153581","171","12852","13196","hAdapter=0xffff910e86eb4820 Token=0xffff810669b4d160 Model=7 TokenSize=0 TokenData=4284 Flags=0x0 CustomDuration=0 VmBusChannel=0x0"
"15:32:30.6153977","184","12852","13196","hContext=1073742528 hWindow=0x0 VidPnSourceId=0 FlipInterval=0 Flags=32768 ReturnStatus=0 hSrcAllocHandle=0x40000540 hDstAllocHandle=0x0"
"15:32:30.6156614","172","4","876","hAdapter=0xffff910e8cd5c000 Token=0xffff810669b4d160 Model=0 TokenSize=0 TokenData=0 Flags=0x0 CustomDuration=0 VmBusChannel=0x0"
"15:32:30.6220845","184","12852","3792","hContext=1073759680 hWindow=0x0 VidPnSourceId=0 FlipInterval=1 Flags=4198404 ReturnStatus=0 hSrcAllocHandle=0x40005e00 hDstAllocHandle=0x0"
"15:32:30.6365785","184","12852","3792","hContext=1073759680 hWindow=0x0 VidPnSourceId=0 FlipInterval=1 Flags=4198404 ReturnStatus=0 hSrcAllocHandle=0x800043c0 hDstAllocHandle=0x0"
"15:32:30.7226761","184","12852","3792","hContext=1073759680 hWindow=0x0 VidPnSourceId=0 FlipInterval=1 Flags=4198404 ReturnStatus=0 hSrcAllocHandle=0x40005c80 hDstAllocHandle=0x0"
"15:32:30.7371820","184","12852","3792","hContext=1073759680 hWindow=0x0 VidPnSourceId=0 FlipInterval=1 Flags=4198404 ReturnStatus=0 hSrcAllocHandle=0x40005e00 hDstAllocHandle=0x0"
"15:32:30.8286074","184","12852","3792","hContext=1073759680 hWindow=0x0 VidPnSourceId=0 FlipInterval=1 Flags=4198404 ReturnStatus=0 hSrcAllocHandle=0x800043c0 hDstAllocHandle=0x0"
"15:32:30.8371993","184","12852","3792","hContext=1073759680 hWindow=0x0 VidPnSourceId=0 FlipInterval=1 Flags=4198404 ReturnStatus=0 hSrcAllocHandle=0x40005c80 hDstAllocHandle=0x0"
"15:32:30.9367540","184","12852","3792","hContext=1073759680 hWindow=0x0 VidPnSourceId=0 FlipInterval=1 Flags=4198404 ReturnStatus=0 hSrcAllocHandle=0x40005e00 hDstAllocHandle=0x0"
"15:32:31.1150058","184","12852","3792","hContext=1073759680 hWindow=0x0 VidPnSourceId=0 FlipInterval=1 Flags=4198404 ReturnStatus=0 hSrcAllocHandle=0x800043c0 hDstAllocHandle=0x0"
"15:32:31.1585410","184","12852","3792","hContext=1073759680 hWindow=0x0 VidPnSourceId=0 FlipInterval=1 Flags=4198404 ReturnStatus=0 hSrcAllocHandle=0x40005c80 hDstAllocHandle=0x0"
"15:32:31.1591489","171","12852","13196","hAdapter=0xffff910e86eb4820 Token=0xffff810669b4d160 Model=7 TokenSize=0 TokenData=4296 Flags=0x0 CustomDuration=0 VmBusChannel=0x0"
"15:32:31.1591809","184","12852","13196","hContext=1073742528 hWindow=0x0 VidPnSourceId=0 FlipInterval=0 Flags=32768 ReturnStatus=0 hSrcAllocHandle=0x40000540 hDstAllocHandle=0x0"
"15:32:31.1594897","172","4","876","hAdapter=0xffff910e8cd5c000 Token=0xffff810669b4d160 Model=0 TokenSize=0 TokenData=0 Flags=0x0 CustomDuration=0 VmBusChannel=0x0"
"15:32:31.1745968","184","12852","3792","hContext=1073759680 hWindow=0x0 VidPnSourceId=0 FlipInterval=1 Flags=4198404 ReturnStatus=0 hSrcAllocHandle=0x40005e00 hDstAllocHandle=0x0"
"15:32:31.2714583","184","12852","3792","hContext=1073759680 hWindow=0x0 VidPnSourceId=0 FlipInterval=1 Flags=4198404 ReturnStatus=0 hSrcAllocHandle=0x800043c0 hDstAllocHandle=0x0"
"15:32:31.3750023","184","12852","3792","hContext=1073759680 hWindow=0x0 VidPnSourceId=0 FlipInterval=1 Flags=4198404 ReturnStatus=0 hSrcAllocHandle=0x40005c80 hDstAllocHandle=0x0"
"15:32:31.3872641","184","12852","3792","hContext=1073759680 hWindow=0x0 VidPnSourceId=0 FlipInterval=1 Flags=4198404 ReturnStatus=0 hSrcAllocHandle=0x40005e00 hDstAllocHandle=0x0"
"15:32:31.4826080","184","12852","3792","hContext=1073759680 hWindow=0x0 VidPnSourceId=0 FlipInterval=1 Flags=4198404 ReturnStatus=0 hSrcAllocHandle=0x800043c0 hDstAllocHandle=0x0"
"15:32:31.4873238","184","12852","3792","hContext=1073759680 hWindow=0x0 VidPnSourceId=0 FlipInterval=1 Flags=4198404 ReturnStatus=0 hSrcAllocHandle=0x40005c80 hDstAllocHandle=0x0"
"15:32:31.5965542","184","12852","3792","hContext=1073759680 hWindow=0x0 VidPnSourceId=0 FlipInterval=1 Flags=4198404 ReturnStatus=0 hSrcAllocHandle=0x40005e00 hDstAllocHandle=0x0"
"15:32:31.6041842","184","12852","3792","hContext=1073759680 hWindow=0x0 VidPnSourceId=0 FlipInterval=1 Flags=4198404 ReturnStatus=0 hSrcAllocHandle=0x800043c0 hDstAllocHandle=0x0"
"15:32:31.7052508","184","12852","3792","hContext=1073759680 hWindow=0x0 VidPnSourceId=0 FlipInterval=1 Flags=4198404 ReturnStatus=0 hSrcAllocHandle=0x40005c80 hDstAllocHandle=0x0"
"15:32:31.7060200","171","12852","13196","hAdapter=0xffff910e86eb4820 Token=0xffff810669b4d160 Model=7 TokenSize=0 TokenData=4296 Flags=0x0 CustomDuration=0 VmBusChannel=0x0"
"15:32:31.7060327","184","12852","13196","hContext=1073742528 hWindow=0x0 VidPnSourceId=0 FlipInterval=0 Flags=32768 ReturnStatus=0 hSrcAllocHandle=0x40000540 hDstAllocHandle=0x0"
"15:32:31.7060453","172","4","880","hAdapter=0xffff910e8cd5c000 Token=0xffff810669b4d160 Model=0 TokenSize=0 TokenData=0 Flags=0x0 CustomDuration=0 VmBusChannel=0x0"
"15:32:31.7222325","184","12852","3792","hContext=1073759680 hWindow=0x0 VidPnSourceId=0 FlipInterval=1 Flags=4198404 ReturnStatus=0 hSrcAllocHandle=0x40005e00 hDstAllocHandle=0x0"
"15:32:31.8209243","184","12852","3792","hContext=1073759680 hWindow=0x0 VidPnSourceId=0 FlipInterval=1 Flags=4198404 ReturnStatus=0 hSrcAllocHandle=0x800043c0 hDstAllocHandle=0x0"
"15:32:31.8640169","184","12852","3792","hContext=1073759680 hWindow=0x0 VidPnSourceId=0 FlipInterval=1 Flags=4198404 ReturnStatus=0 hSrcAllocHandle=0x40005c80 hDstAllocHandle=0x0"
"15:32:31.9249533","184","12852","3792","hContext=1073759680 hWindow=0x0 VidPnSourceId=0 FlipInterval=1 Flags=4198404 ReturnStatus=0 hSrcAllocHandle=0x40005e00 hDstAllocHandle=0x0"
"15:32:31.9377270","184","12852","3792","hContext=1073759680 hWindow=0x0 VidPnSourceId=0 FlipInterval=1 Flags=4198404 ReturnStatus=0 hSrcAllocHandle=0x800043c0 hDstAllocHandle=0x0"
"15:32:32.0309291","184","12852","3792","hContext=1073759680 hWindow=0x0 VidPnSourceId=0 FlipInterval=1 Flags=4198404 ReturnStatus=0 hSrcAllocHandle=0x40005c80 hDstAllocHandle=0x0"
"15:32:32.0375596","184","12852","3792","hContext=1073759680 hWindow=0x0 VidPnSourceId=0 FlipInterval=1 Flags=4198404 ReturnStatus=0 hSrcAllocHandle=0x40005e00 hDstAllocHandle=0x0"
"15:32:32.1428047","184","12852","3792","hContext=1073759680 hWindow=0x0 VidPnSourceId=0 FlipInterval=1 Flags=4198404 ReturnStatus=0 hSrcAllocHandle=0x800043c0 hDstAllocHandle=0x0"
"15:32:32.1542949","184","12852","3792","hContext=1073759680 hWindow=0x0 VidPnSourceId=0 FlipInterval=1 Flags=4198404 ReturnStatus=0 hSrcAllocHandle=0x40005c80 hDstAllocHandle=0x0"
"15:32:32.2538455","171","12852","13196","hAdapter=0xffff910e86eb4820 Token=0xffff810669b4d160 Model=7 TokenSize=0 TokenData=4312 Flags=0x0 CustomDuration=0 VmBusChannel=0x0"
"15:32:32.2538598","184","12852","13196","hContext=1073742528 hWindow=0x0 VidPnSourceId=0 FlipInterval=0 Flags=32768 ReturnStatus=0 hSrcAllocHandle=0x40000540 hDstAllocHandle=0x0"
"15:32:32.2540671","172","4","876","hAdapter=0xffff910e8cd5c000 Token=0xffff810669b4d160 Model=0 TokenSize=0 TokenData=0 Flags=0x0 CustomDuration=0 VmBusChannel=0x0"
"15:32:32.2542464","184","12852","3792","hContext=1073759680 hWindow=0x0 VidPnSourceId=0 FlipInterval=1 Flags=4198404 ReturnStatus=0 hSrcAllocHandle=0x40005e00 hDstAllocHandle=0x0"
"15:32:32.4380216","184","12852","3792","hContext=1073759680 hWindow=0x0 VidPnSourceId=0 FlipInterval=1 Flags=4198404 ReturnStatus=0 hSrcAllocHandle=0x800043c0 hDstAllocHandle=0x0"
"15:32:32.4668815","184","12852","3792","hContext=1073759680 hWindow=0x0 VidPnSourceId=0 FlipInterval=1 Flags=4198404 ReturnStatus=0 hSrcAllocHandle=0x40005c80 hDstAllocHandle=0x0"
"15:32:32.4715033","184","12852","3792","hContext=1073759680 hWindow=0x0 VidPnSourceId=0 FlipInterval=1 Flags=4198404 ReturnStatus=0 hSrcAllocHandle=0x40005e00 hDstAllocHandle=0x0"
"15:32:32.5775327","184","12852","3792","hContext=1073759680 hWindow=0x0 VidPnSourceId=0 FlipInterval=1 Flags=4198404 ReturnStatus=0 hSrcAllocHandle=0x800043c0 hDstAllocHandle=0x0"
"15:32:32.5884569","184","12852","3792","hContext=1073759680 hWindow=0x0 VidPnSourceId=0 FlipInterval=1 Flags=4198404 ReturnStatus=0 hSrcAllocHandle=0x40005c80 hDstAllocHandle=0x0"
"15:32:32.6893654","184","12852","3792","hContext=1073759680 hWindow=0x0 VidPnSourceId=0 FlipInterval=1 Flags=4198404 ReturnStatus=0 hSrcAllocHandle=0x40005e00 hDstAllocHandle=0x0"
"15:32:32.7048948","184","12852","3792","hContext=1073759680 hWindow=0x0 VidPnSourceId=0 FlipInterval=1 Flags=4198404 ReturnStatus=0 hSrcAllocHandle=0x800043c0 hDstAllocHandle=0x0"
"15:32:32.7976482","184","12852","3792","hContext=1073759680 hWindow=0x0 VidPnSourceId=0 FlipInterval=1 Flags=4198404 ReturnStatus=0 hSrcAllocHandle=0x40005c80 hDstAllocHandle=0x0"
"15:32:32.7977321","171","12852","13196","hAdapter=0xffff910e86eb4820 Token=0xffff810669b4d160 Model=7 TokenSize=0 TokenData=4316 Flags=0x0 CustomDuration=0 VmBusChannel=0x0"
"15:32:32.7977580","184","12852","13196","hContext=1073742528 hWindow=0x0 VidPnSourceId=0 FlipInterval=0 Flags=32768 ReturnStatus=0 hSrcAllocHandle=0x40000540 hDstAllocHandle=0x0"
"15:32:32.7978557","172","4","876","hAdapter=0xffff910e8cd5c000 Token=0xffff810669b4d160 Model=0 TokenSize=0 TokenData=0 Flags=0x0 CustomDuration=0 VmBusChannel=0x0"
"15:32:32.8066405","184","12852","3792","hContext=1073759680 hWindow=0x0 VidPnSourceId=0 FlipInterval=1 Flags=4198404 ReturnStatus=0 hSrcAllocHandle=0x40005e00 hDstAllocHandle=0x0"
"15:32:32.9218923","184","12852","3792","hContext=1073759680 hWindow=0x0 VidPnSourceId=0 FlipInterval=1 Flags=4198404 ReturnStatus=0 hSrcAllocHandle=0x800043c0 hDstAllocHandle=0x0"
"15:32:33.0139150","184","12852","3792","hContext=1073759680 hWindow=0x0 VidPnSourceId=0 FlipInterval=1 Flags=4198404 ReturnStatus=0 hSrcAllocHandle=0x40005c80 hDstAllocHandle=0x0"
"15:32:33.0216921","184","12852","3792","hContext=1073759680 hWindow=0x0 VidPnSourceId=0 FlipInterval=1 Flags=4198404 ReturnStatus=0 hSrcAllocHandle=0x40005e00 hDstAllocHandle=0x0"
"15:32:33.1258869","184","12852","3792","hContext=1073759680 hWindow=0x0 VidPnSourceId=0 FlipInterval=1 Flags=4198404 ReturnStatus=0 hSrcAllocHandle=0x800043c0 hDstAllocHandle=0x0"
"15:32:33.1387994","184","12852","3792","hContext=1073759680 hWindow=0x0 VidPnSourceId=0 FlipInterval=1 Flags=4198404 ReturnStatus=0 hSrcAllocHandle=0x40005c80 hDstAllocHandle=0x0"
"15:32:33.2356258","184","12852","3792","hContext=1073759680 hWindow=0x0 VidPnSourceId=0 FlipInterval=1 Flags=4198404 ReturnStatus=0 hSrcAllocHandle=0x40005e00 hDstAllocHandle=0x0"
"15:32:33.2390471","184","12852","3792","hContext=1073759680 hWindow=0x0 VidPnSourceId=0 FlipInterval=1 Flags=4198404 ReturnStatus=0 hSrcAllocHandle=0x800043c0 hDstAllocHandle=0x0"
"15:32:33.3450457","171","12852","13196","hAdapter=0xffff910e86eb4820 Token=0xffff810669b4d160 Model=7 TokenSize=0 TokenData=4324 Flags=0x0 CustomDuration=0 VmBusChannel=0x0"
"15:32:33.3450718","184","12852","13196","hContext=1073742528 hWindow=0x0 VidPnSourceId=0 FlipInterval=0 Flags=32768 ReturnStatus=0 hSrcAllocHandle=0x40000540 hDstAllocHandle=0x0"
"15:32:33.3452017","172","4","876","hAdapter=0xffff910e8cd5c000 Token=0xffff810669b4d160 Model=0 TokenSize=0 TokenData=0 Flags=0x0 CustomDuration=0 VmBusChannel=0x0"
"15:32:33.3457642","184","12852","3792","hContext=1073759680 hWindow=0x0 VidPnSourceId=0 FlipInterval=1 Flags=4198404 ReturnStatus=0 hSrcAllocHandle=0x40005c80 hDstAllocHandle=0x0"
"15:32:33.3574101","184","12852","3792","hContext=1073759680 hWindow=0x0 VidPnSourceId=0 FlipInterval=1 Flags=4198404 ReturnStatus=0 hSrcAllocHandle=0x40005e00 hDstAllocHandle=0x0"
"15:32:33.3741217","184","12852","3792","hContext=1073759680 hWindow=0x0 VidPnSourceId=0 FlipInterval=1 Flags=4198404 ReturnStatus=0 hSrcAllocHandle=0x800043c0 hDstAllocHandle=0x0"
"15:32:33.4547523","184","12852","3792","hContext=1073759680 hWindow=0x0 VidPnSourceId=0 FlipInterval=1 Flags=4198404 ReturnStatus=0 hSrcAllocHandle=0x40005c80 hDstAllocHandle=0x0"
"15:32:33.6593938","184","12852","3792","hContext=1073759680 hWindow=0x0 VidPnSourceId=0 FlipInterval=1 Flags=4198404 ReturnStatus=0 hSrcAllocHandle=0x40005e00 hDstAllocHandle=0x0"
"15:32:33.6727053","184","12852","3792","hContext=1073759680 hWindow=0x0 VidPnSourceId=0 FlipInterval=1 Flags=4198404 ReturnStatus=0 hSrcAllocHandle=0x800043c0 hDstAllocHandle=0x0"
"15:32:33.7812455","184","12852","3792","hContext=1073759680 hWindow=0x0 VidPnSourceId=0 FlipInterval=1 Flags=4198404 ReturnStatus=0 hSrcAllocHandle=0x40005c80 hDstAllocHandle=0x0"
"15:32:33.7901682","184","12852","3792","hContext=1073759680 hWindow=0x0 VidPnSourceId=0 FlipInterval=1 Flags=4198404 ReturnStatus=0 hSrcAllocHandle=0x40005e00 hDstAllocHandle=0x0"
"15:32:33.8663173","184","12852","3792","hContext=1073759680 hWindow=0x0 VidPnSourceId=0 FlipInterval=1 Flags=4198404 ReturnStatus=0 hSrcAllocHandle=0x800043c0 hDstAllocHandle=0x0"
"15:32:33.8975837","184","12852","3792","hContext=1073759680 hWindow=0x0 VidPnSourceId=0 FlipInterval=1 Flags=4198404 ReturnStatus=0 hSrcAllocHandle=0x40005c80 hDstAllocHandle=0x0"
"15:32:33.8983185","171","12852","13196","hAdapter=0xffff910e86eb4820 Token=0xffff810669b4d160 Model=7 TokenSize=0 TokenData=4240 Flags=0x0 CustomDuration=0 VmBusChannel=0x0"
"15:32:33.8983453","184","12852","13196","hContext=1073742528 hWindow=0x0 VidPnSourceId=0 FlipInterval=0 Flags=32768 ReturnStatus=0 hSrcAllocHandle=0x40000540 hDstAllocHandle=0x0"
"15:32:33.8986347","172","4","876","hAdapter=0xffff910e8cd5c000 Token=0xffff810669b4d160 Model=0 TokenSize=0 TokenData=0 Flags=0x0 CustomDuration=0 VmBusChannel=0x0"
"15:32:33.9076083","184","12852","3792","hContext=1073759680 hWindow=0x0 VidPnSourceId=0 FlipInterval=1 Flags=4198404 ReturnStatus=0 hSrcAllocHandle=0x40005e00 hDstAllocHandle=0x0"
"15:32:34.0059922","184","12852","3792","hContext=1073759680 hWindow=0x0 VidPnSourceId=0 FlipInterval=1 Flags=4198404 ReturnStatus=0 hSrcAllocHandle=0x800043c0 hDstAllocHandle=0x0"
"15:32:34.1155983","184","12852","3792","hContext=1073759680 hWindow=0x0 VidPnSourceId=0 FlipInterval=1 Flags=4198404 ReturnStatus=0 hSrcAllocHandle=0x40005c80 hDstAllocHandle=0x0"
"15:32:34.1232324","184","12852","3792","hContext=1073759680 hWindow=0x0 VidPnSourceId=0 FlipInterval=1 Flags=4198404 ReturnStatus=0 hSrcAllocHandle=0x40005e00 hDstAllocHandle=0x0"
"15:32:34.2195300","184","12852","3792","hContext=1073759680 hWindow=0x0 VidPnSourceId=0 FlipInterval=1 Flags=4198404 ReturnStatus=0 hSrcAllocHandle=0x800043c0 hDstAllocHandle=0x0"
"15:32:34.2235088","184","12852","3792","hContext=1073759680 hWindow=0x0 VidPnSourceId=0 FlipInterval=1 Flags=4198404 ReturnStatus=0 hSrcAllocHandle=0x40005c80 hDstAllocHandle=0x0"
"15:32:34.3268771","184","12852","3792","hContext=1073759680 hWindow=0x0 VidPnSourceId=0 FlipInterval=1 Flags=4198404 ReturnStatus=0 hSrcAllocHandle=0x40005e00 hDstAllocHandle=0x0"
"15:32:34.3397159","184","12852","3792","hContext=1073759680 hWindow=0x0 VidPnSourceId=0 FlipInterval=1 Flags=4198404 ReturnStatus=0 hSrcAllocHandle=0x800043c0 hDstAllocHandle=0x0"
"15:32:34.3589077","184","12852","3792","hContext=1073759680 hWindow=0x0 VidPnSourceId=0 FlipInterval=1 Flags=4198404 ReturnStatus=0 hSrcAllocHandle=0x40005c80 hDstAllocHandle=0x0"
"15:32:34.4392847","184","12852","3792","hContext=1073759680 hWindow=0x0 VidPnSourceId=0 FlipInterval=1 Flags=4198404 ReturnStatus=0 hSrcAllocHandle=0x40005e00 hDstAllocHandle=0x0"
"15:32:34.4414137","171","12852","13196","hAdapter=0xffff910e86eb4820 Token=0xffff810669b4d160 Model=7 TokenSize=0 TokenData=4272 Flags=0x0 CustomDuration=0 VmBusChannel=0x0"
"15:32:34.4414682","184","12852","13196","hContext=1073742528 hWindow=0x0 VidPnSourceId=0 FlipInterval=0 Flags=32768 ReturnStatus=0 hSrcAllocHandle=0x40000540 hDstAllocHandle=0x0"
"15:32:34.4414959","172","4","880","hAdapter=0xffff910e8cd5c000 Token=0xffff810669b4d160 Model=0 TokenSize=0 TokenData=0 Flags=0x0 CustomDuration=0 VmBusChannel=0x0"
"15:32:34.4578899","184","12852","3792","hContext=1073759680 hWindow=0x0 VidPnSourceId=0 FlipInterval=1 Flags=4198404 ReturnStatus=0 hSrcAllocHandle=0x800043c0 hDstAllocHandle=0x0"
"15:32:34.5567326","184","12852","3792","hContext=1073759680 hWindow=0x0 VidPnSourceId=0 FlipInterval=1 Flags=4198404 ReturnStatus=0 hSrcAllocHandle=0x40005c80 hDstAllocHandle=0x0"
"15:32:34.6561217","184","12852","3792","hContext=1073759680 hWindow=0x0 VidPnSourceId=0 FlipInterval=1 Flags=4198404 ReturnStatus=0 hSrcAllocHandle=0x40005e00 hDstAllocHandle=0x0"
"15:32:34.6740907","184","12852","3792","hContext=1073759680 hWindow=0x0 VidPnSourceId=0 FlipInterval=1 Flags=4198404 ReturnStatus=0 hSrcAllocHandle=0x800043c0 hDstAllocHandle=0x0"
"15:32:34.8673011","184","12852","3792","hContext=1073759680 hWindow=0x0 VidPnSourceId=0 FlipInterval=1 Flags=4198404 ReturnStatus=0 hSrcAllocHandle=0x40005c80 hDstAllocHandle=0x0"
"15:32:34.8792384","184","12852","3792","hContext=1073759680 hWindow=0x0 VidPnSourceId=0 FlipInterval=1 Flags=4198404 ReturnStatus=0 hSrcAllocHandle=0x40005e00 hDstAllocHandle=0x0"
"15:32:34.8900937","184","12852","3792","hContext=1073759680 hWindow=0x0 VidPnSourceId=0 FlipInterval=1 Flags=4198404 ReturnStatus=0 hSrcAllocHandle=0x800043c0 hDstAllocHandle=0x0"
"15:32:34.9927055","184","12852","3792","hContext=1073759680 hWindow=0x0 VidPnSourceId=0 FlipInterval=1 Flags=4198404 ReturnStatus=0 hSrcAllocHandle=0x40005c80 hDstAllocHandle=0x0"
"15:32:34.9931951","171","12852","13196","hAdapter=0xffff910e86eb4820 Token=0xffff810669b4d160 Model=7 TokenSize=0 TokenData=4288 Flags=0x0 CustomDuration=0 VmBusChannel=0x0"
"15:32:34.9932265","184","12852","13196","hContext=1073742528 hWindow=0x0 VidPnSourceId=0 FlipInterval=0 Flags=32768 ReturnStatus=0 hSrcAllocHandle=0x40000540 hDstAllocHandle=0x0"
"15:32:34.9934843","172","4","876","hAdapter=0xffff910e8cd5c000 Token=0xffff810669b4d160 Model=0 TokenSize=0 TokenData=0 Flags=0x0 CustomDuration=0 VmBusChannel=0x0"
"15:32:35.0085683","184","12852","3792","hContext=1073759680 hWindow=0x0 VidPnSourceId=0 FlipInterval=1 Flags=4198404 ReturnStatus=0 hSrcAllocHandle=0x40005e00 hDstAllocHandle=0x0"
"15:32:35.1077087","184","12852","3792","hContext=1073759680 hWindow=0x0 VidPnSourceId=0 FlipInterval=1 Flags=4198404 ReturnStatus=0 hSrcAllocHandle=0x800043c0 hDstAllocHandle=0x0"
"15:32:35.2026091","184","12852","3792","hContext=1073759680 hWindow=0x0 VidPnSourceId=0 FlipInterval=1 Flags=4198404 ReturnStatus=0 hSrcAllocHandle=0x40005c80 hDstAllocHandle=0x0"
"15:32:35.2071051","184","12852","3792","hContext=1073759680 hWindow=0x0 VidPnSourceId=0 FlipInterval=1 Flags=4198404 ReturnStatus=0 hSrcAllocHandle=0x40005e00 hDstAllocHandle=0x0"
"15:32:35.3164953","184","12852","3792","hContext=1073759680 hWindow=0x0 VidPnSourceId=0 FlipInterval=1 Flags=4198404 ReturnStatus=0 hSrcAllocHandle=0x800043c0 hDstAllocHandle=0x0"
"15:32:35.3243688","184","12852","3792","hContext=1073759680 hWindow=0x0 VidPnSourceId=0 FlipInterval=1 Flags=4198404 ReturnStatus=0 hSrcAllocHandle=0x40005c80 hDstAllocHandle=0x0"
"15:32:35.3690176","184","12852","3792","hContext=1073759680 hWindow=0x0 VidPnSourceId=0 FlipInterval=1 Flags=4198404 ReturnStatus=0 hSrcAllocHandle=0x40005e00 hDstAllocHandle=0x0"
"15:32:35.4228227","184","12852","3792","hContext=1073759680 hWindow=0x0 VidPnSourceId=0 FlipInterval=1 Flags=4198404 ReturnStatus=0 hSrcAllocHandle=0x800043c0 hDstAllocHandle=0x0"
"15:32:35.4408140","184","12852","3792","hContext=1073759680 hWindow=0x0 VidPnSourceId=0 FlipInterval=1 Flags=4198404 ReturnStatus=0 hSrcAllocHandle=0x40005c80 hDstAllocHandle=0x0"
"15:32:35.5339491","184","12852","3792","hContext=1073759680 hWindow=0x0 VidPnSourceId=0 FlipInterval=1 Flags=4198404 ReturnStatus=0 hSrcAllocHandle=0x40005e00 hDstAllocHandle=0x0"
"15:32:35.5344760","171","12852","13196","hAdapter=0xffff910e86eb4820 Token=0xffff810669b4d160 Model=7 TokenSize=0 TokenData=4300 Flags=0x0 CustomDuration=0 VmBusChannel=0x0"
"15:32:35.5345013","184","12852","13196","hContext=1073742528 hWindow=0x0 VidPnSourceId=0 FlipInterval=0 Flags=32768 ReturnStatus=0 hSrcAllocHandle=0x40000540 hDstAllocHandle=0x0"
"15:32:35.5347663","172","4","876","hAdapter=0xffff910e8cd5c000 Token=0xffff810669b4d160 Model=0 TokenSize=0 TokenData=0 Flags=0x0 CustomDuration=0 VmBusChannel=0x0"
"15:32:35.5427509","184","12852","3792","hContext=1073759680 hWindow=0x0 VidPnSourceId=0 FlipInterval=1 Flags=4198404 ReturnStatus=0 hSrcAllocHandle=0x800043c0 hDstAllocHandle=0x0"
"15:32:35.6576966","184","12852","3792","hContext=1073759680 hWindow=0x0 VidPnSourceId=0 FlipInterval=1 Flags=4198404 ReturnStatus=0 hSrcAllocHandle=0x40005c80 hDstAllocHandle=0x0"
"15:32:35.7489081","184","12852","3792","hContext=1073759680 hWindow=0x0 VidPnSourceId=0 FlipInterval=1 Flags=4198404 ReturnStatus=0 hSrcAllocHandle=0x40005e00 hDstAllocHandle=0x0"
"15:32:35.7579711","184","12852","3792","hContext=1073759680 hWindow=0x0 VidPnSourceId=0 FlipInterval=1 Flags=4198404 ReturnStatus=0 hSrcAllocHandle=0x800043c0 hDstAllocHandle=0x0"
"15:32:35.8628377","184","12852","3792","hContext=1073759680 hWindow=0x0 VidPnSourceId=0 FlipInterval=1 Flags=4198404 ReturnStatus=0 hSrcAllocHandle=0x40005c80 hDstAllocHandle=0x0"
"15:32:35.8740429","184","12852","3792","hContext=1073759680 hWindow=0x0 VidPnSourceId=0 FlipInterval=1 Flags=4198404 ReturnStatus=0 hSrcAllocHandle=0x40005e00 hDstAllocHandle=0x0"
"15:32:36.0817257","171","12852","13196","hAdapter=0xffff910e86eb4820 Token=0xffff810669b4d160 Model=7 TokenSize=0 TokenData=4332 Flags=0x0 CustomDuration=0 VmBusChannel=0x0"
"15:32:36.0817435","184","12852","13196","hContext=1073742528 hWindow=0x0 VidPnSourceId=0 FlipInterval=0 Flags=32768 ReturnStatus=0 hSrcAllocHandle=0x40000540 hDstAllocHandle=0x0"
"15:32:36.0819070","172","4","876","hAdapter=0xffff910e8cd5c000 Token=0xffff810669b4d160 Model=0 TokenSize=0 TokenData=0 Flags=0x0 CustomDuration=0 VmBusChannel=0x0"
"15:32:36.0846910","184","12852","3792","hContext=1073759680 hWindow=0x0 VidPnSourceId=0 FlipInterval=1 Flags=4198404 ReturnStatus=0 hSrcAllocHandle=0x800043c0 hDstAllocHandle=0x0"
"15:32:36.0922888","184","12852","3792","hContext=1073759680 hWindow=0x0 VidPnSourceId=0 FlipInterval=1 Flags=4198404 ReturnStatus=0 hSrcAllocHandle=0x40005c80 hDstAllocHandle=0x0"
"15:32:36.1913594","184","12852","3792","hContext=1073759680 hWindow=0x0 VidPnSourceId=0 FlipInterval=1 Flags=4198404 ReturnStatus=0 hSrcAllocHandle=0x40005e00 hDstAllocHandle=0x0"
"15:32:36.2081000","184","12852","3792","hContext=1073759680 hWindow=0x0 VidPnSourceId=0 FlipInterval=1 Flags=4198404 ReturnStatus=0 hSrcAllocHandle=0x800043c0 hDstAllocHandle=0x0"
"15:32:36.3012993","184","12852","3792","hContext=1073759680 hWindow=0x0 VidPnSourceId=0 FlipInterval=1 Flags=4198404 ReturnStatus=0 hSrcAllocHandle=0x40005c80 hDstAllocHandle=0x0"
"15:32:36.3083738","184","12852","3792","hContext=1073759680 hWindow=0x0 VidPnSourceId=0 FlipInterval=1 Flags=4198404 ReturnStatus=0 hSrcAllocHandle=0x40005e00 hDstAllocHandle=0x0"
"15:32:36.3696337","184","12852","3792","hContext=1073759680 hWindow=0x0 VidPnSourceId=0 FlipInterval=1 Flags=4198404 ReturnStatus=0 hSrcAllocHandle=0x800043c0 hDstAllocHandle=0x0"
"15:32:36.4096603","184","12852","3792","hContext=1073759680 hWindow=0x0 VidPnSourceId=0 FlipInterval=1 Flags=4198404 ReturnStatus=0 hSrcAllocHandle=0x40005c80 hDstAllocHandle=0x0"
"15:32:36.4252880","184","12852","3792","hContext=1073759680 hWindow=0x0 VidPnSourceId=0 FlipInterval=1 Flags=4198404 ReturnStatus=0 hSrcAllocHandle=0x40005e00 hDstAllocHandle=0x0"
"15:32:36.5174167","184","12852","3792","hContext=1073759680 hWindow=0x0 VidPnSourceId=0 FlipInterval=1 Flags=4198404 ReturnStatus=0 hSrcAllocHandle=0x800043c0 hDstAllocHandle=0x0"
"15:32:36.5252633","184","12852","3792","hContext=1073759680 hWindow=0x0 VidPnSourceId=0 FlipInterval=1 Flags=4198404 ReturnStatus=0 hSrcAllocHandle=0x40005c80 hDstAllocHandle=0x0"
"15:32:36.6310268","184","12852","3792","hContext=1073759680 hWindow=0x0 VidPnSourceId=0 FlipInterval=1 Flags=4198404 ReturnStatus=0 hSrcAllocHandle=0x40005e00 hDstAllocHandle=0x0"
"15:32:36.6318597","171","12852","13196","hAdapter=0xffff910e86eb4820 Token=0xffff810669b4d160 Model=7 TokenSize=0 TokenData=4300 Flags=0x0 CustomDuration=0 VmBusChannel=0x0"
"15:32:36.6318823","184","12852","13196","hContext=1073742528 hWindow=0x0 VidPnSourceId=0 FlipInterval=0 Flags=32768 ReturnStatus=0 hSrcAllocHandle=0x40000540 hDstAllocHandle=0x0"
"15:32:36.6322020","172","4","876","hAdapter=0xffff910e8cd5c000 Token=0xffff810669b4d160 Model=0 TokenSize=0 TokenData=0 Flags=0x0 CustomDuration=0 VmBusChannel=0x0"
"15:32:36.6481835","184","12852","3792","hContext=1073759680 hWindow=0x0 VidPnSourceId=0 FlipInterval=1 Flags=4198404 ReturnStatus=0 hSrcAllocHandle=0x800043c0 hDstAllocHandle=0x0"
"15:32:36.7418804","184","12852","3792","hContext=1073759680 hWindow=0x0 VidPnSourceId=0 FlipInterval=1 Flags=4198404 ReturnStatus=0 hSrcAllocHandle=0x40005c80 hDstAllocHandle=0x0"
"15:32:36.8454624","184","12852","3792","hContext=1073759680 hWindow=0x0 VidPnSourceId=0 FlipInterval=1 Flags=4198404 ReturnStatus=0 hSrcAllocHandle=0x40005e00 hDstAllocHandle=0x0"
"15:32:36.8588453","184","12852","3792","hContext=1073759680 hWindow=0x0 VidPnSourceId=0 FlipInterval=1 Flags=4198404 ReturnStatus=0 hSrcAllocHandle=0x800043c0 hDstAllocHandle=0x0"
"15:32:36.9578612","184","12852","3792","hContext=1073759680 hWindow=0x0 VidPnSourceId=0 FlipInterval=1 Flags=4198404 ReturnStatus=0 hSrcAllocHandle=0x40005c80 hDstAllocHandle=0x0"
"15:32:36.9754900","184","12852","3792","hContext=1073759680 hWindow=0x0 VidPnSourceId=0 FlipInterval=1 Flags=4198404 ReturnStatus=0 hSrcAllocHandle=0x40005e00 hDstAllocHandle=0x0"
"15:32:37.0620081","184","12852","3792","hContext=1073759680 hWindow=0x0 VidPnSourceId=0 FlipInterval=1 Flags=4198404 ReturnStatus=0 hSrcAllocHandle=0x800043c0 hDstAllocHandle=0x0"
"15:32:37.0760645","184","12852","3792","hContext=1073759680 hWindow=0x0 VidPnSourceId=0 FlipInterval=1 Flags=4198404 ReturnStatus=0 hSrcAllocHandle=0x40005c80 hDstAllocHandle=0x0"
"15:32:37.1791376","171","12852","13196","hAdapter=0xffff910e86eb4820 Token=0xffff810669b4d160 Model=7 TokenSize=0 TokenData=4316 Flags=0x0 CustomDuration=0 VmBusChannel=0x0"
"15:32:37.1791674","184","12852","13196","hContext=1073742528 hWindow=0x0 VidPnSourceId=0 FlipInterval=0 Flags=32768 ReturnStatus=0 hSrcAllocHandle=0x40000540 hDstAllocHandle=0x0"
"15:32:37.1794850","172","4","876","hAdapter=0xffff910e8cd5c000 Token=0xffff810669b4d160 Model=0 TokenSize=0 TokenData=0 Flags=0x0 CustomDuration=0 VmBusChannel=0x0"
"15:32:37.3821387","184","12852","3792","hContext=1073759680 hWindow=0x0 VidPnSourceId=0 FlipInterval=1 Flags=4198404 ReturnStatus=0 hSrcAllocHandle=0x40005e00 hDstAllocHandle=0x0"
"15:32:37.3938205","184","12852","3792","hContext=1073759680 hWindow=0x0 VidPnSourceId=0 FlipInterval=1 Flags=4198404 ReturnStatus=0 hSrcAllocHandle=0x800043c0 hDstAllocHandle=0x0"
"15:32:37.4092272","184","12852","3792","hContext=1073759680 hWindow=0x0 VidPnSourceId=0 FlipInterval=1 Flags=4198404 ReturnStatus=0 hSrcAllocHandle=0x40005c80 hDstAllocHandle=0x0"
"15:32:37.5004692","184","12852","3792","hContext=1073759680 hWindow=0x0 VidPnSourceId=0 FlipInterval=1 Flags=4198404 ReturnStatus=0 hSrcAllocHandle=0x40005e00 hDstAllocHandle=0x0"
"15:32:37.5094893","184","12852","3792","hContext=1073759680 hWindow=0x0 VidPnSourceId=0 FlipInterval=1 Flags=4198404 ReturnStatus=0 hSrcAllocHandle=0x800043c0 hDstAllocHandle=0x0"
"15:32:37.6084743","184","12852","3792","hContext=1073759680 hWindow=0x0 VidPnSourceId=0 FlipInterval=1 Flags=4198404 ReturnStatus=0 hSrcAllocHandle=0x40005c80 hDstAllocHandle=0x0"
"15:32:37.6259452","184","12852","3792","hContext=1073759680 hWindow=0x0 VidPnSourceId=0 FlipInterval=1 Flags=4198404 ReturnStatus=0 hSrcAllocHandle=0x40005e00 hDstAllocHandle=0x0"
"15:32:37.7200511","184","12852","3792","hContext=1073759680 hWindow=0x0 VidPnSourceId=0 FlipInterval=1 Flags=4198404 ReturnStatus=0 hSrcAllocHandle=0x800043c0 hDstAllocHandle=0x0"
"15:32:37.7206067","171","12852","13196","hAdapter=0xffff910e86eb4820 Token=0xffff810669b4d160 Model=7 TokenSize=0 TokenData=4320 Flags=0x0 CustomDuration=0 VmBusChannel=0x0"
"15:32:37.7206534","184","12852","13196","hContext=1073742528 hWindow=0x0 VidPnSourceId=0 FlipInterval=0 Flags=32768 ReturnStatus=0 hSrcAllocHandle=0x40000540 hDstAllocHandle=0x0"
"15:32:37.7208696","172","4","876","hAdapter=0xffff910e8cd5c000 Token=0xffff810669b4d160 Model=0 TokenSize=0 TokenData=0 Flags=0x0 CustomDuration=0 VmBusChannel=0x0"
"15:32:37.7331801","184","12852","3792","hContext=1073759680 hWindow=0x0 VidPnSourceId=0 FlipInterval=1 Flags=4198404 ReturnStatus=0 hSrcAllocHandle=0x40005c80 hDstAllocHandle=0x0"
"15:32:37.7427024","184","12852","3792","hContext=1073759680 hWindow=0x0 VidPnSourceId=0 FlipInterval=1 Flags=4198404 ReturnStatus=0 hSrcAllocHandle=0x40005e00 hDstAllocHandle=0x0"
"15:32:37.8307304","184","12852","3792","hContext=1073759680 hWindow=0x0 VidPnSourceId=0 FlipInterval=1 Flags=4198404 ReturnStatus=0 hSrcAllocHandle=0x800043c0 hDstAllocHandle=0x0"
"15:32:37.8423122","184","12852","3792","hContext=1073759680 hWindow=0x0 VidPnSourceId=0 FlipInterval=1 Flags=4198404 ReturnStatus=0 hSrcAllocHandle=0x40005c80 hDstAllocHandle=0x0"
"15:32:37.8723801","184","12852","3792","hContext=1073759680 hWindow=0x0 VidPnSourceId=0 FlipInterval=1 Flags=4198404 ReturnStatus=0 hSrcAllocHandle=0x40005e00 hDstAllocHandle=0x0"
"15:32:37.9378308","184","12852","3792","hContext=1073759680 hWindow=0x0 VidPnSourceId=0 FlipInterval=1 Flags=4198404 ReturnStatus=0 hSrcAllocHandle=0x800043c0 hDstAllocHandle=0x0"
"15:32:37.9426994","184","12852","3792","hContext=1073759680 hWindow=0x0 VidPnSourceId=0 FlipInterval=1 Flags=4198404 ReturnStatus=0 hSrcAllocHandle=0x40005c80 hDstAllocHandle=0x0"
"15:32:38.0468553","184","12852","3792","hContext=1073759680 hWindow=0x0 VidPnSourceId=0 FlipInterval=1 Flags=4198404 ReturnStatus=0 hSrcAllocHandle=0x40005e00 hDstAllocHandle=0x0"
"15:32:38.0598670","184","12852","3792","hContext=1073759680 hWindow=0x0 VidPnSourceId=0 FlipInterval=1 Flags=4198404 ReturnStatus=0 hSrcAllocHandle=0x800043c0 hDstAllocHandle=0x0"
"15:32:38.1561281","184","12852","3792","hContext=1073759680 hWindow=0x0 VidPnSourceId=0 FlipInterval=1 Flags=4198404 ReturnStatus=0 hSrcAllocHandle=0x40005c80 hDstAllocHandle=0x0"
"15:32:38.1595018","184","12852","3792","hContext=1073759680 hWindow=0x0 VidPnSourceId=0 FlipInterval=1 Flags=4198404 ReturnStatus=0 hSrcAllocHandle=0x40005e00 hDstAllocHandle=0x0"
"15:32:38.2714496","184","12852","3792","hContext=1073759680 hWindow=0x0 VidPnSourceId=0 FlipInterval=1 Flags=4198404 ReturnStatus=0 hSrcAllocHandle=0x800043c0 hDstAllocHandle=0x0"
"15:32:38.2722069","171","12852","13196","hAdapter=0xffff910e86eb4820 Token=0xffff810669b4d160 Model=7 TokenSize=0 TokenData=4344 Flags=0x0 CustomDuration=0 VmBusChannel=0x0"
"15:32:38.2722326","184","12852","13196","hContext=1073742528 hWindow=0x0 VidPnSourceId=0 FlipInterval=0 Flags=32768 ReturnStatus=0 hSrcAllocHandle=0x40000540 hDstAllocHandle=0x0"
"15:32:38.2726247","172","4","876","hAdapter=0xffff910e8cd5c000 Token=0xffff810669b4d160 Model=0 TokenSize=0 TokenData=0 Flags=0x0 CustomDuration=0 VmBusChannel=0x0"
"15:32:38.2780495","184","12852","3792","hContext=1073759680 hWindow=0x0 VidPnSourceId=0 FlipInterval=1 Flags=4198404 ReturnStatus=0 hSrcAllocHandle=0x40005c80 hDstAllocHandle=0x0"
"15:32:38.4821509","184","12852","3792","hContext=1073759680 hWindow=0x0 VidPnSourceId=0 FlipInterval=1 Flags=4198404 ReturnStatus=0 hSrcAllocHandle=0x40005e00 hDstAllocHandle=0x0"
"15:32:38.4931640","184","12852","3792","hContext=1073759680 hWindow=0x0 VidPnSourceId=0 FlipInterval=1 Flags=4198404 ReturnStatus=0 hSrcAllocHandle=0x800043c0 hDstAllocHandle=0x0"
"15:32:38.5933959","184","12852","3792","hContext=1073759680 hWindow=0x0 VidPnSourceId=0 FlipInterval=1 Flags=4198404 ReturnStatus=0 hSrcAllocHandle=0x40005c80 hDstAllocHandle=0x0"
"15:32:38.6100547","184","12852","3792","hContext=1073759680 hWindow=0x0 VidPnSourceId=0 FlipInterval=1 Flags=4198404 ReturnStatus=0 hSrcAllocHandle=0x40005e00 hDstAllocHandle=0x0"
"15:32:38.7047514","184","12852","3792","hContext=1073759680 hWindow=0x0 VidPnSourceId=0 FlipInterval=1 Flags=4198404 ReturnStatus=0 hSrcAllocHandle=0x800043c0 hDstAllocHandle=0x0"
"15:32:38.7097330","184","12852","3792","hContext=1073759680 hWindow=0x0 VidPnSourceId=0 FlipInterval=1 Flags=4198404 ReturnStatus=0 hSrcAllocHandle=0x40005c80 hDstAllocHandle=0x0"
"15:32:38.8112475","171","12852","13196","hAdapter=0xffff910e86eb4820 Token=0xffff810669b4d160 Model=7 TokenSize=0 TokenData=4336 Flags=0x0 CustomDuration=0 VmBusChannel=0x0"
"15:32:38.8112589","184","12852","13196","hContext=1073742528 hWindow=0x0 VidPnSourceId=0 FlipInterval=0 Flags=32768 ReturnStatus=0 hSrcAllocHandle=0x40000540 hDstAllocHandle=0x0"
"15:32:38.8114737","172","4","876","hAdapter=0xffff910e8cd5c000 Token=0xffff810669b4d160 Model=0 TokenSize=0 TokenData=0 Flags=0x0 CustomDuration=0 VmBusChannel=0x0"
"15:32:38.8114906","184","12852","3792","hContext=1073759680 hWindow=0x0 VidPnSourceId=0 FlipInterval=1 Flags=4198404 ReturnStatus=0 hSrcAllocHandle=0x40005e00 hDstAllocHandle=0x0"
"15:32:38.8284846","184","12852","3792","hContext=1073759680 hWindow=0x0 VidPnSourceId=0 FlipInterval=1 Flags=4198404 ReturnStatus=0 hSrcAllocHandle=0x800043c0 hDstAllocHandle=0x0"
"15:32:38.8940200","184","12852","3792","hContext=1073759680 hWindow=0x0 VidPnSourceId=0 FlipInterval=1 Flags=4198404 ReturnStatus=0 hSrcAllocHandle=0x40005c80 hDstAllocHandle=0x0"
"15:32:38.9250091","184","12852","3792","hContext=1073759680 hWindow=0x0 VidPnSourceId=0 FlipInterval=1 Flags=4198404 ReturnStatus=0 hSrcAllocHandle=0x40005e00 hDstAllocHandle=0x0"
"15:32:38.9262289","184","12852","3792","hContext=1073759680 hWindow=0x0 VidPnSourceId=0 FlipInterval=1 Flags=4198404 ReturnStatus=0 hSrcAllocHandle=0x800043c0 hDstAllocHandle=0x0"
"15:32:39.0329677","184","12852","3792","hContext=1073759680 hWindow=0x0 VidPnSourceId=0 FlipInterval=1 Flags=4198404 ReturnStatus=0 hSrcAllocHandle=0x40005c80 hDstAllocHandle=0x0"
"15:32:39.0437422","184","12852","3792","hContext=1073759680 hWindow=0x0 VidPnSourceId=0 FlipInterval=1 Flags=4198404 ReturnStatus=0 hSrcAllocHandle=0x40005e00 hDstAllocHandle=0x0"
"15:32:39.1431743","184","12852","3792","hContext=1073759680 hWindow=0x0 VidPnSourceId=0 FlipInterval=1 Flags=4198404 ReturnStatus=0 hSrcAllocHandle=0x800043c0 hDstAllocHandle=0x0"
"15:32:39.1601253","184","12852","3792","hContext=1073759680 hWindow=0x0 VidPnSourceId=0 FlipInterval=1 Flags=4198404 ReturnStatus=0 hSrcAllocHandle=0x40005c80 hDstAllocHandle=0x0"
"15:32:39.2510500","184","12852","3792","hContext=1073759680 hWindow=0x0 VidPnSourceId=0 FlipInterval=1 Flags=4198404 ReturnStatus=0 hSrcAllocHandle=0x40005e00 hDstAllocHandle=0x0"
"15:32:39.2605157","184","12852","3792","hContext=1073759680 hWindow=0x0 VidPnSourceId=0 FlipInterval=1 Flags=4198404 ReturnStatus=0 hSrcAllocHandle=0x800043c0 hDstAllocHandle=0x0"
"15:32:39.3618028","184","12852","3792","hContext=1073759680 hWindow=0x0 VidPnSourceId=0 FlipInterval=1 Flags=4198404 ReturnStatus=0 hSrcAllocHandle=0x40005c80 hDstAllocHandle=0x0"
"15:32:39.3619056","171","12852","13196","hAdapter=0xffff910e86eb4820 Token=0xffff810669b4d160 Model=7 TokenSize=0 TokenData=4300 Flags=0x0 CustomDuration=0 VmBusChannel=0x0"
"15:32:39.3619253","184","12852","13196","hContext=1073742528 hWindow=0x0 VidPnSourceId=0 FlipInterval=0 Flags=32768 ReturnStatus=0 hSrcAllocHandle=0x40000540 hDstAllocHandle=0x0"
"15:32:39.3620627","172","4","876","hAdapter=0xffff910e8cd5c000 Token=0xffff810669b4d160 Model=0 TokenSize=0 TokenData=0 Flags=0x0 CustomDuration=0 VmBusChannel=0x0"
"15:32:39.3788082","184","12852","3792","hContext=1073759680 hWindow=0x0 VidPnSourceId=0 FlipInterval=1 Flags=4198404 ReturnStatus=0 hSrcAllocHandle=0x40005e00 hDstAllocHandle=0x0"
"15:32:39.4713731","184","12852","3792","hContext=1073759680 hWindow=0x0 VidPnSourceId=0 FlipInterval=1 Flags=4198404 ReturnStatus=0 hSrcAllocHandle=0x800043c0 hDstAllocHandle=0x0"
"15:32:39.6775660","184","12852","3792","hContext=1073759680 hWindow=0x0 VidPnSourceId=0 FlipInterval=1 Flags=4198404 ReturnStatus=0 hSrcAllocHandle=0x40005c80 hDstAllocHandle=0x0"
"15:32:39.6940274","184","12852","3792","hContext=1073759680 hWindow=0x0 VidPnSourceId=0 FlipInterval=1 Flags=4198404 ReturnStatus=0 hSrcAllocHandle=0x40005e00 hDstAllocHandle=0x0"
"15:32:39.7978210","184","12852","3792","hContext=1073759680 hWindow=0x0 VidPnSourceId=0 FlipInterval=1 Flags=4198404 ReturnStatus=0 hSrcAllocHandle=0x800043c0 hDstAllocHandle=0x0"
"15:32:39.8107775","184","12852","3792","hContext=1073759680 hWindow=0x0 VidPnSourceId=0 FlipInterval=1 Flags=4198404 ReturnStatus=0 hSrcAllocHandle=0x40005c80 hDstAllocHandle=0x0"
"15:32:39.8745293","184","12852","3792","hContext=1073759680 hWindow=0x0 VidPnSourceId=0 FlipInterval=1 Flags=4198404 ReturnStatus=0 hSrcAllocHandle=0x40005e00 hDstAllocHandle=0x0"
"15:32:39.9066815","184","12852","3792","hContext=1073759680 hWindow=0x0 VidPnSourceId=0 FlipInterval=1 Flags=4198404 ReturnStatus=0 hSrcAllocHandle=0x800043c0 hDstAllocHandle=0x0"
"15:32:39.9070996","171","12852","13196","hAdapter=0xffff910e86eb4820 Token=0xffff810669b4d160 Model=7 TokenSize=0 TokenData=4336 Flags=0x0 CustomDuration=0 VmBusChannel=0x0"
"15:32:39.9071140","184","12852","13196","hContext=1073742528 hWindow=0x0 VidPnSourceId=0 FlipInterval=0 Flags=32768 ReturnStatus=0 hSrcAllocHandle=0x40000540 hDstAllocHandle=0x0"
"15:32:39.9071233","172","4","880","hAdapter=0xffff910e8cd5c000 Token=0xffff810669b4d160 Model=0 TokenSize=0 TokenData=0 Flags=0x0 CustomDuration=0 VmBusChannel=0x0"
"15:32:39.9126010","184","12852","3792","hContext=1073759680 hWindow=0x0 VidPnSourceId=0 FlipInterval=1 Flags=4198404 ReturnStatus=0 hSrcAllocHandle=0x40005c80 hDstAllocHandle=0x0"
"15:32:40.0279687","184","12852","3792","hContext=1073759680 hWindow=0x0 VidPnSourceId=0 FlipInterval=1 Flags=4198404 ReturnStatus=0 hSrcAllocHandle=0x40005e00 hDstAllocHandle=0x0"
"15:32:40.1236863","184","12852","3792","hContext=1073759680 hWindow=0x0 VidPnSourceId=0 FlipInterval=1 Flags=4198404 ReturnStatus=0 hSrcAllocHandle=0x800043c0 hDstAllocHandle=0x0"
"15:32:40.1278436","184","12852","3792","hContext=1073759680 hWindow=0x0 VidPnSourceId=0 FlipInterval=1 Flags=4198404 ReturnStatus=0 hSrcAllocHandle=0x40005c80 hDstAllocHandle=0x0"
"15:32:40.2401332","184","12852","3792","hContext=1073759680 hWindow=0x0 VidPnSourceId=0 FlipInterval=1 Flags=4198404 ReturnStatus=0 hSrcAllocHandle=0x40005e00 hDstAllocHandle=0x0"
"15:32:40.2447619","184","12852","3792","hContext=1073759680 hWindow=0x0 VidPnSourceId=0 FlipInterval=1 Flags=4198404 ReturnStatus=0 hSrcAllocHandle=0x800043c0 hDstAllocHandle=0x0"
"15:32:40.3422787","184","12852","3792","hContext=1073759680 hWindow=0x0 VidPnSourceId=0 FlipInterval=1 Flags=4198404 ReturnStatus=0 hSrcAllocHandle=0x40005c80 hDstAllocHandle=0x0"
"15:32:40.3443862","184","12852","3792","hContext=1073759680 hWindow=0x0 VidPnSourceId=0 FlipInterval=1 Flags=4198404 ReturnStatus=0 hSrcAllocHandle=0x40005e00 hDstAllocHandle=0x0"
"15:32:40.3736966","184","12852","3792","hContext=1073759680 hWindow=0x0 VidPnSourceId=0 FlipInterval=1 Flags=4198404 ReturnStatus=0 hSrcAllocHandle=0x800043c0 hDstAllocHandle=0x0"
"15:32:40.4565822","171","12852","13196","hAdapter=0xffff910e86eb4820 Token=0xffff810669b4d160 Model=7 TokenSize=0 TokenData=4336 Flags=0x0 CustomDuration=0 VmBusChannel=0x0"
"15:32:40.4565982","184","12852","13196","hContext=1073742528 hWindow=0x0 VidPnSourceId=0 FlipInterval=0 Flags=32768 ReturnStatus=0 hSrcAllocHandle=0x40000540 hDstAllocHandle=0x0"
"15:32:40.4566941","184","12852","3792","hContext=1073759680 hWindow=0x0 VidPnSourceId=0 FlipInterval=1 Flags=4198404 ReturnStatus=0 hSrcAllocHandle=0x40005c80 hDstAllocHandle=0x0"
"15:32:40.4567492","172","4","876","hAdapter=0xffff910e8cd5c000 Token=0xffff810669b4d160 Model=0 TokenSize=0 TokenData=0 Flags=0x0 CustomDuration=0 VmBusChannel=0x0"
"15:32:40.4629026","184","12852","3792","hContext=1073759680 hWindow=0x0 VidPnSourceId=0 FlipInterval=1 Flags=4198404 ReturnStatus=0 hSrcAllocHandle=0x40005e00 hDstAllocHandle=0x0"
"15:32:40.5782702","184","12852","3792","hContext=1073759680 hWindow=0x0 VidPnSourceId=0 FlipInterval=1 Flags=4198404 ReturnStatus=0 hSrcAllocHandle=0x800043c0 hDstAllocHandle=0x0"
"15:32:40.6723594","184","12852","3792","hContext=1073759680 hWindow=0x0 VidPnSourceId=0 FlipInterval=1 Flags=4198404 ReturnStatus=0 hSrcAllocHandle=0x40005c80 hDstAllocHandle=0x0"
"15:32:40.6781711","184","12852","3792","hContext=1073759680 hWindow=0x0 VidPnSourceId=0 FlipInterval=1 Flags=4198404 ReturnStatus=0 hSrcAllocHandle=0x40005e00 hDstAllocHandle=0x0"
"15:32:40.7843589","184","12852","3792","hContext=1073759680 hWindow=0x0 VidPnSourceId=0 FlipInterval=1 Flags=4198404 ReturnStatus=0 hSrcAllocHandle=0x800043c0 hDstAllocHandle=0x0"
"15:32:41.0002806","171","12852","13196","hAdapter=0xffff910e86eb4820 Token=0xffff810669b4d160 Model=7 TokenSize=0 TokenData=4324 Flags=0x0 CustomDuration=0 VmBusChannel=0x0"
"15:32:41.0003002","184","12852","13196","hContext=1073742528 hWindow=0x0 VidPnSourceId=0 FlipInterval=0 Flags=32768 ReturnStatus=0 hSrcAllocHandle=0x40000540 hDstAllocHandle=0x0"
"15:32:41.0003089","172","4","880","hAdapter=0xffff910e8cd5c000 Token=0xffff810669b4d160 Model=0 TokenSize=0 TokenData=0 Flags=0x0 CustomDuration=0 VmBusChannel=0x0"
"15:32:41.0092718","184","12852","3792","hContext=1073759680 hWindow=0x0 VidPnSourceId=0 FlipInterval=1 Flags=4198404 ReturnStatus=0 hSrcAllocHandle=0x40005c80 hDstAllocHandle=0x0"
"15:32:41.0298897","184","12852","3792","hContext=1073759680 hWindow=0x0 VidPnSourceId=0 FlipInterval=1 Flags=4198404 ReturnStatus=0 hSrcAllocHandle=0x40005e00 hDstAllocHandle=0x0"
"15:32:41.1437906","184","12852","3792","hContext=1073759680 hWindow=0x0 VidPnSourceId=0 FlipInterval=1 Flags=4198404 ReturnStatus=0 hSrcAllocHandle=0x800043c0 hDstAllocHandle=0x0"
"15:32:41.1832811","184","12852","3792","hContext=1073759680 hWindow=0x0 VidPnSourceId=0 FlipInterval=1 Flags=4198404 ReturnStatus=0 hSrcAllocHandle=0x40005c80 hDstAllocHandle=0x0"
"15:32:41.2540126","184","12852","3792","hContext=1073759680 hWindow=0x0 VidPnSourceId=0 FlipInterval=1 Flags=4198404 ReturnStatus=0 hSrcAllocHandle=0x40005e00 hDstAllocHandle=0x0"
"15:32:41.3295012","184","12852","3792","hContext=1073759680 hWindow=0x0 VidPnSourceId=0 FlipInterval=1 Flags=4198404 ReturnStatus=0 hSrcAllocHandle=0x800043c0 hDstAllocHandle=0x0"
"15:32:41.3454430","184","12852","3792","hContext=1073759680 hWindow=0x0 VidPnSourceId=0 FlipInterval=1 Flags=4198404 ReturnStatus=0 hSrcAllocHandle=0x40005c80 hDstAllocHandle=0x0"
"15:32:41.3662426","184","12852","3792","hContext=1073759680 hWindow=0x0 VidPnSourceId=0 FlipInterval=1 Flags=4198404 ReturnStatus=0 hSrcAllocHandle=0x40005e00 hDstAllocHandle=0x0"
"15:32:41.4968871","184","12852","3792","hContext=1073759680 hWindow=0x0 VidPnSourceId=0 FlipInterval=1 Flags=4198404 ReturnStatus=0 hSrcAllocHandle=0x800043c0 hDstAllocHandle=0x0"
"15:32:41.5370602","184","12852","3792","hContext=1073759680 hWindow=0x0 VidPnSourceId=0 FlipInterval=1 Flags=4198404 ReturnStatus=0 hSrcAllocHandle=0x40005c80 hDstAllocHandle=0x0"
"15:32:41.5522953","171","12852","13196","hAdapter=0xffff910e86eb4820 Token=0xffff810669b4d160 Model=7 TokenSize=0 TokenData=4360 Flags=0x0 CustomDuration=0 VmBusChannel=0x0"
"15:32:41.5523155","184","12852","13196","hContext=1073742528 hWindow=0x0 VidPnSourceId=0 FlipInterval=0 Flags=32768 ReturnStatus=0 hSrcAllocHandle=0x40000540 hDstAllocHandle=0x0"
"15:32:41.5523261","172","4","880","hAdapter=0xffff910e8cd5c000 Token=0xffff810669b4d160 Model=0 TokenSize=0 TokenData=0 Flags=0x0 CustomDuration=0 VmBusChannel=0x0"
"15:32:41.5639327","184","12852","3792","hContext=1073759680 hWindow=0x0 VidPnSourceId=0 FlipInterval=1 Flags=4198404 ReturnStatus=0 hSrcAllocHandle=0x40005e00 hDstAllocHandle=0x0"
"15:32:41.5794699","184","12852","3792","hContext=1073759680 hWindow=0x0 VidPnSourceId=0 FlipInterval=1 Flags=4198404 ReturnStatus=0 hSrcAllocHandle=0x800043c0 hDstAllocHandle=0x0"
"15:32:41.6553279","184","12852","3792","hContext=1073759680 hWindow=0x0 VidPnSourceId=0 FlipInterval=1 Flags=4198404 ReturnStatus=0 hSrcAllocHandle=0x40005c80 hDstAllocHandle=0x0"
"15:32:41.6621632","184","12852","3792","hContext=1073759680 hWindow=0x0 VidPnSourceId=0 FlipInterval=1 Flags=4198404 ReturnStatus=0 hSrcAllocHandle=0x40005e00 hDstAllocHandle=0x0"
"15:32:41.7692975","184","12852","3792","hContext=1073759680 hWindow=0x0 VidPnSourceId=0 FlipInterval=1 Flags=4198404 ReturnStatus=0 hSrcAllocHandle=0x800043c0 hDstAllocHandle=0x0"
"15:32:41.7789755","184","12852","3792","hContext=1073759680 hWindow=0x0 VidPnSourceId=0 FlipInterval=1 Flags=4198404 ReturnStatus=0 hSrcAllocHandle=0x40005c80 hDstAllocHandle=0x0"
"15:32:41.8751793","184","12852","3792","hContext=1073759680 hWindow=0x0 VidPnSourceId=0 FlipInterval=1 Flags=4198404 ReturnStatus=0 hSrcAllocHandle=0x40005e00 hDstAllocHandle=0x0"
"15:32:41.8818883","184","12852","3792","hContext=1073759680 hWindow=0x0 VidPnSourceId=0 FlipInterval=1 Flags=4198404 ReturnStatus=0 hSrcAllocHandle=0x800043c0 hDstAllocHandle=0x0"
"15:32:41.9873199","184","12852","3792","hContext=1073759680 hWindow=0x0 VidPnSourceId=0 FlipInterval=1 Flags=4198404 ReturnStatus=0 hSrcAllocHandle=0x40005c80 hDstAllocHandle=0x0"
"15:32:42.0968786","171","12852","13196","hAdapter=0xffff910e86eb4820 Token=0xffff810669b4d160 Model=7 TokenSize=0 TokenData=4336 Flags=0x0 CustomDuration=0 VmBusChannel=0x0"
"15:32:42.0968948","184","12852","13196","hContext=1073742528 hWindow=0x0 VidPnSourceId=0 FlipInterval=0 Flags=32768 ReturnStatus=0 hSrcAllocHandle=0x40000540 hDstAllocHandle=0x0"
"15:32:42.0969083","172","4","880","hAdapter=0xffff910e8cd5c000 Token=0xffff810669b4d160 Model=0 TokenSize=0 TokenData=0 Flags=0x0 CustomDuration=0 VmBusChannel=0x0"
"15:32:42.2071799","184","12852","3792","hContext=1073759680 hWindow=0x0 VidPnSourceId=0 FlipInterval=1 Flags=4198404 ReturnStatus=0 hSrcAllocHandle=0x40005e00 hDstAllocHandle=0x0"
"15:32:42.2264309","184","12852","3792","hContext=1073759680 hWindow=0x0 VidPnSourceId=0 FlipInterval=1 Flags=4198404 ReturnStatus=0 hSrcAllocHandle=0x800043c0 hDstAllocHandle=0x0"
"15:32:42.3144065","184","12852","3792","hContext=1073759680 hWindow=0x0 VidPnSourceId=0 FlipInterval=1 Flags=4198404 ReturnStatus=0 hSrcAllocHandle=0x40005c80 hDstAllocHandle=0x0"
"15:32:42.3294261","184","12852","3792","hContext=1073759680 hWindow=0x0 VidPnSourceId=0 FlipInterval=1 Flags=4198404 ReturnStatus=0 hSrcAllocHandle=0x40005e00 hDstAllocHandle=0x0"
"15:32:42.3789354","184","12852","3792","hContext=1073759680 hWindow=0x0 VidPnSourceId=0 FlipInterval=1 Flags=4198404 ReturnStatus=0 hSrcAllocHandle=0x800043c0 hDstAllocHandle=0x0"
"15:32:42.4215635","184","12852","3792","hContext=1073759680 hWindow=0x0 VidPnSourceId=0 FlipInterval=1 Flags=4198404 ReturnStatus=0 hSrcAllocHandle=0x40005c80 hDstAllocHandle=0x0"
"15:32:42.4295362","184","12852","3792","hContext=1073759680 hWindow=0x0 VidPnSourceId=0 FlipInterval=1 Flags=4198404 ReturnStatus=0 hSrcAllocHandle=0x40005e00 hDstAllocHandle=0x0"
"15:32:42.5295233","184","12852","3792","hContext=1073759680 hWindow=0x0 VidPnSourceId=0 FlipInterval=1 Flags=4198404 ReturnStatus=0 hSrcAllocHandle=0x800043c0 hDstAllocHandle=0x0"
"15:32:42.5460495","184","12852","3792","hContext=1073759680 hWindow=0x0 VidPnSourceId=0 FlipInterval=1 Flags=4198404 ReturnStatus=0 hSrcAllocHandle=0x40005c80 hDstAllocHandle=0x0"
"15:32:42.6440522","184","12852","3792","hContext=1073759680 hWindow=0x0 VidPnSourceId=0 FlipInterval=1 Flags=4198404 ReturnStatus=0 hSrcAllocHandle=0x40005e00 hDstAllocHandle=0x0"
"15:32:42.6450306","171","12852","13196","hAdapter=0xffff910e86eb4820 Token=0xffff810669b4d160 Model=7 TokenSize=0 TokenData=4284 Flags=0x0 CustomDuration=0 VmBusChannel=0x0"
"15:32:42.6450500","184","12852","13196","hContext=1073742528 hWindow=0x0 VidPnSourceId=0 FlipInterval=0 Flags=32768 ReturnStatus=0 hSrcAllocHandle=0x40000540 hDstAllocHandle=0x0"
"15:32:42.6451940","172","4","876","hAdapter=0xffff910e8cd5c000 Token=0xffff810669b4d160 Model=0 TokenSize=0 TokenData=0 Flags=0x0 CustomDuration=0 VmBusChannel=0x0"
"15:32:42.6480986","184","12852","3792","hContext=1073759680 hWindow=0x0 VidPnSourceId=0 FlipInterval=1 Flags=4198404 ReturnStatus=0 hSrcAllocHandle=0x800043c0 hDstAllocHandle=0x0"
"15:32:42.6666388","184","12852","3792","hContext=1073759680 hWindow=0x0 VidPnSourceId=0 FlipInterval=1 Flags=4198404 ReturnStatus=0 hSrcAllocHandle=0x40005c80 hDstAllocHandle=0x0"
"15:32:42.7498335","184","12852","3792","hContext=1073759680 hWindow=0x0 VidPnSourceId=0 FlipInterval=1 Flags=4198404 ReturnStatus=0 hSrcAllocHandle=0x40005e00 hDstAllocHandle=0x0"
"15:32:42.7632321","184","12852","3792","hContext=1073759680 hWindow=0x0 VidPnSourceId=0 FlipInterval=1 Flags=4198404 ReturnStatus=0 hSrcAllocHandle=0x800043c0 hDstAllocHandle=0x0"
"15:32:42.8603926","184","12852","3792","hContext=1073759680 hWindow=0x0 VidPnSourceId=0 FlipInterval=1 Flags=4198404 ReturnStatus=0 hSrcAllocHandle=0x40005c80 hDstAllocHandle=0x0"
"15:32:42.8631154","184","12852","3792","hContext=1073759680 hWindow=0x0 VidPnSourceId=0 FlipInterval=1 Flags=4198404 ReturnStatus=0 hSrcAllocHandle=0x40005e00 hDstAllocHandle=0x0"
"15:32:42.8803491","184","12852","3792","hContext=1073759680 hWindow=0x0 VidPnSourceId=0 FlipInterval=1 Flags=4198404 ReturnStatus=0 hSrcAllocHandle=0x800043c0 hDstAllocHandle=0x0"
"15:32:42.9701853","184","12852","3792","hContext=1073759680 hWindow=0x0 VidPnSourceId=0 FlipInterval=1 Flags=4198404 ReturnStatus=0 hSrcAllocHandle=0x40005c80 hDstAllocHandle=0x0"
"15:32:42.9801025","184","12852","3792","hContext=1073759680 hWindow=0x0 VidPnSourceId=0 FlipInterval=1 Flags=4198404 ReturnStatus=0 hSrcAllocHandle=0x40005e00 hDstAllocHandle=0x0"
"15:32:43.0782667","184","12852","3792","hContext=1073759680 hWindow=0x0 VidPnSourceId=0 FlipInterval=1 Flags=4198404 ReturnStatus=0 hSrcAllocHandle=0x800043c0 hDstAllocHandle=0x0"
"15:32:43.0797012","184","12852","3792","hContext=1073759680 hWindow=0x0 VidPnSourceId=0 FlipInterval=1 Flags=4198404 ReturnStatus=0 hSrcAllocHandle=0x40005c80 hDstAllocHandle=0x0"
"15:32:43.1898516","171","12852","13196","hAdapter=0xffff910e86eb4820 Token=0xffff810669b4d160 Model=7 TokenSize=0 TokenData=4372 Flags=0x0 CustomDuration=0 VmBusChannel=0x0"
"15:32:43.1898701","184","12852","13196","hContext=1073742528 hWindow=0x0 VidPnSourceId=0 FlipInterval=0 Flags=32768 ReturnStatus=0 hSrcAllocHandle=0x40000540 hDstAllocHandle=0x0"
"15:32:43.1898838","172","4","880","hAdapter=0xffff910e8cd5c000 Token=0xffff810669b4d160 Model=0 TokenSize=0 TokenData=0 Flags=0x0 CustomDuration=0 VmBusChannel=0x0"
"15:32:43.2969347","184","12852","3792","hContext=1073759680 hWindow=0x0 VidPnSourceId=0 FlipInterval=1 Flags=4198404 ReturnStatus=0 hSrcAllocHandle=0x40005e00 hDstAllocHandle=0x0"
"15:32:43.3142304","184","12852","3792","hContext=1073759680 hWindow=0x0 VidPnSourceId=0 FlipInterval=1 Flags=4198404 ReturnStatus=0 hSrcAllocHandle=0x800043c0 hDstAllocHandle=0x0"
"15:32:43.3758022","184","12852","3792","hContext=1073759680 hWindow=0x0 VidPnSourceId=0 FlipInterval=1 Flags=4198404 ReturnStatus=0 hSrcAllocHandle=0x40005c80 hDstAllocHandle=0x0"
"15:32:43.4071158","184","12852","3792","hContext=1073759680 hWindow=0x0 VidPnSourceId=0 FlipInterval=1 Flags=4198404 ReturnStatus=0 hSrcAllocHandle=0x40005e00 hDstAllocHandle=0x0"
"15:32:43.4138212","184","12852","3792","hContext=1073759680 hWindow=0x0 VidPnSourceId=0 FlipInterval=1 Flags=4198404 ReturnStatus=0 hSrcAllocHandle=0x800043c0 hDstAllocHandle=0x0"
"15:32:43.5149348","184","12852","3792","hContext=1073759680 hWindow=0x0 VidPnSourceId=0 FlipInterval=1 Flags=4198404 ReturnStatus=0 hSrcAllocHandle=0x40005c80 hDstAllocHandle=0x0"
"15:32:43.5308514","184","12852","3792","hContext=1073759680 hWindow=0x0 VidPnSourceId=0 FlipInterval=1 Flags=4198404 ReturnStatus=0 hSrcAllocHandle=0x40005e00 hDstAllocHandle=0x0"
"15:32:43.6264371","184","12852","3792","hContext=1073759680 hWindow=0x0 VidPnSourceId=0 FlipInterval=1 Flags=4198404 ReturnStatus=0 hSrcAllocHandle=0x800043c0 hDstAllocHandle=0x0"
"15:32:43.6429757","184","12852","3792","hContext=1073759680 hWindow=0x0 VidPnSourceId=0 FlipInterval=1 Flags=4198404 ReturnStatus=0 hSrcAllocHandle=0x40005c80 hDstAllocHandle=0x0"
"15:32:43.7390648","184","12852","3792","hContext=1073759680 hWindow=0x0 VidPnSourceId=0 FlipInterval=1 Flags=4198404 ReturnStatus=0 hSrcAllocHandle=0x40005e00 hDstAllocHandle=0x0"
"15:32:43.7393260","171","12852","13196","hAdapter=0xffff910e86eb4820 Token=0xffff810669b4d160 Model=7 TokenSize=0 TokenData=4360 Flags=0x0 CustomDuration=0 VmBusChannel=0x0"
"15:32:43.7393502","184","12852","13196","hContext=1073742528 hWindow=0x0 VidPnSourceId=0 FlipInterval=0 Flags=32768 ReturnStatus=0 hSrcAllocHandle=0x40000540 hDstAllocHandle=0x0"
"15:32:43.7394986","172","4","876","hAdapter=0xffff910e8cd5c000 Token=0xffff810669b4d160 Model=0 TokenSize=0 TokenData=0 Flags=0x0 CustomDuration=0 VmBusChannel=0x0"
"15:32:43.7490176","184","12852","3792","hContext=1073759680 hWindow=0x0 VidPnSourceId=0 FlipInterval=1 Flags=4198404 ReturnStatus=0 hSrcAllocHandle=0x800043c0 hDstAllocHandle=0x0"
"15:32:43.8474589","184","12852","3792","hContext=1073759680 hWindow=0x0 VidPnSourceId=0 FlipInterval=1 Flags=4198404 ReturnStatus=0 hSrcAllocHandle=0x40005c80 hDstAllocHandle=0x0"
"15:32:43.8759666","184","12852","3792","hContext=1073759680 hWindow=0x0 VidPnSourceId=0 FlipInterval=1 Flags=4198404 ReturnStatus=0 hSrcAllocHandle=0x40005e00 hDstAllocHandle=0x0"
"15:32:43.9549411","184","12852","3792","hContext=1073759680 hWindow=0x0 VidPnSourceId=0 FlipInterval=1 Flags=4198404 ReturnStatus=0 hSrcAllocHandle=0x800043c0 hDstAllocHandle=0x0"
"15:32:43.9641768","184","12852","3792","hContext=1073759680 hWindow=0x0 VidPnSourceId=0 FlipInterval=1 Flags=4198404 ReturnStatus=0 hSrcAllocHandle=0x40005c80 hDstAllocHandle=0x0"
"15:32:44.0620396","184","12852","3792","hContext=1073759680 hWindow=0x0 VidPnSourceId=0 FlipInterval=1 Flags=4198404 ReturnStatus=0 hSrcAllocHandle=0x40005e00 hDstAllocHandle=0x0"
"15:32:44.0648764","184","12852","3792","hContext=1073759680 hWindow=0x0 VidPnSourceId=0 FlipInterval=1 Flags=4198404 ReturnStatus=0 hSrcAllocHandle=0x800043c0 hDstAllocHandle=0x0"
"15:32:44.1760161","184","12852","3792","hContext=1073759680 hWindow=0x0 VidPnSourceId=0 FlipInterval=1 Flags=4198404 ReturnStatus=0 hSrcAllocHandle=0x40005c80 hDstAllocHandle=0x0"
"15:32:44.1815712","184","12852","3792","hContext=1073759680 hWindow=0x0 VidPnSourceId=0 FlipInterval=1 Flags=4198404 ReturnStatus=0 hSrcAllocHandle=0x40005e00 hDstAllocHandle=0x0"
"15:32:44.2856365","184","12852","3792","hContext=1073759680 hWindow=0x0 VidPnSourceId=0 FlipInterval=1 Flags=4198404 ReturnStatus=0 hSrcAllocHandle=0x800043c0 hDstAllocHandle=0x0"
"15:32:44.2864304","171","12852","13196","hAdapter=0xffff910e86eb4820 Token=0xffff810669b4d160 Model=7 TokenSize=0 TokenData=4388 Flags=0x0 CustomDuration=0 VmBusChannel=0x0"
"15:32:44.2864557","184","12852","13196","hContext=1073742528 hWindow=0x0 VidPnSourceId=0 FlipInterval=0 Flags=32768 ReturnStatus=0 hSrcAllocHandle=0x40000540 hDstAllocHandle=0x0"
"15:32:44.2867918","172","4","876","hAdapter=0xffff910e8cd5c000 Token=0xffff810669b4d160 Model=0 TokenSize=0 TokenData=0 Flags=0x0 CustomDuration=0 VmBusChannel=0x0"
"15:32:44.3009894","184","12852","3792","hContext=1073759680 hWindow=0x0 VidPnSourceId=0 FlipInterval=1 Flags=4198404 ReturnStatus=0 hSrcAllocHandle=0x40005c80 hDstAllocHandle=0x0"
"15:32:44.5148060","184","12852","3792","hContext=1073759680 hWindow=0x0 VidPnSourceId=0 FlipInterval=1 Flags=4198404 ReturnStatus=0 hSrcAllocHandle=0x40005e00 hDstAllocHandle=0x0"
"15:32:44.6107211","184","12852","3792","hContext=1073759680 hWindow=0x0 VidPnSourceId=0 FlipInterval=1 Flags=4198404 ReturnStatus=0 hSrcAllocHandle=0x800043c0 hDstAllocHandle=0x0"
"15:32:44.6153221","184","12852","3792","hContext=1073759680 hWindow=0x0 VidPnSourceId=0 FlipInterval=1 Flags=4198404 ReturnStatus=0 hSrcAllocHandle=0x40005c80 hDstAllocHandle=0x0"
"15:32:44.7174887","184","12852","3792","hContext=1073759680 hWindow=0x0 VidPnSourceId=0 FlipInterval=1 Flags=4198404 ReturnStatus=0 hSrcAllocHandle=0x40005e00 hDstAllocHandle=0x0"
"15:32:44.7314802","184","12852","3792","hContext=1073759680 hWindow=0x0 VidPnSourceId=0 FlipInterval=1 Flags=4198404 ReturnStatus=0 hSrcAllocHandle=0x800043c0 hDstAllocHandle=0x0"
"15:32:44.8320924","184","12852","3792","hContext=1073759680 hWindow=0x0 VidPnSourceId=0 FlipInterval=1 Flags=4198404 ReturnStatus=0 hSrcAllocHandle=0x40005c80 hDstAllocHandle=0x0"
"15:32:44.8321916","171","12852","13196","hAdapter=0xffff910e86eb4820 Token=0xffff810669b4d160 Model=7 TokenSize=0 TokenData=4328 Flags=0x0 CustomDuration=0 VmBusChannel=0x0"
"15:32:44.8322040","184","12852","13196","hContext=1073742528 hWindow=0x0 VidPnSourceId=0 FlipInterval=0 Flags=32768 ReturnStatus=0 hSrcAllocHandle=0x40000540 hDstAllocHandle=0x0"
"15:32:44.8324056","172","4","876","hAdapter=0xffff910e8cd5c000 Token=0xffff810669b4d160 Model=0 TokenSize=0 TokenData=0 Flags=0x0 CustomDuration=0 VmBusChannel=0x0"
"15:32:44.8503011","184","12852","3792","hContext=1073759680 hWindow=0x0 VidPnSourceId=0 FlipInterval=1 Flags=4198404 ReturnStatus=0 hSrcAllocHandle=0x40005e00 hDstAllocHandle=0x0"
"15:32:44.8838557","184","12852","3792","hContext=1073759680 hWindow=0x0 VidPnSourceId=0 FlipInterval=1 Flags=4198404 ReturnStatus=0 hSrcAllocHandle=0x800043c0 hDstAllocHandle=0x0"
"15:32:44.9451583","184","12852","3792","hContext=1073759680 hWindow=0x0 VidPnSourceId=0 FlipInterval=1 Flags=4198404 ReturnStatus=0 hSrcAllocHandle=0x40005c80 hDstAllocHandle=0x0"
"15:32:44.9489781","184","12852","3792","hContext=1073759680 hWindow=0x0 VidPnSourceId=0 FlipInterval=1 Flags=4198404 ReturnStatus=0 hSrcAllocHandle=0x40005e00 hDstAllocHandle=0x0"
"15:32:45.0468573","184","12852","3792","hContext=1073759680 hWindow=0x0 VidPnSourceId=0 FlipInterval=1 Flags=4198404 ReturnStatus=0 hSrcAllocHandle=0x800043c0 hDstAllocHandle=0x0"
"15:32:45.0490398","184","12852","3792","hContext=1073759680 hWindow=0x0 VidPnSourceId=0 FlipInterval=1 Flags=4198404 ReturnStatus=0 hSrcAllocHandle=0x40005c80 hDstAllocHandle=0x0"
"15:32:45.1631352","184","12852","3792","hContext=1073759680 hWindow=0x0 VidPnSourceId=0 FlipInterval=1 Flags=4198404 ReturnStatus=0 hSrcAllocHandle=0x40005e00 hDstAllocHandle=0x0"
"15:32:45.1656544","184","12852","3792","hContext=1073759680 hWindow=0x0 VidPnSourceId=0 FlipInterval=1 Flags=4198404 ReturnStatus=0 hSrcAllocHandle=0x800043c0 hDstAllocHandle=0x0"
"15:32:45.2691030","184","12852","3792","hContext=1073759680 hWindow=0x0 VidPnSourceId=0 FlipInterval=1 Flags=4198404 ReturnStatus=0 hSrcAllocHandle=0x40005c80 hDstAllocHandle=0x0"
"15:32:45.2827942","184","12852","3792","hContext=1073759680 hWindow=0x0 VidPnSourceId=0 FlipInterval=1 Flags=4198404 ReturnStatus=0 hSrcAllocHandle=0x40005e00 hDstAllocHandle=0x0"
"15:32:45.3765804","184","12852","3792","hContext=1073759680 hWindow=0x0 VidPnSourceId=0 FlipInterval=1 Flags=4198404 ReturnStatus=0 hSrcAllocHandle=0x800043c0 hDstAllocHandle=0x0"
"15:32:45.3773476","171","12852","13196","hAdapter=0xffff910e86eb4820 Token=0xffff810669b4d160 Model=7 TokenSize=0 TokenData=4360 Flags=0x0 CustomDuration=0 VmBusChannel=0x0"
"15:32:45.3773709","184","12852","13196","hContext=1073742528 hWindow=0x0 VidPnSourceId=0 FlipInterval=0 Flags=32768 ReturnStatus=0 hSrcAllocHandle=0x40000540 hDstAllocHandle=0x0"
"15:32:45.3776901","172","4","876","hAdapter=0xffff910e8cd5c000 Token=0xffff810669b4d160 Model=0 TokenSize=0 TokenData=0 Flags=0x0 CustomDuration=0 VmBusChannel=0x0"
"15:32:45.3937139","184","12852","3792","hContext=1073759680 hWindow=0x0 VidPnSourceId=0 FlipInterval=1 Flags=4198404 ReturnStatus=0 hSrcAllocHandle=0x40005c80 hDstAllocHandle=0x0"
"15:32:45.3989329","184","12852","3792","hContext=1073759680 hWindow=0x0 VidPnSourceId=0 FlipInterval=1 Flags=4198404 ReturnStatus=0 hSrcAllocHandle=0x40005e00 hDstAllocHandle=0x0"
"15:32:45.4894743","184","12852","3792","hContext=1073759680 hWindow=0x0 VidPnSourceId=0 FlipInterval=1 Flags=4198404 ReturnStatus=0 hSrcAllocHandle=0x800043c0 hDstAllocHandle=0x0"
"15:32:45.4995183","184","12852","3792","hContext=1073759680 hWindow=0x0 VidPnSourceId=0 FlipInterval=1 Flags=4198404 ReturnStatus=0 hSrcAllocHandle=0x40005c80 hDstAllocHandle=0x0"
"15:32:45.7147774","184","12852","3792","hContext=1073759680 hWindow=0x0 VidPnSourceId=0 FlipInterval=1 Flags=4198404 ReturnStatus=0 hSrcAllocHandle=0x40005e00 hDstAllocHandle=0x0"
"15:32:45.8135528","184","12852","3792","hContext=1073759680 hWindow=0x0 VidPnSourceId=0 FlipInterval=1 Flags=4198404 ReturnStatus=0 hSrcAllocHandle=0x800043c0 hDstAllocHandle=0x0"
"15:32:45.8161845","184","12852","3792","hContext=1073759680 hWindow=0x0 VidPnSourceId=0 FlipInterval=1 Flags=4198404 ReturnStatus=0 hSrcAllocHandle=0x40005c80 hDstAllocHandle=0x0"
"15:32:45.8780390","184","12852","3792","hContext=1073759680 hWindow=0x0 VidPnSourceId=0 FlipInterval=1 Flags=4198404 ReturnStatus=0 hSrcAllocHandle=0x40005e00 hDstAllocHandle=0x0"
"15:32:45.9250135","184","12852","3792","hContext=1073759680 hWindow=0x0 VidPnSourceId=0 FlipInterval=1 Flags=4198404 ReturnStatus=0 hSrcAllocHandle=0x800043c0 hDstAllocHandle=0x0"
"15:32:45.9250365","171","12852","13196","hAdapter=0xffff910e86eb4820 Token=0xffff810669b4d160 Model=7 TokenSize=0 TokenData=4320 Flags=0x0 CustomDuration=0 VmBusChannel=0x0"
"15:32:45.9250526","184","12852","13196","hContext=1073742528 hWindow=0x0 VidPnSourceId=0 FlipInterval=0 Flags=32768 ReturnStatus=0 hSrcAllocHandle=0x40000540 hDstAllocHandle=0x0"
"15:32:45.9252667","172","4","876","hAdapter=0xffff910e8cd5c000 Token=0xffff810669b4d160 Model=0 TokenSize=0 TokenData=0 Flags=0x0 CustomDuration=0 VmBusChannel=0x0"
"15:32:45.9345051","184","12852","3792","hContext=1073759680 hWindow=0x0 VidPnSourceId=0 FlipInterval=1 Flags=4198404 ReturnStatus=0 hSrcAllocHandle=0x40005c80 hDstAllocHandle=0x0"
"15:32:46.0501529","184","12852","3792","hContext=1073759680 hWindow=0x0 VidPnSourceId=0 FlipInterval=1 Flags=4198404 ReturnStatus=0 hSrcAllocHandle=0x40005e00 hDstAllocHandle=0x0"
"15:32:46.1418976","184","12852","3792","hContext=1073759680 hWindow=0x0 VidPnSourceId=0 FlipInterval=1 Flags=4198404 ReturnStatus=0 hSrcAllocHandle=0x800043c0 hDstAllocHandle=0x0"
"15:32:46.1501106","184","12852","3792","hContext=1073759680 hWindow=0x0 VidPnSourceId=0 FlipInterval=1 Flags=4198404 ReturnStatus=0 hSrcAllocHandle=0x40005c80 hDstAllocHandle=0x0"
"15:32:46.2499578","184","12852","3792","hContext=1073759680 hWindow=0x0 VidPnSourceId=0 FlipInterval=1 Flags=4198404 ReturnStatus=0 hSrcAllocHandle=0x40005e00 hDstAllocHandle=0x0"
"15:32:46.2669084","184","12852","3792","hContext=1073759680 hWindow=0x0 VidPnSourceId=0 FlipInterval=1 Flags=4198404 ReturnStatus=0 hSrcAllocHandle=0x800043c0 hDstAllocHandle=0x0"
"15:32:46.3659059","184","12852","3792","hContext=1073759680 hWindow=0x0 VidPnSourceId=0 FlipInterval=1 Flags=4198404 ReturnStatus=0 hSrcAllocHandle=0x40005c80 hDstAllocHandle=0x0"
"15:32:46.3831237","184","12852","3792","hContext=1073759680 hWindow=0x0 VidPnSourceId=0 FlipInterval=1 Flags=4198404 ReturnStatus=0 hSrcAllocHandle=0x40005e00 hDstAllocHandle=0x0"
"15:32:46.4721472","184","12852","3792","hContext=1073759680 hWindow=0x0 VidPnSourceId=0 FlipInterval=1 Flags=4198404 ReturnStatus=0 hSrcAllocHandle=0x800043c0 hDstAllocHandle=0x0"
"15:32:46.4723804","171","12852","13196","hAdapter=0xffff910e86eb4820 Token=0xffff810669b4d160 Model=7 TokenSize=0 TokenData=4360 Flags=0x0 CustomDuration=0 VmBusChannel=0x0"
"15:32:46.4723929","184","12852","13196","hContext=1073742528 hWindow=0x0 VidPnSourceId=0 FlipInterval=0 Flags=32768 ReturnStatus=0 hSrcAllocHandle=0x40000540 hDstAllocHandle=0x0"
"15:32:46.4726394","172","4","876","hAdapter=0xffff910e8cd5c000 Token=0xffff810669b4d160 Model=0 TokenSize=0 TokenData=0 Flags=0x0 CustomDuration=0 VmBusChannel=0x0"
"15:32:46.4849606","184","12852","3792","hContext=1073759680 hWindow=0x0 VidPnSourceId=0 FlipInterval=1 Flags=4198404 ReturnStatus=0 hSrcAllocHandle=0x40005c80 hDstAllocHandle=0x0"
"15:32:46.5844691","184","12852","3792","hContext=1073759680 hWindow=0x0 VidPnSourceId=0 FlipInterval=1 Flags=4198404 ReturnStatus=0 hSrcAllocHandle=0x40005e00 hDstAllocHandle=0x0"
"15:32:46.6924277","184","12852","3792","hContext=1073759680 hWindow=0x0 VidPnSourceId=0 FlipInterval=1 Flags=4198404 ReturnStatus=0 hSrcAllocHandle=0x800043c0 hDstAllocHandle=0x0"
"15:32:46.7003468","184","12852","3792","hContext=1073759680 hWindow=0x0 VidPnSourceId=0 FlipInterval=1 Flags=4198404 ReturnStatus=0 hSrcAllocHandle=0x40005c80 hDstAllocHandle=0x0"
"15:32:46.7963684","184","12852","3792","hContext=1073759680 hWindow=0x0 VidPnSourceId=0 FlipInterval=1 Flags=4198404 ReturnStatus=0 hSrcAllocHandle=0x40005e00 hDstAllocHandle=0x0"
"15:32:46.8007360","184","12852","3792","hContext=1073759680 hWindow=0x0 VidPnSourceId=0 FlipInterval=1 Flags=4198404 ReturnStatus=0 hSrcAllocHandle=0x800043c0 hDstAllocHandle=0x0"
"15:32:47.0168730","184","12852","3792","hContext=1073759680 hWindow=0x0 VidPnSourceId=0 FlipInterval=1 Flags=4198404 ReturnStatus=0 hSrcAllocHandle=0x40005c80 hDstAllocHandle=0x0"
"15:32:47.0181056","171","12852","13196","hAdapter=0xffff910e86eb4820 Token=0xffff810669b4d160 Model=7 TokenSize=0 TokenData=4336 Flags=0x0 CustomDuration=0 VmBusChannel=0x0"
"15:32:47.0181322","184","12852","13196","hContext=1073742528 hWindow=0x0 VidPnSourceId=0 FlipInterval=0 Flags=32768 ReturnStatus=0 hSrcAllocHandle=0x40000540 hDstAllocHandle=0x0"
"15:32:47.0183521","172","4","876","hAdapter=0xffff910e8cd5c000 Token=0xffff810669b4d160 Model=0 TokenSize=0 TokenData=0 Flags=0x0 CustomDuration=0 VmBusChannel=0x0"
"15:32:47.0349431","184","12852","3792","hContext=1073759680 hWindow=0x0 VidPnSourceId=0 FlipInterval=1 Flags=4198404 ReturnStatus=0 hSrcAllocHandle=0x40005e00 hDstAllocHandle=0x0"
"15:32:47.1344524","184","12852","3792","hContext=1073759680 hWindow=0x0 VidPnSourceId=0 FlipInterval=1 Flags=4198404 ReturnStatus=0 hSrcAllocHandle=0x800043c0 hDstAllocHandle=0x0"
"15:32:47.2350054","184","12852","3792","hContext=1073759680 hWindow=0x0 VidPnSourceId=0 FlipInterval=1 Flags=4198404 ReturnStatus=0 hSrcAllocHandle=0x40005c80 hDstAllocHandle=0x0"
"15:32:47.2508778","184","12852","3792","hContext=1073759680 hWindow=0x0 VidPnSourceId=0 FlipInterval=1 Flags=4198404 ReturnStatus=0 hSrcAllocHandle=0x40005e00 hDstAllocHandle=0x0"
"15:32:47.3423961","184","12852","3792","hContext=1073759680 hWindow=0x0 VidPnSourceId=0 FlipInterval=1 Flags=4198404 ReturnStatus=0 hSrcAllocHandle=0x800043c0 hDstAllocHandle=0x0"
"15:32:47.3504206","184","12852","3792","hContext=1073759680 hWindow=0x0 VidPnSourceId=0 FlipInterval=1 Flags=4198404 ReturnStatus=0 hSrcAllocHandle=0x40005c80 hDstAllocHandle=0x0"
"15:32:47.4568820","184","12852","3792","hContext=1073759680 hWindow=0x0 VidPnSourceId=0 FlipInterval=1 Flags=4198404 ReturnStatus=0 hSrcAllocHandle=0x40005e00 hDstAllocHandle=0x0"
"15:32:47.4677016","184","12852","3792","hContext=1073759680 hWindow=0x0 VidPnSourceId=0 FlipInterval=1 Flags=4198404 ReturnStatus=0 hSrcAllocHandle=0x800043c0 hDstAllocHandle=0x0"
"15:32:47.5644649","184","12852","3792","hContext=1073759680 hWindow=0x0 VidPnSourceId=0 FlipInterval=1 Flags=4198404 ReturnStatus=0 hSrcAllocHandle=0x40005c80 hDstAllocHandle=0x0"
"15:32:47.5651950","171","12852","13196","hAdapter=0xffff910e86eb4820 Token=0xffff810669b4d160 Model=7 TokenSize=0 TokenData=4400 Flags=0x0 CustomDuration=0 VmBusChannel=0x0"
"15:32:47.5652172","184","12852","13196","hContext=1073742528 hWindow=0x0 VidPnSourceId=0 FlipInterval=0 Flags=32768 ReturnStatus=0 hSrcAllocHandle=0x40000540 hDstAllocHandle=0x0"
"15:32:47.5655668","172","4","876","hAdapter=0xffff910e8cd5c000 Token=0xffff810669b4d160 Model=0 TokenSize=0 TokenData=0 Flags=0x0 CustomDuration=0 VmBusChannel=0x0"
"15:32:47.5705691","184","12852","3792","hContext=1073759680 hWindow=0x0 VidPnSourceId=0 FlipInterval=1 Flags=4198404 ReturnStatus=0 hSrcAllocHandle=0x40005e00 hDstAllocHandle=0x0"
"15:32:47.5889110","184","12852","3792","hContext=1073759680 hWindow=0x0 VidPnSourceId=0 FlipInterval=1 Flags=4198404 ReturnStatus=0 hSrcAllocHandle=0x800043c0 hDstAllocHandle=0x0"
"15:32:47.6712439","184","12852","3792","hContext=1073759680 hWindow=0x0 VidPnSourceId=0 FlipInterval=1 Flags=4198404 ReturnStatus=0 hSrcAllocHandle=0x40005c80 hDstAllocHandle=0x0"
"15:32:47.6848389","184","12852","3792","hContext=1073759680 hWindow=0x0 VidPnSourceId=0 FlipInterval=1 Flags=4198404 ReturnStatus=0 hSrcAllocHandle=0x40005e00 hDstAllocHandle=0x0"
"15:32:47.7871631","184","12852","3792","hContext=1073759680 hWindow=0x0 VidPnSourceId=0 FlipInterval=1 Flags=4198404 ReturnStatus=0 hSrcAllocHandle=0x800043c0 hDstAllocHandle=0x0"
"15:32:47.8016154","184","12852","3792","hContext=1073759680 hWindow=0x0 VidPnSourceId=0 FlipInterval=1 Flags=4198404 ReturnStatus=0 hSrcAllocHandle=0x40005c80 hDstAllocHandle=0x0"
"15:32:47.8818757","184","12852","3792","hContext=1073759680 hWindow=0x0 VidPnSourceId=0 FlipInterval=1 Flags=4198404 ReturnStatus=0 hSrcAllocHandle=0x40005e00 hDstAllocHandle=0x0"
"15:32:47.8906872","184","12852","3792","hContext=1073759680 hWindow=0x0 VidPnSourceId=0 FlipInterval=1 Flags=4198404 ReturnStatus=0 hSrcAllocHandle=0x800043c0 hDstAllocHandle=0x0"
"15:32:47.9038769","184","12852","3792","hContext=1073759680 hWindow=0x0 VidPnSourceId=0 FlipInterval=1 Flags=4198404 ReturnStatus=0 hSrcAllocHandle=0x40005c80 hDstAllocHandle=0x0"
"15:32:48.0013701","184","12852","3792","hContext=1073759680 hWindow=0x0 VidPnSourceId=0 FlipInterval=1 Flags=4198404 ReturnStatus=0 hSrcAllocHandle=0x40005e00 hDstAllocHandle=0x0"
"15:32:48.1114676","171","12852","13196","hAdapter=0xffff910e86eb4820 Token=0xffff810669b4d160 Model=7 TokenSize=0 TokenData=4336 Flags=0x0 CustomDuration=0 VmBusChannel=0x0"
"15:32:48.1114907","184","12852","13196","hContext=1073742528 hWindow=0x0 VidPnSourceId=0 FlipInterval=0 Flags=32768 ReturnStatus=0 hSrcAllocHandle=0x40000540 hDstAllocHandle=0x0"
"15:32:48.1115119","172","4","880","hAdapter=0xffff910e8cd5c000 Token=0xffff810669b4d160 Model=0 TokenSize=0 TokenData=0 Flags=0x0 CustomDuration=0 VmBusChannel=0x0"
"15:32:48.2209349","184","12852","3792","hContext=1073759680 hWindow=0x0 VidPnSourceId=0 FlipInterval=1 Flags=4198404 ReturnStatus=0 hSrcAllocHandle=0x800043c0 hDstAllocHandle=0x0"
"15:32:48.2349952","184","12852","3792","hContext=1073759680 hWindow=0x0 VidPnSourceId=0 FlipInterval=1 Flags=4198404 ReturnStatus=0 hSrcAllocHandle=0x40005c80 hDstAllocHandle=0x0"
"15:32:48.3298671","184","12852","3792","hContext=1073759680 hWindow=0x0 VidPnSourceId=0 FlipInterval=1 Flags=4198404 ReturnStatus=0 hSrcAllocHandle=0x40005e00 hDstAllocHandle=0x0"
"15:32:48.3352457","184","12852","3792","hContext=1073759680 hWindow=0x0 VidPnSourceId=0 FlipInterval=1 Flags=4198404 ReturnStatus=0 hSrcAllocHandle=0x800043c0 hDstAllocHandle=0x0"
"15:32:48.3806853","184","12852","3792","hContext=1073759680 hWindow=0x0 VidPnSourceId=0 FlipInterval=1 Flags=4198404 ReturnStatus=0 hSrcAllocHandle=0x40005c80 hDstAllocHandle=0x0"
"15:32:48.4401173","184","12852","3792","hContext=1073759680 hWindow=0x0 VidPnSourceId=0 FlipInterval=1 Flags=4198404 ReturnStatus=0 hSrcAllocHandle=0x40005e00 hDstAllocHandle=0x0"
"15:32:48.4519389","184","12852","3792","hContext=1073759680 hWindow=0x0 VidPnSourceId=0 FlipInterval=1 Flags=4198404 ReturnStatus=0 hSrcAllocHandle=0x800043c0 hDstAllocHandle=0x0"
"15:32:48.5450418","184","12852","3792","hContext=1073759680 hWindow=0x0 VidPnSourceId=0 FlipInterval=1 Flags=4198404 ReturnStatus=0 hSrcAllocHandle=0x40005c80 hDstAllocHandle=0x0"
"15:32:48.5513118","184","12852","3792","hContext=1073759680 hWindow=0x0 VidPnSourceId=0 FlipInterval=1 Flags=4198404 ReturnStatus=0 hSrcAllocHandle=0x40005e00 hDstAllocHandle=0x0"
"15:32:48.6594486","184","12852","3792","hContext=1073759680 hWindow=0x0 VidPnSourceId=0 FlipInterval=1 Flags=4198404 ReturnStatus=0 hSrcAllocHandle=0x800043c0 hDstAllocHandle=0x0"
"15:32:48.6603753","171","12852","13196","hAdapter=0xffff910e86eb4820 Token=0xffff810669b4d160 Model=7 TokenSize=0 TokenData=4316 Flags=0x0 CustomDuration=0 VmBusChannel=0x0"
"15:32:48.6603934","184","12852","13196","hContext=1073742528 hWindow=0x0 VidPnSourceId=0 FlipInterval=0 Flags=32768 ReturnStatus=0 hSrcAllocHandle=0x40000540 hDstAllocHandle=0x0"
"15:32:48.6604032","172","4","880","hAdapter=0xffff910e8cd5c000 Token=0xffff810669b4d160 Model=0 TokenSize=0 TokenData=0 Flags=0x0 CustomDuration=0 VmBusChannel=0x0"
"15:32:48.6748726","184","12852","3792","hContext=1073759680 hWindow=0x0 VidPnSourceId=0 FlipInterval=1 Flags=4198404 ReturnStatus=0 hSrcAllocHandle=0x40005c80 hDstAllocHandle=0x0"
"15:32:48.7860635","184","12852","3792","hContext=1073759680 hWindow=0x0 VidPnSourceId=0 FlipInterval=1 Flags=4198404 ReturnStatus=0 hSrcAllocHandle=0x40005e00 hDstAllocHandle=0x0"
"15:32:48.8738356","184","12852","3792","hContext=1073759680 hWindow=0x0 VidPnSourceId=0 FlipInterval=1 Flags=4198404 ReturnStatus=0 hSrcAllocHandle=0x800043c0 hDstAllocHandle=0x0"
"15:32:48.8857851","184","12852","3792","hContext=1073759680 hWindow=0x0 VidPnSourceId=0 FlipInterval=1 Flags=4198404 ReturnStatus=0 hSrcAllocHandle=0x40005c80 hDstAllocHandle=0x0"
"15:32:48.9838528","184","12852","3792","hContext=1073759680 hWindow=0x0 VidPnSourceId=0 FlipInterval=1 Flags=4198404 ReturnStatus=0 hSrcAllocHandle=0x40005e00 hDstAllocHandle=0x0"
"15:32:49.0018270","184","12852","3792","hContext=1073759680 hWindow=0x0 VidPnSourceId=0 FlipInterval=1 Flags=4198404 ReturnStatus=0 hSrcAllocHandle=0x800043c0 hDstAllocHandle=0x0"
"15:32:49.0935551","184","12852","3792","hContext=1073759680 hWindow=0x0 VidPnSourceId=0 FlipInterval=1 Flags=4198404 ReturnStatus=0 hSrcAllocHandle=0x40005c80 hDstAllocHandle=0x0"
"15:32:49.1018747","184","12852","3792","hContext=1073759680 hWindow=0x0 VidPnSourceId=0 FlipInterval=1 Flags=4198404 ReturnStatus=0 hSrcAllocHandle=0x40005e00 hDstAllocHandle=0x0"
"15:32:49.2079898","184","12852","3792","hContext=1073759680 hWindow=0x0 VidPnSourceId=0 FlipInterval=1 Flags=4198404 ReturnStatus=0 hSrcAllocHandle=0x800043c0 hDstAllocHandle=0x0"
"15:32:49.2080669","171","12852","13196","hAdapter=0xffff910e86eb4820 Token=0xffff810669b4d160 Model=7 TokenSize=0 TokenData=2756 Flags=0x0 CustomDuration=0 VmBusChannel=0x0"
"15:32:49.2080837","184","12852","13196","hContext=1073742528 hWindow=0x0 VidPnSourceId=0 FlipInterval=0 Flags=32768 ReturnStatus=0 hSrcAllocHandle=0x40000540 hDstAllocHandle=0x0"
"15:32:49.2082529","172","4","876","hAdapter=0xffff910e8cd5c000 Token=0xffff810669b4d160 Model=0 TokenSize=0 TokenData=0 Flags=0x0 CustomDuration=0 VmBusChannel=0x0"
"15:32:49.2202951","184","12852","3792","hContext=1073759680 hWindow=0x0 VidPnSourceId=0 FlipInterval=1 Flags=4198404 ReturnStatus=0 hSrcAllocHandle=0x40005c80 hDstAllocHandle=0x0"
"15:32:49.5534101","184","12852","3792","hContext=1073759680 hWindow=0x0 VidPnSourceId=0 FlipInterval=1 Flags=4198404 ReturnStatus=0 hSrcAllocHandle=0x40005e00 hDstAllocHandle=0x0"
"15:32:49.5690666","184","12852","3792","hContext=1073759680 hWindow=0x0 VidPnSourceId=0 FlipInterval=1 Flags=4198404 ReturnStatus=0 hSrcAllocHandle=0x800043c0 hDstAllocHandle=0x0"
"15:32:49.6422576","184","12852","3792","hContext=1073759680 hWindow=0x0 VidPnSourceId=0 FlipInterval=1 Flags=4198404 ReturnStatus=0 hSrcAllocHandle=0x40005c80 hDstAllocHandle=0x0"
"15:32:49.6524638","184","12852","3792","hContext=1073759680 hWindow=0x0 VidPnSourceId=0 FlipInterval=1 Flags=4198404 ReturnStatus=0 hSrcAllocHandle=0x40005e00 hDstAllocHandle=0x0"
"15:32:49.7487410","184","12852","3792","hContext=1073759680 hWindow=0x0 VidPnSourceId=0 FlipInterval=1 Flags=4198404 ReturnStatus=0 hSrcAllocHandle=0x800043c0 hDstAllocHandle=0x0"
"15:32:49.7487424","171","12852","13196","hAdapter=0xffff910e86eb4820 Token=0xffff810669b4d160 Model=7 TokenSize=0 TokenData=4324 Flags=0x0 CustomDuration=0 VmBusChannel=0x0"
"15:32:49.7487550","184","12852","13196","hContext=1073742528 hWindow=0x0 VidPnSourceId=0 FlipInterval=0 Flags=32768 ReturnStatus=0 hSrcAllocHandle=0x40000540 hDstAllocHandle=0x0"
"15:32:49.7489299","172","4","876","hAdapter=0xffff910e8cd5c000 Token=0xffff810669b4d160 Model=0 TokenSize=0 TokenData=0 Flags=0x0 CustomDuration=0 VmBusChannel=0x0"
"15:32:49.7571498","184","12852","3792","hContext=1073759680 hWindow=0x0 VidPnSourceId=0 FlipInterval=1 Flags=4198404 ReturnStatus=0 hSrcAllocHandle=0x40005c80 hDstAllocHandle=0x0"
"15:32:49.7693440","184","12852","3792","hContext=1073759680 hWindow=0x0 VidPnSourceId=0 FlipInterval=1 Flags=4198404 ReturnStatus=0 hSrcAllocHandle=0x40005e00 hDstAllocHandle=0x0"
"15:32:49.8583957","184","12852","3792","hContext=1073759680 hWindow=0x0 VidPnSourceId=0 FlipInterval=1 Flags=4198404 ReturnStatus=0 hSrcAllocHandle=0x800043c0 hDstAllocHandle=0x0"
"15:32:49.8693546","184","12852","3792","hContext=1073759680 hWindow=0x0 VidPnSourceId=0 FlipInterval=1 Flags=4198404 ReturnStatus=0 hSrcAllocHandle=0x40005c80 hDstAllocHandle=0x0"
"15:32:49.8884933","184","12852","3792","hContext=1073759680 hWindow=0x0 VidPnSourceId=0 FlipInterval=1 Flags=4198404 ReturnStatus=0 hSrcAllocHandle=0x40005e00 hDstAllocHandle=0x0"
"15:32:49.9701377","184","12852","3792","hContext=1073759680 hWindow=0x0 VidPnSourceId=0 FlipInterval=1 Flags=4198404 ReturnStatus=0 hSrcAllocHandle=0x800043c0 hDstAllocHandle=0x0"
"15:32:49.9861749","184","12852","3792","hContext=1073759680 hWindow=0x0 VidPnSourceId=0 FlipInterval=1 Flags=4198404 ReturnStatus=0 hSrcAllocHandle=0x40005c80 hDstAllocHandle=0x0"
"15:32:50.0764931","184","12852","3792","hContext=1073759680 hWindow=0x0 VidPnSourceId=0 FlipInterval=1 Flags=4198404 ReturnStatus=0 hSrcAllocHandle=0x40005e00 hDstAllocHandle=0x0"
"15:32:50.0858109","184","12852","3792","hContext=1073759680 hWindow=0x0 VidPnSourceId=0 FlipInterval=1 Flags=4198404 ReturnStatus=0 hSrcAllocHandle=0x800043c0 hDstAllocHandle=0x0"
"15:32:50.1885814","184","12852","3792","hContext=1073759680 hWindow=0x0 VidPnSourceId=0 FlipInterval=1 Flags=4198404 ReturnStatus=0 hSrcAllocHandle=0x40005c80 hDstAllocHandle=0x0"
"15:32:50.2026943","184","12852","3792","hContext=1073759680 hWindow=0x0 VidPnSourceId=0 FlipInterval=1 Flags=4198404 ReturnStatus=0 hSrcAllocHandle=0x40005e00 hDstAllocHandle=0x0"
"15:32:50.3012080","184","12852","3792","hContext=1073759680 hWindow=0x0 VidPnSourceId=0 FlipInterval=1 Flags=4198404 ReturnStatus=0 hSrcAllocHandle=0x800043c0 hDstAllocHandle=0x0"
"15:32:50.3019906","171","12852","13196","hAdapter=0xffff910e86eb4820 Token=0xffff810669b4d160 Model=7 TokenSize=0 TokenData=4324 Flags=0x0 CustomDuration=0 VmBusChannel=0x0"
"15:32:50.3020187","184","12852","13196","hContext=1073742528 hWindow=0x0 VidPnSourceId=0 FlipInterval=0 Flags=32768 ReturnStatus=0 hSrcAllocHandle=0x40000540 hDstAllocHandle=0x0"
"15:32:50.3021029","172","4","876","hAdapter=0xffff910e8cd5c000 Token=0xffff810669b4d160 Model=0 TokenSize=0 TokenData=0 Flags=0x0 CustomDuration=0 VmBusChannel=0x0"
"15:32:50.3043970","184","12852","3792","hContext=1073759680 hWindow=0x0 VidPnSourceId=0 FlipInterval=1 Flags=4198404 ReturnStatus=0 hSrcAllocHandle=0x40005c80 hDstAllocHandle=0x0"
"15:32:50.3210290","184","12852","3792","hContext=1073759680 hWindow=0x0 VidPnSourceId=0 FlipInterval=1 Flags=4198404 ReturnStatus=0 hSrcAllocHandle=0x40005e00 hDstAllocHandle=0x0"
"15:32:50.4067714","184","12852","3792","hContext=1073759680 hWindow=0x0 VidPnSourceId=0 FlipInterval=1 Flags=4198404 ReturnStatus=0 hSrcAllocHandle=0x800043c0 hDstAllocHandle=0x0"
"15:32:50.4195002","184","12852","3792","hContext=1073759680 hWindow=0x0 VidPnSourceId=0 FlipInterval=1 Flags=4198404 ReturnStatus=0 hSrcAllocHandle=0x40005c80 hDstAllocHandle=0x0"
"15:32:50.7313162","184","12852","3792","hContext=1073759680 hWindow=0x0 VidPnSourceId=0 FlipInterval=1 Flags=4198404 ReturnStatus=0 hSrcAllocHandle=0x40005e00 hDstAllocHandle=0x0"
"15:32:50.7365915","184","12852","3792","hContext=1073759680 hWindow=0x0 VidPnSourceId=0 FlipInterval=1 Flags=4198404 ReturnStatus=0 hSrcAllocHandle=0x800043c0 hDstAllocHandle=0x0"
"15:32:50.8476626","184","12852","3792","hContext=1073759680 hWindow=0x0 VidPnSourceId=0 FlipInterval=1 Flags=4198404 ReturnStatus=0 hSrcAllocHandle=0x40005c80 hDstAllocHandle=0x0"
"15:32:50.8479760","171","12852","13196","hAdapter=0xffff910e86eb4820 Token=0xffff810669b4d160 Model=7 TokenSize=0 TokenData=4316 Flags=0x0 CustomDuration=0 VmBusChannel=0x0"
"15:32:50.8479993","184","12852","13196","hContext=1073742528 hWindow=0x0 VidPnSourceId=0 FlipInterval=0 Flags=32768 ReturnStatus=0 hSrcAllocHandle=0x40000540 hDstAllocHandle=0x0"
"15:32:50.8480108","172","4","880","hAdapter=0xffff910e8cd5c000 Token=0xffff810669b4d160 Model=0 TokenSize=0 TokenData=0 Flags=0x0 CustomDuration=0 VmBusChannel=0x0"
"15:32:50.8562470","184","12852","3792","hContext=1073759680 hWindow=0x0 VidPnSourceId=0 FlipInterval=1 Flags=4198404 ReturnStatus=0 hSrcAllocHandle=0x40005e00 hDstAllocHandle=0x0"
"15:32:50.8895624","184","12852","3792","hContext=1073759680 hWindow=0x0 VidPnSourceId=0 FlipInterval=1 Flags=4198404 ReturnStatus=0 hSrcAllocHandle=0x800043c0 hDstAllocHandle=0x0"
"15:32:50.9575460","184","12852","3792","hContext=1073759680 hWindow=0x0 VidPnSourceId=0 FlipInterval=1 Flags=4198404 ReturnStatus=0 hSrcAllocHandle=0x40005c80 hDstAllocHandle=0x0"
"15:32:50.9701755","184","12852","3792","hContext=1073759680 hWindow=0x0 VidPnSourceId=0 FlipInterval=1 Flags=4198404 ReturnStatus=0 hSrcAllocHandle=0x40005e00 hDstAllocHandle=0x0"
"15:32:51.0613162","184","12852","3792","hContext=1073759680 hWindow=0x0 VidPnSourceId=0 FlipInterval=1 Flags=4198404 ReturnStatus=0 hSrcAllocHandle=0x800043c0 hDstAllocHandle=0x0"
"15:32:51.1735025","184","12852","3792","hContext=1073759680 hWindow=0x0 VidPnSourceId=0 FlipInterval=1 Flags=4198404 ReturnStatus=0 hSrcAllocHandle=0x40005c80 hDstAllocHandle=0x0"
"15:32:51.1872245","184","12852","3792","hContext=1073759680 hWindow=0x0 VidPnSourceId=0 FlipInterval=1 Flags=4198404 ReturnStatus=0 hSrcAllocHandle=0x40005e00 hDstAllocHandle=0x0"
"15:32:51.2794491","184","12852","3792","hContext=1073759680 hWindow=0x0 VidPnSourceId=0 FlipInterval=1 Flags=4198404 ReturnStatus=0 hSrcAllocHandle=0x800043c0 hDstAllocHandle=0x0"
"15:32:51.2871720","184","12852","3792","hContext=1073759680 hWindow=0x0 VidPnSourceId=0 FlipInterval=1 Flags=4198404 ReturnStatus=0 hSrcAllocHandle=0x40005c80 hDstAllocHandle=0x0"
"15:32:51.3967350","184","12852","3792","hContext=1073759680 hWindow=0x0 VidPnSourceId=0 FlipInterval=1 Flags=4198404 ReturnStatus=0 hSrcAllocHandle=0x40005e00 hDstAllocHandle=0x0"
"15:32:51.3970580","171","12852","13196","hAdapter=0xffff910e86eb4820 Token=0xffff810669b4d160 Model=7 TokenSize=0 TokenData=4412 Flags=0x0 CustomDuration=0 VmBusChannel=0x0"
"15:32:51.3970846","184","12852","13196","hContext=1073742528 hWindow=0x0 VidPnSourceId=0 FlipInterval=0 Flags=32768 ReturnStatus=0 hSrcAllocHandle=0x40000540 hDstAllocHandle=0x0"
"15:32:51.3973970","172","4","876","hAdapter=0xffff910e8cd5c000 Token=0xffff810669b4d160 Model=0 TokenSize=0 TokenData=0 Flags=0x0 CustomDuration=0 VmBusChannel=0x0"
"15:32:51.4057646","184","12852","3792","hContext=1073759680 hWindow=0x0 VidPnSourceId=0 FlipInterval=1 Flags=4198404 ReturnStatus=0 hSrcAllocHandle=0x800043c0 hDstAllocHandle=0x0"
"15:32:51.5037896","184","12852","3792","hContext=1073759680 hWindow=0x0 VidPnSourceId=0 FlipInterval=1 Flags=4198404 ReturnStatus=0 hSrcAllocHandle=0x40005c80 hDstAllocHandle=0x0"
"15:32:51.6118594","184","12852","3792","hContext=1073759680 hWindow=0x0 VidPnSourceId=0 FlipInterval=1 Flags=4198404 ReturnStatus=0 hSrcAllocHandle=0x40005e00 hDstAllocHandle=0x0"
"15:32:51.6204486","184","12852","3792","hContext=1073759680 hWindow=0x0 VidPnSourceId=0 FlipInterval=1 Flags=4198404 ReturnStatus=0 hSrcAllocHandle=0x800043c0 hDstAllocHandle=0x0"
"15:32:51.7245610","184","12852","3792","hContext=1073759680 hWindow=0x0 VidPnSourceId=0 FlipInterval=1 Flags=4198404 ReturnStatus=0 hSrcAllocHandle=0x40005c80 hDstAllocHandle=0x0"
"15:32:51.7379757","184","12852","3792","hContext=1073759680 hWindow=0x0 VidPnSourceId=0 FlipInterval=1 Flags=4198404 ReturnStatus=0 hSrcAllocHandle=0x40005e00 hDstAllocHandle=0x0"
"15:32:51.8306884","184","12852","3792","hContext=1073759680 hWindow=0x0 VidPnSourceId=0 FlipInterval=1 Flags=4198404 ReturnStatus=0 hSrcAllocHandle=0x800043c0 hDstAllocHandle=0x0"
"15:32:51.8394730","184","12852","3792","hContext=1073759680 hWindow=0x0 VidPnSourceId=0 FlipInterval=1 Flags=4198404 ReturnStatus=0 hSrcAllocHandle=0x40005c80 hDstAllocHandle=0x0"
"15:32:51.9373020","171","12852","13196","hAdapter=0xffff910e86eb4820 Token=0xffff810669b4d160 Model=7 TokenSize=0 TokenData=4412 Flags=0x0 CustomDuration=0 VmBusChannel=0x0"
"15:32:51.9373179","184","12852","13196","hContext=1073742528 hWindow=0x0 VidPnSourceId=0 FlipInterval=0 Flags=32768 ReturnStatus=0 hSrcAllocHandle=0x40000540 hDstAllocHandle=0x0"
"15:32:51.9373373","172","4","880","hAdapter=0xffff910e8cd5c000 Token=0xffff810669b4d160 Model=0 TokenSize=0 TokenData=0 Flags=0x0 CustomDuration=0 VmBusChannel=0x0"
"15:32:52.0606083","184","12852","3792","hContext=1073759680 hWindow=0x0 VidPnSourceId=0 FlipInterval=1 Flags=4198404 ReturnStatus=0 hSrcAllocHandle=0x40005e00 hDstAllocHandle=0x0"
"15:32:52.0730659","184","12852","3792","hContext=1073759680 hWindow=0x0 VidPnSourceId=0 FlipInterval=1 Flags=4198404 ReturnStatus=0 hSrcAllocHandle=0x800043c0 hDstAllocHandle=0x0"
"15:32:52.1569206","184","12852","3792","hContext=1073759680 hWindow=0x0 VidPnSourceId=0 FlipInterval=1 Flags=4198404 ReturnStatus=0 hSrcAllocHandle=0x40005c80 hDstAllocHandle=0x0"
"15:32:52.1717389","184","12852","3792","hContext=1073759680 hWindow=0x0 VidPnSourceId=0 FlipInterval=1 Flags=4198404 ReturnStatus=0 hSrcAllocHandle=0x40005e00 hDstAllocHandle=0x0"
"15:32:52.2691120","184","12852","3792","hContext=1073759680 hWindow=0x0 VidPnSourceId=0 FlipInterval=1 Flags=4198404 ReturnStatus=0 hSrcAllocHandle=0x800043c0 hDstAllocHandle=0x0"
"15:32:52.2715463","184","12852","3792","hContext=1073759680 hWindow=0x0 VidPnSourceId=0 FlipInterval=1 Flags=4198404 ReturnStatus=0 hSrcAllocHandle=0x40005c80 hDstAllocHandle=0x0"
"15:32:52.3771534","184","12852","3792","hContext=1073759680 hWindow=0x0 VidPnSourceId=0 FlipInterval=1 Flags=4198404 ReturnStatus=0 hSrcAllocHandle=0x40005e00 hDstAllocHandle=0x0"
"15:32:52.3888490","184","12852","3792","hContext=1073759680 hWindow=0x0 VidPnSourceId=0 FlipInterval=1 Flags=4198404 ReturnStatus=0 hSrcAllocHandle=0x800043c0 hDstAllocHandle=0x0"
"15:32:52.4869235","184","12852","3792","hContext=1073759680 hWindow=0x0 VidPnSourceId=0 FlipInterval=1 Flags=4198404 ReturnStatus=0 hSrcAllocHandle=0x40005c80 hDstAllocHandle=0x0"
"15:32:52.4869294","171","12852","13196","hAdapter=0xffff910e86eb4820 Token=0xffff810669b4d160 Model=7 TokenSize=0 TokenData=4400 Flags=0x0 CustomDuration=0 VmBusChannel=0x0"
"15:32:52.4869473","184","12852","13196","hContext=1073742528 hWindow=0x0 VidPnSourceId=0 FlipInterval=0 Flags=32768 ReturnStatus=0 hSrcAllocHandle=0x40000540 hDstAllocHandle=0x0"
"15:32:52.4871251","172","4","876","hAdapter=0xffff910e8cd5c000 Token=0xffff810669b4d160 Model=0 TokenSize=0 TokenData=0 Flags=0x0 CustomDuration=0 VmBusChannel=0x0"
"15:32:52.5057375","184","12852","3792","hContext=1073759680 hWindow=0x0 VidPnSourceId=0 FlipInterval=1 Flags=4198404 ReturnStatus=0 hSrcAllocHandle=0x40005e00 hDstAllocHandle=0x0"
"15:32:52.5974626","184","12852","3792","hContext=1073759680 hWindow=0x0 VidPnSourceId=0 FlipInterval=1 Flags=4198404 ReturnStatus=0 hSrcAllocHandle=0x800043c0 hDstAllocHandle=0x0"
"15:32:52.6053478","184","12852","3792","hContext=1073759680 hWindow=0x0 VidPnSourceId=0 FlipInterval=1 Flags=4198404 ReturnStatus=0 hSrcAllocHandle=0x40005c80 hDstAllocHandle=0x0"
"15:32:52.7089290","184","12852","3792","hContext=1073759680 hWindow=0x0 VidPnSourceId=0 FlipInterval=1 Flags=4198404 ReturnStatus=0 hSrcAllocHandle=0x40005e00 hDstAllocHandle=0x0"
"15:32:52.7213817","184","12852","3792","hContext=1073759680 hWindow=0x0 VidPnSourceId=0 FlipInterval=1 Flags=4198404 ReturnStatus=0 hSrcAllocHandle=0x800043c0 hDstAllocHandle=0x0"
"15:32:52.8155222","184","12852","3792","hContext=1073759680 hWindow=0x0 VidPnSourceId=0 FlipInterval=1 Flags=4198404 ReturnStatus=0 hSrcAllocHandle=0x40005c80 hDstAllocHandle=0x0"
"15:32:52.8221219","184","12852","3792","hContext=1073759680 hWindow=0x0 VidPnSourceId=0 FlipInterval=1 Flags=4198404 ReturnStatus=0 hSrcAllocHandle=0x40005e00 hDstAllocHandle=0x0"
"15:32:52.8985446","184","12852","3792","hContext=1073759680 hWindow=0x0 VidPnSourceId=0 FlipInterval=1 Flags=4198404 ReturnStatus=0 hSrcAllocHandle=0x800043c0 hDstAllocHandle=0x0"
"15:32:52.9215244","184","12852","3792","hContext=1073759680 hWindow=0x0 VidPnSourceId=0 FlipInterval=1 Flags=4198404 ReturnStatus=0 hSrcAllocHandle=0x40005c80 hDstAllocHandle=0x0"
"15:32:52.9386118","184","12852","3792","hContext=1073759680 hWindow=0x0 VidPnSourceId=0 FlipInterval=1 Flags=4198404 ReturnStatus=0 hSrcAllocHandle=0x40005e00 hDstAllocHandle=0x0"
"15:32:53.0332251","184","12852","3792","hContext=1073759680 hWindow=0x0 VidPnSourceId=0 FlipInterval=1 Flags=4198404 ReturnStatus=0 hSrcAllocHandle=0x800043c0 hDstAllocHandle=0x0"
"15:32:53.0339645","171","12852","13196","hAdapter=0xffff910e86eb4820 Token=0xffff810669b4d160 Model=7 TokenSize=0 TokenData=4420 Flags=0x0 CustomDuration=0 VmBusChannel=0x0"
"15:32:53.0339879","184","12852","13196","hContext=1073742528 hWindow=0x0 VidPnSourceId=0 FlipInterval=0 Flags=32768 ReturnStatus=0 hSrcAllocHandle=0x40000540 hDstAllocHandle=0x0"
"15:32:53.0342867","172","4","876","hAdapter=0xffff910e8cd5c000 Token=0xffff810669b4d160 Model=0 TokenSize=0 TokenData=0 Flags=0x0 CustomDuration=0 VmBusChannel=0x0"
"15:32:53.2563955","184","12852","3792","hContext=1073759680 hWindow=0x0 VidPnSourceId=0 FlipInterval=1 Flags=4198404 ReturnStatus=0 hSrcAllocHandle=0x40005c80 hDstAllocHandle=0x0"
"15:32:53.2721746","184","12852","3792","hContext=1073759680 hWindow=0x0 VidPnSourceId=0 FlipInterval=1 Flags=4198404 ReturnStatus=0 hSrcAllocHandle=0x40005e00 hDstAllocHandle=0x0"
"15:32:53.3620484","184","12852","3792","hContext=1073759680 hWindow=0x0 VidPnSourceId=0 FlipInterval=1 Flags=4198404 ReturnStatus=0 hSrcAllocHandle=0x800043c0 hDstAllocHandle=0x0"
"15:32:53.3725782","184","12852","3792","hContext=1073759680 hWindow=0x0 VidPnSourceId=0 FlipInterval=1 Flags=4198404 ReturnStatus=0 hSrcAllocHandle=0x40005c80 hDstAllocHandle=0x0"
"15:32:53.3974699","184","12852","3792","hContext=1073759680 hWindow=0x0 VidPnSourceId=0 FlipInterval=1 Flags=4198404 ReturnStatus=0 hSrcAllocHandle=0x40005e00 hDstAllocHandle=0x0"
"15:32:53.4684528","184","12852","3792","hContext=1073759680 hWindow=0x0 VidPnSourceId=0 FlipInterval=1 Flags=4198404 ReturnStatus=0 hSrcAllocHandle=0x800043c0 hDstAllocHandle=0x0"
"15:32:53.4727672","184","12852","3792","hContext=1073759680 hWindow=0x0 VidPnSourceId=0 FlipInterval=1 Flags=4198404 ReturnStatus=0 hSrcAllocHandle=0x40005c80 hDstAllocHandle=0x0"
"15:32:53.5846606","184","12852","3792","hContext=1073759680 hWindow=0x0 VidPnSourceId=0 FlipInterval=1 Flags=4198404 ReturnStatus=0 hSrcAllocHandle=0x40005e00 hDstAllocHandle=0x0"
"15:32:53.5851863","171","12852","13196","hAdapter=0xffff910e86eb4820 Token=0xffff810669b4d160 Model=7 TokenSize=0 TokenData=4420 Flags=0x0 CustomDuration=0 VmBusChannel=0x0"
"15:32:53.5852223","184","12852","13196","hContext=1073742528 hWindow=0x0 VidPnSourceId=0 FlipInterval=0 Flags=32768 ReturnStatus=0 hSrcAllocHandle=0x40000540 hDstAllocHandle=0x0"
"15:32:53.5855107","172","4","876","hAdapter=0xffff910e8cd5c000 Token=0xffff810669b4d160 Model=0 TokenSize=0 TokenData=0 Flags=0x0 CustomDuration=0 VmBusChannel=0x0"
"15:32:53.5917757","184","12852","3792","hContext=1073759680 hWindow=0x0 VidPnSourceId=0 FlipInterval=1 Flags=4198404 ReturnStatus=0 hSrcAllocHandle=0x800043c0 hDstAllocHandle=0x0"
"15:32:53.6072215","184","12852","3792","hContext=1073759680 hWindow=0x0 VidPnSourceId=0 FlipInterval=1 Flags=4198404 ReturnStatus=0 hSrcAllocHandle=0x40005c80 hDstAllocHandle=0x0"
"15:32:53.6884795","184","12852","3792","hContext=1073759680 hWindow=0x0 VidPnSourceId=0 FlipInterval=1 Flags=4198404 ReturnStatus=0 hSrcAllocHandle=0x40005e00 hDstAllocHandle=0x0"
"15:32:53.7060354","184","12852","3792","hContext=1073759680 hWindow=0x0 VidPnSourceId=0 FlipInterval=1 Flags=4198404 ReturnStatus=0 hSrcAllocHandle=0x800043c0 hDstAllocHandle=0x0"
"15:32:53.7972143","184","12852","3792","hContext=1073759680 hWindow=0x0 VidPnSourceId=0 FlipInterval=1 Flags=4198404 ReturnStatus=0 hSrcAllocHandle=0x40005c80 hDstAllocHandle=0x0"
"15:32:53.8064733","184","12852","3792","hContext=1073759680 hWindow=0x0 VidPnSourceId=0 FlipInterval=1 Flags=4198404 ReturnStatus=0 hSrcAllocHandle=0x40005e00 hDstAllocHandle=0x0"
"15:32:53.8908016","184","12852","3792","hContext=1073759680 hWindow=0x0 VidPnSourceId=0 FlipInterval=1 Flags=4198404 ReturnStatus=0 hSrcAllocHandle=0x800043c0 hDstAllocHandle=0x0"
"15:32:53.9078493","184","12852","3792","hContext=1073759680 hWindow=0x0 VidPnSourceId=0 FlipInterval=1 Flags=4198404 ReturnStatus=0 hSrcAllocHandle=0x40005c80 hDstAllocHandle=0x0"
"15:32:53.9230818","184","12852","3792","hContext=1073759680 hWindow=0x0 VidPnSourceId=0 FlipInterval=1 Flags=4198404 ReturnStatus=0 hSrcAllocHandle=0x40005e00 hDstAllocHandle=0x0"
"15:32:54.0160202","184","12852","3792","hContext=1073759680 hWindow=0x0 VidPnSourceId=0 FlipInterval=1 Flags=4198404 ReturnStatus=0 hSrcAllocHandle=0x800043c0 hDstAllocHandle=0x0"
"15:32:54.0227080","184","12852","3792","hContext=1073759680 hWindow=0x0 VidPnSourceId=0 FlipInterval=1 Flags=4198404 ReturnStatus=0 hSrcAllocHandle=0x40005c80 hDstAllocHandle=0x0"
"15:32:54.1304300","184","12852","3792","hContext=1073759680 hWindow=0x0 VidPnSourceId=0 FlipInterval=1 Flags=4198404 ReturnStatus=0 hSrcAllocHandle=0x40005e00 hDstAllocHandle=0x0"
"15:32:54.1308824","171","12852","13196","hAdapter=0xffff910e86eb4820 Token=0xffff810669b4d160 Model=7 TokenSize=0 TokenData=4424 Flags=0x0 CustomDuration=0 VmBusChannel=0x0"
"15:32:54.1309034","184","12852","13196","hContext=1073742528 hWindow=0x0 VidPnSourceId=0 FlipInterval=0 Flags=32768 ReturnStatus=0 hSrcAllocHandle=0x40000540 hDstAllocHandle=0x0"
"15:32:54.1312580","172","4","876","hAdapter=0xffff910e8cd5c000 Token=0xffff810669b4d160 Model=0 TokenSize=0 TokenData=0 Flags=0x0 CustomDuration=0 VmBusChannel=0x0"
"15:32:54.1417113","184","12852","3792","hContext=1073759680 hWindow=0x0 VidPnSourceId=0 FlipInterval=1 Flags=4198404 ReturnStatus=0 hSrcAllocHandle=0x800043c0 hDstAllocHandle=0x0"
"15:32:54.3622108","184","12852","3792","hContext=1073759680 hWindow=0x0 VidPnSourceId=0 FlipInterval=1 Flags=4198404 ReturnStatus=0 hSrcAllocHandle=0x40005c80 hDstAllocHandle=0x0"
"15:32:54.4550553","184","12852","3792","hContext=1073759680 hWindow=0x0 VidPnSourceId=0 FlipInterval=1 Flags=4198404 ReturnStatus=0 hSrcAllocHandle=0x40005e00 hDstAllocHandle=0x0"
"15:32:54.4732928","184","12852","3792","hContext=1073759680 hWindow=0x0 VidPnSourceId=0 FlipInterval=1 Flags=4198404 ReturnStatus=0 hSrcAllocHandle=0x800043c0 hDstAllocHandle=0x0"
"15:32:54.5650029","184","12852","3792","hContext=1073759680 hWindow=0x0 VidPnSourceId=0 FlipInterval=1 Flags=4198404 ReturnStatus=0 hSrcAllocHandle=0x40005c80 hDstAllocHandle=0x0"
"15:32:54.5735876","184","12852","3792","hContext=1073759680 hWindow=0x0 VidPnSourceId=0 FlipInterval=1 Flags=4198404 ReturnStatus=0 hSrcAllocHandle=0x40005e00 hDstAllocHandle=0x0"
"15:32:54.6754296","184","12852","3792","hContext=1073759680 hWindow=0x0 VidPnSourceId=0 FlipInterval=1 Flags=4198404 ReturnStatus=0 hSrcAllocHandle=0x800043c0 hDstAllocHandle=0x0"
"15:32:54.6762690","171","12852","13196","hAdapter=0xffff910e86eb4820 Token=0xffff810669b4d160 Model=7 TokenSize=0 TokenData=4436 Flags=0x0 CustomDuration=0 VmBusChannel=0x0"
"15:32:54.6763050","184","12852","13196","hContext=1073742528 hWindow=0x0 VidPnSourceId=0 FlipInterval=0 Flags=32768 ReturnStatus=0 hSrcAllocHandle=0x40000540 hDstAllocHandle=0x0"
"15:32:54.6766507","172","4","876","hAdapter=0xffff910e8cd5c000 Token=0xffff810669b4d160 Model=0 TokenSize=0 TokenData=0 Flags=0x0 CustomDuration=0 VmBusChannel=0x0"
"15:32:54.6922336","184","12852","3792","hContext=1073759680 hWindow=0x0 VidPnSourceId=0 FlipInterval=1 Flags=4198404 ReturnStatus=0 hSrcAllocHandle=0x40005c80 hDstAllocHandle=0x0"
"15:32:54.7902666","184","12852","3792","hContext=1073759680 hWindow=0x0 VidPnSourceId=0 FlipInterval=1 Flags=4198404 ReturnStatus=0 hSrcAllocHandle=0x40005e00 hDstAllocHandle=0x0"
"15:32:54.8927507","184","12852","3792","hContext=1073759680 hWindow=0x0 VidPnSourceId=0 FlipInterval=1 Flags=4198404 ReturnStatus=0 hSrcAllocHandle=0x800043c0 hDstAllocHandle=0x0"
"15:32:54.9087686","184","12852","3792","hContext=1073759680 hWindow=0x0 VidPnSourceId=0 FlipInterval=1 Flags=4198404 ReturnStatus=0 hSrcAllocHandle=0x40005c80 hDstAllocHandle=0x0"
"15:32:55.0028790","184","12852","3792","hContext=1073759680 hWindow=0x0 VidPnSourceId=0 FlipInterval=1 Flags=4198404 ReturnStatus=0 hSrcAllocHandle=0x40005e00 hDstAllocHandle=0x0"
"15:32:55.0066057","184","12852","3792","hContext=1073759680 hWindow=0x0 VidPnSourceId=0 FlipInterval=1 Flags=4198404 ReturnStatus=0 hSrcAllocHandle=0x800043c0 hDstAllocHandle=0x0"
"15:32:55.1115782","184","12852","3792","hContext=1073759680 hWindow=0x0 VidPnSourceId=0 FlipInterval=1 Flags=4198404 ReturnStatus=0 hSrcAllocHandle=0x40005c80 hDstAllocHandle=0x0"
"15:32:55.1242166","184","12852","3792","hContext=1073759680 hWindow=0x0 VidPnSourceId=0 FlipInterval=1 Flags=4198404 ReturnStatus=0 hSrcAllocHandle=0x40005e00 hDstAllocHandle=0x0"
"15:32:55.2196037","184","12852","3792","hContext=1073759680 hWindow=0x0 VidPnSourceId=0 FlipInterval=1 Flags=4198404 ReturnStatus=0 hSrcAllocHandle=0x800043c0 hDstAllocHandle=0x0"
"15:32:55.2203583","171","12852","13196","hAdapter=0xffff910e86eb4820 Token=0xffff810669b4d160 Model=7 TokenSize=0 TokenData=4440 Flags=0x0 CustomDuration=0 VmBusChannel=0x0"
"15:32:55.2203713","184","12852","13196","hContext=1073742528 hWindow=0x0 VidPnSourceId=0 FlipInterval=0 Flags=32768 ReturnStatus=0 hSrcAllocHandle=0x40000540 hDstAllocHandle=0x0"
"15:32:55.2203822","172","4","880","hAdapter=0xffff910e8cd5c000 Token=0xffff810669b4d160 Model=0 TokenSize=0 TokenData=0 Flags=0x0 CustomDuration=0 VmBusChannel=0x0"
"15:32:55.2250459","184","12852","3792","hContext=1073759680 hWindow=0x0 VidPnSourceId=0 FlipInterval=1 Flags=4198404 ReturnStatus=0 hSrcAllocHandle=0x40005c80 hDstAllocHandle=0x0"
"15:32:55.3411809","184","12852","3792","hContext=1073759680 hWindow=0x0 VidPnSourceId=0 FlipInterval=1 Flags=4198404 ReturnStatus=0 hSrcAllocHandle=0x40005e00 hDstAllocHandle=0x0"
"15:32:55.4419555","184","12852","3792","hContext=1073759680 hWindow=0x0 VidPnSourceId=0 FlipInterval=1 Flags=4198404 ReturnStatus=0 hSrcAllocHandle=0x800043c0 hDstAllocHandle=0x0"
"15:32:55.4577210","184","12852","3792","hContext=1073759680 hWindow=0x0 VidPnSourceId=0 FlipInterval=1 Flags=4198404 ReturnStatus=0 hSrcAllocHandle=0x40005c80 hDstAllocHandle=0x0"
"15:32:55.5470921","184","12852","3792","hContext=1073759680 hWindow=0x0 VidPnSourceId=0 FlipInterval=1 Flags=4198404 ReturnStatus=0 hSrcAllocHandle=0x40005e00 hDstAllocHandle=0x0"
"15:32:55.7688446","171","12852","13196","hAdapter=0xffff910e86eb4820 Token=0xffff810669b4d160 Model=7 TokenSize=0 TokenData=4440 Flags=0x0 CustomDuration=0 VmBusChannel=0x0"
"15:32:55.7688726","184","12852","13196","hContext=1073742528 hWindow=0x0 VidPnSourceId=0 FlipInterval=0 Flags=32768 ReturnStatus=0 hSrcAllocHandle=0x40000540 hDstAllocHandle=0x0"
"15:32:55.7688781","172","4","880","hAdapter=0xffff910e8cd5c000 Token=0xffff810669b4d160 Model=0 TokenSize=0 TokenData=0 Flags=0x0 CustomDuration=0 VmBusChannel=0x0"
"15:32:55.7805285","184","12852","3792","hContext=1073759680 hWindow=0x0 VidPnSourceId=0 FlipInterval=1 Flags=4198404 ReturnStatus=0 hSrcAllocHandle=0x800043c0 hDstAllocHandle=0x0"
"15:32:55.7937212","184","12852","3792","hContext=1073759680 hWindow=0x0 VidPnSourceId=0 FlipInterval=1 Flags=4198404 ReturnStatus=0 hSrcAllocHandle=0x40005c80 hDstAllocHandle=0x0"
"15:32:55.8817333","184","12852","3792","hContext=1073759680 hWindow=0x0 VidPnSourceId=0 FlipInterval=1 Flags=4198404 ReturnStatus=0 hSrcAllocHandle=0x40005e00 hDstAllocHandle=0x0"
"15:32:55.8907082","184","12852","3792","hContext=1073759680 hWindow=0x0 VidPnSourceId=0 FlipInterval=1 Flags=4198404 ReturnStatus=0 hSrcAllocHandle=0x800043c0 hDstAllocHandle=0x0"
"15:32:55.9095434","184","12852","3792","hContext=1073759680 hWindow=0x0 VidPnSourceId=0 FlipInterval=1 Flags=4198404 ReturnStatus=0 hSrcAllocHandle=0x40005c80 hDstAllocHandle=0x0"
"15:32:55.9876823","184","12852","3792","hContext=1073759680 hWindow=0x0 VidPnSourceId=0 FlipInterval=1 Flags=4198404 ReturnStatus=0 hSrcAllocHandle=0x40005e00 hDstAllocHandle=0x0"
"15:32:55.9905123","184","12852","3792","hContext=1073759680 hWindow=0x0 VidPnSourceId=0 FlipInterval=1 Flags=4198404 ReturnStatus=0 hSrcAllocHandle=0x800043c0 hDstAllocHandle=0x0"
"15:32:56.0932576","184","12852","3792","hContext=1073759680 hWindow=0x0 VidPnSourceId=0 FlipInterval=1 Flags=4198404 ReturnStatus=0 hSrcAllocHandle=0x40005c80 hDstAllocHandle=0x0"
"15:32:56.1084315","184","12852","3792","hContext=1073759680 hWindow=0x0 VidPnSourceId=0 FlipInterval=1 Flags=4198404 ReturnStatus=0 hSrcAllocHandle=0x40005e00 hDstAllocHandle=0x0"
"15:32:56.2057378","184","12852","3792","hContext=1073759680 hWindow=0x0 VidPnSourceId=0 FlipInterval=1 Flags=4198404 ReturnStatus=0 hSrcAllocHandle=0x800043c0 hDstAllocHandle=0x0"
"15:32:56.2072966","184","12852","3792","hContext=1073759680 hWindow=0x0 VidPnSourceId=0 FlipInterval=1 Flags=4198404 ReturnStatus=0 hSrcAllocHandle=0x40005c80 hDstAllocHandle=0x0"
"15:32:56.3126530","184","12852","3792","hContext=1073759680 hWindow=0x0 VidPnSourceId=0 FlipInterval=1 Flags=4198404 ReturnStatus=0 hSrcAllocHandle=0x40005e00 hDstAllocHandle=0x0"
"15:32:56.3141029","171","12852","13196","hAdapter=0xffff910e86eb4820 Token=0xffff810669b4d160 Model=7 TokenSize=0 TokenData=4364 Flags=0x0 CustomDuration=0 VmBusChannel=0x0"
"15:32:56.3141167","184","12852","13196","hContext=1073742528 hWindow=0x0 VidPnSourceId=0 FlipInterval=0 Flags=32768 ReturnStatus=0 hSrcAllocHandle=0x40000540 hDstAllocHandle=0x0"
"15:32:56.3141395","172","4","880","hAdapter=0xffff910e8cd5c000 Token=0xffff810669b4d160 Model=0 TokenSize=0 TokenData=0 Flags=0x0 CustomDuration=0 VmBusChannel=0x0"
"15:32:56.3263689","184","12852","3792","hContext=1073759680 hWindow=0x0 VidPnSourceId=0 FlipInterval=1 Flags=4198404 ReturnStatus=0 hSrcAllocHandle=0x800043c0 hDstAllocHandle=0x0"
"15:32:56.4245139","184","12852","3792","hContext=1073759680 hWindow=0x0 VidPnSourceId=0 FlipInterval=1 Flags=4198404 ReturnStatus=0 hSrcAllocHandle=0x40005c80 hDstAllocHandle=0x0"
"15:32:56.5318503","184","12852","3792","hContext=1073759680 hWindow=0x0 VidPnSourceId=0 FlipInterval=1 Flags=4198404 ReturnStatus=0 hSrcAllocHandle=0x40005e00 hDstAllocHandle=0x0"
"15:32:56.5415103","184","12852","3792","hContext=1073759680 hWindow=0x0 VidPnSourceId=0 FlipInterval=1 Flags=4198404 ReturnStatus=0 hSrcAllocHandle=0x800043c0 hDstAllocHandle=0x0"
"15:32:56.6436311","184","12852","3792","hContext=1073759680 hWindow=0x0 VidPnSourceId=0 FlipInterval=1 Flags=4198404 ReturnStatus=0 hSrcAllocHandle=0x40005c80 hDstAllocHandle=0x0"
"15:32:56.6579880","184","12852","3792","hContext=1073759680 hWindow=0x0 VidPnSourceId=0 FlipInterval=1 Flags=4198404 ReturnStatus=0 hSrcAllocHandle=0x40005e00 hDstAllocHandle=0x0"
"15:32:56.7481443","184","12852","3792","hContext=1073759680 hWindow=0x0 VidPnSourceId=0 FlipInterval=1 Flags=4198404 ReturnStatus=0 hSrcAllocHandle=0x800043c0 hDstAllocHandle=0x0"
"15:32:56.7659390","184","12852","3792","hContext=1073759680 hWindow=0x0 VidPnSourceId=0 FlipInterval=1 Flags=4198404 ReturnStatus=0 hSrcAllocHandle=0x40005c80 hDstAllocHandle=0x0"
"15:32:56.8619139","184","12852","3792","hContext=1073759680 hWindow=0x0 VidPnSourceId=0 FlipInterval=1 Flags=4198404 ReturnStatus=0 hSrcAllocHandle=0x40005e00 hDstAllocHandle=0x0"
"15:32:56.8621608","171","12852","13196","hAdapter=0xffff910e86eb4820 Token=0xffff810669b4d160 Model=7 TokenSize=0 TokenData=4428 Flags=0x0 CustomDuration=0 VmBusChannel=0x0"
"15:32:56.8621820","184","12852","13196","hContext=1073742528 hWindow=0x0 VidPnSourceId=0 FlipInterval=0 Flags=32768 ReturnStatus=0 hSrcAllocHandle=0x40000540 hDstAllocHandle=0x0"
"15:32:56.8622878","172","4","876","hAdapter=0xffff910e8cd5c000 Token=0xffff810669b4d160 Model=0 TokenSize=0 TokenData=0 Flags=0x0 CustomDuration=0 VmBusChannel=0x0"
"15:32:57.1361787","184","12852","3792","hContext=1073759680 hWindow=0x0 VidPnSourceId=0 FlipInterval=1 Flags=4198404 ReturnStatus=0 hSrcAllocHandle=0x800043c0 hDstAllocHandle=0x0"
"15:32:57.1891331","184","12852","3792","hContext=1073759680 hWindow=0x0 VidPnSourceId=0 FlipInterval=1 Flags=4198404 ReturnStatus=0 hSrcAllocHandle=0x40005c80 hDstAllocHandle=0x0"
"15:32:57.1924592","184","12852","3792","hContext=1073759680 hWindow=0x0 VidPnSourceId=0 FlipInterval=1 Flags=4198404 ReturnStatus=0 hSrcAllocHandle=0x40005e00 hDstAllocHandle=0x0"
"15:32:57.3004049","184","12852","3792","hContext=1073759680 hWindow=0x0 VidPnSourceId=0 FlipInterval=1 Flags=4198404 ReturnStatus=0 hSrcAllocHandle=0x800043c0 hDstAllocHandle=0x0"
"15:32:57.3086433","184","12852","3792","hContext=1073759680 hWindow=0x0 VidPnSourceId=0 FlipInterval=1 Flags=4198404 ReturnStatus=0 hSrcAllocHandle=0x40005c80 hDstAllocHandle=0x0"
"15:32:57.3945603","184","12852","3792","hContext=1073759680 hWindow=0x0 VidPnSourceId=0 FlipInterval=1 Flags=4198404 ReturnStatus=0 hSrcAllocHandle=0x40005e00 hDstAllocHandle=0x0"
"15:32:57.4096729","184","12852","3792","hContext=1073759680 hWindow=0x0 VidPnSourceId=0 FlipInterval=1 Flags=4198404 ReturnStatus=0 hSrcAllocHandle=0x800043c0 hDstAllocHandle=0x0"
"15:32:57.4097751","171","12852","13196","hAdapter=0xffff910e86eb4820 Token=0xffff810669b4d160 Model=7 TokenSize=0 TokenData=4360 Flags=0x0 CustomDuration=0 VmBusChannel=0x0"
"15:32:57.4097920","184","12852","13196","hContext=1073742528 hWindow=0x0 VidPnSourceId=0 FlipInterval=0 Flags=32768 ReturnStatus=0 hSrcAllocHandle=0x40000540 hDstAllocHandle=0x0"
"15:32:57.4099450","172","4","876","hAdapter=0xffff910e8cd5c000 Token=0xffff810669b4d160 Model=0 TokenSize=0 TokenData=0 Flags=0x0 CustomDuration=0 VmBusChannel=0x0"
"15:32:57.4274370","184","12852","3792","hContext=1073759680 hWindow=0x0 VidPnSourceId=0 FlipInterval=1 Flags=4198404 ReturnStatus=0 hSrcAllocHandle=0x40005c80 hDstAllocHandle=0x0"
"15:32:57.5255416","184","12852","3792","hContext=1073759680 hWindow=0x0 VidPnSourceId=0 FlipInterval=1 Flags=4198404 ReturnStatus=0 hSrcAllocHandle=0x40005e00 hDstAllocHandle=0x0"
"15:32:57.6247070","184","12852","3792","hContext=1073759680 hWindow=0x0 VidPnSourceId=0 FlipInterval=1 Flags=4198404 ReturnStatus=0 hSrcAllocHandle=0x800043c0 hDstAllocHandle=0x0"
"15:32:57.6417521","184","12852","3792","hContext=1073759680 hWindow=0x0 VidPnSourceId=0 FlipInterval=1 Flags=4198404 ReturnStatus=0 hSrcAllocHandle=0x40005c80 hDstAllocHandle=0x0"
"15:32:57.7328371","184","12852","3792","hContext=1073759680 hWindow=0x0 VidPnSourceId=0 FlipInterval=1 Flags=4198404 ReturnStatus=0 hSrcAllocHandle=0x40005e00 hDstAllocHandle=0x0"
"15:32:57.7425191","184","12852","3792","hContext=1073759680 hWindow=0x0 VidPnSourceId=0 FlipInterval=1 Flags=4198404 ReturnStatus=0 hSrcAllocHandle=0x800043c0 hDstAllocHandle=0x0"
"15:32:57.8450112","184","12852","3792","hContext=1073759680 hWindow=0x0 VidPnSourceId=0 FlipInterval=1 Flags=4198404 ReturnStatus=0 hSrcAllocHandle=0x40005c80 hDstAllocHandle=0x0"
"15:32:57.8594236","184","12852","3792","hContext=1073759680 hWindow=0x0 VidPnSourceId=0 FlipInterval=1 Flags=4198404 ReturnStatus=0 hSrcAllocHandle=0x40005e00 hDstAllocHandle=0x0"
"15:32:57.8926280","184","12852","3792","hContext=1073759680 hWindow=0x0 VidPnSourceId=0 FlipInterval=1 Flags=4198404 ReturnStatus=0 hSrcAllocHandle=0x800043c0 hDstAllocHandle=0x0"
"15:32:57.9553438","184","12852","3792","hContext=1073759680 hWindow=0x0 VidPnSourceId=0 FlipInterval=1 Flags=4198404 ReturnStatus=0 hSrcAllocHandle=0x40005c80 hDstAllocHandle=0x0"
"15:32:57.9555157","171","12852","13196","hAdapter=0xffff910e86eb4820 Token=0xffff810669b4d160 Model=7 TokenSize=0 TokenData=4308 Flags=0x0 CustomDuration=0 VmBusChannel=0x0"
"15:32:57.9555310","184","12852","13196","hContext=1073742528 hWindow=0x0 VidPnSourceId=0 FlipInterval=0 Flags=32768 ReturnStatus=0 hSrcAllocHandle=0x40000540 hDstAllocHandle=0x0"
"15:32:57.9557268","172","4","876","hAdapter=0xffff910e8cd5c000 Token=0xffff810669b4d160 Model=0 TokenSize=0 TokenData=0 Flags=0x0 CustomDuration=0 VmBusChannel=0x0"
"15:32:57.9607411","184","12852","3792","hContext=1073759680 hWindow=0x0 VidPnSourceId=0 FlipInterval=1 Flags=4198404 ReturnStatus=0 hSrcAllocHandle=0x40005e00 hDstAllocHandle=0x0"
"15:32:57.9758404","184","12852","3792","hContext=1073759680 hWindow=0x0 VidPnSourceId=0 FlipInterval=1 Flags=4198404 ReturnStatus=0 hSrcAllocHandle=0x800043c0 hDstAllocHandle=0x0"
"15:32:58.0653170","184","12852","3792","hContext=1073759680 hWindow=0x0 VidPnSourceId=0 FlipInterval=1 Flags=4198404 ReturnStatus=0 hSrcAllocHandle=0x40005c80 hDstAllocHandle=0x0"
"15:32:58.0759163","184","12852","3792","hContext=1073759680 hWindow=0x0 VidPnSourceId=0 FlipInterval=1 Flags=4198404 ReturnStatus=0 hSrcAllocHandle=0x40005e00 hDstAllocHandle=0x0"
"15:32:58.3013095","184","12852","3792","hContext=1073759680 hWindow=0x0 VidPnSourceId=0 FlipInterval=1 Flags=4198404 ReturnStatus=0 hSrcAllocHandle=0x800043c0 hDstAllocHandle=0x0"
"15:32:58.3955101","184","12852","3792","hContext=1073759680 hWindow=0x0 VidPnSourceId=0 FlipInterval=1 Flags=4198404 ReturnStatus=0 hSrcAllocHandle=0x40005c80 hDstAllocHandle=0x0"
"15:32:58.4099419","184","12852","3792","hContext=1073759680 hWindow=0x0 VidPnSourceId=0 FlipInterval=1 Flags=4198404 ReturnStatus=0 hSrcAllocHandle=0x40005e00 hDstAllocHandle=0x0"
"15:32:58.5022981","184","12852","3792","hContext=1073759680 hWindow=0x0 VidPnSourceId=0 FlipInterval=1 Flags=4198404 ReturnStatus=0 hSrcAllocHandle=0x800043c0 hDstAllocHandle=0x0"
"15:32:58.5025920","171","12852","13196","hAdapter=0xffff910e86eb4820 Token=0xffff810669b4d160 Model=7 TokenSize=0 TokenData=4380 Flags=0x0 CustomDuration=0 VmBusChannel=0x0"
"15:32:58.5026047","184","12852","13196","hContext=1073742528 hWindow=0x0 VidPnSourceId=0 FlipInterval=0 Flags=32768 ReturnStatus=0 hSrcAllocHandle=0x40000540 hDstAllocHandle=0x0"
"15:32:58.5027829","172","4","876","hAdapter=0xffff910e8cd5c000 Token=0xffff810669b4d160 Model=0 TokenSize=0 TokenData=0 Flags=0x0 CustomDuration=0 VmBusChannel=0x0"
"15:32:58.5118277","184","12852","3792","hContext=1073759680 hWindow=0x0 VidPnSourceId=0 FlipInterval=1 Flags=4198404 ReturnStatus=0 hSrcAllocHandle=0x40005c80 hDstAllocHandle=0x0"
"15:32:58.6099738","184","12852","3792","hContext=1073759680 hWindow=0x0 VidPnSourceId=0 FlipInterval=1 Flags=4198404 ReturnStatus=0 hSrcAllocHandle=0x40005e00 hDstAllocHandle=0x0"
"15:32:58.6263801","184","12852","3792","hContext=1073759680 hWindow=0x0 VidPnSourceId=0 FlipInterval=1 Flags=4198404 ReturnStatus=0 hSrcAllocHandle=0x800043c0 hDstAllocHandle=0x0"
"15:32:58.7176538","184","12852","3792","hContext=1073759680 hWindow=0x0 VidPnSourceId=0 FlipInterval=1 Flags=4198404 ReturnStatus=0 hSrcAllocHandle=0x40005c80 hDstAllocHandle=0x0"
"15:32:58.7264265","184","12852","3792","hContext=1073759680 hWindow=0x0 VidPnSourceId=0 FlipInterval=1 Flags=4198404 ReturnStatus=0 hSrcAllocHandle=0x40005e00 hDstAllocHandle=0x0"
"15:32:58.8299718","184","12852","3792","hContext=1073759680 hWindow=0x0 VidPnSourceId=0 FlipInterval=1 Flags=4198404 ReturnStatus=0 hSrcAllocHandle=0x800043c0 hDstAllocHandle=0x0"
"15:32:58.8435039","184","12852","3792","hContext=1073759680 hWindow=0x0 VidPnSourceId=0 FlipInterval=1 Flags=4198404 ReturnStatus=0 hSrcAllocHandle=0x40005c80 hDstAllocHandle=0x0"
"15:32:58.9376170","184","12852","3792","hContext=1073759680 hWindow=0x0 VidPnSourceId=0 FlipInterval=1 Flags=4198404 ReturnStatus=0 hSrcAllocHandle=0x40005e00 hDstAllocHandle=0x0"
"15:32:58.9439562","184","12852","3792","hContext=1073759680 hWindow=0x0 VidPnSourceId=0 FlipInterval=1 Flags=4198404 ReturnStatus=0 hSrcAllocHandle=0x800043c0 hDstAllocHandle=0x0"
"15:32:59.0525119","184","12852","3792","hContext=1073759680 hWindow=0x0 VidPnSourceId=0 FlipInterval=1 Flags=4198404 ReturnStatus=0 hSrcAllocHandle=0x40005c80 hDstAllocHandle=0x0"
"15:32:59.0525772","171","12852","13196","hAdapter=0xffff910e86eb4820 Token=0xffff810669b4d160 Model=7 TokenSize=0 TokenData=4380 Flags=0x0 CustomDuration=0 VmBusChannel=0x0"
"15:32:59.0525951","184","12852","13196","hContext=1073742528 hWindow=0x0 VidPnSourceId=0 FlipInterval=0 Flags=32768 ReturnStatus=0 hSrcAllocHandle=0x40000540 hDstAllocHandle=0x0"
"15:32:59.0527720","172","4","876","hAdapter=0xffff910e8cd5c000 Token=0xffff810669b4d160 Model=0 TokenSize=0 TokenData=0 Flags=0x0 CustomDuration=0 VmBusChannel=0x0"
"15:32:59.0618089","184","12852","3792","hContext=1073759680 hWindow=0x0 VidPnSourceId=0 FlipInterval=1 Flags=4198404 ReturnStatus=0 hSrcAllocHandle=0x40005e00 hDstAllocHandle=0x0"
"15:32:59.1602424","184","12852","3792","hContext=1073759680 hWindow=0x0 VidPnSourceId=0 FlipInterval=1 Flags=4198404 ReturnStatus=0 hSrcAllocHandle=0x800043c0 hDstAllocHandle=0x0"
"15:32:59.2640352","184","12852","3792","hContext=1073759680 hWindow=0x0 VidPnSourceId=0 FlipInterval=1 Flags=4198404 ReturnStatus=0 hSrcAllocHandle=0x40005c80 hDstAllocHandle=0x0"
"15:32:59.2768486","184","12852","3792","hContext=1073759680 hWindow=0x0 VidPnSourceId=0 FlipInterval=1 Flags=4198404 ReturnStatus=0 hSrcAllocHandle=0x40005e00 hDstAllocHandle=0x0"
"15:32:59.3767585","184","12852","3792","hContext=1073759680 hWindow=0x0 VidPnSourceId=0 FlipInterval=1 Flags=4198404 ReturnStatus=0 hSrcAllocHandle=0x800043c0 hDstAllocHandle=0x0"
"15:32:59.3944056","184","12852","3792","hContext=1073759680 hWindow=0x0 VidPnSourceId=0 FlipInterval=1 Flags=4198404 ReturnStatus=0 hSrcAllocHandle=0x40005c80 hDstAllocHandle=0x0"
"15:32:59.5961312","171","12852","13196","hAdapter=0xffff910e86eb4820 Token=0xffff810669b4d160 Model=7 TokenSize=0 TokenData=4380 Flags=0x0 CustomDuration=0 VmBusChannel=0x0"
"15:32:59.5961546","184","12852","13196","hContext=1073742528 hWindow=0x0 VidPnSourceId=0 FlipInterval=0 Flags=32768 ReturnStatus=0 hSrcAllocHandle=0x40000540 hDstAllocHandle=0x0"
"15:32:59.5961743","172","4","880","hAdapter=0xffff910e8cd5c000 Token=0xffff810669b4d160 Model=0 TokenSize=0 TokenData=0 Flags=0x0 CustomDuration=0 VmBusChannel=0x0"
"15:32:59.6328237","184","12852","3792","hContext=1073759680 hWindow=0x0 VidPnSourceId=0 FlipInterval=1 Flags=4198404 ReturnStatus=0 hSrcAllocHandle=0x40005e00 hDstAllocHandle=0x0"
"15:32:59.6442496","184","12852","3792","hContext=1073759680 hWindow=0x0 VidPnSourceId=0 FlipInterval=1 Flags=4198404 ReturnStatus=0 hSrcAllocHandle=0x800043c0 hDstAllocHandle=0x0"
"15:32:59.7049711","184","12852","3792","hContext=1073759680 hWindow=0x0 VidPnSourceId=0 FlipInterval=1 Flags=4198404 ReturnStatus=0 hSrcAllocHandle=0x40005c80 hDstAllocHandle=0x0"
"15:32:59.7102837","184","12852","3792","hContext=1073759680 hWindow=0x0 VidPnSourceId=0 FlipInterval=1 Flags=4198404 ReturnStatus=0 hSrcAllocHandle=0x40005e00 hDstAllocHandle=0x0"
"15:32:59.8166911","184","12852","3792","hContext=1073759680 hWindow=0x0 VidPnSourceId=0 FlipInterval=1 Flags=4198404 ReturnStatus=0 hSrcAllocHandle=0x800043c0 hDstAllocHandle=0x0"
"15:32:59.8276059","184","12852","3792","hContext=1073759680 hWindow=0x0 VidPnSourceId=0 FlipInterval=1 Flags=4198404 ReturnStatus=0 hSrcAllocHandle=0x40005c80 hDstAllocHandle=0x0"
"15:32:59.8967116","184","12852","3792","hContext=1073759680 hWindow=0x0 VidPnSourceId=0 FlipInterval=1 Flags=4198404 ReturnStatus=0 hSrcAllocHandle=0x40005e00 hDstAllocHandle=0x0"
"15:32:59.9251405","184","12852","3792","hContext=1073759680 hWindow=0x0 VidPnSourceId=0 FlipInterval=1 Flags=4198404 ReturnStatus=0 hSrcAllocHandle=0x800043c0 hDstAllocHandle=0x0"
"15:32:59.9272791","184","12852","3792","hContext=1073759680 hWindow=0x0 VidPnSourceId=0 FlipInterval=1 Flags=4198404 ReturnStatus=0 hSrcAllocHandle=0x40005c80 hDstAllocHandle=0x0"
"15:33:00.0310241","184","12852","3792","hContext=1073759680 hWindow=0x0 VidPnSourceId=0 FlipInterval=1 Flags=4198404 ReturnStatus=0 hSrcAllocHandle=0x40005e00 hDstAllocHandle=0x0"
"15:33:00.0443646","184","12852","3792","hContext=1073759680 hWindow=0x0 VidPnSourceId=0 FlipInterval=1 Flags=4198404 ReturnStatus=0 hSrcAllocHandle=0x800043c0 hDstAllocHandle=0x0"
"15:33:00.1455410","184","12852","3792","hContext=1073759680 hWindow=0x0 VidPnSourceId=0 FlipInterval=1 Flags=4198404 ReturnStatus=0 hSrcAllocHandle=0x40005c80 hDstAllocHandle=0x0"
"15:33:00.1463155","171","12852","13196","hAdapter=0xffff910e86eb4820 Token=0xffff810669b4d160 Model=7 TokenSize=0 TokenData=4440 Flags=0x0 CustomDuration=0 VmBusChannel=0x0"
"15:33:00.1463308","184","12852","13196","hContext=1073742528 hWindow=0x0 VidPnSourceId=0 FlipInterval=0 Flags=32768 ReturnStatus=0 hSrcAllocHandle=0x40000540 hDstAllocHandle=0x0"
"15:33:00.1463412","172","4","880","hAdapter=0xffff910e8cd5c000 Token=0xffff810669b4d160 Model=0 TokenSize=0 TokenData=0 Flags=0x0 CustomDuration=0 VmBusChannel=0x0"
"15:33:00.1629145","184","12852","3792","hContext=1073759680 hWindow=0x0 VidPnSourceId=0 FlipInterval=1 Flags=4198404 ReturnStatus=0 hSrcAllocHandle=0x40005e00 hDstAllocHandle=0x0"
"15:33:00.2611773","184","12852","3792","hContext=1073759680 hWindow=0x0 VidPnSourceId=0 FlipInterval=1 Flags=4198404 ReturnStatus=0 hSrcAllocHandle=0x800043c0 hDstAllocHandle=0x0"
"15:33:00.3653443","184","12852","3792","hContext=1073759680 hWindow=0x0 VidPnSourceId=0 FlipInterval=1 Flags=4198404 ReturnStatus=0 hSrcAllocHandle=0x40005c80 hDstAllocHandle=0x0"
"15:33:00.3779389","184","12852","3792","hContext=1073759680 hWindow=0x0 VidPnSourceId=0 FlipInterval=1 Flags=4198404 ReturnStatus=0 hSrcAllocHandle=0x40005e00 hDstAllocHandle=0x0"
"15:33:00.4692873","184","12852","3792","hContext=1073759680 hWindow=0x0 VidPnSourceId=0 FlipInterval=1 Flags=4198404 ReturnStatus=0 hSrcAllocHandle=0x800043c0 hDstAllocHandle=0x0"
"15:33:00.4782525","184","12852","3792","hContext=1073759680 hWindow=0x0 VidPnSourceId=0 FlipInterval=1 Flags=4198404 ReturnStatus=0 hSrcAllocHandle=0x40005c80 hDstAllocHandle=0x0"
"15:33:00.5813452","184","12852","3792","hContext=1073759680 hWindow=0x0 VidPnSourceId=0 FlipInterval=1 Flags=4198404 ReturnStatus=0 hSrcAllocHandle=0x40005e00 hDstAllocHandle=0x0"
"15:33:00.5948775","184","12852","3792","hContext=1073759680 hWindow=0x0 VidPnSourceId=0 FlipInterval=1 Flags=4198404 ReturnStatus=0 hSrcAllocHandle=0x800043c0 hDstAllocHandle=0x0"
"15:33:00.6918381","184","12852","3792","hContext=1073759680 hWindow=0x0 VidPnSourceId=0 FlipInterval=1 Flags=4198404 ReturnStatus=0 hSrcAllocHandle=0x40005c80 hDstAllocHandle=0x0"
"15:33:00.6919637","171","12852","13196","hAdapter=0xffff910e86eb4820 Token=0xffff810669b4d160 Model=7 TokenSize=0 TokenData=4444 Flags=0x0 CustomDuration=0 VmBusChannel=0x0"
"15:33:00.6919756","184","12852","13196","hContext=1073742528 hWindow=0x0 VidPnSourceId=0 FlipInterval=0 Flags=32768 ReturnStatus=0 hSrcAllocHandle=0x40000540 hDstAllocHandle=0x0"
"15:33:00.6921754","172","4","876","hAdapter=0xffff910e8cd5c000 Token=0xffff810669b4d160 Model=0 TokenSize=0 TokenData=0 Flags=0x0 CustomDuration=0 VmBusChannel=0x0"
"15:33:00.9196127","184","12852","3792","hContext=1073759680 hWindow=0x0 VidPnSourceId=0 FlipInterval=1 Flags=4198404 ReturnStatus=0 hSrcAllocHandle=0x40005e00 hDstAllocHandle=0x0"
"15:33:00.9342021","171","4744","4980","hAdapter=0xffff910e8841b820 Token=0xffff810679da1e50 Model=7 TokenSize=0 TokenData=4444 Flags=0x0 CustomDuration=0 VmBusChannel=0x0"
"15:33:00.9342207","184","4744","4980","hContext=3221228416 hWindow=0x0 VidPnSourceId=0 FlipInterval=0 Flags=32768 ReturnStatus=0 hSrcAllocHandle=0xc0003880 hDstAllocHandle=0x0"
"15:33:00.9342443","172","4","4712","hAdapter=0xffff910e8e19c000 Token=0xffff810679da1e50 Model=0 TokenSize=0 TokenData=0 Flags=0x0 CustomDuration=0 VmBusChannel=0x0"
"15:33:00.9372211","184","12852","3792","hContext=1073759680 hWindow=0x0 VidPnSourceId=0 FlipInterval=1 Flags=4198404 ReturnStatus=0 hSrcAllocHandle=0x800043c0 hDstAllocHandle=0x0"
"15:33:00.9459050","184","12852","3792","hContext=1073759680 hWindow=0x0 VidPnSourceId=0 FlipInterval=1 Flags=4198404 ReturnStatus=0 hSrcAllocHandle=0x40005c80 hDstAllocHandle=0x0"
"15:33:01.0178944","184","12852","3792","hContext=1073759680 hWindow=0x0 VidPnSourceId=0 FlipInterval=1 Flags=4198404 ReturnStatus=0 hSrcAllocHandle=0x40005e00 hDstAllocHandle=0x0"
"15:33:01.0287123","184","12852","3792","hContext=1073759680 hWindow=0x0 VidPnSourceId=0 FlipInterval=1 Flags=4198404 ReturnStatus=0 hSrcAllocHandle=0x800043c0 hDstAllocHandle=0x0"
"15:33:01.1259812","184","12852","3792","hContext=1073759680 hWindow=0x0 VidPnSourceId=0 FlipInterval=1 Flags=4198404 ReturnStatus=0 hSrcAllocHandle=0x40005c80 hDstAllocHandle=0x0"
"15:33:01.1282952","184","12852","3792","hContext=1073759680 hWindow=0x0 VidPnSourceId=0 FlipInterval=1 Flags=4198404 ReturnStatus=0 hSrcAllocHandle=0x40005e00 hDstAllocHandle=0x0"
"15:33:01.2364967","184","12852","3792","hContext=1073759680 hWindow=0x0 VidPnSourceId=0 FlipInterval=1 Flags=4198404 ReturnStatus=0 hSrcAllocHandle=0x800043c0 hDstAllocHandle=0x0"
"15:33:01.2375161","171","12852","13196","hAdapter=0xffff910e86eb4820 Token=0xffff810669b4d160 Model=7 TokenSize=0 TokenData=4448 Flags=0x0 CustomDuration=0 VmBusChannel=0x0"
"15:33:01.2375341","184","12852","13196","hContext=1073742528 hWindow=0x0 VidPnSourceId=0 FlipInterval=0 Flags=32768 ReturnStatus=0 hSrcAllocHandle=0x40000540 hDstAllocHandle=0x0"
"15:33:01.2375411","172","4","880","hAdapter=0xffff910e8cd5c000 Token=0xffff810669b4d160 Model=0 TokenSize=0 TokenData=0 Flags=0x0 CustomDuration=0 VmBusChannel=0x0"
"15:33:01.2472575","184","12852","3792","hContext=1073759680 hWindow=0x0 VidPnSourceId=0 FlipInterval=1 Flags=4198404 ReturnStatus=0 hSrcAllocHandle=0x40005c80 hDstAllocHandle=0x0"
"15:33:01.3621518","184","12852","3792","hContext=1073759680 hWindow=0x0 VidPnSourceId=0 FlipInterval=1 Flags=4198404 ReturnStatus=0 hSrcAllocHandle=0x40005e00 hDstAllocHandle=0x0"
"15:33:01.3963101","184","12852","3792","hContext=1073759680 hWindow=0x0 VidPnSourceId=0 FlipInterval=1 Flags=4198404 ReturnStatus=0 hSrcAllocHandle=0x800043c0 hDstAllocHandle=0x0"
"15:33:01.4563620","184","12852","3792","hContext=1073759680 hWindow=0x0 VidPnSourceId=0 FlipInterval=1 Flags=4198404 ReturnStatus=0 hSrcAllocHandle=0x40005c80 hDstAllocHandle=0x0"
"15:33:01.4621094","184","12852","3792","hContext=1073759680 hWindow=0x0 VidPnSourceId=0 FlipInterval=1 Flags=4198404 ReturnStatus=0 hSrcAllocHandle=0x40005e00 hDstAllocHandle=0x0"
"15:33:01.5621786","184","12852","3792","hContext=1073759680 hWindow=0x0 VidPnSourceId=0 FlipInterval=1 Flags=4198404 ReturnStatus=0 hSrcAllocHandle=0x800043c0 hDstAllocHandle=0x0"
"15:33:01.5789690","184","12852","3792","hContext=1073759680 hWindow=0x0 VidPnSourceId=0 FlipInterval=1 Flags=4198404 ReturnStatus=0 hSrcAllocHandle=0x40005c80 hDstAllocHandle=0x0"
"15:33:01.6746355","184","12852","3792","hContext=1073759680 hWindow=0x0 VidPnSourceId=0 FlipInterval=1 Flags=4198404 ReturnStatus=0 hSrcAllocHandle=0x40005e00 hDstAllocHandle=0x0"
"15:33:01.6789804","184","12852","3792","hContext=1073759680 hWindow=0x0 VidPnSourceId=0 FlipInterval=1 Flags=4198404 ReturnStatus=0 hSrcAllocHandle=0x800043c0 hDstAllocHandle=0x0"
"15:33:01.7851589","184","12852","3792","hContext=1073759680 hWindow=0x0 VidPnSourceId=0 FlipInterval=1 Flags=4198404 ReturnStatus=0 hSrcAllocHandle=0x40005c80 hDstAllocHandle=0x0"
"15:33:01.7861620","171","12852","13196","hAdapter=0xffff910e86eb4820 Token=0xffff810669b4d160 Model=7 TokenSize=0 TokenData=4444 Flags=0x0 CustomDuration=0 VmBusChannel=0x0"
"15:33:01.7861778","184","12852","13196","hContext=1073742528 hWindow=0x0 VidPnSourceId=0 FlipInterval=0 Flags=32768 ReturnStatus=0 hSrcAllocHandle=0x40000540 hDstAllocHandle=0x0"
"15:33:01.7863737","172","4","876","hAdapter=0xffff910e8cd5c000 Token=0xffff810669b4d160 Model=0 TokenSize=0 TokenData=0 Flags=0x0 CustomDuration=0 VmBusChannel=0x0"
"15:33:01.7973605","184","12852","3792","hContext=1073759680 hWindow=0x0 VidPnSourceId=0 FlipInterval=1 Flags=4198404 ReturnStatus=0 hSrcAllocHandle=0x40005e00 hDstAllocHandle=0x0"
"15:33:01.8960120","184","12852","3792","hContext=1073759680 hWindow=0x0 VidPnSourceId=0 FlipInterval=1 Flags=4198404 ReturnStatus=0 hSrcAllocHandle=0x800043c0 hDstAllocHandle=0x0"
"15:33:01.9133074","184","12852","3792","hContext=1073759680 hWindow=0x0 VidPnSourceId=0 FlipInterval=1 Flags=4198404 ReturnStatus=0 hSrcAllocHandle=0x40005c80 hDstAllocHandle=0x0"
"15:33:02.1456713","184","12852","3792","hContext=1073759680 hWindow=0x0 VidPnSourceId=0 FlipInterval=1 Flags=4198404 ReturnStatus=0 hSrcAllocHandle=0x40005e00 hDstAllocHandle=0x0"
"15:33:02.2209962","184","12852","3792","hContext=1073759680 hWindow=0x0 VidPnSourceId=0 FlipInterval=1 Flags=4198404 ReturnStatus=0 hSrcAllocHandle=0x800043c0 hDstAllocHandle=0x0"
"15:33:02.2296705","184","12852","3792","hContext=1073759680 hWindow=0x0 VidPnSourceId=0 FlipInterval=1 Flags=4198404 ReturnStatus=0 hSrcAllocHandle=0x40005c80 hDstAllocHandle=0x0"
"15:33:02.3297028","184","12852","3792","hContext=1073759680 hWindow=0x0 VidPnSourceId=0 FlipInterval=1 Flags=4198404 ReturnStatus=0 hSrcAllocHandle=0x40005e00 hDstAllocHandle=0x0"
"15:33:02.3297911","171","12852","13196","hAdapter=0xffff910e86eb4820 Token=0xffff810669b4d160 Model=7 TokenSize=0 TokenData=4444 Flags=0x0 CustomDuration=0 VmBusChannel=0x0"
"15:33:02.3298040","184","12852","13196","hContext=1073742528 hWindow=0x0 VidPnSourceId=0 FlipInterval=0 Flags=32768 ReturnStatus=0 hSrcAllocHandle=0x40000540 hDstAllocHandle=0x0"
"15:33:02.3300043","172","4","876","hAdapter=0xffff910e8cd5c000 Token=0xffff810669b4d160 Model=0 TokenSize=0 TokenData=0 Flags=0x0 CustomDuration=0 VmBusChannel=0x0"
"15:33:02.3476884","184","12852","3792","hContext=1073759680 hWindow=0x0 VidPnSourceId=0 FlipInterval=1 Flags=4198404 ReturnStatus=0 hSrcAllocHandle=0x800043c0 hDstAllocHandle=0x0"
"15:33:02.4431903","184","12852","3792","hContext=1073759680 hWindow=0x0 VidPnSourceId=0 FlipInterval=1 Flags=4198404 ReturnStatus=0 hSrcAllocHandle=0x40005c80 hDstAllocHandle=0x0"
"15:33:02.4465354","184","12852","3792","hContext=1073759680 hWindow=0x0 VidPnSourceId=0 FlipInterval=1 Flags=4198404 ReturnStatus=0 hSrcAllocHandle=0x40005e00 hDstAllocHandle=0x0"
"15:33:02.5449942","184","12852","3792","hContext=1073759680 hWindow=0x0 VidPnSourceId=0 FlipInterval=1 Flags=4198404 ReturnStatus=0 hSrcAllocHandle=0x800043c0 hDstAllocHandle=0x0"
"15:33:02.5627269","184","12852","3792","hContext=1073759680 hWindow=0x0 VidPnSourceId=0 FlipInterval=1 Flags=4198404 ReturnStatus=0 hSrcAllocHandle=0x40005c80 hDstAllocHandle=0x0"
"15:33:02.6612505","184","12852","3792","hContext=1073759680 hWindow=0x0 VidPnSourceId=0 FlipInterval=1 Flags=4198404 ReturnStatus=0 hSrcAllocHandle=0x40005e00 hDstAllocHandle=0x0"
"15:33:02.6628849","184","12852","3792","hContext=1073759680 hWindow=0x0 VidPnSourceId=0 FlipInterval=1 Flags=4198404 ReturnStatus=0 hSrcAllocHandle=0x800043c0 hDstAllocHandle=0x0"
"15:33:02.7693058","184","12852","3792","hContext=1073759680 hWindow=0x0 VidPnSourceId=0 FlipInterval=1 Flags=4198404 ReturnStatus=0 hSrcAllocHandle=0x40005c80 hDstAllocHandle=0x0"
"15:33:02.7799422","184","12852","3792","hContext=1073759680 hWindow=0x0 VidPnSourceId=0 FlipInterval=1 Flags=4198404 ReturnStatus=0 hSrcAllocHandle=0x40005e00 hDstAllocHandle=0x0"
"15:33:02.8755904","184","12852","3792","hContext=1073759680 hWindow=0x0 VidPnSourceId=0 FlipInterval=1 Flags=4198404 ReturnStatus=0 hSrcAllocHandle=0x800043c0 hDstAllocHandle=0x0"
"15:33:02.8763173","171","12852","13196","hAdapter=0xffff910e86eb4820 Token=0xffff810669b4d160 Model=7 TokenSize=0 TokenData=4468 Flags=0x0 CustomDuration=0 VmBusChannel=0x0"
"15:33:02.8763447","184","12852","13196","hContext=1073742528 hWindow=0x0 VidPnSourceId=0 FlipInterval=0 Flags=32768 ReturnStatus=0 hSrcAllocHandle=0x40000540 hDstAllocHandle=0x0"
"15:33:02.8766578","172","4","876","hAdapter=0xffff910e8cd5c000 Token=0xffff810669b4d160 Model=0 TokenSize=0 TokenData=0 Flags=0x0 CustomDuration=0 VmBusChannel=0x0"
"15:33:02.8827690","184","12852","3792","hContext=1073759680 hWindow=0x0 VidPnSourceId=0 FlipInterval=1 Flags=4198404 ReturnStatus=0 hSrcAllocHandle=0x40005c80 hDstAllocHandle=0x0"
"15:33:02.8989220","184","12852","3792","hContext=1073759680 hWindow=0x0 VidPnSourceId=0 FlipInterval=1 Flags=4198404 ReturnStatus=0 hSrcAllocHandle=0x40005e00 hDstAllocHandle=0x0"
"15:33:02.9160116","184","12852","3792","hContext=1073759680 hWindow=0x0 VidPnSourceId=0 FlipInterval=1 Flags=4198404 ReturnStatus=0 hSrcAllocHandle=0x800043c0 hDstAllocHandle=0x0"
"15:33:02.9880576","184","12852","3792","hContext=1073759680 hWindow=0x0 VidPnSourceId=0 FlipInterval=1 Flags=4198404 ReturnStatus=0 hSrcAllocHandle=0x40005c80 hDstAllocHandle=0x0"
"15:33:02.9968565","184","12852","3792","hContext=1073759680 hWindow=0x0 VidPnSourceId=0 FlipInterval=1 Flags=4198404 ReturnStatus=0 hSrcAllocHandle=0x40005e00 hDstAllocHandle=0x0"
"15:33:03.0943259","184","12852","3792","hContext=1073759680 hWindow=0x0 VidPnSourceId=0 FlipInterval=1 Flags=4198404 ReturnStatus=0 hSrcAllocHandle=0x800043c0 hDstAllocHandle=0x0"
"15:33:03.3264771","184","12852","3792","hContext=1073759680 hWindow=0x0 VidPnSourceId=0 FlipInterval=1 Flags=4198404 ReturnStatus=0 hSrcAllocHandle=0x40005c80 hDstAllocHandle=0x0"
"15:33:03.3304128","184","12852","3792","hContext=1073759680 hWindow=0x0 VidPnSourceId=0 FlipInterval=1 Flags=4198404 ReturnStatus=0 hSrcAllocHandle=0x40005e00 hDstAllocHandle=0x0"
"15:33:03.4173183","184","12852","3792","hContext=1073759680 hWindow=0x0 VidPnSourceId=0 FlipInterval=1 Flags=4198404 ReturnStatus=0 hSrcAllocHandle=0x800043c0 hDstAllocHandle=0x0"
"15:33:03.4262657","171","12852","13196","hAdapter=0xffff910e86eb4820 Token=0xffff810669b4d160 Model=7 TokenSize=0 TokenData=4316 Flags=0x0 CustomDuration=0 VmBusChannel=0x0"
"15:33:03.4262882","184","12852","13196","hContext=1073742528 hWindow=0x0 VidPnSourceId=0 FlipInterval=0 Flags=32768 ReturnStatus=0 hSrcAllocHandle=0x40000540 hDstAllocHandle=0x0"
"15:33:03.4264896","172","4","876","hAdapter=0xffff910e8cd5c000 Token=0xffff810669b4d160 Model=0 TokenSize=0 TokenData=0 Flags=0x0 CustomDuration=0 VmBusChannel=0x0"
"15:33:03.4319578","184","12852","3792","hContext=1073759680 hWindow=0x0 VidPnSourceId=0 FlipInterval=1 Flags=4198404 ReturnStatus=0 hSrcAllocHandle=0x40005c80 hDstAllocHandle=0x0"
"15:33:03.4474624","184","12852","3792","hContext=1073759680 hWindow=0x0 VidPnSourceId=0 FlipInterval=1 Flags=4198404 ReturnStatus=0 hSrcAllocHandle=0x40005e00 hDstAllocHandle=0x0"
"15:33:03.5311982","184","12852","3792","hContext=1073759680 hWindow=0x0 VidPnSourceId=0 FlipInterval=1 Flags=4198404 ReturnStatus=0 hSrcAllocHandle=0x800043c0 hDstAllocHandle=0x0"
"15:33:03.5472830","184","12852","3792","hContext=1073759680 hWindow=0x0 VidPnSourceId=0 FlipInterval=1 Flags=4198404 ReturnStatus=0 hSrcAllocHandle=0x40005c80 hDstAllocHandle=0x0"
"15:33:03.6428518","184","12852","3792","hContext=1073759680 hWindow=0x0 VidPnSourceId=0 FlipInterval=1 Flags=4198404 ReturnStatus=0 hSrcAllocHandle=0x40005e00 hDstAllocHandle=0x0"
"15:33:03.6479156","184","12852","3792","hContext=1073759680 hWindow=0x0 VidPnSourceId=0 FlipInterval=1 Flags=4198404 ReturnStatus=0 hSrcAllocHandle=0x800043c0 hDstAllocHandle=0x0"
"15:33:03.7509790","184","12852","3792","hContext=1073759680 hWindow=0x0 VidPnSourceId=0 FlipInterval=1 Flags=4198404 ReturnStatus=0 hSrcAllocHandle=0x40005c80 hDstAllocHandle=0x0"
"15:33:03.7645207","184","12852","3792","hContext=1073759680 hWindow=0x0 VidPnSourceId=0 FlipInterval=1 Flags=4198404 ReturnStatus=0 hSrcAllocHandle=0x40005e00 hDstAllocHandle=0x0"
"15:33:03.8602330","184","12852","3792","hContext=1073759680 hWindow=0x0 VidPnSourceId=0 FlipInterval=1 Flags=4198404 ReturnStatus=0 hSrcAllocHandle=0x800043c0 hDstAllocHandle=0x0"
"15:33:03.8638820","184","12852","3792","hContext=1073759680 hWindow=0x0 VidPnSourceId=0 FlipInterval=1 Flags=4198404 ReturnStatus=0 hSrcAllocHandle=0x40005c80 hDstAllocHandle=0x0"
"15:33:03.9074184","184","12852","3792","hContext=1073759680 hWindow=0x0 VidPnSourceId=0 FlipInterval=1 Flags=4198404 ReturnStatus=0 hSrcAllocHandle=0x40005e00 hDstAllocHandle=0x0"
"15:33:03.9694434","184","12852","3792","hContext=1073759680 hWindow=0x0 VidPnSourceId=0 FlipInterval=1 Flags=4198404 ReturnStatus=0 hSrcAllocHandle=0x800043c0 hDstAllocHandle=0x0"
"15:33:03.9699178","171","12852","13196","hAdapter=0xffff910e86eb4820 Token=0xffff810669b4d160 Model=7 TokenSize=0 TokenData=4436 Flags=0x0 CustomDuration=0 VmBusChannel=0x0"
"15:33:03.9699309","184","12852","13196","hContext=1073742528 hWindow=0x0 VidPnSourceId=0 FlipInterval=0 Flags=32768 ReturnStatus=0 hSrcAllocHandle=0x40000540 hDstAllocHandle=0x0"
"15:33:03.9699399","172","4","880","hAdapter=0xffff910e8cd5c000 Token=0xffff810669b4d160 Model=0 TokenSize=0 TokenData=0 Flags=0x0 CustomDuration=0 VmBusChannel=0x0"
"15:33:03.9861960","184","12852","3792","hContext=1073759680 hWindow=0x0 VidPnSourceId=0 FlipInterval=1 Flags=4198404 ReturnStatus=0 hSrcAllocHandle=0x40005c80 hDstAllocHandle=0x0"
"15:33:04.0808982","184","12852","3792","hContext=1073759680 hWindow=0x0 VidPnSourceId=0 FlipInterval=1 Flags=4198404 ReturnStatus=0 hSrcAllocHandle=0x40005e00 hDstAllocHandle=0x0"
"15:33:04.1928628","184","12852","3792","hContext=1073759680 hWindow=0x0 VidPnSourceId=0 FlipInterval=1 Flags=4198404 ReturnStatus=0 hSrcAllocHandle=0x800043c0 hDstAllocHandle=0x0"
"15:33:04.1977602","184","12852","3792","hContext=1073759680 hWindow=0x0 VidPnSourceId=0 FlipInterval=1 Flags=4198404 ReturnStatus=0 hSrcAllocHandle=0x40005c80 hDstAllocHandle=0x0"
"15:33:04.2972730","184","12852","3792","hContext=1073759680 hWindow=0x0 VidPnSourceId=0 FlipInterval=1 Flags=4198404 ReturnStatus=0 hSrcAllocHandle=0x40005e00 hDstAllocHandle=0x0"
"15:33:04.5212028","171","12852","13196","hAdapter=0xffff910e86eb4820 Token=0xffff810669b4d160 Model=7 TokenSize=0 TokenData=4440 Flags=0x0 CustomDuration=0 VmBusChannel=0x0"
"15:33:04.5212177","184","12852","13196","hContext=1073742528 hWindow=0x0 VidPnSourceId=0 FlipInterval=0 Flags=32768 ReturnStatus=0 hSrcAllocHandle=0x40000540 hDstAllocHandle=0x0"
"15:33:04.5214217","172","4","876","hAdapter=0xffff910e8cd5c000 Token=0xffff810669b4d160 Model=0 TokenSize=0 TokenData=0 Flags=0x0 CustomDuration=0 VmBusChannel=0x0"
"15:33:04.5430705","184","12852","3792","hContext=1073759680 hWindow=0x0 VidPnSourceId=0 FlipInterval=1 Flags=4198404 ReturnStatus=0 hSrcAllocHandle=0x800043c0 hDstAllocHandle=0x0"
"15:33:04.5555315","184","12852","3792","hContext=1073759680 hWindow=0x0 VidPnSourceId=0 FlipInterval=1 Flags=4198404 ReturnStatus=0 hSrcAllocHandle=0x40005c80 hDstAllocHandle=0x0"
"15:33:04.6270507","184","12852","3792","hContext=1073759680 hWindow=0x0 VidPnSourceId=0 FlipInterval=1 Flags=4198404 ReturnStatus=0 hSrcAllocHandle=0x40005e00 hDstAllocHandle=0x0"
"15:33:04.6313993","184","12852","3792","hContext=1073759680 hWindow=0x0 VidPnSourceId=0 FlipInterval=1 Flags=4198404 ReturnStatus=0 hSrcAllocHandle=0x800043c0 hDstAllocHandle=0x0"
"15:33:04.7329866","184","12852","3792","hContext=1073759680 hWindow=0x0 VidPnSourceId=0 FlipInterval=1 Flags=4198404 ReturnStatus=0 hSrcAllocHandle=0x40005c80 hDstAllocHandle=0x0"
"15:33:04.7482217","184","12852","3792","hContext=1073759680 hWindow=0x0 VidPnSourceId=0 FlipInterval=1 Flags=4198404 ReturnStatus=0 hSrcAllocHandle=0x40005e00 hDstAllocHandle=0x0"
"15:33:04.8451471","184","12852","3792","hContext=1073759680 hWindow=0x0 VidPnSourceId=0 FlipInterval=1 Flags=4198404 ReturnStatus=0 hSrcAllocHandle=0x800043c0 hDstAllocHandle=0x0"
"15:33:04.8481183","184","12852","3792","hContext=1073759680 hWindow=0x0 VidPnSourceId=0 FlipInterval=1 Flags=4198404 ReturnStatus=0 hSrcAllocHandle=0x40005c80 hDstAllocHandle=0x0"
"15:33:04.9512179","184","12852","3792","hContext=1073759680 hWindow=0x0 VidPnSourceId=0 FlipInterval=1 Flags=4198404 ReturnStatus=0 hSrcAllocHandle=0x40005e00 hDstAllocHandle=0x0"
"15:33:04.9650829","184","12852","3792","hContext=1073759680 hWindow=0x0 VidPnSourceId=0 FlipInterval=1 Flags=4198404 ReturnStatus=0 hSrcAllocHandle=0x800043c0 hDstAllocHandle=0x0"
"15:33:05.0659515","184","12852","3792","hContext=1073759680 hWindow=0x0 VidPnSourceId=0 FlipInterval=1 Flags=4198404 ReturnStatus=0 hSrcAllocHandle=0x40005c80 hDstAllocHandle=0x0"
"15:33:05.0660239","171","12852","13196","hAdapter=0xffff910e86eb4820 Token=0xffff810669b4d160 Model=7 TokenSize=0 TokenData=1884 Flags=0x0 CustomDuration=0 VmBusChannel=0x0"
"15:33:05.0660343","184","12852","13196","hContext=1073742528 hWindow=0x0 VidPnSourceId=0 FlipInterval=0 Flags=32768 ReturnStatus=0 hSrcAllocHandle=0x40000540 hDstAllocHandle=0x0"
"15:33:05.0662255","172","4","876","hAdapter=0xffff910e8cd5c000 Token=0xffff810669b4d160 Model=0 TokenSize=0 TokenData=0 Flags=0x0 CustomDuration=0 VmBusChannel=0x0"
"15:33:05.0836157","184","12852","3792","hContext=1073759680 hWindow=0x0 VidPnSourceId=0 FlipInterval=1 Flags=4198404 ReturnStatus=0 hSrcAllocHandle=0x40005e00 hDstAllocHandle=0x0"
"15:33:05.1818203","184","12852","3792","hContext=1073759680 hWindow=0x0 VidPnSourceId=0 FlipInterval=1 Flags=4198404 ReturnStatus=0 hSrcAllocHandle=0x800043c0 hDstAllocHandle=0x0"
"15:33:05.2833619","184","12852","3792","hContext=1073759680 hWindow=0x0 VidPnSourceId=0 FlipInterval=1 Flags=4198404 ReturnStatus=0 hSrcAllocHandle=0x40005c80 hDstAllocHandle=0x0"
"15:33:05.2987825","184","12852","3792","hContext=1073759680 hWindow=0x0 VidPnSourceId=0 FlipInterval=1 Flags=4198404 ReturnStatus=0 hSrcAllocHandle=0x40005e00 hDstAllocHandle=0x0"
"15:33:05.3920988","184","12852","3792","hContext=1073759680 hWindow=0x0 VidPnSourceId=0 FlipInterval=1 Flags=4198404 ReturnStatus=0 hSrcAllocHandle=0x800043c0 hDstAllocHandle=0x0"
"15:33:05.3988392","184","12852","3792","hContext=1073759680 hWindow=0x0 VidPnSourceId=0 FlipInterval=1 Flags=4198404 ReturnStatus=0 hSrcAllocHandle=0x40005c80 hDstAllocHandle=0x0"
"15:33:05.4155528","184","12852","3792","hContext=1073759680 hWindow=0x0 VidPnSourceId=0 FlipInterval=1 Flags=4198404 ReturnStatus=0 hSrcAllocHandle=0x40005e00 hDstAllocHandle=0x0"
"15:33:05.5016580","184","12852","3792","hContext=1073759680 hWindow=0x0 VidPnSourceId=0 FlipInterval=1 Flags=4198404 ReturnStatus=0 hSrcAllocHandle=0x800043c0 hDstAllocHandle=0x0"
"15:33:05.5156604","184","12852","3792","hContext=1073759680 hWindow=0x0 VidPnSourceId=0 FlipInterval=1 Flags=4198404 ReturnStatus=0 hSrcAllocHandle=0x40005c80 hDstAllocHandle=0x0"
"15:33:05.6138684","184","12852","3792","hContext=1073759680 hWindow=0x0 VidPnSourceId=0 FlipInterval=1 Flags=4198404 ReturnStatus=0 hSrcAllocHandle=0x40005e00 hDstAllocHandle=0x0"
"15:33:05.6140979","171","12852","13196","hAdapter=0xffff910e86eb4820 Token=0xffff810669b4d160 Model=7 TokenSize=0 TokenData=4316 Flags=0x0 CustomDuration=0 VmBusChannel=0x0"
"15:33:05.6141212","184","12852","13196","hContext=1073742528 hWindow=0x0 VidPnSourceId=0 FlipInterval=0 Flags=32768 ReturnStatus=0 hSrcAllocHandle=0x40000540 hDstAllocHandle=0x0"
"15:33:05.6142506","172","4","876","hAdapter=0xffff910e8cd5c000 Token=0xffff810669b4d160 Model=0 TokenSize=0 TokenData=0 Flags=0x0 CustomDuration=0 VmBusChannel=0x0"
"15:33:05.8479248","184","12852","3792","hContext=1073759680 hWindow=0x0 VidPnSourceId=0 FlipInterval=1 Flags=4198404 ReturnStatus=0 hSrcAllocHandle=0x800043c0 hDstAllocHandle=0x0"
"15:33:05.9118669","184","12852","3792","hContext=1073759680 hWindow=0x0 VidPnSourceId=0 FlipInterval=1 Flags=4198404 ReturnStatus=0 hSrcAllocHandle=0x40005c80 hDstAllocHandle=0x0"
"15:33:05.9384173","184","12852","3792","hContext=1073759680 hWindow=0x0 VidPnSourceId=0 FlipInterval=1 Flags=4198404 ReturnStatus=0 hSrcAllocHandle=0x40005e00 hDstAllocHandle=0x0"
"15:33:05.9492842","184","12852","3792","hContext=1073759680 hWindow=0x0 VidPnSourceId=0 FlipInterval=1 Flags=4198404 ReturnStatus=0 hSrcAllocHandle=0x800043c0 hDstAllocHandle=0x0"
"15:33:06.0501759","184","12852","3792","hContext=1073759680 hWindow=0x0 VidPnSourceId=0 FlipInterval=1 Flags=4198404 ReturnStatus=0 hSrcAllocHandle=0x40005c80 hDstAllocHandle=0x0"
"15:33:06.0660110","184","12852","3792","hContext=1073759680 hWindow=0x0 VidPnSourceId=0 FlipInterval=1 Flags=4198404 ReturnStatus=0 hSrcAllocHandle=0x40005e00 hDstAllocHandle=0x0"
"15:33:06.1582352","184","12852","3792","hContext=1073759680 hWindow=0x0 VidPnSourceId=0 FlipInterval=1 Flags=4198404 ReturnStatus=0 hSrcAllocHandle=0x800043c0 hDstAllocHandle=0x0"
"15:33:06.1591410","171","12852","13196","hAdapter=0xffff910e86eb4820 Token=0xffff810669b4d160 Model=7 TokenSize=0 TokenData=4412 Flags=0x0 CustomDuration=0 VmBusChannel=0x0"
"15:33:06.1591643","184","12852","13196","hContext=1073742528 hWindow=0x0 VidPnSourceId=0 FlipInterval=0 Flags=32768 ReturnStatus=0 hSrcAllocHandle=0x40000540 hDstAllocHandle=0x0"
"15:33:06.1594659","172","4","876","hAdapter=0xffff910e8cd5c000 Token=0xffff810669b4d160 Model=0 TokenSize=0 TokenData=0 Flags=0x0 CustomDuration=0 VmBusChannel=0x0"
"15:33:06.1697952","184","12852","3792","hContext=1073759680 hWindow=0x0 VidPnSourceId=0 FlipInterval=1 Flags=4198404 ReturnStatus=0 hSrcAllocHandle=0x40005c80 hDstAllocHandle=0x0"
"15:33:06.2828215","184","12852","3792","hContext=1073759680 hWindow=0x0 VidPnSourceId=0 FlipInterval=1 Flags=4198404 ReturnStatus=0 hSrcAllocHandle=0x40005e00 hDstAllocHandle=0x0"
"15:33:06.3783368","184","12852","3792","hContext=1073759680 hWindow=0x0 VidPnSourceId=0 FlipInterval=1 Flags=4198404 ReturnStatus=0 hSrcAllocHandle=0x800043c0 hDstAllocHandle=0x0"
"15:33:06.3829659","184","12852","3792","hContext=1073759680 hWindow=0x0 VidPnSourceId=0 FlipInterval=1 Flags=4198404 ReturnStatus=0 hSrcAllocHandle=0x40005c80 hDstAllocHandle=0x0"
"15:33:06.4894071","184","12852","3792","hContext=1073759680 hWindow=0x0 VidPnSourceId=0 FlipInterval=1 Flags=4198404 ReturnStatus=0 hSrcAllocHandle=0x40005e00 hDstAllocHandle=0x0"
"15:33:06.5003338","184","12852","3792","hContext=1073759680 hWindow=0x0 VidPnSourceId=0 FlipInterval=1 Flags=4198404 ReturnStatus=0 hSrcAllocHandle=0x800043c0 hDstAllocHandle=0x0"
"15:33:06.5945965","184","12852","3792","hContext=1073759680 hWindow=0x0 VidPnSourceId=0 FlipInterval=1 Flags=4198404 ReturnStatus=0 hSrcAllocHandle=0x40005c80 hDstAllocHandle=0x0"
"15:33:06.5998233","184","12852","3792","hContext=1073759680 hWindow=0x0 VidPnSourceId=0 FlipInterval=1 Flags=4198404 ReturnStatus=0 hSrcAllocHandle=0x40005e00 hDstAllocHandle=0x0"
"15:33:06.7099670","184","12852","3792","hContext=1073759680 hWindow=0x0 VidPnSourceId=0 FlipInterval=1 Flags=4198404 ReturnStatus=0 hSrcAllocHandle=0x800043c0 hDstAllocHandle=0x0"
"15:33:06.7104707","171","12852","13196","hAdapter=0xffff910e86eb4820 Token=0xffff810669b4d160 Model=7 TokenSize=0 TokenData=4476 Flags=0x0 CustomDuration=0 VmBusChannel=0x0"
"15:33:06.7105037","184","12852","13196","hContext=1073742528 hWindow=0x0 VidPnSourceId=0 FlipInterval=0 Flags=32768 ReturnStatus=0 hSrcAllocHandle=0x40000540 hDstAllocHandle=0x0"
"15:33:06.7107381","172","4","876","hAdapter=0xffff910e8cd5c000 Token=0xffff810669b4d160 Model=0 TokenSize=0 TokenData=0 Flags=0x0 CustomDuration=0 VmBusChannel=0x0"
"15:33:06.7193594","184","12852","3792","hContext=1073759680 hWindow=0x0 VidPnSourceId=0 FlipInterval=1 Flags=4198404 ReturnStatus=0 hSrcAllocHandle=0x40005c80 hDstAllocHandle=0x0"
"15:33:06.8176275","184","12852","3792","hContext=1073759680 hWindow=0x0 VidPnSourceId=0 FlipInterval=1 Flags=4198404 ReturnStatus=0 hSrcAllocHandle=0x40005e00 hDstAllocHandle=0x0"
"15:33:06.9239051","184","12852","3792","hContext=1073759680 hWindow=0x0 VidPnSourceId=0 FlipInterval=1 Flags=4198404 ReturnStatus=0 hSrcAllocHandle=0x800043c0 hDstAllocHandle=0x0"
"15:33:06.9341004","184","12852","3792","hContext=1073759680 hWindow=0x0 VidPnSourceId=0 FlipInterval=1 Flags=4198404 ReturnStatus=0 hSrcAllocHandle=0x40005c80 hDstAllocHandle=0x0"
"15:33:07.0317628","184","12852","3792","hContext=1073759680 hWindow=0x0 VidPnSourceId=0 FlipInterval=1 Flags=4198404 ReturnStatus=0 hSrcAllocHandle=0x40005e00 hDstAllocHandle=0x0"
"15:33:07.2503706","171","12852","13196","hAdapter=0xffff910e86eb4820 Token=0xffff810669b4d160 Model=7 TokenSize=0 TokenData=4444 Flags=0x0 CustomDuration=0 VmBusChannel=0x0"
"15:33:07.2504125","184","12852","13196","hContext=1073742528 hWindow=0x0 VidPnSourceId=0 FlipInterval=0 Flags=32768 ReturnStatus=0 hSrcAllocHandle=0x40000540 hDstAllocHandle=0x0"
"15:33:07.2504282","172","4","880","hAdapter=0xffff910e8cd5c000 Token=0xffff810669b4d160 Model=0 TokenSize=0 TokenData=0 Flags=0x0 CustomDuration=0 VmBusChannel=0x0"
"15:33:07.2681356","184","12852","3792","hContext=1073759680 hWindow=0x0 VidPnSourceId=0 FlipInterval=1 Flags=4198404 ReturnStatus=0 hSrcAllocHandle=0x800043c0 hDstAllocHandle=0x0"
"15:33:07.2842346","184","12852","3792","hContext=1073759680 hWindow=0x0 VidPnSourceId=0 FlipInterval=1 Flags=4198404 ReturnStatus=0 hSrcAllocHandle=0x40005c80 hDstAllocHandle=0x0"
"15:33:07.3594168","184","12852","3792","hContext=1073759680 hWindow=0x0 VidPnSourceId=0 FlipInterval=1 Flags=4198404 ReturnStatus=0 hSrcAllocHandle=0x40005e00 hDstAllocHandle=0x0"
"15:33:07.3669778","184","12852","3792","hContext=1073759680 hWindow=0x0 VidPnSourceId=0 FlipInterval=1 Flags=4198404 ReturnStatus=0 hSrcAllocHandle=0x800043c0 hDstAllocHandle=0x0"
"15:33:07.4091929","184","12852","3792","hContext=1073759680 hWindow=0x0 VidPnSourceId=0 FlipInterval=1 Flags=4198404 ReturnStatus=0 hSrcAllocHandle=0x40005c80 hDstAllocHandle=0x0"
"15:33:07.4695056","184","12852","3792","hContext=1073759680 hWindow=0x0 VidPnSourceId=0 FlipInterval=1 Flags=4198404 ReturnStatus=0 hSrcAllocHandle=0x40005e00 hDstAllocHandle=0x0"
"15:33:07.4885688","184","12852","3792","hContext=1073759680 hWindow=0x0 VidPnSourceId=0 FlipInterval=1 Flags=4198404 ReturnStatus=0 hSrcAllocHandle=0x800043c0 hDstAllocHandle=0x0"
"15:33:07.5801673","184","12852","3792","hContext=1073759680 hWindow=0x0 VidPnSourceId=0 FlipInterval=1 Flags=4198404 ReturnStatus=0 hSrcAllocHandle=0x40005c80 hDstAllocHandle=0x0"
"15:33:07.5846767","184","12852","3792","hContext=1073759680 hWindow=0x0 VidPnSourceId=0 FlipInterval=1 Flags=4198404 ReturnStatus=0 hSrcAllocHandle=0x40005e00 hDstAllocHandle=0x0"
"15:33:07.6915164","184","12852","3792","hContext=1073759680 hWindow=0x0 VidPnSourceId=0 FlipInterval=1 Flags=4198404 ReturnStatus=0 hSrcAllocHandle=0x800043c0 hDstAllocHandle=0x0"
"15:33:07.7008902","184","12852","3792","hContext=1073759680 hWindow=0x0 VidPnSourceId=0 FlipInterval=1 Flags=4198404 ReturnStatus=0 hSrcAllocHandle=0x40005c80 hDstAllocHandle=0x0"
"15:33:07.8010042","184","12852","3792","hContext=1073759680 hWindow=0x0 VidPnSourceId=0 FlipInterval=1 Flags=4198404 ReturnStatus=0 hSrcAllocHandle=0x40005e00 hDstAllocHandle=0x0"
"15:33:07.8031457","171","12852","13196","hAdapter=0xffff910e86eb4820 Token=0xffff810669b4d160 Model=7 TokenSize=0 TokenData=4316 Flags=0x0 CustomDuration=0 VmBusChannel=0x0"
"15:33:07.8031727","184","12852","13196","hContext=1073742528 hWindow=0x0 VidPnSourceId=0 FlipInterval=0 Flags=32768 ReturnStatus=0 hSrcAllocHandle=0x40000540 hDstAllocHandle=0x0"
"15:33:07.8032379","172","4","880","hAdapter=0xffff910e8cd5c000 Token=0xffff810669b4d160 Model=0 TokenSize=0 TokenData=0 Flags=0x0 CustomDuration=0 VmBusChannel=0x0"
"15:33:07.8224464","184","12852","3792","hContext=1073759680 hWindow=0x0 VidPnSourceId=0 FlipInterval=1 Flags=4198404 ReturnStatus=0 hSrcAllocHandle=0x800043c0 hDstAllocHandle=0x0"
"15:33:07.9180318","184","12852","3792","hContext=1073759680 hWindow=0x0 VidPnSourceId=0 FlipInterval=1 Flags=4198404 ReturnStatus=0 hSrcAllocHandle=0x40005c80 hDstAllocHandle=0x0"
"15:33:08.0148558","184","12852","3792","hContext=1073759680 hWindow=0x0 VidPnSourceId=0 FlipInterval=1 Flags=4198404 ReturnStatus=0 hSrcAllocHandle=0x40005e00 hDstAllocHandle=0x0"
"15:33:08.0192527","184","12852","3792","hContext=1073759680 hWindow=0x0 VidPnSourceId=0 FlipInterval=1 Flags=4198404 ReturnStatus=0 hSrcAllocHandle=0x800043c0 hDstAllocHandle=0x0"
"15:33:08.1267253","184","12852","3792","hContext=1073759680 hWindow=0x0 VidPnSourceId=0 FlipInterval=1 Flags=4198404 ReturnStatus=0 hSrcAllocHandle=0x40005c80 hDstAllocHandle=0x0"
"15:33:08.1349082","184","12852","3792","hContext=1073759680 hWindow=0x0 VidPnSourceId=0 FlipInterval=1 Flags=4198404 ReturnStatus=0 hSrcAllocHandle=0x40005e00 hDstAllocHandle=0x0"
"15:33:08.2346863","184","12852","3792","hContext=1073759680 hWindow=0x0 VidPnSourceId=0 FlipInterval=1 Flags=4198404 ReturnStatus=0 hSrcAllocHandle=0x800043c0 hDstAllocHandle=0x0"
"15:33:08.2513661","184","12852","3792","hContext=1073759680 hWindow=0x0 VidPnSourceId=0 FlipInterval=1 Flags=4198404 ReturnStatus=0 hSrcAllocHandle=0x40005c80 hDstAllocHandle=0x0"
"15:33:08.3452780","171","12852","13196","hAdapter=0xffff910e86eb4820 Token=0xffff810669b4d160 Model=7 TokenSize=0 TokenData=4432 Flags=0x0 CustomDuration=0 VmBusChannel=0x0"
"15:33:08.3452908","184","12852","13196","hContext=1073742528 hWindow=0x0 VidPnSourceId=0 FlipInterval=0 Flags=32768 ReturnStatus=0 hSrcAllocHandle=0x40000540 hDstAllocHandle=0x0"
"15:33:08.3454762","172","4","876","hAdapter=0xffff910e8cd5c000 Token=0xffff810669b4d160 Model=0 TokenSize=0 TokenData=0 Flags=0x0 CustomDuration=0 VmBusChannel=0x0"
"15:33:08.4888121","184","12852","3792","hContext=1073759680 hWindow=0x0 VidPnSourceId=0 FlipInterval=1 Flags=4198404 ReturnStatus=0 hSrcAllocHandle=0x40005e00 hDstAllocHandle=0x0"
"15:33:08.5012219","184","12852","3792","hContext=1073759680 hWindow=0x0 VidPnSourceId=0 FlipInterval=1 Flags=4198404 ReturnStatus=0 hSrcAllocHandle=0x800043c0 hDstAllocHandle=0x0"
"15:33:08.5660290","184","12852","3792","hContext=1073759680 hWindow=0x0 VidPnSourceId=0 FlipInterval=1 Flags=4198404 ReturnStatus=0 hSrcAllocHandle=0x40005c80 hDstAllocHandle=0x0"
"15:33:08.5677211","184","12852","3792","hContext=1073759680 hWindow=0x0 VidPnSourceId=0 FlipInterval=1 Flags=4198404 ReturnStatus=0 hSrcAllocHandle=0x40005e00 hDstAllocHandle=0x0"
"15:33:08.6724099","184","12852","3792","hContext=1073759680 hWindow=0x0 VidPnSourceId=0 FlipInterval=1 Flags=4198404 ReturnStatus=0 hSrcAllocHandle=0x800043c0 hDstAllocHandle=0x0"
"15:33:08.6848877","184","12852","3792","hContext=1073759680 hWindow=0x0 VidPnSourceId=0 FlipInterval=1 Flags=4198404 ReturnStatus=0 hSrcAllocHandle=0x40005c80 hDstAllocHandle=0x0"
"15:33:08.7813353","184","12852","3792","hContext=1073759680 hWindow=0x0 VidPnSourceId=0 FlipInterval=1 Flags=4198404 ReturnStatus=0 hSrcAllocHandle=0x40005e00 hDstAllocHandle=0x0"
"15:33:08.7856591","184","12852","3792","hContext=1073759680 hWindow=0x0 VidPnSourceId=0 FlipInterval=1 Flags=4198404 ReturnStatus=0 hSrcAllocHandle=0x800043c0 hDstAllocHandle=0x0"
"15:33:08.8977356","184","12852","3792","hContext=1073759680 hWindow=0x0 VidPnSourceId=0 FlipInterval=1 Flags=4198404 ReturnStatus=0 hSrcAllocHandle=0x40005c80 hDstAllocHandle=0x0"
"15:33:08.8985330","171","12852","13196","hAdapter=0xffff910e86eb4820 Token=0xffff810669b4d160 Model=7 TokenSize=0 TokenData=4316 Flags=0x0 CustomDuration=0 VmBusChannel=0x0"
"15:33:08.8985563","184","12852","13196","hContext=1073742528 hWindow=0x0 VidPnSourceId=0 FlipInterval=0 Flags=32768 ReturnStatus=0 hSrcAllocHandle=0x40000540 hDstAllocHandle=0x0"
"15:33:08.8988406","172","4","876","hAdapter=0xffff910e8cd5c000 Token=0xffff810669b4d160 Model=0 TokenSize=0 TokenData=0 Flags=0x0 CustomDuration=0 VmBusChannel=0x0"
"15:33:08.9037678","184","12852","3792","hContext=1073759680 hWindow=0x0 VidPnSourceId=0 FlipInterval=1 Flags=4198404 ReturnStatus=0 hSrcAllocHandle=0x40005e00 hDstAllocHandle=0x0"
"15:33:08.9187973","184","12852","3792","hContext=1073759680 hWindow=0x0 VidPnSourceId=0 FlipInterval=1 Flags=4198404 ReturnStatus=0 hSrcAllocHandle=0x800043c0 hDstAllocHandle=0x0"
"15:33:09.0053436","184","12852","3792","hContext=1073759680 hWindow=0x0 VidPnSourceId=0 FlipInterval=1 Flags=4198404 ReturnStatus=0 hSrcAllocHandle=0x40005c80 hDstAllocHandle=0x0"
"15:33:09.0186823","184","12852","3792","hContext=1073759680 hWindow=0x0 VidPnSourceId=0 FlipInterval=1 Flags=4198404 ReturnStatus=0 hSrcAllocHandle=0x40005e00 hDstAllocHandle=0x0"
"15:33:09.1135520","184","12852","3792","hContext=1073759680 hWindow=0x0 VidPnSourceId=0 FlipInterval=1 Flags=4198404 ReturnStatus=0 hSrcAllocHandle=0x800043c0 hDstAllocHandle=0x0"
"15:33:09.1190499","184","12852","3792","hContext=1073759680 hWindow=0x0 VidPnSourceId=0 FlipInterval=1 Flags=4198404 ReturnStatus=0 hSrcAllocHandle=0x40005c80 hDstAllocHandle=0x0"
"15:33:09.2164821","184","12852","3792","hContext=1073759680 hWindow=0x0 VidPnSourceId=0 FlipInterval=1 Flags=4198404 ReturnStatus=0 hSrcAllocHandle=0x40005e00 hDstAllocHandle=0x0"
"15:33:09.2200001","184","12852","3792","hContext=1073759680 hWindow=0x0 VidPnSourceId=0 FlipInterval=1 Flags=4198404 ReturnStatus=0 hSrcAllocHandle=0x800043c0 hDstAllocHandle=0x0"
"15:33:09.3318011","184","12852","3792","hContext=1073759680 hWindow=0x0 VidPnSourceId=0 FlipInterval=1 Flags=4198404 ReturnStatus=0 hSrcAllocHandle=0x40005c80 hDstAllocHandle=0x0"
"15:33:09.3357760","184","12852","3792","hContext=1073759680 hWindow=0x0 VidPnSourceId=0 FlipInterval=1 Flags=4198404 ReturnStatus=0 hSrcAllocHandle=0x40005e00 hDstAllocHandle=0x0"
"15:33:09.4083381","184","12852","3792","hContext=1073759680 hWindow=0x0 VidPnSourceId=0 FlipInterval=1 Flags=4198404 ReturnStatus=0 hSrcAllocHandle=0x800043c0 hDstAllocHandle=0x0"
"15:33:09.4398163","184","12852","3792","hContext=1073759680 hWindow=0x0 VidPnSourceId=0 FlipInterval=1 Flags=4198404 ReturnStatus=0 hSrcAllocHandle=0x40005c80 hDstAllocHandle=0x0"
"15:33:09.4399186","171","12852","13196","hAdapter=0xffff910e86eb4820 Token=0xffff810669b4d160 Model=7 TokenSize=0 TokenData=4440 Flags=0x0 CustomDuration=0 VmBusChannel=0x0"
"15:33:09.4399322","184","12852","13196","hContext=1073742528 hWindow=0x0 VidPnSourceId=0 FlipInterval=0 Flags=32768 ReturnStatus=0 hSrcAllocHandle=0x40000540 hDstAllocHandle=0x0"
"15:33:09.4401177","172","4","876","hAdapter=0xffff910e8cd5c000 Token=0xffff810669b4d160 Model=0 TokenSize=0 TokenData=0 Flags=0x0 CustomDuration=0 VmBusChannel=0x0"
"15:33:09.6719629","184","12852","3792","hContext=1073759680 hWindow=0x0 VidPnSourceId=0 FlipInterval=1 Flags=4198404 ReturnStatus=0 hSrcAllocHandle=0x40005e00 hDstAllocHandle=0x0"
"15:33:09.7674275","184","12852","3792","hContext=1073759680 hWindow=0x0 VidPnSourceId=0 FlipInterval=1 Flags=4198404 ReturnStatus=0 hSrcAllocHandle=0x800043c0 hDstAllocHandle=0x0"
"15:33:09.7686205","184","12852","3792","hContext=1073759680 hWindow=0x0 VidPnSourceId=0 FlipInterval=1 Flags=4198404 ReturnStatus=0 hSrcAllocHandle=0x40005c80 hDstAllocHandle=0x0"
"15:33:09.8741537","184","12852","3792","hContext=1073759680 hWindow=0x0 VidPnSourceId=0 FlipInterval=1 Flags=4198404 ReturnStatus=0 hSrcAllocHandle=0x40005e00 hDstAllocHandle=0x0"
"15:33:09.8863306","184","12852","3792","hContext=1073759680 hWindow=0x0 VidPnSourceId=0 FlipInterval=1 Flags=4198404 ReturnStatus=0 hSrcAllocHandle=0x800043c0 hDstAllocHandle=0x0"
"15:33:09.9092362","184","12852","3792","hContext=1073759680 hWindow=0x0 VidPnSourceId=0 FlipInterval=1 Flags=4198404 ReturnStatus=0 hSrcAllocHandle=0x40005c80 hDstAllocHandle=0x0"
"15:33:09.9909876","184","12852","3792","hContext=1073759680 hWindow=0x0 VidPnSourceId=0 FlipInterval=1 Flags=4198404 ReturnStatus=0 hSrcAllocHandle=0x40005e00 hDstAllocHandle=0x0"
"15:33:09.9916153","171","12852","13196","hAdapter=0xffff910e86eb4820 Token=0xffff810669b4d160 Model=7 TokenSize=0 TokenData=4416 Flags=0x0 CustomDuration=0 VmBusChannel=0x0"
"15:33:09.9916500","184","12852","13196","hContext=1073742528 hWindow=0x0 VidPnSourceId=0 FlipInterval=0 Flags=32768 ReturnStatus=0 hSrcAllocHandle=0x40000540 hDstAllocHandle=0x0"
"15:33:09.9918962","172","4","876","hAdapter=0xffff910e8cd5c000 Token=0xffff810669b4d160 Model=0 TokenSize=0 TokenData=0 Flags=0x0 CustomDuration=0 VmBusChannel=0x0"
"15:33:10.0051933","184","12852","3792","hContext=1073759680 hWindow=0x0 VidPnSourceId=0 FlipInterval=1 Flags=4198404 ReturnStatus=0 hSrcAllocHandle=0x800043c0 hDstAllocHandle=0x0"
"15:33:10.1040054","184","12852","3792","hContext=1073759680 hWindow=0x0 VidPnSourceId=0 FlipInterval=1 Flags=4198404 ReturnStatus=0 hSrcAllocHandle=0x40005c80 hDstAllocHandle=0x0"
"15:33:10.2027110","184","12852","3792","hContext=1073759680 hWindow=0x0 VidPnSourceId=0 FlipInterval=1 Flags=4198404 ReturnStatus=0 hSrcAllocHandle=0x40005e00 hDstAllocHandle=0x0"
"15:33:10.2195926","184","12852","3792","hContext=1073759680 hWindow=0x0 VidPnSourceId=0 FlipInterval=1 Flags=4198404 ReturnStatus=0 hSrcAllocHandle=0x800043c0 hDstAllocHandle=0x0"
"15:33:10.3146336","184","12852","3792","hContext=1073759680 hWindow=0x0 VidPnSourceId=0 FlipInterval=1 Flags=4198404 ReturnStatus=0 hSrcAllocHandle=0x40005c80 hDstAllocHandle=0x0"
"15:33:10.3199766","184","12852","3792","hContext=1073759680 hWindow=0x0 VidPnSourceId=0 FlipInterval=1 Flags=4198404 ReturnStatus=0 hSrcAllocHandle=0x40005e00 hDstAllocHandle=0x0"
"15:33:10.4246378","184","12852","3792","hContext=1073759680 hWindow=0x0 VidPnSourceId=0 FlipInterval=1 Flags=4198404 ReturnStatus=0 hSrcAllocHandle=0x800043c0 hDstAllocHandle=0x0"
"15:33:10.4368142","184","12852","3792","hContext=1073759680 hWindow=0x0 VidPnSourceId=0 FlipInterval=1 Flags=4198404 ReturnStatus=0 hSrcAllocHandle=0x40005c80 hDstAllocHandle=0x0"
"15:33:10.5341862","184","12852","3792","hContext=1073759680 hWindow=0x0 VidPnSourceId=0 FlipInterval=1 Flags=4198404 ReturnStatus=0 hSrcAllocHandle=0x40005e00 hDstAllocHandle=0x0"
"15:33:10.5347838","171","12852","13196","hAdapter=0xffff910e86eb4820 Token=0xffff810669b4d160 Model=7 TokenSize=0 TokenData=4316 Flags=0x0 CustomDuration=0 VmBusChannel=0x0"
"15:33:10.5348117","184","12852","13196","hContext=1073742528 hWindow=0x0 VidPnSourceId=0 FlipInterval=0 Flags=32768 ReturnStatus=0 hSrcAllocHandle=0x40000540 hDstAllocHandle=0x0"
"15:33:10.5351555","172","4","876","hAdapter=0xffff910e8cd5c000 Token=0xffff810669b4d160 Model=0 TokenSize=0 TokenData=0 Flags=0x0 CustomDuration=0 VmBusChannel=0x0"
"15:33:10.5395858","184","12852","3792","hContext=1073759680 hWindow=0x0 VidPnSourceId=0 FlipInterval=1 Flags=4198404 ReturnStatus=0 hSrcAllocHandle=0x800043c0 hDstAllocHandle=0x0"
"15:33:10.5545168","184","12852","3792","hContext=1073759680 hWindow=0x0 VidPnSourceId=0 FlipInterval=1 Flags=4198404 ReturnStatus=0 hSrcAllocHandle=0x40005c80 hDstAllocHandle=0x0"
"15:33:10.6398078","184","12852","3792","hContext=1073759680 hWindow=0x0 VidPnSourceId=0 FlipInterval=1 Flags=4198404 ReturnStatus=0 hSrcAllocHandle=0x40005e00 hDstAllocHandle=0x0"
"15:33:10.6530292","184","12852","3792","hContext=1073759680 hWindow=0x0 VidPnSourceId=0 FlipInterval=1 Flags=4198404 ReturnStatus=0 hSrcAllocHandle=0x800043c0 hDstAllocHandle=0x0"
"15:33:10.7489169","184","12852","3792","hContext=1073759680 hWindow=0x0 VidPnSourceId=0 FlipInterval=1 Flags=4198404 ReturnStatus=0 hSrcAllocHandle=0x40005c80 hDstAllocHandle=0x0"
"15:33:10.9884862","184","12852","3792","hContext=1073759680 hWindow=0x0 VidPnSourceId=0 FlipInterval=1 Flags=4198404 ReturnStatus=0 hSrcAllocHandle=0x40005e00 hDstAllocHandle=0x0"
"15:33:11.0816969","184","12852","3792","hContext=1073759680 hWindow=0x0 VidPnSourceId=0 FlipInterval=1 Flags=4198404 ReturnStatus=0 hSrcAllocHandle=0x800043c0 hDstAllocHandle=0x0"
"15:33:11.0826463","171","12852","13196","hAdapter=0xffff910e86eb4820 Token=0xffff810669b4d160 Model=7 TokenSize=0 TokenData=4444 Flags=0x0 CustomDuration=0 VmBusChannel=0x0"
"15:33:11.0826823","184","12852","13196","hContext=1073742528 hWindow=0x0 VidPnSourceId=0 FlipInterval=0 Flags=32768 ReturnStatus=0 hSrcAllocHandle=0x40000540 hDstAllocHandle=0x0"
"15:33:11.0828763","172","4","876","hAdapter=0xffff910e8cd5c000 Token=0xffff810669b4d160 Model=0 TokenSize=0 TokenData=0 Flags=0x0 CustomDuration=0 VmBusChannel=0x0"
"15:33:11.0889212","184","12852","3792","hContext=1073759680 hWindow=0x0 VidPnSourceId=0 FlipInterval=1 Flags=4198404 ReturnStatus=0 hSrcAllocHandle=0x40005c80 hDstAllocHandle=0x0"
"15:33:11.1035462","184","12852","3792","hContext=1073759680 hWindow=0x0 VidPnSourceId=0 FlipInterval=1 Flags=4198404 ReturnStatus=0 hSrcAllocHandle=0x40005e00 hDstAllocHandle=0x0"
"15:33:11.1885756","184","12852","3792","hContext=1073759680 hWindow=0x0 VidPnSourceId=0 FlipInterval=1 Flags=4198404 ReturnStatus=0 hSrcAllocHandle=0x800043c0 hDstAllocHandle=0x0"
"15:33:11.2032717","184","12852","3792","hContext=1073759680 hWindow=0x0 VidPnSourceId=0 FlipInterval=1 Flags=4198404 ReturnStatus=0 hSrcAllocHandle=0x40005c80 hDstAllocHandle=0x0"
"15:33:11.3002315","184","12852","3792","hContext=1073759680 hWindow=0x0 VidPnSourceId=0 FlipInterval=1 Flags=4198404 ReturnStatus=0 hSrcAllocHandle=0x40005e00 hDstAllocHandle=0x0"
"15:33:11.3034469","184","12852","3792","hContext=1073759680 hWindow=0x0 VidPnSourceId=0 FlipInterval=1 Flags=4198404 ReturnStatus=0 hSrcAllocHandle=0x800043c0 hDstAllocHandle=0x0"
"15:33:11.4078280","184","12852","3792","hContext=1073759680 hWindow=0x0 VidPnSourceId=0 FlipInterval=1 Flags=4198404 ReturnStatus=0 hSrcAllocHandle=0x40005c80 hDstAllocHandle=0x0"
"15:33:11.4205300","184","12852","3792","hContext=1073759680 hWindow=0x0 VidPnSourceId=0 FlipInterval=1 Flags=4198404 ReturnStatus=0 hSrcAllocHandle=0x40005e00 hDstAllocHandle=0x0"
"15:33:11.5148458","184","12852","3792","hContext=1073759680 hWindow=0x0 VidPnSourceId=0 FlipInterval=1 Flags=4198404 ReturnStatus=0 hSrcAllocHandle=0x800043c0 hDstAllocHandle=0x0"
"15:33:11.5202662","184","12852","3792","hContext=1073759680 hWindow=0x0 VidPnSourceId=0 FlipInterval=1 Flags=4198404 ReturnStatus=0 hSrcAllocHandle=0x40005c80 hDstAllocHandle=0x0"
"15:33:11.6258531","171","12852","13196","hAdapter=0xffff910e86eb4820 Token=0xffff810669b4d160 Model=7 TokenSize=0 TokenData=4480 Flags=0x0 CustomDuration=0 VmBusChannel=0x0"
"15:33:11.6258607","184","12852","3792","hContext=1073759680 hWindow=0x0 VidPnSourceId=0 FlipInterval=1 Flags=4198404 ReturnStatus=0 hSrcAllocHandle=0x40005e00 hDstAllocHandle=0x0"
"15:33:11.6258665","184","12852","13196","hContext=1073742528 hWindow=0x0 VidPnSourceId=0 FlipInterval=0 Flags=32768 ReturnStatus=0 hSrcAllocHandle=0x40000540 hDstAllocHandle=0x0"
"15:33:11.6260248","172","4","876","hAdapter=0xffff910e8cd5c000 Token=0xffff810669b4d160 Model=0 TokenSize=0 TokenData=0 Flags=0x0 CustomDuration=0 VmBusChannel=0x0"
"15:33:11.6388686","184","12852","3792","hContext=1073759680 hWindow=0x0 VidPnSourceId=0 FlipInterval=1 Flags=4198404 ReturnStatus=0 hSrcAllocHandle=0x800043c0 hDstAllocHandle=0x0"
"15:33:11.7372515","184","12852","3792","hContext=1073759680 hWindow=0x0 VidPnSourceId=0 FlipInterval=1 Flags=4198404 ReturnStatus=0 hSrcAllocHandle=0x40005c80 hDstAllocHandle=0x0"
"15:33:11.8473407","184","12852","3792","hContext=1073759680 hWindow=0x0 VidPnSourceId=0 FlipInterval=1 Flags=4198404 ReturnStatus=0 hSrcAllocHandle=0x40005e00 hDstAllocHandle=0x0"
"15:33:11.8542417","184","12852","3792","hContext=1073759680 hWindow=0x0 VidPnSourceId=0 FlipInterval=1 Flags=4198404 ReturnStatus=0 hSrcAllocHandle=0x800043c0 hDstAllocHandle=0x0"
"15:33:11.9105153","184","12852","3792","hContext=1073759680 hWindow=0x0 VidPnSourceId=0 FlipInterval=1 Flags=4198404 ReturnStatus=0 hSrcAllocHandle=0x40005c80 hDstAllocHandle=0x0"
"15:33:11.9548987","184","12852","3792","hContext=1073759680 hWindow=0x0 VidPnSourceId=0 FlipInterval=1 Flags=4198404 ReturnStatus=0 hSrcAllocHandle=0x40005e00 hDstAllocHandle=0x0"
"15:33:11.9707215","184","12852","3792","hContext=1073759680 hWindow=0x0 VidPnSourceId=0 FlipInterval=1 Flags=4198404 ReturnStatus=0 hSrcAllocHandle=0x800043c0 hDstAllocHandle=0x0"
"15:33:12.0675347","184","12852","3792","hContext=1073759680 hWindow=0x0 VidPnSourceId=0 FlipInterval=1 Flags=4198404 ReturnStatus=0 hSrcAllocHandle=0x40005c80 hDstAllocHandle=0x0"
"15:33:12.1809353","171","12852","13196","hAdapter=0xffff910e86eb4820 Token=0xffff810669b4d160 Model=7 TokenSize=0 TokenData=4492 Flags=0x0 CustomDuration=0 VmBusChannel=0x0"
"15:33:12.1809480","184","12852","13196","hContext=1073742528 hWindow=0x0 VidPnSourceId=0 FlipInterval=0 Flags=32768 ReturnStatus=0 hSrcAllocHandle=0x40000540 hDstAllocHandle=0x0"
"15:33:12.1811494","172","4","876","hAdapter=0xffff910e8cd5c000 Token=0xffff810669b4d160 Model=0 TokenSize=0 TokenData=0 Flags=0x0 CustomDuration=0 VmBusChannel=0x0"
"15:33:12.3028756","184","12852","3792","hContext=1073759680 hWindow=0x0 VidPnSourceId=0 FlipInterval=1 Flags=4198404 ReturnStatus=0 hSrcAllocHandle=0x40005e00 hDstAllocHandle=0x0"
"15:33:12.3213004","184","12852","3792","hContext=1073759680 hWindow=0x0 VidPnSourceId=0 FlipInterval=1 Flags=4198404 ReturnStatus=0 hSrcAllocHandle=0x800043c0 hDstAllocHandle=0x0"
"15:33:12.3935630","184","12852","3792","hContext=1073759680 hWindow=0x0 VidPnSourceId=0 FlipInterval=1 Flags=4198404 ReturnStatus=0 hSrcAllocHandle=0x40005c80 hDstAllocHandle=0x0"
"15:33:12.4044650","184","12852","3792","hContext=1073759680 hWindow=0x0 VidPnSourceId=0 FlipInterval=1 Flags=4198404 ReturnStatus=0 hSrcAllocHandle=0x40005e00 hDstAllocHandle=0x0"
"15:33:12.4996149","184","12852","3792","hContext=1073759680 hWindow=0x0 VidPnSourceId=0 FlipInterval=1 Flags=4198404 ReturnStatus=0 hSrcAllocHandle=0x800043c0 hDstAllocHandle=0x0"
"15:33:12.5048766","184","12852","3792","hContext=1073759680 hWindow=0x0 VidPnSourceId=0 FlipInterval=1 Flags=4198404 ReturnStatus=0 hSrcAllocHandle=0x40005c80 hDstAllocHandle=0x0"
"15:33:12.6121646","184","12852","3792","hContext=1073759680 hWindow=0x0 VidPnSourceId=0 FlipInterval=1 Flags=4198404 ReturnStatus=0 hSrcAllocHandle=0x40005e00 hDstAllocHandle=0x0"
"15:33:12.6214158","184","12852","3792","hContext=1073759680 hWindow=0x0 VidPnSourceId=0 FlipInterval=1 Flags=4198404 ReturnStatus=0 hSrcAllocHandle=0x800043c0 hDstAllocHandle=0x0"
"15:33:12.7186551","184","12852","3792","hContext=1073759680 hWindow=0x0 VidPnSourceId=0 FlipInterval=1 Flags=4198404 ReturnStatus=0 hSrcAllocHandle=0x40005c80 hDstAllocHandle=0x0"
"15:33:12.7190864","171","12852","13196","hAdapter=0xffff910e86eb4820 Token=0xffff810669b4d160 Model=7 TokenSize=0 TokenData=4504 Flags=0x0 CustomDuration=0 VmBusChannel=0x0"
"15:33:12.7191002","184","12852","13196","hContext=1073742528 hWindow=0x0 VidPnSourceId=0 FlipInterval=0 Flags=32768 ReturnStatus=0 hSrcAllocHandle=0x40000540 hDstAllocHandle=0x0"
"15:33:12.7192627","172","4","876","hAdapter=0xffff910e8cd5c000 Token=0xffff810669b4d160 Model=0 TokenSize=0 TokenData=0 Flags=0x0 CustomDuration=0 VmBusChannel=0x0"
"15:33:12.7227908","184","12852","3792","hContext=1073759680 hWindow=0x0 VidPnSourceId=0 FlipInterval=1 Flags=4198404 ReturnStatus=0 hSrcAllocHandle=0x40005e00 hDstAllocHandle=0x0"
"15:33:12.7401565","184","12852","3792","hContext=1073759680 hWindow=0x0 VidPnSourceId=0 FlipInterval=1 Flags=4198404 ReturnStatus=0 hSrcAllocHandle=0x800043c0 hDstAllocHandle=0x0"
"15:33:12.8279217","184","12852","3792","hContext=1073759680 hWindow=0x0 VidPnSourceId=0 FlipInterval=1 Flags=4198404 ReturnStatus=0 hSrcAllocHandle=0x40005c80 hDstAllocHandle=0x0"
"15:33:12.8383500","184","12852","3792","hContext=1073759680 hWindow=0x0 VidPnSourceId=0 FlipInterval=1 Flags=4198404 ReturnStatus=0 hSrcAllocHandle=0x40005e00 hDstAllocHandle=0x0"
"15:33:12.9075232","184","12852","3792","hContext=1073759680 hWindow=0x0 VidPnSourceId=0 FlipInterval=1 Flags=4198404 ReturnStatus=0 hSrcAllocHandle=0x800043c0 hDstAllocHandle=0x0"
"15:33:12.9360090","184","12852","3792","hContext=1073759680 hWindow=0x0 VidPnSourceId=0 FlipInterval=1 Flags=4198404 ReturnStatus=0 hSrcAllocHandle=0x40005c80 hDstAllocHandle=0x0"
"15:33:12.9382047","184","12852","3792","hContext=1073759680 hWindow=0x0 VidPnSourceId=0 FlipInterval=1 Flags=4198404 ReturnStatus=0 hSrcAllocHandle=0x40005e00 hDstAllocHandle=0x0"
"15:33:13.0478198","184","12852","3792","hContext=1073759680 hWindow=0x0 VidPnSourceId=0 FlipInterval=1 Flags=4198404 ReturnStatus=0 hSrcAllocHandle=0x800043c0 hDstAllocHandle=0x0"
"15:33:13.0552102","184","12852","3792","hContext=1073759680 hWindow=0x0 VidPnSourceId=0 FlipInterval=1 Flags=4198404 ReturnStatus=0 hSrcAllocHandle=0x40005c80 hDstAllocHandle=0x0"
"15:33:13.1563298","184","12852","3792","hContext=1073759680 hWindow=0x0 VidPnSourceId=0 FlipInterval=1 Flags=4198404 ReturnStatus=0 hSrcAllocHandle=0x40005e00 hDstAllocHandle=0x0"
"15:33:13.1716897","184","12852","3792","hContext=1073759680 hWindow=0x0 VidPnSourceId=0 FlipInterval=1 Flags=4198404 ReturnStatus=0 hSrcAllocHandle=0x800043c0 hDstAllocHandle=0x0"
"15:33:13.2728305","184","12852","3792","hContext=1073759680 hWindow=0x0 VidPnSourceId=0 FlipInterval=1 Flags=4198404 ReturnStatus=0 hSrcAllocHandle=0x40005c80 hDstAllocHandle=0x0"
"15:33:13.2735339","171","12852","13196","hAdapter=0xffff910e86eb4820 Token=0xffff810669b4d160 Model=7 TokenSize=0 TokenData=4508 Flags=0x0 CustomDuration=0 VmBusChannel=0x0"
"15:33:13.2735496","184","12852","13196","hContext=1073742528 hWindow=0x0 VidPnSourceId=0 FlipInterval=0 Flags=32768 ReturnStatus=0 hSrcAllocHandle=0x40000540 hDstAllocHandle=0x0"
"15:33:13.2735617","172","4","880","hAdapter=0xffff910e8cd5c000 Token=0xffff810669b4d160 Model=0 TokenSize=0 TokenData=0 Flags=0x0 CustomDuration=0 VmBusChannel=0x0"
"15:33:13.5079643","184","12852","3792","hContext=1073759680 hWindow=0x0 VidPnSourceId=0 FlipInterval=1 Flags=4198404 ReturnStatus=0 hSrcAllocHandle=0x40005e00 hDstAllocHandle=0x0"
"15:33:13.5967068","184","12852","3792","hContext=1073759680 hWindow=0x0 VidPnSourceId=0 FlipInterval=1 Flags=4198404 ReturnStatus=0 hSrcAllocHandle=0x800043c0 hDstAllocHandle=0x0"
"15:33:13.6054799","184","12852","3792","hContext=1073759680 hWindow=0x0 VidPnSourceId=0 FlipInterval=1 Flags=4198404 ReturnStatus=0 hSrcAllocHandle=0x40005c80 hDstAllocHandle=0x0"
"15:33:13.7054778","184","12852","3792","hContext=1073759680 hWindow=0x0 VidPnSourceId=0 FlipInterval=1 Flags=4198404 ReturnStatus=0 hSrcAllocHandle=0x40005e00 hDstAllocHandle=0x0"
"15:33:13.7226469","184","12852","3792","hContext=1073759680 hWindow=0x0 VidPnSourceId=0 FlipInterval=1 Flags=4198404 ReturnStatus=0 hSrcAllocHandle=0x800043c0 hDstAllocHandle=0x0"
"15:33:13.8167748","184","12852","3792","hContext=1073759680 hWindow=0x0 VidPnSourceId=0 FlipInterval=1 Flags=4198404 ReturnStatus=0 hSrcAllocHandle=0x40005c80 hDstAllocHandle=0x0"
"15:33:13.8177316","171","12852","13196","hAdapter=0xffff910e86eb4820 Token=0xffff810669b4d160 Model=7 TokenSize=0 TokenData=4496 Flags=0x0 CustomDuration=0 VmBusChannel=0x0"
"15:33:13.8177543","184","12852","13196","hContext=1073742528 hWindow=0x0 VidPnSourceId=0 FlipInterval=0 Flags=32768 ReturnStatus=0 hSrcAllocHandle=0x40000540 hDstAllocHandle=0x0"
"15:33:13.8181070","172","4","876","hAdapter=0xffff910e8cd5c000 Token=0xffff810669b4d160 Model=0 TokenSize=0 TokenData=0 Flags=0x0 CustomDuration=0 VmBusChannel=0x0"
"15:33:13.8249550","184","12852","3792","hContext=1073759680 hWindow=0x0 VidPnSourceId=0 FlipInterval=1 Flags=4198404 ReturnStatus=0 hSrcAllocHandle=0x40005e00 hDstAllocHandle=0x0"
"15:33:13.8395686","184","12852","3792","hContext=1073759680 hWindow=0x0 VidPnSourceId=0 FlipInterval=1 Flags=4198404 ReturnStatus=0 hSrcAllocHandle=0x800043c0 hDstAllocHandle=0x0"
"15:33:13.9116198","184","12852","3792","hContext=1073759680 hWindow=0x0 VidPnSourceId=0 FlipInterval=1 Flags=4198404 ReturnStatus=0 hSrcAllocHandle=0x40005c80 hDstAllocHandle=0x0"
"15:33:13.9223201","184","12852","3792","hContext=1073759680 hWindow=0x0 VidPnSourceId=0 FlipInterval=1 Flags=4198404 ReturnStatus=0 hSrcAllocHandle=0x40005e00 hDstAllocHandle=0x0"
"15:33:14.0336687","184","12852","3792","hContext=1073759680 hWindow=0x0 VidPnSourceId=0 FlipInterval=1 Flags=4198404 ReturnStatus=0 hSrcAllocHandle=0x800043c0 hDstAllocHandle=0x0"
"15:33:14.0394511","184","12852","3792","hContext=1073759680 hWindow=0x0 VidPnSourceId=0 FlipInterval=1 Flags=4198404 ReturnStatus=0 hSrcAllocHandle=0x40005c80 hDstAllocHandle=0x0"
"15:33:14.1418675","184","12852","3792","hContext=1073759680 hWindow=0x0 VidPnSourceId=0 FlipInterval=1 Flags=4198404 ReturnStatus=0 hSrcAllocHandle=0x40005e00 hDstAllocHandle=0x0"
"15:33:14.1565945","184","12852","3792","hContext=1073759680 hWindow=0x0 VidPnSourceId=0 FlipInterval=1 Flags=4198404 ReturnStatus=0 hSrcAllocHandle=0x800043c0 hDstAllocHandle=0x0"
"15:33:14.2539767","184","12852","3792","hContext=1073759680 hWindow=0x0 VidPnSourceId=0 FlipInterval=1 Flags=4198404 ReturnStatus=0 hSrcAllocHandle=0x40005c80 hDstAllocHandle=0x0"
"15:33:14.2559558","184","12852","3792","hContext=1073759680 hWindow=0x0 VidPnSourceId=0 FlipInterval=1 Flags=4198404 ReturnStatus=0 hSrcAllocHandle=0x40005e00 hDstAllocHandle=0x0"
"15:33:14.3655257","184","12852","3792","hContext=1073759680 hWindow=0x0 VidPnSourceId=0 FlipInterval=1 Flags=4198404 ReturnStatus=0 hSrcAllocHandle=0x800043c0 hDstAllocHandle=0x0"
"15:33:14.3656178","171","12852","13196","hAdapter=0xffff910e86eb4820 Token=0xffff810669b4d160 Model=7 TokenSize=0 TokenData=4440 Flags=0x0 CustomDuration=0 VmBusChannel=0x0"
"15:33:14.3656346","184","12852","13196","hContext=1073742528 hWindow=0x0 VidPnSourceId=0 FlipInterval=0 Flags=32768 ReturnStatus=0 hSrcAllocHandle=0x40000540 hDstAllocHandle=0x0"
"15:33:14.3657987","172","4","876","hAdapter=0xffff910e8cd5c000 Token=0xffff810669b4d160 Model=0 TokenSize=0 TokenData=0 Flags=0x0 CustomDuration=0 VmBusChannel=0x0"
"15:33:14.3748630","184","12852","3792","hContext=1073759680 hWindow=0x0 VidPnSourceId=0 FlipInterval=1 Flags=4198404 ReturnStatus=0 hSrcAllocHandle=0x40005c80 hDstAllocHandle=0x0"
"15:33:14.4737586","184","12852","3792","hContext=1073759680 hWindow=0x0 VidPnSourceId=0 FlipInterval=1 Flags=4198404 ReturnStatus=0 hSrcAllocHandle=0x40005e00 hDstAllocHandle=0x0"
"15:33:14.5783781","184","12852","3792","hContext=1073759680 hWindow=0x0 VidPnSourceId=0 FlipInterval=1 Flags=4198404 ReturnStatus=0 hSrcAllocHandle=0x800043c0 hDstAllocHandle=0x0"
"15:33:14.8277251","184","12852","3792","hContext=1073759680 hWindow=0x0 VidPnSourceId=0 FlipInterval=1 Flags=4198404 ReturnStatus=0 hSrcAllocHandle=0x40005c80 hDstAllocHandle=0x0"
"15:33:14.8400366","184","12852","3792","hContext=1073759680 hWindow=0x0 VidPnSourceId=0 FlipInterval=1 Flags=4198404 ReturnStatus=0 hSrcAllocHandle=0x40005e00 hDstAllocHandle=0x0"
"15:33:14.9091850","184","12852","3792","hContext=1073759680 hWindow=0x0 VidPnSourceId=0 FlipInterval=1 Flags=4198404 ReturnStatus=0 hSrcAllocHandle=0x800043c0 hDstAllocHandle=0x0"
"15:33:14.9109776","171","12852","13196","hAdapter=0xffff910e86eb4820 Token=0xffff810669b4d160 Model=7 TokenSize=0 TokenData=4364 Flags=0x0 CustomDuration=0 VmBusChannel=0x0"
"15:33:14.9109951","184","12852","13196","hContext=1073742528 hWindow=0x0 VidPnSourceId=0 FlipInterval=0 Flags=32768 ReturnStatus=0 hSrcAllocHandle=0x40000540 hDstAllocHandle=0x0"
"15:33:14.9110093","172","4","880","hAdapter=0xffff910e8cd5c000 Token=0xffff810669b4d160 Model=0 TokenSize=0 TokenData=0 Flags=0x0 CustomDuration=0 VmBusChannel=0x0"
"15:33:14.9275414","184","12852","3792","hContext=1073759680 hWindow=0x0 VidPnSourceId=0 FlipInterval=1 Flags=4198404 ReturnStatus=0 hSrcAllocHandle=0x40005c80 hDstAllocHandle=0x0"
"15:33:15.0243700","184","12852","3792","hContext=1073759680 hWindow=0x0 VidPnSourceId=0 FlipInterval=1 Flags=4198404 ReturnStatus=0 hSrcAllocHandle=0x40005e00 hDstAllocHandle=0x0"
"15:33:15.1266748","184","12852","3792","hContext=1073759680 hWindow=0x0 VidPnSourceId=0 FlipInterval=1 Flags=4198404 ReturnStatus=0 hSrcAllocHandle=0x800043c0 hDstAllocHandle=0x0"
"15:33:15.1406430","184","12852","3792","hContext=1073759680 hWindow=0x0 VidPnSourceId=0 FlipInterval=1 Flags=4198404 ReturnStatus=0 hSrcAllocHandle=0x40005c80 hDstAllocHandle=0x0"
"15:33:15.2368081","184","12852","3792","hContext=1073759680 hWindow=0x0 VidPnSourceId=0 FlipInterval=1 Flags=4198404 ReturnStatus=0 hSrcAllocHandle=0x40005e00 hDstAllocHandle=0x0"
"15:33:15.2407492","184","12852","3792","hContext=1073759680 hWindow=0x0 VidPnSourceId=0 FlipInterval=1 Flags=4198404 ReturnStatus=0 hSrcAllocHandle=0x800043c0 hDstAllocHandle=0x0"
"15:33:15.3418124","184","12852","3792","hContext=1073759680 hWindow=0x0 VidPnSourceId=0 FlipInterval=1 Flags=4198404 ReturnStatus=0 hSrcAllocHandle=0x40005c80 hDstAllocHandle=0x0"
"15:33:15.3568045","184","12852","3792","hContext=1073759680 hWindow=0x0 VidPnSourceId=0 FlipInterval=1 Flags=4198404 ReturnStatus=0 hSrcAllocHandle=0x40005e00 hDstAllocHandle=0x0"
"15:33:15.4545848","184","12852","3792","hContext=1073759680 hWindow=0x0 VidPnSourceId=0 FlipInterval=1 Flags=4198404 ReturnStatus=0 hSrcAllocHandle=0x800043c0 hDstAllocHandle=0x0"
"15:33:15.4547269","171","12852","13196","hAdapter=0xffff910e86eb4820 Token=0xffff810669b4d160 Model=7 TokenSize=0 TokenData=4492 Flags=0x0 CustomDuration=0 VmBusChannel=0x0"
"15:33:15.4547431","184","12852","13196","hContext=1073742528 hWindow=0x0 VidPnSourceId=0 FlipInterval=0 Flags=32768 ReturnStatus=0 hSrcAllocHandle=0x40000540 hDstAllocHandle=0x0"
"15:33:15.4549113","172","4","876","hAdapter=0xffff910e8cd5c000 Token=0xffff810669b4d160 Model=0 TokenSize=0 TokenData=0 Flags=0x0 CustomDuration=0 VmBusChannel=0x0"
"15:33:15.4617666","184","12852","3792","hContext=1073759680 hWindow=0x0 VidPnSourceId=0 FlipInterval=1 Flags=4198404 ReturnStatus=0 hSrcAllocHandle=0x40005c80 hDstAllocHandle=0x0"
"15:33:15.4740672","184","12852","3792","hContext=1073759680 hWindow=0x0 VidPnSourceId=0 FlipInterval=1 Flags=4198404 ReturnStatus=0 hSrcAllocHandle=0x40005e00 hDstAllocHandle=0x0"
"15:33:15.5673172","184","12852","3792","hContext=1073759680 hWindow=0x0 VidPnSourceId=0 FlipInterval=1 Flags=4198404 ReturnStatus=0 hSrcAllocHandle=0x800043c0 hDstAllocHandle=0x0"
"15:33:15.5743410","184","12852","3792","hContext=1073759680 hWindow=0x0 VidPnSourceId=0 FlipInterval=1 Flags=4198404 ReturnStatus=0 hSrcAllocHandle=0x40005c80 hDstAllocHandle=0x0"
"15:33:15.6704475","184","12852","3792","hContext=1073759680 hWindow=0x0 VidPnSourceId=0 FlipInterval=1 Flags=4198404 ReturnStatus=0 hSrcAllocHandle=0x40005e00 hDstAllocHandle=0x0"
"15:33:15.6735681","184","12852","3792","hContext=1073759680 hWindow=0x0 VidPnSourceId=0 FlipInterval=1 Flags=4198404 ReturnStatus=0 hSrcAllocHandle=0x800043c0 hDstAllocHandle=0x0"
"15:33:15.7872871","184","12852","3792","hContext=1073759680 hWindow=0x0 VidPnSourceId=0 FlipInterval=1 Flags=4198404 ReturnStatus=0 hSrcAllocHandle=0x40005c80 hDstAllocHandle=0x0"
"15:33:15.7912157","184","12852","3792","hContext=1073759680 hWindow=0x0 VidPnSourceId=0 FlipInterval=1 Flags=4198404 ReturnStatus=0 hSrcAllocHandle=0x40005e00 hDstAllocHandle=0x0"
"15:33:15.8939718","184","12852","3792","hContext=1073759680 hWindow=0x0 VidPnSourceId=0 FlipInterval=1 Flags=4198404 ReturnStatus=0 hSrcAllocHandle=0x800043c0 hDstAllocHandle=0x0"
"15:33:16.0000919","171","12852","13196","hAdapter=0xffff910e86eb4820 Token=0xffff810669b4d160 Model=7 TokenSize=0 TokenData=4488 Flags=0x0 CustomDuration=0 VmBusChannel=0x0"
"15:33:16.0001082","184","12852","13196","hContext=1073742528 hWindow=0x0 VidPnSourceId=0 FlipInterval=0 Flags=32768 ReturnStatus=0 hSrcAllocHandle=0x40000540 hDstAllocHandle=0x0"
"15:33:16.0001373","172","4","880","hAdapter=0xffff910e8cd5c000 Token=0xffff810669b4d160 Model=0 TokenSize=0 TokenData=0 Flags=0x0 CustomDuration=0 VmBusChannel=0x0"
"15:33:16.1373384","184","12852","3792","hContext=1073759680 hWindow=0x0 VidPnSourceId=0 FlipInterval=1 Flags=4198404 ReturnStatus=0 hSrcAllocHandle=0x40005c80 hDstAllocHandle=0x0"
"15:33:16.1413011","184","12852","3792","hContext=1073759680 hWindow=0x0 VidPnSourceId=0 FlipInterval=1 Flags=4198404 ReturnStatus=0 hSrcAllocHandle=0x40005e00 hDstAllocHandle=0x0"
"15:33:16.2215978","184","12852","3792","hContext=1073759680 hWindow=0x0 VidPnSourceId=0 FlipInterval=1 Flags=4198404 ReturnStatus=0 hSrcAllocHandle=0x800043c0 hDstAllocHandle=0x0"
"15:33:16.2249298","184","12852","3792","hContext=1073759680 hWindow=0x0 VidPnSourceId=0 FlipInterval=1 Flags=4198404 ReturnStatus=0 hSrcAllocHandle=0x40005c80 hDstAllocHandle=0x0"
"15:33:16.3319266","184","12852","3792","hContext=1073759680 hWindow=0x0 VidPnSourceId=0 FlipInterval=1 Flags=4198404 ReturnStatus=0 hSrcAllocHandle=0x40005e00 hDstAllocHandle=0x0"
"15:33:16.3416353","184","12852","3792","hContext=1073759680 hWindow=0x0 VidPnSourceId=0 FlipInterval=1 Flags=4198404 ReturnStatus=0 hSrcAllocHandle=0x800043c0 hDstAllocHandle=0x0"
"15:33:16.4378742","184","12852","3792","hContext=1073759680 hWindow=0x0 VidPnSourceId=0 FlipInterval=1 Flags=4198404 ReturnStatus=0 hSrcAllocHandle=0x40005c80 hDstAllocHandle=0x0"
"15:33:16.4417754","184","12852","3792","hContext=1073759680 hWindow=0x0 VidPnSourceId=0 FlipInterval=1 Flags=4198404 ReturnStatus=0 hSrcAllocHandle=0x40005e00 hDstAllocHandle=0x0"
"15:33:16.5511450","184","12852","3792","hContext=1073759680 hWindow=0x0 VidPnSourceId=0 FlipInterval=1 Flags=4198404 ReturnStatus=0 hSrcAllocHandle=0x800043c0 hDstAllocHandle=0x0"
"15:33:16.5511707","171","12852","13196","hAdapter=0xffff910e86eb4820 Token=0xffff810669b4d160 Model=7 TokenSize=0 TokenData=4440 Flags=0x0 CustomDuration=0 VmBusChannel=0x0"
"15:33:16.5511894","184","12852","13196","hContext=1073742528 hWindow=0x0 VidPnSourceId=0 FlipInterval=0 Flags=32768 ReturnStatus=0 hSrcAllocHandle=0x40000540 hDstAllocHandle=0x0"
"15:33:16.5513687","172","4","876","hAdapter=0xffff910e8cd5c000 Token=0xffff810669b4d160 Model=0 TokenSize=0 TokenData=0 Flags=0x0 CustomDuration=0 VmBusChannel=0x0"
"15:33:16.5598108","184","12852","3792","hContext=1073759680 hWindow=0x0 VidPnSourceId=0 FlipInterval=1 Flags=4198404 ReturnStatus=0 hSrcAllocHandle=0x40005c80 hDstAllocHandle=0x0"
"15:33:16.6591905","184","12852","3792","hContext=1073759680 hWindow=0x0 VidPnSourceId=0 FlipInterval=1 Flags=4198404 ReturnStatus=0 hSrcAllocHandle=0x40005e00 hDstAllocHandle=0x0"
"15:33:16.7703099","184","12852","3792","hContext=1073759680 hWindow=0x0 VidPnSourceId=0 FlipInterval=1 Flags=4198404 ReturnStatus=0 hSrcAllocHandle=0x800043c0 hDstAllocHandle=0x0"
"15:33:16.7753471","184","12852","3792","hContext=1073759680 hWindow=0x0 VidPnSourceId=0 FlipInterval=1 Flags=4198404 ReturnStatus=0 hSrcAllocHandle=0x40005c80 hDstAllocHandle=0x0"
"15:33:16.8742719","184","12852","3792","hContext=1073759680 hWindow=0x0 VidPnSourceId=0 FlipInterval=1 Flags=4198404 ReturnStatus=0 hSrcAllocHandle=0x40005e00 hDstAllocHandle=0x0"
"15:33:16.8918296","184","12852","3792","hContext=1073759680 hWindow=0x0 VidPnSourceId=0 FlipInterval=1 Flags=4198404 ReturnStatus=0 hSrcAllocHandle=0x800043c0 hDstAllocHandle=0x0"
"15:33:16.9843200","184","12852","3792","hContext=1073759680 hWindow=0x0 VidPnSourceId=0 FlipInterval=1 Flags=4198404 ReturnStatus=0 hSrcAllocHandle=0x40005c80 hDstAllocHandle=0x0"
"15:33:16.9922679","184","12852","3792","hContext=1073759680 hWindow=0x0 VidPnSourceId=0 FlipInterval=1 Flags=4198404 ReturnStatus=0 hSrcAllocHandle=0x40005e00 hDstAllocHandle=0x0"
"15:33:17.0957033","184","12852","3792","hContext=1073759680 hWindow=0x0 VidPnSourceId=0 FlipInterval=1 Flags=4198404 ReturnStatus=0 hSrcAllocHandle=0x800043c0 hDstAllocHandle=0x0"
"15:33:17.0966529","171","12852","13196","hAdapter=0xffff910e86eb4820 Token=0xffff810669b4d160 Model=7 TokenSize=0 TokenData=4440 Flags=0x0 CustomDuration=0 VmBusChannel=0x0"
"15:33:17.0966819","184","12852","13196","hContext=1073742528 hWindow=0x0 VidPnSourceId=0 FlipInterval=0 Flags=32768 ReturnStatus=0 hSrcAllocHandle=0x40000540 hDstAllocHandle=0x0"
"15:33:17.0969630","172","4","876","hAdapter=0xffff910e8cd5c000 Token=0xffff810669b4d160 Model=0 TokenSize=0 TokenData=0 Flags=0x0 CustomDuration=0 VmBusChannel=0x0"
"15:33:17.1132221","184","12852","3792","hContext=1073759680 hWindow=0x0 VidPnSourceId=0 FlipInterval=1 Flags=4198404 ReturnStatus=0 hSrcAllocHandle=0x40005c80 hDstAllocHandle=0x0"
"15:33:17.2095786","184","12852","3792","hContext=1073759680 hWindow=0x0 VidPnSourceId=0 FlipInterval=1 Flags=4198404 ReturnStatus=0 hSrcAllocHandle=0x40005e00 hDstAllocHandle=0x0"
"15:33:17.5529644","184","12852","3792","hContext=1073759680 hWindow=0x0 VidPnSourceId=0 FlipInterval=1 Flags=4198404 ReturnStatus=0 hSrcAllocHandle=0x800043c0 hDstAllocHandle=0x0"
"15:33:17.5613480","184","12852","3792","hContext=1073759680 hWindow=0x0 VidPnSourceId=0 FlipInterval=1 Flags=4198404 ReturnStatus=0 hSrcAllocHandle=0x40005c80 hDstAllocHandle=0x0"
"15:33:17.6424113","184","12852","3792","hContext=1073759680 hWindow=0x0 VidPnSourceId=0 FlipInterval=1 Flags=4198404 ReturnStatus=0 hSrcAllocHandle=0x40005e00 hDstAllocHandle=0x0"
"15:33:17.6424436","171","12852","13196","hAdapter=0xffff910e86eb4820 Token=0xffff810669b4d160 Model=7 TokenSize=0 TokenData=4440 Flags=0x0 CustomDuration=0 VmBusChannel=0x0"
"15:33:17.6424645","184","12852","13196","hContext=1073742528 hWindow=0x0 VidPnSourceId=0 FlipInterval=0 Flags=32768 ReturnStatus=0 hSrcAllocHandle=0x40000540 hDstAllocHandle=0x0"
"15:33:17.6426715","172","4","876","hAdapter=0xffff910e8cd5c000 Token=0xffff810669b4d160 Model=0 TokenSize=0 TokenData=0 Flags=0x0 CustomDuration=0 VmBusChannel=0x0"
"15:33:17.6624453","184","12852","3792","hContext=1073759680 hWindow=0x0 VidPnSourceId=0 FlipInterval=1 Flags=4198404 ReturnStatus=0 hSrcAllocHandle=0x800043c0 hDstAllocHandle=0x0"
"15:33:17.7520176","184","12852","3792","hContext=1073759680 hWindow=0x0 VidPnSourceId=0 FlipInterval=1 Flags=4198404 ReturnStatus=0 hSrcAllocHandle=0x40005c80 hDstAllocHandle=0x0"
"15:33:17.7592150","184","12852","3792","hContext=1073759680 hWindow=0x0 VidPnSourceId=0 FlipInterval=1 Flags=4198404 ReturnStatus=0 hSrcAllocHandle=0x40005e00 hDstAllocHandle=0x0"
"15:33:17.8631856","184","12852","3792","hContext=1073759680 hWindow=0x0 VidPnSourceId=0 FlipInterval=1 Flags=4198404 ReturnStatus=0 hSrcAllocHandle=0x800043c0 hDstAllocHandle=0x0"
"15:33:17.8764164","184","12852","3792","hContext=1073759680 hWindow=0x0 VidPnSourceId=0 FlipInterval=1 Flags=4198404 ReturnStatus=0 hSrcAllocHandle=0x40005c80 hDstAllocHandle=0x0"
"15:33:17.9154399","184","12852","3792","hContext=1073759680 hWindow=0x0 VidPnSourceId=0 FlipInterval=1 Flags=4198404 ReturnStatus=0 hSrcAllocHandle=0x40005e00 hDstAllocHandle=0x0"
"15:33:17.9714098","184","12852","3792","hContext=1073759680 hWindow=0x0 VidPnSourceId=0 FlipInterval=1 Flags=4198404 ReturnStatus=0 hSrcAllocHandle=0x800043c0 hDstAllocHandle=0x0"
"15:33:17.9762852","184","12852","3792","hContext=1073759680 hWindow=0x0 VidPnSourceId=0 FlipInterval=1 Flags=4198404 ReturnStatus=0 hSrcAllocHandle=0x40005c80 hDstAllocHandle=0x0"
"15:33:18.0812122","184","12852","3792","hContext=1073759680 hWindow=0x0 VidPnSourceId=0 FlipInterval=1 Flags=4198404 ReturnStatus=0 hSrcAllocHandle=0x40005e00 hDstAllocHandle=0x0"
"15:33:18.0931830","184","12852","3792","hContext=1073759680 hWindow=0x0 VidPnSourceId=0 FlipInterval=1 Flags=4198404 ReturnStatus=0 hSrcAllocHandle=0x800043c0 hDstAllocHandle=0x0"
"15:33:18.1886329","184","12852","3792","hContext=1073759680 hWindow=0x0 VidPnSourceId=0 FlipInterval=1 Flags=4198404 ReturnStatus=0 hSrcAllocHandle=0x40005c80 hDstAllocHandle=0x0"
"15:33:18.1909830","171","12852","13196","hAdapter=0xffff910e86eb4820 Token=0xffff810669b4d160 Model=7 TokenSize=0 TokenData=4440 Flags=0x0 CustomDuration=0 VmBusChannel=0x0"
"15:33:18.1910132","184","12852","13196","hContext=1073742528 hWindow=0x0 VidPnSourceId=0 FlipInterval=0 Flags=32768 ReturnStatus=0 hSrcAllocHandle=0x40000540 hDstAllocHandle=0x0"
"15:33:18.1910851","172","4","880","hAdapter=0xffff910e8cd5c000 Token=0xffff810669b4d160 Model=0 TokenSize=0 TokenData=0 Flags=0x0 CustomDuration=0 VmBusChannel=0x0"
"15:33:18.1956646","184","12852","3792","hContext=1073759680 hWindow=0x0 VidPnSourceId=0 FlipInterval=1 Flags=4198404 ReturnStatus=0 hSrcAllocHandle=0x40005e00 hDstAllocHandle=0x0"
"15:33:18.2116819","184","12852","3792","hContext=1073759680 hWindow=0x0 VidPnSourceId=0 FlipInterval=1 Flags=4198404 ReturnStatus=0 hSrcAllocHandle=0x800043c0 hDstAllocHandle=0x0"
"15:33:18.2975951","184","12852","3792","hContext=1073759680 hWindow=0x0 VidPnSourceId=0 FlipInterval=1 Flags=4198404 ReturnStatus=0 hSrcAllocHandle=0x40005c80 hDstAllocHandle=0x0"
"15:33:18.3101724","184","12852","3792","hContext=1073759680 hWindow=0x0 VidPnSourceId=0 FlipInterval=1 Flags=4198404 ReturnStatus=0 hSrcAllocHandle=0x40005e00 hDstAllocHandle=0x0"
"15:33:18.4060450","184","12852","3792","hContext=1073759680 hWindow=0x0 VidPnSourceId=0 FlipInterval=1 Flags=4198404 ReturnStatus=0 hSrcAllocHandle=0x800043c0 hDstAllocHandle=0x0"
"15:33:18.4095700","184","12852","3792","hContext=1073759680 hWindow=0x0 VidPnSourceId=0 FlipInterval=1 Flags=4198404 ReturnStatus=0 hSrcAllocHandle=0x40005c80 hDstAllocHandle=0x0"
"15:33:18.5168424","184","12852","3792","hContext=1073759680 hWindow=0x0 VidPnSourceId=0 FlipInterval=1 Flags=4198404 ReturnStatus=0 hSrcAllocHandle=0x40005e00 hDstAllocHandle=0x0"
"15:33:18.7372019","171","12852","13196","hAdapter=0xffff910e86eb4820 Token=0xffff810669b4d160 Model=7 TokenSize=0 TokenData=4504 Flags=0x0 CustomDuration=0 VmBusChannel=0x0"
"15:33:18.7372186","184","12852","13196","hContext=1073742528 hWindow=0x0 VidPnSourceId=0 FlipInterval=0 Flags=32768 ReturnStatus=0 hSrcAllocHandle=0x40000540 hDstAllocHandle=0x0"
"15:33:18.7374192","172","4","876","hAdapter=0xffff910e8cd5c000 Token=0xffff810669b4d160 Model=0 TokenSize=0 TokenData=0 Flags=0x0 CustomDuration=0 VmBusChannel=0x0"
"15:33:18.7732760","184","12852","3792","hContext=1073759680 hWindow=0x0 VidPnSourceId=0 FlipInterval=1 Flags=4198404 ReturnStatus=0 hSrcAllocHandle=0x800043c0 hDstAllocHandle=0x0"
"15:33:18.7783367","184","12852","3792","hContext=1073759680 hWindow=0x0 VidPnSourceId=0 FlipInterval=1 Flags=4198404 ReturnStatus=0 hSrcAllocHandle=0x40005c80 hDstAllocHandle=0x0"
"15:33:18.8474949","184","12852","3792","hContext=1073759680 hWindow=0x0 VidPnSourceId=0 FlipInterval=1 Flags=4198404 ReturnStatus=0 hSrcAllocHandle=0x40005e00 hDstAllocHandle=0x0"
"15:33:18.8599461","184","12852","3792","hContext=1073759680 hWindow=0x0 VidPnSourceId=0 FlipInterval=1 Flags=4198404 ReturnStatus=0 hSrcAllocHandle=0x800043c0 hDstAllocHandle=0x0"
"15:33:18.9531244","184","12852","3792","hContext=1073759680 hWindow=0x0 VidPnSourceId=0 FlipInterval=1 Flags=4198404 ReturnStatus=0 hSrcAllocHandle=0x40005c80 hDstAllocHandle=0x0"
"15:33:18.9602522","184","12852","3792","hContext=1073759680 hWindow=0x0 VidPnSourceId=0 FlipInterval=1 Flags=4198404 ReturnStatus=0 hSrcAllocHandle=0x40005e00 hDstAllocHandle=0x0"
"15:33:19.0654944","184","12852","3792","hContext=1073759680 hWindow=0x0 VidPnSourceId=0 FlipInterval=1 Flags=4198404 ReturnStatus=0 hSrcAllocHandle=0x800043c0 hDstAllocHandle=0x0"
"15:33:19.0767580","184","12852","3792","hContext=1073759680 hWindow=0x0 VidPnSourceId=0 FlipInterval=1 Flags=4198404 ReturnStatus=0 hSrcAllocHandle=0x40005c80 hDstAllocHandle=0x0"
"15:33:19.1755186","184","12852","3792","hContext=1073759680 hWindow=0x0 VidPnSourceId=0 FlipInterval=1 Flags=4198404 ReturnStatus=0 hSrcAllocHandle=0x40005e00 hDstAllocHandle=0x0"
"15:33:19.1934112","184","12852","3792","hContext=1073759680 hWindow=0x0 VidPnSourceId=0 FlipInterval=1 Flags=4198404 ReturnStatus=0 hSrcAllocHandle=0x800043c0 hDstAllocHandle=0x0"
"15:33:19.2863914","184","12852","3792","hContext=1073759680 hWindow=0x0 VidPnSourceId=0 FlipInterval=1 Flags=4198404 ReturnStatus=0 hSrcAllocHandle=0x40005c80 hDstAllocHandle=0x0"
"15:33:19.2871859","171","12852","13196","hAdapter=0xffff910e86eb4820 Token=0xffff810669b4d160 Model=7 TokenSize=0 TokenData=4520 Flags=0x0 CustomDuration=0 VmBusChannel=0x0"
"15:33:19.2872010","184","12852","13196","hContext=1073742528 hWindow=0x0 VidPnSourceId=0 FlipInterval=0 Flags=32768 ReturnStatus=0 hSrcAllocHandle=0x40000540 hDstAllocHandle=0x0"
"15:33:19.2872101","172","4","880","hAdapter=0xffff910e8cd5c000 Token=0xffff810669b4d160 Model=0 TokenSize=0 TokenData=0 Flags=0x0 CustomDuration=0 VmBusChannel=0x0"
"15:33:19.2954104","184","12852","3792","hContext=1073759680 hWindow=0x0 VidPnSourceId=0 FlipInterval=1 Flags=4198404 ReturnStatus=0 hSrcAllocHandle=0x40005e00 hDstAllocHandle=0x0"
"15:33:19.4108074","184","12852","3792","hContext=1073759680 hWindow=0x0 VidPnSourceId=0 FlipInterval=1 Flags=4198404 ReturnStatus=0 hSrcAllocHandle=0x800043c0 hDstAllocHandle=0x0"
"15:33:19.4999199","184","12852","3792","hContext=1073759680 hWindow=0x0 VidPnSourceId=0 FlipInterval=1 Flags=4198404 ReturnStatus=0 hSrcAllocHandle=0x40005c80 hDstAllocHandle=0x0"
"15:33:19.5106484","184","12852","3792","hContext=1073759680 hWindow=0x0 VidPnSourceId=0 FlipInterval=1 Flags=4198404 ReturnStatus=0 hSrcAllocHandle=0x40005e00 hDstAllocHandle=0x0"
"15:33:19.6077855","184","12852","3792","hContext=1073759680 hWindow=0x0 VidPnSourceId=0 FlipInterval=1 Flags=4198404 ReturnStatus=0 hSrcAllocHandle=0x800043c0 hDstAllocHandle=0x0"
"15:33:19.6103496","184","12852","3792","hContext=1073759680 hWindow=0x0 VidPnSourceId=0 FlipInterval=1 Flags=4198404 ReturnStatus=0 hSrcAllocHandle=0x40005c80 hDstAllocHandle=0x0"
"15:33:19.7179619","184","12852","3792","hContext=1073759680 hWindow=0x0 VidPnSourceId=0 FlipInterval=1 Flags=4198404 ReturnStatus=0 hSrcAllocHandle=0x40005e00 hDstAllocHandle=0x0"
"15:33:19.7274566","184","12852","3792","hContext=1073759680 hWindow=0x0 VidPnSourceId=0 FlipInterval=1 Flags=4198404 ReturnStatus=0 hSrcAllocHandle=0x800043c0 hDstAllocHandle=0x0"
"15:33:19.8325592","184","12852","3792","hContext=1073759680 hWindow=0x0 VidPnSourceId=0 FlipInterval=1 Flags=4198404 ReturnStatus=0 hSrcAllocHandle=0x40005c80 hDstAllocHandle=0x0"
"15:33:19.8329395","171","12852","13196","hAdapter=0xffff910e86eb4820 Token=0xffff810669b4d160 Model=7 TokenSize=0 TokenData=4520 Flags=0x0 CustomDuration=0 VmBusChannel=0x0"
"15:33:19.8329569","184","12852","13196","hContext=1073742528 hWindow=0x0 VidPnSourceId=0 FlipInterval=0 Flags=32768 ReturnStatus=0 hSrcAllocHandle=0x40000540 hDstAllocHandle=0x0"
"15:33:19.8331384","172","4","876","hAdapter=0xffff910e8cd5c000 Token=0xffff810669b4d160 Model=0 TokenSize=0 TokenData=0 Flags=0x0 CustomDuration=0 VmBusChannel=0x0"
"15:33:19.8457320","184","12852","3792","hContext=1073759680 hWindow=0x0 VidPnSourceId=0 FlipInterval=1 Flags=4198404 ReturnStatus=0 hSrcAllocHandle=0x40005e00 hDstAllocHandle=0x0"
"15:33:20.0924891","184","12852","3792","hContext=1073759680 hWindow=0x0 VidPnSourceId=0 FlipInterval=1 Flags=4198404 ReturnStatus=0 hSrcAllocHandle=0x800043c0 hDstAllocHandle=0x0"
"15:33:20.1583259","184","12852","3792","hContext=1073759680 hWindow=0x0 VidPnSourceId=0 FlipInterval=1 Flags=4198404 ReturnStatus=0 hSrcAllocHandle=0x40005c80 hDstAllocHandle=0x0"
"15:33:20.1608138","184","12852","3792","hContext=1073759680 hWindow=0x0 VidPnSourceId=0 FlipInterval=1 Flags=4198404 ReturnStatus=0 hSrcAllocHandle=0x40005e00 hDstAllocHandle=0x0"
"15:33:20.2645219","184","12852","3792","hContext=1073759680 hWindow=0x0 VidPnSourceId=0 FlipInterval=1 Flags=4198404 ReturnStatus=0 hSrcAllocHandle=0x800043c0 hDstAllocHandle=0x0"
"15:33:20.2780386","184","12852","3792","hContext=1073759680 hWindow=0x0 VidPnSourceId=0 FlipInterval=1 Flags=4198404 ReturnStatus=0 hSrcAllocHandle=0x40005c80 hDstAllocHandle=0x0"
"15:33:20.3790719","171","12852","13196","hAdapter=0xffff910e86eb4820 Token=0xffff810669b4d160 Model=7 TokenSize=0 TokenData=4532 Flags=0x0 CustomDuration=0 VmBusChannel=0x0"
"15:33:20.3790827","184","12852","13196","hContext=1073742528 hWindow=0x0 VidPnSourceId=0 FlipInterval=0 Flags=32768 ReturnStatus=0 hSrcAllocHandle=0x40000540 hDstAllocHandle=0x0"
"15:33:20.3792942","172","4","876","hAdapter=0xffff910e8cd5c000 Token=0xffff810669b4d160 Model=0 TokenSize=0 TokenData=0 Flags=0x0 CustomDuration=0 VmBusChannel=0x0"
"15:33:20.3793037","184","12852","3792","hContext=1073759680 hWindow=0x0 VidPnSourceId=0 FlipInterval=1 Flags=4198404 ReturnStatus=0 hSrcAllocHandle=0x40005e00 hDstAllocHandle=0x0"
"15:33:20.3968605","184","12852","3792","hContext=1073759680 hWindow=0x0 VidPnSourceId=0 FlipInterval=1 Flags=4198404 ReturnStatus=0 hSrcAllocHandle=0x800043c0 hDstAllocHandle=0x0"
"15:33:20.4947759","184","12852","3792","hContext=1073759680 hWindow=0x0 VidPnSourceId=0 FlipInterval=1 Flags=4198404 ReturnStatus=0 hSrcAllocHandle=0x40005c80 hDstAllocHandle=0x0"
"15:33:20.5983512","184","12852","3792","hContext=1073759680 hWindow=0x0 VidPnSourceId=0 FlipInterval=1 Flags=4198404 ReturnStatus=0 hSrcAllocHandle=0x40005e00 hDstAllocHandle=0x0"
"15:33:20.6111538","184","12852","3792","hContext=1073759680 hWindow=0x0 VidPnSourceId=0 FlipInterval=1 Flags=4198404 ReturnStatus=0 hSrcAllocHandle=0x800043c0 hDstAllocHandle=0x0"
"15:33:20.7055102","184","12852","3792","hContext=1073759680 hWindow=0x0 VidPnSourceId=0 FlipInterval=1 Flags=4198404 ReturnStatus=0 hSrcAllocHandle=0x40005c80 hDstAllocHandle=0x0"
"15:33:20.7119533","184","12852","3792","hContext=1073759680 hWindow=0x0 VidPnSourceId=0 FlipInterval=1 Flags=4198404 ReturnStatus=0 hSrcAllocHandle=0x40005e00 hDstAllocHandle=0x0"
"15:33:20.8116996","184","12852","3792","hContext=1073759680 hWindow=0x0 VidPnSourceId=0 FlipInterval=1 Flags=4198404 ReturnStatus=0 hSrcAllocHandle=0x800043c0 hDstAllocHandle=0x0"
"15:33:20.8285189","184","12852","3792","hContext=1073759680 hWindow=0x0 VidPnSourceId=0 FlipInterval=1 Flags=4198404 ReturnStatus=0 hSrcAllocHandle=0x40005c80 hDstAllocHandle=0x0"
"15:33:20.9280651","184","12852","3792","hContext=1073759680 hWindow=0x0 VidPnSourceId=0 FlipInterval=1 Flags=4198404 ReturnStatus=0 hSrcAllocHandle=0x40005e00 hDstAllocHandle=0x0"
"15:33:20.9300648","171","12852","13196","hAdapter=0xffff910e86eb4820 Token=0xffff810669b4d160 Model=7 TokenSize=0 TokenData=4544 Flags=0x0 CustomDuration=0 VmBusChannel=0x0"
"15:33:20.9300887","184","12852","13196","hContext=1073742528 hWindow=0x0 VidPnSourceId=0 FlipInterval=0 Flags=32768 ReturnStatus=0 hSrcAllocHandle=0x40000540 hDstAllocHandle=0x0"
"15:33:20.9301132","172","4","880","hAdapter=0xffff910e8cd5c000 Token=0xffff810669b4d160 Model=0 TokenSize=0 TokenData=0 Flags=0x0 CustomDuration=0 VmBusChannel=0x0"
"15:33:20.9469637","184","12852","3792","hContext=1073759680 hWindow=0x0 VidPnSourceId=0 FlipInterval=1 Flags=4198404 ReturnStatus=0 hSrcAllocHandle=0x800043c0 hDstAllocHandle=0x0"
"15:33:21.0450990","184","12852","3792","hContext=1073759680 hWindow=0x0 VidPnSourceId=0 FlipInterval=1 Flags=4198404 ReturnStatus=0 hSrcAllocHandle=0x40005c80 hDstAllocHandle=0x0"
"15:33:21.1441597","184","12852","3792","hContext=1073759680 hWindow=0x0 VidPnSourceId=0 FlipInterval=1 Flags=4198404 ReturnStatus=0 hSrcAllocHandle=0x40005e00 hDstAllocHandle=0x0"
"15:33:21.1620651","184","12852","3792","hContext=1073759680 hWindow=0x0 VidPnSourceId=0 FlipInterval=1 Flags=4198404 ReturnStatus=0 hSrcAllocHandle=0x800043c0 hDstAllocHandle=0x0"
"15:33:21.4683689","171","12852","13196","hAdapter=0xffff910e86eb4820 Token=0xffff810669b4d160 Model=7 TokenSize=0 TokenData=4548 Flags=0x0 CustomDuration=0 VmBusChannel=0x0"
"15:33:21.4683822","184","12852","13196","hContext=1073742528 hWindow=0x0 VidPnSourceId=0 FlipInterval=0 Flags=32768 ReturnStatus=0 hSrcAllocHandle=0x40000540 hDstAllocHandle=0x0"
"15:33:21.4684696","172","4","876","hAdapter=0xffff910e8cd5c000 Token=0xffff810669b4d160 Model=0 TokenSize=0 TokenData=0 Flags=0x0 CustomDuration=0 VmBusChannel=0x0"
"15:33:21.4938365","184","12852","3792","hContext=1073759680 hWindow=0x0 VidPnSourceId=0 FlipInterval=1 Flags=4198404 ReturnStatus=0 hSrcAllocHandle=0x40005c80 hDstAllocHandle=0x0"
"15:33:21.5007242","184","12852","3792","hContext=1073759680 hWindow=0x0 VidPnSourceId=0 FlipInterval=1 Flags=4198404 ReturnStatus=0 hSrcAllocHandle=0x40005e00 hDstAllocHandle=0x0"
"15:33:21.5126594","184","12852","3792","hContext=1073759680 hWindow=0x0 VidPnSourceId=0 FlipInterval=1 Flags=4198404 ReturnStatus=0 hSrcAllocHandle=0x800043c0 hDstAllocHandle=0x0"
"15:33:21.5822297","184","12852","3792","hContext=1073759680 hWindow=0x0 VidPnSourceId=0 FlipInterval=1 Flags=4198404 ReturnStatus=0 hSrcAllocHandle=0x40005c80 hDstAllocHandle=0x0"
"15:33:21.5960577","184","12852","3792","hContext=1073759680 hWindow=0x0 VidPnSourceId=0 FlipInterval=1 Flags=4198404 ReturnStatus=0 hSrcAllocHandle=0x40005e00 hDstAllocHandle=0x0"
"15:33:21.6883517","184","12852","3792","hContext=1073759680 hWindow=0x0 VidPnSourceId=0 FlipInterval=1 Flags=4198404 ReturnStatus=0 hSrcAllocHandle=0x800043c0 hDstAllocHandle=0x0"
"15:33:21.6960600","184","12852","3792","hContext=1073759680 hWindow=0x0 VidPnSourceId=0 FlipInterval=1 Flags=4198404 ReturnStatus=0 hSrcAllocHandle=0x40005c80 hDstAllocHandle=0x0"
"15:33:21.7955565","184","12852","3792","hContext=1073759680 hWindow=0x0 VidPnSourceId=0 FlipInterval=1 Flags=4198404 ReturnStatus=0 hSrcAllocHandle=0x40005e00 hDstAllocHandle=0x0"
"15:33:21.8124149","184","12852","3792","hContext=1073759680 hWindow=0x0 VidPnSourceId=0 FlipInterval=1 Flags=4198404 ReturnStatus=0 hSrcAllocHandle=0x800043c0 hDstAllocHandle=0x0"
"15:33:21.9051130","184","12852","3792","hContext=1073759680 hWindow=0x0 VidPnSourceId=0 FlipInterval=1 Flags=4198404 ReturnStatus=0 hSrcAllocHandle=0x40005c80 hDstAllocHandle=0x0"
"15:33:21.9126141","184","12852","3792","hContext=1073759680 hWindow=0x0 VidPnSourceId=0 FlipInterval=1 Flags=4198404 ReturnStatus=0 hSrcAllocHandle=0x40005e00 hDstAllocHandle=0x0"
"15:33:22.0190003","184","12852","3792","hContext=1073759680 hWindow=0x0 VidPnSourceId=0 FlipInterval=1 Flags=4198404 ReturnStatus=0 hSrcAllocHandle=0x800043c0 hDstAllocHandle=0x0"
"15:33:22.0192575","171","12852","13196","hAdapter=0xffff910e86eb4820 Token=0xffff810669b4d160 Model=7 TokenSize=0 TokenData=4444 Flags=0x0 CustomDuration=0 VmBusChannel=0x0"
"15:33:22.0192758","184","12852","13196","hContext=1073742528 hWindow=0x0 VidPnSourceId=0 FlipInterval=0 Flags=32768 ReturnStatus=0 hSrcAllocHandle=0x40000540 hDstAllocHandle=0x0"
"15:33:22.0194545","172","4","876","hAdapter=0xffff910e8cd5c000 Token=0xffff810669b4d160 Model=0 TokenSize=0 TokenData=0 Flags=0x0 CustomDuration=0 VmBusChannel=0x0"
"15:33:22.0308346","184","12852","3792","hContext=1073759680 hWindow=0x0 VidPnSourceId=0 FlipInterval=1 Flags=4198404 ReturnStatus=0 hSrcAllocHandle=0x40005c80 hDstAllocHandle=0x0"
"15:33:22.1297544","184","12852","3792","hContext=1073759680 hWindow=0x0 VidPnSourceId=0 FlipInterval=1 Flags=4198404 ReturnStatus=0 hSrcAllocHandle=0x40005e00 hDstAllocHandle=0x0"
"15:33:22.2364954","184","12852","3792","hContext=1073759680 hWindow=0x0 VidPnSourceId=0 FlipInterval=1 Flags=4198404 ReturnStatus=0 hSrcAllocHandle=0x800043c0 hDstAllocHandle=0x0"
"15:33:22.2463277","184","12852","3792","hContext=1073759680 hWindow=0x0 VidPnSourceId=0 FlipInterval=1 Flags=4198404 ReturnStatus=0 hSrcAllocHandle=0x40005c80 hDstAllocHandle=0x0"
"15:33:22.3465168","184","12852","3792","hContext=1073759680 hWindow=0x0 VidPnSourceId=0 FlipInterval=1 Flags=4198404 ReturnStatus=0 hSrcAllocHandle=0x40005e00 hDstAllocHandle=0x0"
"15:33:22.3626768","184","12852","3792","hContext=1073759680 hWindow=0x0 VidPnSourceId=0 FlipInterval=1 Flags=4198404 ReturnStatus=0 hSrcAllocHandle=0x800043c0 hDstAllocHandle=0x0"
"15:33:22.4094671","184","12852","3792","hContext=1073759680 hWindow=0x0 VidPnSourceId=0 FlipInterval=1 Flags=4198404 ReturnStatus=0 hSrcAllocHandle=0x40005c80 hDstAllocHandle=0x0"
"15:33:22.4540221","184","12852","3792","hContext=1073759680 hWindow=0x0 VidPnSourceId=0 FlipInterval=1 Flags=4198404 ReturnStatus=0 hSrcAllocHandle=0x40005e00 hDstAllocHandle=0x0"
"15:33:22.4629872","184","12852","3792","hContext=1073759680 hWindow=0x0 VidPnSourceId=0 FlipInterval=1 Flags=4198404 ReturnStatus=0 hSrcAllocHandle=0x800043c0 hDstAllocHandle=0x0"
"15:33:22.5656877","171","12852","13196","hAdapter=0xffff910e86eb4820 Token=0xffff810669b4d160 Model=7 TokenSize=0 TokenData=4492 Flags=0x0 CustomDuration=0 VmBusChannel=0x0"
"15:33:22.5657093","184","12852","13196","hContext=1073742528 hWindow=0x0 VidPnSourceId=0 FlipInterval=0 Flags=32768 ReturnStatus=0 hSrcAllocHandle=0x40000540 hDstAllocHandle=0x0"
"15:33:22.5657180","172","4","880","hAdapter=0xffff910e8cd5c000 Token=0xffff810669b4d160 Model=0 TokenSize=0 TokenData=0 Flags=0x0 CustomDuration=0 VmBusChannel=0x0"
"15:33:22.7167061","184","12852","3792","hContext=1073759680 hWindow=0x0 VidPnSourceId=0 FlipInterval=1 Flags=4198404 ReturnStatus=0 hSrcAllocHandle=0x40005c80 hDstAllocHandle=0x0"
"15:33:22.7300056","184","12852","3792","hContext=1073759680 hWindow=0x0 VidPnSourceId=0 FlipInterval=1 Flags=4198404 ReturnStatus=0 hSrcAllocHandle=0x40005e00 hDstAllocHandle=0x0"
"15:33:22.7804473","184","12852","3792","hContext=1073759680 hWindow=0x0 VidPnSourceId=0 FlipInterval=1 Flags=4198404 ReturnStatus=0 hSrcAllocHandle=0x800043c0 hDstAllocHandle=0x0"
"15:33:22.7963763","184","12852","3792","hContext=1073759680 hWindow=0x0 VidPnSourceId=0 FlipInterval=1 Flags=4198404 ReturnStatus=0 hSrcAllocHandle=0x40005c80 hDstAllocHandle=0x0"
"15:33:22.8926633","184","12852","3792","hContext=1073759680 hWindow=0x0 VidPnSourceId=0 FlipInterval=1 Flags=4198404 ReturnStatus=0 hSrcAllocHandle=0x40005e00 hDstAllocHandle=0x0"
"15:33:22.8969684","184","12852","3792","hContext=1073759680 hWindow=0x0 VidPnSourceId=0 FlipInterval=1 Flags=4198404 ReturnStatus=0 hSrcAllocHandle=0x800043c0 hDstAllocHandle=0x0"
"15:33:22.9138589","184","12852","3792","hContext=1073759680 hWindow=0x0 VidPnSourceId=0 FlipInterval=1 Flags=4198404 ReturnStatus=0 hSrcAllocHandle=0x40005c80 hDstAllocHandle=0x0"
"15:33:22.9985772","184","12852","3792","hContext=1073759680 hWindow=0x0 VidPnSourceId=0 FlipInterval=1 Flags=4198404 ReturnStatus=0 hSrcAllocHandle=0x40005e00 hDstAllocHandle=0x0"
"15:33:23.0132476","184","12852","3792","hContext=1073759680 hWindow=0x0 VidPnSourceId=0 FlipInterval=1 Flags=4198404 ReturnStatus=0 hSrcAllocHandle=0x800043c0 hDstAllocHandle=0x0"
"15:33:23.1175743","171","12852","13196","hAdapter=0xffff910e86eb4820 Token=0xffff810669b4d160 Model=7 TokenSize=0 TokenData=4508 Flags=0x0 CustomDuration=0 VmBusChannel=0x0"
"15:33:23.1175926","184","12852","13196","hContext=1073742528 hWindow=0x0 VidPnSourceId=0 FlipInterval=0 Flags=32768 ReturnStatus=0 hSrcAllocHandle=0x40000540 hDstAllocHandle=0x0"
"15:33:23.1177858","172","4","876","hAdapter=0xffff910e8cd5c000 Token=0xffff810669b4d160 Model=0 TokenSize=0 TokenData=0 Flags=0x0 CustomDuration=0 VmBusChannel=0x0"
"15:33:23.1182192","184","12852","3792","hContext=1073759680 hWindow=0x0 VidPnSourceId=0 FlipInterval=1 Flags=4198404 ReturnStatus=0 hSrcAllocHandle=0x40005c80 hDstAllocHandle=0x0"
"15:33:23.1322450","184","12852","3792","hContext=1073759680 hWindow=0x0 VidPnSourceId=0 FlipInterval=1 Flags=4198404 ReturnStatus=0 hSrcAllocHandle=0x40005e00 hDstAllocHandle=0x0"
"15:33:23.2305713","184","12852","3792","hContext=1073759680 hWindow=0x0 VidPnSourceId=0 FlipInterval=1 Flags=4198404 ReturnStatus=0 hSrcAllocHandle=0x800043c0 hDstAllocHandle=0x0"
"15:33:23.3314015","184","12852","3792","hContext=1073759680 hWindow=0x0 VidPnSourceId=0 FlipInterval=1 Flags=4198404 ReturnStatus=0 hSrcAllocHandle=0x40005c80 hDstAllocHandle=0x0"
"15:33:23.3468244","184","12852","3792","hContext=1073759680 hWindow=0x0 VidPnSourceId=0 FlipInterval=1 Flags=4198404 ReturnStatus=0 hSrcAllocHandle=0x40005e00 hDstAllocHandle=0x0"
"15:33:23.4169399","184","12852","3792","hContext=1073759680 hWindow=0x0 VidPnSourceId=0 FlipInterval=1 Flags=4198404 ReturnStatus=0 hSrcAllocHandle=0x800043c0 hDstAllocHandle=0x0"
"15:33:23.4383334","184","12852","3792","hContext=1073759680 hWindow=0x0 VidPnSourceId=0 FlipInterval=1 Flags=4198404 ReturnStatus=0 hSrcAllocHandle=0x40005c80 hDstAllocHandle=0x0"
"15:33:23.4488876","184","12852","3792","hContext=1073759680 hWindow=0x0 VidPnSourceId=0 FlipInterval=1 Flags=4198404 ReturnStatus=0 hSrcAllocHandle=0x40005e00 hDstAllocHandle=0x0"
"15:33:23.5501396","184","12852","3792","hContext=1073759680 hWindow=0x0 VidPnSourceId=0 FlipInterval=1 Flags=4198404 ReturnStatus=0 hSrcAllocHandle=0x800043c0 hDstAllocHandle=0x0"
"15:33:23.5640574","184","12852","3792","hContext=1073759680 hWindow=0x0 VidPnSourceId=0 FlipInterval=1 Flags=4198404 ReturnStatus=0 hSrcAllocHandle=0x40005c80 hDstAllocHandle=0x0"
"15:33:23.6596458","184","12852","3792","hContext=1073759680 hWindow=0x0 VidPnSourceId=0 FlipInterval=1 Flags=4198404 ReturnStatus=0 hSrcAllocHandle=0x40005e00 hDstAllocHandle=0x0"
"15:33:23.6601807","171","12852","13196","hAdapter=0xffff910e86eb4820 Token=0xffff810669b4d160 Model=7 TokenSize=0 TokenData=4572 Flags=0x0 CustomDuration=0 VmBusChannel=0x0"
"15:33:23.6601914","184","12852","13196","hContext=1073742528 hWindow=0x0 VidPnSourceId=0 FlipInterval=0 Flags=32768 ReturnStatus=0 hSrcAllocHandle=0x40000540 hDstAllocHandle=0x0"
"15:33:23.6603806","172","4","876","hAdapter=0xffff910e8cd5c000 Token=0xffff810669b4d160 Model=0 TokenSize=0 TokenData=0 Flags=0x0 CustomDuration=0 VmBusChannel=0x0"
"15:33:23.6678014","184","12852","3792","hContext=1073759680 hWindow=0x0 VidPnSourceId=0 FlipInterval=1 Flags=4198404 ReturnStatus=0 hSrcAllocHandle=0x800043c0 hDstAllocHandle=0x0"
"15:33:23.9193669","184","12852","3792","hContext=1073759680 hWindow=0x0 VidPnSourceId=0 FlipInterval=1 Flags=4198404 ReturnStatus=0 hSrcAllocHandle=0x40005c80 hDstAllocHandle=0x0"
"15:33:23.9894008","184","12852","3792","hContext=1073759680 hWindow=0x0 VidPnSourceId=0 FlipInterval=1 Flags=4198404 ReturnStatus=0 hSrcAllocHandle=0x40005e00 hDstAllocHandle=0x0"
"15:33:23.9973975","184","12852","3792","hContext=1073759680 hWindow=0x0 VidPnSourceId=0 FlipInterval=1 Flags=4198404 ReturnStatus=0 hSrcAllocHandle=0x800043c0 hDstAllocHandle=0x0"
"15:33:24.0981035","184","12852","3792","hContext=1073759680 hWindow=0x0 VidPnSourceId=0 FlipInterval=1 Flags=4198404 ReturnStatus=0 hSrcAllocHandle=0x40005c80 hDstAllocHandle=0x0"
"15:33:24.1146101","184","12852","3792","hContext=1073759680 hWindow=0x0 VidPnSourceId=0 FlipInterval=1 Flags=4198404 ReturnStatus=0 hSrcAllocHandle=0x40005e00 hDstAllocHandle=0x0"
"15:33:24.2041599","171","12852","13196","hAdapter=0xffff910e86eb4820 Token=0xffff810669b4d160 Model=7 TokenSize=0 TokenData=4552 Flags=0x0 CustomDuration=0 VmBusChannel=0x0"
"15:33:24.2041728","184","12852","13196","hContext=1073742528 hWindow=0x0 VidPnSourceId=0 FlipInterval=0 Flags=32768 ReturnStatus=0 hSrcAllocHandle=0x40000540 hDstAllocHandle=0x0"
"15:33:24.2041918","184","12852","3792","hContext=1073759680 hWindow=0x0 VidPnSourceId=0 FlipInterval=1 Flags=4198404 ReturnStatus=0 hSrcAllocHandle=0x800043c0 hDstAllocHandle=0x0"
"15:33:24.2044055","172","4","876","hAdapter=0xffff910e8cd5c000 Token=0xffff810669b4d160 Model=0 TokenSize=0 TokenData=0 Flags=0x0 CustomDuration=0 VmBusChannel=0x0"
"15:33:24.2225832","184","12852","3792","hContext=1073759680 hWindow=0x0 VidPnSourceId=0 FlipInterval=1 Flags=4198404 ReturnStatus=0 hSrcAllocHandle=0x40005c80 hDstAllocHandle=0x0"
"15:33:24.3152357","184","12852","3792","hContext=1073759680 hWindow=0x0 VidPnSourceId=0 FlipInterval=1 Flags=4198404 ReturnStatus=0 hSrcAllocHandle=0x40005e00 hDstAllocHandle=0x0"
"15:33:24.4052782","184","12852","3792","hContext=1073759680 hWindow=0x0 VidPnSourceId=0 FlipInterval=1 Flags=4198404 ReturnStatus=0 hSrcAllocHandle=0x800043c0 hDstAllocHandle=0x0"
"15:33:24.4219985","184","12852","3792","hContext=1073759680 hWindow=0x0 VidPnSourceId=0 FlipInterval=1 Flags=4198404 ReturnStatus=0 hSrcAllocHandle=0x40005c80 hDstAllocHandle=0x0"
"15:33:24.4324061","184","12852","3792","hContext=1073759680 hWindow=0x0 VidPnSourceId=0 FlipInterval=1 Flags=4198404 ReturnStatus=0 hSrcAllocHandle=0x40005e00 hDstAllocHandle=0x0"
"15:33:24.5299265","184","12852","3792","hContext=1073759680 hWindow=0x0 VidPnSourceId=0 FlipInterval=1 Flags=4198404 ReturnStatus=0 hSrcAllocHandle=0x800043c0 hDstAllocHandle=0x0"
"15:33:24.5483104","184","12852","3792","hContext=1073759680 hWindow=0x0 VidPnSourceId=0 FlipInterval=1 Flags=4198404 ReturnStatus=0 hSrcAllocHandle=0x40005c80 hDstAllocHandle=0x0"
"15:33:24.6439158","184","12852","3792","hContext=1073759680 hWindow=0x0 VidPnSourceId=0 FlipInterval=1 Flags=4198404 ReturnStatus=0 hSrcAllocHandle=0x40005e00 hDstAllocHandle=0x0"
"15:33:24.6479040","184","12852","3792","hContext=1073759680 hWindow=0x0 VidPnSourceId=0 FlipInterval=1 Flags=4198404 ReturnStatus=0 hSrcAllocHandle=0x800043c0 hDstAllocHandle=0x0"
"15:33:24.7512552","184","12852","3792","hContext=1073759680 hWindow=0x0 VidPnSourceId=0 FlipInterval=1 Flags=4198404 ReturnStatus=0 hSrcAllocHandle=0x40005c80 hDstAllocHandle=0x0"
"15:33:24.7514041","171","12852","13196","hAdapter=0xffff910e86eb4820 Token=0xffff810669b4d160 Model=7 TokenSize=0 TokenData=4548 Flags=0x0 CustomDuration=0 VmBusChannel=0x0"
"15:33:24.7514214","184","12852","13196","hContext=1073742528 hWindow=0x0 VidPnSourceId=0 FlipInterval=0 Flags=32768 ReturnStatus=0 hSrcAllocHandle=0x40000540 hDstAllocHandle=0x0"
"15:33:24.7515768","172","4","876","hAdapter=0xffff910e8cd5c000 Token=0xffff810669b4d160 Model=0 TokenSize=0 TokenData=0 Flags=0x0 CustomDuration=0 VmBusChannel=0x0"
"15:33:24.7681887","184","12852","3792","hContext=1073759680 hWindow=0x0 VidPnSourceId=0 FlipInterval=1 Flags=4198404 ReturnStatus=0 hSrcAllocHandle=0x40005e00 hDstAllocHandle=0x0"
"15:33:24.8648227","184","12852","3792","hContext=1073759680 hWindow=0x0 VidPnSourceId=0 FlipInterval=1 Flags=4198404 ReturnStatus=0 hSrcAllocHandle=0x800043c0 hDstAllocHandle=0x0"
"15:33:24.9059837","184","12852","3792","hContext=1073759680 hWindow=0x0 VidPnSourceId=0 FlipInterval=1 Flags=4198404 ReturnStatus=0 hSrcAllocHandle=0x40005c80 hDstAllocHandle=0x0"
"15:33:24.9684725","184","12852","3792","hContext=1073759680 hWindow=0x0 VidPnSourceId=0 FlipInterval=1 Flags=4198404 ReturnStatus=0 hSrcAllocHandle=0x40005e00 hDstAllocHandle=0x0"
"15:33:25.2124511","184","12852","3792","hContext=1073759680 hWindow=0x0 VidPnSourceId=0 FlipInterval=1 Flags=4198404 ReturnStatus=0 hSrcAllocHandle=0x800043c0 hDstAllocHandle=0x0"
"15:33:25.2988966","184","12852","3792","hContext=1073759680 hWindow=0x0 VidPnSourceId=0 FlipInterval=1 Flags=4198404 ReturnStatus=0 hSrcAllocHandle=0x40005c80 hDstAllocHandle=0x0"
"15:33:25.2990446","171","12852","13196","hAdapter=0xffff910e86eb4820 Token=0xffff810669b4d160 Model=7 TokenSize=0 TokenData=4556 Flags=0x0 CustomDuration=0 VmBusChannel=0x0"
"15:33:25.2990631","184","12852","13196","hContext=1073742528 hWindow=0x0 VidPnSourceId=0 FlipInterval=0 Flags=32768 ReturnStatus=0 hSrcAllocHandle=0x40000540 hDstAllocHandle=0x0"
"15:33:25.2992236","172","4","876","hAdapter=0xffff910e8cd5c000 Token=0xffff810669b4d160 Model=0 TokenSize=0 TokenData=0 Flags=0x0 CustomDuration=0 VmBusChannel=0x0"
"15:33:25.3192228","184","12852","3792","hContext=1073759680 hWindow=0x0 VidPnSourceId=0 FlipInterval=1 Flags=4198404 ReturnStatus=0 hSrcAllocHandle=0x40005e00 hDstAllocHandle=0x0"
"15:33:25.4089414","184","12852","3792","hContext=1073759680 hWindow=0x0 VidPnSourceId=0 FlipInterval=1 Flags=4198404 ReturnStatus=0 hSrcAllocHandle=0x800043c0 hDstAllocHandle=0x0"
"15:33:25.4155981","184","12852","3792","hContext=1073759680 hWindow=0x0 VidPnSourceId=0 FlipInterval=1 Flags=4198404 ReturnStatus=0 hSrcAllocHandle=0x40005c80 hDstAllocHandle=0x0"
"15:33:25.5147886","184","12852","3792","hContext=1073759680 hWindow=0x0 VidPnSourceId=0 FlipInterval=1 Flags=4198404 ReturnStatus=0 hSrcAllocHandle=0x40005e00 hDstAllocHandle=0x0"
"15:33:25.5318169","184","12852","3792","hContext=1073759680 hWindow=0x0 VidPnSourceId=0 FlipInterval=1 Flags=4198404 ReturnStatus=0 hSrcAllocHandle=0x800043c0 hDstAllocHandle=0x0"
"15:33:25.6250457","184","12852","3792","hContext=1073759680 hWindow=0x0 VidPnSourceId=0 FlipInterval=1 Flags=4198404 ReturnStatus=0 hSrcAllocHandle=0x40005c80 hDstAllocHandle=0x0"
"15:33:25.6323945","184","12852","3792","hContext=1073759680 hWindow=0x0 VidPnSourceId=0 FlipInterval=1 Flags=4198404 ReturnStatus=0 hSrcAllocHandle=0x40005e00 hDstAllocHandle=0x0"
"15:33:25.7331398","184","12852","3792","hContext=1073759680 hWindow=0x0 VidPnSourceId=0 FlipInterval=1 Flags=4198404 ReturnStatus=0 hSrcAllocHandle=0x800043c0 hDstAllocHandle=0x0"
"15:33:25.7489097","184","12852","3792","hContext=1073759680 hWindow=0x0 VidPnSourceId=0 FlipInterval=1 Flags=4198404 ReturnStatus=0 hSrcAllocHandle=0x40005c80 hDstAllocHandle=0x0"
"15:33:25.8462271","184","12852","3792","hContext=1073759680 hWindow=0x0 VidPnSourceId=0 FlipInterval=1 Flags=4198404 ReturnStatus=0 hSrcAllocHandle=0x40005e00 hDstAllocHandle=0x0"
"15:33:25.8465927","171","12852","13196","hAdapter=0xffff910e86eb4820 Token=0xffff810669b4d160 Model=7 TokenSize=0 TokenData=4508 Flags=0x0 CustomDuration=0 VmBusChannel=0x0"
"15:33:25.8466097","184","12852","13196","hContext=1073742528 hWindow=0x0 VidPnSourceId=0 FlipInterval=0 Flags=32768 ReturnStatus=0 hSrcAllocHandle=0x40000540 hDstAllocHandle=0x0"
"15:33:25.8467558","172","4","876","hAdapter=0xffff910e8cd5c000 Token=0xffff810669b4d160 Model=0 TokenSize=0 TokenData=0 Flags=0x0 CustomDuration=0 VmBusChannel=0x0"
"15:33:25.8501985","184","12852","3792","hContext=1073759680 hWindow=0x0 VidPnSourceId=0 FlipInterval=1 Flags=4198404 ReturnStatus=0 hSrcAllocHandle=0x800043c0 hDstAllocHandle=0x0"
"15:33:25.8667228","184","12852","3792","hContext=1073759680 hWindow=0x0 VidPnSourceId=0 FlipInterval=1 Flags=4198404 ReturnStatus=0 hSrcAllocHandle=0x40005c80 hDstAllocHandle=0x0"
"15:33:25.9027792","184","12852","3792","hContext=1073759680 hWindow=0x0 VidPnSourceId=0 FlipInterval=1 Flags=4198404 ReturnStatus=0 hSrcAllocHandle=0x40005e00 hDstAllocHandle=0x0"
"15:33:25.9572468","184","12852","3792","hContext=1073759680 hWindow=0x0 VidPnSourceId=0 FlipInterval=1 Flags=4198404 ReturnStatus=0 hSrcAllocHandle=0x800043c0 hDstAllocHandle=0x0"
"15:33:25.9659132","184","12852","3792","hContext=1073759680 hWindow=0x0 VidPnSourceId=0 FlipInterval=1 Flags=4198404 ReturnStatus=0 hSrcAllocHandle=0x40005c80 hDstAllocHandle=0x0"
"15:33:26.0653102","184","12852","3792","hContext=1073759680 hWindow=0x0 VidPnSourceId=0 FlipInterval=1 Flags=4198404 ReturnStatus=0 hSrcAllocHandle=0x40005e00 hDstAllocHandle=0x0"
"15:33:26.0826032","184","12852","3792","hContext=1073759680 hWindow=0x0 VidPnSourceId=0 FlipInterval=1 Flags=4198404 ReturnStatus=0 hSrcAllocHandle=0x800043c0 hDstAllocHandle=0x0"
"15:33:26.1713873","184","12852","3792","hContext=1073759680 hWindow=0x0 VidPnSourceId=0 FlipInterval=1 Flags=4198404 ReturnStatus=0 hSrcAllocHandle=0x40005c80 hDstAllocHandle=0x0"
"15:33:26.3953669","171","12852","13196","hAdapter=0xffff910e86eb4820 Token=0xffff810669b4d160 Model=7 TokenSize=0 TokenData=4564 Flags=0x0 CustomDuration=0 VmBusChannel=0x0"
"15:33:26.3953945","184","12852","13196","hContext=1073742528 hWindow=0x0 VidPnSourceId=0 FlipInterval=0 Flags=32768 ReturnStatus=0 hSrcAllocHandle=0x40000540 hDstAllocHandle=0x0"
"15:33:26.3954100","172","4","880","hAdapter=0xffff910e8cd5c000 Token=0xffff810669b4d160 Model=0 TokenSize=0 TokenData=0 Flags=0x0 CustomDuration=0 VmBusChannel=0x0"
"15:33:26.4331867","184","12852","3792","hContext=1073759680 hWindow=0x0 VidPnSourceId=0 FlipInterval=1 Flags=4198404 ReturnStatus=0 hSrcAllocHandle=0x40005e00 hDstAllocHandle=0x0"
"15:33:26.4510391","184","12852","3792","hContext=1073759680 hWindow=0x0 VidPnSourceId=0 FlipInterval=1 Flags=4198404 ReturnStatus=0 hSrcAllocHandle=0x800043c0 hDstAllocHandle=0x0"
"15:33:26.5017928","184","12852","3792","hContext=1073759680 hWindow=0x0 VidPnSourceId=0 FlipInterval=1 Flags=4198404 ReturnStatus=0 hSrcAllocHandle=0x40005c80 hDstAllocHandle=0x0"
"15:33:26.5165965","184","12852","3792","hContext=1073759680 hWindow=0x0 VidPnSourceId=0 FlipInterval=1 Flags=4198404 ReturnStatus=0 hSrcAllocHandle=0x40005e00 hDstAllocHandle=0x0"
"15:33:26.6116298","184","12852","3792","hContext=1073759680 hWindow=0x0 VidPnSourceId=0 FlipInterval=1 Flags=4198404 ReturnStatus=0 hSrcAllocHandle=0x800043c0 hDstAllocHandle=0x0"
"15:33:26.6162750","184","12852","3792","hContext=1073759680 hWindow=0x0 VidPnSourceId=0 FlipInterval=1 Flags=4198404 ReturnStatus=0 hSrcAllocHandle=0x40005c80 hDstAllocHandle=0x0"
"15:33:26.7177033","184","12852","3792","hContext=1073759680 hWindow=0x0 VidPnSourceId=0 FlipInterval=1 Flags=4198404 ReturnStatus=0 hSrcAllocHandle=0x40005e00 hDstAllocHandle=0x0"
"15:33:26.7332562","184","12852","3792","hContext=1073759680 hWindow=0x0 VidPnSourceId=0 FlipInterval=1 Flags=4198404 ReturnStatus=0 hSrcAllocHandle=0x800043c0 hDstAllocHandle=0x0"
"15:33:26.8281251","184","12852","3792","hContext=1073759680 hWindow=0x0 VidPnSourceId=0 FlipInterval=1 Flags=4198404 ReturnStatus=0 hSrcAllocHandle=0x40005c80 hDstAllocHandle=0x0"
"15:33:26.8335043","184","12852","3792","hContext=1073759680 hWindow=0x0 VidPnSourceId=0 FlipInterval=1 Flags=4198404 ReturnStatus=0 hSrcAllocHandle=0x40005e00 hDstAllocHandle=0x0"
"15:33:26.9408084","184","12852","3792","hContext=1073759680 hWindow=0x0 VidPnSourceId=0 FlipInterval=1 Flags=4198404 ReturnStatus=0 hSrcAllocHandle=0x800043c0 hDstAllocHandle=0x0"
"15:33:26.9415591","171","12852","13196","hAdapter=0xffff910e86eb4820 Token=0xffff810669b4d160 Model=7 TokenSize=0 TokenData=4568 Flags=0x0 CustomDuration=0 VmBusChannel=0x0"
"15:33:26.9415739","184","12852","13196","hContext=1073742528 hWindow=0x0 VidPnSourceId=0 FlipInterval=0 Flags=32768 ReturnStatus=0 hSrcAllocHandle=0x40000540 hDstAllocHandle=0x0"
"15:33:26.9415917","172","4","880","hAdapter=0xffff910e8cd5c000 Token=0xffff810669b4d160 Model=0 TokenSize=0 TokenData=0 Flags=0x0 CustomDuration=0 VmBusChannel=0x0"
"15:33:26.9553346","184","12852","3792","hContext=1073759680 hWindow=0x0 VidPnSourceId=0 FlipInterval=1 Flags=4198404 ReturnStatus=0 hSrcAllocHandle=0x40005c80 hDstAllocHandle=0x0"
"15:33:27.0669390","184","12852","3792","hContext=1073759680 hWindow=0x0 VidPnSourceId=0 FlipInterval=1 Flags=4198404 ReturnStatus=0 hSrcAllocHandle=0x40005e00 hDstAllocHandle=0x0"
"15:33:27.1582413","184","12852","3792","hContext=1073759680 hWindow=0x0 VidPnSourceId=0 FlipInterval=1 Flags=4198404 ReturnStatus=0 hSrcAllocHandle=0x800043c0 hDstAllocHandle=0x0"
"15:33:27.1669636","184","12852","3792","hContext=1073759680 hWindow=0x0 VidPnSourceId=0 FlipInterval=1 Flags=4198404 ReturnStatus=0 hSrcAllocHandle=0x40005c80 hDstAllocHandle=0x0"
"15:33:27.2682086","184","12852","3792","hContext=1073759680 hWindow=0x0 VidPnSourceId=0 FlipInterval=1 Flags=4198404 ReturnStatus=0 hSrcAllocHandle=0x40005e00 hDstAllocHandle=0x0"
"15:33:27.2836216","184","12852","3792","hContext=1073759680 hWindow=0x0 VidPnSourceId=0 FlipInterval=1 Flags=4198404 ReturnStatus=0 hSrcAllocHandle=0x800043c0 hDstAllocHandle=0x0"
"15:33:27.3746290","184","12852","3792","hContext=1073759680 hWindow=0x0 VidPnSourceId=0 FlipInterval=1 Flags=4198404 ReturnStatus=0 hSrcAllocHandle=0x40005c80 hDstAllocHandle=0x0"
"15:33:27.3851007","184","12852","3792","hContext=1073759680 hWindow=0x0 VidPnSourceId=0 FlipInterval=1 Flags=4198404 ReturnStatus=0 hSrcAllocHandle=0x40005e00 hDstAllocHandle=0x0"
"15:33:27.4867848","184","12852","3792","hContext=1073759680 hWindow=0x0 VidPnSourceId=0 FlipInterval=1 Flags=4198404 ReturnStatus=0 hSrcAllocHandle=0x800043c0 hDstAllocHandle=0x0"
"15:33:27.4868002","171","12852","13196","hAdapter=0xffff910e86eb4820 Token=0xffff810669b4d160 Model=7 TokenSize=0 TokenData=4568 Flags=0x0 CustomDuration=0 VmBusChannel=0x0"
"15:33:27.4868134","184","12852","13196","hContext=1073742528 hWindow=0x0 VidPnSourceId=0 FlipInterval=0 Flags=32768 ReturnStatus=0 hSrcAllocHandle=0x40000540 hDstAllocHandle=0x0"
"15:33:27.4870176","172","4","876","hAdapter=0xffff910e8cd5c000 Token=0xffff810669b4d160 Model=0 TokenSize=0 TokenData=0 Flags=0x0 CustomDuration=0 VmBusChannel=0x0"
"15:33:27.5023370","184","12852","3792","hContext=1073759680 hWindow=0x0 VidPnSourceId=0 FlipInterval=1 Flags=4198404 ReturnStatus=0 hSrcAllocHandle=0x40005c80 hDstAllocHandle=0x0"
"15:33:27.7497677","184","12852","3792","hContext=1073759680 hWindow=0x0 VidPnSourceId=0 FlipInterval=1 Flags=4198404 ReturnStatus=0 hSrcAllocHandle=0x40005e00 hDstAllocHandle=0x0"
"15:33:27.8145824","184","12852","3792","hContext=1073759680 hWindow=0x0 VidPnSourceId=0 FlipInterval=1 Flags=4198404 ReturnStatus=0 hSrcAllocHandle=0x800043c0 hDstAllocHandle=0x0"
"15:33:27.8173879","184","12852","3792","hContext=1073759680 hWindow=0x0 VidPnSourceId=0 FlipInterval=1 Flags=4198404 ReturnStatus=0 hSrcAllocHandle=0x40005c80 hDstAllocHandle=0x0"
"15:33:27.9083417","184","12852","3792","hContext=1073759680 hWindow=0x0 VidPnSourceId=0 FlipInterval=1 Flags=4198404 ReturnStatus=0 hSrcAllocHandle=0x40005e00 hDstAllocHandle=0x0"
"15:33:27.9208757","184","12852","3792","hContext=1073759680 hWindow=0x0 VidPnSourceId=0 FlipInterval=1 Flags=4198404 ReturnStatus=0 hSrcAllocHandle=0x800043c0 hDstAllocHandle=0x0"
"15:33:27.9341375","184","12852","3792","hContext=1073759680 hWindow=0x0 VidPnSourceId=0 FlipInterval=1 Flags=4198404 ReturnStatus=0 hSrcAllocHandle=0x40005c80 hDstAllocHandle=0x0"
"15:33:28.0333805","184","12852","3792","hContext=1073759680 hWindow=0x0 VidPnSourceId=0 FlipInterval=1 Flags=4198404 ReturnStatus=0 hSrcAllocHandle=0x40005e00 hDstAllocHandle=0x0"
"15:33:28.0335146","171","12852","13196","hAdapter=0xffff910e86eb4820 Token=0xffff810669b4d160 Model=7 TokenSize=0 TokenData=4504 Flags=0x0 CustomDuration=0 VmBusChannel=0x0"
"15:33:28.0335326","184","12852","13196","hContext=1073742528 hWindow=0x0 VidPnSourceId=0 FlipInterval=0 Flags=32768 ReturnStatus=0 hSrcAllocHandle=0x40000540 hDstAllocHandle=0x0"
"15:33:28.0337071","172","4","876","hAdapter=0xffff910e8cd5c000 Token=0xffff810669b4d160 Model=0 TokenSize=0 TokenData=0 Flags=0x0 CustomDuration=0 VmBusChannel=0x0"
"15:33:28.0523937","184","12852","3792","hContext=1073759680 hWindow=0x0 VidPnSourceId=0 FlipInterval=1 Flags=4198404 ReturnStatus=0 hSrcAllocHandle=0x800043c0 hDstAllocHandle=0x0"
"15:33:28.1432317","184","12852","3792","hContext=1073759680 hWindow=0x0 VidPnSourceId=0 FlipInterval=1 Flags=4198404 ReturnStatus=0 hSrcAllocHandle=0x40005c80 hDstAllocHandle=0x0"
"15:33:28.1509953","184","12852","3792","hContext=1073759680 hWindow=0x0 VidPnSourceId=0 FlipInterval=1 Flags=4198404 ReturnStatus=0 hSrcAllocHandle=0x40005e00 hDstAllocHandle=0x0"
"15:33:28.2532801","184","12852","3792","hContext=1073759680 hWindow=0x0 VidPnSourceId=0 FlipInterval=1 Flags=4198404 ReturnStatus=0 hSrcAllocHandle=0x800043c0 hDstAllocHandle=0x0"
"15:33:28.2677735","184","12852","3792","hContext=1073759680 hWindow=0x0 VidPnSourceId=0 FlipInterval=1 Flags=4198404 ReturnStatus=0 hSrcAllocHandle=0x40005c80 hDstAllocHandle=0x0"
"15:33:28.3613075","184","12852","3792","hContext=1073759680 hWindow=0x0 VidPnSourceId=0 FlipInterval=1 Flags=4198404 ReturnStatus=0 hSrcAllocHandle=0x40005e00 hDstAllocHandle=0x0"
"15:33:28.3679485","184","12852","3792","hContext=1073759680 hWindow=0x0 VidPnSourceId=0 FlipInterval=1 Flags=4198404 ReturnStatus=0 hSrcAllocHandle=0x800043c0 hDstAllocHandle=0x0"
"15:33:28.4070507","184","12852","3792","hContext=1073759680 hWindow=0x0 VidPnSourceId=0 FlipInterval=1 Flags=4198404 ReturnStatus=0 hSrcAllocHandle=0x40005c80 hDstAllocHandle=0x0"
"15:33:28.4677731","184","12852","3792","hContext=1073759680 hWindow=0x0 VidPnSourceId=0 FlipInterval=1 Flags=4198404 ReturnStatus=0 hSrcAllocHandle=0x40005e00 hDstAllocHandle=0x0"
"15:33:28.4845261","184","12852","3792","hContext=1073759680 hWindow=0x0 VidPnSourceId=0 FlipInterval=1 Flags=4198404 ReturnStatus=0 hSrcAllocHandle=0x800043c0 hDstAllocHandle=0x0"
"15:33:28.5819495","184","12852","3792","hContext=1073759680 hWindow=0x0 VidPnSourceId=0 FlipInterval=1 Flags=4198404 ReturnStatus=0 hSrcAllocHandle=0x40005c80 hDstAllocHandle=0x0"
"15:33:28.5826656","171","12852","13196","hAdapter=0xffff910e86eb4820 Token=0xffff810669b4d160 Model=7 TokenSize=0 TokenData=4568 Flags=0x0 CustomDuration=0 VmBusChannel=0x0"
"15:33:28.5826786","184","12852","13196","hContext=1073742528 hWindow=0x0 VidPnSourceId=0 FlipInterval=0 Flags=32768 ReturnStatus=0 hSrcAllocHandle=0x40000540 hDstAllocHandle=0x0"
"15:33:28.5826910","172","4","880","hAdapter=0xffff910e8cd5c000 Token=0xffff810669b4d160 Model=0 TokenSize=0 TokenData=0 Flags=0x0 CustomDuration=0 VmBusChannel=0x0"
"15:33:28.5859073","184","12852","3792","hContext=1073759680 hWindow=0x0 VidPnSourceId=0 FlipInterval=1 Flags=4198404 ReturnStatus=0 hSrcAllocHandle=0x40005e00 hDstAllocHandle=0x0"
"15:33:28.6013289","184","12852","3792","hContext=1073759680 hWindow=0x0 VidPnSourceId=0 FlipInterval=1 Flags=4198404 ReturnStatus=0 hSrcAllocHandle=0x800043c0 hDstAllocHandle=0x0"
"15:33:28.6895662","184","12852","3792","hContext=1073759680 hWindow=0x0 VidPnSourceId=0 FlipInterval=1 Flags=4198404 ReturnStatus=0 hSrcAllocHandle=0x40005c80 hDstAllocHandle=0x0"
"15:33:28.9364630","184","12852","3792","hContext=1073759680 hWindow=0x0 VidPnSourceId=0 FlipInterval=1 Flags=4198404 ReturnStatus=0 hSrcAllocHandle=0x40005e00 hDstAllocHandle=0x0"
"15:33:29.0159492","184","12852","3792","hContext=1073759680 hWindow=0x0 VidPnSourceId=0 FlipInterval=1 Flags=4198404 ReturnStatus=0 hSrcAllocHandle=0x800043c0 hDstAllocHandle=0x0"
"15:33:29.0182183","184","12852","3792","hContext=1073759680 hWindow=0x0 VidPnSourceId=0 FlipInterval=1 Flags=4198404 ReturnStatus=0 hSrcAllocHandle=0x40005c80 hDstAllocHandle=0x0"
"15:33:29.1267360","184","12852","3792","hContext=1073759680 hWindow=0x0 VidPnSourceId=0 FlipInterval=1 Flags=4198404 ReturnStatus=0 hSrcAllocHandle=0x40005e00 hDstAllocHandle=0x0"
"15:33:29.1277395","171","12852","13196","hAdapter=0xffff910e86eb4820 Token=0xffff810669b4d160 Model=7 TokenSize=0 TokenData=4536 Flags=0x0 CustomDuration=0 VmBusChannel=0x0"
"15:33:29.1277573","184","12852","13196","hContext=1073742528 hWindow=0x0 VidPnSourceId=0 FlipInterval=0 Flags=32768 ReturnStatus=0 hSrcAllocHandle=0x40000540 hDstAllocHandle=0x0"
"15:33:29.1277663","172","4","880","hAdapter=0xffff910e8cd5c000 Token=0xffff810669b4d160 Model=0 TokenSize=0 TokenData=0 Flags=0x0 CustomDuration=0 VmBusChannel=0x0"
"15:33:29.1368726","184","12852","3792","hContext=1073759680 hWindow=0x0 VidPnSourceId=0 FlipInterval=1 Flags=4198404 ReturnStatus=0 hSrcAllocHandle=0x800043c0 hDstAllocHandle=0x0"
"15:33:29.2520906","184","12852","3792","hContext=1073759680 hWindow=0x0 VidPnSourceId=0 FlipInterval=1 Flags=4198404 ReturnStatus=0 hSrcAllocHandle=0x40005c80 hDstAllocHandle=0x0"
"15:33:29.3462299","184","12852","3792","hContext=1073759680 hWindow=0x0 VidPnSourceId=0 FlipInterval=1 Flags=4198404 ReturnStatus=0 hSrcAllocHandle=0x40005e00 hDstAllocHandle=0x0"
"15:33:29.3519971","184","12852","3792","hContext=1073759680 hWindow=0x0 VidPnSourceId=0 FlipInterval=1 Flags=4198404 ReturnStatus=0 hSrcAllocHandle=0x800043c0 hDstAllocHandle=0x0"
"15:33:29.4523026","184","12852","3792","hContext=1073759680 hWindow=0x0 VidPnSourceId=0 FlipInterval=1 Flags=4198404 ReturnStatus=0 hSrcAllocHandle=0x40005c80 hDstAllocHandle=0x0"
"15:33:29.4687987","184","12852","3792","hContext=1073759680 hWindow=0x0 VidPnSourceId=0 FlipInterval=1 Flags=4198404 ReturnStatus=0 hSrcAllocHandle=0x40005e00 hDstAllocHandle=0x0"
"15:33:29.5661757","184","12852","3792","hContext=1073759680 hWindow=0x0 VidPnSourceId=0 FlipInterval=1 Flags=4198404 ReturnStatus=0 hSrcAllocHandle=0x800043c0 hDstAllocHandle=0x0"
"15:33:29.5694725","184","12852","3792","hContext=1073759680 hWindow=0x0 VidPnSourceId=0 FlipInterval=1 Flags=4198404 ReturnStatus=0 hSrcAllocHandle=0x40005c80 hDstAllocHandle=0x0"
"15:33:29.6728527","184","12852","3792","hContext=1073759680 hWindow=0x0 VidPnSourceId=0 FlipInterval=1 Flags=4198404 ReturnStatus=0 hSrcAllocHandle=0x40005e00 hDstAllocHandle=0x0"
"15:33:29.6729707","171","12852","13196","hAdapter=0xffff910e86eb4820 Token=0xffff810669b4d160 Model=7 TokenSize=0 TokenData=4564 Flags=0x0 CustomDuration=0 VmBusChannel=0x0"
"15:33:29.6729896","184","12852","13196","hContext=1073742528 hWindow=0x0 VidPnSourceId=0 FlipInterval=0 Flags=32768 ReturnStatus=0 hSrcAllocHandle=0x40000540 hDstAllocHandle=0x0"
"15:33:29.6731557","172","4","876","hAdapter=0xffff910e8cd5c000 Token=0xffff810669b4d160 Model=0 TokenSize=0 TokenData=0 Flags=0x0 CustomDuration=0 VmBusChannel=0x0"
"15:33:29.6875997","184","12852","3792","hContext=1073759680 hWindow=0x0 VidPnSourceId=0 FlipInterval=1 Flags=4198404 ReturnStatus=0 hSrcAllocHandle=0x800043c0 hDstAllocHandle=0x0"
"15:33:29.7849977","184","12852","3792","hContext=1073759680 hWindow=0x0 VidPnSourceId=0 FlipInterval=1 Flags=4198404 ReturnStatus=0 hSrcAllocHandle=0x40005c80 hDstAllocHandle=0x0"
"15:33:29.8020969","184","12852","3792","hContext=1073759680 hWindow=0x0 VidPnSourceId=0 FlipInterval=1 Flags=4198404 ReturnStatus=0 hSrcAllocHandle=0x40005e00 hDstAllocHandle=0x0"
"15:33:29.9268966","184","12852","3792","hContext=1073759680 hWindow=0x0 VidPnSourceId=0 FlipInterval=1 Flags=4198404 ReturnStatus=0 hSrcAllocHandle=0x800043c0 hDstAllocHandle=0x0"
"15:33:29.9955244","184","12852","3792","hContext=1073759680 hWindow=0x0 VidPnSourceId=0 FlipInterval=1 Flags=4198404 ReturnStatus=0 hSrcAllocHandle=0x40005c80 hDstAllocHandle=0x0"
"15:33:29.9978000","171","12852","13196","hAdapter=0xffff910e86eb4820 Token=0xffff810669b4d160 Model=7 TokenSize=0 TokenData=4560 Flags=0x0 CustomDuration=0 VmBusChannel=0x0"
"15:33:29.9978154","184","12852","13196","hContext=1073742528 hWindow=0x0 VidPnSourceId=0 FlipInterval=0 Flags=32768 ReturnStatus=0 hSrcAllocHandle=0x40000540 hDstAllocHandle=0x0"
"15:33:30.0016787","171","12852","13196","hAdapter=0xffff910e86eb4820 Token=0xffff810669b4da00 Model=7 TokenSize=0 TokenData=4508 Flags=0x0 CustomDuration=0 VmBusChannel=0x0"
"15:33:30.0017017","184","12852","13196","hContext=1073742528 hWindow=0x0 VidPnSourceId=0 FlipInterval=0 Flags=32768 ReturnStatus=0 hSrcAllocHandle=0x40000540 hDstAllocHandle=0x0"
"15:33:30.0269897","172","4","876","hAdapter=0xffff910e8cd5c000 Token=0xffff810669b4d160 Model=0 TokenSize=0 TokenData=0 Flags=0x0 CustomDuration=0 VmBusChannel=0x0"
"15:33:30.0272800","172","4","876","hAdapter=0xffff910e8cd5c000 Token=0xffff810669b4da00 Model=0 TokenSize=0 TokenData=0 Flags=0x0 CustomDuration=0 VmBusChannel=0x0"
"15:33:30.0428211","171","4744","4980","hAdapter=0xffff910e8841b820 Token=0xffff810679da1e50 Model=7 TokenSize=0 TokenData=768 Flags=0x0 CustomDuration=0 VmBusChannel=0x0"
"15:33:30.0428447","184","4744","4980","hContext=3221228416 hWindow=0x0 VidPnSourceId=0 FlipInterval=0 Flags=32768 ReturnStatus=0 hSrcAllocHandle=0xc0003880 hDstAllocHandle=0x0"
"15:33:30.0430337","172","4","4712","hAdapter=0xffff910e8e19c000 Token=0xffff810679da1e50 Model=0 TokenSize=0 TokenData=0 Flags=0x0 CustomDuration=0 VmBusChannel=0x0"
"15:33:30.0430643","184","12852","3792","hContext=1073759680 hWindow=0x0 VidPnSourceId=0 FlipInterval=1 Flags=4198404 ReturnStatus=0 hSrcAllocHandle=0x40005e00 hDstAllocHandle=0x0"
"15:33:30.0707363","171","4744","4980","hAdapter=0xffff910e8841b820 Token=0xffff810679da1e50 Model=7 TokenSize=0 TokenData=4472 Flags=0x0 CustomDuration=0 VmBusChannel=0x0"
"15:33:30.0707532","184","4744","4980","hContext=3221228416 hWindow=0x0 VidPnSourceId=0 FlipInterval=0 Flags=32768 ReturnStatus=0 hSrcAllocHandle=0xc0003880 hDstAllocHandle=0x0"
"15:33:30.0707728","172","4","4712","hAdapter=0xffff910e8e19c000 Token=0xffff810679da1e50 Model=0 TokenSize=0 TokenData=0 Flags=0x0 CustomDuration=0 VmBusChannel=0x0"
"15:33:30.1335756","171","4744","4980","hAdapter=0xffff910e8841b820 Token=0xffff810679da1e50 Model=7 TokenSize=0 TokenData=4556 Flags=0x0 CustomDuration=0 VmBusChannel=0x0"
"15:33:30.1336034","184","4744","4980","hContext=3221228416 hWindow=0x0 VidPnSourceId=0 FlipInterval=0 Flags=32768 ReturnStatus=0 hSrcAllocHandle=0xc0003880 hDstAllocHandle=0x0"
"15:33:30.1336226","172","4","4712","hAdapter=0xffff910e8e19c000 Token=0xffff810679da1e50 Model=0 TokenSize=0 TokenData=0 Flags=0x0 CustomDuration=0 VmBusChannel=0x0"
"15:33:30.1428675","171","12852","13196","hAdapter=0xffff910e86eb4820 Token=0xffff810669b4da00 Model=7 TokenSize=0 TokenData=4556 Flags=0x0 CustomDuration=0 VmBusChannel=0x0"
"15:33:30.1428883","184","12852","13196","hContext=1073742528 hWindow=0x0 VidPnSourceId=0 FlipInterval=0 Flags=32768 ReturnStatus=0 hSrcAllocHandle=0x40000540 hDstAllocHandle=0x0"
"15:33:30.1429138","172","4","876","hAdapter=0xffff910e8cd5c000 Token=0xffff810669b4da00 Model=0 TokenSize=0 TokenData=0 Flags=0x0 CustomDuration=0 VmBusChannel=0x0"
"15:33:30.1540845","171","4744","4980","hAdapter=0xffff910e8841b820 Token=0xffff810679da1e50 Model=7 TokenSize=0 TokenData=4592 Flags=0x0 CustomDuration=0 VmBusChannel=0x0"
"15:33:30.1541132","184","4744","4980","hContext=3221228416 hWindow=0x0 VidPnSourceId=0 FlipInterval=0 Flags=32768 ReturnStatus=0 hSrcAllocHandle=0xc0003880 hDstAllocHandle=0x0"
"15:33:30.1541356","172","4","4712","hAdapter=0xffff910e8e19c000 Token=0xffff810679da1e50 Model=0 TokenSize=0 TokenData=0 Flags=0x0 CustomDuration=0 VmBusChannel=0x0"
"15:33:30.2183424","184","12852","3792","hContext=1073759680 hWindow=0x0 VidPnSourceId=0 FlipInterval=1 Flags=4198404 ReturnStatus=0 hSrcAllocHandle=0x800043c0 hDstAllocHandle=0x0"
"15:33:30.2226831","171","12852","13196","hAdapter=0xffff910e86eb4820 Token=0xffff810669b4da00 Model=7 TokenSize=0 TokenData=576 Flags=0x0 CustomDuration=0 VmBusChannel=0x0"
"15:33:30.2227019","184","12852","13196","hContext=1073742528 hWindow=0x0 VidPnSourceId=0 FlipInterval=0 Flags=32768 ReturnStatus=0 hSrcAllocHandle=0x40000540 hDstAllocHandle=0x0"
"15:33:30.2228353","172","4","876","hAdapter=0xffff910e8cd5c000 Token=0xffff810669b4da00 Model=0 TokenSize=0 TokenData=0 Flags=0x0 CustomDuration=0 VmBusChannel=0x0"
"15:33:30.4836445","184","12852","3792","hContext=1073759680 hWindow=0x0 VidPnSourceId=0 FlipInterval=1 Flags=4198404 ReturnStatus=0 hSrcAllocHandle=0x40005c80 hDstAllocHandle=0x0"
"15:33:30.4872809","184","12852","3792","hContext=1073759680 hWindow=0x0 VidPnSourceId=0 FlipInterval=1 Flags=4198404 ReturnStatus=0 hSrcAllocHandle=0x40005e00 hDstAllocHandle=0x0"
"15:33:30.5037529","184","12852","3792","hContext=1073759680 hWindow=0x0 VidPnSourceId=0 FlipInterval=1 Flags=4198404 ReturnStatus=0 hSrcAllocHandle=0x800043c0 hDstAllocHandle=0x0"
"15:33:30.5204002","184","12852","3792","hContext=1073759680 hWindow=0x0 VidPnSourceId=0 FlipInterval=1 Flags=4198404 ReturnStatus=0 hSrcAllocHandle=0x40005c80 hDstAllocHandle=0x0"
"15:33:30.5367139","184","12852","3792","hContext=1073759680 hWindow=0x0 VidPnSourceId=0 FlipInterval=1 Flags=4198404 ReturnStatus=0 hSrcAllocHandle=0x40005e00 hDstAllocHandle=0x0"
"15:33:30.5945740","184","12852","3792","hContext=1073759680 hWindow=0x0 VidPnSourceId=0 FlipInterval=1 Flags=4198404 ReturnStatus=0 hSrcAllocHandle=0x800043c0 hDstAllocHandle=0x0"
"15:33:30.6395300","171","4744","4980","hAdapter=0xffff910e8841b820 Token=0xffff810679da1e50 Model=7 TokenSize=0 TokenData=4472 Flags=0x0 CustomDuration=0 VmBusChannel=0x0"
"15:33:30.6395496","184","4744","4980","hContext=3221228416 hWindow=0x0 VidPnSourceId=0 FlipInterval=0 Flags=32768 ReturnStatus=0 hSrcAllocHandle=0xc0003880 hDstAllocHandle=0x0"
"15:33:30.6395908","172","4","4712","hAdapter=0xffff910e8e19c000 Token=0xffff810679da1e50 Model=0 TokenSize=0 TokenData=0 Flags=0x0 CustomDuration=0 VmBusChannel=0x0"
"15:33:30.6557116","184","12852","3792","hContext=1073759680 hWindow=0x0 VidPnSourceId=0 FlipInterval=1 Flags=4198404 ReturnStatus=0 hSrcAllocHandle=0x40005c80 hDstAllocHandle=0x0"
"15:33:30.6704580","184","12852","3792","hContext=1073759680 hWindow=0x0 VidPnSourceId=0 FlipInterval=1 Flags=4198404 ReturnStatus=0 hSrcAllocHandle=0x40005e00 hDstAllocHandle=0x0"
"15:33:30.7719401","171","12852","13196","hAdapter=0xffff910e86eb4820 Token=0xffff810669b4da00 Model=7 TokenSize=0 TokenData=4608 Flags=0x0 CustomDuration=0 VmBusChannel=0x0"
"15:33:30.7719598","184","12852","13196","hContext=1073742528 hWindow=0x0 VidPnSourceId=0 FlipInterval=0 Flags=32768 ReturnStatus=0 hSrcAllocHandle=0x40000540 hDstAllocHandle=0x0"
"15:33:30.7721580","172","4","876","hAdapter=0xffff910e8cd5c000 Token=0xffff810669b4da00 Model=0 TokenSize=0 TokenData=0 Flags=0x0 CustomDuration=0 VmBusChannel=0x0"
"15:33:30.7887234","184","12852","3792","hContext=1073759680 hWindow=0x0 VidPnSourceId=0 FlipInterval=1 Flags=4198404 ReturnStatus=0 hSrcAllocHandle=0x800043c0 hDstAllocHandle=0x0"
"15:33:30.8038847","184","12852","3792","hContext=1073759680 hWindow=0x0 VidPnSourceId=0 FlipInterval=1 Flags=4198404 ReturnStatus=0 hSrcAllocHandle=0x40005c80 hDstAllocHandle=0x0"
"15:33:30.8872750","184","12852","3792","hContext=1073759680 hWindow=0x0 VidPnSourceId=0 FlipInterval=1 Flags=4198404 ReturnStatus=0 hSrcAllocHandle=0x40005e00 hDstAllocHandle=0x0"
"15:33:30.9874132","184","12852","3792","hContext=1073759680 hWindow=0x0 VidPnSourceId=0 FlipInterval=1 Flags=4198404 ReturnStatus=0 hSrcAllocHandle=0x800043c0 hDstAllocHandle=0x0"
"15:33:31.3130973","171","12852","13196","hAdapter=0xffff910e86eb4820 Token=0xffff810669b4da00 Model=7 TokenSize=0 TokenData=4524 Flags=0x0 CustomDuration=0 VmBusChannel=0x0"
"15:33:31.3131107","184","12852","13196","hContext=1073742528 hWindow=0x0 VidPnSourceId=0 FlipInterval=0 Flags=32768 ReturnStatus=0 hSrcAllocHandle=0x40000540 hDstAllocHandle=0x0"
"15:33:31.3131217","172","4","880","hAdapter=0xffff910e8cd5c000 Token=0xffff810669b4da00 Model=0 TokenSize=0 TokenData=0 Flags=0x0 CustomDuration=0 VmBusChannel=0x0"
"15:33:31.3652795","184","12852","3792","hContext=1073759680 hWindow=0x0 VidPnSourceId=0 FlipInterval=1 Flags=4198404 ReturnStatus=0 hSrcAllocHandle=0x40005c80 hDstAllocHandle=0x0"
"15:33:31.3872175","184","12852","3792","hContext=1073759680 hWindow=0x0 VidPnSourceId=0 FlipInterval=1 Flags=4198404 ReturnStatus=0 hSrcAllocHandle=0x40005e00 hDstAllocHandle=0x0"
"15:33:31.4071074","184","12852","3792","hContext=1073759680 hWindow=0x0 VidPnSourceId=0 FlipInterval=1 Flags=4198404 ReturnStatus=0 hSrcAllocHandle=0x800043c0 hDstAllocHandle=0x0"
"15:33:31.4202988","184","12852","3792","hContext=1073759680 hWindow=0x0 VidPnSourceId=0 FlipInterval=1 Flags=4198404 ReturnStatus=0 hSrcAllocHandle=0x40005c80 hDstAllocHandle=0x0"
"15:33:31.5317409","184","12852","3792","hContext=1073759680 hWindow=0x0 VidPnSourceId=0 FlipInterval=1 Flags=4198404 ReturnStatus=0 hSrcAllocHandle=0x40005e00 hDstAllocHandle=0x0"
"15:33:31.5371286","184","12852","3792","hContext=1073759680 hWindow=0x0 VidPnSourceId=0 FlipInterval=1 Flags=4198404 ReturnStatus=0 hSrcAllocHandle=0x800043c0 hDstAllocHandle=0x0"
"15:33:31.6439758","184","12852","3792","hContext=1073759680 hWindow=0x0 VidPnSourceId=0 FlipInterval=1 Flags=4198404 ReturnStatus=0 hSrcAllocHandle=0x40005c80 hDstAllocHandle=0x0"
"15:33:31.6537189","184","12852","3792","hContext=1073759680 hWindow=0x0 VidPnSourceId=0 FlipInterval=1 Flags=4198404 ReturnStatus=0 hSrcAllocHandle=0x40005e00 hDstAllocHandle=0x0"
"15:33:31.7520297","184","12852","3792","hContext=1073759680 hWindow=0x0 VidPnSourceId=0 FlipInterval=1 Flags=4198404 ReturnStatus=0 hSrcAllocHandle=0x800043c0 hDstAllocHandle=0x0"
"15:33:31.7536391","184","12852","3792","hContext=1073759680 hWindow=0x0 VidPnSourceId=0 FlipInterval=1 Flags=4198404 ReturnStatus=0 hSrcAllocHandle=0x40005c80 hDstAllocHandle=0x0"
"15:33:31.8629630","184","12852","3792","hContext=1073759680 hWindow=0x0 VidPnSourceId=0 FlipInterval=1 Flags=4198404 ReturnStatus=0 hSrcAllocHandle=0x40005e00 hDstAllocHandle=0x0"
"15:33:31.8630425","171","12852","13196","hAdapter=0xffff910e86eb4820 Token=0xffff810669b4da00 Model=7 TokenSize=0 TokenData=4608 Flags=0x0 CustomDuration=0 VmBusChannel=0x0"
"15:33:31.8630585","184","12852","13196","hContext=1073742528 hWindow=0x0 VidPnSourceId=0 FlipInterval=0 Flags=32768 ReturnStatus=0 hSrcAllocHandle=0x40000540 hDstAllocHandle=0x0"
"15:33:31.8632503","172","4","876","hAdapter=0xffff910e8cd5c000 Token=0xffff810669b4da00 Model=0 TokenSize=0 TokenData=0 Flags=0x0 CustomDuration=0 VmBusChannel=0x0"
"15:33:31.8732760","184","12852","3792","hContext=1073759680 hWindow=0x0 VidPnSourceId=0 FlipInterval=1 Flags=4198404 ReturnStatus=0 hSrcAllocHandle=0x800043c0 hDstAllocHandle=0x0"
"15:33:31.9211147","184","12852","3792","hContext=1073759680 hWindow=0x0 VidPnSourceId=0 FlipInterval=1 Flags=4198404 ReturnStatus=0 hSrcAllocHandle=0x40005c80 hDstAllocHandle=0x0"
"15:33:31.9722811","184","12852","3792","hContext=1073759680 hWindow=0x0 VidPnSourceId=0 FlipInterval=1 Flags=4198404 ReturnStatus=0 hSrcAllocHandle=0x40005e00 hDstAllocHandle=0x0"
"15:33:31.9877725","184","12852","3792","hContext=1073759680 hWindow=0x0 VidPnSourceId=0 FlipInterval=1 Flags=4198404 ReturnStatus=0 hSrcAllocHandle=0x800043c0 hDstAllocHandle=0x0"
"15:33:32.0882569","184","12852","3792","hContext=1073759680 hWindow=0x0 VidPnSourceId=0 FlipInterval=1 Flags=4198404 ReturnStatus=0 hSrcAllocHandle=0x40005c80 hDstAllocHandle=0x0"
"15:33:32.0999903","171","12852","13196","hAdapter=0xffff910e86eb4820 Token=0xffff810669b4da00 Model=7 TokenSize=0 TokenData=4532 Flags=0x0 CustomDuration=0 VmBusChannel=0x0"
"15:33:32.1000088","184","12852","13196","hContext=1073742528 hWindow=0x0 VidPnSourceId=0 FlipInterval=0 Flags=32768 ReturnStatus=0 hSrcAllocHandle=0x40000540 hDstAllocHandle=0x0"
"15:33:32.1001467","172","4","876","hAdapter=0xffff910e8cd5c000 Token=0xffff810669b4da00 Model=0 TokenSize=0 TokenData=0 Flags=0x0 CustomDuration=0 VmBusChannel=0x0"
"15:33:32.1048300","184","12852","3792","hContext=1073759680 hWindow=0x0 VidPnSourceId=0 FlipInterval=1 Flags=4198404 ReturnStatus=0 hSrcAllocHandle=0x40005e00 hDstAllocHandle=0x0"
"15:33:32.1206293","171","12852","13196","hAdapter=0xffff910e86eb4820 Token=0xffff810669b4da00 Model=7 TokenSize=0 TokenData=2772 Flags=0x0 CustomDuration=0 VmBusChannel=0x0"
"15:33:32.1206450","184","12852","13196","hContext=1073742528 hWindow=0x0 VidPnSourceId=0 FlipInterval=0 Flags=32768 ReturnStatus=0 hSrcAllocHandle=0x40000540 hDstAllocHandle=0x0"
"15:33:32.1239705","172","4","876","hAdapter=0xffff910e8cd5c000 Token=0xffff810669b4da00 Model=0 TokenSize=0 TokenData=0 Flags=0x0 CustomDuration=0 VmBusChannel=0x0"
"15:33:32.1251897","171","12852","13196","hAdapter=0xffff910e86eb4820 Token=0xffff810669b4da00 Model=7 TokenSize=0 TokenData=4524 Flags=0x0 CustomDuration=0 VmBusChannel=0x0"
"15:33:32.1252131","184","12852","13196","hContext=1073742528 hWindow=0x0 VidPnSourceId=0 FlipInterval=0 Flags=32768 ReturnStatus=0 hSrcAllocHandle=0x40000540 hDstAllocHandle=0x0"
"15:33:32.1252648","172","4","876","hAdapter=0xffff910e8cd5c000 Token=0xffff810669b4da00 Model=0 TokenSize=0 TokenData=0 Flags=0x0 CustomDuration=0 VmBusChannel=0x0"
"15:33:32.1391318","184","12852","3792","hContext=1073759680 hWindow=0x0 VidPnSourceId=0 FlipInterval=1 Flags=4198404 ReturnStatus=0 hSrcAllocHandle=0x800043c0 hDstAllocHandle=0x0"
"15:33:32.1670672","171","4744","4980","hAdapter=0xffff910e8841b820 Token=0xffff810679da1e50 Model=7 TokenSize=0 TokenData=4472 Flags=0x0 CustomDuration=0 VmBusChannel=0x0"
"15:33:32.1670869","184","4744","4980","hContext=3221228416 hWindow=0x0 VidPnSourceId=0 FlipInterval=0 Flags=32768 ReturnStatus=0 hSrcAllocHandle=0xc0003880 hDstAllocHandle=0x0"
"15:33:32.1670976","172","4","4712","hAdapter=0xffff910e8e19c000 Token=0xffff810679da1e50 Model=0 TokenSize=0 TokenData=0 Flags=0x0 CustomDuration=0 VmBusChannel=0x0"
"15:33:32.1788736","184","12852","3792","hContext=1073759680 hWindow=0x0 VidPnSourceId=0 FlipInterval=1 Flags=4198404 ReturnStatus=0 hSrcAllocHandle=0x40005c80 hDstAllocHandle=0x0"
"15:33:32.3012951","184","12852","3792","hContext=1073759680 hWindow=0x0 VidPnSourceId=0 FlipInterval=1 Flags=4198404 ReturnStatus=0 hSrcAllocHandle=0x40005e00 hDstAllocHandle=0x0"
"15:33:32.3887346","171","12852","13196","hAdapter=0xffff910e86eb4820 Token=0xffff810669b4da00 Model=7 TokenSize=0 TokenData=2772 Flags=0x0 CustomDuration=0 VmBusChannel=0x0"
"15:33:32.3887616","184","12852","13196","hContext=1073742528 hWindow=0x0 VidPnSourceId=0 FlipInterval=0 Flags=32768 ReturnStatus=0 hSrcAllocHandle=0x40000540 hDstAllocHandle=0x0"
"15:33:32.3888776","172","4","876","hAdapter=0xffff910e8cd5c000 Token=0xffff810669b4da00 Model=0 TokenSize=0 TokenData=0 Flags=0x0 CustomDuration=0 VmBusChannel=0x0"
"15:33:32.3913424","171","12852","13196","hAdapter=0xffff910e86eb4820 Token=0xffff810669b4da00 Model=7 TokenSize=0 TokenData=4608 Flags=0x0 CustomDuration=0 VmBusChannel=0x0"
"15:33:32.3913734","184","12852","13196","hContext=1073742528 hWindow=0x0 VidPnSourceId=0 FlipInterval=0 Flags=32768 ReturnStatus=0 hSrcAllocHandle=0x40000540 hDstAllocHandle=0x0"
"15:33:32.3915073","172","4","876","hAdapter=0xffff910e8cd5c000 Token=0xffff810669b4da00 Model=0 TokenSize=0 TokenData=0 Flags=0x0 CustomDuration=0 VmBusChannel=0x0"
"15:33:32.3943683","171","12852","13196","hAdapter=0xffff910e86eb4820 Token=0xffff810669b4da00 Model=7 TokenSize=0 TokenData=4608 Flags=0x0 CustomDuration=0 VmBusChannel=0x0"
"15:33:32.3943916","184","12852","13196","hContext=1073742528 hWindow=0x0 VidPnSourceId=0 FlipInterval=0 Flags=32768 ReturnStatus=0 hSrcAllocHandle=0x40000540 hDstAllocHandle=0x0"
"15:33:32.3963810","171","12852","13196","hAdapter=0xffff910e86eb4820 Token=0xffff810669b4d160 Model=7 TokenSize=0 TokenData=4536 Flags=0x0 CustomDuration=0 VmBusChannel=0x0"
"15:33:32.3964008","184","12852","13196","hContext=1073742528 hWindow=0x0 VidPnSourceId=0 FlipInterval=0 Flags=32768 ReturnStatus=0 hSrcAllocHandle=0x40000540 hDstAllocHandle=0x0"
"15:33:32.3977179","172","4","876","hAdapter=0xffff910e8cd5c000 Token=0xffff810669b4da00 Model=0 TokenSize=0 TokenData=0 Flags=0x0 CustomDuration=0 VmBusChannel=0x0"
"15:33:32.3979752","172","4","876","hAdapter=0xffff910e8cd5c000 Token=0xffff810669b4d160 Model=0 TokenSize=0 TokenData=0 Flags=0x0 CustomDuration=0 VmBusChannel=0x0"
"15:33:32.3995495","171","12852","13196","hAdapter=0xffff910e86eb4820 Token=0xffff810669b4d160 Model=7 TokenSize=0 TokenData=4608 Flags=0x0 CustomDuration=0 VmBusChannel=0x0"
"15:33:32.3995672","184","12852","13196","hContext=1073742528 hWindow=0x0 VidPnSourceId=0 FlipInterval=0 Flags=32768 ReturnStatus=0 hSrcAllocHandle=0x40000540 hDstAllocHandle=0x0"
"15:33:32.3997623","172","4","876","hAdapter=0xffff910e8cd5c000 Token=0xffff810669b4d160 Model=0 TokenSize=0 TokenData=0 Flags=0x0 CustomDuration=0 VmBusChannel=0x0"
"15:33:32.4061669","171","12852","13196","hAdapter=0xffff910e86eb4820 Token=0xffff810669b4d160 Model=7 TokenSize=0 TokenData=4528 Flags=0x0 CustomDuration=0 VmBusChannel=0x0"
"15:33:32.4061879","184","12852","13196","hContext=1073742528 hWindow=0x0 VidPnSourceId=0 FlipInterval=0 Flags=32768 ReturnStatus=0 hSrcAllocHandle=0x40000540 hDstAllocHandle=0x0"
"15:33:32.4062464","172","4","876","hAdapter=0xffff910e8cd5c000 Token=0xffff810669b4d160 Model=0 TokenSize=0 TokenData=0 Flags=0x0 CustomDuration=0 VmBusChannel=0x0"
"15:33:32.4155080","171","4744","4980","hAdapter=0xffff910e8841b820 Token=0xffff810679da1e50 Model=7 TokenSize=0 TokenData=4528 Flags=0x0 CustomDuration=0 VmBusChannel=0x0"
"15:33:32.4155269","184","4744","4980","hContext=3221228416 hWindow=0x0 VidPnSourceId=0 FlipInterval=0 Flags=32768 ReturnStatus=0 hSrcAllocHandle=0xc0003880 hDstAllocHandle=0x0"
"15:33:32.4155501","172","4","4712","hAdapter=0xffff910e8e19c000 Token=0xffff810679da1e50 Model=0 TokenSize=0 TokenData=0 Flags=0x0 CustomDuration=0 VmBusChannel=0x0"
"15:33:32.4910757","171","4744","4980","hAdapter=0xffff910e8841b820 Token=0xffff810679da1e50 Model=7 TokenSize=0 TokenData=4568 Flags=0x0 CustomDuration=0 VmBusChannel=0x0"
"15:33:32.4910984","184","4744","4980","hContext=3221228416 hWindow=0x0 VidPnSourceId=0 FlipInterval=0 Flags=32768 ReturnStatus=0 hSrcAllocHandle=0xc0003880 hDstAllocHandle=0x0"
"15:33:32.4911134","172","4","4712","hAdapter=0xffff910e8e19c000 Token=0xffff810679da1e50 Model=0 TokenSize=0 TokenData=0 Flags=0x0 CustomDuration=0 VmBusChannel=0x0"
"15:33:32.6843809","184","12852","3792","hContext=1073759680 hWindow=0x0 VidPnSourceId=0 FlipInterval=1 Flags=4198404 ReturnStatus=0 hSrcAllocHandle=0x800043c0 hDstAllocHandle=0x0"
"15:33:32.7453761","184","12852","3792","hContext=1073759680 hWindow=0x0 VidPnSourceId=0 FlipInterval=1 Flags=4198404 ReturnStatus=0 hSrcAllocHandle=0x40005c80 hDstAllocHandle=0x0"
"15:33:32.7565736","184","12852","3792","hContext=1073759680 hWindow=0x0 VidPnSourceId=0 FlipInterval=1 Flags=4198404 ReturnStatus=0 hSrcAllocHandle=0x40005e00 hDstAllocHandle=0x0"
"15:33:32.7734296","184","12852","3792","hContext=1073759680 hWindow=0x0 VidPnSourceId=0 FlipInterval=1 Flags=4198404 ReturnStatus=0 hSrcAllocHandle=0x800043c0 hDstAllocHandle=0x0"
"15:33:32.7898668","184","12852","3792","hContext=1073759680 hWindow=0x0 VidPnSourceId=0 FlipInterval=1 Flags=4198404 ReturnStatus=0 hSrcAllocHandle=0x40005c80 hDstAllocHandle=0x0"
"15:33:32.8091986","184","12852","3792","hContext=1073759680 hWindow=0x0 VidPnSourceId=0 FlipInterval=1 Flags=4198404 ReturnStatus=0 hSrcAllocHandle=0x40005e00 hDstAllocHandle=0x0"
"15:33:32.8237547","184","12852","3792","hContext=1073759680 hWindow=0x0 VidPnSourceId=0 FlipInterval=1 Flags=4198404 ReturnStatus=0 hSrcAllocHandle=0x800043c0 hDstAllocHandle=0x0"
"15:33:32.8389672","184","12852","3792","hContext=1073759680 hWindow=0x0 VidPnSourceId=0 FlipInterval=1 Flags=4198404 ReturnStatus=0 hSrcAllocHandle=0x40005c80 hDstAllocHandle=0x0"
"15:33:32.8564360","184","12852","3792","hContext=1073759680 hWindow=0x0 VidPnSourceId=0 FlipInterval=1 Flags=4198404 ReturnStatus=0 hSrcAllocHandle=0x40005e00 hDstAllocHandle=0x0"
"15:33:32.8727324","184","12852","3792","hContext=1073759680 hWindow=0x0 VidPnSourceId=0 FlipInterval=1 Flags=4198404 ReturnStatus=0 hSrcAllocHandle=0x800043c0 hDstAllocHandle=0x0"
"15:33:32.8892638","184","12852","3792","hContext=1073759680 hWindow=0x0 VidPnSourceId=0 FlipInterval=1 Flags=4198404 ReturnStatus=0 hSrcAllocHandle=0x40005c80 hDstAllocHandle=0x0"
"15:33:32.9057755","184","12852","3792","hContext=1073759680 hWindow=0x0 VidPnSourceId=0 FlipInterval=1 Flags=4198404 ReturnStatus=0 hSrcAllocHandle=0x40005e00 hDstAllocHandle=0x0"
"15:33:32.9224806","184","12852","3792","hContext=1073759680 hWindow=0x0 VidPnSourceId=0 FlipInterval=1 Flags=4198404 ReturnStatus=0 hSrcAllocHandle=0x800043c0 hDstAllocHandle=0x0"
"15:33:32.9387937","184","12852","3792","hContext=1073759680 hWindow=0x0 VidPnSourceId=0 FlipInterval=1 Flags=4198404 ReturnStatus=0 hSrcAllocHandle=0x40005c80 hDstAllocHandle=0x0"
"15:33:32.9554495","184","12852","3792","hContext=1073759680 hWindow=0x0 VidPnSourceId=0 FlipInterval=1 Flags=4198404 ReturnStatus=0 hSrcAllocHandle=0x40005e00 hDstAllocHandle=0x0"
"15:33:32.9580058","171","12852","13196","hAdapter=0xffff910e86eb4820 Token=0xffff810669b4d160 Model=7 TokenSize=0 TokenData=4600 Flags=0x0 CustomDuration=0 VmBusChannel=0x0"
"15:33:32.9580222","184","12852","13196","hContext=1073742528 hWindow=0x0 VidPnSourceId=0 FlipInterval=0 Flags=32768 ReturnStatus=0 hSrcAllocHandle=0x40000540 hDstAllocHandle=0x0"
"15:33:32.9581575","172","4","876","hAdapter=0xffff910e8cd5c000 Token=0xffff810669b4d160 Model=0 TokenSize=0 TokenData=0 Flags=0x0 CustomDuration=0 VmBusChannel=0x0"
"15:33:32.9783011","184","12852","3792","hContext=1073759680 hWindow=0x0 VidPnSourceId=0 FlipInterval=1 Flags=4198404 ReturnStatus=0 hSrcAllocHandle=0x800043c0 hDstAllocHandle=0x0"
"15:33:32.9897684","184","12852","3792","hContext=1073759680 hWindow=0x0 VidPnSourceId=0 FlipInterval=1 Flags=4198404 ReturnStatus=0 hSrcAllocHandle=0x40005c80 hDstAllocHandle=0x0"
"15:33:33.0054774","184","12852","3792","hContext=1073759680 hWindow=0x0 VidPnSourceId=0 FlipInterval=1 Flags=4198404 ReturnStatus=0 hSrcAllocHandle=0x40005e00 hDstAllocHandle=0x0"
"15:33:33.0222017","184","12852","3792","hContext=1073759680 hWindow=0x0 VidPnSourceId=0 FlipInterval=1 Flags=4198404 ReturnStatus=0 hSrcAllocHandle=0x800043c0 hDstAllocHandle=0x0"
"15:33:33.0386581","184","12852","3792","hContext=1073759680 hWindow=0x0 VidPnSourceId=0 FlipInterval=1 Flags=4198404 ReturnStatus=0 hSrcAllocHandle=0x40005c80 hDstAllocHandle=0x0"
"15:33:33.3319716","184","12852","3792","hContext=1073759680 hWindow=0x0 VidPnSourceId=0 FlipInterval=1 Flags=4198404 ReturnStatus=0 hSrcAllocHandle=0x40005e00 hDstAllocHandle=0x0"
"15:33:33.3398555","184","12852","3792","hContext=1073759680 hWindow=0x0 VidPnSourceId=0 FlipInterval=1 Flags=4198404 ReturnStatus=0 hSrcAllocHandle=0x800043c0 hDstAllocHandle=0x0"
"15:33:33.4055110","184","12852","3792","hContext=1073759680 hWindow=0x0 VidPnSourceId=0 FlipInterval=1 Flags=4198404 ReturnStatus=0 hSrcAllocHandle=0x40005c80 hDstAllocHandle=0x0"
"15:33:33.4228545","184","12852","3792","hContext=1073759680 hWindow=0x0 VidPnSourceId=0 FlipInterval=1 Flags=4198404 ReturnStatus=0 hSrcAllocHandle=0x40005e00 hDstAllocHandle=0x0"
"15:33:33.5069676","184","12852","3792","hContext=1073759680 hWindow=0x0 VidPnSourceId=0 FlipInterval=1 Flags=4198404 ReturnStatus=0 hSrcAllocHandle=0x800043c0 hDstAllocHandle=0x0"
"15:33:33.5070893","171","12852","13196","hAdapter=0xffff910e86eb4820 Token=0xffff810669b4d160 Model=7 TokenSize=0 TokenData=4508 Flags=0x0 CustomDuration=0 VmBusChannel=0x0"
"15:33:33.5071332","184","12852","13196","hContext=1073742528 hWindow=0x0 VidPnSourceId=0 FlipInterval=0 Flags=32768 ReturnStatus=0 hSrcAllocHandle=0x40000540 hDstAllocHandle=0x0"
"15:33:33.5073066","172","4","876","hAdapter=0xffff910e8cd5c000 Token=0xffff810669b4d160 Model=0 TokenSize=0 TokenData=0 Flags=0x0 CustomDuration=0 VmBusChannel=0x0"
"15:33:33.5431577","184","12852","3792","hContext=1073759680 hWindow=0x0 VidPnSourceId=0 FlipInterval=1 Flags=4198404 ReturnStatus=0 hSrcAllocHandle=0x40005c80 hDstAllocHandle=0x0"
"15:33:33.6127913","184","12852","3792","hContext=1073759680 hWindow=0x0 VidPnSourceId=0 FlipInterval=1 Flags=4198404 ReturnStatus=0 hSrcAllocHandle=0x40005e00 hDstAllocHandle=0x0"
"15:33:33.6226602","184","12852","3792","hContext=1073759680 hWindow=0x0 VidPnSourceId=0 FlipInterval=1 Flags=4198404 ReturnStatus=0 hSrcAllocHandle=0x800043c0 hDstAllocHandle=0x0"
"15:33:33.7174685","184","12852","3792","hContext=1073759680 hWindow=0x0 VidPnSourceId=0 FlipInterval=1 Flags=4198404 ReturnStatus=0 hSrcAllocHandle=0x40005c80 hDstAllocHandle=0x0"
"15:33:33.7223476","184","12852","3792","hContext=1073759680 hWindow=0x0 VidPnSourceId=0 FlipInterval=1 Flags=4198404 ReturnStatus=0 hSrcAllocHandle=0x40005e00 hDstAllocHandle=0x0"
"15:33:33.8328571","184","12852","3792","hContext=1073759680 hWindow=0x0 VidPnSourceId=0 FlipInterval=1 Flags=4198404 ReturnStatus=0 hSrcAllocHandle=0x800043c0 hDstAllocHandle=0x0"
"15:33:33.8397014","184","12852","3792","hContext=1073759680 hWindow=0x0 VidPnSourceId=0 FlipInterval=1 Flags=4198404 ReturnStatus=0 hSrcAllocHandle=0x40005c80 hDstAllocHandle=0x0"
"15:33:33.9159545","184","12852","3792","hContext=1073759680 hWindow=0x0 VidPnSourceId=0 FlipInterval=1 Flags=4198404 ReturnStatus=0 hSrcAllocHandle=0x40005e00 hDstAllocHandle=0x0"
"15:33:33.9388768","184","12852","3792","hContext=1073759680 hWindow=0x0 VidPnSourceId=0 FlipInterval=1 Flags=4198404 ReturnStatus=0 hSrcAllocHandle=0x800043c0 hDstAllocHandle=0x0"
"15:33:33.9561776","184","12852","3792","hContext=1073759680 hWindow=0x0 VidPnSourceId=0 FlipInterval=1 Flags=4198404 ReturnStatus=0 hSrcAllocHandle=0x40005c80 hDstAllocHandle=0x0"
"15:33:34.0540995","184","12852","3792","hContext=1073759680 hWindow=0x0 VidPnSourceId=0 FlipInterval=1 Flags=4198404 ReturnStatus=0 hSrcAllocHandle=0x40005e00 hDstAllocHandle=0x0"
"15:33:34.0542589","171","12852","13196","hAdapter=0xffff910e86eb4820 Token=0xffff810669b4d160 Model=7 TokenSize=0 TokenData=4508 Flags=0x0 CustomDuration=0 VmBusChannel=0x0"
"15:33:34.0542745","184","12852","13196","hContext=1073742528 hWindow=0x0 VidPnSourceId=0 FlipInterval=0 Flags=32768 ReturnStatus=0 hSrcAllocHandle=0x40000540 hDstAllocHandle=0x0"
"15:33:34.0545146","172","4","876","hAdapter=0xffff910e8cd5c000 Token=0xffff810669b4d160 Model=0 TokenSize=0 TokenData=0 Flags=0x0 CustomDuration=0 VmBusChannel=0x0"
"15:33:34.0587363","184","12852","3792","hContext=1073759680 hWindow=0x0 VidPnSourceId=0 FlipInterval=1 Flags=4198404 ReturnStatus=0 hSrcAllocHandle=0x800043c0 hDstAllocHandle=0x0"
"15:33:34.0756184","184","12852","3792","hContext=1073759680 hWindow=0x0 VidPnSourceId=0 FlipInterval=1 Flags=4198404 ReturnStatus=0 hSrcAllocHandle=0x40005c80 hDstAllocHandle=0x0"
"15:33:34.1561696","184","12852","3792","hContext=1073759680 hWindow=0x0 VidPnSourceId=0 FlipInterval=1 Flags=4198404 ReturnStatus=0 hSrcAllocHandle=0x40005e00 hDstAllocHandle=0x0"
"15:33:34.1651410","171","12852","13196","hAdapter=0xffff910e86eb4820 Token=0xffff810669b4d160 Model=7 TokenSize=0 TokenData=576 Flags=0x0 CustomDuration=0 VmBusChannel=0x0"
"15:33:34.1651579","184","12852","13196","hContext=1073742528 hWindow=0x0 VidPnSourceId=0 FlipInterval=0 Flags=32768 ReturnStatus=0 hSrcAllocHandle=0x40000540 hDstAllocHandle=0x0"
"15:33:34.1653144","172","4","876","hAdapter=0xffff910e8cd5c000 Token=0xffff810669b4d160 Model=0 TokenSize=0 TokenData=0 Flags=0x0 CustomDuration=0 VmBusChannel=0x0"
"15:33:34.1685029","171","12852","13196","hAdapter=0xffff910e86eb4820 Token=0xffff810669b4d160 Model=7 TokenSize=0 TokenData=4220 Flags=0x0 CustomDuration=0 VmBusChannel=0x0"
"15:33:34.1685154","184","12852","13196","hContext=1073742528 hWindow=0x0 VidPnSourceId=0 FlipInterval=0 Flags=32768 ReturnStatus=0 hSrcAllocHandle=0x40000540 hDstAllocHandle=0x0"
"15:33:34.1705908","171","12852","13196","hAdapter=0xffff910e86eb4820 Token=0xffff810669b4da00 Model=7 TokenSize=0 TokenData=4508 Flags=0x0 CustomDuration=0 VmBusChannel=0x0"
"15:33:34.1706198","184","12852","13196","hContext=1073742528 hWindow=0x0 VidPnSourceId=0 FlipInterval=0 Flags=32768 ReturnStatus=0 hSrcAllocHandle=0x40000540 hDstAllocHandle=0x0"
"15:33:34.1714194","172","4","876","hAdapter=0xffff910e8cd5c000 Token=0xffff810669b4d160 Model=0 TokenSize=0 TokenData=0 Flags=0x0 CustomDuration=0 VmBusChannel=0x0"
"15:33:34.1716337","172","4","876","hAdapter=0xffff910e8cd5c000 Token=0xffff810669b4da00 Model=0 TokenSize=0 TokenData=0 Flags=0x0 CustomDuration=0 VmBusChannel=0x0"
"15:33:34.1767059","184","12852","3792","hContext=1073759680 hWindow=0x0 VidPnSourceId=0 FlipInterval=1 Flags=4198404 ReturnStatus=0 hSrcAllocHandle=0x800043c0 hDstAllocHandle=0x0"
"15:33:34.1882093","171","4744","4980","hAdapter=0xffff910e8841b820 Token=0xffff810679da1e50 Model=7 TokenSize=0 TokenData=4592 Flags=0x0 CustomDuration=0 VmBusChannel=0x0"
"15:33:34.1882285","184","4744","4980","hContext=3221228416 hWindow=0x0 VidPnSourceId=0 FlipInterval=0 Flags=32768 ReturnStatus=0 hSrcAllocHandle=0xc0003880 hDstAllocHandle=0x0"
"15:33:34.1882458","172","4","4712","hAdapter=0xffff910e8e19c000 Token=0xffff810679da1e50 Model=0 TokenSize=0 TokenData=0 Flags=0x0 CustomDuration=0 VmBusChannel=0x0"
"15:33:34.2087435","171","4744","4980","hAdapter=0xffff910e8841b820 Token=0xffff810679da1e50 Model=7 TokenSize=0 TokenData=4620 Flags=0x0 CustomDuration=0 VmBusChannel=0x0"
"15:33:34.2087633","184","4744","4980","hContext=3221228416 hWindow=0x0 VidPnSourceId=0 FlipInterval=0 Flags=32768 ReturnStatus=0 hSrcAllocHandle=0xc0003880 hDstAllocHandle=0x0"
"15:33:34.2087792","172","4","4712","hAdapter=0xffff910e8e19c000 Token=0xffff810679da1e50 Model=0 TokenSize=0 TokenData=0 Flags=0x0 CustomDuration=0 VmBusChannel=0x0"
"15:33:34.4894987","184","12852","3792","hContext=1073759680 hWindow=0x0 VidPnSourceId=0 FlipInterval=1 Flags=4198404 ReturnStatus=0 hSrcAllocHandle=0x40005c80 hDstAllocHandle=0x0"
"15:33:34.5070008","184","12852","3792","hContext=1073759680 hWindow=0x0 VidPnSourceId=0 FlipInterval=1 Flags=4198404 ReturnStatus=0 hSrcAllocHandle=0x40005e00 hDstAllocHandle=0x0"
"15:33:34.5258538","184","12852","3792","hContext=1073759680 hWindow=0x0 VidPnSourceId=0 FlipInterval=1 Flags=4198404 ReturnStatus=0 hSrcAllocHandle=0x800043c0 hDstAllocHandle=0x0"
"15:33:34.5421913","184","12852","3792","hContext=1073759680 hWindow=0x0 VidPnSourceId=0 FlipInterval=1 Flags=4198404 ReturnStatus=0 hSrcAllocHandle=0x40005c80 hDstAllocHandle=0x0"
"15:33:34.5595076","184","12852","3792","hContext=1073759680 hWindow=0x0 VidPnSourceId=0 FlipInterval=1 Flags=4198404 ReturnStatus=0 hSrcAllocHandle=0x40005e00 hDstAllocHandle=0x0"
"15:33:34.5761167","184","12852","3792","hContext=1073759680 hWindow=0x0 VidPnSourceId=0 FlipInterval=1 Flags=4198404 ReturnStatus=0 hSrcAllocHandle=0x800043c0 hDstAllocHandle=0x0"
"15:33:34.5942880","171","12852","13196","hAdapter=0xffff910e86eb4820 Token=0xffff810669b4da00 Model=7 TokenSize=0 TokenData=4596 Flags=0x0 CustomDuration=0 VmBusChannel=0x0"
"15:33:34.5943021","184","12852","13196","hContext=1073742528 hWindow=0x0 VidPnSourceId=0 FlipInterval=0 Flags=32768 ReturnStatus=0 hSrcAllocHandle=0x40000540 hDstAllocHandle=0x0"
"15:33:34.5943114","172","4","880","hAdapter=0xffff910e8cd5c000 Token=0xffff810669b4da00 Model=0 TokenSize=0 TokenData=0 Flags=0x0 CustomDuration=0 VmBusChannel=0x0"
"15:33:34.5951431","184","12852","3792","hContext=1073759680 hWindow=0x0 VidPnSourceId=0 FlipInterval=1 Flags=4198404 ReturnStatus=0 hSrcAllocHandle=0x40005c80 hDstAllocHandle=0x0"
"15:33:34.6100282","184","12852","3792","hContext=1073759680 hWindow=0x0 VidPnSourceId=0 FlipInterval=1 Flags=4198404 ReturnStatus=0 hSrcAllocHandle=0x40005e00 hDstAllocHandle=0x0"
"15:33:34.6263358","184","12852","3792","hContext=1073759680 hWindow=0x0 VidPnSourceId=0 FlipInterval=1 Flags=4198404 ReturnStatus=0 hSrcAllocHandle=0x800043c0 hDstAllocHandle=0x0"
"15:33:34.6299619","171","4744","4980","hAdapter=0xffff910e8841b820 Token=0xffff810679da1e50 Model=7 TokenSize=0 TokenData=4556 Flags=0x0 CustomDuration=0 VmBusChannel=0x0"
"15:33:34.6299813","184","4744","4980","hContext=3221228416 hWindow=0x0 VidPnSourceId=0 FlipInterval=0 Flags=32768 ReturnStatus=0 hSrcAllocHandle=0xc0003880 hDstAllocHandle=0x0"
"15:33:34.6300201","172","4","4712","hAdapter=0xffff910e8e19c000 Token=0xffff810679da1e50 Model=0 TokenSize=0 TokenData=0 Flags=0x0 CustomDuration=0 VmBusChannel=0x0"
"15:33:34.6428122","184","12852","3792","hContext=1073759680 hWindow=0x0 VidPnSourceId=0 FlipInterval=1 Flags=4198404 ReturnStatus=0 hSrcAllocHandle=0x40005c80 hDstAllocHandle=0x0"
"15:33:34.6598254","184","12852","3792","hContext=1073759680 hWindow=0x0 VidPnSourceId=0 FlipInterval=1 Flags=4198404 ReturnStatus=0 hSrcAllocHandle=0x40005e00 hDstAllocHandle=0x0"
"15:33:34.6757222","184","12852","3792","hContext=1073759680 hWindow=0x0 VidPnSourceId=0 FlipInterval=1 Flags=4198404 ReturnStatus=0 hSrcAllocHandle=0x800043c0 hDstAllocHandle=0x0"
"15:33:34.6927869","184","12852","3792","hContext=1073759680 hWindow=0x0 VidPnSourceId=0 FlipInterval=1 Flags=4198404 ReturnStatus=0 hSrcAllocHandle=0x40005c80 hDstAllocHandle=0x0"
"15:33:34.7116470","184","12852","3792","hContext=1073759680 hWindow=0x0 VidPnSourceId=0 FlipInterval=1 Flags=4198404 ReturnStatus=0 hSrcAllocHandle=0x40005e00 hDstAllocHandle=0x0"
"15:33:34.7273447","184","12852","3792","hContext=1073759680 hWindow=0x0 VidPnSourceId=0 FlipInterval=1 Flags=4198404 ReturnStatus=0 hSrcAllocHandle=0x800043c0 hDstAllocHandle=0x0"
"15:33:34.7419870","184","12852","3792","hContext=1073759680 hWindow=0x0 VidPnSourceId=0 FlipInterval=1 Flags=4198404 ReturnStatus=0 hSrcAllocHandle=0x40005c80 hDstAllocHandle=0x0"
"15:33:34.7590894","184","12852","3792","hContext=1073759680 hWindow=0x0 VidPnSourceId=0 FlipInterval=1 Flags=4198404 ReturnStatus=0 hSrcAllocHandle=0x40005e00 hDstAllocHandle=0x0"
"15:33:34.7765224","184","12852","3792","hContext=1073759680 hWindow=0x0 VidPnSourceId=0 FlipInterval=1 Flags=4198404 ReturnStatus=0 hSrcAllocHandle=0x800043c0 hDstAllocHandle=0x0"
"15:33:34.7944018","184","12852","3792","hContext=1073759680 hWindow=0x0 VidPnSourceId=0 FlipInterval=1 Flags=4198404 ReturnStatus=0 hSrcAllocHandle=0x40005c80 hDstAllocHandle=0x0"
"15:33:34.8107088","184","12852","3792","hContext=1073759680 hWindow=0x0 VidPnSourceId=0 FlipInterval=1 Flags=4198404 ReturnStatus=0 hSrcAllocHandle=0x40005e00 hDstAllocHandle=0x0"
"15:33:34.8267344","184","12852","3792","hContext=1073759680 hWindow=0x0 VidPnSourceId=0 FlipInterval=1 Flags=4198404 ReturnStatus=0 hSrcAllocHandle=0x800043c0 hDstAllocHandle=0x0"
"15:33:35.1311840","171","12852","13196","hAdapter=0xffff910e86eb4820 Token=0xffff810669b4da00 Model=7 TokenSize=0 TokenData=4552 Flags=0x0 CustomDuration=0 VmBusChannel=0x0"
"15:33:35.1311968","184","12852","13196","hContext=1073742528 hWindow=0x0 VidPnSourceId=0 FlipInterval=0 Flags=32768 ReturnStatus=0 hSrcAllocHandle=0x40000540 hDstAllocHandle=0x0"
"15:33:35.1344364","171","12852","13196","hAdapter=0xffff910e86eb4820 Token=0xffff810669b4d160 Model=7 TokenSize=0 TokenData=4220 Flags=0x0 CustomDuration=0 VmBusChannel=0x0"
"15:33:35.1344541","184","12852","13196","hContext=1073742528 hWindow=0x0 VidPnSourceId=0 FlipInterval=0 Flags=32768 ReturnStatus=0 hSrcAllocHandle=0x40000540 hDstAllocHandle=0x0"
"15:33:35.1344857","172","4","876","hAdapter=0xffff910e8cd5c000 Token=0xffff810669b4da00 Model=0 TokenSize=0 TokenData=0 Flags=0x0 CustomDuration=0 VmBusChannel=0x0"
"15:33:35.1347014","172","4","876","hAdapter=0xffff910e8cd5c000 Token=0xffff810669b4d160 Model=0 TokenSize=0 TokenData=0 Flags=0x0 CustomDuration=0 VmBusChannel=0x0"
"15:33:35.1460835","171","12852","13196","hAdapter=0xffff910e86eb4820 Token=0xffff810669b4d160 Model=7 TokenSize=0 TokenData=4556 Flags=0x0 CustomDuration=0 VmBusChannel=0x0"
"15:33:35.1461048","184","12852","13196","hContext=1073742528 hWindow=0x0 VidPnSourceId=0 FlipInterval=0 Flags=32768 ReturnStatus=0 hSrcAllocHandle=0x40000540 hDstAllocHandle=0x0"
"15:33:35.1462162","172","4","876","hAdapter=0xffff910e8cd5c000 Token=0xffff810669b4d160 Model=0 TokenSize=0 TokenData=0 Flags=0x0 CustomDuration=0 VmBusChannel=0x0"
"15:33:35.1463417","184","12852","3792","hContext=1073759680 hWindow=0x0 VidPnSourceId=0 FlipInterval=1 Flags=4198404 ReturnStatus=0 hSrcAllocHandle=0x40005c80 hDstAllocHandle=0x0"
"15:33:35.1609084","184","12852","3792","hContext=1073759680 hWindow=0x0 VidPnSourceId=0 FlipInterval=1 Flags=4198404 ReturnStatus=0 hSrcAllocHandle=0x40005e00 hDstAllocHandle=0x0"
"15:33:35.1680433","171","4744","4980","hAdapter=0xffff910e8841b820 Token=0xffff810679da1e50 Model=7 TokenSize=0 TokenData=4524 Flags=0x0 CustomDuration=0 VmBusChannel=0x0"
"15:33:35.1680626","184","4744","4980","hContext=3221228416 hWindow=0x0 VidPnSourceId=0 FlipInterval=0 Flags=32768 ReturnStatus=0 hSrcAllocHandle=0xc0003880 hDstAllocHandle=0x0"
"15:33:35.1680817","172","4","4712","hAdapter=0xffff910e8e19c000 Token=0xffff810679da1e50 Model=0 TokenSize=0 TokenData=0 Flags=0x0 CustomDuration=0 VmBusChannel=0x0"
"15:33:35.1782253","184","12852","3792","hContext=1073759680 hWindow=0x0 VidPnSourceId=0 FlipInterval=1 Flags=4198404 ReturnStatus=0 hSrcAllocHandle=0x800043c0 hDstAllocHandle=0x0"
"15:33:35.1784232","171","4744","4980","hAdapter=0xffff910e8841b820 Token=0xffff810679da1e50 Model=7 TokenSize=0 TokenData=4620 Flags=0x0 CustomDuration=0 VmBusChannel=0x0"
"15:33:35.1784400","184","4744","4980","hContext=3221228416 hWindow=0x0 VidPnSourceId=0 FlipInterval=0 Flags=32768 ReturnStatus=0 hSrcAllocHandle=0xc0003880 hDstAllocHandle=0x0"
"15:33:35.1784496","172","4","4712","hAdapter=0xffff910e8e19c000 Token=0xffff810679da1e50 Model=0 TokenSize=0 TokenData=0 Flags=0x0 CustomDuration=0 VmBusChannel=0x0"
"15:33:35.2050361","184","12852","3792","hContext=1073759680 hWindow=0x0 VidPnSourceId=0 FlipInterval=1 Flags=4198404 ReturnStatus=0 hSrcAllocHandle=0x40005c80 hDstAllocHandle=0x0"
"15:33:35.2290596","184","12852","3792","hContext=1073759680 hWindow=0x0 VidPnSourceId=0 FlipInterval=1 Flags=4198404 ReturnStatus=0 hSrcAllocHandle=0x40005e00 hDstAllocHandle=0x0"
"15:33:35.2454124","184","12852","3792","hContext=1073759680 hWindow=0x0 VidPnSourceId=0 FlipInterval=1 Flags=4198404 ReturnStatus=0 hSrcAllocHandle=0x800043c0 hDstAllocHandle=0x0"
"15:33:35.2625753","184","12852","3792","hContext=1073759680 hWindow=0x0 VidPnSourceId=0 FlipInterval=1 Flags=4198404 ReturnStatus=0 hSrcAllocHandle=0x40005c80 hDstAllocHandle=0x0"
"15:33:35.2782791","184","12852","3792","hContext=1073759680 hWindow=0x0 VidPnSourceId=0 FlipInterval=1 Flags=4198404 ReturnStatus=0 hSrcAllocHandle=0x40005e00 hDstAllocHandle=0x0"
"15:33:35.2901033","171","4744","4980","hAdapter=0xffff910e8841b820 Token=0xffff810679da1e50 Model=7 TokenSize=0 TokenData=4516 Flags=0x0 CustomDuration=0 VmBusChannel=0x0"
"15:33:35.2901227","184","4744","4980","hContext=3221228416 hWindow=0x0 VidPnSourceId=0 FlipInterval=0 Flags=32768 ReturnStatus=0 hSrcAllocHandle=0xc0003880 hDstAllocHandle=0x0"
"15:33:35.2901350","172","4","4712","hAdapter=0xffff910e8e19c000 Token=0xffff810679da1e50 Model=0 TokenSize=0 TokenData=0 Flags=0x0 CustomDuration=0 VmBusChannel=0x0"
"15:33:35.2942830","184","12852","3792","hContext=1073759680 hWindow=0x0 VidPnSourceId=0 FlipInterval=1 Flags=4198404 ReturnStatus=0 hSrcAllocHandle=0x800043c0 hDstAllocHandle=0x0"
"15:33:35.3100581","184","12852","3792","hContext=1073759680 hWindow=0x0 VidPnSourceId=0 FlipInterval=1 Flags=4198404 ReturnStatus=0 hSrcAllocHandle=0x40005c80 hDstAllocHandle=0x0"
"15:33:35.3292212","184","12852","3792","hContext=1073759680 hWindow=0x0 VidPnSourceId=0 FlipInterval=1 Flags=4198404 ReturnStatus=0 hSrcAllocHandle=0x40005e00 hDstAllocHandle=0x0"
"15:33:35.3435118","184","12852","3792","hContext=1073759680 hWindow=0x0 VidPnSourceId=0 FlipInterval=1 Flags=4198404 ReturnStatus=0 hSrcAllocHandle=0x800043c0 hDstAllocHandle=0x0"
"15:33:35.3622733","184","12852","3792","hContext=1073759680 hWindow=0x0 VidPnSourceId=0 FlipInterval=1 Flags=4198404 ReturnStatus=0 hSrcAllocHandle=0x40005c80 hDstAllocHandle=0x0"
"15:33:35.3787131","184","12852","3792","hContext=1073759680 hWindow=0x0 VidPnSourceId=0 FlipInterval=1 Flags=4198404 ReturnStatus=0 hSrcAllocHandle=0x40005e00 hDstAllocHandle=0x0"
"15:33:35.3887905","171","12852","13196","hAdapter=0xffff910e86eb4820 Token=0xffff810669b4d160 Model=7 TokenSize=0 TokenData=4424 Flags=0x0 CustomDuration=0 VmBusChannel=0x0"
"15:33:35.3888066","184","12852","13196","hContext=1073742528 hWindow=0x0 VidPnSourceId=0 FlipInterval=0 Flags=32768 ReturnStatus=0 hSrcAllocHandle=0x40000540 hDstAllocHandle=0x0"
"15:33:35.3889658","172","4","876","hAdapter=0xffff910e8cd5c000 Token=0xffff810669b4d160 Model=0 TokenSize=0 TokenData=0 Flags=0x0 CustomDuration=0 VmBusChannel=0x0"
"15:33:35.3912000","171","12852","13196","hAdapter=0xffff910e86eb4820 Token=0xffff810669b4d160 Model=7 TokenSize=0 TokenData=4424 Flags=0x0 CustomDuration=0 VmBusChannel=0x0"
"15:33:35.3912202","184","12852","13196","hContext=1073742528 hWindow=0x0 VidPnSourceId=0 FlipInterval=0 Flags=32768 ReturnStatus=0 hSrcAllocHandle=0x40000540 hDstAllocHandle=0x0"
"15:33:35.3914081","172","4","876","hAdapter=0xffff910e8cd5c000 Token=0xffff810669b4d160 Model=0 TokenSize=0 TokenData=0 Flags=0x0 CustomDuration=0 VmBusChannel=0x0"
"15:33:35.3940366","171","12852","13196","hAdapter=0xffff910e86eb4820 Token=0xffff810669b4d160 Model=7 TokenSize=0 TokenData=4492 Flags=0x0 CustomDuration=0 VmBusChannel=0x0"
"15:33:35.3940495","184","12852","13196","hContext=1073742528 hWindow=0x0 VidPnSourceId=0 FlipInterval=0 Flags=32768 ReturnStatus=0 hSrcAllocHandle=0x40000540 hDstAllocHandle=0x0"
"15:33:35.3966362","171","12852","13196","hAdapter=0xffff910e86eb4820 Token=0xffff810669b4da00 Model=7 TokenSize=0 TokenData=4544 Flags=0x0 CustomDuration=0 VmBusChannel=0x0"
"15:33:35.3966584","184","12852","13196","hContext=1073742528 hWindow=0x0 VidPnSourceId=0 FlipInterval=0 Flags=32768 ReturnStatus=0 hSrcAllocHandle=0x40000540 hDstAllocHandle=0x0"
"15:33:35.3972266","172","4","876","hAdapter=0xffff910e8cd5c000 Token=0xffff810669b4d160 Model=0 TokenSize=0 TokenData=0 Flags=0x0 CustomDuration=0 VmBusChannel=0x0"
"15:33:35.3974466","172","4","876","hAdapter=0xffff910e8cd5c000 Token=0xffff810669b4da00 Model=0 TokenSize=0 TokenData=0 Flags=0x0 CustomDuration=0 VmBusChannel=0x0"
"15:33:35.3982779","171","12852","13196","hAdapter=0xffff910e86eb4820 Token=0xffff810669b4da00 Model=7 TokenSize=0 TokenData=4552 Flags=0x0 CustomDuration=0 VmBusChannel=0x0"
"15:33:35.3982978","184","12852","13196","hContext=1073742528 hWindow=0x0 VidPnSourceId=0 FlipInterval=0 Flags=32768 ReturnStatus=0 hSrcAllocHandle=0x40000540 hDstAllocHandle=0x0"
"15:33:35.3984734","172","4","876","hAdapter=0xffff910e8cd5c000 Token=0xffff810669b4da00 Model=0 TokenSize=0 TokenData=0 Flags=0x0 CustomDuration=0 VmBusChannel=0x0"
"15:33:35.3996071","184","12852","3792","hContext=1073759680 hWindow=0x0 VidPnSourceId=0 FlipInterval=1 Flags=4198404 ReturnStatus=0 hSrcAllocHandle=0x800043c0 hDstAllocHandle=0x0"
"15:33:35.4112170","171","4744","4980","hAdapter=0xffff910e8841b820 Token=0xffff810679da1e50 Model=7 TokenSize=0 TokenData=4424 Flags=0x0 CustomDuration=0 VmBusChannel=0x0"
"15:33:35.4112344","184","4744","4980","hContext=3221228416 hWindow=0x0 VidPnSourceId=0 FlipInterval=0 Flags=32768 ReturnStatus=0 hSrcAllocHandle=0xc0003880 hDstAllocHandle=0x0"
"15:33:35.4112519","172","4","4712","hAdapter=0xffff910e8e19c000 Token=0xffff810679da1e50 Model=0 TokenSize=0 TokenData=0 Flags=0x0 CustomDuration=0 VmBusChannel=0x0"
"15:33:35.4693310","184","12852","3792","hContext=1073759680 hWindow=0x0 VidPnSourceId=0 FlipInterval=1 Flags=4198404 ReturnStatus=0 hSrcAllocHandle=0x40005c80 hDstAllocHandle=0x0"
"15:33:35.4765004","171","4744","4980","hAdapter=0xffff910e8841b820 Token=0xffff810679da1e50 Model=7 TokenSize=0 TokenData=4620 Flags=0x0 CustomDuration=0 VmBusChannel=0x0"
"15:33:35.4765213","184","4744","4980","hContext=3221228416 hWindow=0x0 VidPnSourceId=0 FlipInterval=0 Flags=32768 ReturnStatus=0 hSrcAllocHandle=0xc0003880 hDstAllocHandle=0x0"
"15:33:35.4765695","172","4","4712","hAdapter=0xffff910e8e19c000 Token=0xffff810679da1e50 Model=0 TokenSize=0 TokenData=0 Flags=0x0 CustomDuration=0 VmBusChannel=0x0"
"15:33:35.4816611","184","12852","3792","hContext=1073759680 hWindow=0x0 VidPnSourceId=0 FlipInterval=1 Flags=4198404 ReturnStatus=0 hSrcAllocHandle=0x40005e00 hDstAllocHandle=0x0"
"15:33:35.4968467","184","12852","3792","hContext=1073759680 hWindow=0x0 VidPnSourceId=0 FlipInterval=1 Flags=4198404 ReturnStatus=0 hSrcAllocHandle=0x800043c0 hDstAllocHandle=0x0"
"15:33:35.5140861","184","12852","3792","hContext=1073759680 hWindow=0x0 VidPnSourceId=0 FlipInterval=1 Flags=4198404 ReturnStatus=0 hSrcAllocHandle=0x40005c80 hDstAllocHandle=0x0"
"15:33:35.5279365","184","12852","3792","hContext=1073759680 hWindow=0x0 VidPnSourceId=0 FlipInterval=1 Flags=4198404 ReturnStatus=0 hSrcAllocHandle=0x40005e00 hDstAllocHandle=0x0"
"15:33:35.6871002","171","12852","13196","hAdapter=0xffff910e86eb4820 Token=0xffff810669b4da00 Model=7 TokenSize=0 TokenData=4472 Flags=0x0 CustomDuration=0 VmBusChannel=0x0"
"15:33:35.6871143","184","12852","13196","hContext=1073742528 hWindow=0x0 VidPnSourceId=0 FlipInterval=0 Flags=32768 ReturnStatus=0 hSrcAllocHandle=0x40000540 hDstAllocHandle=0x0"
"15:33:35.6871255","172","4","880","hAdapter=0xffff910e8cd5c000 Token=0xffff810669b4da00 Model=0 TokenSize=0 TokenData=0 Flags=0x0 CustomDuration=0 VmBusChannel=0x0"
"15:33:35.8323317","184","12852","3792","hContext=1073759680 hWindow=0x0 VidPnSourceId=0 FlipInterval=1 Flags=4198404 ReturnStatus=0 hSrcAllocHandle=0x800043c0 hDstAllocHandle=0x0"
"15:33:35.8463365","184","12852","3792","hContext=1073759680 hWindow=0x0 VidPnSourceId=0 FlipInterval=1 Flags=4198404 ReturnStatus=0 hSrcAllocHandle=0x40005c80 hDstAllocHandle=0x0"
"15:33:35.8585311","184","12852","3792","hContext=1073759680 hWindow=0x0 VidPnSourceId=0 FlipInterval=1 Flags=4198404 ReturnStatus=0 hSrcAllocHandle=0x40005e00 hDstAllocHandle=0x0"
"15:33:35.8759568","184","12852","3792","hContext=1073759680 hWindow=0x0 VidPnSourceId=0 FlipInterval=1 Flags=4198404 ReturnStatus=0 hSrcAllocHandle=0x800043c0 hDstAllocHandle=0x0"
"15:33:35.8928362","184","12852","3792","hContext=1073759680 hWindow=0x0 VidPnSourceId=0 FlipInterval=1 Flags=4198404 ReturnStatus=0 hSrcAllocHandle=0x40005c80 hDstAllocHandle=0x0"
"15:33:35.9089251","184","12852","3792","hContext=1073759680 hWindow=0x0 VidPnSourceId=0 FlipInterval=1 Flags=4198404 ReturnStatus=0 hSrcAllocHandle=0x40005e00 hDstAllocHandle=0x0"
"15:33:35.9266283","184","12852","3792","hContext=1073759680 hWindow=0x0 VidPnSourceId=0 FlipInterval=1 Flags=4198404 ReturnStatus=0 hSrcAllocHandle=0x800043c0 hDstAllocHandle=0x0"
"15:33:35.9420188","184","12852","3792","hContext=1073759680 hWindow=0x0 VidPnSourceId=0 FlipInterval=1 Flags=4198404 ReturnStatus=0 hSrcAllocHandle=0x40005c80 hDstAllocHandle=0x0"
"15:33:35.9582066","184","12852","3792","hContext=1073759680 hWindow=0x0 VidPnSourceId=0 FlipInterval=1 Flags=4198404 ReturnStatus=0 hSrcAllocHandle=0x40005e00 hDstAllocHandle=0x0"
"15:33:35.9781649","184","12852","3792","hContext=1073759680 hWindow=0x0 VidPnSourceId=0 FlipInterval=1 Flags=4198404 ReturnStatus=0 hSrcAllocHandle=0x800043c0 hDstAllocHandle=0x0"
"15:33:35.9919936","184","12852","3792","hContext=1073759680 hWindow=0x0 VidPnSourceId=0 FlipInterval=1 Flags=4198404 ReturnStatus=0 hSrcAllocHandle=0x40005c80 hDstAllocHandle=0x0"
"15:33:36.0081627","184","12852","3792","hContext=1073759680 hWindow=0x0 VidPnSourceId=0 FlipInterval=1 Flags=4198404 ReturnStatus=0 hSrcAllocHandle=0x40005e00 hDstAllocHandle=0x0"
"15:33:36.0262383","184","12852","3792","hContext=1073759680 hWindow=0x0 VidPnSourceId=0 FlipInterval=1 Flags=4198404 ReturnStatus=0 hSrcAllocHandle=0x800043c0 hDstAllocHandle=0x0"
"15:33:36.0446368","184","12852","3792","hContext=1073759680 hWindow=0x0 VidPnSourceId=0 FlipInterval=1 Flags=4198404 ReturnStatus=0 hSrcAllocHandle=0x40005c80 hDstAllocHandle=0x0"
"15:33:36.0586176","184","12852","3792","hContext=1073759680 hWindow=0x0 VidPnSourceId=0 FlipInterval=1 Flags=4198404 ReturnStatus=0 hSrcAllocHandle=0x40005e00 hDstAllocHandle=0x0"
"15:33:36.0750844","184","12852","3792","hContext=1073759680 hWindow=0x0 VidPnSourceId=0 FlipInterval=1 Flags=4198404 ReturnStatus=0 hSrcAllocHandle=0x800043c0 hDstAllocHandle=0x0"
"15:33:36.0919491","184","12852","3792","hContext=1073759680 hWindow=0x0 VidPnSourceId=0 FlipInterval=1 Flags=4198404 ReturnStatus=0 hSrcAllocHandle=0x40005c80 hDstAllocHandle=0x0"
"15:33:36.1085924","184","12852","3792","hContext=1073759680 hWindow=0x0 VidPnSourceId=0 FlipInterval=1 Flags=4198404 ReturnStatus=0 hSrcAllocHandle=0x40005e00 hDstAllocHandle=0x0"
"15:33:36.1278047","184","12852","3792","hContext=1073759680 hWindow=0x0 VidPnSourceId=0 FlipInterval=1 Flags=4198404 ReturnStatus=0 hSrcAllocHandle=0x800043c0 hDstAllocHandle=0x0"
"15:33:36.2402623","171","12852","13196","hAdapter=0xffff910e86eb4820 Token=0xffff810669b4da00 Model=7 TokenSize=0 TokenData=4492 Flags=0x0 CustomDuration=0 VmBusChannel=0x0"
"15:33:36.2402780","184","12852","13196","hContext=1073742528 hWindow=0x0 VidPnSourceId=0 FlipInterval=0 Flags=32768 ReturnStatus=0 hSrcAllocHandle=0x40000540 hDstAllocHandle=0x0"
"15:33:36.2403635","172","4","876","hAdapter=0xffff910e8cd5c000 Token=0xffff810669b4da00 Model=0 TokenSize=0 TokenData=0 Flags=0x0 CustomDuration=0 VmBusChannel=0x0"
"15:33:36.2427220","184","12852","3792","hContext=1073759680 hWindow=0x0 VidPnSourceId=0 FlipInterval=1 Flags=4198404 ReturnStatus=0 hSrcAllocHandle=0x40005c80 hDstAllocHandle=0x0"
"15:33:36.5579149","184","12852","3792","hContext=1073759680 hWindow=0x0 VidPnSourceId=0 FlipInterval=1 Flags=4198404 ReturnStatus=0 hSrcAllocHandle=0x40005e00 hDstAllocHandle=0x0"
"15:33:36.5748927","184","12852","3792","hContext=1073759680 hWindow=0x0 VidPnSourceId=0 FlipInterval=1 Flags=4198404 ReturnStatus=0 hSrcAllocHandle=0x800043c0 hDstAllocHandle=0x0"
"15:33:36.6713511","184","12852","3792","hContext=1073759680 hWindow=0x0 VidPnSourceId=0 FlipInterval=1 Flags=4198404 ReturnStatus=0 hSrcAllocHandle=0x40005c80 hDstAllocHandle=0x0"
"15:33:36.6776626","184","12852","3792","hContext=1073759680 hWindow=0x0 VidPnSourceId=0 FlipInterval=1 Flags=4198404 ReturnStatus=0 hSrcAllocHandle=0x40005e00 hDstAllocHandle=0x0"
"15:33:36.7833871","184","12852","3792","hContext=1073759680 hWindow=0x0 VidPnSourceId=0 FlipInterval=1 Flags=4198404 ReturnStatus=0 hSrcAllocHandle=0x800043c0 hDstAllocHandle=0x0"
"15:33:36.7835934","171","12852","13196","hAdapter=0xffff910e86eb4820 Token=0xffff810669b4da00 Model=7 TokenSize=0 TokenData=4552 Flags=0x0 CustomDuration=0 VmBusChannel=0x0"
"15:33:36.7836104","184","12852","13196","hContext=1073742528 hWindow=0x0 VidPnSourceId=0 FlipInterval=0 Flags=32768 ReturnStatus=0 hSrcAllocHandle=0x40000540 hDstAllocHandle=0x0"
"15:33:36.7836275","172","4","880","hAdapter=0xffff910e8cd5c000 Token=0xffff810669b4da00 Model=0 TokenSize=0 TokenData=0 Flags=0x0 CustomDuration=0 VmBusChannel=0x0"
"15:33:36.7956981","184","12852","3792","hContext=1073759680 hWindow=0x0 VidPnSourceId=0 FlipInterval=1 Flags=4198404 ReturnStatus=0 hSrcAllocHandle=0x40005c80 hDstAllocHandle=0x0"
"15:33:36.8927204","184","12852","3792","hContext=1073759680 hWindow=0x0 VidPnSourceId=0 FlipInterval=1 Flags=4198404 ReturnStatus=0 hSrcAllocHandle=0x40005e00 hDstAllocHandle=0x0"
"15:33:36.9104726","184","12852","3792","hContext=1073759680 hWindow=0x0 VidPnSourceId=0 FlipInterval=1 Flags=4198404 ReturnStatus=0 hSrcAllocHandle=0x800043c0 hDstAllocHandle=0x0"
"15:33:37.0017871","184","12852","3792","hContext=1073759680 hWindow=0x0 VidPnSourceId=0 FlipInterval=1 Flags=4198404 ReturnStatus=0 hSrcAllocHandle=0x40005c80 hDstAllocHandle=0x0"
"15:33:37.0176079","184","12852","3792","hContext=1073759680 hWindow=0x0 VidPnSourceId=0 FlipInterval=1 Flags=4198404 ReturnStatus=0 hSrcAllocHandle=0x40005e00 hDstAllocHandle=0x0"
"15:33:37.1096464","184","12852","3792","hContext=1073759680 hWindow=0x0 VidPnSourceId=0 FlipInterval=1 Flags=4198404 ReturnStatus=0 hSrcAllocHandle=0x800043c0 hDstAllocHandle=0x0"
"15:33:37.1258634","184","12852","3792","hContext=1073759680 hWindow=0x0 VidPnSourceId=0 FlipInterval=1 Flags=4198404 ReturnStatus=0 hSrcAllocHandle=0x40005c80 hDstAllocHandle=0x0"
"15:33:37.2205435","184","12852","3792","hContext=1073759680 hWindow=0x0 VidPnSourceId=0 FlipInterval=1 Flags=4198404 ReturnStatus=0 hSrcAllocHandle=0x40005e00 hDstAllocHandle=0x0"
"15:33:37.2256175","184","12852","3792","hContext=1073759680 hWindow=0x0 VidPnSourceId=0 FlipInterval=1 Flags=4198404 ReturnStatus=0 hSrcAllocHandle=0x800043c0 hDstAllocHandle=0x0"
"15:33:37.3327218","184","12852","3792","hContext=1073759680 hWindow=0x0 VidPnSourceId=0 FlipInterval=1 Flags=4198404 ReturnStatus=0 hSrcAllocHandle=0x40005c80 hDstAllocHandle=0x0"
"15:33:37.3330025","171","12852","13196","hAdapter=0xffff910e86eb4820 Token=0xffff810669b4da00 Model=7 TokenSize=0 TokenData=4516 Flags=0x0 CustomDuration=0 VmBusChannel=0x0"
"15:33:37.3330251","184","12852","13196","hContext=1073742528 hWindow=0x0 VidPnSourceId=0 FlipInterval=0 Flags=32768 ReturnStatus=0 hSrcAllocHandle=0x40000540 hDstAllocHandle=0x0"
"15:33:37.3334846","172","4","876","hAdapter=0xffff910e8cd5c000 Token=0xffff810669b4da00 Model=0 TokenSize=0 TokenData=0 Flags=0x0 CustomDuration=0 VmBusChannel=0x0"
"15:33:37.3446020","184","12852","3792","hContext=1073759680 hWindow=0x0 VidPnSourceId=0 FlipInterval=1 Flags=4198404 ReturnStatus=0 hSrcAllocHandle=0x40005e00 hDstAllocHandle=0x0"
"15:33:37.3726856","171","12852","13196","hAdapter=0xffff910e86eb4820 Token=0xffff810669b4da00 Model=7 TokenSize=0 TokenData=4544 Flags=0x0 CustomDuration=0 VmBusChannel=0x0"
"15:33:37.3727037","184","12852","13196","hContext=1073742528 hWindow=0x0 VidPnSourceId=0 FlipInterval=0 Flags=32768 ReturnStatus=0 hSrcAllocHandle=0x40000540 hDstAllocHandle=0x0"
"15:33:37.3728790","172","4","876","hAdapter=0xffff910e8cd5c000 Token=0xffff810669b4da00 Model=0 TokenSize=0 TokenData=0 Flags=0x0 CustomDuration=0 VmBusChannel=0x0"
"15:33:37.3771087","171","12852","13196","hAdapter=0xffff910e86eb4820 Token=0xffff810669b4da00 Model=7 TokenSize=0 TokenData=4472 Flags=0x0 CustomDuration=0 VmBusChannel=0x0"
"15:33:37.3771339","184","12852","13196","hContext=1073742528 hWindow=0x0 VidPnSourceId=0 FlipInterval=0 Flags=32768 ReturnStatus=0 hSrcAllocHandle=0x40000540 hDstAllocHandle=0x0"
"15:33:37.3778343","184","12852","3792","hContext=1073759680 hWindow=0x0 VidPnSourceId=0 FlipInterval=1 Flags=4198404 ReturnStatus=0 hSrcAllocHandle=0x800043c0 hDstAllocHandle=0x0"
"15:33:37.3793596","171","12852","13196","hAdapter=0xffff910e86eb4820 Token=0xffff810669b4d160 Model=7 TokenSize=0 TokenData=4600 Flags=0x0 CustomDuration=0 VmBusChannel=0x0"
"15:33:37.3793810","184","12852","13196","hContext=1073742528 hWindow=0x0 VidPnSourceId=0 FlipInterval=0 Flags=32768 ReturnStatus=0 hSrcAllocHandle=0x40000540 hDstAllocHandle=0x0"
"15:33:37.3799265","172","4","876","hAdapter=0xffff910e8cd5c000 Token=0xffff810669b4da00 Model=0 TokenSize=0 TokenData=0 Flags=0x0 CustomDuration=0 VmBusChannel=0x0"
"15:33:37.3801427","172","4","876","hAdapter=0xffff910e8cd5c000 Token=0xffff810669b4d160 Model=0 TokenSize=0 TokenData=0 Flags=0x0 CustomDuration=0 VmBusChannel=0x0"
"15:33:37.3968028","171","4744","4980","hAdapter=0xffff910e8841b820 Token=0xffff810679da1e50 Model=7 TokenSize=0 TokenData=4544 Flags=0x0 CustomDuration=0 VmBusChannel=0x0"
"15:33:37.3968219","184","4744","4980","hContext=3221228416 hWindow=0x0 VidPnSourceId=0 FlipInterval=0 Flags=32768 ReturnStatus=0 hSrcAllocHandle=0xc0003880 hDstAllocHandle=0x0"
"15:33:37.3968450","172","4","4712","hAdapter=0xffff910e8e19c000 Token=0xffff810679da1e50 Model=0 TokenSize=0 TokenData=0 Flags=0x0 CustomDuration=0 VmBusChannel=0x0"
"15:33:37.4043540","184","12852","3792","hContext=1073759680 hWindow=0x0 VidPnSourceId=0 FlipInterval=1 Flags=4198404 ReturnStatus=0 hSrcAllocHandle=0x40005c80 hDstAllocHandle=0x0"
"15:33:37.4151738","184","12852","3792","hContext=1073759680 hWindow=0x0 VidPnSourceId=0 FlipInterval=1 Flags=4198404 ReturnStatus=0 hSrcAllocHandle=0x40005e00 hDstAllocHandle=0x0"
"15:33:37.4168982","171","4744","4980","hAdapter=0xffff910e8841b820 Token=0xffff810679da1e50 Model=7 TokenSize=0 TokenData=4364 Flags=0x0 CustomDuration=0 VmBusChannel=0x0"
"15:33:37.4169185","184","4744","4980","hContext=3221228416 hWindow=0x0 VidPnSourceId=0 FlipInterval=0 Flags=32768 ReturnStatus=0 hSrcAllocHandle=0xc0003880 hDstAllocHandle=0x0"
"15:33:37.4169308","172","4","4712","hAdapter=0xffff910e8e19c000 Token=0xffff810679da1e50 Model=0 TokenSize=0 TokenData=0 Flags=0x0 CustomDuration=0 VmBusChannel=0x0"
"15:33:37.4309494","184","12852","3792","hContext=1073759680 hWindow=0x0 VidPnSourceId=0 FlipInterval=1 Flags=4198404 ReturnStatus=0 hSrcAllocHandle=0x800043c0 hDstAllocHandle=0x0"
"15:33:37.4449052","184","12852","3792","hContext=1073759680 hWindow=0x0 VidPnSourceId=0 FlipInterval=1 Flags=4198404 ReturnStatus=0 hSrcAllocHandle=0x40005c80 hDstAllocHandle=0x0"
"15:33:37.7403623","184","12852","3792","hContext=1073759680 hWindow=0x0 VidPnSourceId=0 FlipInterval=1 Flags=4198404 ReturnStatus=0 hSrcAllocHandle=0x40005e00 hDstAllocHandle=0x0"
"15:33:37.7437773","171","4744","4980","hAdapter=0xffff910e8841b820 Token=0xffff810679da1e50 Model=7 TokenSize=0 TokenData=4600 Flags=0x0 CustomDuration=0 VmBusChannel=0x0"
"15:33:37.7437974","184","4744","4980","hContext=3221228416 hWindow=0x0 VidPnSourceId=0 FlipInterval=0 Flags=32768 ReturnStatus=0 hSrcAllocHandle=0xc0003880 hDstAllocHandle=0x0"
"15:33:37.7438125","172","4","4712","hAdapter=0xffff910e8e19c000 Token=0xffff810679da1e50 Model=0 TokenSize=0 TokenData=0 Flags=0x0 CustomDuration=0 VmBusChannel=0x0"
"15:33:37.7626652","184","12852","3792","hContext=1073759680 hWindow=0x0 VidPnSourceId=0 FlipInterval=1 Flags=4198404 ReturnStatus=0 hSrcAllocHandle=0x800043c0 hDstAllocHandle=0x0"
"15:33:37.7786681","184","12852","3792","hContext=1073759680 hWindow=0x0 VidPnSourceId=0 FlipInterval=1 Flags=4198404 ReturnStatus=0 hSrcAllocHandle=0x40005c80 hDstAllocHandle=0x0"
"15:33:37.7956964","184","12852","3792","hContext=1073759680 hWindow=0x0 VidPnSourceId=0 FlipInterval=1 Flags=4198404 ReturnStatus=0 hSrcAllocHandle=0x40005e00 hDstAllocHandle=0x0"
"15:33:37.8129121","184","12852","3792","hContext=1073759680 hWindow=0x0 VidPnSourceId=0 FlipInterval=1 Flags=4198404 ReturnStatus=0 hSrcAllocHandle=0x800043c0 hDstAllocHandle=0x0"
"15:33:37.8308382","184","12852","3792","hContext=1073759680 hWindow=0x0 VidPnSourceId=0 FlipInterval=1 Flags=4198404 ReturnStatus=0 hSrcAllocHandle=0x40005c80 hDstAllocHandle=0x0"
"15:33:37.8462510","184","12852","3792","hContext=1073759680 hWindow=0x0 VidPnSourceId=0 FlipInterval=1 Flags=4198404 ReturnStatus=0 hSrcAllocHandle=0x40005e00 hDstAllocHandle=0x0"
"15:33:37.8657937","184","12852","3792","hContext=1073759680 hWindow=0x0 VidPnSourceId=0 FlipInterval=1 Flags=4198404 ReturnStatus=0 hSrcAllocHandle=0x800043c0 hDstAllocHandle=0x0"
"15:33:37.8796189","184","12852","3792","hContext=1073759680 hWindow=0x0 VidPnSourceId=0 FlipInterval=1 Flags=4198404 ReturnStatus=0 hSrcAllocHandle=0x40005c80 hDstAllocHandle=0x0"
"15:33:37.8810491","171","12852","13196","hAdapter=0xffff910e86eb4820 Token=0xffff810669b4d160 Model=7 TokenSize=0 TokenData=4548 Flags=0x0 CustomDuration=0 VmBusChannel=0x0"
"15:33:37.8810781","184","12852","13196","hContext=1073742528 hWindow=0x0 VidPnSourceId=0 FlipInterval=0 Flags=32768 ReturnStatus=0 hSrcAllocHandle=0x40000540 hDstAllocHandle=0x0"
"15:33:37.8811570","172","4","876","hAdapter=0xffff910e8cd5c000 Token=0xffff810669b4d160 Model=0 TokenSize=0 TokenData=0 Flags=0x0 CustomDuration=0 VmBusChannel=0x0"
"15:33:37.8964506","184","12852","3792","hContext=1073759680 hWindow=0x0 VidPnSourceId=0 FlipInterval=1 Flags=4198404 ReturnStatus=0 hSrcAllocHandle=0x40005e00 hDstAllocHandle=0x0"
"15:33:37.9125806","184","12852","3792","hContext=1073759680 hWindow=0x0 VidPnSourceId=0 FlipInterval=1 Flags=4198404 ReturnStatus=0 hSrcAllocHandle=0x800043c0 hDstAllocHandle=0x0"
"15:33:37.9289438","184","12852","3792","hContext=1073759680 hWindow=0x0 VidPnSourceId=0 FlipInterval=1 Flags=4198404 ReturnStatus=0 hSrcAllocHandle=0x40005c80 hDstAllocHandle=0x0"
"15:33:37.9462558","184","12852","3792","hContext=1073759680 hWindow=0x0 VidPnSourceId=0 FlipInterval=1 Flags=4198404 ReturnStatus=0 hSrcAllocHandle=0x40005e00 hDstAllocHandle=0x0"
"15:33:37.9641084","184","12852","3792","hContext=1073759680 hWindow=0x0 VidPnSourceId=0 FlipInterval=1 Flags=4198404 ReturnStatus=0 hSrcAllocHandle=0x800043c0 hDstAllocHandle=0x0"
"15:33:37.9801484","184","12852","3792","hContext=1073759680 hWindow=0x0 VidPnSourceId=0 FlipInterval=1 Flags=4198404 ReturnStatus=0 hSrcAllocHandle=0x40005c80 hDstAllocHandle=0x0"
"15:33:37.9956722","184","12852","3792","hContext=1073759680 hWindow=0x0 VidPnSourceId=0 FlipInterval=1 Flags=4198404 ReturnStatus=0 hSrcAllocHandle=0x40005e00 hDstAllocHandle=0x0"
"15:33:38.0100929","184","12852","3792","hContext=1073759680 hWindow=0x0 VidPnSourceId=0 FlipInterval=1 Flags=4198404 ReturnStatus=0 hSrcAllocHandle=0x800043c0 hDstAllocHandle=0x0"
"15:33:38.1094595","184","12852","3792","hContext=1073759680 hWindow=0x0 VidPnSourceId=0 FlipInterval=1 Flags=4198404 ReturnStatus=0 hSrcAllocHandle=0x40005c80 hDstAllocHandle=0x0"
"15:33:38.2061191","184","12852","3792","hContext=1073759680 hWindow=0x0 VidPnSourceId=0 FlipInterval=1 Flags=4198404 ReturnStatus=0 hSrcAllocHandle=0x40005e00 hDstAllocHandle=0x0"
"15:33:38.2092225","184","12852","3792","hContext=1073759680 hWindow=0x0 VidPnSourceId=0 FlipInterval=1 Flags=4198404 ReturnStatus=0 hSrcAllocHandle=0x800043c0 hDstAllocHandle=0x0"
"15:33:38.4273601","171","12852","13196","hAdapter=0xffff910e86eb4820 Token=0xffff810669b4d160 Model=7 TokenSize=0 TokenData=4600 Flags=0x0 CustomDuration=0 VmBusChannel=0x0"
"15:33:38.4273752","184","12852","13196","hContext=1073742528 hWindow=0x0 VidPnSourceId=0 FlipInterval=0 Flags=32768 ReturnStatus=0 hSrcAllocHandle=0x40000540 hDstAllocHandle=0x0"
"15:33:38.4274020","172","4","880","hAdapter=0xffff910e8cd5c000 Token=0xffff810669b4d160 Model=0 TokenSize=0 TokenData=0 Flags=0x0 CustomDuration=0 VmBusChannel=0x0"
"15:33:38.5110904","184","12852","3792","hContext=1073759680 hWindow=0x0 VidPnSourceId=0 FlipInterval=1 Flags=4198404 ReturnStatus=0 hSrcAllocHandle=0x40005c80 hDstAllocHandle=0x0"
"15:33:38.5264107","184","12852","3792","hContext=1073759680 hWindow=0x0 VidPnSourceId=0 FlipInterval=1 Flags=4198404 ReturnStatus=0 hSrcAllocHandle=0x40005e00 hDstAllocHandle=0x0"
"15:33:38.5433901","184","12852","3792","hContext=1073759680 hWindow=0x0 VidPnSourceId=0 FlipInterval=1 Flags=4198404 ReturnStatus=0 hSrcAllocHandle=0x800043c0 hDstAllocHandle=0x0"
"15:33:38.6424463","184","12852","3792","hContext=1073759680 hWindow=0x0 VidPnSourceId=0 FlipInterval=1 Flags=4198404 ReturnStatus=0 hSrcAllocHandle=0x40005c80 hDstAllocHandle=0x0"
"15:33:38.6595161","184","12852","3792","hContext=1073759680 hWindow=0x0 VidPnSourceId=0 FlipInterval=1 Flags=4198404 ReturnStatus=0 hSrcAllocHandle=0x40005e00 hDstAllocHandle=0x0"
"15:33:38.7501683","184","12852","3792","hContext=1073759680 hWindow=0x0 VidPnSourceId=0 FlipInterval=1 Flags=4198404 ReturnStatus=0 hSrcAllocHandle=0x800043c0 hDstAllocHandle=0x0"
"15:33:38.7725329","184","12852","3792","hContext=1073759680 hWindow=0x0 VidPnSourceId=0 FlipInterval=1 Flags=4198404 ReturnStatus=0 hSrcAllocHandle=0x40005c80 hDstAllocHandle=0x0"
"15:33:38.8624753","184","12852","3792","hContext=1073759680 hWindow=0x0 VidPnSourceId=0 FlipInterval=1 Flags=4198404 ReturnStatus=0 hSrcAllocHandle=0x40005e00 hDstAllocHandle=0x0"
"15:33:38.8767705","184","12852","3792","hContext=1073759680 hWindow=0x0 VidPnSourceId=0 FlipInterval=1 Flags=4198404 ReturnStatus=0 hSrcAllocHandle=0x800043c0 hDstAllocHandle=0x0"
"15:33:38.9080470","184","12852","3792","hContext=1073759680 hWindow=0x0 VidPnSourceId=0 FlipInterval=1 Flags=4198404 ReturnStatus=0 hSrcAllocHandle=0x40005c80 hDstAllocHandle=0x0"
"15:33:38.9712976","184","12852","3792","hContext=1073759680 hWindow=0x0 VidPnSourceId=0 FlipInterval=1 Flags=4198404 ReturnStatus=0 hSrcAllocHandle=0x40005e00 hDstAllocHandle=0x0"
"15:33:38.9713918","171","12852","13196","hAdapter=0xffff910e86eb4820 Token=0xffff810669b4d160 Model=7 TokenSize=0 TokenData=4624 Flags=0x0 CustomDuration=0 VmBusChannel=0x0"
"15:33:38.9714076","184","12852","13196","hContext=1073742528 hWindow=0x0 VidPnSourceId=0 FlipInterval=0 Flags=32768 ReturnStatus=0 hSrcAllocHandle=0x40000540 hDstAllocHandle=0x0"
"15:33:38.9716005","172","4","876","hAdapter=0xffff910e8cd5c000 Token=0xffff810669b4d160 Model=0 TokenSize=0 TokenData=0 Flags=0x0 CustomDuration=0 VmBusChannel=0x0"
"15:33:38.9781305","184","12852","3792","hContext=1073759680 hWindow=0x0 VidPnSourceId=0 FlipInterval=1 Flags=4198404 ReturnStatus=0 hSrcAllocHandle=0x800043c0 hDstAllocHandle=0x0"
"15:33:39.0935706","184","12852","3792","hContext=1073759680 hWindow=0x0 VidPnSourceId=0 FlipInterval=1 Flags=4198404 ReturnStatus=0 hSrcAllocHandle=0x40005c80 hDstAllocHandle=0x0"
"15:33:39.1908044","184","12852","3792","hContext=1073759680 hWindow=0x0 VidPnSourceId=0 FlipInterval=1 Flags=4198404 ReturnStatus=0 hSrcAllocHandle=0x40005e00 hDstAllocHandle=0x0"
"15:33:39.1933125","184","12852","3792","hContext=1073759680 hWindow=0x0 VidPnSourceId=0 FlipInterval=1 Flags=4198404 ReturnStatus=0 hSrcAllocHandle=0x800043c0 hDstAllocHandle=0x0"
"15:33:39.2986610","184","12852","3792","hContext=1073759680 hWindow=0x0 VidPnSourceId=0 FlipInterval=1 Flags=4198404 ReturnStatus=0 hSrcAllocHandle=0x40005c80 hDstAllocHandle=0x0"
"15:33:39.3103662","184","12852","3792","hContext=1073759680 hWindow=0x0 VidPnSourceId=0 FlipInterval=1 Flags=4198404 ReturnStatus=0 hSrcAllocHandle=0x40005e00 hDstAllocHandle=0x0"
"15:33:39.4050704","184","12852","3792","hContext=1073759680 hWindow=0x0 VidPnSourceId=0 FlipInterval=1 Flags=4198404 ReturnStatus=0 hSrcAllocHandle=0x800043c0 hDstAllocHandle=0x0"
"15:33:39.4102386","184","12852","3792","hContext=1073759680 hWindow=0x0 VidPnSourceId=0 FlipInterval=1 Flags=4198404 ReturnStatus=0 hSrcAllocHandle=0x40005c80 hDstAllocHandle=0x0"
"15:33:39.5212248","184","12852","3792","hContext=1073759680 hWindow=0x0 VidPnSourceId=0 FlipInterval=1 Flags=4198404 ReturnStatus=0 hSrcAllocHandle=0x40005e00 hDstAllocHandle=0x0"
"15:33:39.5214350","171","12852","13196","hAdapter=0xffff910e86eb4820 Token=0xffff810669b4d160 Model=7 TokenSize=0 TokenData=4636 Flags=0x0 CustomDuration=0 VmBusChannel=0x0"
"15:33:39.5214535","184","12852","13196","hContext=1073742528 hWindow=0x0 VidPnSourceId=0 FlipInterval=0 Flags=32768 ReturnStatus=0 hSrcAllocHandle=0x40000540 hDstAllocHandle=0x0"
"15:33:39.5216361","172","4","876","hAdapter=0xffff910e8cd5c000 Token=0xffff810669b4d160 Model=0 TokenSize=0 TokenData=0 Flags=0x0 CustomDuration=0 VmBusChannel=0x0"
"15:33:39.8225614","184","12852","3792","hContext=1073759680 hWindow=0x0 VidPnSourceId=0 FlipInterval=1 Flags=4198404 ReturnStatus=0 hSrcAllocHandle=0x800043c0 hDstAllocHandle=0x0"
"15:33:39.8273096","184","12852","3792","hContext=1073759680 hWindow=0x0 VidPnSourceId=0 FlipInterval=1 Flags=4198404 ReturnStatus=0 hSrcAllocHandle=0x40005c80 hDstAllocHandle=0x0"
"15:33:39.8451121","184","12852","3792","hContext=1073759680 hWindow=0x0 VidPnSourceId=0 FlipInterval=1 Flags=4198404 ReturnStatus=0 hSrcAllocHandle=0x40005e00 hDstAllocHandle=0x0"
"15:33:39.8606677","184","12852","3792","hContext=1073759680 hWindow=0x0 VidPnSourceId=0 FlipInterval=1 Flags=4198404 ReturnStatus=0 hSrcAllocHandle=0x800043c0 hDstAllocHandle=0x0"
"15:33:39.9065580","184","12852","3792","hContext=1073759680 hWindow=0x0 VidPnSourceId=0 FlipInterval=1 Flags=4198404 ReturnStatus=0 hSrcAllocHandle=0x40005c80 hDstAllocHandle=0x0"
"15:33:39.9535078","184","12852","3792","hContext=1073759680 hWindow=0x0 VidPnSourceId=0 FlipInterval=1 Flags=4198404 ReturnStatus=0 hSrcAllocHandle=0x40005e00 hDstAllocHandle=0x0"
"15:33:39.9607413","184","12852","3792","hContext=1073759680 hWindow=0x0 VidPnSourceId=0 FlipInterval=1 Flags=4198404 ReturnStatus=0 hSrcAllocHandle=0x800043c0 hDstAllocHandle=0x0"
"15:33:40.0658488","184","12852","3792","hContext=1073759680 hWindow=0x0 VidPnSourceId=0 FlipInterval=1 Flags=4198404 ReturnStatus=0 hSrcAllocHandle=0x40005c80 hDstAllocHandle=0x0"
"15:33:40.0659476","171","12852","13196","hAdapter=0xffff910e86eb4820 Token=0xffff810669b4d160 Model=7 TokenSize=0 TokenData=4652 Flags=0x0 CustomDuration=0 VmBusChannel=0x0"
"15:33:40.0659656","184","12852","13196","hContext=1073742528 hWindow=0x0 VidPnSourceId=0 FlipInterval=0 Flags=32768 ReturnStatus=0 hSrcAllocHandle=0x40000540 hDstAllocHandle=0x0"
"15:33:40.0661090","172","4","876","hAdapter=0xffff910e8cd5c000 Token=0xffff810669b4d160 Model=0 TokenSize=0 TokenData=0 Flags=0x0 CustomDuration=0 VmBusChannel=0x0"
"15:33:40.0798396","184","12852","3792","hContext=1073759680 hWindow=0x0 VidPnSourceId=0 FlipInterval=1 Flags=4198404 ReturnStatus=0 hSrcAllocHandle=0x40005e00 hDstAllocHandle=0x0"
"15:33:40.1756477","184","12852","3792","hContext=1073759680 hWindow=0x0 VidPnSourceId=0 FlipInterval=1 Flags=4198404 ReturnStatus=0 hSrcAllocHandle=0x800043c0 hDstAllocHandle=0x0"
"15:33:40.1773795","184","12852","3792","hContext=1073759680 hWindow=0x0 VidPnSourceId=0 FlipInterval=1 Flags=4198404 ReturnStatus=0 hSrcAllocHandle=0x40005c80 hDstAllocHandle=0x0"
"15:33:40.2816507","184","12852","3792","hContext=1073759680 hWindow=0x0 VidPnSourceId=0 FlipInterval=1 Flags=4198404 ReturnStatus=0 hSrcAllocHandle=0x40005e00 hDstAllocHandle=0x0"
"15:33:40.2944378","184","12852","3792","hContext=1073759680 hWindow=0x0 VidPnSourceId=0 FlipInterval=1 Flags=4198404 ReturnStatus=0 hSrcAllocHandle=0x800043c0 hDstAllocHandle=0x0"
"15:33:40.3899098","184","12852","3792","hContext=1073759680 hWindow=0x0 VidPnSourceId=0 FlipInterval=1 Flags=4198404 ReturnStatus=0 hSrcAllocHandle=0x40005c80 hDstAllocHandle=0x0"
"15:33:40.3942213","184","12852","3792","hContext=1073759680 hWindow=0x0 VidPnSourceId=0 FlipInterval=1 Flags=4198404 ReturnStatus=0 hSrcAllocHandle=0x40005e00 hDstAllocHandle=0x0"
"15:33:40.4115305","184","12852","3792","hContext=1073759680 hWindow=0x0 VidPnSourceId=0 FlipInterval=1 Flags=4198404 ReturnStatus=0 hSrcAllocHandle=0x800043c0 hDstAllocHandle=0x0"
"15:33:40.5018461","184","12852","3792","hContext=1073759680 hWindow=0x0 VidPnSourceId=0 FlipInterval=1 Flags=4198404 ReturnStatus=0 hSrcAllocHandle=0x40005c80 hDstAllocHandle=0x0"
"15:33:40.5115725","184","12852","3792","hContext=1073759680 hWindow=0x0 VidPnSourceId=0 FlipInterval=1 Flags=4198404 ReturnStatus=0 hSrcAllocHandle=0x40005e00 hDstAllocHandle=0x0"
"15:33:40.6125545","184","12852","3792","hContext=1073759680 hWindow=0x0 VidPnSourceId=0 FlipInterval=1 Flags=4198404 ReturnStatus=0 hSrcAllocHandle=0x800043c0 hDstAllocHandle=0x0"
"15:33:40.6133419","171","12852","13196","hAdapter=0xffff910e86eb4820 Token=0xffff810669b4d160 Model=7 TokenSize=0 TokenData=4628 Flags=0x0 CustomDuration=0 VmBusChannel=0x0"
"15:33:40.6133557","184","12852","13196","hContext=1073742528 hWindow=0x0 VidPnSourceId=0 FlipInterval=0 Flags=32768 ReturnStatus=0 hSrcAllocHandle=0x40000540 hDstAllocHandle=0x0"
"15:33:40.6133660","172","4","880","hAdapter=0xffff910e8cd5c000 Token=0xffff810669b4d160 Model=0 TokenSize=0 TokenData=0 Flags=0x0 CustomDuration=0 VmBusChannel=0x0"
"15:33:40.6295970","184","12852","3792","hContext=1073759680 hWindow=0x0 VidPnSourceId=0 FlipInterval=1 Flags=4198404 ReturnStatus=0 hSrcAllocHandle=0x40005c80 hDstAllocHandle=0x0"
"15:33:40.7284061","184","12852","3792","hContext=1073759680 hWindow=0x0 VidPnSourceId=0 FlipInterval=1 Flags=4198404 ReturnStatus=0 hSrcAllocHandle=0x40005e00 hDstAllocHandle=0x0"
"15:33:41.0205373","184","12852","3792","hContext=1073759680 hWindow=0x0 VidPnSourceId=0 FlipInterval=1 Flags=4198404 ReturnStatus=0 hSrcAllocHandle=0x800043c0 hDstAllocHandle=0x0"
"15:33:41.0485671","184","12852","3792","hContext=1073759680 hWindow=0x0 VidPnSourceId=0 FlipInterval=1 Flags=4198404 ReturnStatus=0 hSrcAllocHandle=0x40005c80 hDstAllocHandle=0x0"
"15:33:41.0615356","184","12852","3792","hContext=1073759680 hWindow=0x0 VidPnSourceId=0 FlipInterval=1 Flags=4198404 ReturnStatus=0 hSrcAllocHandle=0x40005e00 hDstAllocHandle=0x0"
"15:33:41.1569215","184","12852","3792","hContext=1073759680 hWindow=0x0 VidPnSourceId=0 FlipInterval=1 Flags=4198404 ReturnStatus=0 hSrcAllocHandle=0x800043c0 hDstAllocHandle=0x0"
"15:33:41.1575070","171","12852","13196","hAdapter=0xffff910e86eb4820 Token=0xffff810669b4d160 Model=7 TokenSize=0 TokenData=4656 Flags=0x0 CustomDuration=0 VmBusChannel=0x0"
"15:33:41.1575198","184","12852","13196","hContext=1073742528 hWindow=0x0 VidPnSourceId=0 FlipInterval=0 Flags=32768 ReturnStatus=0 hSrcAllocHandle=0x40000540 hDstAllocHandle=0x0"
"15:33:41.1575451","172","4","880","hAdapter=0xffff910e8cd5c000 Token=0xffff810669b4d160 Model=0 TokenSize=0 TokenData=0 Flags=0x0 CustomDuration=0 VmBusChannel=0x0"
"15:33:41.1633802","184","12852","3792","hContext=1073759680 hWindow=0x0 VidPnSourceId=0 FlipInterval=1 Flags=4198404 ReturnStatus=0 hSrcAllocHandle=0x40005c80 hDstAllocHandle=0x0"
"15:33:41.2786847","184","12852","3792","hContext=1073759680 hWindow=0x0 VidPnSourceId=0 FlipInterval=1 Flags=4198404 ReturnStatus=0 hSrcAllocHandle=0x40005e00 hDstAllocHandle=0x0"
"15:33:41.3801780","184","12852","3792","hContext=1073759680 hWindow=0x0 VidPnSourceId=0 FlipInterval=1 Flags=4198404 ReturnStatus=0 hSrcAllocHandle=0x800043c0 hDstAllocHandle=0x0"
"15:33:41.3954711","184","12852","3792","hContext=1073759680 hWindow=0x0 VidPnSourceId=0 FlipInterval=1 Flags=4198404 ReturnStatus=0 hSrcAllocHandle=0x40005c80 hDstAllocHandle=0x0"
"15:33:41.4865597","184","12852","3792","hContext=1073759680 hWindow=0x0 VidPnSourceId=0 FlipInterval=1 Flags=4198404 ReturnStatus=0 hSrcAllocHandle=0x40005e00 hDstAllocHandle=0x0"
"15:33:41.4953245","184","12852","3792","hContext=1073759680 hWindow=0x0 VidPnSourceId=0 FlipInterval=1 Flags=4198404 ReturnStatus=0 hSrcAllocHandle=0x800043c0 hDstAllocHandle=0x0"
"15:33:41.5925997","184","12852","3792","hContext=1073759680 hWindow=0x0 VidPnSourceId=0 FlipInterval=1 Flags=4198404 ReturnStatus=0 hSrcAllocHandle=0x40005c80 hDstAllocHandle=0x0"
"15:33:41.5956451","184","12852","3792","hContext=1073759680 hWindow=0x0 VidPnSourceId=0 FlipInterval=1 Flags=4198404 ReturnStatus=0 hSrcAllocHandle=0x40005e00 hDstAllocHandle=0x0"
"15:33:41.7082221","184","12852","3792","hContext=1073759680 hWindow=0x0 VidPnSourceId=0 FlipInterval=1 Flags=4198404 ReturnStatus=0 hSrcAllocHandle=0x800043c0 hDstAllocHandle=0x0"
"15:33:41.7084377","171","12852","13196","hAdapter=0xffff910e86eb4820 Token=0xffff810669b4d160 Model=7 TokenSize=0 TokenData=4660 Flags=0x0 CustomDuration=0 VmBusChannel=0x0"
"15:33:41.7084567","184","12852","13196","hContext=1073742528 hWindow=0x0 VidPnSourceId=0 FlipInterval=0 Flags=32768 ReturnStatus=0 hSrcAllocHandle=0x40000540 hDstAllocHandle=0x0"
"15:33:41.7086390","172","4","876","hAdapter=0xffff910e8cd5c000 Token=0xffff810669b4d160 Model=0 TokenSize=0 TokenData=0 Flags=0x0 CustomDuration=0 VmBusChannel=0x0"
"15:33:41.7138411","184","12852","3792","hContext=1073759680 hWindow=0x0 VidPnSourceId=0 FlipInterval=1 Flags=4198404 ReturnStatus=0 hSrcAllocHandle=0x40005c80 hDstAllocHandle=0x0"
"15:33:41.8122414","184","12852","3792","hContext=1073759680 hWindow=0x0 VidPnSourceId=0 FlipInterval=1 Flags=4198404 ReturnStatus=0 hSrcAllocHandle=0x40005e00 hDstAllocHandle=0x0"
"15:33:41.9149091","184","12852","3792","hContext=1073759680 hWindow=0x0 VidPnSourceId=0 FlipInterval=1 Flags=4198404 ReturnStatus=0 hSrcAllocHandle=0x800043c0 hDstAllocHandle=0x0"
"15:33:41.9293104","184","12852","3792","hContext=1073759680 hWindow=0x0 VidPnSourceId=0 FlipInterval=1 Flags=4198404 ReturnStatus=0 hSrcAllocHandle=0x40005c80 hDstAllocHandle=0x0"
"15:33:42.0329460","184","12852","3792","hContext=1073759680 hWindow=0x0 VidPnSourceId=0 FlipInterval=1 Flags=4198404 ReturnStatus=0 hSrcAllocHandle=0x40005e00 hDstAllocHandle=0x0"
"15:33:42.0462657","184","12852","3792","hContext=1073759680 hWindow=0x0 VidPnSourceId=0 FlipInterval=1 Flags=4198404 ReturnStatus=0 hSrcAllocHandle=0x800043c0 hDstAllocHandle=0x0"
"15:33:42.1413347","184","12852","3792","hContext=1073759680 hWindow=0x0 VidPnSourceId=0 FlipInterval=1 Flags=4198404 ReturnStatus=0 hSrcAllocHandle=0x40005c80 hDstAllocHandle=0x0"
"15:33:42.1460975","184","12852","3792","hContext=1073759680 hWindow=0x0 VidPnSourceId=0 FlipInterval=1 Flags=4198404 ReturnStatus=0 hSrcAllocHandle=0x40005e00 hDstAllocHandle=0x0"
"15:33:42.2521311","171","12852","13196","hAdapter=0xffff910e86eb4820 Token=0xffff810669b4d160 Model=7 TokenSize=0 TokenData=4540 Flags=0x0 CustomDuration=0 VmBusChannel=0x0"
"15:33:42.2521495","184","12852","13196","hContext=1073742528 hWindow=0x0 VidPnSourceId=0 FlipInterval=0 Flags=32768 ReturnStatus=0 hSrcAllocHandle=0x40000540 hDstAllocHandle=0x0"
"15:33:42.2523267","172","4","876","hAdapter=0xffff910e8cd5c000 Token=0xffff810669b4d160 Model=0 TokenSize=0 TokenData=0 Flags=0x0 CustomDuration=0 VmBusChannel=0x0"
"15:33:42.4425942","184","12852","3792","hContext=1073759680 hWindow=0x0 VidPnSourceId=0 FlipInterval=1 Flags=4198404 ReturnStatus=0 hSrcAllocHandle=0x800043c0 hDstAllocHandle=0x0"
"15:33:42.4462762","184","12852","3792","hContext=1073759680 hWindow=0x0 VidPnSourceId=0 FlipInterval=1 Flags=4198404 ReturnStatus=0 hSrcAllocHandle=0x40005c80 hDstAllocHandle=0x0"
"15:33:42.4744315","184","12852","3792","hContext=1073759680 hWindow=0x0 VidPnSourceId=0 FlipInterval=1 Flags=4198404 ReturnStatus=0 hSrcAllocHandle=0x40005e00 hDstAllocHandle=0x0"
"15:33:42.4800900","184","12852","3792","hContext=1073759680 hWindow=0x0 VidPnSourceId=0 FlipInterval=1 Flags=4198404 ReturnStatus=0 hSrcAllocHandle=0x800043c0 hDstAllocHandle=0x0"
"15:33:42.5823142","184","12852","3792","hContext=1073759680 hWindow=0x0 VidPnSourceId=0 FlipInterval=1 Flags=4198404 ReturnStatus=0 hSrcAllocHandle=0x40005c80 hDstAllocHandle=0x0"
"15:33:42.5968080","184","12852","3792","hContext=1073759680 hWindow=0x0 VidPnSourceId=0 FlipInterval=1 Flags=4198404 ReturnStatus=0 hSrcAllocHandle=0x40005e00 hDstAllocHandle=0x0"
"15:33:42.6863863","184","12852","3792","hContext=1073759680 hWindow=0x0 VidPnSourceId=0 FlipInterval=1 Flags=4198404 ReturnStatus=0 hSrcAllocHandle=0x800043c0 hDstAllocHandle=0x0"
"15:33:42.6969138","184","12852","3792","hContext=1073759680 hWindow=0x0 VidPnSourceId=0 FlipInterval=1 Flags=4198404 ReturnStatus=0 hSrcAllocHandle=0x40005c80 hDstAllocHandle=0x0"
"15:33:42.8022667","184","12852","3792","hContext=1073759680 hWindow=0x0 VidPnSourceId=0 FlipInterval=1 Flags=4198404 ReturnStatus=0 hSrcAllocHandle=0x40005e00 hDstAllocHandle=0x0"
"15:33:42.8023630","171","12852","13196","hAdapter=0xffff910e86eb4820 Token=0xffff810669b4d160 Model=7 TokenSize=0 TokenData=4676 Flags=0x0 CustomDuration=0 VmBusChannel=0x0"
"15:33:42.8023801","184","12852","13196","hContext=1073742528 hWindow=0x0 VidPnSourceId=0 FlipInterval=0 Flags=32768 ReturnStatus=0 hSrcAllocHandle=0x40000540 hDstAllocHandle=0x0"
"15:33:42.8025814","172","4","876","hAdapter=0xffff910e8cd5c000 Token=0xffff810669b4d160 Model=0 TokenSize=0 TokenData=0 Flags=0x0 CustomDuration=0 VmBusChannel=0x0"
"15:33:42.8224306","184","12852","3792","hContext=1073759680 hWindow=0x0 VidPnSourceId=0 FlipInterval=1 Flags=4198404 ReturnStatus=0 hSrcAllocHandle=0x800043c0 hDstAllocHandle=0x0"
"15:33:42.9131166","184","12852","3792","hContext=1073759680 hWindow=0x0 VidPnSourceId=0 FlipInterval=1 Flags=4198404 ReturnStatus=0 hSrcAllocHandle=0x40005c80 hDstAllocHandle=0x0"
"15:33:42.9304451","184","12852","3792","hContext=1073759680 hWindow=0x0 VidPnSourceId=0 FlipInterval=1 Flags=4198404 ReturnStatus=0 hSrcAllocHandle=0x40005e00 hDstAllocHandle=0x0"
"15:33:43.0150040","184","12852","3792","hContext=1073759680 hWindow=0x0 VidPnSourceId=0 FlipInterval=1 Flags=4198404 ReturnStatus=0 hSrcAllocHandle=0x800043c0 hDstAllocHandle=0x0"
"15:33:43.0307268","184","12852","3792","hContext=1073759680 hWindow=0x0 VidPnSourceId=0 FlipInterval=1 Flags=4198404 ReturnStatus=0 hSrcAllocHandle=0x40005c80 hDstAllocHandle=0x0"
"15:33:43.1239731","184","12852","3792","hContext=1073759680 hWindow=0x0 VidPnSourceId=0 FlipInterval=1 Flags=4198404 ReturnStatus=0 hSrcAllocHandle=0x40005e00 hDstAllocHandle=0x0"
"15:33:43.1298987","184","12852","3792","hContext=1073759680 hWindow=0x0 VidPnSourceId=0 FlipInterval=1 Flags=4198404 ReturnStatus=0 hSrcAllocHandle=0x800043c0 hDstAllocHandle=0x0"
"15:33:43.2348834","184","12852","3792","hContext=1073759680 hWindow=0x0 VidPnSourceId=0 FlipInterval=1 Flags=4198404 ReturnStatus=0 hSrcAllocHandle=0x40005c80 hDstAllocHandle=0x0"
"15:33:43.2475952","184","12852","3792","hContext=1073759680 hWindow=0x0 VidPnSourceId=0 FlipInterval=1 Flags=4198404 ReturnStatus=0 hSrcAllocHandle=0x40005e00 hDstAllocHandle=0x0"
"15:33:43.3467832","184","12852","3792","hContext=1073759680 hWindow=0x0 VidPnSourceId=0 FlipInterval=1 Flags=4198404 ReturnStatus=0 hSrcAllocHandle=0x800043c0 hDstAllocHandle=0x0"
"15:33:43.3469727","171","12852","13196","hAdapter=0xffff910e86eb4820 Token=0xffff810669b4d160 Model=7 TokenSize=0 TokenData=4540 Flags=0x0 CustomDuration=0 VmBusChannel=0x0"
"15:33:43.3469931","184","12852","13196","hContext=1073742528 hWindow=0x0 VidPnSourceId=0 FlipInterval=0 Flags=32768 ReturnStatus=0 hSrcAllocHandle=0x40000540 hDstAllocHandle=0x0"
"15:33:43.3473391","172","4","876","hAdapter=0xffff910e8cd5c000 Token=0xffff810669b4d160 Model=0 TokenSize=0 TokenData=0 Flags=0x0 CustomDuration=0 VmBusChannel=0x0"
"15:33:43.3669870","184","12852","3792","hContext=1073759680 hWindow=0x0 VidPnSourceId=0 FlipInterval=1 Flags=4198404 ReturnStatus=0 hSrcAllocHandle=0x40005c80 hDstAllocHandle=0x0"
"15:33:43.6992641","184","12852","3792","hContext=1073759680 hWindow=0x0 VidPnSourceId=0 FlipInterval=1 Flags=4198404 ReturnStatus=0 hSrcAllocHandle=0x40005e00 hDstAllocHandle=0x0"
"15:33:43.7137497","184","12852","3792","hContext=1073759680 hWindow=0x0 VidPnSourceId=0 FlipInterval=1 Flags=4198404 ReturnStatus=0 hSrcAllocHandle=0x800043c0 hDstAllocHandle=0x0"
"15:33:43.7834647","184","12852","3792","hContext=1073759680 hWindow=0x0 VidPnSourceId=0 FlipInterval=1 Flags=4198404 ReturnStatus=0 hSrcAllocHandle=0x40005c80 hDstAllocHandle=0x0"
"15:33:43.7978487","184","12852","3792","hContext=1073759680 hWindow=0x0 VidPnSourceId=0 FlipInterval=1 Flags=4198404 ReturnStatus=0 hSrcAllocHandle=0x40005e00 hDstAllocHandle=0x0"
"15:33:43.8977920","184","12852","3792","hContext=1073759680 hWindow=0x0 VidPnSourceId=0 FlipInterval=1 Flags=4198404 ReturnStatus=0 hSrcAllocHandle=0x800043c0 hDstAllocHandle=0x0"
"15:33:43.8988037","171","12852","13196","hAdapter=0xffff910e86eb4820 Token=0xffff810669b4d160 Model=7 TokenSize=0 TokenData=4636 Flags=0x0 CustomDuration=0 VmBusChannel=0x0"
"15:33:43.8988381","184","12852","13196","hContext=1073742528 hWindow=0x0 VidPnSourceId=0 FlipInterval=0 Flags=32768 ReturnStatus=0 hSrcAllocHandle=0x40000540 hDstAllocHandle=0x0"
"15:33:43.8990678","172","4","876","hAdapter=0xffff910e8cd5c000 Token=0xffff810669b4d160 Model=0 TokenSize=0 TokenData=0 Flags=0x0 CustomDuration=0 VmBusChannel=0x0"
"15:33:43.9192896","184","12852","3792","hContext=1073759680 hWindow=0x0 VidPnSourceId=0 FlipInterval=1 Flags=4198404 ReturnStatus=0 hSrcAllocHandle=0x40005c80 hDstAllocHandle=0x0"
"15:33:44.0141153","184","12852","3792","hContext=1073759680 hWindow=0x0 VidPnSourceId=0 FlipInterval=1 Flags=4198404 ReturnStatus=0 hSrcAllocHandle=0x40005e00 hDstAllocHandle=0x0"
"15:33:44.1101368","184","12852","3792","hContext=1073759680 hWindow=0x0 VidPnSourceId=0 FlipInterval=1 Flags=4198404 ReturnStatus=0 hSrcAllocHandle=0x800043c0 hDstAllocHandle=0x0"
"15:33:44.1146719","184","12852","3792","hContext=1073759680 hWindow=0x0 VidPnSourceId=0 FlipInterval=1 Flags=4198404 ReturnStatus=0 hSrcAllocHandle=0x40005c80 hDstAllocHandle=0x0"
"15:33:44.2217396","184","12852","3792","hContext=1073759680 hWindow=0x0 VidPnSourceId=0 FlipInterval=1 Flags=4198404 ReturnStatus=0 hSrcAllocHandle=0x40005e00 hDstAllocHandle=0x0"
"15:33:44.2315822","184","12852","3792","hContext=1073759680 hWindow=0x0 VidPnSourceId=0 FlipInterval=1 Flags=4198404 ReturnStatus=0 hSrcAllocHandle=0x800043c0 hDstAllocHandle=0x0"
"15:33:44.3317576","184","12852","3792","hContext=1073759680 hWindow=0x0 VidPnSourceId=0 FlipInterval=1 Flags=4198404 ReturnStatus=0 hSrcAllocHandle=0x40005c80 hDstAllocHandle=0x0"
"15:33:44.3481545","184","12852","3792","hContext=1073759680 hWindow=0x0 VidPnSourceId=0 FlipInterval=1 Flags=4198404 ReturnStatus=0 hSrcAllocHandle=0x40005e00 hDstAllocHandle=0x0"
"15:33:44.4416290","184","12852","3792","hContext=1073759680 hWindow=0x0 VidPnSourceId=0 FlipInterval=1 Flags=4198404 ReturnStatus=0 hSrcAllocHandle=0x800043c0 hDstAllocHandle=0x0"
"15:33:44.4419889","171","12852","13196","hAdapter=0xffff910e86eb4820 Token=0xffff810669b4d160 Model=7 TokenSize=0 TokenData=4680 Flags=0x0 CustomDuration=0 VmBusChannel=0x0"
"15:33:44.4420112","184","12852","13196","hContext=1073742528 hWindow=0x0 VidPnSourceId=0 FlipInterval=0 Flags=32768 ReturnStatus=0 hSrcAllocHandle=0x40000540 hDstAllocHandle=0x0"
"15:33:44.4423326","172","4","876","hAdapter=0xffff910e8cd5c000 Token=0xffff810669b4d160 Model=0 TokenSize=0 TokenData=0 Flags=0x0 CustomDuration=0 VmBusChannel=0x0"
"15:33:44.4508052","184","12852","3792","hContext=1073759680 hWindow=0x0 VidPnSourceId=0 FlipInterval=1 Flags=4198404 ReturnStatus=0 hSrcAllocHandle=0x40005c80 hDstAllocHandle=0x0"
"15:33:44.5647924","184","12852","3792","hContext=1073759680 hWindow=0x0 VidPnSourceId=0 FlipInterval=1 Flags=4198404 ReturnStatus=0 hSrcAllocHandle=0x40005e00 hDstAllocHandle=0x0"
"15:33:44.6603533","184","12852","3792","hContext=1073759680 hWindow=0x0 VidPnSourceId=0 FlipInterval=1 Flags=4198404 ReturnStatus=0 hSrcAllocHandle=0x800043c0 hDstAllocHandle=0x0"
"15:33:44.6652284","184","12852","3792","hContext=1073759680 hWindow=0x0 VidPnSourceId=0 FlipInterval=1 Flags=4198404 ReturnStatus=0 hSrcAllocHandle=0x40005c80 hDstAllocHandle=0x0"
"15:33:44.7682416","184","12852","3792","hContext=1073759680 hWindow=0x0 VidPnSourceId=0 FlipInterval=1 Flags=4198404 ReturnStatus=0 hSrcAllocHandle=0x40005e00 hDstAllocHandle=0x0"
"15:33:44.7820103","184","12852","3792","hContext=1073759680 hWindow=0x0 VidPnSourceId=0 FlipInterval=1 Flags=4198404 ReturnStatus=0 hSrcAllocHandle=0x800043c0 hDstAllocHandle=0x0"
"15:33:44.9871470","171","12852","13196","hAdapter=0xffff910e86eb4820 Token=0xffff810669b4d160 Model=7 TokenSize=0 TokenData=4688 Flags=0x0 CustomDuration=0 VmBusChannel=0x0"
"15:33:44.9871638","184","12852","13196","hContext=1073742528 hWindow=0x0 VidPnSourceId=0 FlipInterval=0 Flags=32768 ReturnStatus=0 hSrcAllocHandle=0x40000540 hDstAllocHandle=0x0"
"15:33:44.9871734","172","4","880","hAdapter=0xffff910e8cd5c000 Token=0xffff810669b4d160 Model=0 TokenSize=0 TokenData=0 Flags=0x0 CustomDuration=0 VmBusChannel=0x0"
"15:33:45.0723679","184","12852","3792","hContext=1073759680 hWindow=0x0 VidPnSourceId=0 FlipInterval=1 Flags=4198404 ReturnStatus=0 hSrcAllocHandle=0x40005c80 hDstAllocHandle=0x0"
"15:33:45.0821230","184","12852","3792","hContext=1073759680 hWindow=0x0 VidPnSourceId=0 FlipInterval=1 Flags=4198404 ReturnStatus=0 hSrcAllocHandle=0x40005e00 hDstAllocHandle=0x0"
"15:33:45.0986549","184","12852","3792","hContext=1073759680 hWindow=0x0 VidPnSourceId=0 FlipInterval=1 Flags=4198404 ReturnStatus=0 hSrcAllocHandle=0x800043c0 hDstAllocHandle=0x0"
"15:33:45.2063884","184","12852","3792","hContext=1073759680 hWindow=0x0 VidPnSourceId=0 FlipInterval=1 Flags=4198404 ReturnStatus=0 hSrcAllocHandle=0x40005c80 hDstAllocHandle=0x0"
"15:33:45.2155132","184","12852","3792","hContext=1073759680 hWindow=0x0 VidPnSourceId=0 FlipInterval=1 Flags=4198404 ReturnStatus=0 hSrcAllocHandle=0x40005e00 hDstAllocHandle=0x0"
"15:33:45.3166903","184","12852","3792","hContext=1073759680 hWindow=0x0 VidPnSourceId=0 FlipInterval=1 Flags=4198404 ReturnStatus=0 hSrcAllocHandle=0x800043c0 hDstAllocHandle=0x0"
"15:33:45.3326632","184","12852","3792","hContext=1073759680 hWindow=0x0 VidPnSourceId=0 FlipInterval=1 Flags=4198404 ReturnStatus=0 hSrcAllocHandle=0x40005c80 hDstAllocHandle=0x0"
"15:33:45.4137382","184","12852","3792","hContext=1073759680 hWindow=0x0 VidPnSourceId=0 FlipInterval=1 Flags=4198404 ReturnStatus=0 hSrcAllocHandle=0x40005e00 hDstAllocHandle=0x0"
"15:33:45.4239968","184","12852","3792","hContext=1073759680 hWindow=0x0 VidPnSourceId=0 FlipInterval=1 Flags=4198404 ReturnStatus=0 hSrcAllocHandle=0x800043c0 hDstAllocHandle=0x0"
"15:33:45.4490593","184","12852","3792","hContext=1073759680 hWindow=0x0 VidPnSourceId=0 FlipInterval=1 Flags=4198404 ReturnStatus=0 hSrcAllocHandle=0x40005c80 hDstAllocHandle=0x0"
"15:33:45.5324628","184","12852","3792","hContext=1073759680 hWindow=0x0 VidPnSourceId=0 FlipInterval=1 Flags=4198404 ReturnStatus=0 hSrcAllocHandle=0x40005e00 hDstAllocHandle=0x0"
"15:33:45.5360732","171","12852","13196","hAdapter=0xffff910e86eb4820 Token=0xffff810669b4d160 Model=7 TokenSize=0 TokenData=4692 Flags=0x0 CustomDuration=0 VmBusChannel=0x0"
"15:33:45.5360917","184","12852","13196","hContext=1073742528 hWindow=0x0 VidPnSourceId=0 FlipInterval=0 Flags=32768 ReturnStatus=0 hSrcAllocHandle=0x40000540 hDstAllocHandle=0x0"
"15:33:45.5364356","172","4","876","hAdapter=0xffff910e8cd5c000 Token=0xffff810669b4d160 Model=0 TokenSize=0 TokenData=0 Flags=0x0 CustomDuration=0 VmBusChannel=0x0"
"15:33:45.5506045","184","12852","3792","hContext=1073759680 hWindow=0x0 VidPnSourceId=0 FlipInterval=1 Flags=4198404 ReturnStatus=0 hSrcAllocHandle=0x800043c0 hDstAllocHandle=0x0"
"15:33:45.6497130","184","12852","3792","hContext=1073759680 hWindow=0x0 VidPnSourceId=0 FlipInterval=1 Flags=4198404 ReturnStatus=0 hSrcAllocHandle=0x40005c80 hDstAllocHandle=0x0"
"15:33:45.7545853","184","12852","3792","hContext=1073759680 hWindow=0x0 VidPnSourceId=0 FlipInterval=1 Flags=4198404 ReturnStatus=0 hSrcAllocHandle=0x40005e00 hDstAllocHandle=0x0"
"15:33:45.7657283","184","12852","3792","hContext=1073759680 hWindow=0x0 VidPnSourceId=0 FlipInterval=1 Flags=4198404 ReturnStatus=0 hSrcAllocHandle=0x800043c0 hDstAllocHandle=0x0"
"15:33:45.8651412","184","12852","3792","hContext=1073759680 hWindow=0x0 VidPnSourceId=0 FlipInterval=1 Flags=4198404 ReturnStatus=0 hSrcAllocHandle=0x40005c80 hDstAllocHandle=0x0"
"15:33:45.8826440","184","12852","3792","hContext=1073759680 hWindow=0x0 VidPnSourceId=0 FlipInterval=1 Flags=4198404 ReturnStatus=0 hSrcAllocHandle=0x40005e00 hDstAllocHandle=0x0"
"15:33:45.9116544","184","12852","3792","hContext=1073759680 hWindow=0x0 VidPnSourceId=0 FlipInterval=1 Flags=4198404 ReturnStatus=0 hSrcAllocHandle=0x800043c0 hDstAllocHandle=0x0"
"15:33:45.9694914","184","12852","3792","hContext=1073759680 hWindow=0x0 VidPnSourceId=0 FlipInterval=1 Flags=4198404 ReturnStatus=0 hSrcAllocHandle=0x40005c80 hDstAllocHandle=0x0"
"15:33:45.9835084","184","12852","3792","hContext=1073759680 hWindow=0x0 VidPnSourceId=0 FlipInterval=1 Flags=4198404 ReturnStatus=0 hSrcAllocHandle=0x40005e00 hDstAllocHandle=0x0"
"15:33:46.0826653","171","12852","13196","hAdapter=0xffff910e86eb4820 Token=0xffff810669b4d160 Model=7 TokenSize=0 TokenData=4696 Flags=0x0 CustomDuration=0 VmBusChannel=0x0"
"15:33:46.0826779","184","12852","13196","hContext=1073742528 hWindow=0x0 VidPnSourceId=0 FlipInterval=0 Flags=32768 ReturnStatus=0 hSrcAllocHandle=0x40000540 hDstAllocHandle=0x0"
"15:33:46.0828683","172","4","876","hAdapter=0xffff910e8cd5c000 Token=0xffff810669b4d160 Model=0 TokenSize=0 TokenData=0 Flags=0x0 CustomDuration=0 VmBusChannel=0x0"
"15:33:46.2829900","184","12852","3792","hContext=1073759680 hWindow=0x0 VidPnSourceId=0 FlipInterval=1 Flags=4198404 ReturnStatus=0 hSrcAllocHandle=0x800043c0 hDstAllocHandle=0x0"
"15:33:46.3042357","184","12852","3792","hContext=1073759680 hWindow=0x0 VidPnSourceId=0 FlipInterval=1 Flags=4198404 ReturnStatus=0 hSrcAllocHandle=0x40005c80 hDstAllocHandle=0x0"
"15:33:46.3164505","184","12852","3792","hContext=1073759680 hWindow=0x0 VidPnSourceId=0 FlipInterval=1 Flags=4198404 ReturnStatus=0 hSrcAllocHandle=0x40005e00 hDstAllocHandle=0x0"
"15:33:46.4057672","184","12852","3792","hContext=1073759680 hWindow=0x0 VidPnSourceId=0 FlipInterval=1 Flags=4198404 ReturnStatus=0 hSrcAllocHandle=0x800043c0 hDstAllocHandle=0x0"
"15:33:46.4168448","184","12852","3792","hContext=1073759680 hWindow=0x0 VidPnSourceId=0 FlipInterval=1 Flags=4198404 ReturnStatus=0 hSrcAllocHandle=0x40005c80 hDstAllocHandle=0x0"
"15:33:46.5175999","184","12852","3792","hContext=1073759680 hWindow=0x0 VidPnSourceId=0 FlipInterval=1 Flags=4198404 ReturnStatus=0 hSrcAllocHandle=0x40005e00 hDstAllocHandle=0x0"
"15:33:46.5333817","184","12852","3792","hContext=1073759680 hWindow=0x0 VidPnSourceId=0 FlipInterval=1 Flags=4198404 ReturnStatus=0 hSrcAllocHandle=0x800043c0 hDstAllocHandle=0x0"
"15:33:46.6252036","184","12852","3792","hContext=1073759680 hWindow=0x0 VidPnSourceId=0 FlipInterval=1 Flags=4198404 ReturnStatus=0 hSrcAllocHandle=0x40005c80 hDstAllocHandle=0x0"
"15:33:46.6273233","171","12852","13196","hAdapter=0xffff910e86eb4820 Token=0xffff810669b4d160 Model=7 TokenSize=0 TokenData=4704 Flags=0x0 CustomDuration=0 VmBusChannel=0x0"
"15:33:46.6273566","184","12852","13196","hContext=1073742528 hWindow=0x0 VidPnSourceId=0 FlipInterval=0 Flags=32768 ReturnStatus=0 hSrcAllocHandle=0x40000540 hDstAllocHandle=0x0"
"15:33:46.6273820","172","4","880","hAdapter=0xffff910e8cd5c000 Token=0xffff810669b4d160 Model=0 TokenSize=0 TokenData=0 Flags=0x0 CustomDuration=0 VmBusChannel=0x0"
"15:33:46.6356348","184","12852","3792","hContext=1073759680 hWindow=0x0 VidPnSourceId=0 FlipInterval=1 Flags=4198404 ReturnStatus=0 hSrcAllocHandle=0x40005e00 hDstAllocHandle=0x0"
"15:33:46.7508291","184","12852","3792","hContext=1073759680 hWindow=0x0 VidPnSourceId=0 FlipInterval=1 Flags=4198404 ReturnStatus=0 hSrcAllocHandle=0x800043c0 hDstAllocHandle=0x0"
"15:33:46.8461780","184","12852","3792","hContext=1073759680 hWindow=0x0 VidPnSourceId=0 FlipInterval=1 Flags=4198404 ReturnStatus=0 hSrcAllocHandle=0x40005c80 hDstAllocHandle=0x0"
"15:33:46.8503532","184","12852","3792","hContext=1073759680 hWindow=0x0 VidPnSourceId=0 FlipInterval=1 Flags=4198404 ReturnStatus=0 hSrcAllocHandle=0x40005e00 hDstAllocHandle=0x0"
"15:33:46.9535013","184","12852","3792","hContext=1073759680 hWindow=0x0 VidPnSourceId=0 FlipInterval=1 Flags=4198404 ReturnStatus=0 hSrcAllocHandle=0x800043c0 hDstAllocHandle=0x0"
"15:33:46.9666693","184","12852","3792","hContext=1073759680 hWindow=0x0 VidPnSourceId=0 FlipInterval=1 Flags=4198404 ReturnStatus=0 hSrcAllocHandle=0x40005c80 hDstAllocHandle=0x0"
"15:33:47.0661852","184","12852","3792","hContext=1073759680 hWindow=0x0 VidPnSourceId=0 FlipInterval=1 Flags=4198404 ReturnStatus=0 hSrcAllocHandle=0x40005e00 hDstAllocHandle=0x0"
"15:33:47.0837676","184","12852","3792","hContext=1073759680 hWindow=0x0 VidPnSourceId=0 FlipInterval=1 Flags=4198404 ReturnStatus=0 hSrcAllocHandle=0x800043c0 hDstAllocHandle=0x0"
"15:33:47.1826244","184","12852","3792","hContext=1073759680 hWindow=0x0 VidPnSourceId=0 FlipInterval=1 Flags=4198404 ReturnStatus=0 hSrcAllocHandle=0x40005c80 hDstAllocHandle=0x0"
"15:33:47.1834863","171","12852","13196","hAdapter=0xffff910e86eb4820 Token=0xffff810669b4d160 Model=7 TokenSize=0 TokenData=4712 Flags=0x0 CustomDuration=0 VmBusChannel=0x0"
"15:33:47.1835213","184","12852","13196","hContext=1073742528 hWindow=0x0 VidPnSourceId=0 FlipInterval=0 Flags=32768 ReturnStatus=0 hSrcAllocHandle=0x40000540 hDstAllocHandle=0x0"
"15:33:47.1839057","172","4","876","hAdapter=0xffff910e8cd5c000 Token=0xffff810669b4d160 Model=0 TokenSize=0 TokenData=0 Flags=0x0 CustomDuration=0 VmBusChannel=0x0"
"15:33:47.2026202","184","12852","3792","hContext=1073759680 hWindow=0x0 VidPnSourceId=0 FlipInterval=1 Flags=4198404 ReturnStatus=0 hSrcAllocHandle=0x40005e00 hDstAllocHandle=0x0"
"15:33:47.2843558","184","12852","3792","hContext=1073759680 hWindow=0x0 VidPnSourceId=0 FlipInterval=1 Flags=4198404 ReturnStatus=0 hSrcAllocHandle=0x800043c0 hDstAllocHandle=0x0"
"15:33:47.6807085","184","12852","3792","hContext=1073759680 hWindow=0x0 VidPnSourceId=0 FlipInterval=1 Flags=4198404 ReturnStatus=0 hSrcAllocHandle=0x40005c80 hDstAllocHandle=0x0"
"15:33:47.6855444","184","12852","3792","hContext=1073759680 hWindow=0x0 VidPnSourceId=0 FlipInterval=1 Flags=4198404 ReturnStatus=0 hSrcAllocHandle=0x40005e00 hDstAllocHandle=0x0"
"15:33:47.7187829","184","12852","3792","hContext=1073759680 hWindow=0x0 VidPnSourceId=0 FlipInterval=1 Flags=4198404 ReturnStatus=0 hSrcAllocHandle=0x800043c0 hDstAllocHandle=0x0"
"15:33:47.7189917","171","12852","13196","hAdapter=0xffff910e86eb4820 Token=0xffff810669b4d160 Model=7 TokenSize=0 TokenData=4680 Flags=0x0 CustomDuration=0 VmBusChannel=0x0"
"15:33:47.7190097","184","12852","13196","hContext=1073742528 hWindow=0x0 VidPnSourceId=0 FlipInterval=0 Flags=32768 ReturnStatus=0 hSrcAllocHandle=0x40000540 hDstAllocHandle=0x0"
"15:33:47.7191344","172","4","876","hAdapter=0xffff910e8cd5c000 Token=0xffff810669b4d160 Model=0 TokenSize=0 TokenData=0 Flags=0x0 CustomDuration=0 VmBusChannel=0x0"
"15:33:47.7370849","184","12852","3792","hContext=1073759680 hWindow=0x0 VidPnSourceId=0 FlipInterval=1 Flags=4198404 ReturnStatus=0 hSrcAllocHandle=0x40005c80 hDstAllocHandle=0x0"
"15:33:47.8341131","184","12852","3792","hContext=1073759680 hWindow=0x0 VidPnSourceId=0 FlipInterval=1 Flags=4198404 ReturnStatus=0 hSrcAllocHandle=0x40005e00 hDstAllocHandle=0x0"
"15:33:47.9071424","184","12852","3792","hContext=1073759680 hWindow=0x0 VidPnSourceId=0 FlipInterval=1 Flags=4198404 ReturnStatus=0 hSrcAllocHandle=0x800043c0 hDstAllocHandle=0x0"
"15:33:47.9385270","184","12852","3792","hContext=1073759680 hWindow=0x0 VidPnSourceId=0 FlipInterval=1 Flags=4198404 ReturnStatus=0 hSrcAllocHandle=0x40005c80 hDstAllocHandle=0x0"
"15:33:47.9506453","184","12852","3792","hContext=1073759680 hWindow=0x0 VidPnSourceId=0 FlipInterval=1 Flags=4198404 ReturnStatus=0 hSrcAllocHandle=0x40005e00 hDstAllocHandle=0x0"
"15:33:48.0520470","184","12852","3792","hContext=1073759680 hWindow=0x0 VidPnSourceId=0 FlipInterval=1 Flags=4198404 ReturnStatus=0 hSrcAllocHandle=0x800043c0 hDstAllocHandle=0x0"
"15:33:48.0677149","184","12852","3792","hContext=1073759680 hWindow=0x0 VidPnSourceId=0 FlipInterval=1 Flags=4198404 ReturnStatus=0 hSrcAllocHandle=0x40005c80 hDstAllocHandle=0x0"
"15:33:48.1601237","184","12852","3792","hContext=1073759680 hWindow=0x0 VidPnSourceId=0 FlipInterval=1 Flags=4198404 ReturnStatus=0 hSrcAllocHandle=0x40005e00 hDstAllocHandle=0x0"
"15:33:48.1677412","184","12852","3792","hContext=1073759680 hWindow=0x0 VidPnSourceId=0 FlipInterval=1 Flags=4198404 ReturnStatus=0 hSrcAllocHandle=0x800043c0 hDstAllocHandle=0x0"
"15:33:48.2685290","184","12852","3792","hContext=1073759680 hWindow=0x0 VidPnSourceId=0 FlipInterval=1 Flags=4198404 ReturnStatus=0 hSrcAllocHandle=0x40005c80 hDstAllocHandle=0x0"
"15:33:48.2687143","171","12852","13196","hAdapter=0xffff910e86eb4820 Token=0xffff810669b4d160 Model=7 TokenSize=0 TokenData=4656 Flags=0x0 CustomDuration=0 VmBusChannel=0x0"
"15:33:48.2687273","184","12852","13196","hContext=1073742528 hWindow=0x0 VidPnSourceId=0 FlipInterval=0 Flags=32768 ReturnStatus=0 hSrcAllocHandle=0x40000540 hDstAllocHandle=0x0"
"15:33:48.2689073","172","4","876","hAdapter=0xffff910e8cd5c000 Token=0xffff810669b4d160 Model=0 TokenSize=0 TokenData=0 Flags=0x0 CustomDuration=0 VmBusChannel=0x0"
"15:33:48.2862966","184","12852","3792","hContext=1073759680 hWindow=0x0 VidPnSourceId=0 FlipInterval=1 Flags=4198404 ReturnStatus=0 hSrcAllocHandle=0x40005e00 hDstAllocHandle=0x0"
"15:33:48.3843232","184","12852","3792","hContext=1073759680 hWindow=0x0 VidPnSourceId=0 FlipInterval=1 Flags=4198404 ReturnStatus=0 hSrcAllocHandle=0x800043c0 hDstAllocHandle=0x0"
"15:33:48.4060352","184","12852","3792","hContext=1073759680 hWindow=0x0 VidPnSourceId=0 FlipInterval=1 Flags=4198404 ReturnStatus=0 hSrcAllocHandle=0x40005c80 hDstAllocHandle=0x0"
"15:33:48.4867793","184","12852","3792","hContext=1073759680 hWindow=0x0 VidPnSourceId=0 FlipInterval=1 Flags=4198404 ReturnStatus=0 hSrcAllocHandle=0x40005e00 hDstAllocHandle=0x0"
"15:33:48.5927462","184","12852","3792","hContext=1073759680 hWindow=0x0 VidPnSourceId=0 FlipInterval=1 Flags=4198404 ReturnStatus=0 hSrcAllocHandle=0x800043c0 hDstAllocHandle=0x0"
"15:33:48.6015614","184","12852","3792","hContext=1073759680 hWindow=0x0 VidPnSourceId=0 FlipInterval=1 Flags=4198404 ReturnStatus=0 hSrcAllocHandle=0x40005c80 hDstAllocHandle=0x0"
"15:33:48.7049615","184","12852","3792","hContext=1073759680 hWindow=0x0 VidPnSourceId=0 FlipInterval=1 Flags=4198404 ReturnStatus=0 hSrcAllocHandle=0x40005e00 hDstAllocHandle=0x0"
"15:33:48.7192209","184","12852","3792","hContext=1073759680 hWindow=0x0 VidPnSourceId=0 FlipInterval=1 Flags=4198404 ReturnStatus=0 hSrcAllocHandle=0x800043c0 hDstAllocHandle=0x0"
"15:33:48.8165016","171","12852","13196","hAdapter=0xffff910e86eb4820 Token=0xffff810669b4d160 Model=7 TokenSize=0 TokenData=4588 Flags=0x0 CustomDuration=0 VmBusChannel=0x0"
"15:33:48.8165202","184","12852","13196","hContext=1073742528 hWindow=0x0 VidPnSourceId=0 FlipInterval=0 Flags=32768 ReturnStatus=0 hSrcAllocHandle=0x40000540 hDstAllocHandle=0x0"
"15:33:48.8165296","172","4","880","hAdapter=0xffff910e8cd5c000 Token=0xffff810669b4d160 Model=0 TokenSize=0 TokenData=0 Flags=0x0 CustomDuration=0 VmBusChannel=0x0"
"15:33:49.0080693","184","12852","3792","hContext=1073759680 hWindow=0x0 VidPnSourceId=0 FlipInterval=1 Flags=4198404 ReturnStatus=0 hSrcAllocHandle=0x40005c80 hDstAllocHandle=0x0"
"15:33:49.0188114","184","12852","3792","hContext=1073759680 hWindow=0x0 VidPnSourceId=0 FlipInterval=1 Flags=4198404 ReturnStatus=0 hSrcAllocHandle=0x40005e00 hDstAllocHandle=0x0"
"15:33:49.0351029","184","12852","3792","hContext=1073759680 hWindow=0x0 VidPnSourceId=0 FlipInterval=1 Flags=4198404 ReturnStatus=0 hSrcAllocHandle=0x800043c0 hDstAllocHandle=0x0"
"15:33:49.1452556","184","12852","3792","hContext=1073759680 hWindow=0x0 VidPnSourceId=0 FlipInterval=1 Flags=4198404 ReturnStatus=0 hSrcAllocHandle=0x40005c80 hDstAllocHandle=0x0"
"15:33:49.1516675","184","12852","3792","hContext=1073759680 hWindow=0x0 VidPnSourceId=0 FlipInterval=1 Flags=4198404 ReturnStatus=0 hSrcAllocHandle=0x40005e00 hDstAllocHandle=0x0"
"15:33:49.2514901","184","12852","3792","hContext=1073759680 hWindow=0x0 VidPnSourceId=0 FlipInterval=1 Flags=4198404 ReturnStatus=0 hSrcAllocHandle=0x800043c0 hDstAllocHandle=0x0"
"15:33:49.2685584","184","12852","3792","hContext=1073759680 hWindow=0x0 VidPnSourceId=0 FlipInterval=1 Flags=4198404 ReturnStatus=0 hSrcAllocHandle=0x40005c80 hDstAllocHandle=0x0"
"15:33:49.3616620","184","12852","3792","hContext=1073759680 hWindow=0x0 VidPnSourceId=0 FlipInterval=1 Flags=4198404 ReturnStatus=0 hSrcAllocHandle=0x40005e00 hDstAllocHandle=0x0"
"15:33:49.3618388","171","12852","13196","hAdapter=0xffff910e86eb4820 Token=0xffff810669b4d160 Model=7 TokenSize=0 TokenData=4724 Flags=0x0 CustomDuration=0 VmBusChannel=0x0"
"15:33:49.3618573","184","12852","13196","hContext=1073742528 hWindow=0x0 VidPnSourceId=0 FlipInterval=0 Flags=32768 ReturnStatus=0 hSrcAllocHandle=0x40000540 hDstAllocHandle=0x0"
"15:33:49.3619451","172","4","876","hAdapter=0xffff910e8cd5c000 Token=0xffff810669b4d160 Model=0 TokenSize=0 TokenData=0 Flags=0x0 CustomDuration=0 VmBusChannel=0x0"
"15:33:49.3704772","184","12852","3792","hContext=1073759680 hWindow=0x0 VidPnSourceId=0 FlipInterval=1 Flags=4198404 ReturnStatus=0 hSrcAllocHandle=0x800043c0 hDstAllocHandle=0x0"
"15:33:49.4190273","184","12852","3792","hContext=1073759680 hWindow=0x0 VidPnSourceId=0 FlipInterval=1 Flags=4198404 ReturnStatus=0 hSrcAllocHandle=0x40005c80 hDstAllocHandle=0x0"
"15:33:49.4735501","184","12852","3792","hContext=1073759680 hWindow=0x0 VidPnSourceId=0 FlipInterval=1 Flags=4198404 ReturnStatus=0 hSrcAllocHandle=0x40005e00 hDstAllocHandle=0x0"
"15:33:49.4852190","184","12852","3792","hContext=1073759680 hWindow=0x0 VidPnSourceId=0 FlipInterval=1 Flags=4198404 ReturnStatus=0 hSrcAllocHandle=0x800043c0 hDstAllocHandle=0x0"
"15:33:49.5779152","184","12852","3792","hContext=1073759680 hWindow=0x0 VidPnSourceId=0 FlipInterval=1 Flags=4198404 ReturnStatus=0 hSrcAllocHandle=0x40005c80 hDstAllocHandle=0x0"
"15:33:49.5858258","184","12852","3792","hContext=1073759680 hWindow=0x0 VidPnSourceId=0 FlipInterval=1 Flags=4198404 ReturnStatus=0 hSrcAllocHandle=0x40005e00 hDstAllocHandle=0x0"
"15:33:49.6912272","184","12852","3792","hContext=1073759680 hWindow=0x0 VidPnSourceId=0 FlipInterval=1 Flags=4198404 ReturnStatus=0 hSrcAllocHandle=0x800043c0 hDstAllocHandle=0x0"
"15:33:49.7020312","184","12852","3792","hContext=1073759680 hWindow=0x0 VidPnSourceId=0 FlipInterval=1 Flags=4198404 ReturnStatus=0 hSrcAllocHandle=0x40005c80 hDstAllocHandle=0x0"
"15:33:49.7965384","184","12852","3792","hContext=1073759680 hWindow=0x0 VidPnSourceId=0 FlipInterval=1 Flags=4198404 ReturnStatus=0 hSrcAllocHandle=0x40005e00 hDstAllocHandle=0x0"
"15:33:49.8027801","184","12852","3792","hContext=1073759680 hWindow=0x0 VidPnSourceId=0 FlipInterval=1 Flags=4198404 ReturnStatus=0 hSrcAllocHandle=0x800043c0 hDstAllocHandle=0x0"
"15:33:49.9136193","184","12852","3792","hContext=1073759680 hWindow=0x0 VidPnSourceId=0 FlipInterval=1 Flags=4198404 ReturnStatus=0 hSrcAllocHandle=0x40005c80 hDstAllocHandle=0x0"
"15:33:49.9141169","171","12852","13196","hAdapter=0xffff910e86eb4820 Token=0xffff810669b4d160 Model=7 TokenSize=0 TokenData=4712 Flags=0x0 CustomDuration=0 VmBusChannel=0x0"
"15:33:49.9141310","184","12852","13196","hContext=1073742528 hWindow=0x0 VidPnSourceId=0 FlipInterval=0 Flags=32768 ReturnStatus=0 hSrcAllocHandle=0x40000540 hDstAllocHandle=0x0"
"15:33:49.9143942","172","4","876","hAdapter=0xffff910e8cd5c000 Token=0xffff810669b4d160 Model=0 TokenSize=0 TokenData=0 Flags=0x0 CustomDuration=0 VmBusChannel=0x0"
"15:33:49.9207717","184","12852","3792","hContext=1073759680 hWindow=0x0 VidPnSourceId=0 FlipInterval=1 Flags=4198404 ReturnStatus=0 hSrcAllocHandle=0x40005e00 hDstAllocHandle=0x0"
"15:33:49.9360633","184","12852","3792","hContext=1073759680 hWindow=0x0 VidPnSourceId=0 FlipInterval=1 Flags=4198404 ReturnStatus=0 hSrcAllocHandle=0x800043c0 hDstAllocHandle=0x0"
"15:33:50.2227323","184","12852","3792","hContext=1073759680 hWindow=0x0 VidPnSourceId=0 FlipInterval=1 Flags=4198404 ReturnStatus=0 hSrcAllocHandle=0x40005c80 hDstAllocHandle=0x0"
"15:33:50.2362295","184","12852","3792","hContext=1073759680 hWindow=0x0 VidPnSourceId=0 FlipInterval=1 Flags=4198404 ReturnStatus=0 hSrcAllocHandle=0x40005e00 hDstAllocHandle=0x0"
"15:33:50.2532896","184","12852","3792","hContext=1073759680 hWindow=0x0 VidPnSourceId=0 FlipInterval=1 Flags=4198404 ReturnStatus=0 hSrcAllocHandle=0x800043c0 hDstAllocHandle=0x0"
"15:33:50.3418770","184","12852","3792","hContext=1073759680 hWindow=0x0 VidPnSourceId=0 FlipInterval=1 Flags=4198404 ReturnStatus=0 hSrcAllocHandle=0x40005c80 hDstAllocHandle=0x0"
"15:33:50.3547480","184","12852","3792","hContext=1073759680 hWindow=0x0 VidPnSourceId=0 FlipInterval=1 Flags=4198404 ReturnStatus=0 hSrcAllocHandle=0x40005e00 hDstAllocHandle=0x0"
"15:33:50.4174831","184","12852","3792","hContext=1073759680 hWindow=0x0 VidPnSourceId=0 FlipInterval=1 Flags=4198404 ReturnStatus=0 hSrcAllocHandle=0x800043c0 hDstAllocHandle=0x0"
"15:33:50.4617226","184","12852","3792","hContext=1073759680 hWindow=0x0 VidPnSourceId=0 FlipInterval=1 Flags=4198404 ReturnStatus=0 hSrcAllocHandle=0x40005c80 hDstAllocHandle=0x0"
"15:33:50.4621590","171","12852","13196","hAdapter=0xffff910e86eb4820 Token=0xffff810669b4d160 Model=7 TokenSize=0 TokenData=4492 Flags=0x0 CustomDuration=0 VmBusChannel=0x0"
"15:33:50.4621945","184","12852","13196","hContext=1073742528 hWindow=0x0 VidPnSourceId=0 FlipInterval=0 Flags=32768 ReturnStatus=0 hSrcAllocHandle=0x40000540 hDstAllocHandle=0x0"
"15:33:50.4623785","172","4","876","hAdapter=0xffff910e8cd5c000 Token=0xffff810669b4d160 Model=0 TokenSize=0 TokenData=0 Flags=0x0 CustomDuration=0 VmBusChannel=0x0"
"15:33:50.4715101","184","12852","3792","hContext=1073759680 hWindow=0x0 VidPnSourceId=0 FlipInterval=1 Flags=4198404 ReturnStatus=0 hSrcAllocHandle=0x40005e00 hDstAllocHandle=0x0"
"15:33:50.5705589","184","12852","3792","hContext=1073759680 hWindow=0x0 VidPnSourceId=0 FlipInterval=1 Flags=4198404 ReturnStatus=0 hSrcAllocHandle=0x800043c0 hDstAllocHandle=0x0"
"15:33:50.6754981","184","12852","3792","hContext=1073759680 hWindow=0x0 VidPnSourceId=0 FlipInterval=1 Flags=4198404 ReturnStatus=0 hSrcAllocHandle=0x40005c80 hDstAllocHandle=0x0"
"15:33:50.6868452","184","12852","3792","hContext=1073759680 hWindow=0x0 VidPnSourceId=0 FlipInterval=1 Flags=4198404 ReturnStatus=0 hSrcAllocHandle=0x40005e00 hDstAllocHandle=0x0"
"15:33:50.7809801","184","12852","3792","hContext=1073759680 hWindow=0x0 VidPnSourceId=0 FlipInterval=1 Flags=4198404 ReturnStatus=0 hSrcAllocHandle=0x800043c0 hDstAllocHandle=0x0"
"15:33:50.7861889","184","12852","3792","hContext=1073759680 hWindow=0x0 VidPnSourceId=0 FlipInterval=1 Flags=4198404 ReturnStatus=0 hSrcAllocHandle=0x40005c80 hDstAllocHandle=0x0"
"15:33:50.8887828","184","12852","3792","hContext=1073759680 hWindow=0x0 VidPnSourceId=0 FlipInterval=1 Flags=4198404 ReturnStatus=0 hSrcAllocHandle=0x40005e00 hDstAllocHandle=0x0"
"15:33:50.9032207","184","12852","3792","hContext=1073759680 hWindow=0x0 VidPnSourceId=0 FlipInterval=1 Flags=4198404 ReturnStatus=0 hSrcAllocHandle=0x800043c0 hDstAllocHandle=0x0"
"15:33:51.0028412","184","12852","3792","hContext=1073759680 hWindow=0x0 VidPnSourceId=0 FlipInterval=1 Flags=4198404 ReturnStatus=0 hSrcAllocHandle=0x40005c80 hDstAllocHandle=0x0"
"15:33:51.0037192","171","12852","13196","hAdapter=0xffff910e86eb4820 Token=0xffff810669b4d160 Model=7 TokenSize=0 TokenData=4656 Flags=0x0 CustomDuration=0 VmBusChannel=0x0"
"15:33:51.0037422","184","12852","13196","hContext=1073742528 hWindow=0x0 VidPnSourceId=0 FlipInterval=0 Flags=32768 ReturnStatus=0 hSrcAllocHandle=0x40000540 hDstAllocHandle=0x0"
"15:33:51.0041016","172","4","876","hAdapter=0xffff910e8cd5c000 Token=0xffff810669b4d160 Model=0 TokenSize=0 TokenData=0 Flags=0x0 CustomDuration=0 VmBusChannel=0x0"
"15:33:51.0247737","184","12852","3792","hContext=1073759680 hWindow=0x0 VidPnSourceId=0 FlipInterval=1 Flags=4198404 ReturnStatus=0 hSrcAllocHandle=0x40005e00 hDstAllocHandle=0x0"
"15:33:51.1201080","184","12852","3792","hContext=1073759680 hWindow=0x0 VidPnSourceId=0 FlipInterval=1 Flags=4198404 ReturnStatus=0 hSrcAllocHandle=0x800043c0 hDstAllocHandle=0x0"
"15:33:51.2199298","184","12852","3792","hContext=1073759680 hWindow=0x0 VidPnSourceId=0 FlipInterval=1 Flags=4198404 ReturnStatus=0 hSrcAllocHandle=0x40005c80 hDstAllocHandle=0x0"
"15:33:51.2366250","184","12852","3792","hContext=1073759680 hWindow=0x0 VidPnSourceId=0 FlipInterval=1 Flags=4198404 ReturnStatus=0 hSrcAllocHandle=0x40005e00 hDstAllocHandle=0x0"
"15:33:51.5209815","184","12852","3792","hContext=1073759680 hWindow=0x0 VidPnSourceId=0 FlipInterval=1 Flags=4198404 ReturnStatus=0 hSrcAllocHandle=0x800043c0 hDstAllocHandle=0x0"
"15:33:51.5500187","184","12852","3792","hContext=1073759680 hWindow=0x0 VidPnSourceId=0 FlipInterval=1 Flags=4198404 ReturnStatus=0 hSrcAllocHandle=0x40005c80 hDstAllocHandle=0x0"
"15:33:51.5500668","171","12852","13196","hAdapter=0xffff910e86eb4820 Token=0xffff810669b4d160 Model=7 TokenSize=0 TokenData=4656 Flags=0x0 CustomDuration=0 VmBusChannel=0x0"
"15:33:51.5500852","184","12852","13196","hContext=1073742528 hWindow=0x0 VidPnSourceId=0 FlipInterval=0 Flags=32768 ReturnStatus=0 hSrcAllocHandle=0x40000540 hDstAllocHandle=0x0"
"15:33:51.5503184","172","4","876","hAdapter=0xffff910e8cd5c000 Token=0xffff810669b4d160 Model=0 TokenSize=0 TokenData=0 Flags=0x0 CustomDuration=0 VmBusChannel=0x0"
"15:33:51.5584027","184","12852","3792","hContext=1073759680 hWindow=0x0 VidPnSourceId=0 FlipInterval=1 Flags=4198404 ReturnStatus=0 hSrcAllocHandle=0x40005e00 hDstAllocHandle=0x0"
"15:33:51.6714051","184","12852","3792","hContext=1073759680 hWindow=0x0 VidPnSourceId=0 FlipInterval=1 Flags=4198404 ReturnStatus=0 hSrcAllocHandle=0x800043c0 hDstAllocHandle=0x0"
"15:33:51.7663965","184","12852","3792","hContext=1073759680 hWindow=0x0 VidPnSourceId=0 FlipInterval=1 Flags=4198404 ReturnStatus=0 hSrcAllocHandle=0x40005c80 hDstAllocHandle=0x0"
"15:33:51.7711017","184","12852","3792","hContext=1073759680 hWindow=0x0 VidPnSourceId=0 FlipInterval=1 Flags=4198404 ReturnStatus=0 hSrcAllocHandle=0x40005e00 hDstAllocHandle=0x0"
"15:33:51.8763359","184","12852","3792","hContext=1073759680 hWindow=0x0 VidPnSourceId=0 FlipInterval=1 Flags=4198404 ReturnStatus=0 hSrcAllocHandle=0x800043c0 hDstAllocHandle=0x0"
"15:33:51.8879008","184","12852","3792","hContext=1073759680 hWindow=0x0 VidPnSourceId=0 FlipInterval=1 Flags=4198404 ReturnStatus=0 hSrcAllocHandle=0x40005c80 hDstAllocHandle=0x0"
"15:33:51.9101460","184","12852","3792","hContext=1073759680 hWindow=0x0 VidPnSourceId=0 FlipInterval=1 Flags=4198404 ReturnStatus=0 hSrcAllocHandle=0x40005e00 hDstAllocHandle=0x0"
"15:33:51.9856284","184","12852","3792","hContext=1073759680 hWindow=0x0 VidPnSourceId=0 FlipInterval=1 Flags=4198404 ReturnStatus=0 hSrcAllocHandle=0x800043c0 hDstAllocHandle=0x0"
"15:33:51.9873208","184","12852","3792","hContext=1073759680 hWindow=0x0 VidPnSourceId=0 FlipInterval=1 Flags=4198404 ReturnStatus=0 hSrcAllocHandle=0x40005c80 hDstAllocHandle=0x0"
"15:33:52.0958909","184","12852","3792","hContext=1073759680 hWindow=0x0 VidPnSourceId=0 FlipInterval=1 Flags=4198404 ReturnStatus=0 hSrcAllocHandle=0x40005e00 hDstAllocHandle=0x0"
"15:33:52.0981407","171","12852","13196","hAdapter=0xffff910e86eb4820 Token=0xffff810669b4d160 Model=7 TokenSize=0 TokenData=4716 Flags=0x0 CustomDuration=0 VmBusChannel=0x0"
"15:33:52.0981751","184","12852","13196","hContext=1073742528 hWindow=0x0 VidPnSourceId=0 FlipInterval=0 Flags=32768 ReturnStatus=0 hSrcAllocHandle=0x40000540 hDstAllocHandle=0x0"
"15:33:52.0981984","172","4","880","hAdapter=0xffff910e8cd5c000 Token=0xffff810669b4d160 Model=0 TokenSize=0 TokenData=0 Flags=0x0 CustomDuration=0 VmBusChannel=0x0"
"15:33:52.1069350","184","12852","3792","hContext=1073759680 hWindow=0x0 VidPnSourceId=0 FlipInterval=1 Flags=4198404 ReturnStatus=0 hSrcAllocHandle=0x800043c0 hDstAllocHandle=0x0"
"15:33:52.2050933","184","12852","3792","hContext=1073759680 hWindow=0x0 VidPnSourceId=0 FlipInterval=1 Flags=4198404 ReturnStatus=0 hSrcAllocHandle=0x40005c80 hDstAllocHandle=0x0"
"15:33:52.3128635","184","12852","3792","hContext=1073759680 hWindow=0x0 VidPnSourceId=0 FlipInterval=1 Flags=4198404 ReturnStatus=0 hSrcAllocHandle=0x40005e00 hDstAllocHandle=0x0"
"15:33:52.3215877","184","12852","3792","hContext=1073759680 hWindow=0x0 VidPnSourceId=0 FlipInterval=1 Flags=4198404 ReturnStatus=0 hSrcAllocHandle=0x800043c0 hDstAllocHandle=0x0"
"15:33:52.4207609","184","12852","3792","hContext=1073759680 hWindow=0x0 VidPnSourceId=0 FlipInterval=1 Flags=4198404 ReturnStatus=0 hSrcAllocHandle=0x40005c80 hDstAllocHandle=0x0"
"15:33:52.4381975","184","12852","3792","hContext=1073759680 hWindow=0x0 VidPnSourceId=0 FlipInterval=1 Flags=4198404 ReturnStatus=0 hSrcAllocHandle=0x40005e00 hDstAllocHandle=0x0"
"15:33:52.5360313","184","12852","3792","hContext=1073759680 hWindow=0x0 VidPnSourceId=0 FlipInterval=1 Flags=4198404 ReturnStatus=0 hSrcAllocHandle=0x800043c0 hDstAllocHandle=0x0"
"15:33:52.5374607","184","12852","3792","hContext=1073759680 hWindow=0x0 VidPnSourceId=0 FlipInterval=1 Flags=4198404 ReturnStatus=0 hSrcAllocHandle=0x40005c80 hDstAllocHandle=0x0"
"15:33:52.6434125","171","12852","13196","hAdapter=0xffff910e86eb4820 Token=0xffff810669b4d160 Model=7 TokenSize=0 TokenData=4712 Flags=0x0 CustomDuration=0 VmBusChannel=0x0"
"15:33:52.6434311","184","12852","13196","hContext=1073742528 hWindow=0x0 VidPnSourceId=0 FlipInterval=0 Flags=32768 ReturnStatus=0 hSrcAllocHandle=0x40000540 hDstAllocHandle=0x0"
"15:33:52.6434423","172","4","880","hAdapter=0xffff910e8cd5c000 Token=0xffff810669b4d160 Model=0 TokenSize=0 TokenData=0 Flags=0x0 CustomDuration=0 VmBusChannel=0x0"
"15:33:52.8245529","184","12852","3792","hContext=1073759680 hWindow=0x0 VidPnSourceId=0 FlipInterval=1 Flags=4198404 ReturnStatus=0 hSrcAllocHandle=0x40005e00 hDstAllocHandle=0x0"
"15:33:52.8404132","184","12852","3792","hContext=1073759680 hWindow=0x0 VidPnSourceId=0 FlipInterval=1 Flags=4198404 ReturnStatus=0 hSrcAllocHandle=0x800043c0 hDstAllocHandle=0x0"
"15:33:52.8612748","184","12852","3792","hContext=1073759680 hWindow=0x0 VidPnSourceId=0 FlipInterval=1 Flags=4198404 ReturnStatus=0 hSrcAllocHandle=0x40005c80 hDstAllocHandle=0x0"
"15:33:52.8721420","184","12852","3792","hContext=1073759680 hWindow=0x0 VidPnSourceId=0 FlipInterval=1 Flags=4198404 ReturnStatus=0 hSrcAllocHandle=0x40005e00 hDstAllocHandle=0x0"
"15:33:52.9692712","184","12852","3792","hContext=1073759680 hWindow=0x0 VidPnSourceId=0 FlipInterval=1 Flags=4198404 ReturnStatus=0 hSrcAllocHandle=0x800043c0 hDstAllocHandle=0x0"
"15:33:52.9720267","184","12852","3792","hContext=1073759680 hWindow=0x0 VidPnSourceId=0 FlipInterval=1 Flags=4198404 ReturnStatus=0 hSrcAllocHandle=0x40005c80 hDstAllocHandle=0x0"
"15:33:53.0784622","184","12852","3792","hContext=1073759680 hWindow=0x0 VidPnSourceId=0 FlipInterval=1 Flags=4198404 ReturnStatus=0 hSrcAllocHandle=0x40005e00 hDstAllocHandle=0x0"
"15:33:53.0882340","184","12852","3792","hContext=1073759680 hWindow=0x0 VidPnSourceId=0 FlipInterval=1 Flags=4198404 ReturnStatus=0 hSrcAllocHandle=0x800043c0 hDstAllocHandle=0x0"
"15:33:53.1912063","184","12852","3792","hContext=1073759680 hWindow=0x0 VidPnSourceId=0 FlipInterval=1 Flags=4198404 ReturnStatus=0 hSrcAllocHandle=0x40005c80 hDstAllocHandle=0x0"
"15:33:53.1914288","171","12852","13196","hAdapter=0xffff910e86eb4820 Token=0xffff810669b4d160 Model=7 TokenSize=0 TokenData=4732 Flags=0x0 CustomDuration=0 VmBusChannel=0x0"
"15:33:53.1914585","184","12852","13196","hContext=1073742528 hWindow=0x0 VidPnSourceId=0 FlipInterval=0 Flags=32768 ReturnStatus=0 hSrcAllocHandle=0x40000540 hDstAllocHandle=0x0"
"15:33:53.1915073","172","4","876","hAdapter=0xffff910e8cd5c000 Token=0xffff810669b4d160 Model=0 TokenSize=0 TokenData=0 Flags=0x0 CustomDuration=0 VmBusChannel=0x0"
"15:33:53.2068655","184","12852","3792","hContext=1073759680 hWindow=0x0 VidPnSourceId=0 FlipInterval=1 Flags=4198404 ReturnStatus=0 hSrcAllocHandle=0x40005e00 hDstAllocHandle=0x0"
"15:33:53.3059975","184","12852","3792","hContext=1073759680 hWindow=0x0 VidPnSourceId=0 FlipInterval=1 Flags=4198404 ReturnStatus=0 hSrcAllocHandle=0x800043c0 hDstAllocHandle=0x0"
"15:33:53.4089974","184","12852","3792","hContext=1073759680 hWindow=0x0 VidPnSourceId=0 FlipInterval=1 Flags=4198404 ReturnStatus=0 hSrcAllocHandle=0x40005c80 hDstAllocHandle=0x0"
"15:33:53.4224447","184","12852","3792","hContext=1073759680 hWindow=0x0 VidPnSourceId=0 FlipInterval=1 Flags=4198404 ReturnStatus=0 hSrcAllocHandle=0x40005e00 hDstAllocHandle=0x0"
"15:33:53.5158946","184","12852","3792","hContext=1073759680 hWindow=0x0 VidPnSourceId=0 FlipInterval=1 Flags=4198404 ReturnStatus=0 hSrcAllocHandle=0x800043c0 hDstAllocHandle=0x0"
"15:33:53.5227813","184","12852","3792","hContext=1073759680 hWindow=0x0 VidPnSourceId=0 FlipInterval=1 Flags=4198404 ReturnStatus=0 hSrcAllocHandle=0x40005c80 hDstAllocHandle=0x0"
"15:33:53.6278480","184","12852","3792","hContext=1073759680 hWindow=0x0 VidPnSourceId=0 FlipInterval=1 Flags=4198404 ReturnStatus=0 hSrcAllocHandle=0x40005e00 hDstAllocHandle=0x0"
"15:33:53.6447266","184","12852","3792","hContext=1073759680 hWindow=0x0 VidPnSourceId=0 FlipInterval=1 Flags=4198404 ReturnStatus=0 hSrcAllocHandle=0x800043c0 hDstAllocHandle=0x0"
"15:33:53.7403537","184","12852","3792","hContext=1073759680 hWindow=0x0 VidPnSourceId=0 FlipInterval=1 Flags=4198404 ReturnStatus=0 hSrcAllocHandle=0x40005c80 hDstAllocHandle=0x0"
"15:33:53.7424624","171","12852","13196","hAdapter=0xffff910e86eb4820 Token=0xffff810669b4d160 Model=7 TokenSize=0 TokenData=4744 Flags=0x0 CustomDuration=0 VmBusChannel=0x0"
"15:33:53.7424916","184","12852","13196","hContext=1073742528 hWindow=0x0 VidPnSourceId=0 FlipInterval=0 Flags=32768 ReturnStatus=0 hSrcAllocHandle=0x40000540 hDstAllocHandle=0x0"
"15:33:53.7425117","172","4","880","hAdapter=0xffff910e8cd5c000 Token=0xffff810669b4d160 Model=0 TokenSize=0 TokenData=0 Flags=0x0 CustomDuration=0 VmBusChannel=0x0"
"15:33:53.7570217","184","12852","3792","hContext=1073759680 hWindow=0x0 VidPnSourceId=0 FlipInterval=1 Flags=4198404 ReturnStatus=0 hSrcAllocHandle=0x40005e00 hDstAllocHandle=0x0"
"15:33:53.8564822","184","12852","3792","hContext=1073759680 hWindow=0x0 VidPnSourceId=0 FlipInterval=1 Flags=4198404 ReturnStatus=0 hSrcAllocHandle=0x800043c0 hDstAllocHandle=0x0"
"15:33:54.1921104","184","12852","3792","hContext=1073759680 hWindow=0x0 VidPnSourceId=0 FlipInterval=1 Flags=4198404 ReturnStatus=0 hSrcAllocHandle=0x40005c80 hDstAllocHandle=0x0"
"15:33:54.2056815","184","12852","3792","hContext=1073759680 hWindow=0x0 VidPnSourceId=0 FlipInterval=1 Flags=4198404 ReturnStatus=0 hSrcAllocHandle=0x40005e00 hDstAllocHandle=0x0"
"15:33:54.2821516","184","12852","3792","hContext=1073759680 hWindow=0x0 VidPnSourceId=0 FlipInterval=1 Flags=4198404 ReturnStatus=0 hSrcAllocHandle=0x800043c0 hDstAllocHandle=0x0"
"15:33:54.2821819","171","12852","13196","hAdapter=0xffff910e86eb4820 Token=0xffff810669b4d160 Model=7 TokenSize=0 TokenData=4736 Flags=0x0 CustomDuration=0 VmBusChannel=0x0"
"15:33:54.2821980","184","12852","13196","hContext=1073742528 hWindow=0x0 VidPnSourceId=0 FlipInterval=0 Flags=32768 ReturnStatus=0 hSrcAllocHandle=0x40000540 hDstAllocHandle=0x0"
"15:33:54.2823642","172","4","876","hAdapter=0xffff910e8cd5c000 Token=0xffff810669b4d160 Model=0 TokenSize=0 TokenData=0 Flags=0x0 CustomDuration=0 VmBusChannel=0x0"
"15:33:54.2979531","184","12852","3792","hContext=1073759680 hWindow=0x0 VidPnSourceId=0 FlipInterval=1 Flags=4198404 ReturnStatus=0 hSrcAllocHandle=0x40005c80 hDstAllocHandle=0x0"
"15:33:54.4069454","184","12852","3792","hContext=1073759680 hWindow=0x0 VidPnSourceId=0 FlipInterval=1 Flags=4198404 ReturnStatus=0 hSrcAllocHandle=0x40005e00 hDstAllocHandle=0x0"
"15:33:54.5007900","184","12852","3792","hContext=1073759680 hWindow=0x0 VidPnSourceId=0 FlipInterval=1 Flags=4198404 ReturnStatus=0 hSrcAllocHandle=0x800043c0 hDstAllocHandle=0x0"
"15:33:54.5068641","184","12852","3792","hContext=1073759680 hWindow=0x0 VidPnSourceId=0 FlipInterval=1 Flags=4198404 ReturnStatus=0 hSrcAllocHandle=0x40005c80 hDstAllocHandle=0x0"
"15:33:54.6074997","184","12852","3792","hContext=1073759680 hWindow=0x0 VidPnSourceId=0 FlipInterval=1 Flags=4198404 ReturnStatus=0 hSrcAllocHandle=0x40005e00 hDstAllocHandle=0x0"
"15:33:54.6228678","184","12852","3792","hContext=1073759680 hWindow=0x0 VidPnSourceId=0 FlipInterval=1 Flags=4198404 ReturnStatus=0 hSrcAllocHandle=0x800043c0 hDstAllocHandle=0x0"
"15:33:54.7200564","184","12852","3792","hContext=1073759680 hWindow=0x0 VidPnSourceId=0 FlipInterval=1 Flags=4198404 ReturnStatus=0 hSrcAllocHandle=0x40005c80 hDstAllocHandle=0x0"
"15:33:54.7226775","184","12852","3792","hContext=1073759680 hWindow=0x0 VidPnSourceId=0 FlipInterval=1 Flags=4198404 ReturnStatus=0 hSrcAllocHandle=0x40005e00 hDstAllocHandle=0x0"
"15:33:54.8341610","184","12852","3792","hContext=1073759680 hWindow=0x0 VidPnSourceId=0 FlipInterval=1 Flags=4198404 ReturnStatus=0 hSrcAllocHandle=0x800043c0 hDstAllocHandle=0x0"
"15:33:54.8360303","171","12852","13196","hAdapter=0xffff910e86eb4820 Token=0xffff810669b4d160 Model=7 TokenSize=0 TokenData=4220 Flags=0x0 CustomDuration=0 VmBusChannel=0x0"
"15:33:54.8360531","184","12852","13196","hContext=1073742528 hWindow=0x0 VidPnSourceId=0 FlipInterval=0 Flags=32768 ReturnStatus=0 hSrcAllocHandle=0x40000540 hDstAllocHandle=0x0"
"15:33:54.8360633","172","4","880","hAdapter=0xffff910e8cd5c000 Token=0xffff810669b4d160 Model=0 TokenSize=0 TokenData=0 Flags=0x0 CustomDuration=0 VmBusChannel=0x0"
"15:33:54.8415877","184","12852","3792","hContext=1073759680 hWindow=0x0 VidPnSourceId=0 FlipInterval=1 Flags=4198404 ReturnStatus=0 hSrcAllocHandle=0x40005c80 hDstAllocHandle=0x0"
"15:33:54.9398288","184","12852","3792","hContext=1073759680 hWindow=0x0 VidPnSourceId=0 FlipInterval=1 Flags=4198404 ReturnStatus=0 hSrcAllocHandle=0x40005e00 hDstAllocHandle=0x0"
"15:33:55.0503791","184","12852","3792","hContext=1073759680 hWindow=0x0 VidPnSourceId=0 FlipInterval=1 Flags=4198404 ReturnStatus=0 hSrcAllocHandle=0x800043c0 hDstAllocHandle=0x0"
"15:33:55.0568733","184","12852","3792","hContext=1073759680 hWindow=0x0 VidPnSourceId=0 FlipInterval=1 Flags=4198404 ReturnStatus=0 hSrcAllocHandle=0x40005c80 hDstAllocHandle=0x0"
"15:33:55.1582798","184","12852","3792","hContext=1073759680 hWindow=0x0 VidPnSourceId=0 FlipInterval=1 Flags=4198404 ReturnStatus=0 hSrcAllocHandle=0x40005e00 hDstAllocHandle=0x0"
"15:33:55.1737122","184","12852","3792","hContext=1073759680 hWindow=0x0 VidPnSourceId=0 FlipInterval=1 Flags=4198404 ReturnStatus=0 hSrcAllocHandle=0x800043c0 hDstAllocHandle=0x0"
"15:33:55.2706143","184","12852","3792","hContext=1073759680 hWindow=0x0 VidPnSourceId=0 FlipInterval=1 Flags=4198404 ReturnStatus=0 hSrcAllocHandle=0x40005c80 hDstAllocHandle=0x0"
"15:33:55.2786340","184","12852","3792","hContext=1073759680 hWindow=0x0 VidPnSourceId=0 FlipInterval=1 Flags=4198404 ReturnStatus=0 hSrcAllocHandle=0x40005e00 hDstAllocHandle=0x0"
"15:33:55.3790333","171","12852","13196","hAdapter=0xffff910e86eb4820 Token=0xffff810669b4d160 Model=7 TokenSize=0 TokenData=4760 Flags=0x0 CustomDuration=0 VmBusChannel=0x0"
"15:33:55.3790473","184","12852","13196","hContext=1073742528 hWindow=0x0 VidPnSourceId=0 FlipInterval=0 Flags=32768 ReturnStatus=0 hSrcAllocHandle=0x40000540 hDstAllocHandle=0x0"
"15:33:55.3791238","184","12852","3792","hContext=1073759680 hWindow=0x0 VidPnSourceId=0 FlipInterval=1 Flags=4198404 ReturnStatus=0 hSrcAllocHandle=0x800043c0 hDstAllocHandle=0x0"
"15:33:55.3792139","172","4","876","hAdapter=0xffff910e8cd5c000 Token=0xffff810669b4d160 Model=0 TokenSize=0 TokenData=0 Flags=0x0 CustomDuration=0 VmBusChannel=0x0"
"15:33:55.6772089","184","12852","3792","hContext=1073759680 hWindow=0x0 VidPnSourceId=0 FlipInterval=1 Flags=4198404 ReturnStatus=0 hSrcAllocHandle=0x40005c80 hDstAllocHandle=0x0"
"15:33:55.7051169","184","12852","3792","hContext=1073759680 hWindow=0x0 VidPnSourceId=0 FlipInterval=1 Flags=4198404 ReturnStatus=0 hSrcAllocHandle=0x40005e00 hDstAllocHandle=0x0"
"15:33:55.8109724","184","12852","3792","hContext=1073759680 hWindow=0x0 VidPnSourceId=0 FlipInterval=1 Flags=4198404 ReturnStatus=0 hSrcAllocHandle=0x800043c0 hDstAllocHandle=0x0"
"15:33:55.8241624","184","12852","3792","hContext=1073759680 hWindow=0x0 VidPnSourceId=0 FlipInterval=1 Flags=4198404 ReturnStatus=0 hSrcAllocHandle=0x40005c80 hDstAllocHandle=0x0"
"15:33:55.9237964","184","12852","3792","hContext=1073759680 hWindow=0x0 VidPnSourceId=0 FlipInterval=1 Flags=4198404 ReturnStatus=0 hSrcAllocHandle=0x40005e00 hDstAllocHandle=0x0"
"15:33:55.9243626","171","12852","13196","hAdapter=0xffff910e86eb4820 Token=0xffff810669b4d160 Model=7 TokenSize=0 TokenData=4764 Flags=0x0 CustomDuration=0 VmBusChannel=0x0"
"15:33:55.9243757","184","12852","13196","hContext=1073742528 hWindow=0x0 VidPnSourceId=0 FlipInterval=0 Flags=32768 ReturnStatus=0 hSrcAllocHandle=0x40000540 hDstAllocHandle=0x0"
"15:33:55.9243924","172","4","880","hAdapter=0xffff910e8cd5c000 Token=0xffff810669b4d160 Model=0 TokenSize=0 TokenData=0 Flags=0x0 CustomDuration=0 VmBusChannel=0x0"
"15:33:55.9453587","184","12852","3792","hContext=1073759680 hWindow=0x0 VidPnSourceId=0 FlipInterval=1 Flags=4198404 ReturnStatus=0 hSrcAllocHandle=0x800043c0 hDstAllocHandle=0x0"
"15:33:56.0353713","184","12852","3792","hContext=1073759680 hWindow=0x0 VidPnSourceId=0 FlipInterval=1 Flags=4198404 ReturnStatus=0 hSrcAllocHandle=0x40005c80 hDstAllocHandle=0x0"
"15:33:56.0407639","184","12852","3792","hContext=1073759680 hWindow=0x0 VidPnSourceId=0 FlipInterval=1 Flags=4198404 ReturnStatus=0 hSrcAllocHandle=0x40005e00 hDstAllocHandle=0x0"
"15:33:56.1432202","184","12852","3792","hContext=1073759680 hWindow=0x0 VidPnSourceId=0 FlipInterval=1 Flags=4198404 ReturnStatus=0 hSrcAllocHandle=0x800043c0 hDstAllocHandle=0x0"
"15:33:56.1578219","184","12852","3792","hContext=1073759680 hWindow=0x0 VidPnSourceId=0 FlipInterval=1 Flags=4198404 ReturnStatus=0 hSrcAllocHandle=0x40005c80 hDstAllocHandle=0x0"
"15:33:56.2492964","184","12852","3792","hContext=1073759680 hWindow=0x0 VidPnSourceId=0 FlipInterval=1 Flags=4198404 ReturnStatus=0 hSrcAllocHandle=0x40005e00 hDstAllocHandle=0x0"
"15:33:56.2578990","184","12852","3792","hContext=1073759680 hWindow=0x0 VidPnSourceId=0 FlipInterval=1 Flags=4198404 ReturnStatus=0 hSrcAllocHandle=0x800043c0 hDstAllocHandle=0x0"
"15:33:56.3654075","184","12852","3792","hContext=1073759680 hWindow=0x0 VidPnSourceId=0 FlipInterval=1 Flags=4198404 ReturnStatus=0 hSrcAllocHandle=0x40005c80 hDstAllocHandle=0x0"
"15:33:56.3746518","184","12852","3792","hContext=1073759680 hWindow=0x0 VidPnSourceId=0 FlipInterval=1 Flags=4198404 ReturnStatus=0 hSrcAllocHandle=0x40005e00 hDstAllocHandle=0x0"
"15:33:56.4719525","184","12852","3792","hContext=1073759680 hWindow=0x0 VidPnSourceId=0 FlipInterval=1 Flags=4198404 ReturnStatus=0 hSrcAllocHandle=0x800043c0 hDstAllocHandle=0x0"
"15:33:56.4725666","171","12852","13196","hAdapter=0xffff910e86eb4820 Token=0xffff810669b4d160 Model=7 TokenSize=0 TokenData=4772 Flags=0x0 CustomDuration=0 VmBusChannel=0x0"
"15:33:56.4725851","184","12852","13196","hContext=1073742528 hWindow=0x0 VidPnSourceId=0 FlipInterval=0 Flags=32768 ReturnStatus=0 hSrcAllocHandle=0x40000540 hDstAllocHandle=0x0"
"15:33:56.4727366","172","4","876","hAdapter=0xffff910e8cd5c000 Token=0xffff810669b4d160 Model=0 TokenSize=0 TokenData=0 Flags=0x0 CustomDuration=0 VmBusChannel=0x0"
"15:33:56.4762063","184","12852","3792","hContext=1073759680 hWindow=0x0 VidPnSourceId=0 FlipInterval=1 Flags=4198404 ReturnStatus=0 hSrcAllocHandle=0x40005c80 hDstAllocHandle=0x0"
"15:33:56.4923622","184","12852","3792","hContext=1073759680 hWindow=0x0 VidPnSourceId=0 FlipInterval=1 Flags=4198404 ReturnStatus=0 hSrcAllocHandle=0x40005e00 hDstAllocHandle=0x0"
"15:33:56.5793620","184","12852","3792","hContext=1073759680 hWindow=0x0 VidPnSourceId=0 FlipInterval=1 Flags=4198404 ReturnStatus=0 hSrcAllocHandle=0x800043c0 hDstAllocHandle=0x0"
"15:33:56.5912626","184","12852","3792","hContext=1073759680 hWindow=0x0 VidPnSourceId=0 FlipInterval=1 Flags=4198404 ReturnStatus=0 hSrcAllocHandle=0x40005c80 hDstAllocHandle=0x0"
"15:33:56.6899537","184","12852","3792","hContext=1073759680 hWindow=0x0 VidPnSourceId=0 FlipInterval=1 Flags=4198404 ReturnStatus=0 hSrcAllocHandle=0x40005e00 hDstAllocHandle=0x0"
"15:33:57.0116207","184","12852","3792","hContext=1073759680 hWindow=0x0 VidPnSourceId=0 FlipInterval=1 Flags=4198404 ReturnStatus=0 hSrcAllocHandle=0x800043c0 hDstAllocHandle=0x0"
"15:33:57.0201004","171","12852","13196","hAdapter=0xffff910e86eb4820 Token=0xffff810669b4d160 Model=7 TokenSize=0 TokenData=4764 Flags=0x0 CustomDuration=0 VmBusChannel=0x0"
"15:33:57.0201133","184","12852","13196","hContext=1073742528 hWindow=0x0 VidPnSourceId=0 FlipInterval=0 Flags=32768 ReturnStatus=0 hSrcAllocHandle=0x40000540 hDstAllocHandle=0x0"
"15:33:57.0203174","172","4","876","hAdapter=0xffff910e8cd5c000 Token=0xffff810669b4d160 Model=0 TokenSize=0 TokenData=0 Flags=0x0 CustomDuration=0 VmBusChannel=0x0"
"15:33:57.0281189","184","12852","3792","hContext=1073759680 hWindow=0x0 VidPnSourceId=0 FlipInterval=1 Flags=4198404 ReturnStatus=0 hSrcAllocHandle=0x40005c80 hDstAllocHandle=0x0"
"15:33:57.0417799","184","12852","3792","hContext=1073759680 hWindow=0x0 VidPnSourceId=0 FlipInterval=1 Flags=4198404 ReturnStatus=0 hSrcAllocHandle=0x40005e00 hDstAllocHandle=0x0"
"15:33:57.1241050","184","12852","3792","hContext=1073759680 hWindow=0x0 VidPnSourceId=0 FlipInterval=1 Flags=4198404 ReturnStatus=0 hSrcAllocHandle=0x800043c0 hDstAllocHandle=0x0"
"15:33:57.1414207","184","12852","3792","hContext=1073759680 hWindow=0x0 VidPnSourceId=0 FlipInterval=1 Flags=4198404 ReturnStatus=0 hSrcAllocHandle=0x40005c80 hDstAllocHandle=0x0"
"15:33:57.2340842","184","12852","3792","hContext=1073759680 hWindow=0x0 VidPnSourceId=0 FlipInterval=1 Flags=4198404 ReturnStatus=0 hSrcAllocHandle=0x40005e00 hDstAllocHandle=0x0"
"15:33:57.2419750","184","12852","3792","hContext=1073759680 hWindow=0x0 VidPnSourceId=0 FlipInterval=1 Flags=4198404 ReturnStatus=0 hSrcAllocHandle=0x800043c0 hDstAllocHandle=0x0"
"15:33:57.3461538","184","12852","3792","hContext=1073759680 hWindow=0x0 VidPnSourceId=0 FlipInterval=1 Flags=4198404 ReturnStatus=0 hSrcAllocHandle=0x40005c80 hDstAllocHandle=0x0"
"15:33:57.3588607","184","12852","3792","hContext=1073759680 hWindow=0x0 VidPnSourceId=0 FlipInterval=1 Flags=4198404 ReturnStatus=0 hSrcAllocHandle=0x40005e00 hDstAllocHandle=0x0"
"15:33:57.4257316","184","12852","3792","hContext=1073759680 hWindow=0x0 VidPnSourceId=0 FlipInterval=1 Flags=4198404 ReturnStatus=0 hSrcAllocHandle=0x800043c0 hDstAllocHandle=0x0"
"15:33:57.4564720","184","12852","3792","hContext=1073759680 hWindow=0x0 VidPnSourceId=0 FlipInterval=1 Flags=4198404 ReturnStatus=0 hSrcAllocHandle=0x40005c80 hDstAllocHandle=0x0"
"15:33:57.4585004","184","12852","3792","hContext=1073759680 hWindow=0x0 VidPnSourceId=0 FlipInterval=1 Flags=4198404 ReturnStatus=0 hSrcAllocHandle=0x40005e00 hDstAllocHandle=0x0"
"15:33:57.5669935","184","12852","3792","hContext=1073759680 hWindow=0x0 VidPnSourceId=0 FlipInterval=1 Flags=4198404 ReturnStatus=0 hSrcAllocHandle=0x800043c0 hDstAllocHandle=0x0"
"15:33:57.5672150","171","12852","13196","hAdapter=0xffff910e86eb4820 Token=0xffff810669b4d160 Model=7 TokenSize=0 TokenData=4768 Flags=0x0 CustomDuration=0 VmBusChannel=0x0"
"15:33:57.5672331","184","12852","13196","hContext=1073742528 hWindow=0x0 VidPnSourceId=0 FlipInterval=0 Flags=32768 ReturnStatus=0 hSrcAllocHandle=0x40000540 hDstAllocHandle=0x0"
"15:33:57.5673739","172","4","876","hAdapter=0xffff910e8cd5c000 Token=0xffff810669b4d160 Model=0 TokenSize=0 TokenData=0 Flags=0x0 CustomDuration=0 VmBusChannel=0x0"
"15:33:57.5780833","184","12852","3792","hContext=1073759680 hWindow=0x0 VidPnSourceId=0 FlipInterval=1 Flags=4198404 ReturnStatus=0 hSrcAllocHandle=0x40005c80 hDstAllocHandle=0x0"
"15:33:57.6757026","184","12852","3792","hContext=1073759680 hWindow=0x0 VidPnSourceId=0 FlipInterval=1 Flags=4198404 ReturnStatus=0 hSrcAllocHandle=0x40005e00 hDstAllocHandle=0x0"
"15:33:57.7811412","184","12852","3792","hContext=1073759680 hWindow=0x0 VidPnSourceId=0 FlipInterval=1 Flags=4198404 ReturnStatus=0 hSrcAllocHandle=0x800043c0 hDstAllocHandle=0x0"
"15:33:57.7927679","184","12852","3792","hContext=1073759680 hWindow=0x0 VidPnSourceId=0 FlipInterval=1 Flags=4198404 ReturnStatus=0 hSrcAllocHandle=0x40005c80 hDstAllocHandle=0x0"
"15:33:57.8927030","184","12852","3792","hContext=1073759680 hWindow=0x0 VidPnSourceId=0 FlipInterval=1 Flags=4198404 ReturnStatus=0 hSrcAllocHandle=0x40005e00 hDstAllocHandle=0x0"
"15:33:57.9089085","184","12852","3792","hContext=1073759680 hWindow=0x0 VidPnSourceId=0 FlipInterval=1 Flags=4198404 ReturnStatus=0 hSrcAllocHandle=0x800043c0 hDstAllocHandle=0x0"
"15:33:57.9256934","184","12852","3792","hContext=1073759680 hWindow=0x0 VidPnSourceId=0 FlipInterval=1 Flags=4198404 ReturnStatus=0 hSrcAllocHandle=0x40005c80 hDstAllocHandle=0x0"
"15:33:57.9991795","184","12852","3792","hContext=1073759680 hWindow=0x0 VidPnSourceId=0 FlipInterval=1 Flags=4198404 ReturnStatus=0 hSrcAllocHandle=0x40005e00 hDstAllocHandle=0x0"
"15:33:58.1138027","171","12852","13196","hAdapter=0xffff910e86eb4820 Token=0xffff810669b4d160 Model=7 TokenSize=0 TokenData=4764 Flags=0x0 CustomDuration=0 VmBusChannel=0x0"
"15:33:58.1138227","184","12852","13196","hContext=1073742528 hWindow=0x0 VidPnSourceId=0 FlipInterval=0 Flags=32768 ReturnStatus=0 hSrcAllocHandle=0x40000540 hDstAllocHandle=0x0"
"15:33:58.1138437","172","4","880","hAdapter=0xffff910e8cd5c000 Token=0xffff810669b4d160 Model=0 TokenSize=0 TokenData=0 Flags=0x0 CustomDuration=0 VmBusChannel=0x0"
"15:33:58.2932716","184","12852","3792","hContext=1073759680 hWindow=0x0 VidPnSourceId=0 FlipInterval=1 Flags=4198404 ReturnStatus=0 hSrcAllocHandle=0x800043c0 hDstAllocHandle=0x0"
"15:33:58.3094056","184","12852","3792","hContext=1073759680 hWindow=0x0 VidPnSourceId=0 FlipInterval=1 Flags=4198404 ReturnStatus=0 hSrcAllocHandle=0x40005c80 hDstAllocHandle=0x0"
"15:33:58.3292008","184","12852","3792","hContext=1073759680 hWindow=0x0 VidPnSourceId=0 FlipInterval=1 Flags=4198404 ReturnStatus=0 hSrcAllocHandle=0x40005e00 hDstAllocHandle=0x0"
"15:33:58.3425890","184","12852","3792","hContext=1073759680 hWindow=0x0 VidPnSourceId=0 FlipInterval=1 Flags=4198404 ReturnStatus=0 hSrcAllocHandle=0x800043c0 hDstAllocHandle=0x0"
"15:33:58.4224854","184","12852","3792","hContext=1073759680 hWindow=0x0 VidPnSourceId=0 FlipInterval=1 Flags=4198404 ReturnStatus=0 hSrcAllocHandle=0x40005c80 hDstAllocHandle=0x0"
"15:33:58.4372675","184","12852","3792","hContext=1073759680 hWindow=0x0 VidPnSourceId=0 FlipInterval=1 Flags=4198404 ReturnStatus=0 hSrcAllocHandle=0x40005e00 hDstAllocHandle=0x0"
"15:33:58.4426271","184","12852","3792","hContext=1073759680 hWindow=0x0 VidPnSourceId=0 FlipInterval=1 Flags=4198404 ReturnStatus=0 hSrcAllocHandle=0x800043c0 hDstAllocHandle=0x0"
"15:33:58.5494403","184","12852","3792","hContext=1073759680 hWindow=0x0 VidPnSourceId=0 FlipInterval=1 Flags=4198404 ReturnStatus=0 hSrcAllocHandle=0x40005c80 hDstAllocHandle=0x0"
"15:33:58.5594914","184","12852","3792","hContext=1073759680 hWindow=0x0 VidPnSourceId=0 FlipInterval=1 Flags=4198404 ReturnStatus=0 hSrcAllocHandle=0x40005e00 hDstAllocHandle=0x0"
"15:33:58.6597301","184","12852","3792","hContext=1073759680 hWindow=0x0 VidPnSourceId=0 FlipInterval=1 Flags=4198404 ReturnStatus=0 hSrcAllocHandle=0x800043c0 hDstAllocHandle=0x0"
"15:33:58.6598687","171","12852","13196","hAdapter=0xffff910e86eb4820 Token=0xffff810669b4d160 Model=7 TokenSize=0 TokenData=4760 Flags=0x0 CustomDuration=0 VmBusChannel=0x0"
"15:33:58.6598824","184","12852","13196","hContext=1073742528 hWindow=0x0 VidPnSourceId=0 FlipInterval=0 Flags=32768 ReturnStatus=0 hSrcAllocHandle=0x40000540 hDstAllocHandle=0x0"
"15:33:58.6600326","172","4","876","hAdapter=0xffff910e8cd5c000 Token=0xffff810669b4d160 Model=0 TokenSize=0 TokenData=0 Flags=0x0 CustomDuration=0 VmBusChannel=0x0"
"15:33:58.6774041","184","12852","3792","hContext=1073759680 hWindow=0x0 VidPnSourceId=0 FlipInterval=1 Flags=4198404 ReturnStatus=0 hSrcAllocHandle=0x40005c80 hDstAllocHandle=0x0"
"15:33:58.7677281","184","12852","3792","hContext=1073759680 hWindow=0x0 VidPnSourceId=0 FlipInterval=1 Flags=4198404 ReturnStatus=0 hSrcAllocHandle=0x40005e00 hDstAllocHandle=0x0"
"15:33:58.7763263","184","12852","3792","hContext=1073759680 hWindow=0x0 VidPnSourceId=0 FlipInterval=1 Flags=4198404 ReturnStatus=0 hSrcAllocHandle=0x800043c0 hDstAllocHandle=0x0"
"15:33:58.8735360","184","12852","3792","hContext=1073759680 hWindow=0x0 VidPnSourceId=0 FlipInterval=1 Flags=4198404 ReturnStatus=0 hSrcAllocHandle=0x40005c80 hDstAllocHandle=0x0"
"15:33:58.8762799","184","12852","3792","hContext=1073759680 hWindow=0x0 VidPnSourceId=0 FlipInterval=1 Flags=4198404 ReturnStatus=0 hSrcAllocHandle=0x40005e00 hDstAllocHandle=0x0"
"15:33:58.9856588","184","12852","3792","hContext=1073759680 hWindow=0x0 VidPnSourceId=0 FlipInterval=1 Flags=4198404 ReturnStatus=0 hSrcAllocHandle=0x800043c0 hDstAllocHandle=0x0"
"15:33:58.9933075","184","12852","3792","hContext=1073759680 hWindow=0x0 VidPnSourceId=0 FlipInterval=1 Flags=4198404 ReturnStatus=0 hSrcAllocHandle=0x40005c80 hDstAllocHandle=0x0"
"15:33:59.0976802","184","12852","3792","hContext=1073759680 hWindow=0x0 VidPnSourceId=0 FlipInterval=1 Flags=4198404 ReturnStatus=0 hSrcAllocHandle=0x40005e00 hDstAllocHandle=0x0"
"15:33:59.1098577","184","12852","3792","hContext=1073759680 hWindow=0x0 VidPnSourceId=0 FlipInterval=1 Flags=4198404 ReturnStatus=0 hSrcAllocHandle=0x800043c0 hDstAllocHandle=0x0"
"15:33:59.2061338","184","12852","3792","hContext=1073759680 hWindow=0x0 VidPnSourceId=0 FlipInterval=1 Flags=4198404 ReturnStatus=0 hSrcAllocHandle=0x40005c80 hDstAllocHandle=0x0"
"15:33:59.2079244","171","12852","13196","hAdapter=0xffff910e86eb4820 Token=0xffff810669b4d160 Model=7 TokenSize=0 TokenData=4716 Flags=0x0 CustomDuration=0 VmBusChannel=0x0"
"15:33:59.2079441","184","12852","13196","hContext=1073742528 hWindow=0x0 VidPnSourceId=0 FlipInterval=0 Flags=32768 ReturnStatus=0 hSrcAllocHandle=0x40000540 hDstAllocHandle=0x0"
"15:33:59.2079899","172","4","880","hAdapter=0xffff910e8cd5c000 Token=0xffff810669b4d160 Model=0 TokenSize=0 TokenData=0 Flags=0x0 CustomDuration=0 VmBusChannel=0x0"
"15:33:59.5046860","184","12852","3792","hContext=1073759680 hWindow=0x0 VidPnSourceId=0 FlipInterval=1 Flags=4198404 ReturnStatus=0 hSrcAllocHandle=0x40005e00 hDstAllocHandle=0x0"
"15:33:59.5101569","184","12852","3792","hContext=1073759680 hWindow=0x0 VidPnSourceId=0 FlipInterval=1 Flags=4198404 ReturnStatus=0 hSrcAllocHandle=0x800043c0 hDstAllocHandle=0x0"
"15:33:59.5302277","184","12852","3792","hContext=1073759680 hWindow=0x0 VidPnSourceId=0 FlipInterval=1 Flags=4198404 ReturnStatus=0 hSrcAllocHandle=0x40005c80 hDstAllocHandle=0x0"
"15:33:59.5435593","184","12852","3792","hContext=1073759680 hWindow=0x0 VidPnSourceId=0 FlipInterval=1 Flags=4198404 ReturnStatus=0 hSrcAllocHandle=0x40005e00 hDstAllocHandle=0x0"
"15:33:59.6439877","184","12852","3792","hContext=1073759680 hWindow=0x0 VidPnSourceId=0 FlipInterval=1 Flags=4198404 ReturnStatus=0 hSrcAllocHandle=0x800043c0 hDstAllocHandle=0x0"
"15:33:59.6604195","184","12852","3792","hContext=1073759680 hWindow=0x0 VidPnSourceId=0 FlipInterval=1 Flags=4198404 ReturnStatus=0 hSrcAllocHandle=0x40005c80 hDstAllocHandle=0x0"
"15:33:59.7513830","171","12852","13196","hAdapter=0xffff910e86eb4820 Token=0xffff810669b4d160 Model=7 TokenSize=0 TokenData=4756 Flags=0x0 CustomDuration=0 VmBusChannel=0x0"
"15:33:59.7514172","184","12852","13196","hContext=1073742528 hWindow=0x0 VidPnSourceId=0 FlipInterval=0 Flags=32768 ReturnStatus=0 hSrcAllocHandle=0x40000540 hDstAllocHandle=0x0"
"15:33:59.7515203","184","12852","3792","hContext=1073759680 hWindow=0x0 VidPnSourceId=0 FlipInterval=1 Flags=4198404 ReturnStatus=0 hSrcAllocHandle=0x40005e00 hDstAllocHandle=0x0"
"15:33:59.7515263","172","4","876","hAdapter=0xffff910e8cd5c000 Token=0xffff810669b4d160 Model=0 TokenSize=0 TokenData=0 Flags=0x0 CustomDuration=0 VmBusChannel=0x0"
"15:33:59.7625521","184","12852","3792","hContext=1073759680 hWindow=0x0 VidPnSourceId=0 FlipInterval=1 Flags=4198404 ReturnStatus=0 hSrcAllocHandle=0x800043c0 hDstAllocHandle=0x0"
"15:33:59.8772681","184","12852","3792","hContext=1073759680 hWindow=0x0 VidPnSourceId=0 FlipInterval=1 Flags=4198404 ReturnStatus=0 hSrcAllocHandle=0x40005c80 hDstAllocHandle=0x0"
"15:33:59.9256043","184","12852","3792","hContext=1073759680 hWindow=0x0 VidPnSourceId=0 FlipInterval=1 Flags=4198404 ReturnStatus=0 hSrcAllocHandle=0x40005e00 hDstAllocHandle=0x0"
"15:33:59.9701915","184","12852","3792","hContext=1073759680 hWindow=0x0 VidPnSourceId=0 FlipInterval=1 Flags=4198404 ReturnStatus=0 hSrcAllocHandle=0x800043c0 hDstAllocHandle=0x0"
"15:33:59.9774515","184","12852","3792","hContext=1073759680 hWindow=0x0 VidPnSourceId=0 FlipInterval=1 Flags=4198404 ReturnStatus=0 hSrcAllocHandle=0x40005c80 hDstAllocHandle=0x0"
"15:34:00.0769354","184","12852","3792","hContext=1073759680 hWindow=0x0 VidPnSourceId=0 FlipInterval=1 Flags=4198404 ReturnStatus=0 hSrcAllocHandle=0x40005e00 hDstAllocHandle=0x0"
"15:34:00.0941681","184","12852","3792","hContext=1073759680 hWindow=0x0 VidPnSourceId=0 FlipInterval=1 Flags=4198404 ReturnStatus=0 hSrcAllocHandle=0x800043c0 hDstAllocHandle=0x0"
"15:34:00.1913962","184","12852","3792","hContext=1073759680 hWindow=0x0 VidPnSourceId=0 FlipInterval=1 Flags=4198404 ReturnStatus=0 hSrcAllocHandle=0x40005c80 hDstAllocHandle=0x0"
"15:34:00.1948227","184","12852","3792","hContext=1073759680 hWindow=0x0 VidPnSourceId=0 FlipInterval=1 Flags=4198404 ReturnStatus=0 hSrcAllocHandle=0x40005e00 hDstAllocHandle=0x0"
"15:34:00.2989442","184","12852","3792","hContext=1073759680 hWindow=0x0 VidPnSourceId=0 FlipInterval=1 Flags=4198404 ReturnStatus=0 hSrcAllocHandle=0x800043c0 hDstAllocHandle=0x0"
"15:34:00.2991954","171","12852","13196","hAdapter=0xffff910e86eb4820 Token=0xffff810669b4d160 Model=7 TokenSize=0 TokenData=4732 Flags=0x0 CustomDuration=0 VmBusChannel=0x0"
"15:34:00.2992181","184","12852","13196","hContext=1073742528 hWindow=0x0 VidPnSourceId=0 FlipInterval=0 Flags=32768 ReturnStatus=0 hSrcAllocHandle=0x40000540 hDstAllocHandle=0x0"
"15:34:00.2993705","172","4","876","hAdapter=0xffff910e8cd5c000 Token=0xffff810669b4d160 Model=0 TokenSize=0 TokenData=0 Flags=0x0 CustomDuration=0 VmBusChannel=0x0"
"15:34:00.3125504","184","12852","3792","hContext=1073759680 hWindow=0x0 VidPnSourceId=0 FlipInterval=1 Flags=4198404 ReturnStatus=0 hSrcAllocHandle=0x40005c80 hDstAllocHandle=0x0"
"15:34:00.4112958","184","12852","3792","hContext=1073759680 hWindow=0x0 VidPnSourceId=0 FlipInterval=1 Flags=4198404 ReturnStatus=0 hSrcAllocHandle=0x40005e00 hDstAllocHandle=0x0"
"15:34:00.5188944","184","12852","3792","hContext=1073759680 hWindow=0x0 VidPnSourceId=0 FlipInterval=1 Flags=4198404 ReturnStatus=0 hSrcAllocHandle=0x800043c0 hDstAllocHandle=0x0"
"15:34:00.8210030","184","12852","3792","hContext=1073759680 hWindow=0x0 VidPnSourceId=0 FlipInterval=1 Flags=4198404 ReturnStatus=0 hSrcAllocHandle=0x40005c80 hDstAllocHandle=0x0"
"15:34:00.8281112","184","12852","3792","hContext=1073759680 hWindow=0x0 VidPnSourceId=0 FlipInterval=1 Flags=4198404 ReturnStatus=0 hSrcAllocHandle=0x40005e00 hDstAllocHandle=0x0"
"15:34:00.8476294","184","12852","3792","hContext=1073759680 hWindow=0x0 VidPnSourceId=0 FlipInterval=1 Flags=4198404 ReturnStatus=0 hSrcAllocHandle=0x800043c0 hDstAllocHandle=0x0"
"15:34:00.8476864","171","12852","13196","hAdapter=0xffff910e86eb4820 Token=0xffff810669b4d160 Model=7 TokenSize=0 TokenData=4788 Flags=0x0 CustomDuration=0 VmBusChannel=0x0"
"15:34:00.8476973","184","12852","13196","hContext=1073742528 hWindow=0x0 VidPnSourceId=0 FlipInterval=0 Flags=32768 ReturnStatus=0 hSrcAllocHandle=0x40000540 hDstAllocHandle=0x0"
"15:34:00.8478981","172","4","876","hAdapter=0xffff910e8cd5c000 Token=0xffff810669b4d160 Model=0 TokenSize=0 TokenData=0 Flags=0x0 CustomDuration=0 VmBusChannel=0x0"
"15:34:00.8653182","184","12852","3792","hContext=1073759680 hWindow=0x0 VidPnSourceId=0 FlipInterval=1 Flags=4198404 ReturnStatus=0 hSrcAllocHandle=0x40005c80 hDstAllocHandle=0x0"
"15:34:00.9300633","184","12852","3792","hContext=1073759680 hWindow=0x0 VidPnSourceId=0 FlipInterval=1 Flags=4198404 ReturnStatus=0 hSrcAllocHandle=0x40005e00 hDstAllocHandle=0x0"
"15:34:00.9353754","171","4744","4980","hAdapter=0xffff910e8841b820 Token=0xffff810679da1e50 Model=7 TokenSize=0 TokenData=4220 Flags=0x0 CustomDuration=0 VmBusChannel=0x0"
"15:34:00.9354083","184","4744","4980","hContext=3221228416 hWindow=0x0 VidPnSourceId=0 FlipInterval=0 Flags=32768 ReturnStatus=0 hSrcAllocHandle=0xc0003880 hDstAllocHandle=0x0"
"15:34:00.9354257","172","4","4712","hAdapter=0xffff910e8e19c000 Token=0xffff810679da1e50 Model=0 TokenSize=0 TokenData=0 Flags=0x0 CustomDuration=0 VmBusChannel=0x0"
"15:34:00.9472961","184","12852","3792","hContext=1073759680 hWindow=0x0 VidPnSourceId=0 FlipInterval=1 Flags=4198404 ReturnStatus=0 hSrcAllocHandle=0x800043c0 hDstAllocHandle=0x0"
"15:34:00.9616409","184","12852","3792","hContext=1073759680 hWindow=0x0 VidPnSourceId=0 FlipInterval=1 Flags=4198404 ReturnStatus=0 hSrcAllocHandle=0x40005c80 hDstAllocHandle=0x0"
"15:34:01.0629818","184","12852","3792","hContext=1073759680 hWindow=0x0 VidPnSourceId=0 FlipInterval=1 Flags=4198404 ReturnStatus=0 hSrcAllocHandle=0x40005e00 hDstAllocHandle=0x0"
"15:34:01.0785105","184","12852","3792","hContext=1073759680 hWindow=0x0 VidPnSourceId=0 FlipInterval=1 Flags=4198404 ReturnStatus=0 hSrcAllocHandle=0x800043c0 hDstAllocHandle=0x0"
"15:34:01.1714294","184","12852","3792","hContext=1073759680 hWindow=0x0 VidPnSourceId=0 FlipInterval=1 Flags=4198404 ReturnStatus=0 hSrcAllocHandle=0x40005c80 hDstAllocHandle=0x0"
"15:34:01.1784952","184","12852","3792","hContext=1073759680 hWindow=0x0 VidPnSourceId=0 FlipInterval=1 Flags=4198404 ReturnStatus=0 hSrcAllocHandle=0x40005e00 hDstAllocHandle=0x0"
"15:34:01.2798580","184","12852","3792","hContext=1073759680 hWindow=0x0 VidPnSourceId=0 FlipInterval=1 Flags=4198404 ReturnStatus=0 hSrcAllocHandle=0x800043c0 hDstAllocHandle=0x0"
"15:34:01.2952714","184","12852","3792","hContext=1073759680 hWindow=0x0 VidPnSourceId=0 FlipInterval=1 Flags=4198404 ReturnStatus=0 hSrcAllocHandle=0x40005c80 hDstAllocHandle=0x0"
"15:34:01.3924909","184","12852","3792","hContext=1073759680 hWindow=0x0 VidPnSourceId=0 FlipInterval=1 Flags=4198404 ReturnStatus=0 hSrcAllocHandle=0x40005e00 hDstAllocHandle=0x0"
"15:34:01.3928029","171","12852","13196","hAdapter=0xffff910e86eb4820 Token=0xffff810669b4d160 Model=7 TokenSize=0 TokenData=4780 Flags=0x0 CustomDuration=0 VmBusChannel=0x0"
"15:34:01.3928160","184","12852","13196","hContext=1073742528 hWindow=0x0 VidPnSourceId=0 FlipInterval=0 Flags=32768 ReturnStatus=0 hSrcAllocHandle=0x40000540 hDstAllocHandle=0x0"
"15:34:01.3930097","172","4","876","hAdapter=0xffff910e8cd5c000 Token=0xffff810669b4d160 Model=0 TokenSize=0 TokenData=0 Flags=0x0 CustomDuration=0 VmBusChannel=0x0"
"15:34:01.3964411","184","12852","3792","hContext=1073759680 hWindow=0x0 VidPnSourceId=0 FlipInterval=1 Flags=4198404 ReturnStatus=0 hSrcAllocHandle=0x800043c0 hDstAllocHandle=0x0"
"15:34:01.4126437","184","12852","3792","hContext=1073759680 hWindow=0x0 VidPnSourceId=0 FlipInterval=1 Flags=4198404 ReturnStatus=0 hSrcAllocHandle=0x40005c80 hDstAllocHandle=0x0"
"15:34:01.5042358","184","12852","3792","hContext=1073759680 hWindow=0x0 VidPnSourceId=0 FlipInterval=1 Flags=4198404 ReturnStatus=0 hSrcAllocHandle=0x40005e00 hDstAllocHandle=0x0"
"15:34:01.5120327","184","12852","3792","hContext=1073759680 hWindow=0x0 VidPnSourceId=0 FlipInterval=1 Flags=4198404 ReturnStatus=0 hSrcAllocHandle=0x800043c0 hDstAllocHandle=0x0"
"15:34:01.6118154","184","12852","3792","hContext=1073759680 hWindow=0x0 VidPnSourceId=0 FlipInterval=1 Flags=4198404 ReturnStatus=0 hSrcAllocHandle=0x40005c80 hDstAllocHandle=0x0"
"15:34:01.6288889","184","12852","3792","hContext=1073759680 hWindow=0x0 VidPnSourceId=0 FlipInterval=1 Flags=4198404 ReturnStatus=0 hSrcAllocHandle=0x40005e00 hDstAllocHandle=0x0"
"15:34:01.7202445","184","12852","3792","hContext=1073759680 hWindow=0x0 VidPnSourceId=0 FlipInterval=1 Flags=4198404 ReturnStatus=0 hSrcAllocHandle=0x800043c0 hDstAllocHandle=0x0"
"15:34:01.9368246","171","12852","13196","hAdapter=0xffff910e86eb4820 Token=0xffff810669b4d160 Model=7 TokenSize=0 TokenData=4796 Flags=0x0 CustomDuration=0 VmBusChannel=0x0"
"15:34:01.9368370","184","12852","13196","hContext=1073742528 hWindow=0x0 VidPnSourceId=0 FlipInterval=0 Flags=32768 ReturnStatus=0 hSrcAllocHandle=0x40000540 hDstAllocHandle=0x0"
"15:34:01.9370347","172","4","876","hAdapter=0xffff910e8cd5c000 Token=0xffff810669b4d160 Model=0 TokenSize=0 TokenData=0 Flags=0x0 CustomDuration=0 VmBusChannel=0x0"
"15:34:02.0219683","184","12852","3792","hContext=1073759680 hWindow=0x0 VidPnSourceId=0 FlipInterval=1 Flags=4198404 ReturnStatus=0 hSrcAllocHandle=0x40005c80 hDstAllocHandle=0x0"
"15:34:02.0311575","184","12852","3792","hContext=1073759680 hWindow=0x0 VidPnSourceId=0 FlipInterval=1 Flags=4198404 ReturnStatus=0 hSrcAllocHandle=0x40005e00 hDstAllocHandle=0x0"
"15:34:02.0465346","184","12852","3792","hContext=1073759680 hWindow=0x0 VidPnSourceId=0 FlipInterval=1 Flags=4198404 ReturnStatus=0 hSrcAllocHandle=0x800043c0 hDstAllocHandle=0x0"
"15:34:02.0625009","184","12852","3792","hContext=1073759680 hWindow=0x0 VidPnSourceId=0 FlipInterval=1 Flags=4198404 ReturnStatus=0 hSrcAllocHandle=0x40005c80 hDstAllocHandle=0x0"
"15:34:02.1560934","184","12852","3792","hContext=1073759680 hWindow=0x0 VidPnSourceId=0 FlipInterval=1 Flags=4198404 ReturnStatus=0 hSrcAllocHandle=0x40005e00 hDstAllocHandle=0x0"
"15:34:02.1626025","184","12852","3792","hContext=1073759680 hWindow=0x0 VidPnSourceId=0 FlipInterval=1 Flags=4198404 ReturnStatus=0 hSrcAllocHandle=0x800043c0 hDstAllocHandle=0x0"
"15:34:02.2641106","184","12852","3792","hContext=1073759680 hWindow=0x0 VidPnSourceId=0 FlipInterval=1 Flags=4198404 ReturnStatus=0 hSrcAllocHandle=0x40005c80 hDstAllocHandle=0x0"
"15:34:02.2794162","184","12852","3792","hContext=1073759680 hWindow=0x0 VidPnSourceId=0 FlipInterval=1 Flags=4198404 ReturnStatus=0 hSrcAllocHandle=0x40005e00 hDstAllocHandle=0x0"
"15:34:02.3763045","184","12852","3792","hContext=1073759680 hWindow=0x0 VidPnSourceId=0 FlipInterval=1 Flags=4198404 ReturnStatus=0 hSrcAllocHandle=0x800043c0 hDstAllocHandle=0x0"
"15:34:02.3792083","184","12852","3792","hContext=1073759680 hWindow=0x0 VidPnSourceId=0 FlipInterval=1 Flags=4198404 ReturnStatus=0 hSrcAllocHandle=0x40005c80 hDstAllocHandle=0x0"
"15:34:02.4893367","184","12852","3792","hContext=1073759680 hWindow=0x0 VidPnSourceId=0 FlipInterval=1 Flags=4198404 ReturnStatus=0 hSrcAllocHandle=0x40005e00 hDstAllocHandle=0x0"
"15:34:02.4901944","171","12852","13196","hAdapter=0xffff910e86eb4820 Token=0xffff810669b4d160 Model=7 TokenSize=0 TokenData=4660 Flags=0x0 CustomDuration=0 VmBusChannel=0x0"
"15:34:02.4902078","184","12852","13196","hContext=1073742528 hWindow=0x0 VidPnSourceId=0 FlipInterval=0 Flags=32768 ReturnStatus=0 hSrcAllocHandle=0x40000540 hDstAllocHandle=0x0"
"15:34:02.4902324","172","4","880","hAdapter=0xffff910e8cd5c000 Token=0xffff810669b4d160 Model=0 TokenSize=0 TokenData=0 Flags=0x0 CustomDuration=0 VmBusChannel=0x0"
"15:34:02.4978609","184","12852","3792","hContext=1073759680 hWindow=0x0 VidPnSourceId=0 FlipInterval=1 Flags=4198404 ReturnStatus=0 hSrcAllocHandle=0x800043c0 hDstAllocHandle=0x0"
"15:34:02.5964105","184","12852","3792","hContext=1073759680 hWindow=0x0 VidPnSourceId=0 FlipInterval=1 Flags=4198404 ReturnStatus=0 hSrcAllocHandle=0x40005c80 hDstAllocHandle=0x0"
"15:34:02.7071583","184","12852","3792","hContext=1073759680 hWindow=0x0 VidPnSourceId=0 FlipInterval=1 Flags=4198404 ReturnStatus=0 hSrcAllocHandle=0x40005e00 hDstAllocHandle=0x0"
"15:34:02.7132186","184","12852","3792","hContext=1073759680 hWindow=0x0 VidPnSourceId=0 FlipInterval=1 Flags=4198404 ReturnStatus=0 hSrcAllocHandle=0x800043c0 hDstAllocHandle=0x0"
"15:34:02.8127709","184","12852","3792","hContext=1073759680 hWindow=0x0 VidPnSourceId=0 FlipInterval=1 Flags=4198404 ReturnStatus=0 hSrcAllocHandle=0x40005c80 hDstAllocHandle=0x0"
"15:34:02.8297704","184","12852","3792","hContext=1073759680 hWindow=0x0 VidPnSourceId=0 FlipInterval=1 Flags=4198404 ReturnStatus=0 hSrcAllocHandle=0x40005e00 hDstAllocHandle=0x0"
"15:34:02.9248616","184","12852","3792","hContext=1073759680 hWindow=0x0 VidPnSourceId=0 FlipInterval=1 Flags=4198404 ReturnStatus=0 hSrcAllocHandle=0x800043c0 hDstAllocHandle=0x0"
"15:34:02.9308943","184","12852","3792","hContext=1073759680 hWindow=0x0 VidPnSourceId=0 FlipInterval=1 Flags=4198404 ReturnStatus=0 hSrcAllocHandle=0x40005c80 hDstAllocHandle=0x0"
"15:34:03.0339121","184","12852","3792","hContext=1073759680 hWindow=0x0 VidPnSourceId=0 FlipInterval=1 Flags=4198404 ReturnStatus=0 hSrcAllocHandle=0x40005e00 hDstAllocHandle=0x0"
"15:34:03.0344136","171","12852","13196","hAdapter=0xffff910e86eb4820 Token=0xffff810669b4d160 Model=7 TokenSize=0 TokenData=4660 Flags=0x0 CustomDuration=0 VmBusChannel=0x0"
"15:34:03.0344329","184","12852","13196","hContext=1073742528 hWindow=0x0 VidPnSourceId=0 FlipInterval=0 Flags=32768 ReturnStatus=0 hSrcAllocHandle=0x40000540 hDstAllocHandle=0x0"
"15:34:03.0344405","172","4","880","hAdapter=0xffff910e8cd5c000 Token=0xffff810669b4d160 Model=0 TokenSize=0 TokenData=0 Flags=0x0 CustomDuration=0 VmBusChannel=0x0"
"15:34:03.3484864","184","12852","3792","hContext=1073759680 hWindow=0x0 VidPnSourceId=0 FlipInterval=1 Flags=4198404 ReturnStatus=0 hSrcAllocHandle=0x800043c0 hDstAllocHandle=0x0"
"15:34:03.3653869","184","12852","3792","hContext=1073759680 hWindow=0x0 VidPnSourceId=0 FlipInterval=1 Flags=4198404 ReturnStatus=0 hSrcAllocHandle=0x40005c80 hDstAllocHandle=0x0"
"15:34:03.4259226","184","12852","3792","hContext=1073759680 hWindow=0x0 VidPnSourceId=0 FlipInterval=1 Flags=4198404 ReturnStatus=0 hSrcAllocHandle=0x40005e00 hDstAllocHandle=0x0"
"15:34:03.4674699","184","12852","3792","hContext=1073759680 hWindow=0x0 VidPnSourceId=0 FlipInterval=1 Flags=4198404 ReturnStatus=0 hSrcAllocHandle=0x800043c0 hDstAllocHandle=0x0"
"15:34:03.4804462","184","12852","3792","hContext=1073759680 hWindow=0x0 VidPnSourceId=0 FlipInterval=1 Flags=4198404 ReturnStatus=0 hSrcAllocHandle=0x40005c80 hDstAllocHandle=0x0"
"15:34:03.5829110","171","12852","13196","hAdapter=0xffff910e86eb4820 Token=0xffff810669b4d160 Model=7 TokenSize=0 TokenData=4780 Flags=0x0 CustomDuration=0 VmBusChannel=0x0"
"15:34:03.5829317","184","12852","13196","hContext=1073742528 hWindow=0x0 VidPnSourceId=0 FlipInterval=0 Flags=32768 ReturnStatus=0 hSrcAllocHandle=0x40000540 hDstAllocHandle=0x0"
"15:34:03.5830646","172","4","876","hAdapter=0xffff910e8cd5c000 Token=0xffff810669b4d160 Model=0 TokenSize=0 TokenData=0 Flags=0x0 CustomDuration=0 VmBusChannel=0x0"
"15:34:03.5830954","184","12852","3792","hContext=1073759680 hWindow=0x0 VidPnSourceId=0 FlipInterval=1 Flags=4198404 ReturnStatus=0 hSrcAllocHandle=0x40005e00 hDstAllocHandle=0x0"
"15:34:03.6021584","184","12852","3792","hContext=1073759680 hWindow=0x0 VidPnSourceId=0 FlipInterval=1 Flags=4198404 ReturnStatus=0 hSrcAllocHandle=0x800043c0 hDstAllocHandle=0x0"
"15:34:03.6974053","184","12852","3792","hContext=1073759680 hWindow=0x0 VidPnSourceId=0 FlipInterval=1 Flags=4198404 ReturnStatus=0 hSrcAllocHandle=0x40005c80 hDstAllocHandle=0x0"
"15:34:03.7977787","184","12852","3792","hContext=1073759680 hWindow=0x0 VidPnSourceId=0 FlipInterval=1 Flags=4198404 ReturnStatus=0 hSrcAllocHandle=0x40005e00 hDstAllocHandle=0x0"
"15:34:03.8141632","184","12852","3792","hContext=1073759680 hWindow=0x0 VidPnSourceId=0 FlipInterval=1 Flags=4198404 ReturnStatus=0 hSrcAllocHandle=0x800043c0 hDstAllocHandle=0x0"
"15:34:03.9061400","184","12852","3792","hContext=1073759680 hWindow=0x0 VidPnSourceId=0 FlipInterval=1 Flags=4198404 ReturnStatus=0 hSrcAllocHandle=0x40005c80 hDstAllocHandle=0x0"
"15:34:03.9142331","184","12852","3792","hContext=1073759680 hWindow=0x0 VidPnSourceId=0 FlipInterval=1 Flags=4198404 ReturnStatus=0 hSrcAllocHandle=0x40005e00 hDstAllocHandle=0x0"
"15:34:03.9308857","184","12852","3792","hContext=1073759680 hWindow=0x0 VidPnSourceId=0 FlipInterval=1 Flags=4198404 ReturnStatus=0 hSrcAllocHandle=0x800043c0 hDstAllocHandle=0x0"
"15:34:04.0163243","184","12852","3792","hContext=1073759680 hWindow=0x0 VidPnSourceId=0 FlipInterval=1 Flags=4198404 ReturnStatus=0 hSrcAllocHandle=0x40005c80 hDstAllocHandle=0x0"
"15:34:04.0310385","184","12852","3792","hContext=1073759680 hWindow=0x0 VidPnSourceId=0 FlipInterval=1 Flags=4198404 ReturnStatus=0 hSrcAllocHandle=0x40005e00 hDstAllocHandle=0x0"
"15:34:04.1289293","184","12852","3792","hContext=1073759680 hWindow=0x0 VidPnSourceId=0 FlipInterval=1 Flags=4198404 ReturnStatus=0 hSrcAllocHandle=0x800043c0 hDstAllocHandle=0x0"
"15:34:04.1297333","171","12852","13196","hAdapter=0xffff910e86eb4820 Token=0xffff810669b4d160 Model=7 TokenSize=0 TokenData=4808 Flags=0x0 CustomDuration=0 VmBusChannel=0x0"
"15:34:04.1297469","184","12852","13196","hContext=1073742528 hWindow=0x0 VidPnSourceId=0 FlipInterval=0 Flags=32768 ReturnStatus=0 hSrcAllocHandle=0x40000540 hDstAllocHandle=0x0"
"15:34:04.1297573","172","4","880","hAdapter=0xffff910e8cd5c000 Token=0xffff810669b4d160 Model=0 TokenSize=0 TokenData=0 Flags=0x0 CustomDuration=0 VmBusChannel=0x0"
"15:34:04.1322834","184","12852","3792","hContext=1073759680 hWindow=0x0 VidPnSourceId=0 FlipInterval=1 Flags=4198404 ReturnStatus=0 hSrcAllocHandle=0x40005c80 hDstAllocHandle=0x0"
"15:34:04.1483932","184","12852","3792","hContext=1073759680 hWindow=0x0 VidPnSourceId=0 FlipInterval=1 Flags=4198404 ReturnStatus=0 hSrcAllocHandle=0x40005e00 hDstAllocHandle=0x0"
"15:34:04.2343666","184","12852","3792","hContext=1073759680 hWindow=0x0 VidPnSourceId=0 FlipInterval=1 Flags=4198404 ReturnStatus=0 hSrcAllocHandle=0x800043c0 hDstAllocHandle=0x0"
"15:34:04.2474679","184","12852","3792","hContext=1073759680 hWindow=0x0 VidPnSourceId=0 FlipInterval=1 Flags=4198404 ReturnStatus=0 hSrcAllocHandle=0x40005c80 hDstAllocHandle=0x0"
"15:34:04.3463131","184","12852","3792","hContext=1073759680 hWindow=0x0 VidPnSourceId=0 FlipInterval=1 Flags=4198404 ReturnStatus=0 hSrcAllocHandle=0x40005e00 hDstAllocHandle=0x0"
"15:34:04.6296125","184","12852","3792","hContext=1073759680 hWindow=0x0 VidPnSourceId=0 FlipInterval=1 Flags=4198404 ReturnStatus=0 hSrcAllocHandle=0x800043c0 hDstAllocHandle=0x0"
"15:34:04.6791724","184","12852","3792","hContext=1073759680 hWindow=0x0 VidPnSourceId=0 FlipInterval=1 Flags=4198404 ReturnStatus=0 hSrcAllocHandle=0x40005c80 hDstAllocHandle=0x0"
"15:34:04.6794654","171","12852","13196","hAdapter=0xffff910e86eb4820 Token=0xffff810669b4d160 Model=7 TokenSize=0 TokenData=4220 Flags=0x0 CustomDuration=0 VmBusChannel=0x0"
"15:34:04.6794885","184","12852","13196","hContext=1073742528 hWindow=0x0 VidPnSourceId=0 FlipInterval=0 Flags=32768 ReturnStatus=0 hSrcAllocHandle=0x40000540 hDstAllocHandle=0x0"
"15:34:04.6796148","172","4","876","hAdapter=0xffff910e8cd5c000 Token=0xffff810669b4d160 Model=0 TokenSize=0 TokenData=0 Flags=0x0 CustomDuration=0 VmBusChannel=0x0"
"15:34:04.6858387","184","12852","3792","hContext=1073759680 hWindow=0x0 VidPnSourceId=0 FlipInterval=1 Flags=4198404 ReturnStatus=0 hSrcAllocHandle=0x40005e00 hDstAllocHandle=0x0"
"15:34:04.6990640","184","12852","3792","hContext=1073759680 hWindow=0x0 VidPnSourceId=0 FlipInterval=1 Flags=4198404 ReturnStatus=0 hSrcAllocHandle=0x800043c0 hDstAllocHandle=0x0"
"15:34:04.7827095","184","12852","3792","hContext=1073759680 hWindow=0x0 VidPnSourceId=0 FlipInterval=1 Flags=4198404 ReturnStatus=0 hSrcAllocHandle=0x40005c80 hDstAllocHandle=0x0"
"15:34:04.7982576","184","12852","3792","hContext=1073759680 hWindow=0x0 VidPnSourceId=0 FlipInterval=1 Flags=4198404 ReturnStatus=0 hSrcAllocHandle=0x40005e00 hDstAllocHandle=0x0"
"15:34:04.8890156","184","12852","3792","hContext=1073759680 hWindow=0x0 VidPnSourceId=0 FlipInterval=1 Flags=4198404 ReturnStatus=0 hSrcAllocHandle=0x800043c0 hDstAllocHandle=0x0"
"15:34:04.8983529","184","12852","3792","hContext=1073759680 hWindow=0x0 VidPnSourceId=0 FlipInterval=1 Flags=4198404 ReturnStatus=0 hSrcAllocHandle=0x40005c80 hDstAllocHandle=0x0"
"15:34:05.0011080","184","12852","3792","hContext=1073759680 hWindow=0x0 VidPnSourceId=0 FlipInterval=1 Flags=4198404 ReturnStatus=0 hSrcAllocHandle=0x40005e00 hDstAllocHandle=0x0"
"15:34:05.0150874","184","12852","3792","hContext=1073759680 hWindow=0x0 VidPnSourceId=0 FlipInterval=1 Flags=4198404 ReturnStatus=0 hSrcAllocHandle=0x800043c0 hDstAllocHandle=0x0"
"15:34:05.1090777","184","12852","3792","hContext=1073759680 hWindow=0x0 VidPnSourceId=0 FlipInterval=1 Flags=4198404 ReturnStatus=0 hSrcAllocHandle=0x40005c80 hDstAllocHandle=0x0"
"15:34:05.1152366","184","12852","3792","hContext=1073759680 hWindow=0x0 VidPnSourceId=0 FlipInterval=1 Flags=4198404 ReturnStatus=0 hSrcAllocHandle=0x40005e00 hDstAllocHandle=0x0"
"15:34:05.2178052","184","12852","3792","hContext=1073759680 hWindow=0x0 VidPnSourceId=0 FlipInterval=1 Flags=4198404 ReturnStatus=0 hSrcAllocHandle=0x800043c0 hDstAllocHandle=0x0"
"15:34:05.2178570","171","12852","13196","hAdapter=0xffff910e86eb4820 Token=0xffff810669b4d160 Model=7 TokenSize=0 TokenData=4220 Flags=0x0 CustomDuration=0 VmBusChannel=0x0"
"15:34:05.2178703","184","12852","13196","hContext=1073742528 hWindow=0x0 VidPnSourceId=0 FlipInterval=0 Flags=32768 ReturnStatus=0 hSrcAllocHandle=0x40000540 hDstAllocHandle=0x0"
"15:34:05.2180231","172","4","876","hAdapter=0xffff910e8cd5c000 Token=0xffff810669b4d160 Model=0 TokenSize=0 TokenData=0 Flags=0x0 CustomDuration=0 VmBusChannel=0x0"
"15:34:05.2381580","184","12852","3792","hContext=1073759680 hWindow=0x0 VidPnSourceId=0 FlipInterval=1 Flags=4198404 ReturnStatus=0 hSrcAllocHandle=0x40005c80 hDstAllocHandle=0x0"
"15:34:05.3322258","184","12852","3792","hContext=1073759680 hWindow=0x0 VidPnSourceId=0 FlipInterval=1 Flags=4198404 ReturnStatus=0 hSrcAllocHandle=0x40005e00 hDstAllocHandle=0x0"
"15:34:05.4187500","184","12852","3792","hContext=1073759680 hWindow=0x0 VidPnSourceId=0 FlipInterval=1 Flags=4198404 ReturnStatus=0 hSrcAllocHandle=0x800043c0 hDstAllocHandle=0x0"
"15:34:05.4414516","184","12852","3792","hContext=1073759680 hWindow=0x0 VidPnSourceId=0 FlipInterval=1 Flags=4198404 ReturnStatus=0 hSrcAllocHandle=0x40005c80 hDstAllocHandle=0x0"
"15:34:05.4486651","184","12852","3792","hContext=1073759680 hWindow=0x0 VidPnSourceId=0 FlipInterval=1 Flags=4198404 ReturnStatus=0 hSrcAllocHandle=0x40005e00 hDstAllocHandle=0x0"
"15:34:05.5473451","184","12852","3792","hContext=1073759680 hWindow=0x0 VidPnSourceId=0 FlipInterval=1 Flags=4198404 ReturnStatus=0 hSrcAllocHandle=0x800043c0 hDstAllocHandle=0x0"
"15:34:05.5652929","184","12852","3792","hContext=1073759680 hWindow=0x0 VidPnSourceId=0 FlipInterval=1 Flags=4198404 ReturnStatus=0 hSrcAllocHandle=0x40005c80 hDstAllocHandle=0x0"
"15:34:05.6595570","184","12852","3792","hContext=1073759680 hWindow=0x0 VidPnSourceId=0 FlipInterval=1 Flags=4198404 ReturnStatus=0 hSrcAllocHandle=0x40005e00 hDstAllocHandle=0x0"
"15:34:05.7688808","171","12852","13196","hAdapter=0xffff910e86eb4820 Token=0xffff810669b4d160 Model=7 TokenSize=0 TokenData=4800 Flags=0x0 CustomDuration=0 VmBusChannel=0x0"
"15:34:05.7688973","184","12852","13196","hContext=1073742528 hWindow=0x0 VidPnSourceId=0 FlipInterval=0 Flags=32768 ReturnStatus=0 hSrcAllocHandle=0x40000540 hDstAllocHandle=0x0"
"15:34:05.7689220","172","4","880","hAdapter=0xffff910e8cd5c000 Token=0xffff810669b4d160 Model=0 TokenSize=0 TokenData=0 Flags=0x0 CustomDuration=0 VmBusChannel=0x0"
"15:34:05.9577930","184","12852","3792","hContext=1073759680 hWindow=0x0 VidPnSourceId=0 FlipInterval=1 Flags=4198404 ReturnStatus=0 hSrcAllocHandle=0x800043c0 hDstAllocHandle=0x0"
"15:34:05.9661113","184","12852","3792","hContext=1073759680 hWindow=0x0 VidPnSourceId=0 FlipInterval=1 Flags=4198404 ReturnStatus=0 hSrcAllocHandle=0x40005c80 hDstAllocHandle=0x0"
"15:34:05.9839047","184","12852","3792","hContext=1073759680 hWindow=0x0 VidPnSourceId=0 FlipInterval=1 Flags=4198404 ReturnStatus=0 hSrcAllocHandle=0x40005e00 hDstAllocHandle=0x0"
"15:34:05.9992356","184","12852","3792","hContext=1073759680 hWindow=0x0 VidPnSourceId=0 FlipInterval=1 Flags=4198404 ReturnStatus=0 hSrcAllocHandle=0x800043c0 hDstAllocHandle=0x0"
"15:34:06.0976184","184","12852","3792","hContext=1073759680 hWindow=0x0 VidPnSourceId=0 FlipInterval=1 Flags=4198404 ReturnStatus=0 hSrcAllocHandle=0x40005c80 hDstAllocHandle=0x0"
"15:34:06.1158859","184","12852","3792","hContext=1073759680 hWindow=0x0 VidPnSourceId=0 FlipInterval=1 Flags=4198404 ReturnStatus=0 hSrcAllocHandle=0x40005e00 hDstAllocHandle=0x0"
"15:34:06.2038567","184","12852","3792","hContext=1073759680 hWindow=0x0 VidPnSourceId=0 FlipInterval=1 Flags=4198404 ReturnStatus=0 hSrcAllocHandle=0x800043c0 hDstAllocHandle=0x0"
"15:34:06.2161618","184","12852","3792","hContext=1073759680 hWindow=0x0 VidPnSourceId=0 FlipInterval=1 Flags=4198404 ReturnStatus=0 hSrcAllocHandle=0x40005c80 hDstAllocHandle=0x0"
"15:34:06.3166069","184","12852","3792","hContext=1073759680 hWindow=0x0 VidPnSourceId=0 FlipInterval=1 Flags=4198404 ReturnStatus=0 hSrcAllocHandle=0x40005e00 hDstAllocHandle=0x0"
"15:34:06.3167172","171","12852","13196","hAdapter=0xffff910e86eb4820 Token=0xffff810669b4d160 Model=7 TokenSize=0 TokenData=4220 Flags=0x0 CustomDuration=0 VmBusChannel=0x0"
"15:34:06.3167344","184","12852","13196","hContext=1073742528 hWindow=0x0 VidPnSourceId=0 FlipInterval=0 Flags=32768 ReturnStatus=0 hSrcAllocHandle=0x40000540 hDstAllocHandle=0x0"
"15:34:06.3169004","172","4","876","hAdapter=0xffff910e8cd5c000 Token=0xffff810669b4d160 Model=0 TokenSize=0 TokenData=0 Flags=0x0 CustomDuration=0 VmBusChannel=0x0"
"15:34:06.3343477","184","12852","3792","hContext=1073759680 hWindow=0x0 VidPnSourceId=0 FlipInterval=1 Flags=4198404 ReturnStatus=0 hSrcAllocHandle=0x800043c0 hDstAllocHandle=0x0"
"15:34:06.4327887","184","12852","3792","hContext=1073759680 hWindow=0x0 VidPnSourceId=0 FlipInterval=1 Flags=4198404 ReturnStatus=0 hSrcAllocHandle=0x40005c80 hDstAllocHandle=0x0"
"15:34:06.5343953","184","12852","3792","hContext=1073759680 hWindow=0x0 VidPnSourceId=0 FlipInterval=1 Flags=4198404 ReturnStatus=0 hSrcAllocHandle=0x40005e00 hDstAllocHandle=0x0"
"15:34:06.5492876","184","12852","3792","hContext=1073759680 hWindow=0x0 VidPnSourceId=0 FlipInterval=1 Flags=4198404 ReturnStatus=0 hSrcAllocHandle=0x800043c0 hDstAllocHandle=0x0"
"15:34:06.6443780","184","12852","3792","hContext=1073759680 hWindow=0x0 VidPnSourceId=0 FlipInterval=1 Flags=4198404 ReturnStatus=0 hSrcAllocHandle=0x40005c80 hDstAllocHandle=0x0"
"15:34:06.6494838","184","12852","3792","hContext=1073759680 hWindow=0x0 VidPnSourceId=0 FlipInterval=1 Flags=4198404 ReturnStatus=0 hSrcAllocHandle=0x40005e00 hDstAllocHandle=0x0"
"15:34:06.7523468","184","12852","3792","hContext=1073759680 hWindow=0x0 VidPnSourceId=0 FlipInterval=1 Flags=4198404 ReturnStatus=0 hSrcAllocHandle=0x800043c0 hDstAllocHandle=0x0"
"15:34:06.7670544","184","12852","3792","hContext=1073759680 hWindow=0x0 VidPnSourceId=0 FlipInterval=1 Flags=4198404 ReturnStatus=0 hSrcAllocHandle=0x40005c80 hDstAllocHandle=0x0"
"15:34:06.8605818","184","12852","3792","hContext=1073759680 hWindow=0x0 VidPnSourceId=0 FlipInterval=1 Flags=4198404 ReturnStatus=0 hSrcAllocHandle=0x40005e00 hDstAllocHandle=0x0"
"15:34:06.8607948","171","12852","13196","hAdapter=0xffff910e86eb4820 Token=0xffff810669b4d160 Model=7 TokenSize=0 TokenData=4784 Flags=0x0 CustomDuration=0 VmBusChannel=0x0"
"15:34:06.8608136","184","12852","13196","hContext=1073742528 hWindow=0x0 VidPnSourceId=0 FlipInterval=0 Flags=32768 ReturnStatus=0 hSrcAllocHandle=0x40000540 hDstAllocHandle=0x0"
"15:34:06.8609603","172","4","876","hAdapter=0xffff910e8cd5c000 Token=0xffff810669b4d160 Model=0 TokenSize=0 TokenData=0 Flags=0x0 CustomDuration=0 VmBusChannel=0x0"
"15:34:06.8681790","184","12852","3792","hContext=1073759680 hWindow=0x0 VidPnSourceId=0 FlipInterval=1 Flags=4198404 ReturnStatus=0 hSrcAllocHandle=0x800043c0 hDstAllocHandle=0x0"
"15:34:06.9351097","184","12852","3792","hContext=1073759680 hWindow=0x0 VidPnSourceId=0 FlipInterval=1 Flags=4198404 ReturnStatus=0 hSrcAllocHandle=0x40005c80 hDstAllocHandle=0x0"
"15:34:07.2209894","184","12852","3792","hContext=1073759680 hWindow=0x0 VidPnSourceId=0 FlipInterval=1 Flags=4198404 ReturnStatus=0 hSrcAllocHandle=0x40005e00 hDstAllocHandle=0x0"
"15:34:07.2998408","184","12852","3792","hContext=1073759680 hWindow=0x0 VidPnSourceId=0 FlipInterval=1 Flags=4198404 ReturnStatus=0 hSrcAllocHandle=0x800043c0 hDstAllocHandle=0x0"
"15:34:07.3172232","184","12852","3792","hContext=1073759680 hWindow=0x0 VidPnSourceId=0 FlipInterval=1 Flags=4198404 ReturnStatus=0 hSrcAllocHandle=0x40005c80 hDstAllocHandle=0x0"
"15:34:07.4091499","184","12852","3792","hContext=1073759680 hWindow=0x0 VidPnSourceId=0 FlipInterval=1 Flags=4198404 ReturnStatus=0 hSrcAllocHandle=0x40005e00 hDstAllocHandle=0x0"
"15:34:07.4101259","171","12852","13196","hAdapter=0xffff910e86eb4820 Token=0xffff810669b4d160 Model=7 TokenSize=0 TokenData=4764 Flags=0x0 CustomDuration=0 VmBusChannel=0x0"
"15:34:07.4101625","184","12852","13196","hContext=1073742528 hWindow=0x0 VidPnSourceId=0 FlipInterval=0 Flags=32768 ReturnStatus=0 hSrcAllocHandle=0x40000540 hDstAllocHandle=0x0"
"15:34:07.4102888","172","4","876","hAdapter=0xffff910e8cd5c000 Token=0xffff810669b4d160 Model=0 TokenSize=0 TokenData=0 Flags=0x0 CustomDuration=0 VmBusChannel=0x0"
"15:34:07.4213834","184","12852","3792","hContext=1073759680 hWindow=0x0 VidPnSourceId=0 FlipInterval=1 Flags=4198404 ReturnStatus=0 hSrcAllocHandle=0x800043c0 hDstAllocHandle=0x0"
"15:34:07.5178148","184","12852","3792","hContext=1073759680 hWindow=0x0 VidPnSourceId=0 FlipInterval=1 Flags=4198404 ReturnStatus=0 hSrcAllocHandle=0x40005c80 hDstAllocHandle=0x0"
"15:34:07.6240935","184","12852","3792","hContext=1073759680 hWindow=0x0 VidPnSourceId=0 FlipInterval=1 Flags=4198404 ReturnStatus=0 hSrcAllocHandle=0x40005e00 hDstAllocHandle=0x0"
"15:34:07.6343665","184","12852","3792","hContext=1073759680 hWindow=0x0 VidPnSourceId=0 FlipInterval=1 Flags=4198404 ReturnStatus=0 hSrcAllocHandle=0x800043c0 hDstAllocHandle=0x0"
"15:34:07.7390387","184","12852","3792","hContext=1073759680 hWindow=0x0 VidPnSourceId=0 FlipInterval=1 Flags=4198404 ReturnStatus=0 hSrcAllocHandle=0x40005c80 hDstAllocHandle=0x0"
"15:34:07.7502371","184","12852","3792","hContext=1073759680 hWindow=0x0 VidPnSourceId=0 FlipInterval=1 Flags=4198404 ReturnStatus=0 hSrcAllocHandle=0x40005e00 hDstAllocHandle=0x0"
"15:34:07.8434124","184","12852","3792","hContext=1073759680 hWindow=0x0 VidPnSourceId=0 FlipInterval=1 Flags=4198404 ReturnStatus=0 hSrcAllocHandle=0x800043c0 hDstAllocHandle=0x0"
"15:34:07.8505470","184","12852","3792","hContext=1073759680 hWindow=0x0 VidPnSourceId=0 FlipInterval=1 Flags=4198404 ReturnStatus=0 hSrcAllocHandle=0x40005c80 hDstAllocHandle=0x0"
"15:34:07.9205699","184","12852","3792","hContext=1073759680 hWindow=0x0 VidPnSourceId=0 FlipInterval=1 Flags=4198404 ReturnStatus=0 hSrcAllocHandle=0x40005e00 hDstAllocHandle=0x0"
"15:34:07.9534733","184","12852","3792","hContext=1073759680 hWindow=0x0 VidPnSourceId=0 FlipInterval=1 Flags=4198404 ReturnStatus=0 hSrcAllocHandle=0x800043c0 hDstAllocHandle=0x0"
"15:34:07.9535516","171","12852","13196","hAdapter=0xffff910e86eb4820 Token=0xffff810669b4d160 Model=7 TokenSize=0 TokenData=4792 Flags=0x0 CustomDuration=0 VmBusChannel=0x0"
"15:34:07.9535769","184","12852","13196","hContext=1073742528 hWindow=0x0 VidPnSourceId=0 FlipInterval=0 Flags=32768 ReturnStatus=0 hSrcAllocHandle=0x40000540 hDstAllocHandle=0x0"
"15:34:07.9535973","172","4","880","hAdapter=0xffff910e8cd5c000 Token=0xffff810669b4d160 Model=0 TokenSize=0 TokenData=0 Flags=0x0 CustomDuration=0 VmBusChannel=0x0"
"15:34:07.9689530","184","12852","3792","hContext=1073759680 hWindow=0x0 VidPnSourceId=0 FlipInterval=1 Flags=4198404 ReturnStatus=0 hSrcAllocHandle=0x40005c80 hDstAllocHandle=0x0"
"15:34:08.0699992","184","12852","3792","hContext=1073759680 hWindow=0x0 VidPnSourceId=0 FlipInterval=1 Flags=4198404 ReturnStatus=0 hSrcAllocHandle=0x40005e00 hDstAllocHandle=0x0"
"15:34:08.1725198","184","12852","3792","hContext=1073759680 hWindow=0x0 VidPnSourceId=0 FlipInterval=1 Flags=4198404 ReturnStatus=0 hSrcAllocHandle=0x800043c0 hDstAllocHandle=0x0"
"15:34:08.1849662","184","12852","3792","hContext=1073759680 hWindow=0x0 VidPnSourceId=0 FlipInterval=1 Flags=4198404 ReturnStatus=0 hSrcAllocHandle=0x40005c80 hDstAllocHandle=0x0"
"15:34:08.2863055","184","12852","3792","hContext=1073759680 hWindow=0x0 VidPnSourceId=0 FlipInterval=1 Flags=4198404 ReturnStatus=0 hSrcAllocHandle=0x40005e00 hDstAllocHandle=0x0"
"15:34:08.3014777","184","12852","3792","hContext=1073759680 hWindow=0x0 VidPnSourceId=0 FlipInterval=1 Flags=4198404 ReturnStatus=0 hSrcAllocHandle=0x800043c0 hDstAllocHandle=0x0"
"15:34:08.5046999","171","12852","13196","hAdapter=0xffff910e86eb4820 Token=0xffff810669b4d160 Model=7 TokenSize=0 TokenData=4740 Flags=0x0 CustomDuration=0 VmBusChannel=0x0"
"15:34:08.5047100","184","12852","13196","hContext=1073742528 hWindow=0x0 VidPnSourceId=0 FlipInterval=0 Flags=32768 ReturnStatus=0 hSrcAllocHandle=0x40000540 hDstAllocHandle=0x0"
"15:34:08.5049397","172","4","876","hAdapter=0xffff910e8cd5c000 Token=0xffff810669b4d160 Model=0 TokenSize=0 TokenData=0 Flags=0x0 CustomDuration=0 VmBusChannel=0x0"
"15:34:08.6856200","184","12852","3792","hContext=1073759680 hWindow=0x0 VidPnSourceId=0 FlipInterval=1 Flags=4198404 ReturnStatus=0 hSrcAllocHandle=0x40005c80 hDstAllocHandle=0x0"
"15:34:08.7030552","184","12852","3792","hContext=1073759680 hWindow=0x0 VidPnSourceId=0 FlipInterval=1 Flags=4198404 ReturnStatus=0 hSrcAllocHandle=0x40005e00 hDstAllocHandle=0x0"
"15:34:08.7211897","184","12852","3792","hContext=1073759680 hWindow=0x0 VidPnSourceId=0 FlipInterval=1 Flags=4198404 ReturnStatus=0 hSrcAllocHandle=0x800043c0 hDstAllocHandle=0x0"
"15:34:08.7354459","184","12852","3792","hContext=1073759680 hWindow=0x0 VidPnSourceId=0 FlipInterval=1 Flags=4198404 ReturnStatus=0 hSrcAllocHandle=0x40005c80 hDstAllocHandle=0x0"
"15:34:08.8328662","184","12852","3792","hContext=1073759680 hWindow=0x0 VidPnSourceId=0 FlipInterval=1 Flags=4198404 ReturnStatus=0 hSrcAllocHandle=0x40005e00 hDstAllocHandle=0x0"
"15:34:08.8352725","184","12852","3792","hContext=1073759680 hWindow=0x0 VidPnSourceId=0 FlipInterval=1 Flags=4198404 ReturnStatus=0 hSrcAllocHandle=0x800043c0 hDstAllocHandle=0x0"
"15:34:08.9279903","184","12852","3792","hContext=1073759680 hWindow=0x0 VidPnSourceId=0 FlipInterval=1 Flags=4198404 ReturnStatus=0 hSrcAllocHandle=0x40005c80 hDstAllocHandle=0x0"
"15:34:08.9384600","184","12852","3792","hContext=1073759680 hWindow=0x0 VidPnSourceId=0 FlipInterval=1 Flags=4198404 ReturnStatus=0 hSrcAllocHandle=0x40005e00 hDstAllocHandle=0x0"
"15:34:08.9518715","184","12852","3792","hContext=1073759680 hWindow=0x0 VidPnSourceId=0 FlipInterval=1 Flags=4198404 ReturnStatus=0 hSrcAllocHandle=0x800043c0 hDstAllocHandle=0x0"
"15:34:09.0481999","184","12852","3792","hContext=1073759680 hWindow=0x0 VidPnSourceId=0 FlipInterval=1 Flags=4198404 ReturnStatus=0 hSrcAllocHandle=0x40005c80 hDstAllocHandle=0x0"
"15:34:09.0486424","171","12852","13196","hAdapter=0xffff910e86eb4820 Token=0xffff810669b4d160 Model=7 TokenSize=0 TokenData=4820 Flags=0x0 CustomDuration=0 VmBusChannel=0x0"
"15:34:09.0486632","184","12852","13196","hContext=1073742528 hWindow=0x0 VidPnSourceId=0 FlipInterval=0 Flags=32768 ReturnStatus=0 hSrcAllocHandle=0x40000540 hDstAllocHandle=0x0"
"15:34:09.0487397","172","4","876","hAdapter=0xffff910e8cd5c000 Token=0xffff810669b4d160 Model=0 TokenSize=0 TokenData=0 Flags=0x0 CustomDuration=0 VmBusChannel=0x0"
"15:34:09.0530989","184","12852","3792","hContext=1073759680 hWindow=0x0 VidPnSourceId=0 FlipInterval=1 Flags=4198404 ReturnStatus=0 hSrcAllocHandle=0x40005e00 hDstAllocHandle=0x0"
"15:34:09.0692924","184","12852","3792","hContext=1073759680 hWindow=0x0 VidPnSourceId=0 FlipInterval=1 Flags=4198404 ReturnStatus=0 hSrcAllocHandle=0x800043c0 hDstAllocHandle=0x0"
"15:34:09.1593965","184","12852","3792","hContext=1073759680 hWindow=0x0 VidPnSourceId=0 FlipInterval=1 Flags=4198404 ReturnStatus=0 hSrcAllocHandle=0x40005c80 hDstAllocHandle=0x0"
"15:34:09.1689593","184","12852","3792","hContext=1073759680 hWindow=0x0 VidPnSourceId=0 FlipInterval=1 Flags=4198404 ReturnStatus=0 hSrcAllocHandle=0x40005e00 hDstAllocHandle=0x0"
"15:34:09.2685087","184","12852","3792","hContext=1073759680 hWindow=0x0 VidPnSourceId=0 FlipInterval=1 Flags=4198404 ReturnStatus=0 hSrcAllocHandle=0x800043c0 hDstAllocHandle=0x0"
"15:34:09.2853107","184","12852","3792","hContext=1073759680 hWindow=0x0 VidPnSourceId=0 FlipInterval=1 Flags=4198404 ReturnStatus=0 hSrcAllocHandle=0x40005c80 hDstAllocHandle=0x0"
"15:34:09.3746811","184","12852","3792","hContext=1073759680 hWindow=0x0 VidPnSourceId=0 FlipInterval=1 Flags=4198404 ReturnStatus=0 hSrcAllocHandle=0x40005e00 hDstAllocHandle=0x0"
"15:34:09.3853491","184","12852","3792","hContext=1073759680 hWindow=0x0 VidPnSourceId=0 FlipInterval=1 Flags=4198404 ReturnStatus=0 hSrcAllocHandle=0x800043c0 hDstAllocHandle=0x0"
"15:34:09.4862954","184","12852","3792","hContext=1073759680 hWindow=0x0 VidPnSourceId=0 FlipInterval=1 Flags=4198404 ReturnStatus=0 hSrcAllocHandle=0x40005c80 hDstAllocHandle=0x0"
"15:34:09.5022375","184","12852","3792","hContext=1073759680 hWindow=0x0 VidPnSourceId=0 FlipInterval=1 Flags=4198404 ReturnStatus=0 hSrcAllocHandle=0x40005e00 hDstAllocHandle=0x0"
"15:34:09.5935114","184","12852","3792","hContext=1073759680 hWindow=0x0 VidPnSourceId=0 FlipInterval=1 Flags=4198404 ReturnStatus=0 hSrcAllocHandle=0x800043c0 hDstAllocHandle=0x0"
"15:34:09.5937425","171","12852","13196","hAdapter=0xffff910e86eb4820 Token=0xffff810669b4d160 Model=7 TokenSize=0 TokenData=4552 Flags=0x0 CustomDuration=0 VmBusChannel=0x0"
"15:34:09.5937572","184","12852","13196","hContext=1073742528 hWindow=0x0 VidPnSourceId=0 FlipInterval=0 Flags=32768 ReturnStatus=0 hSrcAllocHandle=0x40000540 hDstAllocHandle=0x0"
"15:34:09.5939070","172","4","876","hAdapter=0xffff910e8cd5c000 Token=0xffff810669b4d160 Model=0 TokenSize=0 TokenData=0 Flags=0x0 CustomDuration=0 VmBusChannel=0x0"
"15:34:09.8931809","184","12852","3792","hContext=1073759680 hWindow=0x0 VidPnSourceId=0 FlipInterval=1 Flags=4198404 ReturnStatus=0 hSrcAllocHandle=0x40005c80 hDstAllocHandle=0x0"
"15:34:09.9023731","184","12852","3792","hContext=1073759680 hWindow=0x0 VidPnSourceId=0 FlipInterval=1 Flags=4198404 ReturnStatus=0 hSrcAllocHandle=0x40005e00 hDstAllocHandle=0x0"
"15:34:09.9207580","184","12852","3792","hContext=1073759680 hWindow=0x0 VidPnSourceId=0 FlipInterval=1 Flags=4198404 ReturnStatus=0 hSrcAllocHandle=0x800043c0 hDstAllocHandle=0x0"
"15:34:09.9356934","184","12852","3792","hContext=1073759680 hWindow=0x0 VidPnSourceId=0 FlipInterval=1 Flags=4198404 ReturnStatus=0 hSrcAllocHandle=0x40005c80 hDstAllocHandle=0x0"
"15:34:10.0334495","184","12852","3792","hContext=1073759680 hWindow=0x0 VidPnSourceId=0 FlipInterval=1 Flags=4198404 ReturnStatus=0 hSrcAllocHandle=0x40005e00 hDstAllocHandle=0x0"
"15:34:10.0352455","184","12852","3792","hContext=1073759680 hWindow=0x0 VidPnSourceId=0 FlipInterval=1 Flags=4198404 ReturnStatus=0 hSrcAllocHandle=0x800043c0 hDstAllocHandle=0x0"
"15:34:10.1422282","184","12852","3792","hContext=1073759680 hWindow=0x0 VidPnSourceId=0 FlipInterval=1 Flags=4198404 ReturnStatus=0 hSrcAllocHandle=0x40005c80 hDstAllocHandle=0x0"
"15:34:10.1432053","171","12852","13196","hAdapter=0xffff910e86eb4820 Token=0xffff810669b4d160 Model=7 TokenSize=0 TokenData=4552 Flags=0x0 CustomDuration=0 VmBusChannel=0x0"
"15:34:10.1432216","184","12852","13196","hContext=1073742528 hWindow=0x0 VidPnSourceId=0 FlipInterval=0 Flags=32768 ReturnStatus=0 hSrcAllocHandle=0x40000540 hDstAllocHandle=0x0"
"15:34:10.1432406","172","4","880","hAdapter=0xffff910e8cd5c000 Token=0xffff810669b4d160 Model=0 TokenSize=0 TokenData=0 Flags=0x0 CustomDuration=0 VmBusChannel=0x0"
"15:34:10.1547898","184","12852","3792","hContext=1073759680 hWindow=0x0 VidPnSourceId=0 FlipInterval=1 Flags=4198404 ReturnStatus=0 hSrcAllocHandle=0x40005e00 hDstAllocHandle=0x0"
"15:34:10.2696314","184","12852","3792","hContext=1073759680 hWindow=0x0 VidPnSourceId=0 FlipInterval=1 Flags=4198404 ReturnStatus=0 hSrcAllocHandle=0x800043c0 hDstAllocHandle=0x0"
"15:34:10.3595809","184","12852","3792","hContext=1073759680 hWindow=0x0 VidPnSourceId=0 FlipInterval=1 Flags=4198404 ReturnStatus=0 hSrcAllocHandle=0x40005c80 hDstAllocHandle=0x0"
"15:34:10.3695451","184","12852","3792","hContext=1073759680 hWindow=0x0 VidPnSourceId=0 FlipInterval=1 Flags=4198404 ReturnStatus=0 hSrcAllocHandle=0x40005e00 hDstAllocHandle=0x0"
"15:34:10.4673564","184","12852","3792","hContext=1073759680 hWindow=0x0 VidPnSourceId=0 FlipInterval=1 Flags=4198404 ReturnStatus=0 hSrcAllocHandle=0x800043c0 hDstAllocHandle=0x0"
"15:34:10.4691653","184","12852","3792","hContext=1073759680 hWindow=0x0 VidPnSourceId=0 FlipInterval=1 Flags=4198404 ReturnStatus=0 hSrcAllocHandle=0x40005c80 hDstAllocHandle=0x0"
"15:34:10.5838139","184","12852","3792","hContext=1073759680 hWindow=0x0 VidPnSourceId=0 FlipInterval=1 Flags=4198404 ReturnStatus=0 hSrcAllocHandle=0x40005e00 hDstAllocHandle=0x0"
"15:34:10.5860568","184","12852","3792","hContext=1073759680 hWindow=0x0 VidPnSourceId=0 FlipInterval=1 Flags=4198404 ReturnStatus=0 hSrcAllocHandle=0x800043c0 hDstAllocHandle=0x0"
"15:34:10.6885293","184","12852","3792","hContext=1073759680 hWindow=0x0 VidPnSourceId=0 FlipInterval=1 Flags=4198404 ReturnStatus=0 hSrcAllocHandle=0x40005c80 hDstAllocHandle=0x0"
"15:34:10.6893407","171","12852","13196","hAdapter=0xffff910e86eb4820 Token=0xffff810669b4d160 Model=7 TokenSize=0 TokenData=4836 Flags=0x0 CustomDuration=0 VmBusChannel=0x0"
"15:34:10.6893532","184","12852","13196","hContext=1073742528 hWindow=0x0 VidPnSourceId=0 FlipInterval=0 Flags=32768 ReturnStatus=0 hSrcAllocHandle=0x40000540 hDstAllocHandle=0x0"
"15:34:10.6894711","172","4","876","hAdapter=0xffff910e8cd5c000 Token=0xffff810669b4d160 Model=0 TokenSize=0 TokenData=0 Flags=0x0 CustomDuration=0 VmBusChannel=0x0"
"15:34:10.7050792","184","12852","3792","hContext=1073759680 hWindow=0x0 VidPnSourceId=0 FlipInterval=1 Flags=4198404 ReturnStatus=0 hSrcAllocHandle=0x40005e00 hDstAllocHandle=0x0"
"15:34:10.8030615","184","12852","3792","hContext=1073759680 hWindow=0x0 VidPnSourceId=0 FlipInterval=1 Flags=4198404 ReturnStatus=0 hSrcAllocHandle=0x800043c0 hDstAllocHandle=0x0"
"15:34:10.9085469","184","12852","3792","hContext=1073759680 hWindow=0x0 VidPnSourceId=0 FlipInterval=1 Flags=4198404 ReturnStatus=0 hSrcAllocHandle=0x40005c80 hDstAllocHandle=0x0"
"15:34:10.9197928","184","12852","3792","hContext=1073759680 hWindow=0x0 VidPnSourceId=0 FlipInterval=1 Flags=4198404 ReturnStatus=0 hSrcAllocHandle=0x40005e00 hDstAllocHandle=0x0"
"15:34:10.9367905","184","12852","3792","hContext=1073759680 hWindow=0x0 VidPnSourceId=0 FlipInterval=1 Flags=4198404 ReturnStatus=0 hSrcAllocHandle=0x800043c0 hDstAllocHandle=0x0"
"15:34:11.2261091","184","12852","3792","hContext=1073759680 hWindow=0x0 VidPnSourceId=0 FlipInterval=1 Flags=4198404 ReturnStatus=0 hSrcAllocHandle=0x40005c80 hDstAllocHandle=0x0"
"15:34:11.2403675","184","12852","3792","hContext=1073759680 hWindow=0x0 VidPnSourceId=0 FlipInterval=1 Flags=4198404 ReturnStatus=0 hSrcAllocHandle=0x40005e00 hDstAllocHandle=0x0"
"15:34:11.2405285","171","12852","13196","hAdapter=0xffff910e86eb4820 Token=0xffff810669b4d160 Model=7 TokenSize=0 TokenData=4828 Flags=0x0 CustomDuration=0 VmBusChannel=0x0"
"15:34:11.2405410","184","12852","13196","hContext=1073742528 hWindow=0x0 VidPnSourceId=0 FlipInterval=0 Flags=32768 ReturnStatus=0 hSrcAllocHandle=0x40000540 hDstAllocHandle=0x0"
"15:34:11.2407302","172","4","876","hAdapter=0xffff910e8cd5c000 Token=0xffff810669b4d160 Model=0 TokenSize=0 TokenData=0 Flags=0x0 CustomDuration=0 VmBusChannel=0x0"
"15:34:11.2553767","184","12852","3792","hContext=1073759680 hWindow=0x0 VidPnSourceId=0 FlipInterval=1 Flags=4198404 ReturnStatus=0 hSrcAllocHandle=0x800043c0 hDstAllocHandle=0x0"
"15:34:11.3536558","184","12852","3792","hContext=1073759680 hWindow=0x0 VidPnSourceId=0 FlipInterval=1 Flags=4198404 ReturnStatus=0 hSrcAllocHandle=0x40005c80 hDstAllocHandle=0x0"
"15:34:11.4567473","184","12852","3792","hContext=1073759680 hWindow=0x0 VidPnSourceId=0 FlipInterval=1 Flags=4198404 ReturnStatus=0 hSrcAllocHandle=0x40005e00 hDstAllocHandle=0x0"
"15:34:11.4701920","184","12852","3792","hContext=1073759680 hWindow=0x0 VidPnSourceId=0 FlipInterval=1 Flags=4198404 ReturnStatus=0 hSrcAllocHandle=0x800043c0 hDstAllocHandle=0x0"
"15:34:11.5672537","184","12852","3792","hContext=1073759680 hWindow=0x0 VidPnSourceId=0 FlipInterval=1 Flags=4198404 ReturnStatus=0 hSrcAllocHandle=0x40005c80 hDstAllocHandle=0x0"
"15:34:11.5708110","184","12852","3792","hContext=1073759680 hWindow=0x0 VidPnSourceId=0 FlipInterval=1 Flags=4198404 ReturnStatus=0 hSrcAllocHandle=0x40005e00 hDstAllocHandle=0x0"
"15:34:11.6733206","184","12852","3792","hContext=1073759680 hWindow=0x0 VidPnSourceId=0 FlipInterval=1 Flags=4198404 ReturnStatus=0 hSrcAllocHandle=0x800043c0 hDstAllocHandle=0x0"
"15:34:11.6877004","184","12852","3792","hContext=1073759680 hWindow=0x0 VidPnSourceId=0 FlipInterval=1 Flags=4198404 ReturnStatus=0 hSrcAllocHandle=0x40005c80 hDstAllocHandle=0x0"
"15:34:11.7848020","184","12852","3792","hContext=1073759680 hWindow=0x0 VidPnSourceId=0 FlipInterval=1 Flags=4198404 ReturnStatus=0 hSrcAllocHandle=0x40005e00 hDstAllocHandle=0x0"
"15:34:11.7858334","171","12852","13196","hAdapter=0xffff910e86eb4820 Token=0xffff810669b4d160 Model=7 TokenSize=0 TokenData=4812 Flags=0x0 CustomDuration=0 VmBusChannel=0x0"
"15:34:11.7858679","184","12852","13196","hContext=1073742528 hWindow=0x0 VidPnSourceId=0 FlipInterval=0 Flags=32768 ReturnStatus=0 hSrcAllocHandle=0x40000540 hDstAllocHandle=0x0"
"15:34:11.7862049","172","4","876","hAdapter=0xffff910e8cd5c000 Token=0xffff810669b4d160 Model=0 TokenSize=0 TokenData=0 Flags=0x0 CustomDuration=0 VmBusChannel=0x0"
"15:34:11.7892276","184","12852","3792","hContext=1073759680 hWindow=0x0 VidPnSourceId=0 FlipInterval=1 Flags=4198404 ReturnStatus=0 hSrcAllocHandle=0x800043c0 hDstAllocHandle=0x0"
"15:34:11.8074525","184","12852","3792","hContext=1073759680 hWindow=0x0 VidPnSourceId=0 FlipInterval=1 Flags=4198404 ReturnStatus=0 hSrcAllocHandle=0x40005c80 hDstAllocHandle=0x0"
"15:34:11.8952979","184","12852","3792","hContext=1073759680 hWindow=0x0 VidPnSourceId=0 FlipInterval=1 Flags=4198404 ReturnStatus=0 hSrcAllocHandle=0x40005e00 hDstAllocHandle=0x0"
"15:34:11.9039836","184","12852","3792","hContext=1073759680 hWindow=0x0 VidPnSourceId=0 FlipInterval=1 Flags=4198404 ReturnStatus=0 hSrcAllocHandle=0x800043c0 hDstAllocHandle=0x0"
"15:34:11.9245545","184","12852","3792","hContext=1073759680 hWindow=0x0 VidPnSourceId=0 FlipInterval=1 Flags=4198404 ReturnStatus=0 hSrcAllocHandle=0x40005c80 hDstAllocHandle=0x0"
"15:34:12.0017478","184","12852","3792","hContext=1073759680 hWindow=0x0 VidPnSourceId=0 FlipInterval=1 Flags=4198404 ReturnStatus=0 hSrcAllocHandle=0x40005e00 hDstAllocHandle=0x0"
"15:34:12.0045679","184","12852","3792","hContext=1073759680 hWindow=0x0 VidPnSourceId=0 FlipInterval=1 Flags=4198404 ReturnStatus=0 hSrcAllocHandle=0x800043c0 hDstAllocHandle=0x0"
"15:34:12.1116811","184","12852","3792","hContext=1073759680 hWindow=0x0 VidPnSourceId=0 FlipInterval=1 Flags=4198404 ReturnStatus=0 hSrcAllocHandle=0x40005c80 hDstAllocHandle=0x0"
"15:34:12.1214353","184","12852","3792","hContext=1073759680 hWindow=0x0 VidPnSourceId=0 FlipInterval=1 Flags=4198404 ReturnStatus=0 hSrcAllocHandle=0x40005e00 hDstAllocHandle=0x0"
"15:34:12.2177893","184","12852","3792","hContext=1073759680 hWindow=0x0 VidPnSourceId=0 FlipInterval=1 Flags=4198404 ReturnStatus=0 hSrcAllocHandle=0x800043c0 hDstAllocHandle=0x0"
"15:34:12.3318324","171","12852","13196","hAdapter=0xffff910e86eb4820 Token=0xffff810669b4d160 Model=7 TokenSize=0 TokenData=4860 Flags=0x0 CustomDuration=0 VmBusChannel=0x0"
"15:34:12.3318499","184","12852","13196","hContext=1073742528 hWindow=0x0 VidPnSourceId=0 FlipInterval=0 Flags=32768 ReturnStatus=0 hSrcAllocHandle=0x40000540 hDstAllocHandle=0x0"
"15:34:12.3318600","172","4","880","hAdapter=0xffff910e8cd5c000 Token=0xffff810669b4d160 Model=0 TokenSize=0 TokenData=0 Flags=0x0 CustomDuration=0 VmBusChannel=0x0"
"15:34:12.5100700","184","12852","3792","hContext=1073759680 hWindow=0x0 VidPnSourceId=0 FlipInterval=1 Flags=4198404 ReturnStatus=0 hSrcAllocHandle=0x40005c80 hDstAllocHandle=0x0"
"15:34:12.5237263","184","12852","3792","hContext=1073759680 hWindow=0x0 VidPnSourceId=0 FlipInterval=1 Flags=4198404 ReturnStatus=0 hSrcAllocHandle=0x40005e00 hDstAllocHandle=0x0"
"15:34:12.5454402","184","12852","3792","hContext=1073759680 hWindow=0x0 VidPnSourceId=0 FlipInterval=1 Flags=4198404 ReturnStatus=0 hSrcAllocHandle=0x800043c0 hDstAllocHandle=0x0"
"15:34:12.5547046","184","12852","3792","hContext=1073759680 hWindow=0x0 VidPnSourceId=0 FlipInterval=1 Flags=4198404 ReturnStatus=0 hSrcAllocHandle=0x40005c80 hDstAllocHandle=0x0"
"15:34:12.6621529","184","12852","3792","hContext=1073759680 hWindow=0x0 VidPnSourceId=0 FlipInterval=1 Flags=4198404 ReturnStatus=0 hSrcAllocHandle=0x40005e00 hDstAllocHandle=0x0"
"15:34:12.6718240","184","12852","3792","hContext=1073759680 hWindow=0x0 VidPnSourceId=0 FlipInterval=1 Flags=4198404 ReturnStatus=0 hSrcAllocHandle=0x800043c0 hDstAllocHandle=0x0"
"15:34:12.7731402","184","12852","3792","hContext=1073759680 hWindow=0x0 VidPnSourceId=0 FlipInterval=1 Flags=4198404 ReturnStatus=0 hSrcAllocHandle=0x40005c80 hDstAllocHandle=0x0"
"15:34:12.7884434","184","12852","3792","hContext=1073759680 hWindow=0x0 VidPnSourceId=0 FlipInterval=1 Flags=4198404 ReturnStatus=0 hSrcAllocHandle=0x40005e00 hDstAllocHandle=0x0"
"15:34:12.8761052","184","12852","3792","hContext=1073759680 hWindow=0x0 VidPnSourceId=0 FlipInterval=1 Flags=4198404 ReturnStatus=0 hSrcAllocHandle=0x800043c0 hDstAllocHandle=0x0"
"15:34:12.8764849","171","12852","13196","hAdapter=0xffff910e86eb4820 Token=0xffff810669b4d160 Model=7 TokenSize=0 TokenData=4820 Flags=0x0 CustomDuration=0 VmBusChannel=0x0"
"15:34:12.8765112","184","12852","13196","hContext=1073742528 hWindow=0x0 VidPnSourceId=0 FlipInterval=0 Flags=32768 ReturnStatus=0 hSrcAllocHandle=0x40000540 hDstAllocHandle=0x0"
"15:34:12.8767413","172","4","876","hAdapter=0xffff910e8cd5c000 Token=0xffff810669b4d160 Model=0 TokenSize=0 TokenData=0 Flags=0x0 CustomDuration=0 VmBusChannel=0x0"
"15:34:12.8913114","184","12852","3792","hContext=1073759680 hWindow=0x0 VidPnSourceId=0 FlipInterval=1 Flags=4198404 ReturnStatus=0 hSrcAllocHandle=0x40005c80 hDstAllocHandle=0x0"
"15:34:12.9890440","184","12852","3792","hContext=1073759680 hWindow=0x0 VidPnSourceId=0 FlipInterval=1 Flags=4198404 ReturnStatus=0 hSrcAllocHandle=0x40005e00 hDstAllocHandle=0x0"
"15:34:13.0927118","184","12852","3792","hContext=1073759680 hWindow=0x0 VidPnSourceId=0 FlipInterval=1 Flags=4198404 ReturnStatus=0 hSrcAllocHandle=0x800043c0 hDstAllocHandle=0x0"
"15:34:13.1056872","184","12852","3792","hContext=1073759680 hWindow=0x0 VidPnSourceId=0 FlipInterval=1 Flags=4198404 ReturnStatus=0 hSrcAllocHandle=0x40005c80 hDstAllocHandle=0x0"
"15:34:13.2047916","184","12852","3792","hContext=1073759680 hWindow=0x0 VidPnSourceId=0 FlipInterval=1 Flags=4198404 ReturnStatus=0 hSrcAllocHandle=0x40005e00 hDstAllocHandle=0x0"
"15:34:13.2219809","184","12852","3792","hContext=1073759680 hWindow=0x0 VidPnSourceId=0 FlipInterval=1 Flags=4198404 ReturnStatus=0 hSrcAllocHandle=0x800043c0 hDstAllocHandle=0x0"
"15:34:13.3168015","184","12852","3792","hContext=1073759680 hWindow=0x0 VidPnSourceId=0 FlipInterval=1 Flags=4198404 ReturnStatus=0 hSrcAllocHandle=0x40005c80 hDstAllocHandle=0x0"
"15:34:13.3241382","184","12852","3792","hContext=1073759680 hWindow=0x0 VidPnSourceId=0 FlipInterval=1 Flags=4198404 ReturnStatus=0 hSrcAllocHandle=0x40005e00 hDstAllocHandle=0x0"
"15:34:13.4274240","184","12852","3792","hContext=1073759680 hWindow=0x0 VidPnSourceId=0 FlipInterval=1 Flags=4198404 ReturnStatus=0 hSrcAllocHandle=0x800043c0 hDstAllocHandle=0x0"
"15:34:13.4278540","171","12852","13196","hAdapter=0xffff910e86eb4820 Token=0xffff810669b4d160 Model=7 TokenSize=0 TokenData=4816 Flags=0x0 CustomDuration=0 VmBusChannel=0x0"
"15:34:13.4278740","184","12852","13196","hContext=1073742528 hWindow=0x0 VidPnSourceId=0 FlipInterval=0 Flags=32768 ReturnStatus=0 hSrcAllocHandle=0x40000540 hDstAllocHandle=0x0"
"15:34:13.4282538","172","4","876","hAdapter=0xffff910e8cd5c000 Token=0xffff810669b4d160 Model=0 TokenSize=0 TokenData=0 Flags=0x0 CustomDuration=0 VmBusChannel=0x0"
"15:34:13.4436317","184","12852","3792","hContext=1073759680 hWindow=0x0 VidPnSourceId=0 FlipInterval=1 Flags=4198404 ReturnStatus=0 hSrcAllocHandle=0x40005c80 hDstAllocHandle=0x0"
"15:34:13.4557747","184","12852","3792","hContext=1073759680 hWindow=0x0 VidPnSourceId=0 FlipInterval=1 Flags=4198404 ReturnStatus=0 hSrcAllocHandle=0x40005e00 hDstAllocHandle=0x0"
"15:34:13.7489013","184","12852","3792","hContext=1073759680 hWindow=0x0 VidPnSourceId=0 FlipInterval=1 Flags=4198404 ReturnStatus=0 hSrcAllocHandle=0x800043c0 hDstAllocHandle=0x0"
"15:34:13.7558262","184","12852","3792","hContext=1073759680 hWindow=0x0 VidPnSourceId=0 FlipInterval=1 Flags=4198404 ReturnStatus=0 hSrcAllocHandle=0x40005c80 hDstAllocHandle=0x0"
"15:34:13.8612191","184","12852","3792","hContext=1073759680 hWindow=0x0 VidPnSourceId=0 FlipInterval=1 Flags=4198404 ReturnStatus=0 hSrcAllocHandle=0x40005e00 hDstAllocHandle=0x0"
"15:34:13.8728169","184","12852","3792","hContext=1073759680 hWindow=0x0 VidPnSourceId=0 FlipInterval=1 Flags=4198404 ReturnStatus=0 hSrcAllocHandle=0x800043c0 hDstAllocHandle=0x0"
"15:34:13.9419712","184","12852","3792","hContext=1073759680 hWindow=0x0 VidPnSourceId=0 FlipInterval=1 Flags=4198404 ReturnStatus=0 hSrcAllocHandle=0x40005c80 hDstAllocHandle=0x0"
"15:34:13.9727893","184","12852","3792","hContext=1073759680 hWindow=0x0 VidPnSourceId=0 FlipInterval=1 Flags=4198404 ReturnStatus=0 hSrcAllocHandle=0x40005e00 hDstAllocHandle=0x0"
"15:34:13.9735458","171","12852","13196","hAdapter=0xffff910e86eb4820 Token=0xffff810669b4d160 Model=7 TokenSize=0 TokenData=4852 Flags=0x0 CustomDuration=0 VmBusChannel=0x0"
"15:34:13.9735731","184","12852","13196","hContext=1073742528 hWindow=0x0 VidPnSourceId=0 FlipInterval=0 Flags=32768 ReturnStatus=0 hSrcAllocHandle=0x40000540 hDstAllocHandle=0x0"
"15:34:13.9739195","172","4","876","hAdapter=0xffff910e8cd5c000 Token=0xffff810669b4d160 Model=0 TokenSize=0 TokenData=0 Flags=0x0 CustomDuration=0 VmBusChannel=0x0"
"15:34:13.9906028","184","12852","3792","hContext=1073759680 hWindow=0x0 VidPnSourceId=0 FlipInterval=1 Flags=4198404 ReturnStatus=0 hSrcAllocHandle=0x800043c0 hDstAllocHandle=0x0"
"15:34:14.0894010","184","12852","3792","hContext=1073759680 hWindow=0x0 VidPnSourceId=0 FlipInterval=1 Flags=4198404 ReturnStatus=0 hSrcAllocHandle=0x40005c80 hDstAllocHandle=0x0"
"15:34:14.1936356","184","12852","3792","hContext=1073759680 hWindow=0x0 VidPnSourceId=0 FlipInterval=1 Flags=4198404 ReturnStatus=0 hSrcAllocHandle=0x40005e00 hDstAllocHandle=0x0"
"15:34:14.2068282","184","12852","3792","hContext=1073759680 hWindow=0x0 VidPnSourceId=0 FlipInterval=1 Flags=4198404 ReturnStatus=0 hSrcAllocHandle=0x800043c0 hDstAllocHandle=0x0"
"15:34:14.2995653","184","12852","3792","hContext=1073759680 hWindow=0x0 VidPnSourceId=0 FlipInterval=1 Flags=4198404 ReturnStatus=0 hSrcAllocHandle=0x40005c80 hDstAllocHandle=0x0"
"15:34:14.3068185","184","12852","3792","hContext=1073759680 hWindow=0x0 VidPnSourceId=0 FlipInterval=1 Flags=4198404 ReturnStatus=0 hSrcAllocHandle=0x40005e00 hDstAllocHandle=0x0"
"15:34:14.4075565","184","12852","3792","hContext=1073759680 hWindow=0x0 VidPnSourceId=0 FlipInterval=1 Flags=4198404 ReturnStatus=0 hSrcAllocHandle=0x800043c0 hDstAllocHandle=0x0"
"15:34:14.4233027","184","12852","3792","hContext=1073759680 hWindow=0x0 VidPnSourceId=0 FlipInterval=1 Flags=4198404 ReturnStatus=0 hSrcAllocHandle=0x40005c80 hDstAllocHandle=0x0"
"15:34:14.4419613","184","12852","3792","hContext=1073759680 hWindow=0x0 VidPnSourceId=0 FlipInterval=1 Flags=4198404 ReturnStatus=0 hSrcAllocHandle=0x40005e00 hDstAllocHandle=0x0"
"15:34:14.5261736","184","12852","3792","hContext=1073759680 hWindow=0x0 VidPnSourceId=0 FlipInterval=1 Flags=4198404 ReturnStatus=0 hSrcAllocHandle=0x800043c0 hDstAllocHandle=0x0"
"15:34:14.5271092","171","12852","13196","hAdapter=0xffff910e86eb4820 Token=0xffff810669b4d160 Model=7 TokenSize=0 TokenData=4456 Flags=0x0 CustomDuration=0 VmBusChannel=0x0"
"15:34:14.5271280","184","12852","13196","hContext=1073742528 hWindow=0x0 VidPnSourceId=0 FlipInterval=0 Flags=32768 ReturnStatus=0 hSrcAllocHandle=0x40000540 hDstAllocHandle=0x0"
"15:34:14.5274934","172","4","876","hAdapter=0xffff910e8cd5c000 Token=0xffff810669b4d160 Model=0 TokenSize=0 TokenData=0 Flags=0x0 CustomDuration=0 VmBusChannel=0x0"
"15:34:14.5413628","184","12852","3792","hContext=1073759680 hWindow=0x0 VidPnSourceId=0 FlipInterval=1 Flags=4198404 ReturnStatus=0 hSrcAllocHandle=0x40005c80 hDstAllocHandle=0x0"
"15:34:14.6401372","184","12852","3792","hContext=1073759680 hWindow=0x0 VidPnSourceId=0 FlipInterval=1 Flags=4198404 ReturnStatus=0 hSrcAllocHandle=0x40005e00 hDstAllocHandle=0x0"
"15:34:14.7396709","184","12852","3792","hContext=1073759680 hWindow=0x0 VidPnSourceId=0 FlipInterval=1 Flags=4198404 ReturnStatus=0 hSrcAllocHandle=0x800043c0 hDstAllocHandle=0x0"
"15:34:14.7564289","184","12852","3792","hContext=1073759680 hWindow=0x0 VidPnSourceId=0 FlipInterval=1 Flags=4198404 ReturnStatus=0 hSrcAllocHandle=0x40005c80 hDstAllocHandle=0x0"
"15:34:15.0412057","184","12852","3792","hContext=1073759680 hWindow=0x0 VidPnSourceId=0 FlipInterval=1 Flags=4198404 ReturnStatus=0 hSrcAllocHandle=0x40005e00 hDstAllocHandle=0x0"
"15:34:15.0655570","184","12852","3792","hContext=1073759680 hWindow=0x0 VidPnSourceId=0 FlipInterval=1 Flags=4198404 ReturnStatus=0 hSrcAllocHandle=0x800043c0 hDstAllocHandle=0x0"
"15:34:15.0663225","171","12852","13196","hAdapter=0xffff910e86eb4820 Token=0xffff810669b4d160 Model=7 TokenSize=0 TokenData=4864 Flags=0x0 CustomDuration=0 VmBusChannel=0x0"
"15:34:15.0663564","184","12852","13196","hContext=1073742528 hWindow=0x0 VidPnSourceId=0 FlipInterval=0 Flags=32768 ReturnStatus=0 hSrcAllocHandle=0x40000540 hDstAllocHandle=0x0"
"15:34:15.0664632","172","4","876","hAdapter=0xffff910e8cd5c000 Token=0xffff810669b4d160 Model=0 TokenSize=0 TokenData=0 Flags=0x0 CustomDuration=0 VmBusChannel=0x0"
"15:34:15.0755512","184","12852","3792","hContext=1073759680 hWindow=0x0 VidPnSourceId=0 FlipInterval=1 Flags=4198404 ReturnStatus=0 hSrcAllocHandle=0x40005c80 hDstAllocHandle=0x0"
"15:34:15.1908454","184","12852","3792","hContext=1073759680 hWindow=0x0 VidPnSourceId=0 FlipInterval=1 Flags=4198404 ReturnStatus=0 hSrcAllocHandle=0x40005e00 hDstAllocHandle=0x0"
"15:34:15.2826386","184","12852","3792","hContext=1073759680 hWindow=0x0 VidPnSourceId=0 FlipInterval=1 Flags=4198404 ReturnStatus=0 hSrcAllocHandle=0x800043c0 hDstAllocHandle=0x0"
"15:34:15.2909568","184","12852","3792","hContext=1073759680 hWindow=0x0 VidPnSourceId=0 FlipInterval=1 Flags=4198404 ReturnStatus=0 hSrcAllocHandle=0x40005c80 hDstAllocHandle=0x0"
"15:34:15.3945352","184","12852","3792","hContext=1073759680 hWindow=0x0 VidPnSourceId=0 FlipInterval=1 Flags=4198404 ReturnStatus=0 hSrcAllocHandle=0x40005e00 hDstAllocHandle=0x0"
"15:34:15.4074366","184","12852","3792","hContext=1073759680 hWindow=0x0 VidPnSourceId=0 FlipInterval=1 Flags=4198404 ReturnStatus=0 hSrcAllocHandle=0x800043c0 hDstAllocHandle=0x0"
"15:34:15.5026062","184","12852","3792","hContext=1073759680 hWindow=0x0 VidPnSourceId=0 FlipInterval=1 Flags=4198404 ReturnStatus=0 hSrcAllocHandle=0x40005c80 hDstAllocHandle=0x0"
"15:34:15.5075407","184","12852","3792","hContext=1073759680 hWindow=0x0 VidPnSourceId=0 FlipInterval=1 Flags=4198404 ReturnStatus=0 hSrcAllocHandle=0x40005e00 hDstAllocHandle=0x0"
"15:34:15.6131250","184","12852","3792","hContext=1073759680 hWindow=0x0 VidPnSourceId=0 FlipInterval=1 Flags=4198404 ReturnStatus=0 hSrcAllocHandle=0x800043c0 hDstAllocHandle=0x0"
"15:34:15.6142954","171","12852","13196","hAdapter=0xffff910e86eb4820 Token=0xffff810669b4d160 Model=7 TokenSize=0 TokenData=4816 Flags=0x0 CustomDuration=0 VmBusChannel=0x0"
"15:34:15.6143264","184","12852","13196","hContext=1073742528 hWindow=0x0 VidPnSourceId=0 FlipInterval=0 Flags=32768 ReturnStatus=0 hSrcAllocHandle=0x40000540 hDstAllocHandle=0x0"
"15:34:15.6143437","172","4","880","hAdapter=0xffff910e8cd5c000 Token=0xffff810669b4d160 Model=0 TokenSize=0 TokenData=0 Flags=0x0 CustomDuration=0 VmBusChannel=0x0"
"15:34:15.6255398","184","12852","3792","hContext=1073759680 hWindow=0x0 VidPnSourceId=0 FlipInterval=1 Flags=4198404 ReturnStatus=0 hSrcAllocHandle=0x40005c80 hDstAllocHandle=0x0"
"15:34:15.7245974","184","12852","3792","hContext=1073759680 hWindow=0x0 VidPnSourceId=0 FlipInterval=1 Flags=4198404 ReturnStatus=0 hSrcAllocHandle=0x40005e00 hDstAllocHandle=0x0"
"15:34:15.8320956","184","12852","3792","hContext=1073759680 hWindow=0x0 VidPnSourceId=0 FlipInterval=1 Flags=4198404 ReturnStatus=0 hSrcAllocHandle=0x800043c0 hDstAllocHandle=0x0"
"15:34:15.8415470","184","12852","3792","hContext=1073759680 hWindow=0x0 VidPnSourceId=0 FlipInterval=1 Flags=4198404 ReturnStatus=0 hSrcAllocHandle=0x40005c80 hDstAllocHandle=0x0"
"15:34:15.9392545","184","12852","3792","hContext=1073759680 hWindow=0x0 VidPnSourceId=0 FlipInterval=1 Flags=4198404 ReturnStatus=0 hSrcAllocHandle=0x40005e00 hDstAllocHandle=0x0"
"15:34:15.9576045","184","12852","3792","hContext=1073759680 hWindow=0x0 VidPnSourceId=0 FlipInterval=1 Flags=4198404 ReturnStatus=0 hSrcAllocHandle=0x800043c0 hDstAllocHandle=0x0"
"15:34:16.0512695","184","12852","3792","hContext=1073759680 hWindow=0x0 VidPnSourceId=0 FlipInterval=1 Flags=4198404 ReturnStatus=0 hSrcAllocHandle=0x40005c80 hDstAllocHandle=0x0"
"15:34:16.0579307","184","12852","3792","hContext=1073759680 hWindow=0x0 VidPnSourceId=0 FlipInterval=1 Flags=4198404 ReturnStatus=0 hSrcAllocHandle=0x40005e00 hDstAllocHandle=0x0"
"15:34:16.1604239","184","12852","3792","hContext=1073759680 hWindow=0x0 VidPnSourceId=0 FlipInterval=1 Flags=4198404 ReturnStatus=0 hSrcAllocHandle=0x800043c0 hDstAllocHandle=0x0"
"15:34:16.1613481","171","12852","13196","hAdapter=0xffff910e86eb4820 Token=0xffff810669b4d160 Model=7 TokenSize=0 TokenData=4860 Flags=0x0 CustomDuration=0 VmBusChannel=0x0"
"15:34:16.1613669","184","12852","13196","hContext=1073742528 hWindow=0x0 VidPnSourceId=0 FlipInterval=0 Flags=32768 ReturnStatus=0 hSrcAllocHandle=0x40000540 hDstAllocHandle=0x0"
"15:34:16.1616778","172","4","876","hAdapter=0xffff910e8cd5c000 Token=0xffff810669b4d160 Model=0 TokenSize=0 TokenData=0 Flags=0x0 CustomDuration=0 VmBusChannel=0x0"
"15:34:16.4634317","184","12852","3792","hContext=1073759680 hWindow=0x0 VidPnSourceId=0 FlipInterval=1 Flags=4198404 ReturnStatus=0 hSrcAllocHandle=0x40005c80 hDstAllocHandle=0x0"
"15:34:16.4766841","184","12852","3792","hContext=1073759680 hWindow=0x0 VidPnSourceId=0 FlipInterval=1 Flags=4198404 ReturnStatus=0 hSrcAllocHandle=0x40005e00 hDstAllocHandle=0x0"
"15:34:16.4912819","184","12852","3792","hContext=1073759680 hWindow=0x0 VidPnSourceId=0 FlipInterval=1 Flags=4198404 ReturnStatus=0 hSrcAllocHandle=0x800043c0 hDstAllocHandle=0x0"
"15:34:16.5969935","184","12852","3792","hContext=1073759680 hWindow=0x0 VidPnSourceId=0 FlipInterval=1 Flags=4198404 ReturnStatus=0 hSrcAllocHandle=0x40005c80 hDstAllocHandle=0x0"
"15:34:16.6079895","184","12852","3792","hContext=1073759680 hWindow=0x0 VidPnSourceId=0 FlipInterval=1 Flags=4198404 ReturnStatus=0 hSrcAllocHandle=0x40005e00 hDstAllocHandle=0x0"
"15:34:16.7074597","184","12852","3792","hContext=1073759680 hWindow=0x0 VidPnSourceId=0 FlipInterval=1 Flags=4198404 ReturnStatus=0 hSrcAllocHandle=0x800043c0 hDstAllocHandle=0x0"
"15:34:16.7084427","171","12852","13196","hAdapter=0xffff910e86eb4820 Token=0xffff810669b4d160 Model=7 TokenSize=0 TokenData=4836 Flags=0x0 CustomDuration=0 VmBusChannel=0x0"
"15:34:16.7084614","184","12852","13196","hContext=1073742528 hWindow=0x0 VidPnSourceId=0 FlipInterval=0 Flags=32768 ReturnStatus=0 hSrcAllocHandle=0x40000540 hDstAllocHandle=0x0"
"15:34:16.7084899","172","4","880","hAdapter=0xffff910e8cd5c000 Token=0xffff810669b4d160 Model=0 TokenSize=0 TokenData=0 Flags=0x0 CustomDuration=0 VmBusChannel=0x0"
"15:34:16.7261586","184","12852","3792","hContext=1073759680 hWindow=0x0 VidPnSourceId=0 FlipInterval=1 Flags=4198404 ReturnStatus=0 hSrcAllocHandle=0x40005c80 hDstAllocHandle=0x0"
"15:34:16.8111071","184","12852","3792","hContext=1073759680 hWindow=0x0 VidPnSourceId=0 FlipInterval=1 Flags=4198404 ReturnStatus=0 hSrcAllocHandle=0x40005e00 hDstAllocHandle=0x0"
"15:34:16.8249061","184","12852","3792","hContext=1073759680 hWindow=0x0 VidPnSourceId=0 FlipInterval=1 Flags=4198404 ReturnStatus=0 hSrcAllocHandle=0x800043c0 hDstAllocHandle=0x0"
"15:34:16.9231611","184","12852","3792","hContext=1073759680 hWindow=0x0 VidPnSourceId=0 FlipInterval=1 Flags=4198404 ReturnStatus=0 hSrcAllocHandle=0x40005c80 hDstAllocHandle=0x0"
"15:34:16.9245520","184","12852","3792","hContext=1073759680 hWindow=0x0 VidPnSourceId=0 FlipInterval=1 Flags=4198404 ReturnStatus=0 hSrcAllocHandle=0x40005e00 hDstAllocHandle=0x0"
"15:34:17.0311791","184","12852","3792","hContext=1073759680 hWindow=0x0 VidPnSourceId=0 FlipInterval=1 Flags=4198404 ReturnStatus=0 hSrcAllocHandle=0x800043c0 hDstAllocHandle=0x0"
"15:34:17.0418370","184","12852","3792","hContext=1073759680 hWindow=0x0 VidPnSourceId=0 FlipInterval=1 Flags=4198404 ReturnStatus=0 hSrcAllocHandle=0x40005c80 hDstAllocHandle=0x0"
"15:34:17.1430697","184","12852","3792","hContext=1073759680 hWindow=0x0 VidPnSourceId=0 FlipInterval=1 Flags=4198404 ReturnStatus=0 hSrcAllocHandle=0x40005e00 hDstAllocHandle=0x0"
"15:34:17.1585496","184","12852","3792","hContext=1073759680 hWindow=0x0 VidPnSourceId=0 FlipInterval=1 Flags=4198404 ReturnStatus=0 hSrcAllocHandle=0x800043c0 hDstAllocHandle=0x0"
"15:34:17.2521276","184","12852","3792","hContext=1073759680 hWindow=0x0 VidPnSourceId=0 FlipInterval=1 Flags=4198404 ReturnStatus=0 hSrcAllocHandle=0x40005c80 hDstAllocHandle=0x0"
"15:34:17.2533027","171","12852","13196","hAdapter=0xffff910e86eb4820 Token=0xffff810669b4d160 Model=7 TokenSize=0 TokenData=4848 Flags=0x0 CustomDuration=0 VmBusChannel=0x0"
"15:34:17.2533199","184","12852","13196","hContext=1073742528 hWindow=0x0 VidPnSourceId=0 FlipInterval=0 Flags=32768 ReturnStatus=0 hSrcAllocHandle=0x40000540 hDstAllocHandle=0x0"
"15:34:17.2533315","172","4","880","hAdapter=0xffff910e8cd5c000 Token=0xffff810669b4d160 Model=0 TokenSize=0 TokenData=0 Flags=0x0 CustomDuration=0 VmBusChannel=0x0"
"15:34:17.2608723","184","12852","3792","hContext=1073759680 hWindow=0x0 VidPnSourceId=0 FlipInterval=1 Flags=4198404 ReturnStatus=0 hSrcAllocHandle=0x40005e00 hDstAllocHandle=0x0"
"15:34:17.3752214","184","12852","3792","hContext=1073759680 hWindow=0x0 VidPnSourceId=0 FlipInterval=1 Flags=4198404 ReturnStatus=0 hSrcAllocHandle=0x800043c0 hDstAllocHandle=0x0"
"15:34:17.4698906","184","12852","3792","hContext=1073759680 hWindow=0x0 VidPnSourceId=0 FlipInterval=1 Flags=4198404 ReturnStatus=0 hSrcAllocHandle=0x40005c80 hDstAllocHandle=0x0"
"15:34:17.4752034","184","12852","3792","hContext=1073759680 hWindow=0x0 VidPnSourceId=0 FlipInterval=1 Flags=4198404 ReturnStatus=0 hSrcAllocHandle=0x40005e00 hDstAllocHandle=0x0"
"15:34:17.5835445","184","12852","3792","hContext=1073759680 hWindow=0x0 VidPnSourceId=0 FlipInterval=1 Flags=4198404 ReturnStatus=0 hSrcAllocHandle=0x800043c0 hDstAllocHandle=0x0"
"15:34:17.8019758","171","12852","13196","hAdapter=0xffff910e86eb4820 Token=0xffff810669b4d160 Model=7 TokenSize=0 TokenData=4876 Flags=0x0 CustomDuration=0 VmBusChannel=0x0"
"15:34:17.8019888","184","12852","13196","hContext=1073742528 hWindow=0x0 VidPnSourceId=0 FlipInterval=0 Flags=32768 ReturnStatus=0 hSrcAllocHandle=0x40000540 hDstAllocHandle=0x0"
"15:34:17.8021946","172","4","876","hAdapter=0xffff910e8cd5c000 Token=0xffff810669b4d160 Model=0 TokenSize=0 TokenData=0 Flags=0x0 CustomDuration=0 VmBusChannel=0x0"
"15:34:17.8790027","184","12852","3792","hContext=1073759680 hWindow=0x0 VidPnSourceId=0 FlipInterval=1 Flags=4198404 ReturnStatus=0 hSrcAllocHandle=0x40005c80 hDstAllocHandle=0x0"
"15:34:17.8926674","184","12852","3792","hContext=1073759680 hWindow=0x0 VidPnSourceId=0 FlipInterval=1 Flags=4198404 ReturnStatus=0 hSrcAllocHandle=0x40005e00 hDstAllocHandle=0x0"
"15:34:17.9120485","184","12852","3792","hContext=1073759680 hWindow=0x0 VidPnSourceId=0 FlipInterval=1 Flags=4198404 ReturnStatus=0 hSrcAllocHandle=0x800043c0 hDstAllocHandle=0x0"
"15:34:17.9257853","184","12852","3792","hContext=1073759680 hWindow=0x0 VidPnSourceId=0 FlipInterval=1 Flags=4198404 ReturnStatus=0 hSrcAllocHandle=0x40005c80 hDstAllocHandle=0x0"
"15:34:17.9443564","184","12852","3792","hContext=1073759680 hWindow=0x0 VidPnSourceId=0 FlipInterval=1 Flags=4198404 ReturnStatus=0 hSrcAllocHandle=0x40005e00 hDstAllocHandle=0x0"
"15:34:18.0157822","184","12852","3792","hContext=1073759680 hWindow=0x0 VidPnSourceId=0 FlipInterval=1 Flags=4198404 ReturnStatus=0 hSrcAllocHandle=0x800043c0 hDstAllocHandle=0x0"
"15:34:18.0258885","184","12852","3792","hContext=1073759680 hWindow=0x0 VidPnSourceId=0 FlipInterval=1 Flags=4198404 ReturnStatus=0 hSrcAllocHandle=0x40005c80 hDstAllocHandle=0x0"
"15:34:18.1299048","184","12852","3792","hContext=1073759680 hWindow=0x0 VidPnSourceId=0 FlipInterval=1 Flags=4198404 ReturnStatus=0 hSrcAllocHandle=0x40005e00 hDstAllocHandle=0x0"
"15:34:18.1427384","184","12852","3792","hContext=1073759680 hWindow=0x0 VidPnSourceId=0 FlipInterval=1 Flags=4198404 ReturnStatus=0 hSrcAllocHandle=0x800043c0 hDstAllocHandle=0x0"
"15:34:18.2362239","184","12852","3792","hContext=1073759680 hWindow=0x0 VidPnSourceId=0 FlipInterval=1 Flags=4198404 ReturnStatus=0 hSrcAllocHandle=0x40005c80 hDstAllocHandle=0x0"
"15:34:18.2427641","184","12852","3792","hContext=1073759680 hWindow=0x0 VidPnSourceId=0 FlipInterval=1 Flags=4198404 ReturnStatus=0 hSrcAllocHandle=0x40005e00 hDstAllocHandle=0x0"
"15:34:18.3435372","184","12852","3792","hContext=1073759680 hWindow=0x0 VidPnSourceId=0 FlipInterval=1 Flags=4198404 ReturnStatus=0 hSrcAllocHandle=0x800043c0 hDstAllocHandle=0x0"
"15:34:18.3438522","171","12852","13196","hAdapter=0xffff910e86eb4820 Token=0xffff810669b4d160 Model=7 TokenSize=0 TokenData=4820 Flags=0x0 CustomDuration=0 VmBusChannel=0x0"
"15:34:18.3438667","184","12852","13196","hContext=1073742528 hWindow=0x0 VidPnSourceId=0 FlipInterval=0 Flags=32768 ReturnStatus=0 hSrcAllocHandle=0x40000540 hDstAllocHandle=0x0"
"15:34:18.3438764","172","4","880","hAdapter=0xffff910e8cd5c000 Token=0xffff810669b4d160 Model=0 TokenSize=0 TokenData=0 Flags=0x0 CustomDuration=0 VmBusChannel=0x0"
"15:34:18.3613712","184","12852","3792","hContext=1073759680 hWindow=0x0 VidPnSourceId=0 FlipInterval=1 Flags=4198404 ReturnStatus=0 hSrcAllocHandle=0x40005c80 hDstAllocHandle=0x0"
"15:34:18.4602375","184","12852","3792","hContext=1073759680 hWindow=0x0 VidPnSourceId=0 FlipInterval=1 Flags=4198404 ReturnStatus=0 hSrcAllocHandle=0x40005e00 hDstAllocHandle=0x0"
"15:34:18.5643879","184","12852","3792","hContext=1073759680 hWindow=0x0 VidPnSourceId=0 FlipInterval=1 Flags=4198404 ReturnStatus=0 hSrcAllocHandle=0x800043c0 hDstAllocHandle=0x0"
"15:34:18.5760407","184","12852","3792","hContext=1073759680 hWindow=0x0 VidPnSourceId=0 FlipInterval=1 Flags=4198404 ReturnStatus=0 hSrcAllocHandle=0x40005c80 hDstAllocHandle=0x0"
"15:34:18.7089537","184","12852","3792","hContext=1073759680 hWindow=0x0 VidPnSourceId=0 FlipInterval=1 Flags=4198404 ReturnStatus=0 hSrcAllocHandle=0x40005e00 hDstAllocHandle=0x0"
"15:34:18.8047024","184","12852","3792","hContext=1073759680 hWindow=0x0 VidPnSourceId=0 FlipInterval=1 Flags=4198404 ReturnStatus=0 hSrcAllocHandle=0x800043c0 hDstAllocHandle=0x0"
"15:34:18.8949733","171","12852","13196","hAdapter=0xffff910e86eb4820 Token=0xffff810669b4d160 Model=7 TokenSize=0 TokenData=684 Flags=0x0 CustomDuration=0 VmBusChannel=0x0"
"15:34:18.8949928","184","12852","13196","hContext=1073742528 hWindow=0x0 VidPnSourceId=0 FlipInterval=0 Flags=32768 ReturnStatus=0 hSrcAllocHandle=0x40000540 hDstAllocHandle=0x0"
"15:34:18.8951433","172","4","876","hAdapter=0xffff910e8cd5c000 Token=0xffff810669b4d160 Model=0 TokenSize=0 TokenData=0 Flags=0x0 CustomDuration=0 VmBusChannel=0x0"
"15:34:19.0072864","184","12852","3792","hContext=1073759680 hWindow=0x0 VidPnSourceId=0 FlipInterval=1 Flags=4198404 ReturnStatus=0 hSrcAllocHandle=0x40005c80 hDstAllocHandle=0x0"
"15:34:19.0456040","184","12852","3792","hContext=1073759680 hWindow=0x0 VidPnSourceId=0 FlipInterval=1 Flags=4198404 ReturnStatus=0 hSrcAllocHandle=0x40005e00 hDstAllocHandle=0x0"
"15:34:19.3650376","184","12852","3792","hContext=1073759680 hWindow=0x0 VidPnSourceId=0 FlipInterval=1 Flags=4198404 ReturnStatus=0 hSrcAllocHandle=0x800043c0 hDstAllocHandle=0x0"
"15:34:19.3769324","184","12852","3792","hContext=1073759680 hWindow=0x0 VidPnSourceId=0 FlipInterval=1 Flags=4198404 ReturnStatus=0 hSrcAllocHandle=0x40005c80 hDstAllocHandle=0x0"
"15:34:19.4535834","171","12852","13196","hAdapter=0xffff910e86eb4820 Token=0xffff810669b4d160 Model=7 TokenSize=0 TokenData=4852 Flags=0x0 CustomDuration=0 VmBusChannel=0x0"
"15:34:19.4535911","184","12852","13196","hContext=1073742528 hWindow=0x0 VidPnSourceId=0 FlipInterval=0 Flags=32768 ReturnStatus=0 hSrcAllocHandle=0x40000540 hDstAllocHandle=0x0"
"15:34:19.4538346","172","4","876","hAdapter=0xffff910e8cd5c000 Token=0xffff810669b4d160 Model=0 TokenSize=0 TokenData=0 Flags=0x0 CustomDuration=0 VmBusChannel=0x0"
"15:34:19.4620303","184","12852","3792","hContext=1073759680 hWindow=0x0 VidPnSourceId=0 FlipInterval=1 Flags=4198404 ReturnStatus=0 hSrcAllocHandle=0x40005e00 hDstAllocHandle=0x0"
"15:34:19.4772950","184","12852","3792","hContext=1073759680 hWindow=0x0 VidPnSourceId=0 FlipInterval=1 Flags=4198404 ReturnStatus=0 hSrcAllocHandle=0x800043c0 hDstAllocHandle=0x0"
"15:34:19.4992077","184","12852","3792","hContext=1073759680 hWindow=0x0 VidPnSourceId=0 FlipInterval=1 Flags=4198404 ReturnStatus=0 hSrcAllocHandle=0x40005c80 hDstAllocHandle=0x0"
"15:34:19.5603958","184","12852","3792","hContext=1073759680 hWindow=0x0 VidPnSourceId=0 FlipInterval=1 Flags=4198404 ReturnStatus=0 hSrcAllocHandle=0x40005e00 hDstAllocHandle=0x0"
"15:34:19.6594449","184","12852","3792","hContext=1073759680 hWindow=0x0 VidPnSourceId=0 FlipInterval=1 Flags=4198404 ReturnStatus=0 hSrcAllocHandle=0x800043c0 hDstAllocHandle=0x0"
"15:34:19.6768215","184","12852","3792","hContext=1073759680 hWindow=0x0 VidPnSourceId=0 FlipInterval=1 Flags=4198404 ReturnStatus=0 hSrcAllocHandle=0x40005c80 hDstAllocHandle=0x0"
"15:34:19.7674466","184","12852","3792","hContext=1073759680 hWindow=0x0 VidPnSourceId=0 FlipInterval=1 Flags=4198404 ReturnStatus=0 hSrcAllocHandle=0x40005e00 hDstAllocHandle=0x0"
"15:34:19.7769884","184","12852","3792","hContext=1073759680 hWindow=0x0 VidPnSourceId=0 FlipInterval=1 Flags=4198404 ReturnStatus=0 hSrcAllocHandle=0x800043c0 hDstAllocHandle=0x0"
"15:34:19.8733329","184","12852","3792","hContext=1073759680 hWindow=0x0 VidPnSourceId=0 FlipInterval=1 Flags=4198404 ReturnStatus=0 hSrcAllocHandle=0x40005c80 hDstAllocHandle=0x0"
"15:34:19.8770283","184","12852","3792","hContext=1073759680 hWindow=0x0 VidPnSourceId=0 FlipInterval=1 Flags=4198404 ReturnStatus=0 hSrcAllocHandle=0x40005e00 hDstAllocHandle=0x0"
"15:34:19.9347609","184","12852","3792","hContext=1073759680 hWindow=0x0 VidPnSourceId=0 FlipInterval=1 Flags=4198404 ReturnStatus=0 hSrcAllocHandle=0x800043c0 hDstAllocHandle=0x0"
"15:34:19.9860372","184","12852","3792","hContext=1073759680 hWindow=0x0 VidPnSourceId=0 FlipInterval=1 Flags=4198404 ReturnStatus=0 hSrcAllocHandle=0x40005c80 hDstAllocHandle=0x0"
"15:34:19.9861214","171","12852","13196","hAdapter=0xffff910e86eb4820 Token=0xffff810669b4d160 Model=7 TokenSize=0 TokenData=4904 Flags=0x0 CustomDuration=0 VmBusChannel=0x0"
"15:34:19.9861336","184","12852","13196","hContext=1073742528 hWindow=0x0 VidPnSourceId=0 FlipInterval=0 Flags=32768 ReturnStatus=0 hSrcAllocHandle=0x40000540 hDstAllocHandle=0x0"
"15:34:19.9863377","172","4","876","hAdapter=0xffff910e8cd5c000 Token=0xffff810669b4d160 Model=0 TokenSize=0 TokenData=0 Flags=0x0 CustomDuration=0 VmBusChannel=0x0"
"15:34:20.0093521","184","12852","3792","hContext=1073759680 hWindow=0x0 VidPnSourceId=0 FlipInterval=1 Flags=4198404 ReturnStatus=0 hSrcAllocHandle=0x40005e00 hDstAllocHandle=0x0"
"15:34:20.0940344","184","12852","3792","hContext=1073759680 hWindow=0x0 VidPnSourceId=0 FlipInterval=1 Flags=4198404 ReturnStatus=0 hSrcAllocHandle=0x800043c0 hDstAllocHandle=0x0"
"15:34:20.1106148","184","12852","3792","hContext=1073759680 hWindow=0x0 VidPnSourceId=0 FlipInterval=1 Flags=4198404 ReturnStatus=0 hSrcAllocHandle=0x40005c80 hDstAllocHandle=0x0"
"15:34:20.2057973","184","12852","3792","hContext=1073759680 hWindow=0x0 VidPnSourceId=0 FlipInterval=1 Flags=4198404 ReturnStatus=0 hSrcAllocHandle=0x40005e00 hDstAllocHandle=0x0"
"15:34:20.2107734","184","12852","3792","hContext=1073759680 hWindow=0x0 VidPnSourceId=0 FlipInterval=1 Flags=4198404 ReturnStatus=0 hSrcAllocHandle=0x800043c0 hDstAllocHandle=0x0"
"15:34:20.5122503","184","12852","3792","hContext=1073759680 hWindow=0x0 VidPnSourceId=0 FlipInterval=1 Flags=4198404 ReturnStatus=0 hSrcAllocHandle=0x40005c80 hDstAllocHandle=0x0"
"15:34:20.5309653","184","12852","3792","hContext=1073759680 hWindow=0x0 VidPnSourceId=0 FlipInterval=1 Flags=4198404 ReturnStatus=0 hSrcAllocHandle=0x40005e00 hDstAllocHandle=0x0"
"15:34:20.5318399","171","12852","13196","hAdapter=0xffff910e86eb4820 Token=0xffff810669b4d160 Model=7 TokenSize=0 TokenData=4880 Flags=0x0 CustomDuration=0 VmBusChannel=0x0"
"15:34:20.5318567","184","12852","13196","hContext=1073742528 hWindow=0x0 VidPnSourceId=0 FlipInterval=0 Flags=32768 ReturnStatus=0 hSrcAllocHandle=0x40000540 hDstAllocHandle=0x0"
"15:34:20.5318700","172","4","880","hAdapter=0xffff910e8cd5c000 Token=0xffff810669b4d160 Model=0 TokenSize=0 TokenData=0 Flags=0x0 CustomDuration=0 VmBusChannel=0x0"
"15:34:20.5464174","184","12852","3792","hContext=1073759680 hWindow=0x0 VidPnSourceId=0 FlipInterval=1 Flags=4198404 ReturnStatus=0 hSrcAllocHandle=0x800043c0 hDstAllocHandle=0x0"
"15:34:20.6448162","184","12852","3792","hContext=1073759680 hWindow=0x0 VidPnSourceId=0 FlipInterval=1 Flags=4198404 ReturnStatus=0 hSrcAllocHandle=0x40005c80 hDstAllocHandle=0x0"
"15:34:20.7523974","184","12852","3792","hContext=1073759680 hWindow=0x0 VidPnSourceId=0 FlipInterval=1 Flags=4198404 ReturnStatus=0 hSrcAllocHandle=0x40005e00 hDstAllocHandle=0x0"
"15:34:20.7610614","184","12852","3792","hContext=1073759680 hWindow=0x0 VidPnSourceId=0 FlipInterval=1 Flags=4198404 ReturnStatus=0 hSrcAllocHandle=0x800043c0 hDstAllocHandle=0x0"
"15:34:20.8587253","184","12852","3792","hContext=1073759680 hWindow=0x0 VidPnSourceId=0 FlipInterval=1 Flags=4198404 ReturnStatus=0 hSrcAllocHandle=0x40005c80 hDstAllocHandle=0x0"
"15:34:20.8611333","184","12852","3792","hContext=1073759680 hWindow=0x0 VidPnSourceId=0 FlipInterval=1 Flags=4198404 ReturnStatus=0 hSrcAllocHandle=0x40005e00 hDstAllocHandle=0x0"
"15:34:20.9702778","184","12852","3792","hContext=1073759680 hWindow=0x0 VidPnSourceId=0 FlipInterval=1 Flags=4198404 ReturnStatus=0 hSrcAllocHandle=0x800043c0 hDstAllocHandle=0x0"
"15:34:20.9779749","184","12852","3792","hContext=1073759680 hWindow=0x0 VidPnSourceId=0 FlipInterval=1 Flags=4198404 ReturnStatus=0 hSrcAllocHandle=0x40005c80 hDstAllocHandle=0x0"
"15:34:21.0846897","171","12852","13196","hAdapter=0xffff910e86eb4820 Token=0xffff810669b4d160 Model=7 TokenSize=0 TokenData=4680 Flags=0x0 CustomDuration=0 VmBusChannel=0x0"
"15:34:21.0847044","184","12852","13196","hContext=1073742528 hWindow=0x0 VidPnSourceId=0 FlipInterval=0 Flags=32768 ReturnStatus=0 hSrcAllocHandle=0x40000540 hDstAllocHandle=0x0"
"15:34:21.0847221","172","4","880","hAdapter=0xffff910e8cd5c000 Token=0xffff810669b4d160 Model=0 TokenSize=0 TokenData=0 Flags=0x0 CustomDuration=0 VmBusChannel=0x0"
"15:34:21.0861267","184","12852","3792","hContext=1073759680 hWindow=0x0 VidPnSourceId=0 FlipInterval=1 Flags=4198404 ReturnStatus=0 hSrcAllocHandle=0x40005e00 hDstAllocHandle=0x0"
"15:34:21.1007838","184","12852","3792","hContext=1073759680 hWindow=0x0 VidPnSourceId=0 FlipInterval=1 Flags=4198404 ReturnStatus=0 hSrcAllocHandle=0x800043c0 hDstAllocHandle=0x0"
"15:34:21.1864968","184","12852","3792","hContext=1073759680 hWindow=0x0 VidPnSourceId=0 FlipInterval=1 Flags=4198404 ReturnStatus=0 hSrcAllocHandle=0x40005c80 hDstAllocHandle=0x0"
"15:34:21.1950013","184","12852","3792","hContext=1073759680 hWindow=0x0 VidPnSourceId=0 FlipInterval=1 Flags=4198404 ReturnStatus=0 hSrcAllocHandle=0x40005e00 hDstAllocHandle=0x0"
"15:34:21.2985759","184","12852","3792","hContext=1073759680 hWindow=0x0 VidPnSourceId=0 FlipInterval=1 Flags=4198404 ReturnStatus=0 hSrcAllocHandle=0x800043c0 hDstAllocHandle=0x0"
"15:34:21.3115445","184","12852","3792","hContext=1073759680 hWindow=0x0 VidPnSourceId=0 FlipInterval=1 Flags=4198404 ReturnStatus=0 hSrcAllocHandle=0x40005c80 hDstAllocHandle=0x0"
"15:34:21.4075676","184","12852","3792","hContext=1073759680 hWindow=0x0 VidPnSourceId=0 FlipInterval=1 Flags=4198404 ReturnStatus=0 hSrcAllocHandle=0x40005e00 hDstAllocHandle=0x0"
"15:34:21.4116997","184","12852","3792","hContext=1073759680 hWindow=0x0 VidPnSourceId=0 FlipInterval=1 Flags=4198404 ReturnStatus=0 hSrcAllocHandle=0x800043c0 hDstAllocHandle=0x0"
"15:34:21.4358689","184","12852","3792","hContext=1073759680 hWindow=0x0 VidPnSourceId=0 FlipInterval=1 Flags=4198404 ReturnStatus=0 hSrcAllocHandle=0x40005c80 hDstAllocHandle=0x0"
"15:34:21.5166866","184","12852","3792","hContext=1073759680 hWindow=0x0 VidPnSourceId=0 FlipInterval=1 Flags=4198404 ReturnStatus=0 hSrcAllocHandle=0x40005e00 hDstAllocHandle=0x0"
"15:34:21.5288118","184","12852","3792","hContext=1073759680 hWindow=0x0 VidPnSourceId=0 FlipInterval=1 Flags=4198404 ReturnStatus=0 hSrcAllocHandle=0x800043c0 hDstAllocHandle=0x0"
"15:34:21.6236007","171","12852","13196","hAdapter=0xffff910e86eb4820 Token=0xffff810669b4d160 Model=7 TokenSize=0 TokenData=4904 Flags=0x0 CustomDuration=0 VmBusChannel=0x0"
"15:34:21.6236123","184","12852","13196","hContext=1073742528 hWindow=0x0 VidPnSourceId=0 FlipInterval=0 Flags=32768 ReturnStatus=0 hSrcAllocHandle=0x40000540 hDstAllocHandle=0x0"
"15:34:21.6237876","172","4","876","hAdapter=0xffff910e8cd5c000 Token=0xffff810669b4d160 Model=0 TokenSize=0 TokenData=0 Flags=0x0 CustomDuration=0 VmBusChannel=0x0"
"15:34:21.8201160","184","12852","3792","hContext=1073759680 hWindow=0x0 VidPnSourceId=0 FlipInterval=1 Flags=4198404 ReturnStatus=0 hSrcAllocHandle=0x40005c80 hDstAllocHandle=0x0"
"15:34:21.8292081","184","12852","3792","hContext=1073759680 hWindow=0x0 VidPnSourceId=0 FlipInterval=1 Flags=4198404 ReturnStatus=0 hSrcAllocHandle=0x40005e00 hDstAllocHandle=0x0"
"15:34:21.8454547","184","12852","3792","hContext=1073759680 hWindow=0x0 VidPnSourceId=0 FlipInterval=1 Flags=4198404 ReturnStatus=0 hSrcAllocHandle=0x800043c0 hDstAllocHandle=0x0"
"15:34:21.9511903","184","12852","3792","hContext=1073759680 hWindow=0x0 VidPnSourceId=0 FlipInterval=1 Flags=4198404 ReturnStatus=0 hSrcAllocHandle=0x40005c80 hDstAllocHandle=0x0"
"15:34:21.9623286","184","12852","3792","hContext=1073759680 hWindow=0x0 VidPnSourceId=0 FlipInterval=1 Flags=4198404 ReturnStatus=0 hSrcAllocHandle=0x40005e00 hDstAllocHandle=0x0"
"15:34:22.0625130","184","12852","3792","hContext=1073759680 hWindow=0x0 VidPnSourceId=0 FlipInterval=1 Flags=4198404 ReturnStatus=0 hSrcAllocHandle=0x800043c0 hDstAllocHandle=0x0"
"15:34:22.0806921","184","12852","3792","hContext=1073759680 hWindow=0x0 VidPnSourceId=0 FlipInterval=1 Flags=4198404 ReturnStatus=0 hSrcAllocHandle=0x40005c80 hDstAllocHandle=0x0"
"15:34:22.1791385","184","12852","3792","hContext=1073759680 hWindow=0x0 VidPnSourceId=0 FlipInterval=1 Flags=4198404 ReturnStatus=0 hSrcAllocHandle=0x40005e00 hDstAllocHandle=0x0"
"15:34:22.1799164","171","12852","13196","hAdapter=0xffff910e86eb4820 Token=0xffff810669b4d160 Model=7 TokenSize=0 TokenData=4848 Flags=0x0 CustomDuration=0 VmBusChannel=0x0"
"15:34:22.1799552","184","12852","13196","hContext=1073742528 hWindow=0x0 VidPnSourceId=0 FlipInterval=0 Flags=32768 ReturnStatus=0 hSrcAllocHandle=0x40000540 hDstAllocHandle=0x0"
"15:34:22.1802181","172","4","876","hAdapter=0xffff910e8cd5c000 Token=0xffff810669b4d160 Model=0 TokenSize=0 TokenData=0 Flags=0x0 CustomDuration=0 VmBusChannel=0x0"
"15:34:22.1975867","184","12852","3792","hContext=1073759680 hWindow=0x0 VidPnSourceId=0 FlipInterval=1 Flags=4198404 ReturnStatus=0 hSrcAllocHandle=0x800043c0 hDstAllocHandle=0x0"
"15:34:22.2970165","184","12852","3792","hContext=1073759680 hWindow=0x0 VidPnSourceId=0 FlipInterval=1 Flags=4198404 ReturnStatus=0 hSrcAllocHandle=0x40005c80 hDstAllocHandle=0x0"
"15:34:22.3962813","184","12852","3792","hContext=1073759680 hWindow=0x0 VidPnSourceId=0 FlipInterval=1 Flags=4198404 ReturnStatus=0 hSrcAllocHandle=0x40005e00 hDstAllocHandle=0x0"
"15:34:22.4130845","184","12852","3792","hContext=1073759680 hWindow=0x0 VidPnSourceId=0 FlipInterval=1 Flags=4198404 ReturnStatus=0 hSrcAllocHandle=0x800043c0 hDstAllocHandle=0x0"
"15:34:22.4471609","184","12852","3792","hContext=1073759680 hWindow=0x0 VidPnSourceId=0 FlipInterval=1 Flags=4198404 ReturnStatus=0 hSrcAllocHandle=0x40005c80 hDstAllocHandle=0x0"
"15:34:22.5008005","184","12852","3792","hContext=1073759680 hWindow=0x0 VidPnSourceId=0 FlipInterval=1 Flags=4198404 ReturnStatus=0 hSrcAllocHandle=0x40005e00 hDstAllocHandle=0x0"
"15:34:22.5134590","184","12852","3792","hContext=1073759680 hWindow=0x0 VidPnSourceId=0 FlipInterval=1 Flags=4198404 ReturnStatus=0 hSrcAllocHandle=0x800043c0 hDstAllocHandle=0x0"
"15:34:22.6077923","184","12852","3792","hContext=1073759680 hWindow=0x0 VidPnSourceId=0 FlipInterval=1 Flags=4198404 ReturnStatus=0 hSrcAllocHandle=0x40005c80 hDstAllocHandle=0x0"
"15:34:22.6124707","184","12852","3792","hContext=1073759680 hWindow=0x0 VidPnSourceId=0 FlipInterval=1 Flags=4198404 ReturnStatus=0 hSrcAllocHandle=0x40005e00 hDstAllocHandle=0x0"
"15:34:22.7243647","184","12852","3792","hContext=1073759680 hWindow=0x0 VidPnSourceId=0 FlipInterval=1 Flags=4198404 ReturnStatus=0 hSrcAllocHandle=0x800043c0 hDstAllocHandle=0x0"
"15:34:22.7266836","171","12852","13196","hAdapter=0xffff910e86eb4820 Token=0xffff810669b4d160 Model=7 TokenSize=0 TokenData=4848 Flags=0x0 CustomDuration=0 VmBusChannel=0x0"
"15:34:22.7267194","184","12852","13196","hContext=1073742528 hWindow=0x0 VidPnSourceId=0 FlipInterval=0 Flags=32768 ReturnStatus=0 hSrcAllocHandle=0x40000540 hDstAllocHandle=0x0"
"15:34:22.7267894","172","4","880","hAdapter=0xffff910e8cd5c000 Token=0xffff810669b4d160 Model=0 TokenSize=0 TokenData=0 Flags=0x0 CustomDuration=0 VmBusChannel=0x0"
"15:34:22.7320317","184","12852","3792","hContext=1073759680 hWindow=0x0 VidPnSourceId=0 FlipInterval=1 Flags=4198404 ReturnStatus=0 hSrcAllocHandle=0x40005c80 hDstAllocHandle=0x0"
"15:34:22.7467785","184","12852","3792","hContext=1073759680 hWindow=0x0 VidPnSourceId=0 FlipInterval=1 Flags=4198404 ReturnStatus=0 hSrcAllocHandle=0x40005e00 hDstAllocHandle=0x0"
"15:34:23.0347157","184","12852","3792","hContext=1073759680 hWindow=0x0 VidPnSourceId=0 FlipInterval=1 Flags=4198404 ReturnStatus=0 hSrcAllocHandle=0x800043c0 hDstAllocHandle=0x0"
"15:34:23.0481971","184","12852","3792","hContext=1073759680 hWindow=0x0 VidPnSourceId=0 FlipInterval=1 Flags=4198404 ReturnStatus=0 hSrcAllocHandle=0x40005c80 hDstAllocHandle=0x0"
"15:34:23.0635165","184","12852","3792","hContext=1073759680 hWindow=0x0 VidPnSourceId=0 FlipInterval=1 Flags=4198404 ReturnStatus=0 hSrcAllocHandle=0x40005e00 hDstAllocHandle=0x0"
"15:34:23.1591639","184","12852","3792","hContext=1073759680 hWindow=0x0 VidPnSourceId=0 FlipInterval=1 Flags=4198404 ReturnStatus=0 hSrcAllocHandle=0x800043c0 hDstAllocHandle=0x0"
"15:34:23.1651070","184","12852","3792","hContext=1073759680 hWindow=0x0 VidPnSourceId=0 FlipInterval=1 Flags=4198404 ReturnStatus=0 hSrcAllocHandle=0x40005c80 hDstAllocHandle=0x0"
"15:34:23.2716127","184","12852","3792","hContext=1073759680 hWindow=0x0 VidPnSourceId=0 FlipInterval=1 Flags=4198404 ReturnStatus=0 hSrcAllocHandle=0x40005e00 hDstAllocHandle=0x0"
"15:34:23.2736966","171","12852","13196","hAdapter=0xffff910e86eb4820 Token=0xffff810669b4d160 Model=7 TokenSize=0 TokenData=4872 Flags=0x0 CustomDuration=0 VmBusChannel=0x0"
"15:34:23.2737271","184","12852","13196","hContext=1073742528 hWindow=0x0 VidPnSourceId=0 FlipInterval=0 Flags=32768 ReturnStatus=0 hSrcAllocHandle=0x40000540 hDstAllocHandle=0x0"
"15:34:23.2737853","172","4","880","hAdapter=0xffff910e8cd5c000 Token=0xffff810669b4d160 Model=0 TokenSize=0 TokenData=0 Flags=0x0 CustomDuration=0 VmBusChannel=0x0"
"15:34:23.2825500","184","12852","3792","hContext=1073759680 hWindow=0x0 VidPnSourceId=0 FlipInterval=1 Flags=4198404 ReturnStatus=0 hSrcAllocHandle=0x800043c0 hDstAllocHandle=0x0"
"15:34:23.3810927","184","12852","3792","hContext=1073759680 hWindow=0x0 VidPnSourceId=0 FlipInterval=1 Flags=4198404 ReturnStatus=0 hSrcAllocHandle=0x40005c80 hDstAllocHandle=0x0"
"15:34:23.4483429","184","12852","3792","hContext=1073759680 hWindow=0x0 VidPnSourceId=0 FlipInterval=1 Flags=4198404 ReturnStatus=0 hSrcAllocHandle=0x40005e00 hDstAllocHandle=0x0"
"15:34:23.4876501","184","12852","3792","hContext=1073759680 hWindow=0x0 VidPnSourceId=0 FlipInterval=1 Flags=4198404 ReturnStatus=0 hSrcAllocHandle=0x800043c0 hDstAllocHandle=0x0"
"15:34:23.4975284","184","12852","3792","hContext=1073759680 hWindow=0x0 VidPnSourceId=0 FlipInterval=1 Flags=4198404 ReturnStatus=0 hSrcAllocHandle=0x40005c80 hDstAllocHandle=0x0"
"15:34:23.5935731","184","12852","3792","hContext=1073759680 hWindow=0x0 VidPnSourceId=0 FlipInterval=1 Flags=4198404 ReturnStatus=0 hSrcAllocHandle=0x40005e00 hDstAllocHandle=0x0"
"15:34:23.5975322","184","12852","3792","hContext=1073759680 hWindow=0x0 VidPnSourceId=0 FlipInterval=1 Flags=4198404 ReturnStatus=0 hSrcAllocHandle=0x800043c0 hDstAllocHandle=0x0"
"15:34:23.7067313","184","12852","3792","hContext=1073759680 hWindow=0x0 VidPnSourceId=0 FlipInterval=1 Flags=4198404 ReturnStatus=0 hSrcAllocHandle=0x40005c80 hDstAllocHandle=0x0"
"15:34:23.7166790","184","12852","3792","hContext=1073759680 hWindow=0x0 VidPnSourceId=0 FlipInterval=1 Flags=4198404 ReturnStatus=0 hSrcAllocHandle=0x40005e00 hDstAllocHandle=0x0"
"15:34:23.8141124","184","12852","3792","hContext=1073759680 hWindow=0x0 VidPnSourceId=0 FlipInterval=1 Flags=4198404 ReturnStatus=0 hSrcAllocHandle=0x800043c0 hDstAllocHandle=0x0"
"15:34:23.8145774","171","12852","13196","hAdapter=0xffff910e86eb4820 Token=0xffff810669b4d160 Model=7 TokenSize=0 TokenData=4912 Flags=0x0 CustomDuration=0 VmBusChannel=0x0"
"15:34:23.8146219","184","12852","13196","hContext=1073742528 hWindow=0x0 VidPnSourceId=0 FlipInterval=0 Flags=32768 ReturnStatus=0 hSrcAllocHandle=0x40000540 hDstAllocHandle=0x0"
"15:34:23.8146775","172","4","876","hAdapter=0xffff910e8cd5c000 Token=0xffff810669b4d160 Model=0 TokenSize=0 TokenData=0 Flags=0x0 CustomDuration=0 VmBusChannel=0x0"
"15:34:23.8345004","184","12852","3792","hContext=1073759680 hWindow=0x0 VidPnSourceId=0 FlipInterval=1 Flags=4198404 ReturnStatus=0 hSrcAllocHandle=0x40005c80 hDstAllocHandle=0x0"
"15:34:23.9311904","184","12852","3792","hContext=1073759680 hWindow=0x0 VidPnSourceId=0 FlipInterval=1 Flags=4198404 ReturnStatus=0 hSrcAllocHandle=0x40005e00 hDstAllocHandle=0x0"
"15:34:23.9475388","184","12852","3792","hContext=1073759680 hWindow=0x0 VidPnSourceId=0 FlipInterval=1 Flags=4198404 ReturnStatus=0 hSrcAllocHandle=0x800043c0 hDstAllocHandle=0x0"
"15:34:24.0321029","184","12852","3792","hContext=1073759680 hWindow=0x0 VidPnSourceId=0 FlipInterval=1 Flags=4198404 ReturnStatus=0 hSrcAllocHandle=0x40005c80 hDstAllocHandle=0x0"
"15:34:24.3186657","184","12852","3792","hContext=1073759680 hWindow=0x0 VidPnSourceId=0 FlipInterval=1 Flags=4198404 ReturnStatus=0 hSrcAllocHandle=0x40005e00 hDstAllocHandle=0x0"
"15:34:24.3626266","184","12852","3792","hContext=1073759680 hWindow=0x0 VidPnSourceId=0 FlipInterval=1 Flags=4198404 ReturnStatus=0 hSrcAllocHandle=0x800043c0 hDstAllocHandle=0x0"
"15:34:24.3646654","171","12852","13196","hAdapter=0xffff910e86eb4820 Token=0xffff810669b4d160 Model=7 TokenSize=0 TokenData=4880 Flags=0x0 CustomDuration=0 VmBusChannel=0x0"
"15:34:24.3646962","184","12852","13196","hContext=1073742528 hWindow=0x0 VidPnSourceId=0 FlipInterval=0 Flags=32768 ReturnStatus=0 hSrcAllocHandle=0x40000540 hDstAllocHandle=0x0"
"15:34:24.3647558","172","4","880","hAdapter=0xffff910e8cd5c000 Token=0xffff810669b4d160 Model=0 TokenSize=0 TokenData=0 Flags=0x0 CustomDuration=0 VmBusChannel=0x0"
"15:34:24.3659764","184","12852","3792","hContext=1073759680 hWindow=0x0 VidPnSourceId=0 FlipInterval=1 Flags=4198404 ReturnStatus=0 hSrcAllocHandle=0x40005c80 hDstAllocHandle=0x0"
"15:34:24.3861439","184","12852","3792","hContext=1073759680 hWindow=0x0 VidPnSourceId=0 FlipInterval=1 Flags=4198404 ReturnStatus=0 hSrcAllocHandle=0x40005e00 hDstAllocHandle=0x0"
"15:34:24.4676198","184","12852","3792","hContext=1073759680 hWindow=0x0 VidPnSourceId=0 FlipInterval=1 Flags=4198404 ReturnStatus=0 hSrcAllocHandle=0x800043c0 hDstAllocHandle=0x0"
"15:34:24.4812907","184","12852","3792","hContext=1073759680 hWindow=0x0 VidPnSourceId=0 FlipInterval=1 Flags=4198404 ReturnStatus=0 hSrcAllocHandle=0x40005c80 hDstAllocHandle=0x0"
"15:34:24.5803730","184","12852","3792","hContext=1073759680 hWindow=0x0 VidPnSourceId=0 FlipInterval=1 Flags=4198404 ReturnStatus=0 hSrcAllocHandle=0x40005e00 hDstAllocHandle=0x0"
"15:34:24.5981089","184","12852","3792","hContext=1073759680 hWindow=0x0 VidPnSourceId=0 FlipInterval=1 Flags=4198404 ReturnStatus=0 hSrcAllocHandle=0x800043c0 hDstAllocHandle=0x0"
"15:34:24.6865915","184","12852","3792","hContext=1073759680 hWindow=0x0 VidPnSourceId=0 FlipInterval=1 Flags=4198404 ReturnStatus=0 hSrcAllocHandle=0x40005c80 hDstAllocHandle=0x0"
"15:34:24.6988337","184","12852","3792","hContext=1073759680 hWindow=0x0 VidPnSourceId=0 FlipInterval=1 Flags=4198404 ReturnStatus=0 hSrcAllocHandle=0x40005e00 hDstAllocHandle=0x0"
"15:34:24.7986200","184","12852","3792","hContext=1073759680 hWindow=0x0 VidPnSourceId=0 FlipInterval=1 Flags=4198404 ReturnStatus=0 hSrcAllocHandle=0x800043c0 hDstAllocHandle=0x0"
"15:34:24.8144182","184","12852","3792","hContext=1073759680 hWindow=0x0 VidPnSourceId=0 FlipInterval=1 Flags=4198404 ReturnStatus=0 hSrcAllocHandle=0x40005c80 hDstAllocHandle=0x0"
"15:34:24.9084559","184","12852","3792","hContext=1073759680 hWindow=0x0 VidPnSourceId=0 FlipInterval=1 Flags=4198404 ReturnStatus=0 hSrcAllocHandle=0x40005e00 hDstAllocHandle=0x0"
"15:34:24.9086848","171","12852","13196","hAdapter=0xffff910e86eb4820 Token=0xffff810669b4d160 Model=7 TokenSize=0 TokenData=4880 Flags=0x0 CustomDuration=0 VmBusChannel=0x0"
"15:34:24.9087032","184","12852","13196","hContext=1073742528 hWindow=0x0 VidPnSourceId=0 FlipInterval=0 Flags=32768 ReturnStatus=0 hSrcAllocHandle=0x40000540 hDstAllocHandle=0x0"
"15:34:24.9088254","172","4","876","hAdapter=0xffff910e8cd5c000 Token=0xffff810669b4d160 Model=0 TokenSize=0 TokenData=0 Flags=0x0 CustomDuration=0 VmBusChannel=0x0"
"15:34:24.9167435","184","12852","3792","hContext=1073759680 hWindow=0x0 VidPnSourceId=0 FlipInterval=1 Flags=4198404 ReturnStatus=0 hSrcAllocHandle=0x800043c0 hDstAllocHandle=0x0"
"15:34:24.9485272","184","12852","3792","hContext=1073759680 hWindow=0x0 VidPnSourceId=0 FlipInterval=1 Flags=4198404 ReturnStatus=0 hSrcAllocHandle=0x40005c80 hDstAllocHandle=0x0"
"15:34:25.0191623","184","12852","3792","hContext=1073759680 hWindow=0x0 VidPnSourceId=0 FlipInterval=1 Flags=4198404 ReturnStatus=0 hSrcAllocHandle=0x40005e00 hDstAllocHandle=0x0"
"15:34:25.0321673","184","12852","3792","hContext=1073759680 hWindow=0x0 VidPnSourceId=0 FlipInterval=1 Flags=4198404 ReturnStatus=0 hSrcAllocHandle=0x800043c0 hDstAllocHandle=0x0"
"15:34:25.1248841","184","12852","3792","hContext=1073759680 hWindow=0x0 VidPnSourceId=0 FlipInterval=1 Flags=4198404 ReturnStatus=0 hSrcAllocHandle=0x40005c80 hDstAllocHandle=0x0"
"15:34:25.1323403","184","12852","3792","hContext=1073759680 hWindow=0x0 VidPnSourceId=0 FlipInterval=1 Flags=4198404 ReturnStatus=0 hSrcAllocHandle=0x40005e00 hDstAllocHandle=0x0"
"15:34:25.2409644","184","12852","3792","hContext=1073759680 hWindow=0x0 VidPnSourceId=0 FlipInterval=1 Flags=4198404 ReturnStatus=0 hSrcAllocHandle=0x800043c0 hDstAllocHandle=0x0"
"15:34:25.4587528","171","12852","13196","hAdapter=0xffff910e86eb4820 Token=0xffff810669b4d160 Model=7 TokenSize=0 TokenData=4820 Flags=0x0 CustomDuration=0 VmBusChannel=0x0"
"15:34:25.4587715","184","12852","13196","hContext=1073742528 hWindow=0x0 VidPnSourceId=0 FlipInterval=0 Flags=32768 ReturnStatus=0 hSrcAllocHandle=0x40000540 hDstAllocHandle=0x0"
"15:34:25.4589737","172","4","876","hAdapter=0xffff910e8cd5c000 Token=0xffff810669b4d160 Model=0 TokenSize=0 TokenData=0 Flags=0x0 CustomDuration=0 VmBusChannel=0x0"
"15:34:25.5376564","184","12852","3792","hContext=1073759680 hWindow=0x0 VidPnSourceId=0 FlipInterval=1 Flags=4198404 ReturnStatus=0 hSrcAllocHandle=0x40005c80 hDstAllocHandle=0x0"
"15:34:25.5498143","184","12852","3792","hContext=1073759680 hWindow=0x0 VidPnSourceId=0 FlipInterval=1 Flags=4198404 ReturnStatus=0 hSrcAllocHandle=0x40005e00 hDstAllocHandle=0x0"
"15:34:25.5671583","184","12852","3792","hContext=1073759680 hWindow=0x0 VidPnSourceId=0 FlipInterval=1 Flags=4198404 ReturnStatus=0 hSrcAllocHandle=0x800043c0 hDstAllocHandle=0x0"
"15:34:25.5828337","184","12852","3792","hContext=1073759680 hWindow=0x0 VidPnSourceId=0 FlipInterval=1 Flags=4198404 ReturnStatus=0 hSrcAllocHandle=0x40005c80 hDstAllocHandle=0x0"
"15:34:25.6734005","184","12852","3792","hContext=1073759680 hWindow=0x0 VidPnSourceId=0 FlipInterval=1 Flags=4198404 ReturnStatus=0 hSrcAllocHandle=0x40005e00 hDstAllocHandle=0x0"
"15:34:25.6827936","184","12852","3792","hContext=1073759680 hWindow=0x0 VidPnSourceId=0 FlipInterval=1 Flags=4198404 ReturnStatus=0 hSrcAllocHandle=0x800043c0 hDstAllocHandle=0x0"
"15:34:25.7834754","184","12852","3792","hContext=1073759680 hWindow=0x0 VidPnSourceId=0 FlipInterval=1 Flags=4198404 ReturnStatus=0 hSrcAllocHandle=0x40005c80 hDstAllocHandle=0x0"
"15:34:25.7993186","184","12852","3792","hContext=1073759680 hWindow=0x0 VidPnSourceId=0 FlipInterval=1 Flags=4198404 ReturnStatus=0 hSrcAllocHandle=0x40005e00 hDstAllocHandle=0x0"
"15:34:25.8895410","184","12852","3792","hContext=1073759680 hWindow=0x0 VidPnSourceId=0 FlipInterval=1 Flags=4198404 ReturnStatus=0 hSrcAllocHandle=0x800043c0 hDstAllocHandle=0x0"
"15:34:25.8995897","184","12852","3792","hContext=1073759680 hWindow=0x0 VidPnSourceId=0 FlipInterval=1 Flags=4198404 ReturnStatus=0 hSrcAllocHandle=0x40005c80 hDstAllocHandle=0x0"
"15:34:25.9461458","184","12852","3792","hContext=1073759680 hWindow=0x0 VidPnSourceId=0 FlipInterval=1 Flags=4198404 ReturnStatus=0 hSrcAllocHandle=0x40005e00 hDstAllocHandle=0x0"
"15:34:26.0011631","184","12852","3792","hContext=1073759680 hWindow=0x0 VidPnSourceId=0 FlipInterval=1 Flags=4198404 ReturnStatus=0 hSrcAllocHandle=0x800043c0 hDstAllocHandle=0x0"
"15:34:26.0013597","171","12852","13196","hAdapter=0xffff910e86eb4820 Token=0xffff810669b4d160 Model=7 TokenSize=0 TokenData=4884 Flags=0x0 CustomDuration=0 VmBusChannel=0x0"
"15:34:26.0013694","184","12852","13196","hContext=1073742528 hWindow=0x0 VidPnSourceId=0 FlipInterval=0 Flags=32768 ReturnStatus=0 hSrcAllocHandle=0x40000540 hDstAllocHandle=0x0"
"15:34:26.0015509","172","4","876","hAdapter=0xffff910e8cd5c000 Token=0xffff810669b4d160 Model=0 TokenSize=0 TokenData=0 Flags=0x0 CustomDuration=0 VmBusChannel=0x0"
"15:34:26.0180032","184","12852","3792","hContext=1073759680 hWindow=0x0 VidPnSourceId=0 FlipInterval=1 Flags=4198404 ReturnStatus=0 hSrcAllocHandle=0x40005c80 hDstAllocHandle=0x0"
"15:34:26.1166518","184","12852","3792","hContext=1073759680 hWindow=0x0 VidPnSourceId=0 FlipInterval=1 Flags=4198404 ReturnStatus=0 hSrcAllocHandle=0x40005e00 hDstAllocHandle=0x0"
"15:34:26.2186900","184","12852","3792","hContext=1073759680 hWindow=0x0 VidPnSourceId=0 FlipInterval=1 Flags=4198404 ReturnStatus=0 hSrcAllocHandle=0x800043c0 hDstAllocHandle=0x0"
"15:34:26.2338190","184","12852","3792","hContext=1073759680 hWindow=0x0 VidPnSourceId=0 FlipInterval=1 Flags=4198404 ReturnStatus=0 hSrcAllocHandle=0x40005c80 hDstAllocHandle=0x0"
"15:34:26.3319248","184","12852","3792","hContext=1073759680 hWindow=0x0 VidPnSourceId=0 FlipInterval=1 Flags=4198404 ReturnStatus=0 hSrcAllocHandle=0x40005e00 hDstAllocHandle=0x0"
"15:34:26.3494762","184","12852","3792","hContext=1073759680 hWindow=0x0 VidPnSourceId=0 FlipInterval=1 Flags=4198404 ReturnStatus=0 hSrcAllocHandle=0x800043c0 hDstAllocHandle=0x0"
"15:34:26.4375659","184","12852","3792","hContext=1073759680 hWindow=0x0 VidPnSourceId=0 FlipInterval=1 Flags=4198404 ReturnStatus=0 hSrcAllocHandle=0x40005c80 hDstAllocHandle=0x0"
"15:34:26.4497450","184","12852","3792","hContext=1073759680 hWindow=0x0 VidPnSourceId=0 FlipInterval=1 Flags=4198404 ReturnStatus=0 hSrcAllocHandle=0x40005e00 hDstAllocHandle=0x0"
"15:34:26.5497075","184","12852","3792","hContext=1073759680 hWindow=0x0 VidPnSourceId=0 FlipInterval=1 Flags=4198404 ReturnStatus=0 hSrcAllocHandle=0x800043c0 hDstAllocHandle=0x0"
"15:34:26.5499012","171","12852","13196","hAdapter=0xffff910e86eb4820 Token=0xffff810669b4d160 Model=7 TokenSize=0 TokenData=4680 Flags=0x0 CustomDuration=0 VmBusChannel=0x0"
"15:34:26.5499210","184","12852","13196","hContext=1073742528 hWindow=0x0 VidPnSourceId=0 FlipInterval=0 Flags=32768 ReturnStatus=0 hSrcAllocHandle=0x40000540 hDstAllocHandle=0x0"
"15:34:26.5501160","172","4","876","hAdapter=0xffff910e8cd5c000 Token=0xffff810669b4d160 Model=0 TokenSize=0 TokenData=0 Flags=0x0 CustomDuration=0 VmBusChannel=0x0"
"15:34:26.8328307","184","12852","3792","hContext=1073759680 hWindow=0x0 VidPnSourceId=0 FlipInterval=1 Flags=4198404 ReturnStatus=0 hSrcAllocHandle=0x40005c80 hDstAllocHandle=0x0"
"15:34:26.8784881","184","12852","3792","hContext=1073759680 hWindow=0x0 VidPnSourceId=0 FlipInterval=1 Flags=4198404 ReturnStatus=0 hSrcAllocHandle=0x40005e00 hDstAllocHandle=0x0"
"15:34:26.8835556","184","12852","3792","hContext=1073759680 hWindow=0x0 VidPnSourceId=0 FlipInterval=1 Flags=4198404 ReturnStatus=0 hSrcAllocHandle=0x800043c0 hDstAllocHandle=0x0"
"15:34:26.9430425","184","12852","3792","hContext=1073759680 hWindow=0x0 VidPnSourceId=0 FlipInterval=1 Flags=4198404 ReturnStatus=0 hSrcAllocHandle=0x40005c80 hDstAllocHandle=0x0"
"15:34:26.9841562","184","12852","3792","hContext=1073759680 hWindow=0x0 VidPnSourceId=0 FlipInterval=1 Flags=4198404 ReturnStatus=0 hSrcAllocHandle=0x40005e00 hDstAllocHandle=0x0"
"15:34:27.0000088","184","12852","3792","hContext=1073759680 hWindow=0x0 VidPnSourceId=0 FlipInterval=1 Flags=4198404 ReturnStatus=0 hSrcAllocHandle=0x800043c0 hDstAllocHandle=0x0"
"15:34:27.0921396","184","12852","3792","hContext=1073759680 hWindow=0x0 VidPnSourceId=0 FlipInterval=1 Flags=4198404 ReturnStatus=0 hSrcAllocHandle=0x40005c80 hDstAllocHandle=0x0"
"15:34:27.0923084","171","12852","13196","hAdapter=0xffff910e86eb4820 Token=0xffff810669b4d160 Model=7 TokenSize=0 TokenData=4888 Flags=0x0 CustomDuration=0 VmBusChannel=0x0"
"15:34:27.0923214","184","12852","13196","hContext=1073742528 hWindow=0x0 VidPnSourceId=0 FlipInterval=0 Flags=32768 ReturnStatus=0 hSrcAllocHandle=0x40000540 hDstAllocHandle=0x0"
"15:34:27.0925252","172","4","876","hAdapter=0xffff910e8cd5c000 Token=0xffff810669b4d160 Model=0 TokenSize=0 TokenData=0 Flags=0x0 CustomDuration=0 VmBusChannel=0x0"
"15:34:27.1014142","184","12852","3792","hContext=1073759680 hWindow=0x0 VidPnSourceId=0 FlipInterval=1 Flags=4198404 ReturnStatus=0 hSrcAllocHandle=0x40005e00 hDstAllocHandle=0x0"
"15:34:27.2165910","184","12852","3792","hContext=1073759680 hWindow=0x0 VidPnSourceId=0 FlipInterval=1 Flags=4198404 ReturnStatus=0 hSrcAllocHandle=0x800043c0 hDstAllocHandle=0x0"
"15:34:27.3123276","184","12852","3792","hContext=1073759680 hWindow=0x0 VidPnSourceId=0 FlipInterval=1 Flags=4198404 ReturnStatus=0 hSrcAllocHandle=0x40005c80 hDstAllocHandle=0x0"
"15:34:27.3170391","184","12852","3792","hContext=1073759680 hWindow=0x0 VidPnSourceId=0 FlipInterval=1 Flags=4198404 ReturnStatus=0 hSrcAllocHandle=0x40005e00 hDstAllocHandle=0x0"
"15:34:27.4240075","184","12852","3792","hContext=1073759680 hWindow=0x0 VidPnSourceId=0 FlipInterval=1 Flags=4198404 ReturnStatus=0 hSrcAllocHandle=0x800043c0 hDstAllocHandle=0x0"
"15:34:27.4335263","184","12852","3792","hContext=1073759680 hWindow=0x0 VidPnSourceId=0 FlipInterval=1 Flags=4198404 ReturnStatus=0 hSrcAllocHandle=0x40005c80 hDstAllocHandle=0x0"
"15:34:27.5339991","184","12852","3792","hContext=1073759680 hWindow=0x0 VidPnSourceId=0 FlipInterval=1 Flags=4198404 ReturnStatus=0 hSrcAllocHandle=0x40005e00 hDstAllocHandle=0x0"
"15:34:27.5502597","184","12852","3792","hContext=1073759680 hWindow=0x0 VidPnSourceId=0 FlipInterval=1 Flags=4198404 ReturnStatus=0 hSrcAllocHandle=0x800043c0 hDstAllocHandle=0x0"
"15:34:27.6424061","184","12852","3792","hContext=1073759680 hWindow=0x0 VidPnSourceId=0 FlipInterval=1 Flags=4198404 ReturnStatus=0 hSrcAllocHandle=0x40005c80 hDstAllocHandle=0x0"
"15:34:27.6425849","171","12852","13196","hAdapter=0xffff910e86eb4820 Token=0xffff810669b4d160 Model=7 TokenSize=0 TokenData=4920 Flags=0x0 CustomDuration=0 VmBusChannel=0x0"
"15:34:27.6425974","184","12852","13196","hContext=1073742528 hWindow=0x0 VidPnSourceId=0 FlipInterval=0 Flags=32768 ReturnStatus=0 hSrcAllocHandle=0x40000540 hDstAllocHandle=0x0"
"15:34:27.6427565","172","4","876","hAdapter=0xffff910e8cd5c000 Token=0xffff810669b4d160 Model=0 TokenSize=0 TokenData=0 Flags=0x0 CustomDuration=0 VmBusChannel=0x0"
"15:34:27.6529019","184","12852","3792","hContext=1073759680 hWindow=0x0 VidPnSourceId=0 FlipInterval=1 Flags=4198404 ReturnStatus=0 hSrcAllocHandle=0x40005e00 hDstAllocHandle=0x0"
"15:34:27.7505108","184","12852","3792","hContext=1073759680 hWindow=0x0 VidPnSourceId=0 FlipInterval=1 Flags=4198404 ReturnStatus=0 hSrcAllocHandle=0x800043c0 hDstAllocHandle=0x0"
"15:34:27.8586163","184","12852","3792","hContext=1073759680 hWindow=0x0 VidPnSourceId=0 FlipInterval=1 Flags=4198404 ReturnStatus=0 hSrcAllocHandle=0x40005c80 hDstAllocHandle=0x0"
"15:34:27.8673904","184","12852","3792","hContext=1073759680 hWindow=0x0 VidPnSourceId=0 FlipInterval=1 Flags=4198404 ReturnStatus=0 hSrcAllocHandle=0x40005e00 hDstAllocHandle=0x0"
"15:34:28.1885270","171","12852","13196","hAdapter=0xffff910e86eb4820 Token=0xffff810669b4d160 Model=7 TokenSize=0 TokenData=4924 Flags=0x0 CustomDuration=0 VmBusChannel=0x0"
"15:34:28.1885401","184","12852","13196","hContext=1073742528 hWindow=0x0 VidPnSourceId=0 FlipInterval=0 Flags=32768 ReturnStatus=0 hSrcAllocHandle=0x40000540 hDstAllocHandle=0x0"
"15:34:28.1885511","172","4","880","hAdapter=0xffff910e8cd5c000 Token=0xffff810669b4d160 Model=0 TokenSize=0 TokenData=0 Flags=0x0 CustomDuration=0 VmBusChannel=0x0"
"15:34:28.2247450","184","12852","3792","hContext=1073759680 hWindow=0x0 VidPnSourceId=0 FlipInterval=1 Flags=4198404 ReturnStatus=0 hSrcAllocHandle=0x800043c0 hDstAllocHandle=0x0"
"15:34:28.2366254","184","12852","3792","hContext=1073759680 hWindow=0x0 VidPnSourceId=0 FlipInterval=1 Flags=4198404 ReturnStatus=0 hSrcAllocHandle=0x40005c80 hDstAllocHandle=0x0"
"15:34:28.2988688","184","12852","3792","hContext=1073759680 hWindow=0x0 VidPnSourceId=0 FlipInterval=1 Flags=4198404 ReturnStatus=0 hSrcAllocHandle=0x40005e00 hDstAllocHandle=0x0"
"15:34:28.3005795","184","12852","3792","hContext=1073759680 hWindow=0x0 VidPnSourceId=0 FlipInterval=1 Flags=4198404 ReturnStatus=0 hSrcAllocHandle=0x800043c0 hDstAllocHandle=0x0"
"15:34:28.4052165","184","12852","3792","hContext=1073759680 hWindow=0x0 VidPnSourceId=0 FlipInterval=1 Flags=4198404 ReturnStatus=0 hSrcAllocHandle=0x40005c80 hDstAllocHandle=0x0"
"15:34:28.4180142","184","12852","3792","hContext=1073759680 hWindow=0x0 VidPnSourceId=0 FlipInterval=1 Flags=4198404 ReturnStatus=0 hSrcAllocHandle=0x40005e00 hDstAllocHandle=0x0"
"15:34:28.4345547","184","12852","3792","hContext=1073759680 hWindow=0x0 VidPnSourceId=0 FlipInterval=1 Flags=4198404 ReturnStatus=0 hSrcAllocHandle=0x800043c0 hDstAllocHandle=0x0"
"15:34:28.5214477","184","12852","3792","hContext=1073759680 hWindow=0x0 VidPnSourceId=0 FlipInterval=1 Flags=4198404 ReturnStatus=0 hSrcAllocHandle=0x40005c80 hDstAllocHandle=0x0"
"15:34:28.5345350","184","12852","3792","hContext=1073759680 hWindow=0x0 VidPnSourceId=0 FlipInterval=1 Flags=4198404 ReturnStatus=0 hSrcAllocHandle=0x40005e00 hDstAllocHandle=0x0"
"15:34:28.6273583","184","12852","3792","hContext=1073759680 hWindow=0x0 VidPnSourceId=0 FlipInterval=1 Flags=4198404 ReturnStatus=0 hSrcAllocHandle=0x800043c0 hDstAllocHandle=0x0"
"15:34:28.7379586","184","12852","3792","hContext=1073759680 hWindow=0x0 VidPnSourceId=0 FlipInterval=1 Flags=4198404 ReturnStatus=0 hSrcAllocHandle=0x40005c80 hDstAllocHandle=0x0"
"15:34:28.7390243","171","12852","13196","hAdapter=0xffff910e86eb4820 Token=0xffff810669b4d160 Model=7 TokenSize=0 TokenData=2776 Flags=0x0 CustomDuration=0 VmBusChannel=0x0"
"15:34:28.7390391","184","12852","13196","hContext=1073742528 hWindow=0x0 VidPnSourceId=0 FlipInterval=0 Flags=32768 ReturnStatus=0 hSrcAllocHandle=0x40000540 hDstAllocHandle=0x0"
"15:34:28.7390709","172","4","880","hAdapter=0xffff910e8cd5c000 Token=0xffff810669b4d160 Model=0 TokenSize=0 TokenData=0 Flags=0x0 CustomDuration=0 VmBusChannel=0x0"
"15:34:28.7528204","184","12852","3792","hContext=1073759680 hWindow=0x0 VidPnSourceId=0 FlipInterval=1 Flags=4198404 ReturnStatus=0 hSrcAllocHandle=0x40005e00 hDstAllocHandle=0x0"
"15:34:28.8513657","184","12852","3792","hContext=1073759680 hWindow=0x0 VidPnSourceId=0 FlipInterval=1 Flags=4198404 ReturnStatus=0 hSrcAllocHandle=0x800043c0 hDstAllocHandle=0x0"
"15:34:28.9414931","184","12852","3792","hContext=1073759680 hWindow=0x0 VidPnSourceId=0 FlipInterval=1 Flags=4198404 ReturnStatus=0 hSrcAllocHandle=0x40005c80 hDstAllocHandle=0x0"
"15:34:28.9556243","184","12852","3792","hContext=1073759680 hWindow=0x0 VidPnSourceId=0 FlipInterval=1 Flags=4198404 ReturnStatus=0 hSrcAllocHandle=0x40005e00 hDstAllocHandle=0x0"
"15:34:28.9682395","184","12852","3792","hContext=1073759680 hWindow=0x0 VidPnSourceId=0 FlipInterval=1 Flags=4198404 ReturnStatus=0 hSrcAllocHandle=0x800043c0 hDstAllocHandle=0x0"
"15:34:29.0615811","184","12852","3792","hContext=1073759680 hWindow=0x0 VidPnSourceId=0 FlipInterval=1 Flags=4198404 ReturnStatus=0 hSrcAllocHandle=0x40005c80 hDstAllocHandle=0x0"
"15:34:29.0683632","184","12852","3792","hContext=1073759680 hWindow=0x0 VidPnSourceId=0 FlipInterval=1 Flags=4198404 ReturnStatus=0 hSrcAllocHandle=0x40005e00 hDstAllocHandle=0x0"
"15:34:29.1755769","184","12852","3792","hContext=1073759680 hWindow=0x0 VidPnSourceId=0 FlipInterval=1 Flags=4198404 ReturnStatus=0 hSrcAllocHandle=0x800043c0 hDstAllocHandle=0x0"
"15:34:29.1851991","184","12852","3792","hContext=1073759680 hWindow=0x0 VidPnSourceId=0 FlipInterval=1 Flags=4198404 ReturnStatus=0 hSrcAllocHandle=0x40005c80 hDstAllocHandle=0x0"
"15:34:29.2866283","171","12852","13196","hAdapter=0xffff910e86eb4820 Token=0xffff810669b4d160 Model=7 TokenSize=0 TokenData=4940 Flags=0x0 CustomDuration=0 VmBusChannel=0x0"
"15:34:29.2866362","184","12852","13196","hContext=1073742528 hWindow=0x0 VidPnSourceId=0 FlipInterval=0 Flags=32768 ReturnStatus=0 hSrcAllocHandle=0x40000540 hDstAllocHandle=0x0"
"15:34:29.2868729","172","4","876","hAdapter=0xffff910e8cd5c000 Token=0xffff810669b4d160 Model=0 TokenSize=0 TokenData=0 Flags=0x0 CustomDuration=0 VmBusChannel=0x0"
"15:34:29.2869077","184","12852","3792","hContext=1073759680 hWindow=0x0 VidPnSourceId=0 FlipInterval=1 Flags=4198404 ReturnStatus=0 hSrcAllocHandle=0x40005e00 hDstAllocHandle=0x0"
"15:34:29.5816496","184","12852","3792","hContext=1073759680 hWindow=0x0 VidPnSourceId=0 FlipInterval=1 Flags=4198404 ReturnStatus=0 hSrcAllocHandle=0x800043c0 hDstAllocHandle=0x0"
"15:34:29.6102715","184","12852","3792","hContext=1073759680 hWindow=0x0 VidPnSourceId=0 FlipInterval=1 Flags=4198404 ReturnStatus=0 hSrcAllocHandle=0x40005c80 hDstAllocHandle=0x0"
"15:34:29.6187770","184","12852","3792","hContext=1073759680 hWindow=0x0 VidPnSourceId=0 FlipInterval=1 Flags=4198404 ReturnStatus=0 hSrcAllocHandle=0x40005e00 hDstAllocHandle=0x0"
"15:34:29.7223264","184","12852","3792","hContext=1073759680 hWindow=0x0 VidPnSourceId=0 FlipInterval=1 Flags=4198404 ReturnStatus=0 hSrcAllocHandle=0x800043c0 hDstAllocHandle=0x0"
"15:34:29.7355080","184","12852","3792","hContext=1073759680 hWindow=0x0 VidPnSourceId=0 FlipInterval=1 Flags=4198404 ReturnStatus=0 hSrcAllocHandle=0x40005c80 hDstAllocHandle=0x0"
"15:34:29.8283979","184","12852","3792","hContext=1073759680 hWindow=0x0 VidPnSourceId=0 FlipInterval=1 Flags=4198404 ReturnStatus=0 hSrcAllocHandle=0x40005e00 hDstAllocHandle=0x0"
"15:34:29.8285444","171","12852","13196","hAdapter=0xffff910e86eb4820 Token=0xffff810669b4d160 Model=7 TokenSize=0 TokenData=4908 Flags=0x0 CustomDuration=0 VmBusChannel=0x0"
"15:34:29.8285675","184","12852","13196","hContext=1073742528 hWindow=0x0 VidPnSourceId=0 FlipInterval=0 Flags=32768 ReturnStatus=0 hSrcAllocHandle=0x40000540 hDstAllocHandle=0x0"
"15:34:29.8287468","172","4","876","hAdapter=0xffff910e8cd5c000 Token=0xffff810669b4d160 Model=0 TokenSize=0 TokenData=0 Flags=0x0 CustomDuration=0 VmBusChannel=0x0"
"15:34:29.8396924","184","12852","3792","hContext=1073759680 hWindow=0x0 VidPnSourceId=0 FlipInterval=1 Flags=4198404 ReturnStatus=0 hSrcAllocHandle=0x800043c0 hDstAllocHandle=0x0"
"15:34:29.9551819","184","12852","3792","hContext=1073759680 hWindow=0x0 VidPnSourceId=0 FlipInterval=1 Flags=4198404 ReturnStatus=0 hSrcAllocHandle=0x40005c80 hDstAllocHandle=0x0"
"15:34:30.0495164","184","12852","3792","hContext=1073759680 hWindow=0x0 VidPnSourceId=0 FlipInterval=1 Flags=4198404 ReturnStatus=0 hSrcAllocHandle=0x40005e00 hDstAllocHandle=0x0"
"15:34:30.0530645","184","12852","3792","hContext=1073759680 hWindow=0x0 VidPnSourceId=0 FlipInterval=1 Flags=4198404 ReturnStatus=0 hSrcAllocHandle=0x800043c0 hDstAllocHandle=0x0"
"15:34:30.1573139","184","12852","3792","hContext=1073759680 hWindow=0x0 VidPnSourceId=0 FlipInterval=1 Flags=4198404 ReturnStatus=0 hSrcAllocHandle=0x40005c80 hDstAllocHandle=0x0"
"15:34:30.1699272","184","12852","3792","hContext=1073759680 hWindow=0x0 VidPnSourceId=0 FlipInterval=1 Flags=4198404 ReturnStatus=0 hSrcAllocHandle=0x40005e00 hDstAllocHandle=0x0"
"15:34:30.2653570","184","12852","3792","hContext=1073759680 hWindow=0x0 VidPnSourceId=0 FlipInterval=1 Flags=4198404 ReturnStatus=0 hSrcAllocHandle=0x800043c0 hDstAllocHandle=0x0"
"15:34:30.2700357","184","12852","3792","hContext=1073759680 hWindow=0x0 VidPnSourceId=0 FlipInterval=1 Flags=4198404 ReturnStatus=0 hSrcAllocHandle=0x40005c80 hDstAllocHandle=0x0"
"15:34:30.3805661","184","12852","3792","hContext=1073759680 hWindow=0x0 VidPnSourceId=0 FlipInterval=1 Flags=4198404 ReturnStatus=0 hSrcAllocHandle=0x40005e00 hDstAllocHandle=0x0"
"15:34:30.3815197","171","12852","13196","hAdapter=0xffff910e86eb4820 Token=0xffff810669b4d160 Model=7 TokenSize=0 TokenData=4948 Flags=0x0 CustomDuration=0 VmBusChannel=0x0"
"15:34:30.3815455","184","12852","13196","hContext=1073742528 hWindow=0x0 VidPnSourceId=0 FlipInterval=0 Flags=32768 ReturnStatus=0 hSrcAllocHandle=0x40000540 hDstAllocHandle=0x0"
"15:34:30.3818129","172","4","876","hAdapter=0xffff910e8cd5c000 Token=0xffff810669b4d160 Model=0 TokenSize=0 TokenData=0 Flags=0x0 CustomDuration=0 VmBusChannel=0x0"
"15:34:30.3889024","184","12852","3792","hContext=1073759680 hWindow=0x0 VidPnSourceId=0 FlipInterval=1 Flags=4198404 ReturnStatus=0 hSrcAllocHandle=0x800043c0 hDstAllocHandle=0x0"
"15:34:30.4028853","184","12852","3792","hContext=1073759680 hWindow=0x0 VidPnSourceId=0 FlipInterval=1 Flags=4198404 ReturnStatus=0 hSrcAllocHandle=0x40005c80 hDstAllocHandle=0x0"
"15:34:30.4843988","184","12852","3792","hContext=1073759680 hWindow=0x0 VidPnSourceId=0 FlipInterval=1 Flags=4198404 ReturnStatus=0 hSrcAllocHandle=0x40005e00 hDstAllocHandle=0x0"
"15:34:30.4863496","184","12852","3792","hContext=1073759680 hWindow=0x0 VidPnSourceId=0 FlipInterval=1 Flags=4198404 ReturnStatus=0 hSrcAllocHandle=0x800043c0 hDstAllocHandle=0x0"
"15:34:30.5947619","184","12852","3792","hContext=1073759680 hWindow=0x0 VidPnSourceId=0 FlipInterval=1 Flags=4198404 ReturnStatus=0 hSrcAllocHandle=0x40005c80 hDstAllocHandle=0x0"
"15:34:30.6025778","184","12852","3792","hContext=1073759680 hWindow=0x0 VidPnSourceId=0 FlipInterval=1 Flags=4198404 ReturnStatus=0 hSrcAllocHandle=0x40005e00 hDstAllocHandle=0x0"
"15:34:30.8916325","184","12852","3792","hContext=1073759680 hWindow=0x0 VidPnSourceId=0 FlipInterval=1 Flags=4198404 ReturnStatus=0 hSrcAllocHandle=0x800043c0 hDstAllocHandle=0x0"
"15:34:30.9275225","184","12852","3792","hContext=1073759680 hWindow=0x0 VidPnSourceId=0 FlipInterval=1 Flags=4198404 ReturnStatus=0 hSrcAllocHandle=0x40005c80 hDstAllocHandle=0x0"
"15:34:30.9288481","171","12852","13196","hAdapter=0xffff910e86eb4820 Token=0xffff810669b4d160 Model=7 TokenSize=0 TokenData=4960 Flags=0x0 CustomDuration=0 VmBusChannel=0x0"
"15:34:30.9288663","184","12852","13196","hContext=1073742528 hWindow=0x0 VidPnSourceId=0 FlipInterval=0 Flags=32768 ReturnStatus=0 hSrcAllocHandle=0x40000540 hDstAllocHandle=0x0"
"15:34:30.9288803","172","4","880","hAdapter=0xffff910e8cd5c000 Token=0xffff810669b4d160 Model=0 TokenSize=0 TokenData=0 Flags=0x0 CustomDuration=0 VmBusChannel=0x0"
"15:34:30.9396397","184","12852","3792","hContext=1073759680 hWindow=0x0 VidPnSourceId=0 FlipInterval=1 Flags=4198404 ReturnStatus=0 hSrcAllocHandle=0x40005e00 hDstAllocHandle=0x0"
"15:34:30.9550996","184","12852","3792","hContext=1073759680 hWindow=0x0 VidPnSourceId=0 FlipInterval=1 Flags=4198404 ReturnStatus=0 hSrcAllocHandle=0x800043c0 hDstAllocHandle=0x0"
"15:34:31.0349757","184","12852","3792","hContext=1073759680 hWindow=0x0 VidPnSourceId=0 FlipInterval=1 Flags=4198404 ReturnStatus=0 hSrcAllocHandle=0x40005c80 hDstAllocHandle=0x0"
"15:34:31.0683457","184","12852","3792","hContext=1073759680 hWindow=0x0 VidPnSourceId=0 FlipInterval=1 Flags=4198404 ReturnStatus=0 hSrcAllocHandle=0x40005e00 hDstAllocHandle=0x0"
"15:34:31.1428777","184","12852","3792","hContext=1073759680 hWindow=0x0 VidPnSourceId=0 FlipInterval=1 Flags=4198404 ReturnStatus=0 hSrcAllocHandle=0x800043c0 hDstAllocHandle=0x0"
"15:34:31.1532599","184","12852","3792","hContext=1073759680 hWindow=0x0 VidPnSourceId=0 FlipInterval=1 Flags=4198404 ReturnStatus=0 hSrcAllocHandle=0x40005c80 hDstAllocHandle=0x0"
"15:34:31.2513671","184","12852","3792","hContext=1073759680 hWindow=0x0 VidPnSourceId=0 FlipInterval=1 Flags=4198404 ReturnStatus=0 hSrcAllocHandle=0x40005e00 hDstAllocHandle=0x0"
"15:34:31.2531541","184","12852","3792","hContext=1073759680 hWindow=0x0 VidPnSourceId=0 FlipInterval=1 Flags=4198404 ReturnStatus=0 hSrcAllocHandle=0x800043c0 hDstAllocHandle=0x0"
"15:34:31.3591336","184","12852","3792","hContext=1073759680 hWindow=0x0 VidPnSourceId=0 FlipInterval=1 Flags=4198404 ReturnStatus=0 hSrcAllocHandle=0x40005c80 hDstAllocHandle=0x0"
"15:34:31.3711820","184","12852","3792","hContext=1073759680 hWindow=0x0 VidPnSourceId=0 FlipInterval=1 Flags=4198404 ReturnStatus=0 hSrcAllocHandle=0x40005e00 hDstAllocHandle=0x0"
"15:34:31.4452541","184","12852","3792","hContext=1073759680 hWindow=0x0 VidPnSourceId=0 FlipInterval=1 Flags=4198404 ReturnStatus=0 hSrcAllocHandle=0x800043c0 hDstAllocHandle=0x0"
"15:34:31.4709022","184","12852","3792","hContext=1073759680 hWindow=0x0 VidPnSourceId=0 FlipInterval=1 Flags=4198404 ReturnStatus=0 hSrcAllocHandle=0x40005c80 hDstAllocHandle=0x0"
"15:34:31.4718191","171","12852","13196","hAdapter=0xffff910e86eb4820 Token=0xffff810669b4d160 Model=7 TokenSize=0 TokenData=684 Flags=0x0 CustomDuration=0 VmBusChannel=0x0"
"15:34:31.4718367","184","12852","13196","hContext=1073742528 hWindow=0x0 VidPnSourceId=0 FlipInterval=0 Flags=32768 ReturnStatus=0 hSrcAllocHandle=0x40000540 hDstAllocHandle=0x0"
"15:34:31.4718584","172","4","880","hAdapter=0xffff910e8cd5c000 Token=0xffff810669b4d160 Model=0 TokenSize=0 TokenData=0 Flags=0x0 CustomDuration=0 VmBusChannel=0x0"
"15:34:31.4882397","184","12852","3792","hContext=1073759680 hWindow=0x0 VidPnSourceId=0 FlipInterval=1 Flags=4198404 ReturnStatus=0 hSrcAllocHandle=0x40005e00 hDstAllocHandle=0x0"
"15:34:31.5796377","184","12852","3792","hContext=1073759680 hWindow=0x0 VidPnSourceId=0 FlipInterval=1 Flags=4198404 ReturnStatus=0 hSrcAllocHandle=0x800043c0 hDstAllocHandle=0x0"
"15:34:31.5869162","184","12852","3792","hContext=1073759680 hWindow=0x0 VidPnSourceId=0 FlipInterval=1 Flags=4198404 ReturnStatus=0 hSrcAllocHandle=0x40005c80 hDstAllocHandle=0x0"
"15:34:31.6875650","184","12852","3792","hContext=1073759680 hWindow=0x0 VidPnSourceId=0 FlipInterval=1 Flags=4198404 ReturnStatus=0 hSrcAllocHandle=0x40005e00 hDstAllocHandle=0x0"
"15:34:31.7037105","184","12852","3792","hContext=1073759680 hWindow=0x0 VidPnSourceId=0 FlipInterval=1 Flags=4198404 ReturnStatus=0 hSrcAllocHandle=0x800043c0 hDstAllocHandle=0x0"
"15:34:31.7957800","184","12852","3792","hContext=1073759680 hWindow=0x0 VidPnSourceId=0 FlipInterval=1 Flags=4198404 ReturnStatus=0 hSrcAllocHandle=0x40005c80 hDstAllocHandle=0x0"
"15:34:31.8037132","184","12852","3792","hContext=1073759680 hWindow=0x0 VidPnSourceId=0 FlipInterval=1 Flags=4198404 ReturnStatus=0 hSrcAllocHandle=0x40005e00 hDstAllocHandle=0x0"
"15:34:32.0190862","171","12852","13196","hAdapter=0xffff910e86eb4820 Token=0xffff810669b4d160 Model=7 TokenSize=0 TokenData=4880 Flags=0x0 CustomDuration=0 VmBusChannel=0x0"
"15:34:32.0190997","184","12852","13196","hContext=1073742528 hWindow=0x0 VidPnSourceId=0 FlipInterval=0 Flags=32768 ReturnStatus=0 hSrcAllocHandle=0x40000540 hDstAllocHandle=0x0"
"15:34:32.0191106","172","4","880","hAdapter=0xffff910e8cd5c000 Token=0xffff810669b4d160 Model=0 TokenSize=0 TokenData=0 Flags=0x0 CustomDuration=0 VmBusChannel=0x0"
"15:34:32.0932037","184","12852","3792","hContext=1073759680 hWindow=0x0 VidPnSourceId=0 FlipInterval=1 Flags=4198404 ReturnStatus=0 hSrcAllocHandle=0x800043c0 hDstAllocHandle=0x0"
"15:34:32.1060699","184","12852","3792","hContext=1073759680 hWindow=0x0 VidPnSourceId=0 FlipInterval=1 Flags=4198404 ReturnStatus=0 hSrcAllocHandle=0x40005c80 hDstAllocHandle=0x0"
"15:34:32.1284190","184","12852","3792","hContext=1073759680 hWindow=0x0 VidPnSourceId=0 FlipInterval=1 Flags=4198404 ReturnStatus=0 hSrcAllocHandle=0x40005e00 hDstAllocHandle=0x0"
"15:34:32.1375756","184","12852","3792","hContext=1073759680 hWindow=0x0 VidPnSourceId=0 FlipInterval=1 Flags=4198404 ReturnStatus=0 hSrcAllocHandle=0x800043c0 hDstAllocHandle=0x0"
"15:34:32.2341246","184","12852","3792","hContext=1073759680 hWindow=0x0 VidPnSourceId=0 FlipInterval=1 Flags=4198404 ReturnStatus=0 hSrcAllocHandle=0x40005c80 hDstAllocHandle=0x0"
"15:34:32.2376507","184","12852","3792","hContext=1073759680 hWindow=0x0 VidPnSourceId=0 FlipInterval=1 Flags=4198404 ReturnStatus=0 hSrcAllocHandle=0x40005e00 hDstAllocHandle=0x0"
"15:34:32.3418472","184","12852","3792","hContext=1073759680 hWindow=0x0 VidPnSourceId=0 FlipInterval=1 Flags=4198404 ReturnStatus=0 hSrcAllocHandle=0x800043c0 hDstAllocHandle=0x0"
"15:34:32.3544867","184","12852","3792","hContext=1073759680 hWindow=0x0 VidPnSourceId=0 FlipInterval=1 Flags=4198404 ReturnStatus=0 hSrcAllocHandle=0x40005c80 hDstAllocHandle=0x0"
"15:34:32.4541297","184","12852","3792","hContext=1073759680 hWindow=0x0 VidPnSourceId=0 FlipInterval=1 Flags=4198404 ReturnStatus=0 hSrcAllocHandle=0x40005e00 hDstAllocHandle=0x0"
"15:34:32.4708971","184","12852","3792","hContext=1073759680 hWindow=0x0 VidPnSourceId=0 FlipInterval=1 Flags=4198404 ReturnStatus=0 hSrcAllocHandle=0x800043c0 hDstAllocHandle=0x0"
"15:34:32.5668535","184","12852","3792","hContext=1073759680 hWindow=0x0 VidPnSourceId=0 FlipInterval=1 Flags=4198404 ReturnStatus=0 hSrcAllocHandle=0x40005c80 hDstAllocHandle=0x0"
"15:34:32.5676427","171","12852","13196","hAdapter=0xffff910e86eb4820 Token=0xffff810669b4d160 Model=7 TokenSize=0 TokenData=4988 Flags=0x0 CustomDuration=0 VmBusChannel=0x0"
"15:34:32.5676557","184","12852","13196","hContext=1073742528 hWindow=0x0 VidPnSourceId=0 FlipInterval=0 Flags=32768 ReturnStatus=0 hSrcAllocHandle=0x40000540 hDstAllocHandle=0x0"
"15:34:32.5676654","172","4","880","hAdapter=0xffff910e8cd5c000 Token=0xffff810669b4d160 Model=0 TokenSize=0 TokenData=0 Flags=0x0 CustomDuration=0 VmBusChannel=0x0"
"15:34:32.5764821","184","12852","3792","hContext=1073759680 hWindow=0x0 VidPnSourceId=0 FlipInterval=1 Flags=4198404 ReturnStatus=0 hSrcAllocHandle=0x40005e00 hDstAllocHandle=0x0"
"15:34:32.6711322","184","12852","3792","hContext=1073759680 hWindow=0x0 VidPnSourceId=0 FlipInterval=1 Flags=4198404 ReturnStatus=0 hSrcAllocHandle=0x800043c0 hDstAllocHandle=0x0"
"15:34:32.7864488","184","12852","3792","hContext=1073759680 hWindow=0x0 VidPnSourceId=0 FlipInterval=1 Flags=4198404 ReturnStatus=0 hSrcAllocHandle=0x40005c80 hDstAllocHandle=0x0"
"15:34:32.7876159","184","12852","3792","hContext=1073759680 hWindow=0x0 VidPnSourceId=0 FlipInterval=1 Flags=4198404 ReturnStatus=0 hSrcAllocHandle=0x40005e00 hDstAllocHandle=0x0"
"15:34:32.8927374","184","12852","3792","hContext=1073759680 hWindow=0x0 VidPnSourceId=0 FlipInterval=1 Flags=4198404 ReturnStatus=0 hSrcAllocHandle=0x800043c0 hDstAllocHandle=0x0"
"15:34:32.9047548","184","12852","3792","hContext=1073759680 hWindow=0x0 VidPnSourceId=0 FlipInterval=1 Flags=4198404 ReturnStatus=0 hSrcAllocHandle=0x40005c80 hDstAllocHandle=0x0"
"15:34:32.9384442","184","12852","3792","hContext=1073759680 hWindow=0x0 VidPnSourceId=0 FlipInterval=1 Flags=4198404 ReturnStatus=0 hSrcAllocHandle=0x40005e00 hDstAllocHandle=0x0"
"15:34:33.0010451","184","12852","3792","hContext=1073759680 hWindow=0x0 VidPnSourceId=0 FlipInterval=1 Flags=4198404 ReturnStatus=0 hSrcAllocHandle=0x800043c0 hDstAllocHandle=0x0"
"15:34:33.0055650","184","12852","3792","hContext=1073759680 hWindow=0x0 VidPnSourceId=0 FlipInterval=1 Flags=4198404 ReturnStatus=0 hSrcAllocHandle=0x40005c80 hDstAllocHandle=0x0"
"15:34:33.1113855","184","12852","3792","hContext=1073759680 hWindow=0x0 VidPnSourceId=0 FlipInterval=1 Flags=4198404 ReturnStatus=0 hSrcAllocHandle=0x40005e00 hDstAllocHandle=0x0"
"15:34:33.1115459","171","12852","13196","hAdapter=0xffff910e86eb4820 Token=0xffff810669b4d160 Model=7 TokenSize=0 TokenData=4960 Flags=0x0 CustomDuration=0 VmBusChannel=0x0"
"15:34:33.1115630","184","12852","13196","hContext=1073742528 hWindow=0x0 VidPnSourceId=0 FlipInterval=0 Flags=32768 ReturnStatus=0 hSrcAllocHandle=0x40000540 hDstAllocHandle=0x0"
"15:34:33.1117518","172","4","876","hAdapter=0xffff910e8cd5c000 Token=0xffff810669b4d160 Model=0 TokenSize=0 TokenData=0 Flags=0x0 CustomDuration=0 VmBusChannel=0x0"
"15:34:33.4032949","184","12852","3792","hContext=1073759680 hWindow=0x0 VidPnSourceId=0 FlipInterval=1 Flags=4198404 ReturnStatus=0 hSrcAllocHandle=0x800043c0 hDstAllocHandle=0x0"
"15:34:33.4370290","184","12852","3792","hContext=1073759680 hWindow=0x0 VidPnSourceId=0 FlipInterval=1 Flags=4198404 ReturnStatus=0 hSrcAllocHandle=0x40005c80 hDstAllocHandle=0x0"
"15:34:33.4385862","184","12852","3792","hContext=1073759680 hWindow=0x0 VidPnSourceId=0 FlipInterval=1 Flags=4198404 ReturnStatus=0 hSrcAllocHandle=0x40005e00 hDstAllocHandle=0x0"
"15:34:33.4552398","184","12852","3792","hContext=1073759680 hWindow=0x0 VidPnSourceId=0 FlipInterval=1 Flags=4198404 ReturnStatus=0 hSrcAllocHandle=0x800043c0 hDstAllocHandle=0x0"
"15:34:33.5495648","184","12852","3792","hContext=1073759680 hWindow=0x0 VidPnSourceId=0 FlipInterval=1 Flags=4198404 ReturnStatus=0 hSrcAllocHandle=0x40005c80 hDstAllocHandle=0x0"
"15:34:33.5554828","184","12852","3792","hContext=1073759680 hWindow=0x0 VidPnSourceId=0 FlipInterval=1 Flags=4198404 ReturnStatus=0 hSrcAllocHandle=0x40005e00 hDstAllocHandle=0x0"
"15:34:33.6581279","184","12852","3792","hContext=1073759680 hWindow=0x0 VidPnSourceId=0 FlipInterval=1 Flags=4198404 ReturnStatus=0 hSrcAllocHandle=0x800043c0 hDstAllocHandle=0x0"
"15:34:33.6584353","171","12852","13196","hAdapter=0xffff910e86eb4820 Token=0xffff810669b4d160 Model=7 TokenSize=0 TokenData=4924 Flags=0x0 CustomDuration=0 VmBusChannel=0x0"
"15:34:33.6584538","184","12852","13196","hContext=1073742528 hWindow=0x0 VidPnSourceId=0 FlipInterval=0 Flags=32768 ReturnStatus=0 hSrcAllocHandle=0x40000540 hDstAllocHandle=0x0"
"15:34:33.6586351","172","4","876","hAdapter=0xffff910e8cd5c000 Token=0xffff810669b4d160 Model=0 TokenSize=0 TokenData=0 Flags=0x0 CustomDuration=0 VmBusChannel=0x0"
"15:34:33.6739127","184","12852","3792","hContext=1073759680 hWindow=0x0 VidPnSourceId=0 FlipInterval=1 Flags=4198404 ReturnStatus=0 hSrcAllocHandle=0x40005c80 hDstAllocHandle=0x0"
"15:34:33.7724833","184","12852","3792","hContext=1073759680 hWindow=0x0 VidPnSourceId=0 FlipInterval=1 Flags=4198404 ReturnStatus=0 hSrcAllocHandle=0x40005e00 hDstAllocHandle=0x0"
"15:34:33.8739001","184","12852","3792","hContext=1073759680 hWindow=0x0 VidPnSourceId=0 FlipInterval=1 Flags=4198404 ReturnStatus=0 hSrcAllocHandle=0x800043c0 hDstAllocHandle=0x0"
"15:34:33.8887688","184","12852","3792","hContext=1073759680 hWindow=0x0 VidPnSourceId=0 FlipInterval=1 Flags=4198404 ReturnStatus=0 hSrcAllocHandle=0x40005c80 hDstAllocHandle=0x0"
"15:34:33.9374007","184","12852","3792","hContext=1073759680 hWindow=0x0 VidPnSourceId=0 FlipInterval=1 Flags=4198404 ReturnStatus=0 hSrcAllocHandle=0x40005e00 hDstAllocHandle=0x0"
"15:34:33.9857444","184","12852","3792","hContext=1073759680 hWindow=0x0 VidPnSourceId=0 FlipInterval=1 Flags=4198404 ReturnStatus=0 hSrcAllocHandle=0x800043c0 hDstAllocHandle=0x0"
"15:34:33.9887795","184","12852","3792","hContext=1073759680 hWindow=0x0 VidPnSourceId=0 FlipInterval=1 Flags=4198404 ReturnStatus=0 hSrcAllocHandle=0x40005c80 hDstAllocHandle=0x0"
"15:34:34.0918558","184","12852","3792","hContext=1073759680 hWindow=0x0 VidPnSourceId=0 FlipInterval=1 Flags=4198404 ReturnStatus=0 hSrcAllocHandle=0x40005e00 hDstAllocHandle=0x0"
"15:34:34.1057942","184","12852","3792","hContext=1073759680 hWindow=0x0 VidPnSourceId=0 FlipInterval=1 Flags=4198404 ReturnStatus=0 hSrcAllocHandle=0x800043c0 hDstAllocHandle=0x0"
"15:34:34.2066279","184","12852","3792","hContext=1073759680 hWindow=0x0 VidPnSourceId=0 FlipInterval=1 Flags=4198404 ReturnStatus=0 hSrcAllocHandle=0x40005c80 hDstAllocHandle=0x0"
"15:34:34.2075003","171","12852","13196","hAdapter=0xffff910e86eb4820 Token=0xffff810669b4d160 Model=7 TokenSize=0 TokenData=4960 Flags=0x0 CustomDuration=0 VmBusChannel=0x0"
"15:34:34.2075135","184","12852","13196","hContext=1073742528 hWindow=0x0 VidPnSourceId=0 FlipInterval=0 Flags=32768 ReturnStatus=0 hSrcAllocHandle=0x40000540 hDstAllocHandle=0x0"
"15:34:34.2075248","172","4","880","hAdapter=0xffff910e8cd5c000 Token=0xffff810669b4d160 Model=0 TokenSize=0 TokenData=0 Flags=0x0 CustomDuration=0 VmBusChannel=0x0"
"15:34:34.2242644","184","12852","3792","hContext=1073759680 hWindow=0x0 VidPnSourceId=0 FlipInterval=1 Flags=4198404 ReturnStatus=0 hSrcAllocHandle=0x40005e00 hDstAllocHandle=0x0"
"15:34:34.3227327","184","12852","3792","hContext=1073759680 hWindow=0x0 VidPnSourceId=0 FlipInterval=1 Flags=4198404 ReturnStatus=0 hSrcAllocHandle=0x800043c0 hDstAllocHandle=0x0"
"15:34:34.4220920","184","12852","3792","hContext=1073759680 hWindow=0x0 VidPnSourceId=0 FlipInterval=1 Flags=4198404 ReturnStatus=0 hSrcAllocHandle=0x40005c80 hDstAllocHandle=0x0"
"15:34:34.7143583","184","12852","3792","hContext=1073759680 hWindow=0x0 VidPnSourceId=0 FlipInterval=1 Flags=4198404 ReturnStatus=0 hSrcAllocHandle=0x40005e00 hDstAllocHandle=0x0"
"15:34:34.7511682","171","12852","13196","hAdapter=0xffff910e86eb4820 Token=0xffff810669b4d160 Model=7 TokenSize=0 TokenData=4996 Flags=0x0 CustomDuration=0 VmBusChannel=0x0"
"15:34:34.7511816","184","12852","13196","hContext=1073742528 hWindow=0x0 VidPnSourceId=0 FlipInterval=0 Flags=32768 ReturnStatus=0 hSrcAllocHandle=0x40000540 hDstAllocHandle=0x0"
"15:34:34.7512435","184","12852","3792","hContext=1073759680 hWindow=0x0 VidPnSourceId=0 FlipInterval=1 Flags=4198404 ReturnStatus=0 hSrcAllocHandle=0x800043c0 hDstAllocHandle=0x0"
"15:34:34.7513829","172","4","876","hAdapter=0xffff910e8cd5c000 Token=0xffff810669b4d160 Model=0 TokenSize=0 TokenData=0 Flags=0x0 CustomDuration=0 VmBusChannel=0x0"
"15:34:34.7600824","184","12852","3792","hContext=1073759680 hWindow=0x0 VidPnSourceId=0 FlipInterval=1 Flags=4198404 ReturnStatus=0 hSrcAllocHandle=0x40005c80 hDstAllocHandle=0x0"
"15:34:34.8730150","184","12852","3792","hContext=1073759680 hWindow=0x0 VidPnSourceId=0 FlipInterval=1 Flags=4198404 ReturnStatus=0 hSrcAllocHandle=0x40005e00 hDstAllocHandle=0x0"
"15:34:34.9400695","184","12852","3792","hContext=1073759680 hWindow=0x0 VidPnSourceId=0 FlipInterval=1 Flags=4198404 ReturnStatus=0 hSrcAllocHandle=0x800043c0 hDstAllocHandle=0x0"
"15:34:34.9686973","184","12852","3792","hContext=1073759680 hWindow=0x0 VidPnSourceId=0 FlipInterval=1 Flags=4198404 ReturnStatus=0 hSrcAllocHandle=0x40005c80 hDstAllocHandle=0x0"
"15:34:34.9734471","184","12852","3792","hContext=1073759680 hWindow=0x0 VidPnSourceId=0 FlipInterval=1 Flags=4198404 ReturnStatus=0 hSrcAllocHandle=0x40005e00 hDstAllocHandle=0x0"
"15:34:35.0783882","184","12852","3792","hContext=1073759680 hWindow=0x0 VidPnSourceId=0 FlipInterval=1 Flags=4198404 ReturnStatus=0 hSrcAllocHandle=0x800043c0 hDstAllocHandle=0x0"
"15:34:35.0899071","184","12852","3792","hContext=1073759680 hWindow=0x0 VidPnSourceId=0 FlipInterval=1 Flags=4198404 ReturnStatus=0 hSrcAllocHandle=0x40005c80 hDstAllocHandle=0x0"
"15:34:35.1908704","184","12852","3792","hContext=1073759680 hWindow=0x0 VidPnSourceId=0 FlipInterval=1 Flags=4198404 ReturnStatus=0 hSrcAllocHandle=0x40005e00 hDstAllocHandle=0x0"
"15:34:35.2065965","184","12852","3792","hContext=1073759680 hWindow=0x0 VidPnSourceId=0 FlipInterval=1 Flags=4198404 ReturnStatus=0 hSrcAllocHandle=0x800043c0 hDstAllocHandle=0x0"
"15:34:35.2999307","184","12852","3792","hContext=1073759680 hWindow=0x0 VidPnSourceId=0 FlipInterval=1 Flags=4198404 ReturnStatus=0 hSrcAllocHandle=0x40005c80 hDstAllocHandle=0x0"
"15:34:35.3010745","171","12852","13196","hAdapter=0xffff910e86eb4820 Token=0xffff810669b4d160 Model=7 TokenSize=0 TokenData=4956 Flags=0x0 CustomDuration=0 VmBusChannel=0x0"
"15:34:35.3010921","184","12852","13196","hContext=1073742528 hWindow=0x0 VidPnSourceId=0 FlipInterval=0 Flags=32768 ReturnStatus=0 hSrcAllocHandle=0x40000540 hDstAllocHandle=0x0"
"15:34:35.3011002","172","4","880","hAdapter=0xffff910e8cd5c000 Token=0xffff810669b4d160 Model=0 TokenSize=0 TokenData=0 Flags=0x0 CustomDuration=0 VmBusChannel=0x0"
"15:34:35.3086771","184","12852","3792","hContext=1073759680 hWindow=0x0 VidPnSourceId=0 FlipInterval=1 Flags=4198404 ReturnStatus=0 hSrcAllocHandle=0x40005e00 hDstAllocHandle=0x0"
"15:34:35.4235718","184","12852","3792","hContext=1073759680 hWindow=0x0 VidPnSourceId=0 FlipInterval=1 Flags=4198404 ReturnStatus=0 hSrcAllocHandle=0x800043c0 hDstAllocHandle=0x0"
"15:34:35.5214343","184","12852","3792","hContext=1073759680 hWindow=0x0 VidPnSourceId=0 FlipInterval=1 Flags=4198404 ReturnStatus=0 hSrcAllocHandle=0x40005c80 hDstAllocHandle=0x0"
"15:34:35.5233119","184","12852","3792","hContext=1073759680 hWindow=0x0 VidPnSourceId=0 FlipInterval=1 Flags=4198404 ReturnStatus=0 hSrcAllocHandle=0x40005e00 hDstAllocHandle=0x0"
"15:34:35.6270802","184","12852","3792","hContext=1073759680 hWindow=0x0 VidPnSourceId=0 FlipInterval=1 Flags=4198404 ReturnStatus=0 hSrcAllocHandle=0x800043c0 hDstAllocHandle=0x0"
"15:34:35.6405401","184","12852","3792","hContext=1073759680 hWindow=0x0 VidPnSourceId=0 FlipInterval=1 Flags=4198404 ReturnStatus=0 hSrcAllocHandle=0x40005c80 hDstAllocHandle=0x0"
"15:34:35.7354738","184","12852","3792","hContext=1073759680 hWindow=0x0 VidPnSourceId=0 FlipInterval=1 Flags=4198404 ReturnStatus=0 hSrcAllocHandle=0x40005e00 hDstAllocHandle=0x0"
"15:34:35.7415751","184","12852","3792","hContext=1073759680 hWindow=0x0 VidPnSourceId=0 FlipInterval=1 Flags=4198404 ReturnStatus=0 hSrcAllocHandle=0x800043c0 hDstAllocHandle=0x0"
"15:34:35.8439751","184","12852","3792","hContext=1073759680 hWindow=0x0 VidPnSourceId=0 FlipInterval=1 Flags=4198404 ReturnStatus=0 hSrcAllocHandle=0x40005c80 hDstAllocHandle=0x0"
"15:34:35.8440850","171","12852","13196","hAdapter=0xffff910e86eb4820 Token=0xffff810669b4d160 Model=7 TokenSize=0 TokenData=4996 Flags=0x0 CustomDuration=0 VmBusChannel=0x0"
"15:34:35.8441034","184","12852","13196","hContext=1073742528 hWindow=0x0 VidPnSourceId=0 FlipInterval=0 Flags=32768 ReturnStatus=0 hSrcAllocHandle=0x40000540 hDstAllocHandle=0x0"
"15:34:35.8442757","172","4","876","hAdapter=0xffff910e8cd5c000 Token=0xffff810669b4d160 Model=0 TokenSize=0 TokenData=0 Flags=0x0 CustomDuration=0 VmBusChannel=0x0"
"15:34:36.1380136","184","12852","3792","hContext=1073759680 hWindow=0x0 VidPnSourceId=0 FlipInterval=1 Flags=4198404 ReturnStatus=0 hSrcAllocHandle=0x40005e00 hDstAllocHandle=0x0"
"15:34:36.1754634","184","12852","3792","hContext=1073759680 hWindow=0x0 VidPnSourceId=0 FlipInterval=1 Flags=4198404 ReturnStatus=0 hSrcAllocHandle=0x800043c0 hDstAllocHandle=0x0"
"15:34:36.1916994","184","12852","3792","hContext=1073759680 hWindow=0x0 VidPnSourceId=0 FlipInterval=1 Flags=4198404 ReturnStatus=0 hSrcAllocHandle=0x40005c80 hDstAllocHandle=0x0"
"15:34:36.2817844","184","12852","3792","hContext=1073759680 hWindow=0x0 VidPnSourceId=0 FlipInterval=1 Flags=4198404 ReturnStatus=0 hSrcAllocHandle=0x40005e00 hDstAllocHandle=0x0"
"15:34:36.2909371","184","12852","3792","hContext=1073759680 hWindow=0x0 VidPnSourceId=0 FlipInterval=1 Flags=4198404 ReturnStatus=0 hSrcAllocHandle=0x800043c0 hDstAllocHandle=0x0"
"15:34:36.3962564","184","12852","3792","hContext=1073759680 hWindow=0x0 VidPnSourceId=0 FlipInterval=1 Flags=4198404 ReturnStatus=0 hSrcAllocHandle=0x40005c80 hDstAllocHandle=0x0"
"15:34:36.3978263","171","12852","13196","hAdapter=0xffff910e86eb4820 Token=0xffff810669b4d160 Model=7 TokenSize=0 TokenData=4984 Flags=0x0 CustomDuration=0 VmBusChannel=0x0"
"15:34:36.3978430","184","12852","13196","hContext=1073742528 hWindow=0x0 VidPnSourceId=0 FlipInterval=0 Flags=32768 ReturnStatus=0 hSrcAllocHandle=0x40000540 hDstAllocHandle=0x0"
"15:34:36.3978578","172","4","880","hAdapter=0xffff910e8cd5c000 Token=0xffff810669b4d160 Model=0 TokenSize=0 TokenData=0 Flags=0x0 CustomDuration=0 VmBusChannel=0x0"
"15:34:36.4127870","184","12852","3792","hContext=1073759680 hWindow=0x0 VidPnSourceId=0 FlipInterval=1 Flags=4198404 ReturnStatus=0 hSrcAllocHandle=0x40005e00 hDstAllocHandle=0x0"
"15:34:36.5077350","184","12852","3792","hContext=1073759680 hWindow=0x0 VidPnSourceId=0 FlipInterval=1 Flags=4198404 ReturnStatus=0 hSrcAllocHandle=0x800043c0 hDstAllocHandle=0x0"
"15:34:36.6100657","184","12852","3792","hContext=1073759680 hWindow=0x0 VidPnSourceId=0 FlipInterval=1 Flags=4198404 ReturnStatus=0 hSrcAllocHandle=0x40005c80 hDstAllocHandle=0x0"
"15:34:36.6242185","184","12852","3792","hContext=1073759680 hWindow=0x0 VidPnSourceId=0 FlipInterval=1 Flags=4198404 ReturnStatus=0 hSrcAllocHandle=0x40005e00 hDstAllocHandle=0x0"
"15:34:36.7220741","184","12852","3792","hContext=1073759680 hWindow=0x0 VidPnSourceId=0 FlipInterval=1 Flags=4198404 ReturnStatus=0 hSrcAllocHandle=0x800043c0 hDstAllocHandle=0x0"
"15:34:36.7244627","184","12852","3792","hContext=1073759680 hWindow=0x0 VidPnSourceId=0 FlipInterval=1 Flags=4198404 ReturnStatus=0 hSrcAllocHandle=0x40005c80 hDstAllocHandle=0x0"
"15:34:36.8301642","184","12852","3792","hContext=1073759680 hWindow=0x0 VidPnSourceId=0 FlipInterval=1 Flags=4198404 ReturnStatus=0 hSrcAllocHandle=0x40005e00 hDstAllocHandle=0x0"
"15:34:36.8415651","184","12852","3792","hContext=1073759680 hWindow=0x0 VidPnSourceId=0 FlipInterval=1 Flags=4198404 ReturnStatus=0 hSrcAllocHandle=0x800043c0 hDstAllocHandle=0x0"
"15:34:36.9344462","184","12852","3792","hContext=1073759680 hWindow=0x0 VidPnSourceId=0 FlipInterval=1 Flags=4198404 ReturnStatus=0 hSrcAllocHandle=0x40005c80 hDstAllocHandle=0x0"
"15:34:36.9368119","171","12852","13196","hAdapter=0xffff910e86eb4820 Token=0xffff810669b4d160 Model=7 TokenSize=0 TokenData=4996 Flags=0x0 CustomDuration=0 VmBusChannel=0x0"
"15:34:36.9368414","184","12852","13196","hContext=1073742528 hWindow=0x0 VidPnSourceId=0 FlipInterval=0 Flags=32768 ReturnStatus=0 hSrcAllocHandle=0x40000540 hDstAllocHandle=0x0"
"15:34:36.9369016","172","4","876","hAdapter=0xffff910e8cd5c000 Token=0xffff810669b4d160 Model=0 TokenSize=0 TokenData=0 Flags=0x0 CustomDuration=0 VmBusChannel=0x0"
"15:34:36.9430198","184","12852","3792","hContext=1073759680 hWindow=0x0 VidPnSourceId=0 FlipInterval=1 Flags=4198404 ReturnStatus=0 hSrcAllocHandle=0x40005e00 hDstAllocHandle=0x0"
"15:34:36.9584204","184","12852","3792","hContext=1073759680 hWindow=0x0 VidPnSourceId=0 FlipInterval=1 Flags=4198404 ReturnStatus=0 hSrcAllocHandle=0x800043c0 hDstAllocHandle=0x0"
"15:34:37.0466974","184","12852","3792","hContext=1073759680 hWindow=0x0 VidPnSourceId=0 FlipInterval=1 Flags=4198404 ReturnStatus=0 hSrcAllocHandle=0x40005c80 hDstAllocHandle=0x0"
"15:34:37.0585396","184","12852","3792","hContext=1073759680 hWindow=0x0 VidPnSourceId=0 FlipInterval=1 Flags=4198404 ReturnStatus=0 hSrcAllocHandle=0x40005e00 hDstAllocHandle=0x0"
"15:34:37.1553239","184","12852","3792","hContext=1073759680 hWindow=0x0 VidPnSourceId=0 FlipInterval=1 Flags=4198404 ReturnStatus=0 hSrcAllocHandle=0x800043c0 hDstAllocHandle=0x0"
"15:34:37.1588853","184","12852","3792","hContext=1073759680 hWindow=0x0 VidPnSourceId=0 FlipInterval=1 Flags=4198404 ReturnStatus=0 hSrcAllocHandle=0x40005c80 hDstAllocHandle=0x0"
"15:34:37.4548764","184","12852","3792","hContext=1073759680 hWindow=0x0 VidPnSourceId=0 FlipInterval=1 Flags=4198404 ReturnStatus=0 hSrcAllocHandle=0x40005e00 hDstAllocHandle=0x0"
"15:34:37.4944796","184","12852","3792","hContext=1073759680 hWindow=0x0 VidPnSourceId=0 FlipInterval=1 Flags=4198404 ReturnStatus=0 hSrcAllocHandle=0x800043c0 hDstAllocHandle=0x0"
"15:34:37.4953251","171","12852","13196","hAdapter=0xffff910e86eb4820 Token=0xffff810669b4d160 Model=7 TokenSize=0 TokenData=4956 Flags=0x0 CustomDuration=0 VmBusChannel=0x0"
"15:34:37.4953538","184","12852","13196","hContext=1073742528 hWindow=0x0 VidPnSourceId=0 FlipInterval=0 Flags=32768 ReturnStatus=0 hSrcAllocHandle=0x40000540 hDstAllocHandle=0x0"
"15:34:37.4955944","172","4","876","hAdapter=0xffff910e8cd5c000 Token=0xffff810669b4d160 Model=0 TokenSize=0 TokenData=0 Flags=0x0 CustomDuration=0 VmBusChannel=0x0"
"15:34:37.5103295","184","12852","3792","hContext=1073759680 hWindow=0x0 VidPnSourceId=0 FlipInterval=1 Flags=4198404 ReturnStatus=0 hSrcAllocHandle=0x40005c80 hDstAllocHandle=0x0"
"15:34:37.6094576","184","12852","3792","hContext=1073759680 hWindow=0x0 VidPnSourceId=0 FlipInterval=1 Flags=4198404 ReturnStatus=0 hSrcAllocHandle=0x40005e00 hDstAllocHandle=0x0"
"15:34:37.7039517","184","12852","3792","hContext=1073759680 hWindow=0x0 VidPnSourceId=0 FlipInterval=1 Flags=4198404 ReturnStatus=0 hSrcAllocHandle=0x800043c0 hDstAllocHandle=0x0"
"15:34:37.7091597","184","12852","3792","hContext=1073759680 hWindow=0x0 VidPnSourceId=0 FlipInterval=1 Flags=4198404 ReturnStatus=0 hSrcAllocHandle=0x40005c80 hDstAllocHandle=0x0"
"15:34:37.8157946","184","12852","3792","hContext=1073759680 hWindow=0x0 VidPnSourceId=0 FlipInterval=1 Flags=4198404 ReturnStatus=0 hSrcAllocHandle=0x40005e00 hDstAllocHandle=0x0"
"15:34:37.8262080","184","12852","3792","hContext=1073759680 hWindow=0x0 VidPnSourceId=0 FlipInterval=1 Flags=4198404 ReturnStatus=0 hSrcAllocHandle=0x800043c0 hDstAllocHandle=0x0"
"15:34:37.9262648","184","12852","3792","hContext=1073759680 hWindow=0x0 VidPnSourceId=0 FlipInterval=1 Flags=4198404 ReturnStatus=0 hSrcAllocHandle=0x40005c80 hDstAllocHandle=0x0"
"15:34:37.9422946","184","12852","3792","hContext=1073759680 hWindow=0x0 VidPnSourceId=0 FlipInterval=1 Flags=4198404 ReturnStatus=0 hSrcAllocHandle=0x40005e00 hDstAllocHandle=0x0"
"15:34:37.9591469","184","12852","3792","hContext=1073759680 hWindow=0x0 VidPnSourceId=0 FlipInterval=1 Flags=4198404 ReturnStatus=0 hSrcAllocHandle=0x800043c0 hDstAllocHandle=0x0"
"15:34:38.0355065","184","12852","3792","hContext=1073759680 hWindow=0x0 VidPnSourceId=0 FlipInterval=1 Flags=4198404 ReturnStatus=0 hSrcAllocHandle=0x40005c80 hDstAllocHandle=0x0"
"15:34:38.0361374","171","12852","13196","hAdapter=0xffff910e86eb4820 Token=0xffff810669b4d160 Model=7 TokenSize=0 TokenData=4984 Flags=0x0 CustomDuration=0 VmBusChannel=0x0"
"15:34:38.0361726","184","12852","13196","hContext=1073742528 hWindow=0x0 VidPnSourceId=0 FlipInterval=0 Flags=32768 ReturnStatus=0 hSrcAllocHandle=0x40000540 hDstAllocHandle=0x0"
"15:34:38.0364755","172","4","876","hAdapter=0xffff910e8cd5c000 Token=0xffff810669b4d160 Model=0 TokenSize=0 TokenData=0 Flags=0x0 CustomDuration=0 VmBusChannel=0x0"
"15:34:38.0459490","184","12852","3792","hContext=1073759680 hWindow=0x0 VidPnSourceId=0 FlipInterval=1 Flags=4198404 ReturnStatus=0 hSrcAllocHandle=0x40005e00 hDstAllocHandle=0x0"
"15:34:38.1432165","184","12852","3792","hContext=1073759680 hWindow=0x0 VidPnSourceId=0 FlipInterval=1 Flags=4198404 ReturnStatus=0 hSrcAllocHandle=0x800043c0 hDstAllocHandle=0x0"
"15:34:38.2503454","184","12852","3792","hContext=1073759680 hWindow=0x0 VidPnSourceId=0 FlipInterval=1 Flags=4198404 ReturnStatus=0 hSrcAllocHandle=0x40005c80 hDstAllocHandle=0x0"
"15:34:38.2598244","184","12852","3792","hContext=1073759680 hWindow=0x0 VidPnSourceId=0 FlipInterval=1 Flags=4198404 ReturnStatus=0 hSrcAllocHandle=0x40005e00 hDstAllocHandle=0x0"
"15:34:38.3582627","184","12852","3792","hContext=1073759680 hWindow=0x0 VidPnSourceId=0 FlipInterval=1 Flags=4198404 ReturnStatus=0 hSrcAllocHandle=0x800043c0 hDstAllocHandle=0x0"
"15:34:38.3763692","184","12852","3792","hContext=1073759680 hWindow=0x0 VidPnSourceId=0 FlipInterval=1 Flags=4198404 ReturnStatus=0 hSrcAllocHandle=0x40005c80 hDstAllocHandle=0x0"
"15:34:38.4348387","184","12852","3792","hContext=1073759680 hWindow=0x0 VidPnSourceId=0 FlipInterval=1 Flags=4198404 ReturnStatus=0 hSrcAllocHandle=0x40005e00 hDstAllocHandle=0x0"
"15:34:38.4714575","184","12852","3792","hContext=1073759680 hWindow=0x0 VidPnSourceId=0 FlipInterval=1 Flags=4198404 ReturnStatus=0 hSrcAllocHandle=0x800043c0 hDstAllocHandle=0x0"
"15:34:38.5846514","171","12852","13196","hAdapter=0xffff910e86eb4820 Token=0xffff810669b4d160 Model=7 TokenSize=0 TokenData=4980 Flags=0x0 CustomDuration=0 VmBusChannel=0x0"
"15:34:38.5846695","184","12852","13196","hContext=1073742528 hWindow=0x0 VidPnSourceId=0 FlipInterval=0 Flags=32768 ReturnStatus=0 hSrcAllocHandle=0x40000540 hDstAllocHandle=0x0"
"15:34:38.5846870","172","4","880","hAdapter=0xffff910e8cd5c000 Token=0xffff810669b4d160 Model=0 TokenSize=0 TokenData=0 Flags=0x0 CustomDuration=0 VmBusChannel=0x0"
"15:34:38.7743925","184","12852","3792","hContext=1073759680 hWindow=0x0 VidPnSourceId=0 FlipInterval=1 Flags=4198404 ReturnStatus=0 hSrcAllocHandle=0x40005c80 hDstAllocHandle=0x0"
"15:34:38.7761981","184","12852","3792","hContext=1073759680 hWindow=0x0 VidPnSourceId=0 FlipInterval=1 Flags=4198404 ReturnStatus=0 hSrcAllocHandle=0x40005e00 hDstAllocHandle=0x0"
"15:34:38.7984075","184","12852","3792","hContext=1073759680 hWindow=0x0 VidPnSourceId=0 FlipInterval=1 Flags=4198404 ReturnStatus=0 hSrcAllocHandle=0x800043c0 hDstAllocHandle=0x0"
"15:34:38.8101741","184","12852","3792","hContext=1073759680 hWindow=0x0 VidPnSourceId=0 FlipInterval=1 Flags=4198404 ReturnStatus=0 hSrcAllocHandle=0x40005c80 hDstAllocHandle=0x0"
"15:34:38.9080537","184","12852","3792","hContext=1073759680 hWindow=0x0 VidPnSourceId=0 FlipInterval=1 Flags=4198404 ReturnStatus=0 hSrcAllocHandle=0x40005e00 hDstAllocHandle=0x0"
"15:34:38.9092605","184","12852","3792","hContext=1073759680 hWindow=0x0 VidPnSourceId=0 FlipInterval=1 Flags=4198404 ReturnStatus=0 hSrcAllocHandle=0x800043c0 hDstAllocHandle=0x0"
"15:34:38.9401228","184","12852","3792","hContext=1073759680 hWindow=0x0 VidPnSourceId=0 FlipInterval=1 Flags=4198404 ReturnStatus=0 hSrcAllocHandle=0x40005c80 hDstAllocHandle=0x0"
"15:34:39.0141714","184","12852","3792","hContext=1073759680 hWindow=0x0 VidPnSourceId=0 FlipInterval=1 Flags=4198404 ReturnStatus=0 hSrcAllocHandle=0x40005e00 hDstAllocHandle=0x0"
"15:34:39.0266359","184","12852","3792","hContext=1073759680 hWindow=0x0 VidPnSourceId=0 FlipInterval=1 Flags=4198404 ReturnStatus=0 hSrcAllocHandle=0x800043c0 hDstAllocHandle=0x0"
"15:34:39.1284604","184","12852","3792","hContext=1073759680 hWindow=0x0 VidPnSourceId=0 FlipInterval=1 Flags=4198404 ReturnStatus=0 hSrcAllocHandle=0x40005c80 hDstAllocHandle=0x0"
"15:34:39.1289998","171","12852","13196","hAdapter=0xffff910e86eb4820 Token=0xffff810669b4d160 Model=7 TokenSize=0 TokenData=4972 Flags=0x0 CustomDuration=0 VmBusChannel=0x0"
"15:34:39.1290430","184","12852","13196","hContext=1073742528 hWindow=0x0 VidPnSourceId=0 FlipInterval=0 Flags=32768 ReturnStatus=0 hSrcAllocHandle=0x40000540 hDstAllocHandle=0x0"
"15:34:39.1292118","172","4","876","hAdapter=0xffff910e8cd5c000 Token=0xffff810669b4d160 Model=0 TokenSize=0 TokenData=0 Flags=0x0 CustomDuration=0 VmBusChannel=0x0"
"15:34:39.1470077","184","12852","3792","hContext=1073759680 hWindow=0x0 VidPnSourceId=0 FlipInterval=1 Flags=4198404 ReturnStatus=0 hSrcAllocHandle=0x40005e00 hDstAllocHandle=0x0"
"15:34:39.2442207","184","12852","3792","hContext=1073759680 hWindow=0x0 VidPnSourceId=0 FlipInterval=1 Flags=4198404 ReturnStatus=0 hSrcAllocHandle=0x800043c0 hDstAllocHandle=0x0"
"15:34:39.3432829","184","12852","3792","hContext=1073759680 hWindow=0x0 VidPnSourceId=0 FlipInterval=1 Flags=4198404 ReturnStatus=0 hSrcAllocHandle=0x40005c80 hDstAllocHandle=0x0"
"15:34:39.3602692","184","12852","3792","hContext=1073759680 hWindow=0x0 VidPnSourceId=0 FlipInterval=1 Flags=4198404 ReturnStatus=0 hSrcAllocHandle=0x40005e00 hDstAllocHandle=0x0"
"15:34:39.4421488","184","12852","3792","hContext=1073759680 hWindow=0x0 VidPnSourceId=0 FlipInterval=1 Flags=4198404 ReturnStatus=0 hSrcAllocHandle=0x800043c0 hDstAllocHandle=0x0"
"15:34:39.4564499","184","12852","3792","hContext=1073759680 hWindow=0x0 VidPnSourceId=0 FlipInterval=1 Flags=4198404 ReturnStatus=0 hSrcAllocHandle=0x40005c80 hDstAllocHandle=0x0"
"15:34:39.4771593","184","12852","3792","hContext=1073759680 hWindow=0x0 VidPnSourceId=0 FlipInterval=1 Flags=4198404 ReturnStatus=0 hSrcAllocHandle=0x40005e00 hDstAllocHandle=0x0"
"15:34:39.5623813","184","12852","3792","hContext=1073759680 hWindow=0x0 VidPnSourceId=0 FlipInterval=1 Flags=4198404 ReturnStatus=0 hSrcAllocHandle=0x800043c0 hDstAllocHandle=0x0"
"15:34:39.5769646","184","12852","3792","hContext=1073759680 hWindow=0x0 VidPnSourceId=0 FlipInterval=1 Flags=4198404 ReturnStatus=0 hSrcAllocHandle=0x40005c80 hDstAllocHandle=0x0"
"15:34:39.6758237","184","12852","3792","hContext=1073759680 hWindow=0x0 VidPnSourceId=0 FlipInterval=1 Flags=4198404 ReturnStatus=0 hSrcAllocHandle=0x40005e00 hDstAllocHandle=0x0"
"15:34:39.6768164","171","12852","13196","hAdapter=0xffff910e86eb4820 Token=0xffff810669b4d160 Model=7 TokenSize=0 TokenData=4964 Flags=0x0 CustomDuration=0 VmBusChannel=0x0"
"15:34:39.6768493","184","12852","13196","hContext=1073742528 hWindow=0x0 VidPnSourceId=0 FlipInterval=0 Flags=32768 ReturnStatus=0 hSrcAllocHandle=0x40000540 hDstAllocHandle=0x0"
"15:34:39.6772159","172","4","876","hAdapter=0xffff910e8cd5c000 Token=0xffff810669b4d160 Model=0 TokenSize=0 TokenData=0 Flags=0x0 CustomDuration=0 VmBusChannel=0x0"
"15:34:39.9659382","184","12852","3792","hContext=1073759680 hWindow=0x0 VidPnSourceId=0 FlipInterval=1 Flags=4198404 ReturnStatus=0 hSrcAllocHandle=0x800043c0 hDstAllocHandle=0x0"
"15:34:40.0040558","184","12852","3792","hContext=1073759680 hWindow=0x0 VidPnSourceId=0 FlipInterval=1 Flags=4198404 ReturnStatus=0 hSrcAllocHandle=0x40005c80 hDstAllocHandle=0x0"
"15:34:40.0116462","184","12852","3792","hContext=1073759680 hWindow=0x0 VidPnSourceId=0 FlipInterval=1 Flags=4198404 ReturnStatus=0 hSrcAllocHandle=0x40005e00 hDstAllocHandle=0x0"
"15:34:40.1134730","184","12852","3792","hContext=1073759680 hWindow=0x0 VidPnSourceId=0 FlipInterval=1 Flags=4198404 ReturnStatus=0 hSrcAllocHandle=0x800043c0 hDstAllocHandle=0x0"
"15:34:40.1281600","184","12852","3792","hContext=1073759680 hWindow=0x0 VidPnSourceId=0 FlipInterval=1 Flags=4198404 ReturnStatus=0 hSrcAllocHandle=0x40005c80 hDstAllocHandle=0x0"
"15:34:40.2212563","184","12852","3792","hContext=1073759680 hWindow=0x0 VidPnSourceId=0 FlipInterval=1 Flags=4198404 ReturnStatus=0 hSrcAllocHandle=0x40005e00 hDstAllocHandle=0x0"
"15:34:40.2235246","171","12852","13196","hAdapter=0xffff910e86eb4820 Token=0xffff810669b4d160 Model=7 TokenSize=0 TokenData=4972 Flags=0x0 CustomDuration=0 VmBusChannel=0x0"
"15:34:40.2235613","184","12852","13196","hContext=1073742528 hWindow=0x0 VidPnSourceId=0 FlipInterval=0 Flags=32768 ReturnStatus=0 hSrcAllocHandle=0x40000540 hDstAllocHandle=0x0"
"15:34:40.2236486","172","4","880","hAdapter=0xffff910e8cd5c000 Token=0xffff810669b4d160 Model=0 TokenSize=0 TokenData=0 Flags=0x0 CustomDuration=0 VmBusChannel=0x0"
"15:34:40.2301222","184","12852","3792","hContext=1073759680 hWindow=0x0 VidPnSourceId=0 FlipInterval=1 Flags=4198404 ReturnStatus=0 hSrcAllocHandle=0x800043c0 hDstAllocHandle=0x0"
"15:34:40.3453164","184","12852","3792","hContext=1073759680 hWindow=0x0 VidPnSourceId=0 FlipInterval=1 Flags=4198404 ReturnStatus=0 hSrcAllocHandle=0x40005c80 hDstAllocHandle=0x0"
"15:34:40.4381964","184","12852","3792","hContext=1073759680 hWindow=0x0 VidPnSourceId=0 FlipInterval=1 Flags=4198404 ReturnStatus=0 hSrcAllocHandle=0x40005e00 hDstAllocHandle=0x0"
"15:34:40.4449069","184","12852","3792","hContext=1073759680 hWindow=0x0 VidPnSourceId=0 FlipInterval=1 Flags=4198404 ReturnStatus=0 hSrcAllocHandle=0x800043c0 hDstAllocHandle=0x0"
"15:34:40.5501931","184","12852","3792","hContext=1073759680 hWindow=0x0 VidPnSourceId=0 FlipInterval=1 Flags=4198404 ReturnStatus=0 hSrcAllocHandle=0x40005c80 hDstAllocHandle=0x0"
"15:34:40.5616045","184","12852","3792","hContext=1073759680 hWindow=0x0 VidPnSourceId=0 FlipInterval=1 Flags=4198404 ReturnStatus=0 hSrcAllocHandle=0x40005e00 hDstAllocHandle=0x0"
"15:34:40.6593572","184","12852","3792","hContext=1073759680 hWindow=0x0 VidPnSourceId=0 FlipInterval=1 Flags=4198404 ReturnStatus=0 hSrcAllocHandle=0x800043c0 hDstAllocHandle=0x0"
"15:34:40.6608525","184","12852","3792","hContext=1073759680 hWindow=0x0 VidPnSourceId=0 FlipInterval=1 Flags=4198404 ReturnStatus=0 hSrcAllocHandle=0x40005c80 hDstAllocHandle=0x0"
"15:34:40.7737741","171","12852","13196","hAdapter=0xffff910e86eb4820 Token=0xffff810669b4d160 Model=7 TokenSize=0 TokenData=4964 Flags=0x0 CustomDuration=0 VmBusChannel=0x0"
"15:34:40.7737864","184","12852","13196","hContext=1073742528 hWindow=0x0 VidPnSourceId=0 FlipInterval=0 Flags=32768 ReturnStatus=0 hSrcAllocHandle=0x40000540 hDstAllocHandle=0x0"
"15:34:40.7737986","184","12852","3792","hContext=1073759680 hWindow=0x0 VidPnSourceId=0 FlipInterval=1 Flags=4198404 ReturnStatus=0 hSrcAllocHandle=0x40005e00 hDstAllocHandle=0x0"
"15:34:40.7739906","172","4","876","hAdapter=0xffff910e8cd5c000 Token=0xffff810669b4d160 Model=0 TokenSize=0 TokenData=0 Flags=0x0 CustomDuration=0 VmBusChannel=0x0"
"15:34:40.7796557","184","12852","3792","hContext=1073759680 hWindow=0x0 VidPnSourceId=0 FlipInterval=1 Flags=4198404 ReturnStatus=0 hSrcAllocHandle=0x800043c0 hDstAllocHandle=0x0"
"15:34:40.8789110","184","12852","3792","hContext=1073759680 hWindow=0x0 VidPnSourceId=0 FlipInterval=1 Flags=4198404 ReturnStatus=0 hSrcAllocHandle=0x40005c80 hDstAllocHandle=0x0"
"15:34:40.9438770","184","12852","3792","hContext=1073759680 hWindow=0x0 VidPnSourceId=0 FlipInterval=1 Flags=4198404 ReturnStatus=0 hSrcAllocHandle=0x40005e00 hDstAllocHandle=0x0"
"15:34:40.9906381","184","12852","3792","hContext=1073759680 hWindow=0x0 VidPnSourceId=0 FlipInterval=1 Flags=4198404 ReturnStatus=0 hSrcAllocHandle=0x800043c0 hDstAllocHandle=0x0"
"15:34:40.9954264","184","12852","3792","hContext=1073759680 hWindow=0x0 VidPnSourceId=0 FlipInterval=1 Flags=4198404 ReturnStatus=0 hSrcAllocHandle=0x40005c80 hDstAllocHandle=0x0"
"15:34:41.3152615","171","12852","13196","hAdapter=0xffff910e86eb4820 Token=0xffff810669b4d160 Model=7 TokenSize=0 TokenData=5004 Flags=0x0 CustomDuration=0 VmBusChannel=0x0"
"15:34:41.3152755","184","12852","13196","hContext=1073742528 hWindow=0x0 VidPnSourceId=0 FlipInterval=0 Flags=32768 ReturnStatus=0 hSrcAllocHandle=0x40000540 hDstAllocHandle=0x0"
"15:34:41.3153191","172","4","876","hAdapter=0xffff910e8cd5c000 Token=0xffff810669b4d160 Model=0 TokenSize=0 TokenData=0 Flags=0x0 CustomDuration=0 VmBusChannel=0x0"
"15:34:41.3801538","184","12852","3792","hContext=1073759680 hWindow=0x0 VidPnSourceId=0 FlipInterval=1 Flags=4198404 ReturnStatus=0 hSrcAllocHandle=0x40005e00 hDstAllocHandle=0x0"
"15:34:41.3957907","184","12852","3792","hContext=1073759680 hWindow=0x0 VidPnSourceId=0 FlipInterval=1 Flags=4198404 ReturnStatus=0 hSrcAllocHandle=0x800043c0 hDstAllocHandle=0x0"
"15:34:41.4255019","184","12852","3792","hContext=1073759680 hWindow=0x0 VidPnSourceId=0 FlipInterval=1 Flags=4198404 ReturnStatus=0 hSrcAllocHandle=0x40005c80 hDstAllocHandle=0x0"
"15:34:41.4330086","184","12852","3792","hContext=1073759680 hWindow=0x0 VidPnSourceId=0 FlipInterval=1 Flags=4198404 ReturnStatus=0 hSrcAllocHandle=0x40005e00 hDstAllocHandle=0x0"
"15:34:41.4450035","184","12852","3792","hContext=1073759680 hWindow=0x0 VidPnSourceId=0 FlipInterval=1 Flags=4198404 ReturnStatus=0 hSrcAllocHandle=0x800043c0 hDstAllocHandle=0x0"
"15:34:41.5321158","184","12852","3792","hContext=1073759680 hWindow=0x0 VidPnSourceId=0 FlipInterval=1 Flags=4198404 ReturnStatus=0 hSrcAllocHandle=0x40005c80 hDstAllocHandle=0x0"
"15:34:41.5452507","184","12852","3792","hContext=1073759680 hWindow=0x0 VidPnSourceId=0 FlipInterval=1 Flags=4198404 ReturnStatus=0 hSrcAllocHandle=0x40005e00 hDstAllocHandle=0x0"
"15:34:41.6426591","184","12852","3792","hContext=1073759680 hWindow=0x0 VidPnSourceId=0 FlipInterval=1 Flags=4198404 ReturnStatus=0 hSrcAllocHandle=0x800043c0 hDstAllocHandle=0x0"
"15:34:41.6451080","184","12852","3792","hContext=1073759680 hWindow=0x0 VidPnSourceId=0 FlipInterval=1 Flags=4198404 ReturnStatus=0 hSrcAllocHandle=0x40005c80 hDstAllocHandle=0x0"
"15:34:41.7483389","184","12852","3792","hContext=1073759680 hWindow=0x0 VidPnSourceId=0 FlipInterval=1 Flags=4198404 ReturnStatus=0 hSrcAllocHandle=0x40005e00 hDstAllocHandle=0x0"
"15:34:41.7620943","184","12852","3792","hContext=1073759680 hWindow=0x0 VidPnSourceId=0 FlipInterval=1 Flags=4198404 ReturnStatus=0 hSrcAllocHandle=0x800043c0 hDstAllocHandle=0x0"
"15:34:41.8610843","184","12852","3792","hContext=1073759680 hWindow=0x0 VidPnSourceId=0 FlipInterval=1 Flags=4198404 ReturnStatus=0 hSrcAllocHandle=0x40005c80 hDstAllocHandle=0x0"
"15:34:41.8618175","171","12852","13196","hAdapter=0xffff910e86eb4820 Token=0xffff810669b4d160 Model=7 TokenSize=0 TokenData=4908 Flags=0x0 CustomDuration=0 VmBusChannel=0x0"
"15:34:41.8618323","184","12852","13196","hContext=1073742528 hWindow=0x0 VidPnSourceId=0 FlipInterval=0 Flags=32768 ReturnStatus=0 hSrcAllocHandle=0x40000540 hDstAllocHandle=0x0"
"15:34:41.8618430","172","4","880","hAdapter=0xffff910e8cd5c000 Token=0xffff810669b4d160 Model=0 TokenSize=0 TokenData=0 Flags=0x0 CustomDuration=0 VmBusChannel=0x0"
"15:34:41.8805846","184","12852","3792","hContext=1073759680 hWindow=0x0 VidPnSourceId=0 FlipInterval=1 Flags=4198404 ReturnStatus=0 hSrcAllocHandle=0x40005e00 hDstAllocHandle=0x0"
"15:34:41.9480932","184","12852","3792","hContext=1073759680 hWindow=0x0 VidPnSourceId=0 FlipInterval=1 Flags=4198404 ReturnStatus=0 hSrcAllocHandle=0x800043c0 hDstAllocHandle=0x0"
"15:34:41.9709403","184","12852","3792","hContext=1073759680 hWindow=0x0 VidPnSourceId=0 FlipInterval=1 Flags=4198404 ReturnStatus=0 hSrcAllocHandle=0x40005c80 hDstAllocHandle=0x0"
"15:34:41.9791101","184","12852","3792","hContext=1073759680 hWindow=0x0 VidPnSourceId=0 FlipInterval=1 Flags=4198404 ReturnStatus=0 hSrcAllocHandle=0x40005e00 hDstAllocHandle=0x0"
"15:34:42.0768706","184","12852","3792","hContext=1073759680 hWindow=0x0 VidPnSourceId=0 FlipInterval=1 Flags=4198404 ReturnStatus=0 hSrcAllocHandle=0x800043c0 hDstAllocHandle=0x0"
"15:34:42.0787964","184","12852","3792","hContext=1073759680 hWindow=0x0 VidPnSourceId=0 FlipInterval=1 Flags=4198404 ReturnStatus=0 hSrcAllocHandle=0x40005c80 hDstAllocHandle=0x0"
"15:34:42.1889559","184","12852","3792","hContext=1073759680 hWindow=0x0 VidPnSourceId=0 FlipInterval=1 Flags=4198404 ReturnStatus=0 hSrcAllocHandle=0x40005e00 hDstAllocHandle=0x0"
"15:34:42.1957647","184","12852","3792","hContext=1073759680 hWindow=0x0 VidPnSourceId=0 FlipInterval=1 Flags=4198404 ReturnStatus=0 hSrcAllocHandle=0x800043c0 hDstAllocHandle=0x0"
"15:34:42.2969205","184","12852","3792","hContext=1073759680 hWindow=0x0 VidPnSourceId=0 FlipInterval=1 Flags=4198404 ReturnStatus=0 hSrcAllocHandle=0x40005c80 hDstAllocHandle=0x0"
"15:34:42.4108310","171","12852","13196","hAdapter=0xffff910e86eb4820 Token=0xffff810669b4d160 Model=7 TokenSize=0 TokenData=4944 Flags=0x0 CustomDuration=0 VmBusChannel=0x0"
"15:34:42.4108568","184","12852","13196","hContext=1073742528 hWindow=0x0 VidPnSourceId=0 FlipInterval=0 Flags=32768 ReturnStatus=0 hSrcAllocHandle=0x40000540 hDstAllocHandle=0x0"
"15:34:42.4108647","172","4","880","hAdapter=0xffff910e8cd5c000 Token=0xffff810669b4d160 Model=0 TokenSize=0 TokenData=0 Flags=0x0 CustomDuration=0 VmBusChannel=0x0"
"15:34:42.5899393","184","12852","3792","hContext=1073759680 hWindow=0x0 VidPnSourceId=0 FlipInterval=1 Flags=4198404 ReturnStatus=0 hSrcAllocHandle=0x40005e00 hDstAllocHandle=0x0"
"15:34:42.5962923","184","12852","3792","hContext=1073759680 hWindow=0x0 VidPnSourceId=0 FlipInterval=1 Flags=4198404 ReturnStatus=0 hSrcAllocHandle=0x800043c0 hDstAllocHandle=0x0"
"15:34:42.6231807","184","12852","3792","hContext=1073759680 hWindow=0x0 VidPnSourceId=0 FlipInterval=1 Flags=4198404 ReturnStatus=0 hSrcAllocHandle=0x40005c80 hDstAllocHandle=0x0"
"15:34:42.6296277","184","12852","3792","hContext=1073759680 hWindow=0x0 VidPnSourceId=0 FlipInterval=1 Flags=4198404 ReturnStatus=0 hSrcAllocHandle=0x40005e00 hDstAllocHandle=0x0"
"15:34:42.7390885","184","12852","3792","hContext=1073759680 hWindow=0x0 VidPnSourceId=0 FlipInterval=1 Flags=4198404 ReturnStatus=0 hSrcAllocHandle=0x800043c0 hDstAllocHandle=0x0"
"15:34:42.7465181","184","12852","3792","hContext=1073759680 hWindow=0x0 VidPnSourceId=0 FlipInterval=1 Flags=4198404 ReturnStatus=0 hSrcAllocHandle=0x40005c80 hDstAllocHandle=0x0"
"15:34:42.8453641","184","12852","3792","hContext=1073759680 hWindow=0x0 VidPnSourceId=0 FlipInterval=1 Flags=4198404 ReturnStatus=0 hSrcAllocHandle=0x40005e00 hDstAllocHandle=0x0"
"15:34:42.8629365","184","12852","3792","hContext=1073759680 hWindow=0x0 VidPnSourceId=0 FlipInterval=1 Flags=4198404 ReturnStatus=0 hSrcAllocHandle=0x800043c0 hDstAllocHandle=0x0"
"15:34:42.9568213","184","12852","3792","hContext=1073759680 hWindow=0x0 VidPnSourceId=0 FlipInterval=1 Flags=4198404 ReturnStatus=0 hSrcAllocHandle=0x40005c80 hDstAllocHandle=0x0"
"15:34:42.9575111","171","12852","13196","hAdapter=0xffff910e86eb4820 Token=0xffff810669b4d160 Model=7 TokenSize=0 TokenData=4952 Flags=0x0 CustomDuration=0 VmBusChannel=0x0"
"15:34:42.9575258","184","12852","13196","hContext=1073742528 hWindow=0x0 VidPnSourceId=0 FlipInterval=0 Flags=32768 ReturnStatus=0 hSrcAllocHandle=0x40000540 hDstAllocHandle=0x0"
"15:34:42.9575364","172","4","880","hAdapter=0xffff910e8cd5c000 Token=0xffff810669b4d160 Model=0 TokenSize=0 TokenData=0 Flags=0x0 CustomDuration=0 VmBusChannel=0x0"
"15:34:42.9646750","184","12852","3792","hContext=1073759680 hWindow=0x0 VidPnSourceId=0 FlipInterval=1 Flags=4198404 ReturnStatus=0 hSrcAllocHandle=0x40005e00 hDstAllocHandle=0x0"
"15:34:43.0631481","184","12852","3792","hContext=1073759680 hWindow=0x0 VidPnSourceId=0 FlipInterval=1 Flags=4198404 ReturnStatus=0 hSrcAllocHandle=0x800043c0 hDstAllocHandle=0x0"
"15:34:43.1736479","184","12852","3792","hContext=1073759680 hWindow=0x0 VidPnSourceId=0 FlipInterval=1 Flags=4198404 ReturnStatus=0 hSrcAllocHandle=0x40005c80 hDstAllocHandle=0x0"
"15:34:43.1799882","184","12852","3792","hContext=1073759680 hWindow=0x0 VidPnSourceId=0 FlipInterval=1 Flags=4198404 ReturnStatus=0 hSrcAllocHandle=0x40005e00 hDstAllocHandle=0x0"
"15:34:43.2838766","184","12852","3792","hContext=1073759680 hWindow=0x0 VidPnSourceId=0 FlipInterval=1 Flags=4198404 ReturnStatus=0 hSrcAllocHandle=0x800043c0 hDstAllocHandle=0x0"
"15:34:43.2967381","184","12852","3792","hContext=1073759680 hWindow=0x0 VidPnSourceId=0 FlipInterval=1 Flags=4198404 ReturnStatus=0 hSrcAllocHandle=0x40005c80 hDstAllocHandle=0x0"
"15:34:43.3936600","184","12852","3792","hContext=1073759680 hWindow=0x0 VidPnSourceId=0 FlipInterval=1 Flags=4198404 ReturnStatus=0 hSrcAllocHandle=0x40005e00 hDstAllocHandle=0x0"
"15:34:43.4002593","184","12852","3792","hContext=1073759680 hWindow=0x0 VidPnSourceId=0 FlipInterval=1 Flags=4198404 ReturnStatus=0 hSrcAllocHandle=0x800043c0 hDstAllocHandle=0x0"
"15:34:43.4417587","184","12852","3792","hContext=1073759680 hWindow=0x0 VidPnSourceId=0 FlipInterval=1 Flags=4198404 ReturnStatus=0 hSrcAllocHandle=0x40005c80 hDstAllocHandle=0x0"
"15:34:43.5046272","184","12852","3792","hContext=1073759680 hWindow=0x0 VidPnSourceId=0 FlipInterval=1 Flags=4198404 ReturnStatus=0 hSrcAllocHandle=0x40005e00 hDstAllocHandle=0x0"
"15:34:43.5047034","171","12852","13196","hAdapter=0xffff910e86eb4820 Token=0xffff810669b4d160 Model=7 TokenSize=0 TokenData=4908 Flags=0x0 CustomDuration=0 VmBusChannel=0x0"
"15:34:43.5047177","184","12852","13196","hContext=1073742528 hWindow=0x0 VidPnSourceId=0 FlipInterval=0 Flags=32768 ReturnStatus=0 hSrcAllocHandle=0x40000540 hDstAllocHandle=0x0"
"15:34:43.5048828","172","4","876","hAdapter=0xffff910e8cd5c000 Token=0xffff810669b4d160 Model=0 TokenSize=0 TokenData=0 Flags=0x0 CustomDuration=0 VmBusChannel=0x0"
"15:34:43.5196517","184","12852","3792","hContext=1073759680 hWindow=0x0 VidPnSourceId=0 FlipInterval=1 Flags=4198404 ReturnStatus=0 hSrcAllocHandle=0x800043c0 hDstAllocHandle=0x0"
"15:34:43.9038703","184","12852","3792","hContext=1073759680 hWindow=0x0 VidPnSourceId=0 FlipInterval=1 Flags=4198404 ReturnStatus=0 hSrcAllocHandle=0x40005c80 hDstAllocHandle=0x0"
"15:34:43.9138086","184","12852","3792","hContext=1073759680 hWindow=0x0 VidPnSourceId=0 FlipInterval=1 Flags=4198404 ReturnStatus=0 hSrcAllocHandle=0x40005e00 hDstAllocHandle=0x0"
"15:34:43.9349927","184","12852","3792","hContext=1073759680 hWindow=0x0 VidPnSourceId=0 FlipInterval=1 Flags=4198404 ReturnStatus=0 hSrcAllocHandle=0x800043c0 hDstAllocHandle=0x0"
"15:34:43.9471728","184","12852","3792","hContext=1073759680 hWindow=0x0 VidPnSourceId=0 FlipInterval=1 Flags=4198404 ReturnStatus=0 hSrcAllocHandle=0x40005c80 hDstAllocHandle=0x0"
"15:34:44.0529551","184","12852","3792","hContext=1073759680 hWindow=0x0 VidPnSourceId=0 FlipInterval=1 Flags=4198404 ReturnStatus=0 hSrcAllocHandle=0x40005e00 hDstAllocHandle=0x0"
"15:34:44.0546317","171","12852","13196","hAdapter=0xffff910e86eb4820 Token=0xffff810669b4d160 Model=7 TokenSize=0 TokenData=4884 Flags=0x0 CustomDuration=0 VmBusChannel=0x0"
"15:34:44.0546557","184","12852","13196","hContext=1073742528 hWindow=0x0 VidPnSourceId=0 FlipInterval=0 Flags=32768 ReturnStatus=0 hSrcAllocHandle=0x40000540 hDstAllocHandle=0x0"
"15:34:44.0546818","172","4","880","hAdapter=0xffff910e8cd5c000 Token=0xffff810669b4d160 Model=0 TokenSize=0 TokenData=0 Flags=0x0 CustomDuration=0 VmBusChannel=0x0"
"15:34:44.0655641","184","12852","3792","hContext=1073759680 hWindow=0x0 VidPnSourceId=0 FlipInterval=1 Flags=4198404 ReturnStatus=0 hSrcAllocHandle=0x800043c0 hDstAllocHandle=0x0"
"15:34:44.1641843","184","12852","3792","hContext=1073759680 hWindow=0x0 VidPnSourceId=0 FlipInterval=1 Flags=4198404 ReturnStatus=0 hSrcAllocHandle=0x40005c80 hDstAllocHandle=0x0"
"15:34:44.2655241","184","12852","3792","hContext=1073759680 hWindow=0x0 VidPnSourceId=0 FlipInterval=1 Flags=4198404 ReturnStatus=0 hSrcAllocHandle=0x40005e00 hDstAllocHandle=0x0"
"15:34:44.2815528","184","12852","3792","hContext=1073759680 hWindow=0x0 VidPnSourceId=0 FlipInterval=1 Flags=4198404 ReturnStatus=0 hSrcAllocHandle=0x800043c0 hDstAllocHandle=0x0"
"15:34:44.3794891","184","12852","3792","hContext=1073759680 hWindow=0x0 VidPnSourceId=0 FlipInterval=1 Flags=4198404 ReturnStatus=0 hSrcAllocHandle=0x40005c80 hDstAllocHandle=0x0"
"15:34:44.3979557","184","12852","3792","hContext=1073759680 hWindow=0x0 VidPnSourceId=0 FlipInterval=1 Flags=4198404 ReturnStatus=0 hSrcAllocHandle=0x40005e00 hDstAllocHandle=0x0"
"15:34:44.4422713","184","12852","3792","hContext=1073759680 hWindow=0x0 VidPnSourceId=0 FlipInterval=1 Flags=4198404 ReturnStatus=0 hSrcAllocHandle=0x800043c0 hDstAllocHandle=0x0"
"15:34:44.4857055","184","12852","3792","hContext=1073759680 hWindow=0x0 VidPnSourceId=0 FlipInterval=1 Flags=4198404 ReturnStatus=0 hSrcAllocHandle=0x40005c80 hDstAllocHandle=0x0"
"15:34:44.4983546","184","12852","3792","hContext=1073759680 hWindow=0x0 VidPnSourceId=0 FlipInterval=1 Flags=4198404 ReturnStatus=0 hSrcAllocHandle=0x40005e00 hDstAllocHandle=0x0"
"15:34:44.5988247","184","12852","3792","hContext=1073759680 hWindow=0x0 VidPnSourceId=0 FlipInterval=1 Flags=4198404 ReturnStatus=0 hSrcAllocHandle=0x800043c0 hDstAllocHandle=0x0"
"15:34:44.6013846","171","12852","13196","hAdapter=0xffff910e86eb4820 Token=0xffff810669b4d160 Model=7 TokenSize=0 TokenData=4996 Flags=0x0 CustomDuration=0 VmBusChannel=0x0"
"15:34:44.6014151","184","12852","13196","hContext=1073742528 hWindow=0x0 VidPnSourceId=0 FlipInterval=0 Flags=32768 ReturnStatus=0 hSrcAllocHandle=0x40000540 hDstAllocHandle=0x0"
"15:34:44.6014860","172","4","880","hAdapter=0xffff910e8cd5c000 Token=0xffff810669b4d160 Model=0 TokenSize=0 TokenData=0 Flags=0x0 CustomDuration=0 VmBusChannel=0x0"
"15:34:44.6176722","184","12852","3792","hContext=1073759680 hWindow=0x0 VidPnSourceId=0 FlipInterval=1 Flags=4198404 ReturnStatus=0 hSrcAllocHandle=0x40005c80 hDstAllocHandle=0x0"
"15:34:44.7156849","184","12852","3792","hContext=1073759680 hWindow=0x0 VidPnSourceId=0 FlipInterval=1 Flags=4198404 ReturnStatus=0 hSrcAllocHandle=0x40005e00 hDstAllocHandle=0x0"
"15:34:44.8168397","184","12852","3792","hContext=1073759680 hWindow=0x0 VidPnSourceId=0 FlipInterval=1 Flags=4198404 ReturnStatus=0 hSrcAllocHandle=0x800043c0 hDstAllocHandle=0x0"
"15:34:44.8319843","184","12852","3792","hContext=1073759680 hWindow=0x0 VidPnSourceId=0 FlipInterval=1 Flags=4198404 ReturnStatus=0 hSrcAllocHandle=0x40005c80 hDstAllocHandle=0x0"
"15:34:44.9219480","184","12852","3792","hContext=1073759680 hWindow=0x0 VidPnSourceId=0 FlipInterval=1 Flags=4198404 ReturnStatus=0 hSrcAllocHandle=0x40005e00 hDstAllocHandle=0x0"
"15:34:45.1457035","171","12852","13196","hAdapter=0xffff910e86eb4820 Token=0xffff810669b4d160 Model=7 TokenSize=0 TokenData=4912 Flags=0x0 CustomDuration=0 VmBusChannel=0x0"
"15:34:45.1457151","184","12852","13196","hContext=1073742528 hWindow=0x0 VidPnSourceId=0 FlipInterval=0 Flags=32768 ReturnStatus=0 hSrcAllocHandle=0x40000540 hDstAllocHandle=0x0"
"15:34:45.1459115","172","4","876","hAdapter=0xffff910e8cd5c000 Token=0xffff810669b4d160 Model=0 TokenSize=0 TokenData=0 Flags=0x0 CustomDuration=0 VmBusChannel=0x0"
"15:34:45.2108367","184","12852","3792","hContext=1073759680 hWindow=0x0 VidPnSourceId=0 FlipInterval=1 Flags=4198404 ReturnStatus=0 hSrcAllocHandle=0x800043c0 hDstAllocHandle=0x0"
"15:34:45.2166983","184","12852","3792","hContext=1073759680 hWindow=0x0 VidPnSourceId=0 FlipInterval=1 Flags=4198404 ReturnStatus=0 hSrcAllocHandle=0x40005c80 hDstAllocHandle=0x0"
"15:34:45.2490932","184","12852","3792","hContext=1073759680 hWindow=0x0 VidPnSourceId=0 FlipInterval=1 Flags=4198404 ReturnStatus=0 hSrcAllocHandle=0x40005e00 hDstAllocHandle=0x0"
"15:34:45.2658055","184","12852","3792","hContext=1073759680 hWindow=0x0 VidPnSourceId=0 FlipInterval=1 Flags=4198404 ReturnStatus=0 hSrcAllocHandle=0x800043c0 hDstAllocHandle=0x0"
"15:34:45.3582701","184","12852","3792","hContext=1073759680 hWindow=0x0 VidPnSourceId=0 FlipInterval=1 Flags=4198404 ReturnStatus=0 hSrcAllocHandle=0x40005c80 hDstAllocHandle=0x0"
"15:34:45.3655660","184","12852","3792","hContext=1073759680 hWindow=0x0 VidPnSourceId=0 FlipInterval=1 Flags=4198404 ReturnStatus=0 hSrcAllocHandle=0x40005e00 hDstAllocHandle=0x0"
"15:34:45.4513125","184","12852","3792","hContext=1073759680 hWindow=0x0 VidPnSourceId=0 FlipInterval=1 Flags=4198404 ReturnStatus=0 hSrcAllocHandle=0x800043c0 hDstAllocHandle=0x0"
"15:34:45.4701485","184","12852","3792","hContext=1073759680 hWindow=0x0 VidPnSourceId=0 FlipInterval=1 Flags=4198404 ReturnStatus=0 hSrcAllocHandle=0x40005c80 hDstAllocHandle=0x0"
"15:34:45.4824918","184","12852","3792","hContext=1073759680 hWindow=0x0 VidPnSourceId=0 FlipInterval=1 Flags=4198404 ReturnStatus=0 hSrcAllocHandle=0x40005e00 hDstAllocHandle=0x0"
"15:34:45.5784865","184","12852","3792","hContext=1073759680 hWindow=0x0 VidPnSourceId=0 FlipInterval=1 Flags=4198404 ReturnStatus=0 hSrcAllocHandle=0x800043c0 hDstAllocHandle=0x0"
"15:34:45.5826667","184","12852","3792","hContext=1073759680 hWindow=0x0 VidPnSourceId=0 FlipInterval=1 Flags=4198404 ReturnStatus=0 hSrcAllocHandle=0x40005c80 hDstAllocHandle=0x0"
"15:34:45.6899170","184","12852","3792","hContext=1073759680 hWindow=0x0 VidPnSourceId=0 FlipInterval=1 Flags=4198404 ReturnStatus=0 hSrcAllocHandle=0x40005e00 hDstAllocHandle=0x0"
"15:34:45.6921619","171","12852","13196","hAdapter=0xffff910e86eb4820 Token=0xffff810669b4d160 Model=7 TokenSize=0 TokenData=4912 Flags=0x0 CustomDuration=0 VmBusChannel=0x0"
"15:34:45.6921982","184","12852","13196","hContext=1073742528 hWindow=0x0 VidPnSourceId=0 FlipInterval=0 Flags=32768 ReturnStatus=0 hSrcAllocHandle=0x40000540 hDstAllocHandle=0x0"
"15:34:45.6922700","172","4","880","hAdapter=0xffff910e8cd5c000 Token=0xffff810669b4d160 Model=0 TokenSize=0 TokenData=0 Flags=0x0 CustomDuration=0 VmBusChannel=0x0"
"15:34:45.7015503","184","12852","3792","hContext=1073759680 hWindow=0x0 VidPnSourceId=0 FlipInterval=1 Flags=4198404 ReturnStatus=0 hSrcAllocHandle=0x800043c0 hDstAllocHandle=0x0"
"15:34:45.8162277","184","12852","3792","hContext=1073759680 hWindow=0x0 VidPnSourceId=0 FlipInterval=1 Flags=4198404 ReturnStatus=0 hSrcAllocHandle=0x40005c80 hDstAllocHandle=0x0"
"15:34:45.9069405","184","12852","3792","hContext=1073759680 hWindow=0x0 VidPnSourceId=0 FlipInterval=1 Flags=4198404 ReturnStatus=0 hSrcAllocHandle=0x40005e00 hDstAllocHandle=0x0"
"15:34:45.9161264","184","12852","3792","hContext=1073759680 hWindow=0x0 VidPnSourceId=0 FlipInterval=1 Flags=4198404 ReturnStatus=0 hSrcAllocHandle=0x800043c0 hDstAllocHandle=0x0"
"15:34:45.9386159","184","12852","3792","hContext=1073759680 hWindow=0x0 VidPnSourceId=0 FlipInterval=1 Flags=4198404 ReturnStatus=0 hSrcAllocHandle=0x40005c80 hDstAllocHandle=0x0"
"15:34:46.0150406","184","12852","3792","hContext=1073759680 hWindow=0x0 VidPnSourceId=0 FlipInterval=1 Flags=4198404 ReturnStatus=0 hSrcAllocHandle=0x40005e00 hDstAllocHandle=0x0"
"15:34:46.0327323","184","12852","3792","hContext=1073759680 hWindow=0x0 VidPnSourceId=0 FlipInterval=1 Flags=4198404 ReturnStatus=0 hSrcAllocHandle=0x800043c0 hDstAllocHandle=0x0"
"15:34:46.1269350","184","12852","3792","hContext=1073759680 hWindow=0x0 VidPnSourceId=0 FlipInterval=1 Flags=4198404 ReturnStatus=0 hSrcAllocHandle=0x40005c80 hDstAllocHandle=0x0"
"15:34:46.1331579","184","12852","3792","hContext=1073759680 hWindow=0x0 VidPnSourceId=0 FlipInterval=1 Flags=4198404 ReturnStatus=0 hSrcAllocHandle=0x40005e00 hDstAllocHandle=0x0"
"15:34:46.2395235","171","12852","13196","hAdapter=0xffff910e86eb4820 Token=0xffff810669b4d160 Model=7 TokenSize=0 TokenData=4888 Flags=0x0 CustomDuration=0 VmBusChannel=0x0"
"15:34:46.2395421","184","12852","13196","hContext=1073742528 hWindow=0x0 VidPnSourceId=0 FlipInterval=0 Flags=32768 ReturnStatus=0 hSrcAllocHandle=0x40000540 hDstAllocHandle=0x0"
"15:34:46.2395594","172","4","880","hAdapter=0xffff910e8cd5c000 Token=0xffff810669b4d160 Model=0 TokenSize=0 TokenData=0 Flags=0x0 CustomDuration=0 VmBusChannel=0x0"
"15:34:46.4259259","184","12852","3792","hContext=1073759680 hWindow=0x0 VidPnSourceId=0 FlipInterval=1 Flags=4198404 ReturnStatus=0 hSrcAllocHandle=0x800043c0 hDstAllocHandle=0x0"
"15:34:46.4332043","184","12852","3792","hContext=1073759680 hWindow=0x0 VidPnSourceId=0 FlipInterval=1 Flags=4198404 ReturnStatus=0 hSrcAllocHandle=0x40005c80 hDstAllocHandle=0x0"
"15:34:46.4545581","184","12852","3792","hContext=1073759680 hWindow=0x0 VidPnSourceId=0 FlipInterval=1 Flags=4198404 ReturnStatus=0 hSrcAllocHandle=0x40005e00 hDstAllocHandle=0x0"
"15:34:46.4662795","184","12852","3792","hContext=1073759680 hWindow=0x0 VidPnSourceId=0 FlipInterval=1 Flags=4198404 ReturnStatus=0 hSrcAllocHandle=0x800043c0 hDstAllocHandle=0x0"
"15:34:46.5633239","184","12852","3792","hContext=1073759680 hWindow=0x0 VidPnSourceId=0 FlipInterval=1 Flags=4198404 ReturnStatus=0 hSrcAllocHandle=0x40005c80 hDstAllocHandle=0x0"
"15:34:46.5665969","184","12852","3792","hContext=1073759680 hWindow=0x0 VidPnSourceId=0 FlipInterval=1 Flags=4198404 ReturnStatus=0 hSrcAllocHandle=0x40005e00 hDstAllocHandle=0x0"
"15:34:46.6734091","184","12852","3792","hContext=1073759680 hWindow=0x0 VidPnSourceId=0 FlipInterval=1 Flags=4198404 ReturnStatus=0 hSrcAllocHandle=0x800043c0 hDstAllocHandle=0x0"
"15:34:46.6836318","184","12852","3792","hContext=1073759680 hWindow=0x0 VidPnSourceId=0 FlipInterval=1 Flags=4198404 ReturnStatus=0 hSrcAllocHandle=0x40005c80 hDstAllocHandle=0x0"
"15:34:46.7811086","184","12852","3792","hContext=1073759680 hWindow=0x0 VidPnSourceId=0 FlipInterval=1 Flags=4198404 ReturnStatus=0 hSrcAllocHandle=0x40005e00 hDstAllocHandle=0x0"
"15:34:46.7818644","171","12852","13196","hAdapter=0xffff910e86eb4820 Token=0xffff810669b4d160 Model=7 TokenSize=0 TokenData=5020 Flags=0x0 CustomDuration=0 VmBusChannel=0x0"
"15:34:46.7818775","184","12852","13196","hContext=1073742528 hWindow=0x0 VidPnSourceId=0 FlipInterval=0 Flags=32768 ReturnStatus=0 hSrcAllocHandle=0x40000540 hDstAllocHandle=0x0"
"15:34:46.7818863","172","4","880","hAdapter=0xffff910e8cd5c000 Token=0xffff810669b4d160 Model=0 TokenSize=0 TokenData=0 Flags=0x0 CustomDuration=0 VmBusChannel=0x0"
"15:34:46.7844119","184","12852","3792","hContext=1073759680 hWindow=0x0 VidPnSourceId=0 FlipInterval=1 Flags=4198404 ReturnStatus=0 hSrcAllocHandle=0x800043c0 hDstAllocHandle=0x0"
"15:34:46.8011428","184","12852","3792","hContext=1073759680 hWindow=0x0 VidPnSourceId=0 FlipInterval=1 Flags=4198404 ReturnStatus=0 hSrcAllocHandle=0x40005c80 hDstAllocHandle=0x0"
"15:34:46.8919713","184","12852","3792","hContext=1073759680 hWindow=0x0 VidPnSourceId=0 FlipInterval=1 Flags=4198404 ReturnStatus=0 hSrcAllocHandle=0x40005e00 hDstAllocHandle=0x0"
"15:34:46.9004791","184","12852","3792","hContext=1073759680 hWindow=0x0 VidPnSourceId=0 FlipInterval=1 Flags=4198404 ReturnStatus=0 hSrcAllocHandle=0x800043c0 hDstAllocHandle=0x0"
"15:34:46.9442815","184","12852","3792","hContext=1073759680 hWindow=0x0 VidPnSourceId=0 FlipInterval=1 Flags=4198404 ReturnStatus=0 hSrcAllocHandle=0x40005c80 hDstAllocHandle=0x0"
"15:34:46.9999807","184","12852","3792","hContext=1073759680 hWindow=0x0 VidPnSourceId=0 FlipInterval=1 Flags=4198404 ReturnStatus=0 hSrcAllocHandle=0x40005e00 hDstAllocHandle=0x0"
"15:34:47.0166632","184","12852","3792","hContext=1073759680 hWindow=0x0 VidPnSourceId=0 FlipInterval=1 Flags=4198404 ReturnStatus=0 hSrcAllocHandle=0x800043c0 hDstAllocHandle=0x0"
"15:34:47.1097921","184","12852","3792","hContext=1073759680 hWindow=0x0 VidPnSourceId=0 FlipInterval=1 Flags=4198404 ReturnStatus=0 hSrcAllocHandle=0x40005c80 hDstAllocHandle=0x0"
"15:34:47.1172099","184","12852","3792","hContext=1073759680 hWindow=0x0 VidPnSourceId=0 FlipInterval=1 Flags=4198404 ReturnStatus=0 hSrcAllocHandle=0x40005e00 hDstAllocHandle=0x0"
"15:34:47.2178878","184","12852","3792","hContext=1073759680 hWindow=0x0 VidPnSourceId=0 FlipInterval=1 Flags=4198404 ReturnStatus=0 hSrcAllocHandle=0x800043c0 hDstAllocHandle=0x0"
"15:34:47.2341339","184","12852","3792","hContext=1073759680 hWindow=0x0 VidPnSourceId=0 FlipInterval=1 Flags=4198404 ReturnStatus=0 hSrcAllocHandle=0x40005c80 hDstAllocHandle=0x0"
"15:34:47.3315711","184","12852","3792","hContext=1073759680 hWindow=0x0 VidPnSourceId=0 FlipInterval=1 Flags=4198404 ReturnStatus=0 hSrcAllocHandle=0x40005e00 hDstAllocHandle=0x0"
"15:34:47.3317635","171","12852","13196","hAdapter=0xffff910e86eb4820 Token=0xffff810669b4d160 Model=7 TokenSize=0 TokenData=5008 Flags=0x0 CustomDuration=0 VmBusChannel=0x0"
"15:34:47.3317754","184","12852","13196","hContext=1073742528 hWindow=0x0 VidPnSourceId=0 FlipInterval=0 Flags=32768 ReturnStatus=0 hSrcAllocHandle=0x40000540 hDstAllocHandle=0x0"
"15:34:47.3319894","172","4","876","hAdapter=0xffff910e8cd5c000 Token=0xffff810669b4d160 Model=0 TokenSize=0 TokenData=0 Flags=0x0 CustomDuration=0 VmBusChannel=0x0"
"15:34:47.6210328","184","12852","3792","hContext=1073759680 hWindow=0x0 VidPnSourceId=0 FlipInterval=1 Flags=4198404 ReturnStatus=0 hSrcAllocHandle=0x800043c0 hDstAllocHandle=0x0"
"15:34:47.6586444","184","12852","3792","hContext=1073759680 hWindow=0x0 VidPnSourceId=0 FlipInterval=1 Flags=4198404 ReturnStatus=0 hSrcAllocHandle=0x40005c80 hDstAllocHandle=0x0"
"15:34:47.6676717","184","12852","3792","hContext=1073759680 hWindow=0x0 VidPnSourceId=0 FlipInterval=1 Flags=4198404 ReturnStatus=0 hSrcAllocHandle=0x40005e00 hDstAllocHandle=0x0"
"15:34:47.7703689","184","12852","3792","hContext=1073759680 hWindow=0x0 VidPnSourceId=0 FlipInterval=1 Flags=4198404 ReturnStatus=0 hSrcAllocHandle=0x800043c0 hDstAllocHandle=0x0"
"15:34:47.7846102","184","12852","3792","hContext=1073759680 hWindow=0x0 VidPnSourceId=0 FlipInterval=1 Flags=4198404 ReturnStatus=0 hSrcAllocHandle=0x40005c80 hDstAllocHandle=0x0"
"15:34:47.8758922","184","12852","3792","hContext=1073759680 hWindow=0x0 VidPnSourceId=0 FlipInterval=1 Flags=4198404 ReturnStatus=0 hSrcAllocHandle=0x40005e00 hDstAllocHandle=0x0"
"15:34:47.8766412","171","12852","13196","hAdapter=0xffff910e86eb4820 Token=0xffff810669b4d160 Model=7 TokenSize=0 TokenData=5024 Flags=0x0 CustomDuration=0 VmBusChannel=0x0"
"15:34:47.8766626","184","12852","13196","hContext=1073742528 hWindow=0x0 VidPnSourceId=0 FlipInterval=0 Flags=32768 ReturnStatus=0 hSrcAllocHandle=0x40000540 hDstAllocHandle=0x0"
"15:34:47.8769541","172","4","876","hAdapter=0xffff910e8cd5c000 Token=0xffff810669b4d160 Model=0 TokenSize=0 TokenData=0 Flags=0x0 CustomDuration=0 VmBusChannel=0x0"
"15:34:47.8881609","184","12852","3792","hContext=1073759680 hWindow=0x0 VidPnSourceId=0 FlipInterval=1 Flags=4198404 ReturnStatus=0 hSrcAllocHandle=0x800043c0 hDstAllocHandle=0x0"
"15:34:47.9677178","184","12852","3792","hContext=1073759680 hWindow=0x0 VidPnSourceId=0 FlipInterval=1 Flags=4198404 ReturnStatus=0 hSrcAllocHandle=0x40005c80 hDstAllocHandle=0x0"
"15:34:47.9868839","184","12852","3792","hContext=1073759680 hWindow=0x0 VidPnSourceId=0 FlipInterval=1 Flags=4198404 ReturnStatus=0 hSrcAllocHandle=0x40005e00 hDstAllocHandle=0x0"
"15:34:48.0012925","184","12852","3792","hContext=1073759680 hWindow=0x0 VidPnSourceId=0 FlipInterval=1 Flags=4198404 ReturnStatus=0 hSrcAllocHandle=0x800043c0 hDstAllocHandle=0x0"
"15:34:48.0966473","184","12852","3792","hContext=1073759680 hWindow=0x0 VidPnSourceId=0 FlipInterval=1 Flags=4198404 ReturnStatus=0 hSrcAllocHandle=0x40005c80 hDstAllocHandle=0x0"
"15:34:48.1027026","184","12852","3792","hContext=1073759680 hWindow=0x0 VidPnSourceId=0 FlipInterval=1 Flags=4198404 ReturnStatus=0 hSrcAllocHandle=0x40005e00 hDstAllocHandle=0x0"
"15:34:48.2047510","184","12852","3792","hContext=1073759680 hWindow=0x0 VidPnSourceId=0 FlipInterval=1 Flags=4198404 ReturnStatus=0 hSrcAllocHandle=0x800043c0 hDstAllocHandle=0x0"
"15:34:48.2180139","184","12852","3792","hContext=1073759680 hWindow=0x0 VidPnSourceId=0 FlipInterval=1 Flags=4198404 ReturnStatus=0 hSrcAllocHandle=0x40005c80 hDstAllocHandle=0x0"
"15:34:48.3168044","184","12852","3792","hContext=1073759680 hWindow=0x0 VidPnSourceId=0 FlipInterval=1 Flags=4198404 ReturnStatus=0 hSrcAllocHandle=0x40005e00 hDstAllocHandle=0x0"
"15:34:48.3346066","184","12852","3792","hContext=1073759680 hWindow=0x0 VidPnSourceId=0 FlipInterval=1 Flags=4198404 ReturnStatus=0 hSrcAllocHandle=0x800043c0 hDstAllocHandle=0x0"
"15:34:48.4295187","184","12852","3792","hContext=1073759680 hWindow=0x0 VidPnSourceId=0 FlipInterval=1 Flags=4198404 ReturnStatus=0 hSrcAllocHandle=0x40005c80 hDstAllocHandle=0x0"
"15:34:48.4303281","171","12852","13196","hAdapter=0xffff910e86eb4820 Token=0xffff810669b4d160 Model=7 TokenSize=0 TokenData=4884 Flags=0x0 CustomDuration=0 VmBusChannel=0x0"
"15:34:48.4303465","184","12852","13196","hContext=1073742528 hWindow=0x0 VidPnSourceId=0 FlipInterval=0 Flags=32768 ReturnStatus=0 hSrcAllocHandle=0x40000540 hDstAllocHandle=0x0"
"15:34:48.4306931","172","4","876","hAdapter=0xffff910e8cd5c000 Token=0xffff810669b4d160 Model=0 TokenSize=0 TokenData=0 Flags=0x0 CustomDuration=0 VmBusChannel=0x0"
"15:34:48.4362088","184","12852","3792","hContext=1073759680 hWindow=0x0 VidPnSourceId=0 FlipInterval=1 Flags=4198404 ReturnStatus=0 hSrcAllocHandle=0x40005e00 hDstAllocHandle=0x0"
"15:34:48.4515794","184","12852","3792","hContext=1073759680 hWindow=0x0 VidPnSourceId=0 FlipInterval=1 Flags=4198404 ReturnStatus=0 hSrcAllocHandle=0x800043c0 hDstAllocHandle=0x0"
"15:34:48.5316376","184","12852","3792","hContext=1073759680 hWindow=0x0 VidPnSourceId=0 FlipInterval=1 Flags=4198404 ReturnStatus=0 hSrcAllocHandle=0x40005c80 hDstAllocHandle=0x0"
"15:34:48.8277524","184","12852","3792","hContext=1073759680 hWindow=0x0 VidPnSourceId=0 FlipInterval=1 Flags=4198404 ReturnStatus=0 hSrcAllocHandle=0x40005e00 hDstAllocHandle=0x0"
"15:34:48.8347352","184","12852","3792","hContext=1073759680 hWindow=0x0 VidPnSourceId=0 FlipInterval=1 Flags=4198404 ReturnStatus=0 hSrcAllocHandle=0x800043c0 hDstAllocHandle=0x0"
"15:34:48.8583420","184","12852","3792","hContext=1073759680 hWindow=0x0 VidPnSourceId=0 FlipInterval=1 Flags=4198404 ReturnStatus=0 hSrcAllocHandle=0x40005c80 hDstAllocHandle=0x0"
"15:34:48.8679769","184","12852","3792","hContext=1073759680 hWindow=0x0 VidPnSourceId=0 FlipInterval=1 Flags=4198404 ReturnStatus=0 hSrcAllocHandle=0x40005e00 hDstAllocHandle=0x0"
"15:34:48.9711020","171","12852","13196","hAdapter=0xffff910e86eb4820 Token=0xffff810669b4d160 Model=7 TokenSize=0 TokenData=4904 Flags=0x0 CustomDuration=0 VmBusChannel=0x0"
"15:34:48.9711153","184","12852","13196","hContext=1073742528 hWindow=0x0 VidPnSourceId=0 FlipInterval=0 Flags=32768 ReturnStatus=0 hSrcAllocHandle=0x40000540 hDstAllocHandle=0x0"
"15:34:48.9713221","172","4","876","hAdapter=0xffff910e8cd5c000 Token=0xffff810669b4d160 Model=0 TokenSize=0 TokenData=0 Flags=0x0 CustomDuration=0 VmBusChannel=0x0"
"15:34:48.9718270","184","12852","3792","hContext=1073759680 hWindow=0x0 VidPnSourceId=0 FlipInterval=1 Flags=4198404 ReturnStatus=0 hSrcAllocHandle=0x800043c0 hDstAllocHandle=0x0"
"15:34:48.9867814","184","12852","3792","hContext=1073759680 hWindow=0x0 VidPnSourceId=0 FlipInterval=1 Flags=4198404 ReturnStatus=0 hSrcAllocHandle=0x40005c80 hDstAllocHandle=0x0"
"15:34:49.0847318","184","12852","3792","hContext=1073759680 hWindow=0x0 VidPnSourceId=0 FlipInterval=1 Flags=4198404 ReturnStatus=0 hSrcAllocHandle=0x40005e00 hDstAllocHandle=0x0"
"15:34:49.1908550","184","12852","3792","hContext=1073759680 hWindow=0x0 VidPnSourceId=0 FlipInterval=1 Flags=4198404 ReturnStatus=0 hSrcAllocHandle=0x800043c0 hDstAllocHandle=0x0"
"15:34:49.2015295","184","12852","3792","hContext=1073759680 hWindow=0x0 VidPnSourceId=0 FlipInterval=1 Flags=4198404 ReturnStatus=0 hSrcAllocHandle=0x40005c80 hDstAllocHandle=0x0"
"15:34:49.2948476","184","12852","3792","hContext=1073759680 hWindow=0x0 VidPnSourceId=0 FlipInterval=1 Flags=4198404 ReturnStatus=0 hSrcAllocHandle=0x40005e00 hDstAllocHandle=0x0"
"15:34:49.3016341","184","12852","3792","hContext=1073759680 hWindow=0x0 VidPnSourceId=0 FlipInterval=1 Flags=4198404 ReturnStatus=0 hSrcAllocHandle=0x800043c0 hDstAllocHandle=0x0"
"15:34:49.4111766","184","12852","3792","hContext=1073759680 hWindow=0x0 VidPnSourceId=0 FlipInterval=1 Flags=4198404 ReturnStatus=0 hSrcAllocHandle=0x40005c80 hDstAllocHandle=0x0"
"15:34:49.4184501","184","12852","3792","hContext=1073759680 hWindow=0x0 VidPnSourceId=0 FlipInterval=1 Flags=4198404 ReturnStatus=0 hSrcAllocHandle=0x40005e00 hDstAllocHandle=0x0"
"15:34:49.4405829","184","12852","3792","hContext=1073759680 hWindow=0x0 VidPnSourceId=0 FlipInterval=1 Flags=4198404 ReturnStatus=0 hSrcAllocHandle=0x800043c0 hDstAllocHandle=0x0"
"15:34:49.5192111","184","12852","3792","hContext=1073759680 hWindow=0x0 VidPnSourceId=0 FlipInterval=1 Flags=4198404 ReturnStatus=0 hSrcAllocHandle=0x40005c80 hDstAllocHandle=0x0"
"15:34:49.5200849","171","12852","13196","hAdapter=0xffff910e86eb4820 Token=0xffff810669b4d160 Model=7 TokenSize=0 TokenData=4904 Flags=0x0 CustomDuration=0 VmBusChannel=0x0"
"15:34:49.5200998","184","12852","13196","hContext=1073742528 hWindow=0x0 VidPnSourceId=0 FlipInterval=0 Flags=32768 ReturnStatus=0 hSrcAllocHandle=0x40000540 hDstAllocHandle=0x0"
"15:34:49.5202628","172","4","876","hAdapter=0xffff910e8cd5c000 Token=0xffff810669b4d160 Model=0 TokenSize=0 TokenData=0 Flags=0x0 CustomDuration=0 VmBusChannel=0x0"
"15:34:49.5371056","184","12852","3792","hContext=1073759680 hWindow=0x0 VidPnSourceId=0 FlipInterval=1 Flags=4198404 ReturnStatus=0 hSrcAllocHandle=0x40005e00 hDstAllocHandle=0x0"
"15:34:49.6358302","184","12852","3792","hContext=1073759680 hWindow=0x0 VidPnSourceId=0 FlipInterval=1 Flags=4198404 ReturnStatus=0 hSrcAllocHandle=0x800043c0 hDstAllocHandle=0x0"
"15:34:49.7331743","184","12852","3792","hContext=1073759680 hWindow=0x0 VidPnSourceId=0 FlipInterval=1 Flags=4198404 ReturnStatus=0 hSrcAllocHandle=0x40005c80 hDstAllocHandle=0x0"
"15:34:49.7352269","184","12852","3792","hContext=1073759680 hWindow=0x0 VidPnSourceId=0 FlipInterval=1 Flags=4198404 ReturnStatus=0 hSrcAllocHandle=0x40005e00 hDstAllocHandle=0x0"
"15:34:49.8455309","184","12852","3792","hContext=1073759680 hWindow=0x0 VidPnSourceId=0 FlipInterval=1 Flags=4198404 ReturnStatus=0 hSrcAllocHandle=0x800043c0 hDstAllocHandle=0x0"
"15:34:49.8522670","184","12852","3792","hContext=1073759680 hWindow=0x0 VidPnSourceId=0 FlipInterval=1 Flags=4198404 ReturnStatus=0 hSrcAllocHandle=0x40005c80 hDstAllocHandle=0x0"
"15:34:50.0653192","171","12852","13196","hAdapter=0xffff910e86eb4820 Token=0xffff810669b4d160 Model=7 TokenSize=0 TokenData=4888 Flags=0x0 CustomDuration=0 VmBusChannel=0x0"
"15:34:50.0653348","184","12852","13196","hContext=1073742528 hWindow=0x0 VidPnSourceId=0 FlipInterval=0 Flags=32768 ReturnStatus=0 hSrcAllocHandle=0x40000540 hDstAllocHandle=0x0"
"15:34:50.0653436","172","4","880","hAdapter=0xffff910e8cd5c000 Token=0xffff810669b4d160 Model=0 TokenSize=0 TokenData=0 Flags=0x0 CustomDuration=0 VmBusChannel=0x0"
"15:34:50.1567456","184","12852","3792","hContext=1073759680 hWindow=0x0 VidPnSourceId=0 FlipInterval=1 Flags=4198404 ReturnStatus=0 hSrcAllocHandle=0x40005e00 hDstAllocHandle=0x0"
"15:34:50.1696991","184","12852","3792","hContext=1073759680 hWindow=0x0 VidPnSourceId=0 FlipInterval=1 Flags=4198404 ReturnStatus=0 hSrcAllocHandle=0x800043c0 hDstAllocHandle=0x0"
"15:34:50.1861881","184","12852","3792","hContext=1073759680 hWindow=0x0 VidPnSourceId=0 FlipInterval=1 Flags=4198404 ReturnStatus=0 hSrcAllocHandle=0x40005c80 hDstAllocHandle=0x0"
"15:34:50.2818310","184","12852","3792","hContext=1073759680 hWindow=0x0 VidPnSourceId=0 FlipInterval=1 Flags=4198404 ReturnStatus=0 hSrcAllocHandle=0x40005e00 hDstAllocHandle=0x0"
"15:34:50.2860364","184","12852","3792","hContext=1073759680 hWindow=0x0 VidPnSourceId=0 FlipInterval=1 Flags=4198404 ReturnStatus=0 hSrcAllocHandle=0x800043c0 hDstAllocHandle=0x0"
"15:34:50.3900627","184","12852","3792","hContext=1073759680 hWindow=0x0 VidPnSourceId=0 FlipInterval=1 Flags=4198404 ReturnStatus=0 hSrcAllocHandle=0x40005c80 hDstAllocHandle=0x0"
"15:34:50.4029478","184","12852","3792","hContext=1073759680 hWindow=0x0 VidPnSourceId=0 FlipInterval=1 Flags=4198404 ReturnStatus=0 hSrcAllocHandle=0x40005e00 hDstAllocHandle=0x0"
"15:34:50.4355047","184","12852","3792","hContext=1073759680 hWindow=0x0 VidPnSourceId=0 FlipInterval=1 Flags=4198404 ReturnStatus=0 hSrcAllocHandle=0x800043c0 hDstAllocHandle=0x0"
"15:34:50.5042506","184","12852","3792","hContext=1073759680 hWindow=0x0 VidPnSourceId=0 FlipInterval=1 Flags=4198404 ReturnStatus=0 hSrcAllocHandle=0x40005c80 hDstAllocHandle=0x0"
"15:34:50.5193409","184","12852","3792","hContext=1073759680 hWindow=0x0 VidPnSourceId=0 FlipInterval=1 Flags=4198404 ReturnStatus=0 hSrcAllocHandle=0x40005e00 hDstAllocHandle=0x0"
"15:34:50.6161454","184","12852","3792","hContext=1073759680 hWindow=0x0 VidPnSourceId=0 FlipInterval=1 Flags=4198404 ReturnStatus=0 hSrcAllocHandle=0x800043c0 hDstAllocHandle=0x0"
"15:34:50.6164834","171","12852","13196","hAdapter=0xffff910e86eb4820 Token=0xffff810669b4d160 Model=7 TokenSize=0 TokenData=5012 Flags=0x0 CustomDuration=0 VmBusChannel=0x0"
"15:34:50.6165067","184","12852","13196","hContext=1073742528 hWindow=0x0 VidPnSourceId=0 FlipInterval=0 Flags=32768 ReturnStatus=0 hSrcAllocHandle=0x40000540 hDstAllocHandle=0x0"
"15:34:50.6165420","172","4","876","hAdapter=0xffff910e8cd5c000 Token=0xffff810669b4d160 Model=0 TokenSize=0 TokenData=0 Flags=0x0 CustomDuration=0 VmBusChannel=0x0"
"15:34:50.6211010","184","12852","3792","hContext=1073759680 hWindow=0x0 VidPnSourceId=0 FlipInterval=1 Flags=4198404 ReturnStatus=0 hSrcAllocHandle=0x40005c80 hDstAllocHandle=0x0"
"15:34:50.6361082","184","12852","3792","hContext=1073759680 hWindow=0x0 VidPnSourceId=0 FlipInterval=1 Flags=4198404 ReturnStatus=0 hSrcAllocHandle=0x40005e00 hDstAllocHandle=0x0"
"15:34:50.7235866","184","12852","3792","hContext=1073759680 hWindow=0x0 VidPnSourceId=0 FlipInterval=1 Flags=4198404 ReturnStatus=0 hSrcAllocHandle=0x800043c0 hDstAllocHandle=0x0"
"15:34:50.7360482","184","12852","3792","hContext=1073759680 hWindow=0x0 VidPnSourceId=0 FlipInterval=1 Flags=4198404 ReturnStatus=0 hSrcAllocHandle=0x40005c80 hDstAllocHandle=0x0"
"15:34:50.8281266","184","12852","3792","hContext=1073759680 hWindow=0x0 VidPnSourceId=0 FlipInterval=1 Flags=4198404 ReturnStatus=0 hSrcAllocHandle=0x40005e00 hDstAllocHandle=0x0"
"15:34:50.8362290","184","12852","3792","hContext=1073759680 hWindow=0x0 VidPnSourceId=0 FlipInterval=1 Flags=4198404 ReturnStatus=0 hSrcAllocHandle=0x800043c0 hDstAllocHandle=0x0"
"15:34:50.9364423","184","12852","3792","hContext=1073759680 hWindow=0x0 VidPnSourceId=0 FlipInterval=1 Flags=4198404 ReturnStatus=0 hSrcAllocHandle=0x40005c80 hDstAllocHandle=0x0"
"15:34:50.9529452","184","12852","3792","hContext=1073759680 hWindow=0x0 VidPnSourceId=0 FlipInterval=1 Flags=4198404 ReturnStatus=0 hSrcAllocHandle=0x40005e00 hDstAllocHandle=0x0"
"15:34:51.0499786","184","12852","3792","hContext=1073759680 hWindow=0x0 VidPnSourceId=0 FlipInterval=1 Flags=4198404 ReturnStatus=0 hSrcAllocHandle=0x800043c0 hDstAllocHandle=0x0"
"15:34:51.0530605","184","12852","3792","hContext=1073759680 hWindow=0x0 VidPnSourceId=0 FlipInterval=1 Flags=4198404 ReturnStatus=0 hSrcAllocHandle=0x40005c80 hDstAllocHandle=0x0"
"15:34:51.1575673","171","12852","13196","hAdapter=0xffff910e86eb4820 Token=0xffff810669b4d160 Model=7 TokenSize=0 TokenData=5040 Flags=0x0 CustomDuration=0 VmBusChannel=0x0"
"15:34:51.1575987","184","12852","13196","hContext=1073742528 hWindow=0x0 VidPnSourceId=0 FlipInterval=0 Flags=32768 ReturnStatus=0 hSrcAllocHandle=0x40000540 hDstAllocHandle=0x0"
"15:34:51.1577311","172","4","876","hAdapter=0xffff910e8cd5c000 Token=0xffff810669b4d160 Model=0 TokenSize=0 TokenData=0 Flags=0x0 CustomDuration=0 VmBusChannel=0x0"
"15:34:51.3448849","184","12852","3792","hContext=1073759680 hWindow=0x0 VidPnSourceId=0 FlipInterval=1 Flags=4198404 ReturnStatus=0 hSrcAllocHandle=0x40005e00 hDstAllocHandle=0x0"
"15:34:51.3534786","184","12852","3792","hContext=1073759680 hWindow=0x0 VidPnSourceId=0 FlipInterval=1 Flags=4198404 ReturnStatus=0 hSrcAllocHandle=0x800043c0 hDstAllocHandle=0x0"
"15:34:51.3775527","184","12852","3792","hContext=1073759680 hWindow=0x0 VidPnSourceId=0 FlipInterval=1 Flags=4198404 ReturnStatus=0 hSrcAllocHandle=0x40005c80 hDstAllocHandle=0x0"
"15:34:51.3873493","184","12852","3792","hContext=1073759680 hWindow=0x0 VidPnSourceId=0 FlipInterval=1 Flags=4198404 ReturnStatus=0 hSrcAllocHandle=0x40005e00 hDstAllocHandle=0x0"
"15:34:51.4430255","184","12852","3792","hContext=1073759680 hWindow=0x0 VidPnSourceId=0 FlipInterval=1 Flags=4198404 ReturnStatus=0 hSrcAllocHandle=0x800043c0 hDstAllocHandle=0x0"
"15:34:51.4865054","184","12852","3792","hContext=1073759680 hWindow=0x0 VidPnSourceId=0 FlipInterval=1 Flags=4198404 ReturnStatus=0 hSrcAllocHandle=0x40005c80 hDstAllocHandle=0x0"
"15:34:51.5033244","184","12852","3792","hContext=1073759680 hWindow=0x0 VidPnSourceId=0 FlipInterval=1 Flags=4198404 ReturnStatus=0 hSrcAllocHandle=0x40005e00 hDstAllocHandle=0x0"
"15:34:51.5976331","184","12852","3792","hContext=1073759680 hWindow=0x0 VidPnSourceId=0 FlipInterval=1 Flags=4198404 ReturnStatus=0 hSrcAllocHandle=0x800043c0 hDstAllocHandle=0x0"
"15:34:51.6041739","184","12852","3792","hContext=1073759680 hWindow=0x0 VidPnSourceId=0 FlipInterval=1 Flags=4198404 ReturnStatus=0 hSrcAllocHandle=0x40005c80 hDstAllocHandle=0x0"
"15:34:51.7080516","184","12852","3792","hContext=1073759680 hWindow=0x0 VidPnSourceId=0 FlipInterval=1 Flags=4198404 ReturnStatus=0 hSrcAllocHandle=0x40005e00 hDstAllocHandle=0x0"
"15:34:51.7087878","171","12852","13196","hAdapter=0xffff910e86eb4820 Token=0xffff810669b4d160 Model=7 TokenSize=0 TokenData=4340 Flags=0x0 CustomDuration=0 VmBusChannel=0x0"
"15:34:51.7088115","184","12852","13196","hContext=1073742528 hWindow=0x0 VidPnSourceId=0 FlipInterval=0 Flags=32768 ReturnStatus=0 hSrcAllocHandle=0x40000540 hDstAllocHandle=0x0"
"15:34:51.7088459","172","4","880","hAdapter=0xffff910e8cd5c000 Token=0xffff810669b4d160 Model=0 TokenSize=0 TokenData=0 Flags=0x0 CustomDuration=0 VmBusChannel=0x0"
"15:34:51.7246675","184","12852","3792","hContext=1073759680 hWindow=0x0 VidPnSourceId=0 FlipInterval=1 Flags=4198404 ReturnStatus=0 hSrcAllocHandle=0x800043c0 hDstAllocHandle=0x0"
"15:34:51.8212486","184","12852","3792","hContext=1073759680 hWindow=0x0 VidPnSourceId=0 FlipInterval=1 Flags=4198404 ReturnStatus=0 hSrcAllocHandle=0x40005c80 hDstAllocHandle=0x0"
"15:34:51.9210977","184","12852","3792","hContext=1073759680 hWindow=0x0 VidPnSourceId=0 FlipInterval=1 Flags=4198404 ReturnStatus=0 hSrcAllocHandle=0x40005e00 hDstAllocHandle=0x0"
"15:34:51.9376996","184","12852","3792","hContext=1073759680 hWindow=0x0 VidPnSourceId=0 FlipInterval=1 Flags=4198404 ReturnStatus=0 hSrcAllocHandle=0x800043c0 hDstAllocHandle=0x0"
"15:34:52.0310626","184","12852","3792","hContext=1073759680 hWindow=0x0 VidPnSourceId=0 FlipInterval=1 Flags=4198404 ReturnStatus=0 hSrcAllocHandle=0x40005c80 hDstAllocHandle=0x0"
"15:34:52.0373932","184","12852","3792","hContext=1073759680 hWindow=0x0 VidPnSourceId=0 FlipInterval=1 Flags=4198404 ReturnStatus=0 hSrcAllocHandle=0x40005e00 hDstAllocHandle=0x0"
"15:34:52.1443923","184","12852","3792","hContext=1073759680 hWindow=0x0 VidPnSourceId=0 FlipInterval=1 Flags=4198404 ReturnStatus=0 hSrcAllocHandle=0x800043c0 hDstAllocHandle=0x0"
"15:34:52.1547992","184","12852","3792","hContext=1073759680 hWindow=0x0 VidPnSourceId=0 FlipInterval=1 Flags=4198404 ReturnStatus=0 hSrcAllocHandle=0x40005c80 hDstAllocHandle=0x0"
"15:34:52.2515921","184","12852","3792","hContext=1073759680 hWindow=0x0 VidPnSourceId=0 FlipInterval=1 Flags=4198404 ReturnStatus=0 hSrcAllocHandle=0x40005e00 hDstAllocHandle=0x0"
"15:34:52.2520897","171","12852","13196","hAdapter=0xffff910e86eb4820 Token=0xffff810669b4d160 Model=7 TokenSize=0 TokenData=4884 Flags=0x0 CustomDuration=0 VmBusChannel=0x0"
"15:34:52.2521237","184","12852","13196","hContext=1073742528 hWindow=0x0 VidPnSourceId=0 FlipInterval=0 Flags=32768 ReturnStatus=0 hSrcAllocHandle=0x40000540 hDstAllocHandle=0x0"
"15:34:52.2523233","172","4","876","hAdapter=0xffff910e8cd5c000 Token=0xffff810669b4d160 Model=0 TokenSize=0 TokenData=0 Flags=0x0 CustomDuration=0 VmBusChannel=0x0"
"15:34:52.2582703","184","12852","3792","hContext=1073759680 hWindow=0x0 VidPnSourceId=0 FlipInterval=1 Flags=4198404 ReturnStatus=0 hSrcAllocHandle=0x800043c0 hDstAllocHandle=0x0"
"15:34:52.5590554","184","12852","3792","hContext=1073759680 hWindow=0x0 VidPnSourceId=0 FlipInterval=1 Flags=4198404 ReturnStatus=0 hSrcAllocHandle=0x40005c80 hDstAllocHandle=0x0"
"15:34:52.5714439","184","12852","3792","hContext=1073759680 hWindow=0x0 VidPnSourceId=0 FlipInterval=1 Flags=4198404 ReturnStatus=0 hSrcAllocHandle=0x40005e00 hDstAllocHandle=0x0"
"15:34:52.5883838","184","12852","3792","hContext=1073759680 hWindow=0x0 VidPnSourceId=0 FlipInterval=1 Flags=4198404 ReturnStatus=0 hSrcAllocHandle=0x800043c0 hDstAllocHandle=0x0"
"15:34:52.6906610","184","12852","3792","hContext=1073759680 hWindow=0x0 VidPnSourceId=0 FlipInterval=1 Flags=4198404 ReturnStatus=0 hSrcAllocHandle=0x40005c80 hDstAllocHandle=0x0"
"15:34:52.7051399","184","12852","3792","hContext=1073759680 hWindow=0x0 VidPnSourceId=0 FlipInterval=1 Flags=4198404 ReturnStatus=0 hSrcAllocHandle=0x40005e00 hDstAllocHandle=0x0"
"15:34:52.8050122","184","12852","3792","hContext=1073759680 hWindow=0x0 VidPnSourceId=0 FlipInterval=1 Flags=4198404 ReturnStatus=0 hSrcAllocHandle=0x800043c0 hDstAllocHandle=0x0"
"15:34:52.8058640","171","12852","13196","hAdapter=0xffff910e86eb4820 Token=0xffff810669b4d160 Model=7 TokenSize=0 TokenData=4884 Flags=0x0 CustomDuration=0 VmBusChannel=0x0"
"15:34:52.8059068","184","12852","13196","hContext=1073742528 hWindow=0x0 VidPnSourceId=0 FlipInterval=0 Flags=32768 ReturnStatus=0 hSrcAllocHandle=0x40000540 hDstAllocHandle=0x0"
"15:34:52.8061501","172","4","876","hAdapter=0xffff910e8cd5c000 Token=0xffff810669b4d160 Model=0 TokenSize=0 TokenData=0 Flags=0x0 CustomDuration=0 VmBusChannel=0x0"
"15:34:52.8226015","184","12852","3792","hContext=1073759680 hWindow=0x0 VidPnSourceId=0 FlipInterval=1 Flags=4198404 ReturnStatus=0 hSrcAllocHandle=0x40005c80 hDstAllocHandle=0x0"
"15:34:52.9221970","184","12852","3792","hContext=1073759680 hWindow=0x0 VidPnSourceId=0 FlipInterval=1 Flags=4198404 ReturnStatus=0 hSrcAllocHandle=0x40005e00 hDstAllocHandle=0x0"
"15:34:53.0169987","184","12852","3792","hContext=1073759680 hWindow=0x0 VidPnSourceId=0 FlipInterval=1 Flags=4198404 ReturnStatus=0 hSrcAllocHandle=0x800043c0 hDstAllocHandle=0x0"
"15:34:53.0219254","184","12852","3792","hContext=1073759680 hWindow=0x0 VidPnSourceId=0 FlipInterval=1 Flags=4198404 ReturnStatus=0 hSrcAllocHandle=0x40005c80 hDstAllocHandle=0x0"
"15:34:53.1280232","184","12852","3792","hContext=1073759680 hWindow=0x0 VidPnSourceId=0 FlipInterval=1 Flags=4198404 ReturnStatus=0 hSrcAllocHandle=0x40005e00 hDstAllocHandle=0x0"
"15:34:53.1383796","184","12852","3792","hContext=1073759680 hWindow=0x0 VidPnSourceId=0 FlipInterval=1 Flags=4198404 ReturnStatus=0 hSrcAllocHandle=0x800043c0 hDstAllocHandle=0x0"
"15:34:53.2389943","184","12852","3792","hContext=1073759680 hWindow=0x0 VidPnSourceId=0 FlipInterval=1 Flags=4198404 ReturnStatus=0 hSrcAllocHandle=0x40005c80 hDstAllocHandle=0x0"
"15:34:53.2556097","184","12852","3792","hContext=1073759680 hWindow=0x0 VidPnSourceId=0 FlipInterval=1 Flags=4198404 ReturnStatus=0 hSrcAllocHandle=0x40005e00 hDstAllocHandle=0x0"
"15:34:53.3485657","184","12852","3792","hContext=1073759680 hWindow=0x0 VidPnSourceId=0 FlipInterval=1 Flags=4198404 ReturnStatus=0 hSrcAllocHandle=0x800043c0 hDstAllocHandle=0x0"
"15:34:53.3494645","171","12852","13196","hAdapter=0xffff910e86eb4820 Token=0xffff810669b4d160 Model=7 TokenSize=0 TokenData=4964 Flags=0x0 CustomDuration=0 VmBusChannel=0x0"
"15:34:53.3495030","184","12852","13196","hContext=1073742528 hWindow=0x0 VidPnSourceId=0 FlipInterval=0 Flags=32768 ReturnStatus=0 hSrcAllocHandle=0x40000540 hDstAllocHandle=0x0"
"15:34:53.3497699","172","4","876","hAdapter=0xffff910e8cd5c000 Token=0xffff810669b4d160 Model=0 TokenSize=0 TokenData=0 Flags=0x0 CustomDuration=0 VmBusChannel=0x0"
"15:34:53.3579158","184","12852","3792","hContext=1073759680 hWindow=0x0 VidPnSourceId=0 FlipInterval=1 Flags=4198404 ReturnStatus=0 hSrcAllocHandle=0x40005c80 hDstAllocHandle=0x0"
"15:34:53.4556271","184","12852","3792","hContext=1073759680 hWindow=0x0 VidPnSourceId=0 FlipInterval=1 Flags=4198404 ReturnStatus=0 hSrcAllocHandle=0x40005e00 hDstAllocHandle=0x0"
"15:34:53.5608030","184","12852","3792","hContext=1073759680 hWindow=0x0 VidPnSourceId=0 FlipInterval=1 Flags=4198404 ReturnStatus=0 hSrcAllocHandle=0x800043c0 hDstAllocHandle=0x0"
"15:34:53.5720173","184","12852","3792","hContext=1073759680 hWindow=0x0 VidPnSourceId=0 FlipInterval=1 Flags=4198404 ReturnStatus=0 hSrcAllocHandle=0x40005c80 hDstAllocHandle=0x0"
"15:34:53.6734354","184","12852","3792","hContext=1073759680 hWindow=0x0 VidPnSourceId=0 FlipInterval=1 Flags=4198404 ReturnStatus=0 hSrcAllocHandle=0x40005e00 hDstAllocHandle=0x0"
"15:34:53.8951101","171","12852","13196","hAdapter=0xffff910e86eb4820 Token=0xffff810669b4d160 Model=7 TokenSize=0 TokenData=5000 Flags=0x0 CustomDuration=0 VmBusChannel=0x0"
"15:34:53.8951278","184","12852","13196","hContext=1073742528 hWindow=0x0 VidPnSourceId=0 FlipInterval=0 Flags=32768 ReturnStatus=0 hSrcAllocHandle=0x40000540 hDstAllocHandle=0x0"
"15:34:53.8953199","172","4","876","hAdapter=0xffff910e8cd5c000 Token=0xffff810669b4d160 Model=0 TokenSize=0 TokenData=0 Flags=0x0 CustomDuration=0 VmBusChannel=0x0"
"15:34:53.9775867","184","12852","3792","hContext=1073759680 hWindow=0x0 VidPnSourceId=0 FlipInterval=1 Flags=4198404 ReturnStatus=0 hSrcAllocHandle=0x800043c0 hDstAllocHandle=0x0"
"15:34:53.9937289","184","12852","3792","hContext=1073759680 hWindow=0x0 VidPnSourceId=0 FlipInterval=1 Flags=4198404 ReturnStatus=0 hSrcAllocHandle=0x40005c80 hDstAllocHandle=0x0"
"15:34:54.0056188","184","12852","3792","hContext=1073759680 hWindow=0x0 VidPnSourceId=0 FlipInterval=1 Flags=4198404 ReturnStatus=0 hSrcAllocHandle=0x40005e00 hDstAllocHandle=0x0"
"15:34:54.1109039","184","12852","3792","hContext=1073759680 hWindow=0x0 VidPnSourceId=0 FlipInterval=1 Flags=4198404 ReturnStatus=0 hSrcAllocHandle=0x800043c0 hDstAllocHandle=0x0"
"15:34:54.1224197","184","12852","3792","hContext=1073759680 hWindow=0x0 VidPnSourceId=0 FlipInterval=1 Flags=4198404 ReturnStatus=0 hSrcAllocHandle=0x40005c80 hDstAllocHandle=0x0"
"15:34:54.2229915","184","12852","3792","hContext=1073759680 hWindow=0x0 VidPnSourceId=0 FlipInterval=1 Flags=4198404 ReturnStatus=0 hSrcAllocHandle=0x40005e00 hDstAllocHandle=0x0"
"15:34:54.2389779","184","12852","3792","hContext=1073759680 hWindow=0x0 VidPnSourceId=0 FlipInterval=1 Flags=4198404 ReturnStatus=0 hSrcAllocHandle=0x800043c0 hDstAllocHandle=0x0"
"15:34:54.3313091","184","12852","3792","hContext=1073759680 hWindow=0x0 VidPnSourceId=0 FlipInterval=1 Flags=4198404 ReturnStatus=0 hSrcAllocHandle=0x40005c80 hDstAllocHandle=0x0"
"15:34:54.3393967","184","12852","3792","hContext=1073759680 hWindow=0x0 VidPnSourceId=0 FlipInterval=1 Flags=4198404 ReturnStatus=0 hSrcAllocHandle=0x40005e00 hDstAllocHandle=0x0"
"15:34:54.4418229","184","12852","3792","hContext=1073759680 hWindow=0x0 VidPnSourceId=0 FlipInterval=1 Flags=4198404 ReturnStatus=0 hSrcAllocHandle=0x800043c0 hDstAllocHandle=0x0"
"15:34:54.4420325","171","12852","13196","hAdapter=0xffff910e86eb4820 Token=0xffff810669b4d160 Model=7 TokenSize=0 TokenData=4944 Flags=0x0 CustomDuration=0 VmBusChannel=0x0"
"15:34:54.4420453","184","12852","13196","hContext=1073742528 hWindow=0x0 VidPnSourceId=0 FlipInterval=0 Flags=32768 ReturnStatus=0 hSrcAllocHandle=0x40000540 hDstAllocHandle=0x0"
"15:34:54.4422054","172","4","876","hAdapter=0xffff910e8cd5c000 Token=0xffff810669b4d160 Model=0 TokenSize=0 TokenData=0 Flags=0x0 CustomDuration=0 VmBusChannel=0x0"
"15:34:54.4584926","184","12852","3792","hContext=1073759680 hWindow=0x0 VidPnSourceId=0 FlipInterval=1 Flags=4198404 ReturnStatus=0 hSrcAllocHandle=0x40005c80 hDstAllocHandle=0x0"
"15:34:54.5570341","184","12852","3792","hContext=1073759680 hWindow=0x0 VidPnSourceId=0 FlipInterval=1 Flags=4198404 ReturnStatus=0 hSrcAllocHandle=0x40005e00 hDstAllocHandle=0x0"
"15:34:54.6586174","184","12852","3792","hContext=1073759680 hWindow=0x0 VidPnSourceId=0 FlipInterval=1 Flags=4198404 ReturnStatus=0 hSrcAllocHandle=0x800043c0 hDstAllocHandle=0x0"
"15:34:54.6733950","184","12852","3792","hContext=1073759680 hWindow=0x0 VidPnSourceId=0 FlipInterval=1 Flags=4198404 ReturnStatus=0 hSrcAllocHandle=0x40005c80 hDstAllocHandle=0x0"
"15:34:54.7683612","184","12852","3792","hContext=1073759680 hWindow=0x0 VidPnSourceId=0 FlipInterval=1 Flags=4198404 ReturnStatus=0 hSrcAllocHandle=0x40005e00 hDstAllocHandle=0x0"
"15:34:54.7734295","184","12852","3792","hContext=1073759680 hWindow=0x0 VidPnSourceId=0 FlipInterval=1 Flags=4198404 ReturnStatus=0 hSrcAllocHandle=0x800043c0 hDstAllocHandle=0x0"
"15:34:54.8765053","184","12852","3792","hContext=1073759680 hWindow=0x0 VidPnSourceId=0 FlipInterval=1 Flags=4198404 ReturnStatus=0 hSrcAllocHandle=0x40005c80 hDstAllocHandle=0x0"
"15:34:54.8903707","184","12852","3792","hContext=1073759680 hWindow=0x0 VidPnSourceId=0 FlipInterval=1 Flags=4198404 ReturnStatus=0 hSrcAllocHandle=0x40005e00 hDstAllocHandle=0x0"
"15:34:54.9930549","184","12852","3792","hContext=1073759680 hWindow=0x0 VidPnSourceId=0 FlipInterval=1 Flags=4198404 ReturnStatus=0 hSrcAllocHandle=0x800043c0 hDstAllocHandle=0x0"
"15:34:54.9950733","171","12852","13196","hAdapter=0xffff910e86eb4820 Token=0xffff810669b4d160 Model=7 TokenSize=0 TokenData=5028 Flags=0x0 CustomDuration=0 VmBusChannel=0x0"
"15:34:54.9951028","184","12852","13196","hContext=1073742528 hWindow=0x0 VidPnSourceId=0 FlipInterval=0 Flags=32768 ReturnStatus=0 hSrcAllocHandle=0x40000540 hDstAllocHandle=0x0"
"15:34:54.9951286","172","4","880","hAdapter=0xffff910e8cd5c000 Token=0xffff810669b4d160 Model=0 TokenSize=0 TokenData=0 Flags=0x0 CustomDuration=0 VmBusChannel=0x0"
"15:34:55.0082236","184","12852","3792","hContext=1073759680 hWindow=0x0 VidPnSourceId=0 FlipInterval=1 Flags=4198404 ReturnStatus=0 hSrcAllocHandle=0x40005c80 hDstAllocHandle=0x0"
"15:34:55.1073698","184","12852","3792","hContext=1073759680 hWindow=0x0 VidPnSourceId=0 FlipInterval=1 Flags=4198404 ReturnStatus=0 hSrcAllocHandle=0x40005e00 hDstAllocHandle=0x0"
"15:34:55.3978326","184","12852","3792","hContext=1073759680 hWindow=0x0 VidPnSourceId=0 FlipInterval=1 Flags=4198404 ReturnStatus=0 hSrcAllocHandle=0x800043c0 hDstAllocHandle=0x0"
"15:34:55.4245261","184","12852","3792","hContext=1073759680 hWindow=0x0 VidPnSourceId=0 FlipInterval=1 Flags=4198404 ReturnStatus=0 hSrcAllocHandle=0x40005c80 hDstAllocHandle=0x0"
"15:34:55.4404981","184","12852","3792","hContext=1073759680 hWindow=0x0 VidPnSourceId=0 FlipInterval=1 Flags=4198404 ReturnStatus=0 hSrcAllocHandle=0x40005e00 hDstAllocHandle=0x0"
"15:34:55.5342812","184","12852","3792","hContext=1073759680 hWindow=0x0 VidPnSourceId=0 FlipInterval=1 Flags=4198404 ReturnStatus=0 hSrcAllocHandle=0x800043c0 hDstAllocHandle=0x0"
"15:34:55.5363869","171","12852","13196","hAdapter=0xffff910e86eb4820 Token=0xffff810669b4d160 Model=7 TokenSize=0 TokenData=5056 Flags=0x0 CustomDuration=0 VmBusChannel=0x0"
"15:34:55.5364220","184","12852","13196","hContext=1073742528 hWindow=0x0 VidPnSourceId=0 FlipInterval=0 Flags=32768 ReturnStatus=0 hSrcAllocHandle=0x40000540 hDstAllocHandle=0x0"
"15:34:55.5364849","172","4","880","hAdapter=0xffff910e8cd5c000 Token=0xffff810669b4d160 Model=0 TokenSize=0 TokenData=0 Flags=0x0 CustomDuration=0 VmBusChannel=0x0"
"15:34:55.5438976","184","12852","3792","hContext=1073759680 hWindow=0x0 VidPnSourceId=0 FlipInterval=1 Flags=4198404 ReturnStatus=0 hSrcAllocHandle=0x40005c80 hDstAllocHandle=0x0"
"15:34:55.6573422","184","12852","3792","hContext=1073759680 hWindow=0x0 VidPnSourceId=0 FlipInterval=1 Flags=4198404 ReturnStatus=0 hSrcAllocHandle=0x40005e00 hDstAllocHandle=0x0"
"15:34:55.7494588","184","12852","3792","hContext=1073759680 hWindow=0x0 VidPnSourceId=0 FlipInterval=1 Flags=4198404 ReturnStatus=0 hSrcAllocHandle=0x800043c0 hDstAllocHandle=0x0"
"15:34:55.7576117","184","12852","3792","hContext=1073759680 hWindow=0x0 VidPnSourceId=0 FlipInterval=1 Flags=4198404 ReturnStatus=0 hSrcAllocHandle=0x40005c80 hDstAllocHandle=0x0"
"15:34:55.8615032","184","12852","3792","hContext=1073759680 hWindow=0x0 VidPnSourceId=0 FlipInterval=1 Flags=4198404 ReturnStatus=0 hSrcAllocHandle=0x40005e00 hDstAllocHandle=0x0"
"15:34:55.8743917","184","12852","3792","hContext=1073759680 hWindow=0x0 VidPnSourceId=0 FlipInterval=1 Flags=4198404 ReturnStatus=0 hSrcAllocHandle=0x800043c0 hDstAllocHandle=0x0"
"15:34:55.9445708","184","12852","3792","hContext=1073759680 hWindow=0x0 VidPnSourceId=0 FlipInterval=1 Flags=4198404 ReturnStatus=0 hSrcAllocHandle=0x40005c80 hDstAllocHandle=0x0"
"15:34:55.9735787","184","12852","3792","hContext=1073759680 hWindow=0x0 VidPnSourceId=0 FlipInterval=1 Flags=4198404 ReturnStatus=0 hSrcAllocHandle=0x40005e00 hDstAllocHandle=0x0"
"15:34:55.9908497","184","12852","3792","hContext=1073759680 hWindow=0x0 VidPnSourceId=0 FlipInterval=1 Flags=4198404 ReturnStatus=0 hSrcAllocHandle=0x800043c0 hDstAllocHandle=0x0"
"15:34:56.0811367","171","12852","13196","hAdapter=0xffff910e86eb4820 Token=0xffff810669b4d160 Model=7 TokenSize=0 TokenData=5060 Flags=0x0 CustomDuration=0 VmBusChannel=0x0"
"15:34:56.0811521","184","12852","13196","hContext=1073742528 hWindow=0x0 VidPnSourceId=0 FlipInterval=0 Flags=32768 ReturnStatus=0 hSrcAllocHandle=0x40000540 hDstAllocHandle=0x0"
"15:34:56.0813406","172","4","876","hAdapter=0xffff910e8cd5c000 Token=0xffff810669b4d160 Model=0 TokenSize=0 TokenData=0 Flags=0x0 CustomDuration=0 VmBusChannel=0x0"
"15:34:56.0817656","184","12852","3792","hContext=1073759680 hWindow=0x0 VidPnSourceId=0 FlipInterval=1 Flags=4198404 ReturnStatus=0 hSrcAllocHandle=0x40005c80 hDstAllocHandle=0x0"
"15:34:56.0920047","184","12852","3792","hContext=1073759680 hWindow=0x0 VidPnSourceId=0 FlipInterval=1 Flags=4198404 ReturnStatus=0 hSrcAllocHandle=0x40005e00 hDstAllocHandle=0x0"
"15:34:56.1907072","184","12852","3792","hContext=1073759680 hWindow=0x0 VidPnSourceId=0 FlipInterval=1 Flags=4198404 ReturnStatus=0 hSrcAllocHandle=0x800043c0 hDstAllocHandle=0x0"
"15:34:56.2949275","184","12852","3792","hContext=1073759680 hWindow=0x0 VidPnSourceId=0 FlipInterval=1 Flags=4198404 ReturnStatus=0 hSrcAllocHandle=0x40005c80 hDstAllocHandle=0x0"
"15:34:56.3075265","184","12852","3792","hContext=1073759680 hWindow=0x0 VidPnSourceId=0 FlipInterval=1 Flags=4198404 ReturnStatus=0 hSrcAllocHandle=0x40005e00 hDstAllocHandle=0x0"
"15:34:56.4071980","184","12852","3792","hContext=1073759680 hWindow=0x0 VidPnSourceId=0 FlipInterval=1 Flags=4198404 ReturnStatus=0 hSrcAllocHandle=0x800043c0 hDstAllocHandle=0x0"
"15:34:56.4242101","184","12852","3792","hContext=1073759680 hWindow=0x0 VidPnSourceId=0 FlipInterval=1 Flags=4198404 ReturnStatus=0 hSrcAllocHandle=0x40005c80 hDstAllocHandle=0x0"
"15:34:56.6278950","171","12852","13196","hAdapter=0xffff910e86eb4820 Token=0xffff810669b4d160 Model=7 TokenSize=0 TokenData=5044 Flags=0x0 CustomDuration=0 VmBusChannel=0x0"
"15:34:56.6279171","184","12852","13196","hContext=1073742528 hWindow=0x0 VidPnSourceId=0 FlipInterval=0 Flags=32768 ReturnStatus=0 hSrcAllocHandle=0x40000540 hDstAllocHandle=0x0"
"15:34:56.6279648","172","4","876","hAdapter=0xffff910e8cd5c000 Token=0xffff810669b4d160 Model=0 TokenSize=0 TokenData=0 Flags=0x0 CustomDuration=0 VmBusChannel=0x0"
"15:34:56.7156825","184","12852","3792","hContext=1073759680 hWindow=0x0 VidPnSourceId=0 FlipInterval=1 Flags=4198404 ReturnStatus=0 hSrcAllocHandle=0x40005e00 hDstAllocHandle=0x0"
"15:34:56.7248969","184","12852","3792","hContext=1073759680 hWindow=0x0 VidPnSourceId=0 FlipInterval=1 Flags=4198404 ReturnStatus=0 hSrcAllocHandle=0x800043c0 hDstAllocHandle=0x0"
"15:34:56.7412143","184","12852","3792","hContext=1073759680 hWindow=0x0 VidPnSourceId=0 FlipInterval=1 Flags=4198404 ReturnStatus=0 hSrcAllocHandle=0x40005c80 hDstAllocHandle=0x0"
"15:34:56.8433054","184","12852","3792","hContext=1073759680 hWindow=0x0 VidPnSourceId=0 FlipInterval=1 Flags=4198404 ReturnStatus=0 hSrcAllocHandle=0x40005e00 hDstAllocHandle=0x0"
"15:34:56.8582364","184","12852","3792","hContext=1073759680 hWindow=0x0 VidPnSourceId=0 FlipInterval=1 Flags=4198404 ReturnStatus=0 hSrcAllocHandle=0x800043c0 hDstAllocHandle=0x0"
"15:34:56.9535702","184","12852","3792","hContext=1073759680 hWindow=0x0 VidPnSourceId=0 FlipInterval=1 Flags=4198404 ReturnStatus=0 hSrcAllocHandle=0x40005c80 hDstAllocHandle=0x0"
"15:34:56.9583147","184","12852","3792","hContext=1073759680 hWindow=0x0 VidPnSourceId=0 FlipInterval=1 Flags=4198404 ReturnStatus=0 hSrcAllocHandle=0x40005e00 hDstAllocHandle=0x0"
"15:34:57.0635381","184","12852","3792","hContext=1073759680 hWindow=0x0 VidPnSourceId=0 FlipInterval=1 Flags=4198404 ReturnStatus=0 hSrcAllocHandle=0x800043c0 hDstAllocHandle=0x0"
"15:34:57.0761073","184","12852","3792","hContext=1073759680 hWindow=0x0 VidPnSourceId=0 FlipInterval=1 Flags=4198404 ReturnStatus=0 hSrcAllocHandle=0x40005c80 hDstAllocHandle=0x0"
"15:34:57.1800510","184","12852","3792","hContext=1073759680 hWindow=0x0 VidPnSourceId=0 FlipInterval=1 Flags=4198404 ReturnStatus=0 hSrcAllocHandle=0x40005e00 hDstAllocHandle=0x0"
"15:34:57.1801166","171","12852","13196","hAdapter=0xffff910e86eb4820 Token=0xffff810669b4d160 Model=7 TokenSize=0 TokenData=5028 Flags=0x0 CustomDuration=0 VmBusChannel=0x0"
"15:34:57.1801331","184","12852","13196","hContext=1073742528 hWindow=0x0 VidPnSourceId=0 FlipInterval=0 Flags=32768 ReturnStatus=0 hSrcAllocHandle=0x40000540 hDstAllocHandle=0x0"
"15:34:57.1802854","172","4","876","hAdapter=0xffff910e8cd5c000 Token=0xffff810669b4d160 Model=0 TokenSize=0 TokenData=0 Flags=0x0 CustomDuration=0 VmBusChannel=0x0"
"15:34:57.1932394","184","12852","3792","hContext=1073759680 hWindow=0x0 VidPnSourceId=0 FlipInterval=1 Flags=4198404 ReturnStatus=0 hSrcAllocHandle=0x800043c0 hDstAllocHandle=0x0"
"15:34:57.2917662","184","12852","3792","hContext=1073759680 hWindow=0x0 VidPnSourceId=0 FlipInterval=1 Flags=4198404 ReturnStatus=0 hSrcAllocHandle=0x40005c80 hDstAllocHandle=0x0"
"15:34:57.3898011","184","12852","3792","hContext=1073759680 hWindow=0x0 VidPnSourceId=0 FlipInterval=1 Flags=4198404 ReturnStatus=0 hSrcAllocHandle=0x40005e00 hDstAllocHandle=0x0"
"15:34:57.3915379","184","12852","3792","hContext=1073759680 hWindow=0x0 VidPnSourceId=0 FlipInterval=1 Flags=4198404 ReturnStatus=0 hSrcAllocHandle=0x800043c0 hDstAllocHandle=0x0"
"15:34:57.4355586","184","12852","3792","hContext=1073759680 hWindow=0x0 VidPnSourceId=0 FlipInterval=1 Flags=4198404 ReturnStatus=0 hSrcAllocHandle=0x40005c80 hDstAllocHandle=0x0"
"15:34:57.5021029","184","12852","3792","hContext=1073759680 hWindow=0x0 VidPnSourceId=0 FlipInterval=1 Flags=4198404 ReturnStatus=0 hSrcAllocHandle=0x40005e00 hDstAllocHandle=0x0"
"15:34:57.5086437","184","12852","3792","hContext=1073759680 hWindow=0x0 VidPnSourceId=0 FlipInterval=1 Flags=4198404 ReturnStatus=0 hSrcAllocHandle=0x800043c0 hDstAllocHandle=0x0"
"15:34:57.6079542","184","12852","3792","hContext=1073759680 hWindow=0x0 VidPnSourceId=0 FlipInterval=1 Flags=4198404 ReturnStatus=0 hSrcAllocHandle=0x40005c80 hDstAllocHandle=0x0"
"15:34:57.6255955","184","12852","3792","hContext=1073759680 hWindow=0x0 VidPnSourceId=0 FlipInterval=1 Flags=4198404 ReturnStatus=0 hSrcAllocHandle=0x40005e00 hDstAllocHandle=0x0"
"15:34:57.7227533","184","12852","3792","hContext=1073759680 hWindow=0x0 VidPnSourceId=0 FlipInterval=1 Flags=4198404 ReturnStatus=0 hSrcAllocHandle=0x800043c0 hDstAllocHandle=0x0"
"15:34:57.7237611","171","12852","13196","hAdapter=0xffff910e86eb4820 Token=0xffff810669b4d160 Model=7 TokenSize=0 TokenData=5088 Flags=0x0 CustomDuration=0 VmBusChannel=0x0"
"15:34:57.7237757","184","12852","13196","hContext=1073742528 hWindow=0x0 VidPnSourceId=0 FlipInterval=0 Flags=32768 ReturnStatus=0 hSrcAllocHandle=0x40000540 hDstAllocHandle=0x0"
"15:34:57.7237891","172","4","880","hAdapter=0xffff910e8cd5c000 Token=0xffff810669b4d160 Model=0 TokenSize=0 TokenData=0 Flags=0x0 CustomDuration=0 VmBusChannel=0x0"
"15:34:58.0140424","184","12852","3792","hContext=1073759680 hWindow=0x0 VidPnSourceId=0 FlipInterval=1 Flags=4198404 ReturnStatus=0 hSrcAllocHandle=0x40005c80 hDstAllocHandle=0x0"
"15:34:58.0280179","184","12852","3792","hContext=1073759680 hWindow=0x0 VidPnSourceId=0 FlipInterval=1 Flags=4198404 ReturnStatus=0 hSrcAllocHandle=0x40005e00 hDstAllocHandle=0x0"
"15:34:58.0505224","184","12852","3792","hContext=1073759680 hWindow=0x0 VidPnSourceId=0 FlipInterval=1 Flags=4198404 ReturnStatus=0 hSrcAllocHandle=0x800043c0 hDstAllocHandle=0x0"
"15:34:58.0592510","184","12852","3792","hContext=1073759680 hWindow=0x0 VidPnSourceId=0 FlipInterval=1 Flags=4198404 ReturnStatus=0 hSrcAllocHandle=0x40005c80 hDstAllocHandle=0x0"
"15:34:58.1604809","184","12852","3792","hContext=1073759680 hWindow=0x0 VidPnSourceId=0 FlipInterval=1 Flags=4198404 ReturnStatus=0 hSrcAllocHandle=0x40005e00 hDstAllocHandle=0x0"
"15:34:58.1757729","184","12852","3792","hContext=1073759680 hWindow=0x0 VidPnSourceId=0 FlipInterval=1 Flags=4198404 ReturnStatus=0 hSrcAllocHandle=0x800043c0 hDstAllocHandle=0x0"
"15:34:58.2689691","184","12852","3792","hContext=1073759680 hWindow=0x0 VidPnSourceId=0 FlipInterval=1 Flags=4198404 ReturnStatus=0 hSrcAllocHandle=0x40005c80 hDstAllocHandle=0x0"
"15:34:58.2693410","171","12852","13196","hAdapter=0xffff910e86eb4820 Token=0xffff810669b4d160 Model=7 TokenSize=0 TokenData=5092 Flags=0x0 CustomDuration=0 VmBusChannel=0x0"
"15:34:58.2693543","184","12852","13196","hContext=1073742528 hWindow=0x0 VidPnSourceId=0 FlipInterval=0 Flags=32768 ReturnStatus=0 hSrcAllocHandle=0x40000540 hDstAllocHandle=0x0"
"15:34:58.2695670","172","4","876","hAdapter=0xffff910e8cd5c000 Token=0xffff810669b4d160 Model=0 TokenSize=0 TokenData=0 Flags=0x0 CustomDuration=0 VmBusChannel=0x0"
"15:34:58.2775309","184","12852","3792","hContext=1073759680 hWindow=0x0 VidPnSourceId=0 FlipInterval=1 Flags=4198404 ReturnStatus=0 hSrcAllocHandle=0x40005e00 hDstAllocHandle=0x0"
"15:34:58.3934040","184","12852","3792","hContext=1073759680 hWindow=0x0 VidPnSourceId=0 FlipInterval=1 Flags=4198404 ReturnStatus=0 hSrcAllocHandle=0x800043c0 hDstAllocHandle=0x0"
"15:34:58.4427088","184","12852","3792","hContext=1073759680 hWindow=0x0 VidPnSourceId=0 FlipInterval=1 Flags=4198404 ReturnStatus=0 hSrcAllocHandle=0x40005c80 hDstAllocHandle=0x0"
"15:34:58.4857441","184","12852","3792","hContext=1073759680 hWindow=0x0 VidPnSourceId=0 FlipInterval=1 Flags=4198404 ReturnStatus=0 hSrcAllocHandle=0x40005e00 hDstAllocHandle=0x0"
"15:34:58.4933298","184","12852","3792","hContext=1073759680 hWindow=0x0 VidPnSourceId=0 FlipInterval=1 Flags=4198404 ReturnStatus=0 hSrcAllocHandle=0x800043c0 hDstAllocHandle=0x0"
"15:34:58.5977552","184","12852","3792","hContext=1073759680 hWindow=0x0 VidPnSourceId=0 FlipInterval=1 Flags=4198404 ReturnStatus=0 hSrcAllocHandle=0x40005c80 hDstAllocHandle=0x0"
"15:34:58.6100927","184","12852","3792","hContext=1073759680 hWindow=0x0 VidPnSourceId=0 FlipInterval=1 Flags=4198404 ReturnStatus=0 hSrcAllocHandle=0x40005e00 hDstAllocHandle=0x0"
"15:34:58.7077151","184","12852","3792","hContext=1073759680 hWindow=0x0 VidPnSourceId=0 FlipInterval=1 Flags=4198404 ReturnStatus=0 hSrcAllocHandle=0x800043c0 hDstAllocHandle=0x0"
"15:34:58.7099936","184","12852","3792","hContext=1073759680 hWindow=0x0 VidPnSourceId=0 FlipInterval=1 Flags=4198404 ReturnStatus=0 hSrcAllocHandle=0x40005c80 hDstAllocHandle=0x0"
"15:34:58.8156996","184","12852","3792","hContext=1073759680 hWindow=0x0 VidPnSourceId=0 FlipInterval=1 Flags=4198404 ReturnStatus=0 hSrcAllocHandle=0x40005e00 hDstAllocHandle=0x0"
"15:34:58.8159833","171","12852","13196","hAdapter=0xffff910e86eb4820 Token=0xffff810669b4d160 Model=7 TokenSize=0 TokenData=5104 Flags=0x0 CustomDuration=0 VmBusChannel=0x0"
"15:34:58.8159965","184","12852","13196","hContext=1073742528 hWindow=0x0 VidPnSourceId=0 FlipInterval=0 Flags=32768 ReturnStatus=0 hSrcAllocHandle=0x40000540 hDstAllocHandle=0x0"
"15:34:58.8161846","172","4","876","hAdapter=0xffff910e8cd5c000 Token=0xffff810669b4d160 Model=0 TokenSize=0 TokenData=0 Flags=0x0 CustomDuration=0 VmBusChannel=0x0"
"15:34:58.8283425","184","12852","3792","hContext=1073759680 hWindow=0x0 VidPnSourceId=0 FlipInterval=1 Flags=4198404 ReturnStatus=0 hSrcAllocHandle=0x800043c0 hDstAllocHandle=0x0"
"15:34:58.9281353","184","12852","3792","hContext=1073759680 hWindow=0x0 VidPnSourceId=0 FlipInterval=1 Flags=4198404 ReturnStatus=0 hSrcAllocHandle=0x40005c80 hDstAllocHandle=0x0"
"15:34:58.9437303","184","12852","3792","hContext=1073759680 hWindow=0x0 VidPnSourceId=0 FlipInterval=1 Flags=4198404 ReturnStatus=0 hSrcAllocHandle=0x40005e00 hDstAllocHandle=0x0"
"15:34:59.0340918","184","12852","3792","hContext=1073759680 hWindow=0x0 VidPnSourceId=0 FlipInterval=1 Flags=4198404 ReturnStatus=0 hSrcAllocHandle=0x800043c0 hDstAllocHandle=0x0"
"15:34:59.3266160","184","12852","3792","hContext=1073759680 hWindow=0x0 VidPnSourceId=0 FlipInterval=1 Flags=4198404 ReturnStatus=0 hSrcAllocHandle=0x40005c80 hDstAllocHandle=0x0"
"15:34:59.3670268","184","12852","3792","hContext=1073759680 hWindow=0x0 VidPnSourceId=0 FlipInterval=1 Flags=4198404 ReturnStatus=0 hSrcAllocHandle=0x40005e00 hDstAllocHandle=0x0"
"15:34:59.3674794","171","12852","13196","hAdapter=0xffff910e86eb4820 Token=0xffff810669b4d160 Model=7 TokenSize=0 TokenData=5068 Flags=0x0 CustomDuration=0 VmBusChannel=0x0"
"15:34:59.3674991","184","12852","13196","hContext=1073742528 hWindow=0x0 VidPnSourceId=0 FlipInterval=0 Flags=32768 ReturnStatus=0 hSrcAllocHandle=0x40000540 hDstAllocHandle=0x0"
"15:34:59.3678564","172","4","876","hAdapter=0xffff910e8cd5c000 Token=0xffff810669b4d160 Model=0 TokenSize=0 TokenData=0 Flags=0x0 CustomDuration=0 VmBusChannel=0x0"
"15:34:59.3789463","184","12852","3792","hContext=1073759680 hWindow=0x0 VidPnSourceId=0 FlipInterval=1 Flags=4198404 ReturnStatus=0 hSrcAllocHandle=0x800043c0 hDstAllocHandle=0x0"
"15:34:59.4452138","184","12852","3792","hContext=1073759680 hWindow=0x0 VidPnSourceId=0 FlipInterval=1 Flags=4198404 ReturnStatus=0 hSrcAllocHandle=0x40005c80 hDstAllocHandle=0x0"
"15:34:59.4688710","184","12852","3792","hContext=1073759680 hWindow=0x0 VidPnSourceId=0 FlipInterval=1 Flags=4198404 ReturnStatus=0 hSrcAllocHandle=0x40005e00 hDstAllocHandle=0x0"
"15:34:59.4773773","184","12852","3792","hContext=1073759680 hWindow=0x0 VidPnSourceId=0 FlipInterval=1 Flags=4198404 ReturnStatus=0 hSrcAllocHandle=0x800043c0 hDstAllocHandle=0x0"
"15:34:59.5804624","184","12852","3792","hContext=1073759680 hWindow=0x0 VidPnSourceId=0 FlipInterval=1 Flags=4198404 ReturnStatus=0 hSrcAllocHandle=0x40005c80 hDstAllocHandle=0x0"
"15:34:59.5942465","184","12852","3792","hContext=1073759680 hWindow=0x0 VidPnSourceId=0 FlipInterval=1 Flags=4198404 ReturnStatus=0 hSrcAllocHandle=0x40005e00 hDstAllocHandle=0x0"
"15:34:59.6905921","184","12852","3792","hContext=1073759680 hWindow=0x0 VidPnSourceId=0 FlipInterval=1 Flags=4198404 ReturnStatus=0 hSrcAllocHandle=0x800043c0 hDstAllocHandle=0x0"
"15:34:59.6943705","184","12852","3792","hContext=1073759680 hWindow=0x0 VidPnSourceId=0 FlipInterval=1 Flags=4198404 ReturnStatus=0 hSrcAllocHandle=0x40005c80 hDstAllocHandle=0x0"
"15:34:59.7958953","184","12852","3792","hContext=1073759680 hWindow=0x0 VidPnSourceId=0 FlipInterval=1 Flags=4198404 ReturnStatus=0 hSrcAllocHandle=0x40005e00 hDstAllocHandle=0x0"
"15:34:59.8104962","184","12852","3792","hContext=1073759680 hWindow=0x0 VidPnSourceId=0 FlipInterval=1 Flags=4198404 ReturnStatus=0 hSrcAllocHandle=0x800043c0 hDstAllocHandle=0x0"
"15:34:59.9087678","171","12852","13196","hAdapter=0xffff910e86eb4820 Token=0xffff810669b4d160 Model=7 TokenSize=0 TokenData=684 Flags=0x0 CustomDuration=0 VmBusChannel=0x0"
"15:34:59.9087857","184","12852","13196","hContext=1073742528 hWindow=0x0 VidPnSourceId=0 FlipInterval=0 Flags=32768 ReturnStatus=0 hSrcAllocHandle=0x40000540 hDstAllocHandle=0x0"
"15:34:59.9089510","172","4","876","hAdapter=0xffff910e8cd5c000 Token=0xffff810669b4d160 Model=0 TokenSize=0 TokenData=0 Flags=0x0 CustomDuration=0 VmBusChannel=0x0"
"15:34:59.9090653","184","12852","3792","hContext=1073759680 hWindow=0x0 VidPnSourceId=0 FlipInterval=1 Flags=4198404 ReturnStatus=0 hSrcAllocHandle=0x40005c80 hDstAllocHandle=0x0"
"15:34:59.9283868","184","12852","3792","hContext=1073759680 hWindow=0x0 VidPnSourceId=0 FlipInterval=1 Flags=4198404 ReturnStatus=0 hSrcAllocHandle=0x40005e00 hDstAllocHandle=0x0"
"15:34:59.9440786","184","12852","3792","hContext=1073759680 hWindow=0x0 VidPnSourceId=0 FlipInterval=1 Flags=4198404 ReturnStatus=0 hSrcAllocHandle=0x800043c0 hDstAllocHandle=0x0"
"15:35:00.0163113","184","12852","3792","hContext=1073759680 hWindow=0x0 VidPnSourceId=0 FlipInterval=1 Flags=4198404 ReturnStatus=0 hSrcAllocHandle=0x40005c80 hDstAllocHandle=0x0"
"15:35:00.0275475","184","12852","3792","hContext=1073759680 hWindow=0x0 VidPnSourceId=0 FlipInterval=1 Flags=4198404 ReturnStatus=0 hSrcAllocHandle=0x40005e00 hDstAllocHandle=0x0"
"15:35:00.1267377","184","12852","3792","hContext=1073759680 hWindow=0x0 VidPnSourceId=0 FlipInterval=1 Flags=4198404 ReturnStatus=0 hSrcAllocHandle=0x800043c0 hDstAllocHandle=0x0"
"15:35:00.1442429","184","12852","3792","hContext=1073759680 hWindow=0x0 VidPnSourceId=0 FlipInterval=1 Flags=4198404 ReturnStatus=0 hSrcAllocHandle=0x40005c80 hDstAllocHandle=0x0"
"15:35:00.2351269","184","12852","3792","hContext=1073759680 hWindow=0x0 VidPnSourceId=0 FlipInterval=1 Flags=4198404 ReturnStatus=0 hSrcAllocHandle=0x40005e00 hDstAllocHandle=0x0"
"15:35:00.4594983","171","12852","13196","hAdapter=0xffff910e86eb4820 Token=0xffff810669b4d160 Model=7 TokenSize=0 TokenData=5068 Flags=0x0 CustomDuration=0 VmBusChannel=0x0"
"15:35:00.4595167","184","12852","13196","hContext=1073742528 hWindow=0x0 VidPnSourceId=0 FlipInterval=0 Flags=32768 ReturnStatus=0 hSrcAllocHandle=0x40000540 hDstAllocHandle=0x0"
"15:35:00.4595266","172","4","880","hAdapter=0xffff910e8cd5c000 Token=0xffff810669b4d160 Model=0 TokenSize=0 TokenData=0 Flags=0x0 CustomDuration=0 VmBusChannel=0x0"
"15:35:00.5347438","184","12852","3792","hContext=1073759680 hWindow=0x0 VidPnSourceId=0 FlipInterval=1 Flags=4198404 ReturnStatus=0 hSrcAllocHandle=0x800043c0 hDstAllocHandle=0x0"
"15:35:00.5456928","184","12852","3792","hContext=1073759680 hWindow=0x0 VidPnSourceId=0 FlipInterval=1 Flags=4198404 ReturnStatus=0 hSrcAllocHandle=0x40005c80 hDstAllocHandle=0x0"
"15:35:00.5613093","184","12852","3792","hContext=1073759680 hWindow=0x0 VidPnSourceId=0 FlipInterval=1 Flags=4198404 ReturnStatus=0 hSrcAllocHandle=0x40005e00 hDstAllocHandle=0x0"
"15:35:00.6718392","184","12852","3792","hContext=1073759680 hWindow=0x0 VidPnSourceId=0 FlipInterval=1 Flags=4198404 ReturnStatus=0 hSrcAllocHandle=0x800043c0 hDstAllocHandle=0x0"
"15:35:00.6783384","184","12852","3792","hContext=1073759680 hWindow=0x0 VidPnSourceId=0 FlipInterval=1 Flags=4198404 ReturnStatus=0 hSrcAllocHandle=0x40005c80 hDstAllocHandle=0x0"
"15:35:00.7875321","184","12852","3792","hContext=1073759680 hWindow=0x0 VidPnSourceId=0 FlipInterval=1 Flags=4198404 ReturnStatus=0 hSrcAllocHandle=0x40005e00 hDstAllocHandle=0x0"
"15:35:00.7951120","184","12852","3792","hContext=1073759680 hWindow=0x0 VidPnSourceId=0 FlipInterval=1 Flags=4198404 ReturnStatus=0 hSrcAllocHandle=0x800043c0 hDstAllocHandle=0x0"
"15:35:00.8916370","184","12852","3792","hContext=1073759680 hWindow=0x0 VidPnSourceId=0 FlipInterval=1 Flags=4198404 ReturnStatus=0 hSrcAllocHandle=0x40005c80 hDstAllocHandle=0x0"
"15:35:00.8955921","184","12852","3792","hContext=1073759680 hWindow=0x0 VidPnSourceId=0 FlipInterval=1 Flags=4198404 ReturnStatus=0 hSrcAllocHandle=0x40005e00 hDstAllocHandle=0x0"
"15:35:00.9405215","171","4744","4980","hAdapter=0xffff910e8841b820 Token=0xffff810679da1e50 Model=7 TokenSize=0 TokenData=5072 Flags=0x0 CustomDuration=0 VmBusChannel=0x0"
"15:35:00.9405528","184","4744","4980","hContext=3221228416 hWindow=0x0 VidPnSourceId=0 FlipInterval=0 Flags=32768 ReturnStatus=0 hSrcAllocHandle=0xc0003880 hDstAllocHandle=0x0"
"15:35:00.9405806","172","4","4712","hAdapter=0xffff910e8e19c000 Token=0xffff810679da1e50 Model=0 TokenSize=0 TokenData=0 Flags=0x0 CustomDuration=0 VmBusChannel=0x0"
"15:35:00.9450775","184","12852","3792","hContext=1073759680 hWindow=0x0 VidPnSourceId=0 FlipInterval=1 Flags=4198404 ReturnStatus=0 hSrcAllocHandle=0x800043c0 hDstAllocHandle=0x0"
"15:35:00.9616742","184","12852","3792","hContext=1073759680 hWindow=0x0 VidPnSourceId=0 FlipInterval=1 Flags=4198404 ReturnStatus=0 hSrcAllocHandle=0x40005c80 hDstAllocHandle=0x0"
"15:35:01.0036956","184","12852","3792","hContext=1073759680 hWindow=0x0 VidPnSourceId=0 FlipInterval=1 Flags=4198404 ReturnStatus=0 hSrcAllocHandle=0x40005e00 hDstAllocHandle=0x0"
"15:35:01.0039211","171","12852","13196","hAdapter=0xffff910e86eb4820 Token=0xffff810669b4d160 Model=7 TokenSize=0 TokenData=5072 Flags=0x0 CustomDuration=0 VmBusChannel=0x0"
"15:35:01.0039670","184","12852","13196","hContext=1073742528 hWindow=0x0 VidPnSourceId=0 FlipInterval=0 Flags=32768 ReturnStatus=0 hSrcAllocHandle=0x40000540 hDstAllocHandle=0x0"
"15:35:01.0041326","172","4","876","hAdapter=0xffff910e8cd5c000 Token=0xffff810669b4d160 Model=0 TokenSize=0 TokenData=0 Flags=0x0 CustomDuration=0 VmBusChannel=0x0"
"15:35:01.0140353","184","12852","3792","hContext=1073759680 hWindow=0x0 VidPnSourceId=0 FlipInterval=1 Flags=4198404 ReturnStatus=0 hSrcAllocHandle=0x800043c0 hDstAllocHandle=0x0"
"15:35:01.1114501","184","12852","3792","hContext=1073759680 hWindow=0x0 VidPnSourceId=0 FlipInterval=1 Flags=4198404 ReturnStatus=0 hSrcAllocHandle=0x40005c80 hDstAllocHandle=0x0"
"15:35:01.2180576","184","12852","3792","hContext=1073759680 hWindow=0x0 VidPnSourceId=0 FlipInterval=1 Flags=4198404 ReturnStatus=0 hSrcAllocHandle=0x40005e00 hDstAllocHandle=0x0"
"15:35:01.2288258","184","12852","3792","hContext=1073759680 hWindow=0x0 VidPnSourceId=0 FlipInterval=1 Flags=4198404 ReturnStatus=0 hSrcAllocHandle=0x800043c0 hDstAllocHandle=0x0"
"15:35:01.3299911","184","12852","3792","hContext=1073759680 hWindow=0x0 VidPnSourceId=0 FlipInterval=1 Flags=4198404 ReturnStatus=0 hSrcAllocHandle=0x40005c80 hDstAllocHandle=0x0"
"15:35:01.3455922","184","12852","3792","hContext=1073759680 hWindow=0x0 VidPnSourceId=0 FlipInterval=1 Flags=4198404 ReturnStatus=0 hSrcAllocHandle=0x40005e00 hDstAllocHandle=0x0"
"15:35:01.4381812","184","12852","3792","hContext=1073759680 hWindow=0x0 VidPnSourceId=0 FlipInterval=1 Flags=4198404 ReturnStatus=0 hSrcAllocHandle=0x800043c0 hDstAllocHandle=0x0"
"15:35:01.4457716","184","12852","3792","hContext=1073759680 hWindow=0x0 VidPnSourceId=0 FlipInterval=1 Flags=4198404 ReturnStatus=0 hSrcAllocHandle=0x40005c80 hDstAllocHandle=0x0"
"15:35:01.5510322","184","12852","3792","hContext=1073759680 hWindow=0x0 VidPnSourceId=0 FlipInterval=1 Flags=4198404 ReturnStatus=0 hSrcAllocHandle=0x40005e00 hDstAllocHandle=0x0"
"15:35:01.5527122","171","12852","13196","hAdapter=0xffff910e86eb4820 Token=0xffff810669b4d160 Model=7 TokenSize=0 TokenData=5052 Flags=0x0 CustomDuration=0 VmBusChannel=0x0"
"15:35:01.5527353","184","12852","13196","hContext=1073742528 hWindow=0x0 VidPnSourceId=0 FlipInterval=0 Flags=32768 ReturnStatus=0 hSrcAllocHandle=0x40000540 hDstAllocHandle=0x0"
"15:35:01.5527478","172","4","880","hAdapter=0xffff910e8cd5c000 Token=0xffff810669b4d160 Model=0 TokenSize=0 TokenData=0 Flags=0x0 CustomDuration=0 VmBusChannel=0x0"
"15:35:01.8384586","184","12852","3792","hContext=1073759680 hWindow=0x0 VidPnSourceId=0 FlipInterval=1 Flags=4198404 ReturnStatus=0 hSrcAllocHandle=0x800043c0 hDstAllocHandle=0x0"
"15:35:01.8759513","184","12852","3792","hContext=1073759680 hWindow=0x0 VidPnSourceId=0 FlipInterval=1 Flags=4198404 ReturnStatus=0 hSrcAllocHandle=0x40005c80 hDstAllocHandle=0x0"
"15:35:01.8784636","184","12852","3792","hContext=1073759680 hWindow=0x0 VidPnSourceId=0 FlipInterval=1 Flags=4198404 ReturnStatus=0 hSrcAllocHandle=0x40005e00 hDstAllocHandle=0x0"
"15:35:01.9392970","184","12852","3792","hContext=1073759680 hWindow=0x0 VidPnSourceId=0 FlipInterval=1 Flags=4198404 ReturnStatus=0 hSrcAllocHandle=0x800043c0 hDstAllocHandle=0x0"
"15:35:01.9867263","184","12852","3792","hContext=1073759680 hWindow=0x0 VidPnSourceId=0 FlipInterval=1 Flags=4198404 ReturnStatus=0 hSrcAllocHandle=0x40005c80 hDstAllocHandle=0x0"
"15:35:01.9961253","184","12852","3792","hContext=1073759680 hWindow=0x0 VidPnSourceId=0 FlipInterval=1 Flags=4198404 ReturnStatus=0 hSrcAllocHandle=0x40005e00 hDstAllocHandle=0x0"
"15:35:02.0979214","184","12852","3792","hContext=1073759680 hWindow=0x0 VidPnSourceId=0 FlipInterval=1 Flags=4198404 ReturnStatus=0 hSrcAllocHandle=0x800043c0 hDstAllocHandle=0x0"
"15:35:02.1002729","171","12852","13196","hAdapter=0xffff910e86eb4820 Token=0xffff810669b4d160 Model=7 TokenSize=0 TokenData=5076 Flags=0x0 CustomDuration=0 VmBusChannel=0x0"
"15:35:02.1003044","184","12852","13196","hContext=1073742528 hWindow=0x0 VidPnSourceId=0 FlipInterval=0 Flags=32768 ReturnStatus=0 hSrcAllocHandle=0x40000540 hDstAllocHandle=0x0"
"15:35:02.1003768","172","4","880","hAdapter=0xffff910e8cd5c000 Token=0xffff810669b4d160 Model=0 TokenSize=0 TokenData=0 Flags=0x0 CustomDuration=0 VmBusChannel=0x0"
"15:35:02.1188373","184","12852","3792","hContext=1073759680 hWindow=0x0 VidPnSourceId=0 FlipInterval=1 Flags=4198404 ReturnStatus=0 hSrcAllocHandle=0x40005c80 hDstAllocHandle=0x0"
"15:35:02.2124044","184","12852","3792","hContext=1073759680 hWindow=0x0 VidPnSourceId=0 FlipInterval=1 Flags=4198404 ReturnStatus=0 hSrcAllocHandle=0x40005e00 hDstAllocHandle=0x0"
"15:35:02.3170621","184","12852","3792","hContext=1073759680 hWindow=0x0 VidPnSourceId=0 FlipInterval=1 Flags=4198404 ReturnStatus=0 hSrcAllocHandle=0x800043c0 hDstAllocHandle=0x0"
"15:35:02.3299263","184","12852","3792","hContext=1073759680 hWindow=0x0 VidPnSourceId=0 FlipInterval=1 Flags=4198404 ReturnStatus=0 hSrcAllocHandle=0x40005c80 hDstAllocHandle=0x0"
"15:35:02.4235969","184","12852","3792","hContext=1073759680 hWindow=0x0 VidPnSourceId=0 FlipInterval=1 Flags=4198404 ReturnStatus=0 hSrcAllocHandle=0x40005e00 hDstAllocHandle=0x0"
"15:35:02.4297012","184","12852","3792","hContext=1073759680 hWindow=0x0 VidPnSourceId=0 FlipInterval=1 Flags=4198404 ReturnStatus=0 hSrcAllocHandle=0x800043c0 hDstAllocHandle=0x0"
"15:35:02.4460628","184","12852","3792","hContext=1073759680 hWindow=0x0 VidPnSourceId=0 FlipInterval=1 Flags=4198404 ReturnStatus=0 hSrcAllocHandle=0x40005c80 hDstAllocHandle=0x0"
"15:35:02.5325970","184","12852","3792","hContext=1073759680 hWindow=0x0 VidPnSourceId=0 FlipInterval=1 Flags=4198404 ReturnStatus=0 hSrcAllocHandle=0x40005e00 hDstAllocHandle=0x0"
"15:35:02.5459856","184","12852","3792","hContext=1073759680 hWindow=0x0 VidPnSourceId=0 FlipInterval=1 Flags=4198404 ReturnStatus=0 hSrcAllocHandle=0x800043c0 hDstAllocHandle=0x0"
"15:35:02.6456577","184","12852","3792","hContext=1073759680 hWindow=0x0 VidPnSourceId=0 FlipInterval=1 Flags=4198404 ReturnStatus=0 hSrcAllocHandle=0x40005c80 hDstAllocHandle=0x0"
"15:35:02.6467687","171","12852","13196","hAdapter=0xffff910e86eb4820 Token=0xffff810669b4d160 Model=7 TokenSize=0 TokenData=684 Flags=0x0 CustomDuration=0 VmBusChannel=0x0"
"15:35:02.6468118","184","12852","13196","hContext=1073742528 hWindow=0x0 VidPnSourceId=0 FlipInterval=0 Flags=32768 ReturnStatus=0 hSrcAllocHandle=0x40000540 hDstAllocHandle=0x0"
"15:35:02.6470720","172","4","876","hAdapter=0xffff910e8cd5c000 Token=0xffff810669b4d160 Model=0 TokenSize=0 TokenData=0 Flags=0x0 CustomDuration=0 VmBusChannel=0x0"
"15:35:02.6707343","184","12852","3792","hContext=1073759680 hWindow=0x0 VidPnSourceId=0 FlipInterval=1 Flags=4198404 ReturnStatus=0 hSrcAllocHandle=0x40005e00 hDstAllocHandle=0x0"
"15:35:02.7630095","184","12852","3792","hContext=1073759680 hWindow=0x0 VidPnSourceId=0 FlipInterval=1 Flags=4198404 ReturnStatus=0 hSrcAllocHandle=0x800043c0 hDstAllocHandle=0x0"
"15:35:02.8646946","184","12852","3792","hContext=1073759680 hWindow=0x0 VidPnSourceId=0 FlipInterval=1 Flags=4198404 ReturnStatus=0 hSrcAllocHandle=0x40005c80 hDstAllocHandle=0x0"
"15:35:03.1513180","184","12852","3792","hContext=1073759680 hWindow=0x0 VidPnSourceId=0 FlipInterval=1 Flags=4198404 ReturnStatus=0 hSrcAllocHandle=0x40005e00 hDstAllocHandle=0x0"
"15:35:03.1924087","184","12852","3792","hContext=1073759680 hWindow=0x0 VidPnSourceId=0 FlipInterval=1 Flags=4198404 ReturnStatus=0 hSrcAllocHandle=0x800043c0 hDstAllocHandle=0x0"
"15:35:03.1928438","171","12852","13196","hAdapter=0xffff910e86eb4820 Token=0xffff810669b4d160 Model=7 TokenSize=0 TokenData=5096 Flags=0x0 CustomDuration=0 VmBusChannel=0x0"
"15:35:03.1928821","184","12852","13196","hContext=1073742528 hWindow=0x0 VidPnSourceId=0 FlipInterval=0 Flags=32768 ReturnStatus=0 hSrcAllocHandle=0x40000540 hDstAllocHandle=0x0"
"15:35:03.1930658","172","4","876","hAdapter=0xffff910e8cd5c000 Token=0xffff810669b4d160 Model=0 TokenSize=0 TokenData=0 Flags=0x0 CustomDuration=0 VmBusChannel=0x0"
"15:35:03.1996566","184","12852","3792","hContext=1073759680 hWindow=0x0 VidPnSourceId=0 FlipInterval=1 Flags=4198404 ReturnStatus=0 hSrcAllocHandle=0x40005c80 hDstAllocHandle=0x0"
"15:35:03.3132998","184","12852","3792","hContext=1073759680 hWindow=0x0 VidPnSourceId=0 FlipInterval=1 Flags=4198404 ReturnStatus=0 hSrcAllocHandle=0x40005e00 hDstAllocHandle=0x0"
"15:35:03.4068584","184","12852","3792","hContext=1073759680 hWindow=0x0 VidPnSourceId=0 FlipInterval=1 Flags=4198404 ReturnStatus=0 hSrcAllocHandle=0x800043c0 hDstAllocHandle=0x0"
"15:35:03.4146567","184","12852","3792","hContext=1073759680 hWindow=0x0 VidPnSourceId=0 FlipInterval=1 Flags=4198404 ReturnStatus=0 hSrcAllocHandle=0x40005c80 hDstAllocHandle=0x0"
"15:35:03.4369708","184","12852","3792","hContext=1073759680 hWindow=0x0 VidPnSourceId=0 FlipInterval=1 Flags=4198404 ReturnStatus=0 hSrcAllocHandle=0x40005e00 hDstAllocHandle=0x0"
"15:35:03.5169841","184","12852","3792","hContext=1073759680 hWindow=0x0 VidPnSourceId=0 FlipInterval=1 Flags=4198404 ReturnStatus=0 hSrcAllocHandle=0x800043c0 hDstAllocHandle=0x0"
"15:35:03.5305557","184","12852","3792","hContext=1073759680 hWindow=0x0 VidPnSourceId=0 FlipInterval=1 Flags=4198404 ReturnStatus=0 hSrcAllocHandle=0x40005c80 hDstAllocHandle=0x0"
"15:35:03.6234803","184","12852","3792","hContext=1073759680 hWindow=0x0 VidPnSourceId=0 FlipInterval=1 Flags=4198404 ReturnStatus=0 hSrcAllocHandle=0x40005e00 hDstAllocHandle=0x0"
"15:35:03.6301402","184","12852","3792","hContext=1073759680 hWindow=0x0 VidPnSourceId=0 FlipInterval=1 Flags=4198404 ReturnStatus=0 hSrcAllocHandle=0x800043c0 hDstAllocHandle=0x0"
"15:35:03.7359431","184","12852","3792","hContext=1073759680 hWindow=0x0 VidPnSourceId=0 FlipInterval=1 Flags=4198404 ReturnStatus=0 hSrcAllocHandle=0x40005c80 hDstAllocHandle=0x0"
"15:35:03.7377352","171","12852","13196","hAdapter=0xffff910e86eb4820 Token=0xffff810669b4d160 Model=7 TokenSize=0 TokenData=5012 Flags=0x0 CustomDuration=0 VmBusChannel=0x0"
"15:35:03.7377508","184","12852","13196","hContext=1073742528 hWindow=0x0 VidPnSourceId=0 FlipInterval=0 Flags=32768 ReturnStatus=0 hSrcAllocHandle=0x40000540 hDstAllocHandle=0x0"
"15:35:03.7377631","172","4","880","hAdapter=0xffff910e8cd5c000 Token=0xffff810669b4d160 Model=0 TokenSize=0 TokenData=0 Flags=0x0 CustomDuration=0 VmBusChannel=0x0"
"15:35:03.7486545","184","12852","3792","hContext=1073759680 hWindow=0x0 VidPnSourceId=0 FlipInterval=1 Flags=4198404 ReturnStatus=0 hSrcAllocHandle=0x40005e00 hDstAllocHandle=0x0"
"15:35:03.8642349","184","12852","3792","hContext=1073759680 hWindow=0x0 VidPnSourceId=0 FlipInterval=1 Flags=4198404 ReturnStatus=0 hSrcAllocHandle=0x800043c0 hDstAllocHandle=0x0"
"15:35:03.9553452","184","12852","3792","hContext=1073759680 hWindow=0x0 VidPnSourceId=0 FlipInterval=1 Flags=4198404 ReturnStatus=0 hSrcAllocHandle=0x40005c80 hDstAllocHandle=0x0"
"15:35:03.9637380","184","12852","3792","hContext=1073759680 hWindow=0x0 VidPnSourceId=0 FlipInterval=1 Flags=4198404 ReturnStatus=0 hSrcAllocHandle=0x40005e00 hDstAllocHandle=0x0"
"15:35:04.0632916","184","12852","3792","hContext=1073759680 hWindow=0x0 VidPnSourceId=0 FlipInterval=1 Flags=4198404 ReturnStatus=0 hSrcAllocHandle=0x800043c0 hDstAllocHandle=0x0"
"15:35:04.0806225","184","12852","3792","hContext=1073759680 hWindow=0x0 VidPnSourceId=0 FlipInterval=1 Flags=4198404 ReturnStatus=0 hSrcAllocHandle=0x40005c80 hDstAllocHandle=0x0"
"15:35:04.1733386","184","12852","3792","hContext=1073759680 hWindow=0x0 VidPnSourceId=0 FlipInterval=1 Flags=4198404 ReturnStatus=0 hSrcAllocHandle=0x40005e00 hDstAllocHandle=0x0"
"15:35:04.1808010","184","12852","3792","hContext=1073759680 hWindow=0x0 VidPnSourceId=0 FlipInterval=1 Flags=4198404 ReturnStatus=0 hSrcAllocHandle=0x800043c0 hDstAllocHandle=0x0"
"15:35:04.2854582","171","12852","13196","hAdapter=0xffff910e86eb4820 Token=0xffff810669b4d160 Model=7 TokenSize=0 TokenData=4952 Flags=0x0 CustomDuration=0 VmBusChannel=0x0"
"15:35:04.2854754","184","12852","13196","hContext=1073742528 hWindow=0x0 VidPnSourceId=0 FlipInterval=0 Flags=32768 ReturnStatus=0 hSrcAllocHandle=0x40000540 hDstAllocHandle=0x0"
"15:35:04.2854863","172","4","880","hAdapter=0xffff910e8cd5c000 Token=0xffff810669b4d160 Model=0 TokenSize=0 TokenData=0 Flags=0x0 CustomDuration=0 VmBusChannel=0x0"
"15:35:04.5736022","184","12852","3792","hContext=1073759680 hWindow=0x0 VidPnSourceId=0 FlipInterval=1 Flags=4198404 ReturnStatus=0 hSrcAllocHandle=0x40005c80 hDstAllocHandle=0x0"
"15:35:04.5819598","184","12852","3792","hContext=1073759680 hWindow=0x0 VidPnSourceId=0 FlipInterval=1 Flags=4198404 ReturnStatus=0 hSrcAllocHandle=0x40005e00 hDstAllocHandle=0x0"
"15:35:04.6120174","184","12852","3792","hContext=1073759680 hWindow=0x0 VidPnSourceId=0 FlipInterval=1 Flags=4198404 ReturnStatus=0 hSrcAllocHandle=0x800043c0 hDstAllocHandle=0x0"
"15:35:04.6142076","184","12852","3792","hContext=1073759680 hWindow=0x0 VidPnSourceId=0 FlipInterval=1 Flags=4198404 ReturnStatus=0 hSrcAllocHandle=0x40005c80 hDstAllocHandle=0x0"
"15:35:04.7197561","184","12852","3792","hContext=1073759680 hWindow=0x0 VidPnSourceId=0 FlipInterval=1 Flags=4198404 ReturnStatus=0 hSrcAllocHandle=0x40005e00 hDstAllocHandle=0x0"
"15:35:04.7315009","184","12852","3792","hContext=1073759680 hWindow=0x0 VidPnSourceId=0 FlipInterval=1 Flags=4198404 ReturnStatus=0 hSrcAllocHandle=0x800043c0 hDstAllocHandle=0x0"
"15:35:04.8294813","171","12852","13196","hAdapter=0xffff910e86eb4820 Token=0xffff810669b4d160 Model=7 TokenSize=0 TokenData=5100 Flags=0x0 CustomDuration=0 VmBusChannel=0x0"
"15:35:04.8294946","184","12852","13196","hContext=1073742528 hWindow=0x0 VidPnSourceId=0 FlipInterval=0 Flags=32768 ReturnStatus=0 hSrcAllocHandle=0x40000540 hDstAllocHandle=0x0"
"15:35:04.8295114","184","12852","3792","hContext=1073759680 hWindow=0x0 VidPnSourceId=0 FlipInterval=1 Flags=4198404 ReturnStatus=0 hSrcAllocHandle=0x40005c80 hDstAllocHandle=0x0"
"15:35:04.8297106","172","4","876","hAdapter=0xffff910e8cd5c000 Token=0xffff810669b4d160 Model=0 TokenSize=0 TokenData=0 Flags=0x0 CustomDuration=0 VmBusChannel=0x0"
"15:35:04.8340388","184","12852","3792","hContext=1073759680 hWindow=0x0 VidPnSourceId=0 FlipInterval=1 Flags=4198404 ReturnStatus=0 hSrcAllocHandle=0x40005e00 hDstAllocHandle=0x0"
"15:35:04.8489369","184","12852","3792","hContext=1073759680 hWindow=0x0 VidPnSourceId=0 FlipInterval=1 Flags=4198404 ReturnStatus=0 hSrcAllocHandle=0x800043c0 hDstAllocHandle=0x0"
"15:35:04.9402439","184","12852","3792","hContext=1073759680 hWindow=0x0 VidPnSourceId=0 FlipInterval=1 Flags=4198404 ReturnStatus=0 hSrcAllocHandle=0x40005c80 hDstAllocHandle=0x0"
"15:35:04.9479032","184","12852","3792","hContext=1073759680 hWindow=0x0 VidPnSourceId=0 FlipInterval=1 Flags=4198404 ReturnStatus=0 hSrcAllocHandle=0x40005e00 hDstAllocHandle=0x0"
"15:35:05.0487610","184","12852","3792","hContext=1073759680 hWindow=0x0 VidPnSourceId=0 FlipInterval=1 Flags=4198404 ReturnStatus=0 hSrcAllocHandle=0x800043c0 hDstAllocHandle=0x0"
"15:35:05.0646432","184","12852","3792","hContext=1073759680 hWindow=0x0 VidPnSourceId=0 FlipInterval=1 Flags=4198404 ReturnStatus=0 hSrcAllocHandle=0x40005c80 hDstAllocHandle=0x0"
"15:35:05.1542541","184","12852","3792","hContext=1073759680 hWindow=0x0 VidPnSourceId=0 FlipInterval=1 Flags=4198404 ReturnStatus=0 hSrcAllocHandle=0x40005e00 hDstAllocHandle=0x0"
"15:35:05.1649884","184","12852","3792","hContext=1073759680 hWindow=0x0 VidPnSourceId=0 FlipInterval=1 Flags=4198404 ReturnStatus=0 hSrcAllocHandle=0x800043c0 hDstAllocHandle=0x0"
"15:35:05.2684828","184","12852","3792","hContext=1073759680 hWindow=0x0 VidPnSourceId=0 FlipInterval=1 Flags=4198404 ReturnStatus=0 hSrcAllocHandle=0x40005c80 hDstAllocHandle=0x0"
"15:35:05.2818169","184","12852","3792","hContext=1073759680 hWindow=0x0 VidPnSourceId=0 FlipInterval=1 Flags=4198404 ReturnStatus=0 hSrcAllocHandle=0x40005e00 hDstAllocHandle=0x0"
"15:35:05.3793506","184","12852","3792","hContext=1073759680 hWindow=0x0 VidPnSourceId=0 FlipInterval=1 Flags=4198404 ReturnStatus=0 hSrcAllocHandle=0x800043c0 hDstAllocHandle=0x0"
"15:35:05.3795430","171","12852","13196","hAdapter=0xffff910e86eb4820 Token=0xffff810669b4d160 Model=7 TokenSize=0 TokenData=5112 Flags=0x0 CustomDuration=0 VmBusChannel=0x0"
"15:35:05.3795606","184","12852","13196","hContext=1073742528 hWindow=0x0 VidPnSourceId=0 FlipInterval=0 Flags=32768 ReturnStatus=0 hSrcAllocHandle=0x40000540 hDstAllocHandle=0x0"
"15:35:05.3797070","172","4","876","hAdapter=0xffff910e8cd5c000 Token=0xffff810669b4d160 Model=0 TokenSize=0 TokenData=0 Flags=0x0 CustomDuration=0 VmBusChannel=0x0"
"15:35:05.3835208","184","12852","3792","hContext=1073759680 hWindow=0x0 VidPnSourceId=0 FlipInterval=1 Flags=4198404 ReturnStatus=0 hSrcAllocHandle=0x40005c80 hDstAllocHandle=0x0"
"15:35:05.3996779","184","12852","3792","hContext=1073759680 hWindow=0x0 VidPnSourceId=0 FlipInterval=1 Flags=4198404 ReturnStatus=0 hSrcAllocHandle=0x40005e00 hDstAllocHandle=0x0"
"15:35:05.4849329","184","12852","3792","hContext=1073759680 hWindow=0x0 VidPnSourceId=0 FlipInterval=1 Flags=4198404 ReturnStatus=0 hSrcAllocHandle=0x800043c0 hDstAllocHandle=0x0"
"15:35:05.9080147","184","12852","3792","hContext=1073759680 hWindow=0x0 VidPnSourceId=0 FlipInterval=1 Flags=4198404 ReturnStatus=0 hSrcAllocHandle=0x40005c80 hDstAllocHandle=0x0"
"15:35:05.9241527","171","12852","13196","hAdapter=0xffff910e86eb4820 Token=0xffff810669b4d160 Model=7 TokenSize=0 TokenData=5112 Flags=0x0 CustomDuration=0 VmBusChannel=0x0"
"15:35:05.9241656","184","12852","13196","hContext=1073742528 hWindow=0x0 VidPnSourceId=0 FlipInterval=0 Flags=32768 ReturnStatus=0 hSrcAllocHandle=0x40000540 hDstAllocHandle=0x0"
"15:35:05.9243801","172","4","876","hAdapter=0xffff910e8cd5c000 Token=0xffff810669b4d160 Model=0 TokenSize=0 TokenData=0 Flags=0x0 CustomDuration=0 VmBusChannel=0x0"
"15:35:05.9546144","184","12852","3792","hContext=1073759680 hWindow=0x0 VidPnSourceId=0 FlipInterval=1 Flags=4198404 ReturnStatus=0 hSrcAllocHandle=0x40005e00 hDstAllocHandle=0x0"
"15:35:06.0443863","184","12852","3792","hContext=1073759680 hWindow=0x0 VidPnSourceId=0 FlipInterval=1 Flags=4198404 ReturnStatus=0 hSrcAllocHandle=0x800043c0 hDstAllocHandle=0x0"
"15:35:06.0877888","184","12852","3792","hContext=1073759680 hWindow=0x0 VidPnSourceId=0 FlipInterval=1 Flags=4198404 ReturnStatus=0 hSrcAllocHandle=0x40005c80 hDstAllocHandle=0x0"
"15:35:06.1415348","184","12852","3792","hContext=1073759680 hWindow=0x0 VidPnSourceId=0 FlipInterval=1 Flags=4198404 ReturnStatus=0 hSrcAllocHandle=0x40005e00 hDstAllocHandle=0x0"
"15:35:06.1489425","184","12852","3792","hContext=1073759680 hWindow=0x0 VidPnSourceId=0 FlipInterval=1 Flags=4198404 ReturnStatus=0 hSrcAllocHandle=0x800043c0 hDstAllocHandle=0x0"
"15:35:06.1661892","184","12852","3792","hContext=1073759680 hWindow=0x0 VidPnSourceId=0 FlipInterval=1 Flags=4198404 ReturnStatus=0 hSrcAllocHandle=0x40005c80 hDstAllocHandle=0x0"
"15:35:06.2660813","184","12852","3792","hContext=1073759680 hWindow=0x0 VidPnSourceId=0 FlipInterval=1 Flags=4198404 ReturnStatus=0 hSrcAllocHandle=0x40005e00 hDstAllocHandle=0x0"
"15:35:06.2889880","184","12852","3792","hContext=1073759680 hWindow=0x0 VidPnSourceId=0 FlipInterval=1 Flags=4198404 ReturnStatus=0 hSrcAllocHandle=0x800043c0 hDstAllocHandle=0x0"
"15:35:06.3594886","184","12852","3792","hContext=1073759680 hWindow=0x0 VidPnSourceId=0 FlipInterval=1 Flags=4198404 ReturnStatus=0 hSrcAllocHandle=0x40005c80 hDstAllocHandle=0x0"
"15:35:06.3659400","184","12852","3792","hContext=1073759680 hWindow=0x0 VidPnSourceId=0 FlipInterval=1 Flags=4198404 ReturnStatus=0 hSrcAllocHandle=0x40005e00 hDstAllocHandle=0x0"
"15:35:06.4371882","184","12852","3792","hContext=1073759680 hWindow=0x0 VidPnSourceId=0 FlipInterval=1 Flags=4198404 ReturnStatus=0 hSrcAllocHandle=0x800043c0 hDstAllocHandle=0x0"
"15:35:06.4685104","184","12852","3792","hContext=1073759680 hWindow=0x0 VidPnSourceId=0 FlipInterval=1 Flags=4198404 ReturnStatus=0 hSrcAllocHandle=0x40005c80 hDstAllocHandle=0x0"
"15:35:06.4693288","171","12852","13196","hAdapter=0xffff910e86eb4820 Token=0xffff810669b4d160 Model=7 TokenSize=0 TokenData=4996 Flags=0x0 CustomDuration=0 VmBusChannel=0x0"
"15:35:06.4693438","184","12852","13196","hContext=1073742528 hWindow=0x0 VidPnSourceId=0 FlipInterval=0 Flags=32768 ReturnStatus=0 hSrcAllocHandle=0x40000540 hDstAllocHandle=0x0"
"15:35:06.4693542","172","4","880","hAdapter=0xffff910e8cd5c000 Token=0xffff810669b4d160 Model=0 TokenSize=0 TokenData=0 Flags=0x0 CustomDuration=0 VmBusChannel=0x0"
"15:35:06.4846519","184","12852","3792","hContext=1073759680 hWindow=0x0 VidPnSourceId=0 FlipInterval=1 Flags=4198404 ReturnStatus=0 hSrcAllocHandle=0x40005e00 hDstAllocHandle=0x0"
"15:35:06.5826636","184","12852","3792","hContext=1073759680 hWindow=0x0 VidPnSourceId=0 FlipInterval=1 Flags=4198404 ReturnStatus=0 hSrcAllocHandle=0x800043c0 hDstAllocHandle=0x0"
"15:35:06.6855106","184","12852","3792","hContext=1073759680 hWindow=0x0 VidPnSourceId=0 FlipInterval=1 Flags=4198404 ReturnStatus=0 hSrcAllocHandle=0x40005c80 hDstAllocHandle=0x0"
"15:35:06.6993707","184","12852","3792","hContext=1073759680 hWindow=0x0 VidPnSourceId=0 FlipInterval=1 Flags=4198404 ReturnStatus=0 hSrcAllocHandle=0x40005e00 hDstAllocHandle=0x0"
"15:35:06.8117559","184","12852","3792","hContext=1073759680 hWindow=0x0 VidPnSourceId=0 FlipInterval=1 Flags=4198404 ReturnStatus=0 hSrcAllocHandle=0x800043c0 hDstAllocHandle=0x0"
"15:35:06.8160186","184","12852","3792","hContext=1073759680 hWindow=0x0 VidPnSourceId=0 FlipInterval=1 Flags=4198404 ReturnStatus=0 hSrcAllocHandle=0x40005c80 hDstAllocHandle=0x0"
"15:35:07.0193461","171","12852","13196","hAdapter=0xffff910e86eb4820 Token=0xffff810669b4d160 Model=7 TokenSize=0 TokenData=4996 Flags=0x0 CustomDuration=0 VmBusChannel=0x0"
"15:35:07.0193609","184","12852","13196","hContext=1073742528 hWindow=0x0 VidPnSourceId=0 FlipInterval=0 Flags=32768 ReturnStatus=0 hSrcAllocHandle=0x40000540 hDstAllocHandle=0x0"
"15:35:07.0195567","172","4","876","hAdapter=0xffff910e8cd5c000 Token=0xffff810669b4d160 Model=0 TokenSize=0 TokenData=0 Flags=0x0 CustomDuration=0 VmBusChannel=0x0"
"15:35:07.1104747","184","12852","3792","hContext=1073759680 hWindow=0x0 VidPnSourceId=0 FlipInterval=1 Flags=4198404 ReturnStatus=0 hSrcAllocHandle=0x40005e00 hDstAllocHandle=0x0"
"15:35:07.1170154","184","12852","3792","hContext=1073759680 hWindow=0x0 VidPnSourceId=0 FlipInterval=1 Flags=4198404 ReturnStatus=0 hSrcAllocHandle=0x800043c0 hDstAllocHandle=0x0"
"15:35:07.1333700","184","12852","3792","hContext=1073759680 hWindow=0x0 VidPnSourceId=0 FlipInterval=1 Flags=4198404 ReturnStatus=0 hSrcAllocHandle=0x40005c80 hDstAllocHandle=0x0"
"15:35:07.2361478","184","12852","3792","hContext=1073759680 hWindow=0x0 VidPnSourceId=0 FlipInterval=1 Flags=4198404 ReturnStatus=0 hSrcAllocHandle=0x40005e00 hDstAllocHandle=0x0"
"15:35:07.2499621","184","12852","3792","hContext=1073759680 hWindow=0x0 VidPnSourceId=0 FlipInterval=1 Flags=4198404 ReturnStatus=0 hSrcAllocHandle=0x800043c0 hDstAllocHandle=0x0"
"15:35:07.3421095","184","12852","3792","hContext=1073759680 hWindow=0x0 VidPnSourceId=0 FlipInterval=1 Flags=4198404 ReturnStatus=0 hSrcAllocHandle=0x40005c80 hDstAllocHandle=0x0"
"15:35:07.3508445","184","12852","3792","hContext=1073759680 hWindow=0x0 VidPnSourceId=0 FlipInterval=1 Flags=4198404 ReturnStatus=0 hSrcAllocHandle=0x40005e00 hDstAllocHandle=0x0"
"15:35:07.4359019","184","12852","3792","hContext=1073759680 hWindow=0x0 VidPnSourceId=0 FlipInterval=1 Flags=4198404 ReturnStatus=0 hSrcAllocHandle=0x800043c0 hDstAllocHandle=0x0"
"15:35:07.4563110","184","12852","3792","hContext=1073759680 hWindow=0x0 VidPnSourceId=0 FlipInterval=1 Flags=4198404 ReturnStatus=0 hSrcAllocHandle=0x40005c80 hDstAllocHandle=0x0"
"15:35:07.4667512","184","12852","3792","hContext=1073759680 hWindow=0x0 VidPnSourceId=0 FlipInterval=1 Flags=4198404 ReturnStatus=0 hSrcAllocHandle=0x40005e00 hDstAllocHandle=0x0"
"15:35:07.5650968","184","12852","3792","hContext=1073759680 hWindow=0x0 VidPnSourceId=0 FlipInterval=1 Flags=4198404 ReturnStatus=0 hSrcAllocHandle=0x800043c0 hDstAllocHandle=0x0"
"15:35:07.5652670","171","12852","13196","hAdapter=0xffff910e86eb4820 Token=0xffff810669b4d160 Model=7 TokenSize=0 TokenData=4972 Flags=0x0 CustomDuration=0 VmBusChannel=0x0"
"15:35:07.5652850","184","12852","13196","hContext=1073742528 hWindow=0x0 VidPnSourceId=0 FlipInterval=0 Flags=32768 ReturnStatus=0 hSrcAllocHandle=0x40000540 hDstAllocHandle=0x0"
"15:35:07.5654870","172","4","876","hAdapter=0xffff910e8cd5c000 Token=0xffff810669b4d160 Model=0 TokenSize=0 TokenData=0 Flags=0x0 CustomDuration=0 VmBusChannel=0x0"
"15:35:07.5684263","184","12852","3792","hContext=1073759680 hWindow=0x0 VidPnSourceId=0 FlipInterval=1 Flags=4198404 ReturnStatus=0 hSrcAllocHandle=0x40005c80 hDstAllocHandle=0x0"
"15:35:07.5846788","184","12852","3792","hContext=1073759680 hWindow=0x0 VidPnSourceId=0 FlipInterval=1 Flags=4198404 ReturnStatus=0 hSrcAllocHandle=0x40005e00 hDstAllocHandle=0x0"
"15:35:07.6744215","184","12852","3792","hContext=1073759680 hWindow=0x0 VidPnSourceId=0 FlipInterval=1 Flags=4198404 ReturnStatus=0 hSrcAllocHandle=0x800043c0 hDstAllocHandle=0x0"
"15:35:07.6838422","184","12852","3792","hContext=1073759680 hWindow=0x0 VidPnSourceId=0 FlipInterval=1 Flags=4198404 ReturnStatus=0 hSrcAllocHandle=0x40005c80 hDstAllocHandle=0x0"
"15:35:07.7805578","184","12852","3792","hContext=1073759680 hWindow=0x0 VidPnSourceId=0 FlipInterval=1 Flags=4198404 ReturnStatus=0 hSrcAllocHandle=0x40005e00 hDstAllocHandle=0x0"
"15:35:07.7838262","184","12852","3792","hContext=1073759680 hWindow=0x0 VidPnSourceId=0 FlipInterval=1 Flags=4198404 ReturnStatus=0 hSrcAllocHandle=0x800043c0 hDstAllocHandle=0x0"
"15:35:07.8924855","184","12852","3792","hContext=1073759680 hWindow=0x0 VidPnSourceId=0 FlipInterval=1 Flags=4198404 ReturnStatus=0 hSrcAllocHandle=0x40005c80 hDstAllocHandle=0x0"
"15:35:07.9003511","184","12852","3792","hContext=1073759680 hWindow=0x0 VidPnSourceId=0 FlipInterval=1 Flags=4198404 ReturnStatus=0 hSrcAllocHandle=0x40005e00 hDstAllocHandle=0x0"
"15:35:07.9990050","184","12852","3792","hContext=1073759680 hWindow=0x0 VidPnSourceId=0 FlipInterval=1 Flags=4198404 ReturnStatus=0 hSrcAllocHandle=0x800043c0 hDstAllocHandle=0x0"
"15:35:08.0001243","184","12852","3792","hContext=1073759680 hWindow=0x0 VidPnSourceId=0 FlipInterval=1 Flags=4198404 ReturnStatus=0 hSrcAllocHandle=0x40005c80 hDstAllocHandle=0x0"
"15:35:08.1190074","171","12852","13196","hAdapter=0xffff910e86eb4820 Token=0xffff810669b4d160 Model=7 TokenSize=0 TokenData=5044 Flags=0x0 CustomDuration=0 VmBusChannel=0x0"
"15:35:08.1190329","184","12852","13196","hContext=1073742528 hWindow=0x0 VidPnSourceId=0 FlipInterval=0 Flags=32768 ReturnStatus=0 hSrcAllocHandle=0x40000540 hDstAllocHandle=0x0"
"15:35:08.1190529","172","4","880","hAdapter=0xffff910e8cd5c000 Token=0xffff810669b4d160 Model=0 TokenSize=0 TokenData=0 Flags=0x0 CustomDuration=0 VmBusChannel=0x0"
"15:35:08.2958649","184","12852","3792","hContext=1073759680 hWindow=0x0 VidPnSourceId=0 FlipInterval=1 Flags=4198404 ReturnStatus=0 hSrcAllocHandle=0x40005e00 hDstAllocHandle=0x0"
"15:35:08.3010761","184","12852","3792","hContext=1073759680 hWindow=0x0 VidPnSourceId=0 FlipInterval=1 Flags=4198404 ReturnStatus=0 hSrcAllocHandle=0x800043c0 hDstAllocHandle=0x0"
"15:35:08.3291765","184","12852","3792","hContext=1073759680 hWindow=0x0 VidPnSourceId=0 FlipInterval=1 Flags=4198404 ReturnStatus=0 hSrcAllocHandle=0x40005c80 hDstAllocHandle=0x0"
"15:35:08.3338837","184","12852","3792","hContext=1073759680 hWindow=0x0 VidPnSourceId=0 FlipInterval=1 Flags=4198404 ReturnStatus=0 hSrcAllocHandle=0x40005e00 hDstAllocHandle=0x0"
"15:35:08.4411187","184","12852","3792","hContext=1073759680 hWindow=0x0 VidPnSourceId=0 FlipInterval=1 Flags=4198404 ReturnStatus=0 hSrcAllocHandle=0x800043c0 hDstAllocHandle=0x0"
"15:35:08.4513660","184","12852","3792","hContext=1073759680 hWindow=0x0 VidPnSourceId=0 FlipInterval=1 Flags=4198404 ReturnStatus=0 hSrcAllocHandle=0x40005c80 hDstAllocHandle=0x0"
"15:35:08.5473660","184","12852","3792","hContext=1073759680 hWindow=0x0 VidPnSourceId=0 FlipInterval=1 Flags=4198404 ReturnStatus=0 hSrcAllocHandle=0x40005e00 hDstAllocHandle=0x0"
"15:35:08.5509142","184","12852","3792","hContext=1073759680 hWindow=0x0 VidPnSourceId=0 FlipInterval=1 Flags=4198404 ReturnStatus=0 hSrcAllocHandle=0x800043c0 hDstAllocHandle=0x0"
"15:35:08.6581329","184","12852","3792","hContext=1073759680 hWindow=0x0 VidPnSourceId=0 FlipInterval=1 Flags=4198404 ReturnStatus=0 hSrcAllocHandle=0x40005c80 hDstAllocHandle=0x0"
"15:35:08.6582917","171","12852","13196","hAdapter=0xffff910e86eb4820 Token=0xffff810669b4d160 Model=7 TokenSize=0 TokenData=5080 Flags=0x0 CustomDuration=0 VmBusChannel=0x0"
"15:35:08.6583045","184","12852","13196","hContext=1073742528 hWindow=0x0 VidPnSourceId=0 FlipInterval=0 Flags=32768 ReturnStatus=0 hSrcAllocHandle=0x40000540 hDstAllocHandle=0x0"
"15:35:08.6584727","172","4","876","hAdapter=0xffff910e8cd5c000 Token=0xffff810669b4d160 Model=0 TokenSize=0 TokenData=0 Flags=0x0 CustomDuration=0 VmBusChannel=0x0"
"15:35:08.6809089","184","12852","3792","hContext=1073759680 hWindow=0x0 VidPnSourceId=0 FlipInterval=1 Flags=4198404 ReturnStatus=0 hSrcAllocHandle=0x40005e00 hDstAllocHandle=0x0"
"15:35:08.7677848","184","12852","3792","hContext=1073759680 hWindow=0x0 VidPnSourceId=0 FlipInterval=1 Flags=4198404 ReturnStatus=0 hSrcAllocHandle=0x800043c0 hDstAllocHandle=0x0"
"15:35:08.8739694","184","12852","3792","hContext=1073759680 hWindow=0x0 VidPnSourceId=0 FlipInterval=1 Flags=4198404 ReturnStatus=0 hSrcAllocHandle=0x40005c80 hDstAllocHandle=0x0"
"15:35:08.8847504","184","12852","3792","hContext=1073759680 hWindow=0x0 VidPnSourceId=0 FlipInterval=1 Flags=4198404 ReturnStatus=0 hSrcAllocHandle=0x40005e00 hDstAllocHandle=0x0"
"15:35:08.9841299","184","12852","3792","hContext=1073759680 hWindow=0x0 VidPnSourceId=0 FlipInterval=1 Flags=4198404 ReturnStatus=0 hSrcAllocHandle=0x800043c0 hDstAllocHandle=0x0"
"15:35:09.0025458","184","12852","3792","hContext=1073759680 hWindow=0x0 VidPnSourceId=0 FlipInterval=1 Flags=4198404 ReturnStatus=0 hSrcAllocHandle=0x40005c80 hDstAllocHandle=0x0"
"15:35:09.0960054","184","12852","3792","hContext=1073759680 hWindow=0x0 VidPnSourceId=0 FlipInterval=1 Flags=4198404 ReturnStatus=0 hSrcAllocHandle=0x40005e00 hDstAllocHandle=0x0"
"15:35:09.1017382","184","12852","3792","hContext=1073759680 hWindow=0x0 VidPnSourceId=0 FlipInterval=1 Flags=4198404 ReturnStatus=0 hSrcAllocHandle=0x800043c0 hDstAllocHandle=0x0"
"15:35:09.2109352","171","12852","13196","hAdapter=0xffff910e86eb4820 Token=0xffff810669b4d160 Model=7 TokenSize=0 TokenData=4996 Flags=0x0 CustomDuration=0 VmBusChannel=0x0"
"15:35:09.2109664","184","12852","13196","hContext=1073742528 hWindow=0x0 VidPnSourceId=0 FlipInterval=0 Flags=32768 ReturnStatus=0 hSrcAllocHandle=0x40000540 hDstAllocHandle=0x0"
"15:35:09.2110301","172","4","876","hAdapter=0xffff910e8cd5c000 Token=0xffff810669b4d160 Model=0 TokenSize=0 TokenData=0 Flags=0x0 CustomDuration=0 VmBusChannel=0x0"
"15:35:09.2111651","184","12852","3792","hContext=1073759680 hWindow=0x0 VidPnSourceId=0 FlipInterval=1 Flags=4198404 ReturnStatus=0 hSrcAllocHandle=0x40005c80 hDstAllocHandle=0x0"
"15:35:09.2198329","184","12852","3792","hContext=1073759680 hWindow=0x0 VidPnSourceId=0 FlipInterval=1 Flags=4198404 ReturnStatus=0 hSrcAllocHandle=0x40005e00 hDstAllocHandle=0x0"
"15:35:09.3183485","184","12852","3792","hContext=1073759680 hWindow=0x0 VidPnSourceId=0 FlipInterval=1 Flags=4198404 ReturnStatus=0 hSrcAllocHandle=0x800043c0 hDstAllocHandle=0x0"
"15:35:09.7102853","184","12852","3792","hContext=1073759680 hWindow=0x0 VidPnSourceId=0 FlipInterval=1 Flags=4198404 ReturnStatus=0 hSrcAllocHandle=0x40005c80 hDstAllocHandle=0x0"
"15:35:09.7188099","184","12852","3792","hContext=1073759680 hWindow=0x0 VidPnSourceId=0 FlipInterval=1 Flags=4198404 ReturnStatus=0 hSrcAllocHandle=0x40005e00 hDstAllocHandle=0x0"
"15:35:09.7515185","184","12852","3792","hContext=1073759680 hWindow=0x0 VidPnSourceId=0 FlipInterval=1 Flags=4198404 ReturnStatus=0 hSrcAllocHandle=0x800043c0 hDstAllocHandle=0x0"
"15:35:09.7519223","171","12852","13196","hAdapter=0xffff910e86eb4820 Token=0xffff810669b4d160 Model=7 TokenSize=0 TokenData=5068 Flags=0x0 CustomDuration=0 VmBusChannel=0x0"
"15:35:09.7519368","184","12852","13196","hContext=1073742528 hWindow=0x0 VidPnSourceId=0 FlipInterval=0 Flags=32768 ReturnStatus=0 hSrcAllocHandle=0x40000540 hDstAllocHandle=0x0"
"15:35:09.7519488","172","4","880","hAdapter=0xffff910e8cd5c000 Token=0xffff810669b4d160 Model=0 TokenSize=0 TokenData=0 Flags=0x0 CustomDuration=0 VmBusChannel=0x0"
"15:35:09.7717735","184","12852","3792","hContext=1073759680 hWindow=0x0 VidPnSourceId=0 FlipInterval=1 Flags=4198404 ReturnStatus=0 hSrcAllocHandle=0x40005c80 hDstAllocHandle=0x0"
"15:35:09.8603688","184","12852","3792","hContext=1073759680 hWindow=0x0 VidPnSourceId=0 FlipInterval=1 Flags=4198404 ReturnStatus=0 hSrcAllocHandle=0x40005e00 hDstAllocHandle=0x0"
"15:35:09.8688374","184","12852","3792","hContext=1073759680 hWindow=0x0 VidPnSourceId=0 FlipInterval=1 Flags=4198404 ReturnStatus=0 hSrcAllocHandle=0x800043c0 hDstAllocHandle=0x0"
"15:35:09.9725317","184","12852","3792","hContext=1073759680 hWindow=0x0 VidPnSourceId=0 FlipInterval=1 Flags=4198404 ReturnStatus=0 hSrcAllocHandle=0x40005c80 hDstAllocHandle=0x0"
"15:35:09.9858113","184","12852","3792","hContext=1073759680 hWindow=0x0 VidPnSourceId=0 FlipInterval=1 Flags=4198404 ReturnStatus=0 hSrcAllocHandle=0x40005e00 hDstAllocHandle=0x0"
"15:35:10.0764203","184","12852","3792","hContext=1073759680 hWindow=0x0 VidPnSourceId=0 FlipInterval=1 Flags=4198404 ReturnStatus=0 hSrcAllocHandle=0x800043c0 hDstAllocHandle=0x0"
"15:35:10.0859247","184","12852","3792","hContext=1073759680 hWindow=0x0 VidPnSourceId=0 FlipInterval=1 Flags=4198404 ReturnStatus=0 hSrcAllocHandle=0x40005c80 hDstAllocHandle=0x0"
"15:35:10.1887239","184","12852","3792","hContext=1073759680 hWindow=0x0 VidPnSourceId=0 FlipInterval=1 Flags=4198404 ReturnStatus=0 hSrcAllocHandle=0x40005e00 hDstAllocHandle=0x0"
"15:35:10.2023738","184","12852","3792","hContext=1073759680 hWindow=0x0 VidPnSourceId=0 FlipInterval=1 Flags=4198404 ReturnStatus=0 hSrcAllocHandle=0x800043c0 hDstAllocHandle=0x0"
"15:35:10.2976101","184","12852","3792","hContext=1073759680 hWindow=0x0 VidPnSourceId=0 FlipInterval=1 Flags=4198404 ReturnStatus=0 hSrcAllocHandle=0x40005c80 hDstAllocHandle=0x0"
"15:35:10.2985012","171","12852","13196","hAdapter=0xffff910e86eb4820 Token=0xffff810669b4d160 Model=7 TokenSize=0 TokenData=4972 Flags=0x0 CustomDuration=0 VmBusChannel=0x0"
"15:35:10.2985143","184","12852","13196","hContext=1073742528 hWindow=0x0 VidPnSourceId=0 FlipInterval=0 Flags=32768 ReturnStatus=0 hSrcAllocHandle=0x40000540 hDstAllocHandle=0x0"
"15:35:10.2985239","172","4","880","hAdapter=0xffff910e8cd5c000 Token=0xffff810669b4d160 Model=0 TokenSize=0 TokenData=0 Flags=0x0 CustomDuration=0 VmBusChannel=0x0"
"15:35:10.3040733","184","12852","3792","hContext=1073759680 hWindow=0x0 VidPnSourceId=0 FlipInterval=1 Flags=4198404 ReturnStatus=0 hSrcAllocHandle=0x40005e00 hDstAllocHandle=0x0"
"15:35:10.4193676","184","12852","3792","hContext=1073759680 hWindow=0x0 VidPnSourceId=0 FlipInterval=1 Flags=4198404 ReturnStatus=0 hSrcAllocHandle=0x800043c0 hDstAllocHandle=0x0"
"15:35:10.4529392","184","12852","3792","hContext=1073759680 hWindow=0x0 VidPnSourceId=0 FlipInterval=1 Flags=4198404 ReturnStatus=0 hSrcAllocHandle=0x40005c80 hDstAllocHandle=0x0"
"15:35:10.5153375","184","12852","3792","hContext=1073759680 hWindow=0x0 VidPnSourceId=0 FlipInterval=1 Flags=4198404 ReturnStatus=0 hSrcAllocHandle=0x40005e00 hDstAllocHandle=0x0"
"15:35:10.5194092","184","12852","3792","hContext=1073759680 hWindow=0x0 VidPnSourceId=0 FlipInterval=1 Flags=4198404 ReturnStatus=0 hSrcAllocHandle=0x800043c0 hDstAllocHandle=0x0"
"15:35:10.6273500","184","12852","3792","hContext=1073759680 hWindow=0x0 VidPnSourceId=0 FlipInterval=1 Flags=4198404 ReturnStatus=0 hSrcAllocHandle=0x40005c80 hDstAllocHandle=0x0"
"15:35:10.6360425","184","12852","3792","hContext=1073759680 hWindow=0x0 VidPnSourceId=0 FlipInterval=1 Flags=4198404 ReturnStatus=0 hSrcAllocHandle=0x40005e00 hDstAllocHandle=0x0"
"15:35:10.7351486","184","12852","3792","hContext=1073759680 hWindow=0x0 VidPnSourceId=0 FlipInterval=1 Flags=4198404 ReturnStatus=0 hSrcAllocHandle=0x800043c0 hDstAllocHandle=0x0"
"15:35:10.8463048","171","12852","13196","hAdapter=0xffff910e86eb4820 Token=0xffff810669b4d160 Model=7 TokenSize=0 TokenData=4980 Flags=0x0 CustomDuration=0 VmBusChannel=0x0"
"15:35:10.8463320","184","12852","13196","hContext=1073742528 hWindow=0x0 VidPnSourceId=0 FlipInterval=0 Flags=32768 ReturnStatus=0 hSrcAllocHandle=0x40000540 hDstAllocHandle=0x0"
"15:35:10.8465219","172","4","876","hAdapter=0xffff910e8cd5c000 Token=0xffff810669b4d160 Model=0 TokenSize=0 TokenData=0 Flags=0x0 CustomDuration=0 VmBusChannel=0x0"
"15:35:11.0341765","184","12852","3792","hContext=1073759680 hWindow=0x0 VidPnSourceId=0 FlipInterval=1 Flags=4198404 ReturnStatus=0 hSrcAllocHandle=0x40005c80 hDstAllocHandle=0x0"
"15:35:11.0365291","184","12852","3792","hContext=1073759680 hWindow=0x0 VidPnSourceId=0 FlipInterval=1 Flags=4198404 ReturnStatus=0 hSrcAllocHandle=0x40005e00 hDstAllocHandle=0x0"
"15:35:11.0640427","184","12852","3792","hContext=1073759680 hWindow=0x0 VidPnSourceId=0 FlipInterval=1 Flags=4198404 ReturnStatus=0 hSrcAllocHandle=0x800043c0 hDstAllocHandle=0x0"
"15:35:11.0699296","184","12852","3792","hContext=1073759680 hWindow=0x0 VidPnSourceId=0 FlipInterval=1 Flags=4198404 ReturnStatus=0 hSrcAllocHandle=0x40005c80 hDstAllocHandle=0x0"
"15:35:11.1778807","184","12852","3792","hContext=1073759680 hWindow=0x0 VidPnSourceId=0 FlipInterval=1 Flags=4198404 ReturnStatus=0 hSrcAllocHandle=0x40005e00 hDstAllocHandle=0x0"
"15:35:11.1868114","184","12852","3792","hContext=1073759680 hWindow=0x0 VidPnSourceId=0 FlipInterval=1 Flags=4198404 ReturnStatus=0 hSrcAllocHandle=0x800043c0 hDstAllocHandle=0x0"
"15:35:11.2859377","184","12852","3792","hContext=1073759680 hWindow=0x0 VidPnSourceId=0 FlipInterval=1 Flags=4198404 ReturnStatus=0 hSrcAllocHandle=0x40005c80 hDstAllocHandle=0x0"
"15:35:11.3029449","184","12852","3792","hContext=1073759680 hWindow=0x0 VidPnSourceId=0 FlipInterval=1 Flags=4198404 ReturnStatus=0 hSrcAllocHandle=0x40005e00 hDstAllocHandle=0x0"
"15:35:11.3940505","184","12852","3792","hContext=1073759680 hWindow=0x0 VidPnSourceId=0 FlipInterval=1 Flags=4198404 ReturnStatus=0 hSrcAllocHandle=0x800043c0 hDstAllocHandle=0x0"
"15:35:11.3941940","171","12852","13196","hAdapter=0xffff910e86eb4820 Token=0xffff810669b4d160 Model=7 TokenSize=0 TokenData=4340 Flags=0x0 CustomDuration=0 VmBusChannel=0x0"
"15:35:11.3942142","184","12852","13196","hContext=1073742528 hWindow=0x0 VidPnSourceId=0 FlipInterval=0 Flags=32768 ReturnStatus=0 hSrcAllocHandle=0x40000540 hDstAllocHandle=0x0"
"15:35:11.3943446","172","4","876","hAdapter=0xffff910e8cd5c000 Token=0xffff810669b4d160 Model=0 TokenSize=0 TokenData=0 Flags=0x0 CustomDuration=0 VmBusChannel=0x0"
"15:35:11.4055693","184","12852","3792","hContext=1073759680 hWindow=0x0 VidPnSourceId=0 FlipInterval=1 Flags=4198404 ReturnStatus=0 hSrcAllocHandle=0x40005c80 hDstAllocHandle=0x0"
"15:35:11.4872658","184","12852","3792","hContext=1073759680 hWindow=0x0 VidPnSourceId=0 FlipInterval=1 Flags=4198404 ReturnStatus=0 hSrcAllocHandle=0x40005e00 hDstAllocHandle=0x0"
"15:35:11.5042597","184","12852","3792","hContext=1073759680 hWindow=0x0 VidPnSourceId=0 FlipInterval=1 Flags=4198404 ReturnStatus=0 hSrcAllocHandle=0x800043c0 hDstAllocHandle=0x0"
"15:35:11.6118054","184","12852","3792","hContext=1073759680 hWindow=0x0 VidPnSourceId=0 FlipInterval=1 Flags=4198404 ReturnStatus=0 hSrcAllocHandle=0x40005c80 hDstAllocHandle=0x0"
"15:35:11.6202042","184","12852","3792","hContext=1073759680 hWindow=0x0 VidPnSourceId=0 FlipInterval=1 Flags=4198404 ReturnStatus=0 hSrcAllocHandle=0x40005e00 hDstAllocHandle=0x0"
"15:35:11.7183100","184","12852","3792","hContext=1073759680 hWindow=0x0 VidPnSourceId=0 FlipInterval=1 Flags=4198404 ReturnStatus=0 hSrcAllocHandle=0x800043c0 hDstAllocHandle=0x0"
"15:35:11.7201435","184","12852","3792","hContext=1073759680 hWindow=0x0 VidPnSourceId=0 FlipInterval=1 Flags=4198404 ReturnStatus=0 hSrcAllocHandle=0x40005c80 hDstAllocHandle=0x0"
"15:35:11.8281272","184","12852","3792","hContext=1073759680 hWindow=0x0 VidPnSourceId=0 FlipInterval=1 Flags=4198404 ReturnStatus=0 hSrcAllocHandle=0x40005e00 hDstAllocHandle=0x0"
"15:35:11.8370093","184","12852","3792","hContext=1073759680 hWindow=0x0 VidPnSourceId=0 FlipInterval=1 Flags=4198404 ReturnStatus=0 hSrcAllocHandle=0x800043c0 hDstAllocHandle=0x0"
"15:35:11.9371164","184","12852","3792","hContext=1073759680 hWindow=0x0 VidPnSourceId=0 FlipInterval=1 Flags=4198404 ReturnStatus=0 hSrcAllocHandle=0x40005c80 hDstAllocHandle=0x0"
"15:35:11.9372633","171","12852","13196","hAdapter=0xffff910e86eb4820 Token=0xffff810669b4d160 Model=7 TokenSize=0 TokenData=4972 Flags=0x0 CustomDuration=0 VmBusChannel=0x0"
"15:35:11.9372749","184","12852","13196","hContext=1073742528 hWindow=0x0 VidPnSourceId=0 FlipInterval=0 Flags=32768 ReturnStatus=0 hSrcAllocHandle=0x40000540 hDstAllocHandle=0x0"
"15:35:11.9374848","172","4","876","hAdapter=0xffff910e8cd5c000 Token=0xffff810669b4d160 Model=0 TokenSize=0 TokenData=0 Flags=0x0 CustomDuration=0 VmBusChannel=0x0"
"15:35:11.9554766","184","12852","3792","hContext=1073759680 hWindow=0x0 VidPnSourceId=0 FlipInterval=1 Flags=4198404 ReturnStatus=0 hSrcAllocHandle=0x40005e00 hDstAllocHandle=0x0"
"15:35:12.2513077","184","12852","3792","hContext=1073759680 hWindow=0x0 VidPnSourceId=0 FlipInterval=1 Flags=4198404 ReturnStatus=0 hSrcAllocHandle=0x800043c0 hDstAllocHandle=0x0"
"15:35:12.2670981","184","12852","3792","hContext=1073759680 hWindow=0x0 VidPnSourceId=0 FlipInterval=1 Flags=4198404 ReturnStatus=0 hSrcAllocHandle=0x40005c80 hDstAllocHandle=0x0"
"15:35:12.2709745","184","12852","3792","hContext=1073759680 hWindow=0x0 VidPnSourceId=0 FlipInterval=1 Flags=4198404 ReturnStatus=0 hSrcAllocHandle=0x40005e00 hDstAllocHandle=0x0"
"15:35:12.3746071","184","12852","3792","hContext=1073759680 hWindow=0x0 VidPnSourceId=0 FlipInterval=1 Flags=4198404 ReturnStatus=0 hSrcAllocHandle=0x800043c0 hDstAllocHandle=0x0"
"15:35:12.3877967","184","12852","3792","hContext=1073759680 hWindow=0x0 VidPnSourceId=0 FlipInterval=1 Flags=4198404 ReturnStatus=0 hSrcAllocHandle=0x40005c80 hDstAllocHandle=0x0"
"15:35:12.4718178","184","12852","3792","hContext=1073759680 hWindow=0x0 VidPnSourceId=0 FlipInterval=1 Flags=4198404 ReturnStatus=0 hSrcAllocHandle=0x40005e00 hDstAllocHandle=0x0"
"15:35:12.4871333","171","12852","13196","hAdapter=0xffff910e86eb4820 Token=0xffff810669b4d160 Model=7 TokenSize=0 TokenData=4972 Flags=0x0 CustomDuration=0 VmBusChannel=0x0"
"15:35:12.4871462","184","12852","13196","hContext=1073742528 hWindow=0x0 VidPnSourceId=0 FlipInterval=0 Flags=32768 ReturnStatus=0 hSrcAllocHandle=0x40000540 hDstAllocHandle=0x0"
"15:35:12.4873464","172","4","876","hAdapter=0xffff910e8cd5c000 Token=0xffff810669b4d160 Model=0 TokenSize=0 TokenData=0 Flags=0x0 CustomDuration=0 VmBusChannel=0x0"
"15:35:12.4912908","184","12852","3792","hContext=1073759680 hWindow=0x0 VidPnSourceId=0 FlipInterval=1 Flags=4198404 ReturnStatus=0 hSrcAllocHandle=0x800043c0 hDstAllocHandle=0x0"
"15:35:12.5054824","184","12852","3792","hContext=1073759680 hWindow=0x0 VidPnSourceId=0 FlipInterval=1 Flags=4198404 ReturnStatus=0 hSrcAllocHandle=0x40005c80 hDstAllocHandle=0x0"
"15:35:12.5971735","184","12852","3792","hContext=1073759680 hWindow=0x0 VidPnSourceId=0 FlipInterval=1 Flags=4198404 ReturnStatus=0 hSrcAllocHandle=0x40005e00 hDstAllocHandle=0x0"
"15:35:12.6043162","184","12852","3792","hContext=1073759680 hWindow=0x0 VidPnSourceId=0 FlipInterval=1 Flags=4198404 ReturnStatus=0 hSrcAllocHandle=0x800043c0 hDstAllocHandle=0x0"
"15:35:12.7068407","184","12852","3792","hContext=1073759680 hWindow=0x0 VidPnSourceId=0 FlipInterval=1 Flags=4198404 ReturnStatus=0 hSrcAllocHandle=0x40005c80 hDstAllocHandle=0x0"
"15:35:12.7212708","184","12852","3792","hContext=1073759680 hWindow=0x0 VidPnSourceId=0 FlipInterval=1 Flags=4198404 ReturnStatus=0 hSrcAllocHandle=0x40005e00 hDstAllocHandle=0x0"
"15:35:12.8132297","184","12852","3792","hContext=1073759680 hWindow=0x0 VidPnSourceId=0 FlipInterval=1 Flags=4198404 ReturnStatus=0 hSrcAllocHandle=0x800043c0 hDstAllocHandle=0x0"
"15:35:12.8213069","184","12852","3792","hContext=1073759680 hWindow=0x0 VidPnSourceId=0 FlipInterval=1 Flags=4198404 ReturnStatus=0 hSrcAllocHandle=0x40005c80 hDstAllocHandle=0x0"
"15:35:12.9233115","184","12852","3792","hContext=1073759680 hWindow=0x0 VidPnSourceId=0 FlipInterval=1 Flags=4198404 ReturnStatus=0 hSrcAllocHandle=0x40005e00 hDstAllocHandle=0x0"
"15:35:12.9381836","184","12852","3792","hContext=1073759680 hWindow=0x0 VidPnSourceId=0 FlipInterval=1 Flags=4198404 ReturnStatus=0 hSrcAllocHandle=0x800043c0 hDstAllocHandle=0x0"
"15:35:12.9690918","184","12852","3792","hContext=1073759680 hWindow=0x0 VidPnSourceId=0 FlipInterval=1 Flags=4198404 ReturnStatus=0 hSrcAllocHandle=0x40005c80 hDstAllocHandle=0x0"
"15:35:13.0341471","184","12852","3792","hContext=1073759680 hWindow=0x0 VidPnSourceId=0 FlipInterval=1 Flags=4198404 ReturnStatus=0 hSrcAllocHandle=0x40005e00 hDstAllocHandle=0x0"
"15:35:13.0351076","171","12852","13196","hAdapter=0xffff910e86eb4820 Token=0xffff810669b4d160 Model=7 TokenSize=0 TokenData=5112 Flags=0x0 CustomDuration=0 VmBusChannel=0x0"
"15:35:13.0351206","184","12852","13196","hContext=1073742528 hWindow=0x0 VidPnSourceId=0 FlipInterval=0 Flags=32768 ReturnStatus=0 hSrcAllocHandle=0x40000540 hDstAllocHandle=0x0"
"15:35:13.0351311","172","4","880","hAdapter=0xffff910e8cd5c000 Token=0xffff810669b4d160 Model=0 TokenSize=0 TokenData=0 Flags=0x0 CustomDuration=0 VmBusChannel=0x0"
"15:35:13.0433822","184","12852","3792","hContext=1073759680 hWindow=0x0 VidPnSourceId=0 FlipInterval=1 Flags=4198404 ReturnStatus=0 hSrcAllocHandle=0x800043c0 hDstAllocHandle=0x0"
"15:35:13.1551639","184","12852","3792","hContext=1073759680 hWindow=0x0 VidPnSourceId=0 FlipInterval=1 Flags=4198404 ReturnStatus=0 hSrcAllocHandle=0x40005c80 hDstAllocHandle=0x0"
"15:35:13.2536119","184","12852","3792","hContext=1073759680 hWindow=0x0 VidPnSourceId=0 FlipInterval=1 Flags=4198404 ReturnStatus=0 hSrcAllocHandle=0x40005e00 hDstAllocHandle=0x0"
"15:35:13.5425787","184","12852","3792","hContext=1073759680 hWindow=0x0 VidPnSourceId=0 FlipInterval=1 Flags=4198404 ReturnStatus=0 hSrcAllocHandle=0x800043c0 hDstAllocHandle=0x0"
"15:35:13.5820639","184","12852","3792","hContext=1073759680 hWindow=0x0 VidPnSourceId=0 FlipInterval=1 Flags=4198404 ReturnStatus=0 hSrcAllocHandle=0x40005c80 hDstAllocHandle=0x0"
"15:35:13.5820979","171","12852","13196","hAdapter=0xffff910e86eb4820 Token=0xffff810669b4d160 Model=7 TokenSize=0 TokenData=5080 Flags=0x0 CustomDuration=0 VmBusChannel=0x0"
"15:35:13.5821105","184","12852","13196","hContext=1073742528 hWindow=0x0 VidPnSourceId=0 FlipInterval=0 Flags=32768 ReturnStatus=0 hSrcAllocHandle=0x40000540 hDstAllocHandle=0x0"
"15:35:13.5823376","172","4","876","hAdapter=0xffff910e8cd5c000 Token=0xffff810669b4d160 Model=0 TokenSize=0 TokenData=0 Flags=0x0 CustomDuration=0 VmBusChannel=0x0"
"15:35:13.5966001","184","12852","3792","hContext=1073759680 hWindow=0x0 VidPnSourceId=0 FlipInterval=1 Flags=4198404 ReturnStatus=0 hSrcAllocHandle=0x40005e00 hDstAllocHandle=0x0"
"15:35:13.7054431","184","12852","3792","hContext=1073759680 hWindow=0x0 VidPnSourceId=0 FlipInterval=1 Flags=4198404 ReturnStatus=0 hSrcAllocHandle=0x800043c0 hDstAllocHandle=0x0"
"15:35:13.8001880","184","12852","3792","hContext=1073759680 hWindow=0x0 VidPnSourceId=0 FlipInterval=1 Flags=4198404 ReturnStatus=0 hSrcAllocHandle=0x40005c80 hDstAllocHandle=0x0"
"15:35:13.8053548","184","12852","3792","hContext=1073759680 hWindow=0x0 VidPnSourceId=0 FlipInterval=1 Flags=4198404 ReturnStatus=0 hSrcAllocHandle=0x40005e00 hDstAllocHandle=0x0"
"15:35:13.9058137","184","12852","3792","hContext=1073759680 hWindow=0x0 VidPnSourceId=0 FlipInterval=1 Flags=4198404 ReturnStatus=0 hSrcAllocHandle=0x800043c0 hDstAllocHandle=0x0"
"15:35:13.9221137","184","12852","3792","hContext=1073759680 hWindow=0x0 VidPnSourceId=0 FlipInterval=1 Flags=4198404 ReturnStatus=0 hSrcAllocHandle=0x40005c80 hDstAllocHandle=0x0"
"15:35:14.0181724","184","12852","3792","hContext=1073759680 hWindow=0x0 VidPnSourceId=0 FlipInterval=1 Flags=4198404 ReturnStatus=0 hSrcAllocHandle=0x40005e00 hDstAllocHandle=0x0"
"15:35:14.0221265","184","12852","3792","hContext=1073759680 hWindow=0x0 VidPnSourceId=0 FlipInterval=1 Flags=4198404 ReturnStatus=0 hSrcAllocHandle=0x800043c0 hDstAllocHandle=0x0"
"15:35:14.1287670","184","12852","3792","hContext=1073759680 hWindow=0x0 VidPnSourceId=0 FlipInterval=1 Flags=4198404 ReturnStatus=0 hSrcAllocHandle=0x40005c80 hDstAllocHandle=0x0"
"15:35:14.1295084","171","12852","13196","hAdapter=0xffff910e86eb4820 Token=0xffff810669b4d160 Model=7 TokenSize=0 TokenData=4340 Flags=0x0 CustomDuration=0 VmBusChannel=0x0"
"15:35:14.1295213","184","12852","13196","hContext=1073742528 hWindow=0x0 VidPnSourceId=0 FlipInterval=0 Flags=32768 ReturnStatus=0 hSrcAllocHandle=0x40000540 hDstAllocHandle=0x0"
"15:35:14.1295303","172","4","880","hAdapter=0xffff910e8cd5c000 Token=0xffff810669b4d160 Model=0 TokenSize=0 TokenData=0 Flags=0x0 CustomDuration=0 VmBusChannel=0x0"
"15:35:14.1421236","184","12852","3792","hContext=1073759680 hWindow=0x0 VidPnSourceId=0 FlipInterval=1 Flags=4198404 ReturnStatus=0 hSrcAllocHandle=0x40005e00 hDstAllocHandle=0x0"
"15:35:14.2403704","184","12852","3792","hContext=1073759680 hWindow=0x0 VidPnSourceId=0 FlipInterval=1 Flags=4198404 ReturnStatus=0 hSrcAllocHandle=0x800043c0 hDstAllocHandle=0x0"
"15:35:14.2560072","184","12852","3792","hContext=1073759680 hWindow=0x0 VidPnSourceId=0 FlipInterval=1 Flags=4198404 ReturnStatus=0 hSrcAllocHandle=0x40005c80 hDstAllocHandle=0x0"
"15:35:14.3444429","184","12852","3792","hContext=1073759680 hWindow=0x0 VidPnSourceId=0 FlipInterval=1 Flags=4198404 ReturnStatus=0 hSrcAllocHandle=0x40005e00 hDstAllocHandle=0x0"
"15:35:14.3556975","184","12852","3792","hContext=1073759680 hWindow=0x0 VidPnSourceId=0 FlipInterval=1 Flags=4198404 ReturnStatus=0 hSrcAllocHandle=0x800043c0 hDstAllocHandle=0x0"
"15:35:14.4564488","184","12852","3792","hContext=1073759680 hWindow=0x0 VidPnSourceId=0 FlipInterval=1 Flags=4198404 ReturnStatus=0 hSrcAllocHandle=0x40005c80 hDstAllocHandle=0x0"
"15:35:14.4732665","184","12852","3792","hContext=1073759680 hWindow=0x0 VidPnSourceId=0 FlipInterval=1 Flags=4198404 ReturnStatus=0 hSrcAllocHandle=0x40005e00 hDstAllocHandle=0x0"
"15:35:15.1903888","184","12852","3792","hContext=1073759680 hWindow=0x0 VidPnSourceId=0 FlipInterval=1 Flags=4198404 ReturnStatus=0 hSrcAllocHandle=0x800043c0 hDstAllocHandle=0x0"
"15:35:15.6296979","184","12852","3792","hContext=1073759680 hWindow=0x0 VidPnSourceId=0 FlipInterval=1 Flags=4198404 ReturnStatus=0 hSrcAllocHandle=0x40005c80 hDstAllocHandle=0x0"
"15:35:15.9691067","184","12852","3792","hContext=1073759680 hWindow=0x0 VidPnSourceId=0 FlipInterval=1 Flags=4198404 ReturnStatus=0 hSrcAllocHandle=0x40005e00 hDstAllocHandle=0x0"
"15:35:16.4667997","184","12852","3792","hContext=1073759680 hWindow=0x0 VidPnSourceId=0 FlipInterval=1 Flags=4198404 ReturnStatus=0 hSrcAllocHandle=0x800043c0 hDstAllocHandle=0x0"
"15:35:16.9715100","184","12852","3792","hContext=1073759680 hWindow=0x0 VidPnSourceId=0 FlipInterval=1 Flags=4198404 ReturnStatus=0 hSrcAllocHandle=0x40005c80 hDstAllocHandle=0x0"
"15:35:17.9678220","184","12852","3792","hContext=1073759680 hWindow=0x0 VidPnSourceId=0 FlipInterval=1 Flags=4198404 ReturnStatus=0 hSrcAllocHandle=0x40005e00 hDstAllocHandle=0x0"
"15:35:18.4711787","184","12852","3792","hContext=1073759680 hWindow=0x0 VidPnSourceId=0 FlipInterval=1 Flags=4198404 ReturnStatus=0 hSrcAllocHandle=0x800043c0 hDstAllocHandle=0x0"
"15:35:18.9681767","184","12852","3792","hContext=1073759680 hWindow=0x0 VidPnSourceId=0 FlipInterval=1 Flags=4198404 ReturnStatus=0 hSrcAllocHandle=0x40005c80 hDstAllocHandle=0x0"
"15:35:19.4845386","184","12852","3792","hContext=1073759680 hWindow=0x0 VidPnSourceId=0 FlipInterval=1 Flags=4198404 ReturnStatus=0 hSrcAllocHandle=0x40005e00 hDstAllocHandle=0x0"
"15:35:20.4695209","184","12852","3792","hContext=1073759680 hWindow=0x0 VidPnSourceId=0 FlipInterval=1 Flags=4198404 ReturnStatus=0 hSrcAllocHandle=0x800043c0 hDstAllocHandle=0x0"
"15:35:20.9777063","184","12852","3792","hContext=1073759680 hWindow=0x0 VidPnSourceId=0 FlipInterval=1 Flags=4198404 ReturnStatus=0 hSrcAllocHandle=0x40005c80 hDstAllocHandle=0x0"
"15:35:22.4795582","184","12852","3792","hContext=1073759680 hWindow=0x0 VidPnSourceId=0 FlipInterval=1 Flags=4198404 ReturnStatus=0 hSrcAllocHandle=0x40005e00 hDstAllocHandle=0x0"
"15:35:22.9676219","184","12852","3792","hContext=1073759680 hWindow=0x0 VidPnSourceId=0 FlipInterval=1 Flags=4198404 ReturnStatus=0 hSrcAllocHandle=0x800043c0 hDstAllocHandle=0x0"
"15:35:23.4658088","184","12852","3792","hContext=1073759680 hWindow=0x0 VidPnSourceId=0 FlipInterval=1 Flags=4198404 ReturnStatus=0 hSrcAllocHandle=0x40005c80 hDstAllocHandle=0x0"
"15:35:24.4685520","184","12852","3792","hContext=1073759680 hWindow=0x0 VidPnSourceId=0 FlipInterval=1 Flags=4198404 ReturnStatus=0 hSrcAllocHandle=0x40005e00 hDstAllocHandle=0x0"
"15:35:24.9648367","184","12852","3792","hContext=1073759680 hWindow=0x0 VidPnSourceId=0 FlipInterval=1 Flags=4198404 ReturnStatus=0 hSrcAllocHandle=0x800043c0 hDstAllocHandle=0x0"
"15:35:25.9699549","184","12852","3792","hContext=1073759680 hWindow=0x0 VidPnSourceId=0 FlipInterval=1 Flags=4198404 ReturnStatus=0 hSrcAllocHandle=0x40005c80 hDstAllocHandle=0x0"
"15:35:26.4746048","184","12852","3792","hContext=1073759680 hWindow=0x0 VidPnSourceId=0 FlipInterval=1 Flags=4198404 ReturnStatus=0 hSrcAllocHandle=0x40005e00 hDstAllocHandle=0x0"
"15:35:26.9671445","184","12852","3792","hContext=1073759680 hWindow=0x0 VidPnSourceId=0 FlipInterval=1 Flags=4198404 ReturnStatus=0 hSrcAllocHandle=0x800043c0 hDstAllocHandle=0x0"
"15:35:27.4655655","166","928","3724","hwnd=0x0 pDmaBuffer=0xffff910e93c4a8a0 PresentHistoryToken=0 hSourceAllocation=0xffff910e8f519d10 hDestAllocation=0xffff910e81373610 bSubmit=true bRedirectedPresent=false Flags=1 Source.Left=0 Source.Right=1920 Source.Top=0 Source.Bottom=1200 Dest.Left=0 Dest.Right=1920 Dest.Top=0 Dest.Bottom=1200 SubRectCount=1"
"15:35:27.5117875","166","928","3724","hwnd=0x0 pDmaBuffer=0xffff910e93c59c60 PresentHistoryToken=0 hSourceAllocation=0xffff910e8f519d10 hDestAllocation=0xffff910e81373610 bSubmit=true bRedirectedPresent=false Flags=1 Source.Left=0 Source.Right=1920 Source.Top=0 Source.Bottom=1200 Dest.Left=0 Dest.Right=1920 Dest.Top=0 Dest.Bottom=1200 SubRectCount=1"
"15:35:27.5278259","166","928","3724","hwnd=0x0 pDmaBuffer=0xffff910e93c58c20 PresentHistoryToken=0 hSourceAllocation=0xffff910e8f519d10 hDestAllocation=0xffff910e81373610 bSubmit=true bRedirectedPresent=false Flags=1 Source.Left=0 Source.Right=1920 Source.Top=0 Source.Bottom=1200 Dest.Left=0 Dest.Right=1920 Dest.Top=0 Dest.Bottom=1200 SubRectCount=2"
"15:35:27.5281518","166","928","3724","hwnd=0x0 pDmaBuffer=0xffff910e93c02200 PresentHistoryToken=0 hSourceAllocation=0xffff910e8f519d10 hDestAllocation=0xffff910e81373610 bSubmit=true bRedirectedPresent=false Flags=1 Source.Left=0 Source.Right=1920 Source.Top=0 Source.Bottom=1200 Dest.Left=0 Dest.Right=1920 Dest.Top=0 Dest.Bottom=1200 SubRectCount=2"
"15:35:27.5399675","184","4452","5392","hContext=1073742144 hWindow=0x0 VidPnSourceId=0 FlipInterval=0 Flags=32768 ReturnStatus=3223191566 hSrcAllocHandle=0x80002dc0 hDstAllocHandle=0x0"
"15:35:27.5618518","166","928","3724","hwnd=0x0 pDmaBuffer=0xffff910e93c4a8a0 PresentHistoryToken=0 hSourceAllocation=0xffff910e8f519d10 hDestAllocation=0xffff910e81373610 bSubmit=true bRedirectedPresent=false Flags=1 Source.Left=0 Source.Right=1920 Source.Top=0 Source.Bottom=1200 Dest.Left=0 Dest.Right=1920 Dest.Top=0 Dest.Bottom=1200 SubRectCount=3"
"15:35:27.5778610","166","928","3724","hwnd=0x0 pDmaBuffer=0xffff910e93c59c60 PresentHistoryToken=0 hSourceAllocation=0xffff910e8f519d10 hDestAllocation=0xffff910e81373610 bSubmit=true bRedirectedPresent=false Flags=1 Source.Left=0 Source.Right=1920 Source.Top=0 Source.Bottom=1200 Dest.Left=0 Dest.Right=1920 Dest.Top=0 Dest.Bottom=1200 SubRectCount=2"
"15:35:27.5958413","166","928","3724","hwnd=0x0 pDmaBuffer=0xffff910e93c58c20 PresentHistoryToken=0 hSourceAllocation=0xffff910e8f519d10 hDestAllocation=0xffff910e81373610 bSubmit=true bRedirectedPresent=false Flags=1 Source.Left=0 Source.Right=1920 Source.Top=0 Source.Bottom=1200 Dest.Left=0 Dest.Right=1920 Dest.Top=0 Dest.Bottom=1200 SubRectCount=3"
"15:35:27.7894705","184","4452","5392","hContext=1073742144 hWindow=0x0 VidPnSourceId=0 FlipInterval=0 Flags=32768 ReturnStatus=3223191566 hSrcAllocHandle=0x40000240 hDstAllocHandle=0x0"
"15:35:28.2145605","166","928","3724","hwnd=0x0 pDmaBuffer=0xffff910e93c02200 PresentHistoryToken=0 hSourceAllocation=0xffff910e8f519d10 hDestAllocation=0xffff910e81373610 bSubmit=true bRedirectedPresent=false Flags=1 Source.Left=0 Source.Right=1920 Source.Top=0 Source.Bottom=1200 Dest.Left=0 Dest.Right=1920 Dest.Top=0 Dest.Bottom=1200 SubRectCount=1"
"15:35:28.2583832","184","4452","4216","hContext=1073742144 hWindow=0x0 VidPnSourceId=0 FlipInterval=0 Flags=32768 ReturnStatus=3223191566 hSrcAllocHandle=0x80002bc0 hDstAllocHandle=0x0"
"15:35:29.4313309","184","4452","4216","hContext=1073742144 hWindow=0x0 VidPnSourceId=0 FlipInterval=0 Flags=32768 ReturnStatus=3223191566 hSrcAllocHandle=0xc0000840 hDstAllocHandle=0x0"
"15:35:29.4708178","184","4452","4216","hContext=1073742144 hWindow=0x0 VidPnSourceId=0 FlipInterval=0 Flags=32768 ReturnStatus=3223191566 hSrcAllocHandle=0x800029c0 hDstAllocHandle=0x0"
"15:35:30.0081375","166","928","5220","hwnd=0x0 pDmaBuffer=0xffff910e93d04b70 PresentHistoryToken=0 hSourceAllocation=0xffff910e90e8bb10 hDestAllocation=0xffff910e90e8be10 bSubmit=true bRedirectedPresent=false Flags=1 Source.Left=0 Source.Right=1920 Source.Top=0 Source.Bottom=1200 Dest.Left=0 Dest.Right=1920 Dest.Top=0 Dest.Bottom=1200 SubRectCount=4"
"15:35:30.3023209","171","4452","5392","hAdapter=0xffff910e86eb4820 Token=0xffff810669b4d160 Model=7 TokenSize=0 TokenData=3624 Flags=0x0 CustomDuration=0 VmBusChannel=0x0"
"15:35:30.3023889","184","4452","5392","hContext=1073742144 hWindow=0x0 VidPnSourceId=0 FlipInterval=0 Flags=32768 ReturnStatus=0 hSrcAllocHandle=0xc00014c0 hDstAllocHandle=0x0"
"15:35:30.3173802","172","4","876","hAdapter=0xffff910e8cd5c000 Token=0xffff810669b4d160 Model=0 TokenSize=0 TokenData=0 Flags=0x0 CustomDuration=0 VmBusChannel=0x0"
"15:35:30.3998043","171","7204","9772","hAdapter=0xffff910e86eb4820 Token=0xffff810669b4d160 Model=7 TokenSize=0 TokenData=4024 Flags=0x0 CustomDuration=0 VmBusChannel=0x0"
"15:35:30.3998317","184","7204","9772","hContext=1073742528 hWindow=0x0 VidPnSourceId=0 FlipInterval=0 Flags=32768 ReturnStatus=0 hSrcAllocHandle=0x40001a80 hDstAllocHandle=0x0"
"15:35:30.4146197","171","7204","9772","hAdapter=0xffff910e86eb4820 Token=0xffff810669b4da00 Model=7 TokenSize=0 TokenData=4044 Flags=0x0 CustomDuration=0 VmBusChannel=0x0"
"15:35:30.4146382","184","7204","9772","hContext=1073742528 hWindow=0x0 VidPnSourceId=0 FlipInterval=0 Flags=32768 ReturnStatus=0 hSrcAllocHandle=0x40001a80 hDstAllocHandle=0x0"
"15:35:30.4464722","172","4","876","hAdapter=0xffff910e8cd5c000 Token=0xffff810669b4d160 Model=0 TokenSize=0 TokenData=0 Flags=0x0 CustomDuration=0 VmBusChannel=0x0"
"15:35:30.4614264","172","4","876","hAdapter=0xffff910e8cd5c000 Token=0xffff810669b4da00 Model=0 TokenSize=0 TokenData=0 Flags=0x0 CustomDuration=0 VmBusChannel=0x0"
"15:35:30.4733416","171","7204","9772","hAdapter=0xffff910e86eb4820 Token=0xffff810669b4da00 Model=7 TokenSize=0 TokenData=4148 Flags=0x0 CustomDuration=0 VmBusChannel=0x0"
"15:35:30.4733643","184","7204","9772","hContext=1073742528 hWindow=0x0 VidPnSourceId=0 FlipInterval=0 Flags=32768 ReturnStatus=0 hSrcAllocHandle=0x40001a80 hDstAllocHandle=0x0"
"15:35:30.4753260","171","7204","9772","hAdapter=0xffff910e86eb4820 Token=0xffff810669b4d160 Model=7 TokenSize=0 TokenData=4160 Flags=0x0 CustomDuration=0 VmBusChannel=0x0"
"15:35:30.4753475","184","7204","9772","hContext=1073742528 hWindow=0x0 VidPnSourceId=0 FlipInterval=0 Flags=32768 ReturnStatus=0 hSrcAllocHandle=0x40001a80 hDstAllocHandle=0x0"
"15:35:30.4788195","172","4","876","hAdapter=0xffff910e8cd5c000 Token=0xffff810669b4da00 Model=0 TokenSize=0 TokenData=0 Flags=0x0 CustomDuration=0 VmBusChannel=0x0"
"15:35:30.4791358","172","4","876","hAdapter=0xffff910e8cd5c000 Token=0xffff810669b4d160 Model=0 TokenSize=0 TokenData=0 Flags=0x0 CustomDuration=0 VmBusChannel=0x0"
"15:35:30.5769663","171","7204","9772","hAdapter=0xffff910e86eb4820 Token=0xffff810669b4d160 Model=7 TokenSize=0 TokenData=4188 Flags=0x0 CustomDuration=0 VmBusChannel=0x0"
"15:35:30.5769853","184","7204","9772","hContext=1073742528 hWindow=0x0 VidPnSourceId=0 FlipInterval=0 Flags=32768 ReturnStatus=0 hSrcAllocHandle=0x40001a80 hDstAllocHandle=0x0"
"15:35:30.5791114","172","4","876","hAdapter=0xffff910e8cd5c000 Token=0xffff810669b4d160 Model=0 TokenSize=0 TokenData=0 Flags=0x0 CustomDuration=0 VmBusChannel=0x0"
"15:35:31.0162694","184","7204","3472","hContext=1073750720 hWindow=0x0 VidPnSourceId=0 FlipInterval=1 Flags=4198404 ReturnStatus=0 hSrcAllocHandle=0x400028c0 hDstAllocHandle=0x0"
"15:35:31.4538187","171","4744","4980","hAdapter=0xffff910e88b70820 Token=0xffff810679da1e50 Model=7 TokenSize=0 TokenData=4472 Flags=0x0 CustomDuration=0 VmBusChannel=0x0"
"15:35:31.4538466","184","4744","4980","hContext=1073746304 hWindow=0x0 VidPnSourceId=0 FlipInterval=0 Flags=32768 ReturnStatus=0 hSrcAllocHandle=0x40003e40 hDstAllocHandle=0x0"
"15:35:31.4538791","172","4","192","hAdapter=0xffff910e8e19c000 Token=0xffff810679da1e50 Model=0 TokenSize=0 TokenData=0 Flags=0x0 CustomDuration=0 VmBusChannel=0x0"
"15:35:33.3192493","184","7204","3472","hContext=1073750720 hWindow=0x0 VidPnSourceId=0 FlipInterval=1 Flags=4198404 ReturnStatus=0 hSrcAllocHandle=0x40002940 hDstAllocHandle=0x0"
"15:35:33.3517978","171","4452","5392","hAdapter=0xffff910e86eb4820 Token=0xffff810669b4d160 Model=7 TokenSize=0 TokenData=2912 Flags=0x0 CustomDuration=0 VmBusChannel=0x0"
"15:35:33.3518201","184","4452","5392","hContext=1073742144 hWindow=0x0 VidPnSourceId=0 FlipInterval=0 Flags=32768 ReturnStatus=0 hSrcAllocHandle=0x40000240 hDstAllocHandle=0x0"
"15:35:33.3519534","172","4","876","hAdapter=0xffff910e8cd5c000 Token=0xffff810669b4d160 Model=0 TokenSize=0 TokenData=0 Flags=0x0 CustomDuration=0 VmBusChannel=0x0"
"15:35:33.3689281","171","4452","4216","hAdapter=0xffff910e86eb4820 Token=0xffff810669b4d160 Model=7 TokenSize=0 TokenData=1944 Flags=0x0 CustomDuration=0 VmBusChannel=0x0"
"15:35:33.3689426","184","4452","4216","hContext=1073742144 hWindow=0x0 VidPnSourceId=0 FlipInterval=0 Flags=32768 ReturnStatus=0 hSrcAllocHandle=0x80002400 hDstAllocHandle=0x0"
"15:35:33.3697157","172","4","876","hAdapter=0xffff910e8cd5c000 Token=0xffff810669b4d160 Model=0 TokenSize=0 TokenData=0 Flags=0x0 CustomDuration=0 VmBusChannel=0x0"
"15:35:33.3740920","171","4744","4980","hAdapter=0xffff910e88b70820 Token=0xffff810679da1e50 Model=7 TokenSize=0 TokenData=1944 Flags=0x0 CustomDuration=0 VmBusChannel=0x0"
"15:35:33.3741193","184","4744","4980","hContext=1073746304 hWindow=0x0 VidPnSourceId=0 FlipInterval=0 Flags=32768 ReturnStatus=0 hSrcAllocHandle=0x40003e40 hDstAllocHandle=0x0"
"15:35:33.3741443","172","4","192","hAdapter=0xffff910e8e19c000 Token=0xffff810679da1e50 Model=0 TokenSize=0 TokenData=0 Flags=0x0 CustomDuration=0 VmBusChannel=0x0"
