firmware=cyan_skillfish2_me.bin bytes=263424 sha256=D4ED4D968DE0D7720F7C8215D42FDAE727BF99CDF43CEE6F8F864DC2584B17E2
firmware=cyan_skillfish2_mec2.bin bytes=268592 sha256=B1C1F843A8FAAA2DE537D6BA05052A3776B5A1B73F8A3C3F5ED9D568489776A4
firmware=cyan_skillfish2_sdma1.bin bytes=33792 sha256=BD1C0B0F6A6A4F17EDE034F2C844B6553FC444E08915C7BB500C09FDE59D6255
firmware=cyan_skillfish2_pfp.bin bytes=263424 sha256=50E56DC1913571FF589425D2B059BDDFC5E8A2B4BC22D3EB78CAC75D1E0479A1
firmware=cyan_skillfish2_ce.bin bytes=263296 sha256=5946EFBF7E46CCFE7E9F965DA56C35B1187469D1C1A49C8A9EFF433EB3AB4723
firmware=cyan_skillfish2_mec.bin bytes=268592 sha256=B1C1F843A8FAAA2DE537D6BA05052A3776B5A1B73F8A3C3F5ED9D568489776A4
firmware=cyan_skillfish2_sdma.bin bytes=33792 sha256=15D0D3626DA7F2513F03B13BB7E02EEEECCAB276276AE27D0B6067B5F25E9E95
firmware=cyan_skillfish2_rlc.bin bytes=25344 sha256=20ACEFDB6128A36275F4382425A109A7C9927F6053EAB685BB51164FF1D18CFB
driver_version=0.7.110.1
installed_sha256=4743B3CE3D177970BD33F30F00E01B242E00EDDCDB2C5353014E808FDA48D9D1
boot_before=2026-09-24T05:20:01
smu GetGfxFrequency  msg=0x37 param=0 (0x0) ... response=0x01 value=1000 (0x000003E8)
smu GetGfxVid        msg=0x38 param=0 (0x0) ... response=0x01 value=116 (0x00000074)
clock verified: 1000 MHz, VID 116 (request 820 mV)
05:40:10 Tctl 66.1 C (raw 733B0FEF)

UnconfirmedStarts = 0


EnableMmio           : 1
EnableMmioWrite      : 0
EnableVram           : 1
EnableVramWrite      : 1
EnableGart           : 1
EnablePsp            : 1
EnableGfx            : 1
EnableIh             : 1
EnableFullWddm       : 1
EnableGpuVa          : 1
EnableGpuSubmit      : 1
EnablePresentBlit    : 0
EnableDcnWrite       : 0
EnablePagingNode     : 1
EnableVidPnFlip      : 0
EnableRlcReloadReset : 0
UnconfirmedStarts    : 0
KeepLog              : 1



disable_begin=2026-09-24T05:40:10
Microsoft PnP Utility

Disabling device:          [device identity redacted]
Device disabled successfully.

enable_begin=2026-09-24T05:40:14
Microsoft PnP Utility

Enabling device:          [device identity redacted]
Device enabled successfully.



Status  : OK
Problem : CM_PROB_NONE





EnableFullWddm    : 0
LastStage         : 50
StageHistory      : 10 20 30 31 32 33 34 35 39 50 
UnconfirmedStarts : 1



# adapter    BC-250 GPU (bc250kmd, display-only, lab build)
D3DKMTOpenAdapterFromDeviceName -> 0x00000000 STATUS_SUCCESS
# adapter    handle 0x40000000 luid 00000000-002E0957
D3DKMTEscape(D3DKMT_ESCAPE_DRIVERPRIVATE, BC250_ESCAPE_GET_INFO) -> 0x00000000 STATUS_SUCCESS
version      0x0007006E (milestone 7 revision 110)
last stage   50 first CommitVidPn
mode         1920x1200 pitch 7680 format 22 (FULL WDDM TABLE)
presents     0
counters     blits 0, flips 5 (the full table's own present counters; both stay 0 in display-only mode)
gates        mmio open, mmio writes off, vram open, vram writes on, gart open, psp open, gfx open, ih open
log          978 lines since this driver load, 0 lost to the wrap, 0 dropped above DISPATCH_LEVEL; ring 1024 lines of which the first 256 are kept; table FULL WDDM (the gate was open at DriverEntry)
     0      0.001 stage 10
     1      0.003 gate: EnableFullWddm 1 (one shot: closed again on disk)
     2      0.003 stage 20
     3      0.072 stage 30
     4      0.072 stage 31
     5      0.072 stage 32
     6      0.072 post display 1920x1200 pitch 7680 format 22 target 2424833
     7      0.074 stage 33
     8      0.074 stage 34
     9      0.074 interrupt resource 1: message, vector 0x70, flags 0x3
    10      0.074 mmio: BAR5 at 0xFE800000 mapped, writes off, dcn writes off, vidpn flip off
    11      0.074 vram: 0x270000000 + 0x200000000, MC 0xF400000000, BAR0 0xC0000000 + 0x10000000, writes allowed
    12      0.074 fb sample mapped: phys 0xC0000000 first 0x00000000 mid 0x00000000
    13      0.074 fb sample physical: 0x270000000 first 0x00000000 mid 0x00000000
    14      0.074 gart: ready, dummy page at 0x26FFFA000
    15      0.074 psp: ready
    16      0.074 gpumem: ready, doorbells at 0xD0000000
    17      0.074 gfx: ready, GPU submission allowed, paging node allowed
    18      0.074 ih: ready
    19      0.076 vidmm: logical paging state 515 tables, 1031 slots, 4767344 bytes reserved
    20      0.076 vidmm: table segment 3 at physical 0x45E150000 + 0xFEB0000, host memory below 0x270000000, updates are WRITTEN
    21      0.076 startup: entering interrupt connection
    22      0.078 startup: entering firmware preparation
    23      0.082 startup: entering GART initialization
    24      0.094 gart: op 1 -> 0x00000000 (-), result 0, 285 writes, fault offset 0x00000
    25      0.094 gfx: RLC before-psp CNTL 0x00000000 read 0x00000000 STATUS2 0x00000008 read 0x00000000
    26      0.094 startup: entering PSP initialization
    27      0.166 amdgpu[0]: reserve 0x400000 from 0xf5ff800000 for PSP TMR

    28      0.166 psp: command 1 (id 5, type 0, 4194304 bytes): rc 0, status 0x0, 263 us, in TMR at 0x0
    29      0.168 psp: command 2 (id 6, type 9, 33536 bytes): rc 0, status 0x0, 1905 us, in TMR at 0x0
    30      0.170 psp: command 3 (id 6, type 10, 33536 bytes): rc 0, status 0x0, 1902 us, in TMR at 0x0
    31      0.176 psp: command 4 (id 6, type 3, 263040 bytes): rc 0, status 0x0, 5924 us, in TMR at 0xF5FF842000
    32      0.180 psp: command 5 (id 6, type 2, 263168 bytes): rc 0, status 0x0, 5913 us, in TMR at 0xF5FF883000
    33      0.186 psp: command 6 (id 6, type 1, 263168 bytes): rc 0, status 0x0, 5903 us, in TMR at 0xF5FF8C4000
    34      0.192 psp: command 7 (id 6, type 4, 267440 bytes): rc 0, status 0x0, 5954 us, in TMR at 0xF5FF800000
    35      0.192 psp: command 8 (id 6, type 5, 896 bytes): rc 0, status 0x0, 130 us, in TMR at 0x0
    36      0.198 psp: command 9 (id 6, type 4, 267440 bytes): rc 0, status 0x0, 5954 us, in TMR at 0xF5FF800000
    37      0.200 psp: command 10 (id 6, type 6, 896 bytes): rc 0, status 0x0, 130 us, in TMR at 0x0
    38      0.200 psp: command 11 (id 6, type 8, 25088 bytes): rc 0, status 0x0, 1740 us, in TMR at 0x0
    39      0.200 psp: op 1 -> 0x00000000, result 0, 15 writes, 11 of 11 commands
    40      0.200 gfx: RLC after-psp CNTL 0x00000001 read 0x00000000 STATUS2 0x00000008 read 0x00000000
    41      0.200 startup: entering IH initialization
    42      0.202 ih: init: rc 0, 20 writes
    43      0.202 ih: op 1 -> 0x00000000, result 0, 21 writes; 0 interrupt routine calls, 0 ours, 0 DPCs, 0 vectors; status idle 1 input_idle 1 bif_interrupt_line 0
    44      0.202 startup: entering GFX initialization
    45      0.204 startup: entering GFX stage 1
    46      0.206 gfx: stage 1 (doorbell aperture): rc 0, 73 writes so far, 1 us
    47      0.206 gfx: op 1 to stage 1 -> 0x00000000, result 0, 73 writes, 0 doorbells
    48      0.208 startup: entering GFX stage 2
    49      0.210 gfx: stage 2 (golden registers): rc 0, 34 writes so far, 25 us
    50      0.210 gfx: op 1 to stage 2 -> 0x00000000, result 0, 34 writes, 0 doorbells
    51      0.210 startup: entering GFX stage 3
    52      0.210 gfx: stage 3 (GRBM CAM probe): rc 0, 3 writes so far, 2 us
    53      0.210 gfx: op 1 to stage 3 -> 0x00000000, result 0, 3 writes, 0 doorbells
    54      0.212 startup: entering GFX stage 4
    55      0.212 gfx: stage 4 (constants): rc 0, 157 writes so far, 59 us
    56      0.212 gfx: op 1 to stage 4 -> 0x00000000, result 0, 157 writes, 0 doorbells
    57      0.214 startup: entering GFX stage 5
    58      0.214 gfx: stage 5 (RLC): rc 0, 8 writes so far, 132 us
    59      0.214 gfx: op 1 to stage 5 -> 0x00000000, result 0, 8 writes, 0 doorbells
    60      0.216 startup: entering GFX stage 6
    61      0.216 startup: entering CP step 1
    62      0.218 startup: CP1 checkpoint acquire-paging-lock
    63      0.218 startup: CP1 checkpoint acquire-gart-lock
    64      0.220 startup: CP1 checkpoint locks-acquired
    65      0.220 amdgpu[0]: CP resume kiq-init begin

    66      0.220 startup: CP1 checkpoint scheduler
    67      0.220 startup: CP1 checkpoint scheduler-read
    68      0.222 startup: CP1 checkpoint scheduler-write
    69      0.222 startup: CP1 checkpoint scheduler-done
    70      0.224 startup: CP1 checkpoint clear-mqd
    71      0.224 startup: CP1 checkpoint select-queue
    72      0.226 startup: CP1 checkpoint build-mqd
    73      0.226 startup: CP1 checkpoint disable-wptr-poll
    74      0.228 startup: CP1 checkpoint read-active
    75      0.228 startup: CP1 checkpoint program-hqd
    76      0.230 startup: CP1 checkpoint activate-hqd
    77      0.230 startup: CP1 checkpoint restore-selection
    78      0.232 startup: CP1 checkpoint complete
    79      0.232 amdgpu[0]: CP resume kiq-init end result=0

    80      0.232 gfx: CP step 1: rc 0, 27 writes, 11843 us
    81      0.232 gfx: op 1 to stage 6 -> 0x00000000, result 0, 27 writes, 0 doorbells
    82      0.232 startup: CP step 1 returned 0x00000000 result 0
    83      0.232 startup: entering CP step 2
    84      0.234 amdgpu[0]: CP resume compute-unhalt begin

    85      0.234 amdgpu[0]: CP resume compute-unhalt end

    86      0.234 amdgpu[0]: CP resume kcq-init ring=0 begin

    87      0.234 amdgpu[0]: CP resume kcq-init ring=0 end result=0

    88      0.234 amdgpu[0]: CP resume kcq-init ring=1 begin

    89      0.234 amdgpu[0]: CP resume kcq-init ring=1 end result=0

    90      0.234 amdgpu[0]: CP resume kcq-init ring=2 begin

    91      0.234 amdgpu[0]: CP resume kcq-init ring=2 end result=0

    92      0.234 amdgpu[0]: CP resume kcq-init ring=3 begin

    93      0.234 amdgpu[0]: CP resume kcq-init ring=3 end result=0

    94      0.234 amdgpu[0]: CP resume kcq-init ring=4 begin

    95      0.234 amdgpu[0]: CP resume kcq-init ring=4 end result=0

    96      0.234 amdgpu[0]: CP resume kcq-init ring=5 begin

    97      0.234 amdgpu[0]: CP resume kcq-init ring=5 end result=0

    98      0.234 amdgpu[0]: CP resume kcq-init ring=6 begin

    99      0.234 amdgpu[0]: CP resume kcq-init ring=6 end result=0

   100      0.234 amdgpu[0]: CP resume kcq-init ring=7 begin

   101      0.234 amdgpu[0]: CP resume kcq-init ring=7 end result=0

   102      0.234 gfx: CP step 2: rc 0, 17 writes, 231 us
   103      0.234 gfx: op 1 to stage 6 -> 0x00000000, result 0, 17 writes, 0 doorbells
   104      0.234 startup: CP step 2 returned 0x00000000 result 0
   105      0.234 startup: entering CP step 3
   106      0.236 amdgpu[0]: CP resume kcq-enable begin

   107      0.236 amdgpu[0]: CP resume kcq-enable end result=0

   108      0.236 gfx: CP step 3: rc 0, 1 writes, 46 us
   109      0.236 gfx: op 1 to stage 6 -> 0x00000000, result 0, 1 writes, 2 doorbells
   110      0.236 startup: CP step 3 returned 0x00000000 result 0
   111      0.236 startup: entering CP step 4
   112      0.238 amdgpu[0]: CP resume kgq-init ring=0 begin

   113      0.238 amdgpu[0]: CP resume kgq-init ring=0 end result=0

   114      0.238 gfx: CP step 4: rc 0, 4 writes, 23 us
   115      0.238 gfx: op 1 to stage 6 -> 0x00000000, result 0, 4 writes, 0 doorbells
   116      0.238 startup: CP step 4 returned 0x00000000 result 0
   117      0.238 startup: entering CP step 5
   118      0.240 amdgpu[0]: CP resume kgq-enable begin

   119      0.240 amdgpu[0]: CP resume kgq-enable end result=0

   120      0.240 gfx: CP step 5: rc 0, 1 writes, 18 us
   121      0.240 gfx: op 1 to stage 6 -> 0x00000000, result 0, 1 writes, 2 doorbells
   122      0.240 startup: CP step 5 returned 0x00000000 result 0
   123      0.240 startup: entering CP step 6
   124      0.242 amdgpu[0]: CP resume gfx-start begin

   125      0.242 amdgpu[0]: CP resume gfx-start end result=0

   126      0.242 gfx: CP step 6: rc 0, 3 writes, 19 us
   127      0.242 gfx: op 1 to stage 6 -> 0x00000000, result 0, 3 writes, 1 doorbells
   128      0.242 startup: CP step 6 returned 0x00000000 result 0
   129      0.242 startup: entering CP step 7
   130      0.244 amdgpu[0]: CP resume gfx-test ring=0 begin

   131      0.244 amdgpu[0]: CP resume gfx-test ring=0 end result=0

   132      0.244 gfx: CP step 7: rc 0, 1 writes, 9 us
   133      0.244 gfx: op 1 to stage 6 -> 0x00000000, result 0, 1 writes, 1 doorbells
   134      0.244 startup: CP step 7 returned 0x00000000 result 0
   135      0.244 startup: entering CP step 8
   136      0.246 amdgpu[0]: CP resume compute-test ring=0 begin

   137      0.246 amdgpu[0]: CP resume compute-test ring=0 end result=0

   138      0.246 amdgpu[0]: CP resume compute-test ring=1 begin

   139      0.246 amdgpu[0]: CP resume compute-test ring=1 end result=0

   140      0.246 amdgpu[0]: CP resume compute-test ring=2 begin

   141      0.246 amdgpu[0]: CP resume compute-test ring=2 end result=0

   142      0.246 amdgpu[0]: CP resume compute-test ring=3 begin

   143      0.246 amdgpu[0]: CP resume compute-test ring=3 end result=0

   144      0.246 amdgpu[0]: CP resume compute-test ring=4 begin

   145      0.246 amdgpu[0]: CP resume compute-test ring=4 end result=0

   146      0.246 amdgpu[0]: CP resume compute-test ring=5 begin

   147      0.246 amdgpu[0]: CP resume compute-test ring=5 end result=0

   148      0.246 amdgpu[0]: CP resume compute-test ring=6 begin

   149      0.246 amdgpu[0]: CP resume compute-test ring=6 end result=0

   150      0.246 amdgpu[0]: CP resume compute-test ring=7 begin

   151      0.246 amdgpu[0]: CP resume compute-test ring=7 end result=0

   152      0.246 gfx: CP step 8: rc 0, 8 writes, 63 us
   153      0.246 gfx: op 1 to stage 6 -> 0x00000000, result 0, 8 writes, 8 doorbells
   154      0.246 startup: CP step 8 returned 0x00000000 result 0
   155      0.248 startup: entering GFX stage 7
   156      0.248 gfx: stage 7 (SDMA): rc 0, 93 writes so far, 92 us
   157      0.248 gfx: op 1 to stage 7 -> 0x00000000, result 0, 93 writes, 2 doorbells
   158      0.250 startup: entering GFX stage 8
   159      0.250 gfx: stage 8 (interrupt sources): rc 0, 35 writes so far, 23 us
   160      0.250 gfx: paging node ready, SDMA0 doorbell 0x200, per-buffer private commands
   161      0.250 gfx: op 1 to stage 8 -> 0x00000000, result 0, 35 writes, 0 doorbells
   162      0.252 startup: both engines ready
   163      0.252 startup: attempted 0xF completed 0xF status 0x00000000 ready 1 unwind 0 quarantine 0
   164      0.252 wddm: GPU initialized before adapter admission
   165      0.252 wddm: callbacks sync 1 notify 1 queuedpc 1 notifydpc 1, interface 312 of 312 bytes
   166      0.254 stage 35
   167      0.254 stage 39
   168      0.254 wddm: display QueryChildRelations call 1 detail 0x38 -> 0x00000000
   169      0.254 wddm: DRIVERCAPS into 576 bytes: wddm 8192 sched 0x45 mm 0x60 flip 0x12 slots 0 tdr 1 dflip 1 rot 1
   170      0.254 wddm: QueryAdapterInfo type 1 in 0 out 576 -> 0x00000000
   171      0.254 wddm: QueryAdapterInfo type 15 in 4 out 20 -> 0xC00000BB
   172      0.254 wddm: QueryAdapterInfo type 47 in 0 out 4 -> 0xC00000BB
   173      0.254 wddm: QueryAdapterInfo type 13 in 4 out 24 -> 0x00000000
   174      0.254 wddm: QueryAdapterInfo type 14 in 4 out 20 -> 0x00000000
   175      0.254 wddm: QueryAdapterInfo type 14 in 4 out 20 -> 0x00000000
   176      0.254 wddm: QueryAdapterInfo type 14 in 4 out 20 -> 0x00000000
   177      0.254 wddm: QueryAdapterInfo type 14 in 4 out 20 -> 0x00000000
   178      0.254 wddm: GetNodeMetadata node 0 adapter 0
   179      0.254 wddm: GetNodeMetadata node 1 adapter 0
   180      0.254 wddm: QUERYSEGMENT4 pass 1: 3 segment(s)
   181      0.254 wddm: QUERYSEGMENT4 pass 2: 3 segment(s), stride 104, paging buffer segment 0, 65536 bytes
   182      0.254 wddm: segment 1 flags 0x00080404 gpu 0xF4008D0000 cpu 0x2708D0000 size 0x1ED880000
   183      0.254 wddm: QueryAdapterInfo type 16 in 0 out 4 -> 0xC00000BB
   184      0.256 wddm: CreateProcess flags 0x00000001 pasids 1
   185      0.256 wddm: CreateDevice flags 0x00000001 pasid 0
   186      0.256 wddm: CreateDevice flags 0x00000001 pasid 0
   187      0.256 wddm: capture reservation ready 22020392 bytes
   188      0.256 wddm: CreateContext node 1 engine 0x1 flags 0x00000005 private 0
   189      0.256 wddm: CreateContext answered dma 4096 bytes segment set 0x2, lists 256/0, caps 0x00000001
   190      0.258 wddm: BuildPagingBuffer operation 11 segment 0, 65536 bytes free, pass offset 0
   191      0.258 vidmm: table physical cache query pa 0x45E153000 status 0xC0000141 type 6; retained map requests NC; borrowed VA attributes unproven
   192      0.258 vidmm: CPU update level 0 mode 0 start 0 count 512 status 0x00000000
   193      0.258 wddm: BuildPagingBuffer operation 11 segment 0, 65536 bytes free, pass offset 0
   194      0.258 vidmm: table physical cache query pa 0x45E154000 status 0xC0000141 type 6; retained map requests NC; borrowed VA attributes unproven
   195      0.258 vidmm: CPU update level 0 mode 0 start 0 count 512 status 0x00000000
   196      0.258 wddm: BuildPagingBuffer operation 11 segment 0, 65536 bytes free, pass offset 0
   197      0.258 vidmm: table physical cache query pa 0x45E155000 status 0xC0000141 type 6; retained map requests NC; borrowed VA attributes unproven
   198      0.258 vidmm: CPU update level 0 mode 0 start 0 count 512 status 0x00000000
   199      0.258 wddm: BuildPagingBuffer operation 11 segment 0, 65536 bytes free, pass offset 0
   200      0.258 vidmm: table physical cache query pa 0x45E156000 status 0xC0000141 type 6; retained map requests NC; borrowed VA attributes unproven
   201      0.258 vidmm: CPU update level 0 mode 0 start 0 count 512 status 0x00000000
   202      0.258 vidmm: table physical cache query pa 0x45E157000 status 0xC0000141 type 6; retained map requests NC; borrowed VA attributes unproven
   203      0.258 vidmm: CPU update level 0 mode 0 start 0 count 512 status 0x00000000
   204      0.258 vidmm: table physical cache query pa 0x45E158000 status 0xC0000141 type 6; retained map requests NC; borrowed VA attributes unproven
   205      0.258 vidmm: CPU update level 0 mode 0 start 0 count 512 status 0x00000000
   206      0.258 vidmm: table physical cache query pa 0x45E159000 status 0xC0000141 type 6; retained map requests NC; borrowed VA attributes unproven
   207      0.258 vidmm: CPU update level 0 mode 0 start 0 count 512 status 0x00000000
   208      0.258 vidmm: table physical cache query pa 0x45E15A000 status 0xC0000141 type 6; retained map requests NC; borrowed VA attributes unproven
   209      0.258 vidmm: CPU update level 0 mode 0 start 0 count 512 status 0x00000000
   210      0.288 wddm: SetRootPageTable segment 3 offset 0x0, 512 entries
   211      0.288 vidmm: root page table 3:0x0 = physical 0x45E150000, 512 entries (the VMID is pointed at it by the first packet)
   212      0.290 wddm: display QueryDeviceDescriptor call 1 detail 0x250001 -> 0xC01D0001
   213      0.290 wddm: display QueryDeviceDescriptor call 2 detail 0x250001 -> 0xC01D0001
   214      0.290 wddm: display RecommendMonitorModes call 1 detail 0x0 -> 0x00000000
   215      0.292 wddm: display IsSupportedVidPn call 1 detail 0x0 -> 0x00000000
   216      0.292 wddm: display IsSupportedVidPn call 2 detail 0x0 -> 0x00000000
   217      0.292 wddm: display IsSupportedVidPn call 3 detail 0x0 -> 0x00000000
   218      0.292 wddm: display EnumVidPnCofuncModality call 1 detail 0x0 -> 0x00000000
   219      0.292 wddm: display IsSupportedVidPn call 4 detail 0x0 -> 0x00000000
   220      0.292 wddm: display EnumVidPnCofuncModality call 2 detail 0x0 -> 0x00000000
   221      0.292 wddm: display IsSupportedVidPn call 5 detail 0x0 -> 0x00000000
   222      0.292 wddm: display EnumVidPnCofuncModality call 3 detail 0x0 -> 0x00000000
   223      0.292 wddm: display IsSupportedVidPn call 6 detail 0x0 -> 0x00000000
   224      0.292 wddm: display EnumVidPnCofuncModality call 4 detail 0x0 -> 0x00000000
   225      0.292 wddm: display EnumVidPnCofuncModality call 5 detail 0x0 -> 0x00000000
   226      0.292 wddm: CreateProcess flags 0x00000002 pasids 1
   227      0.292 wddm: CreateDevice flags 0x00000002 pasid 0
   228      0.292 wddm: CreateContext node 0 engine 0x1 flags 0x00000006 private 0
   229      0.292 wddm: CreateContext answered dma 4096 bytes segment set 0x2, lists 256/0, caps 0x00000001
   230      0.294 wddm: SubmitCommandVirtual fence 1 node 1 flags 0x00000001 va 0x0 size 4024
   231      0.294 gfx: paging submit, 1006 dwords from private buffer at 0x0, seq 1
   232      0.294 wddm: SubmitCommandVirtual fence 2 node 1 flags 0x00000001 va 0x0 size 4072
   233      0.294 gfx: paging submit, 1018 dwords from private buffer at 0x0, seq 2
   234      0.294 wddm: SubmitCommandVirtual fence 3 node 1 flags 0x00000001 va 0x0 size 4016
   235      0.294 gfx: paging submit, 1004 dwords from private buffer at 0x0, seq 3
   236      0.294 wddm: SubmitCommandVirtual fence 4 node 1 flags 0x00000001 va 0x0 size 4016
   237      0.294 gfx: paging submit, 1004 dwords from private buffer at 0x0, seq 4
   238      0.294 wddm: BuildPagingBuffer operation 12 segment 0, 64720 bytes free, pass offset 0
   239      0.294 wddm: SubmitCommandVirtual fence 5 node 1 flags 0x00000001 va 0x0 size 876
   240      0.294 gfx: paging submit, 219 dwords from private buffer at 0x0, seq 5
   241      0.294 wddm: BuildPagingBuffer operation 12 segment 0, 64596 bytes free, pass offset 0
   242      0.294 wddm: SubmitCommandVirtual fence 6 node 1 flags 0x00000001 va 0x36C size 124
   243      0.294 gfx: paging submit, 31 dwords from private buffer at 0x36C, seq 6
   244      0.294 wddm: display EnumVidPnCofuncModality call 6 detail 0x0 -> 0x00000000
   245      0.294 wddm: GetStandardAllocationDriverData type 1 1920x1200 format 21 -> 9216000 bytes
   246      0.294 wddm: GetStandardAllocationDriverData type 1 1920x1200 format 21 -> 9216000 bytes
   247      0.294 wddm: CreateAllocation 1 allocations, flags 1 resource yes
   248      0.294 wddm: OpenAllocation [0] handle 0x40001C40 private 32 bytes -> FFFFA98D8E7A1670 (GetHandleData said 0000000000000000)
   249      0.294 wddm: OpenAllocation 1 allocations flags 0x00000001
   250      0.294 wddm: SubmitCommandVirtual fence 7 node 1 flags 0x00000001 va 0x3E8 size 3072
   251      0.294 gfx: paging submit, 768 dwords from private buffer at 0x3E8, seq 7
   252      0.294 wddm: SubmitCommandVirtual fence 8 node 1 flags 0x00000001 va 0x0 size 4016
   253      0.294 gfx: paging submit, 1004 dwords from private buffer at 0x0, seq 8
   254      0.294 gfx: paging submit, 1004 dwords from private buffer at 0x0, seq 9
   255      0.294 gfx: paging submit, 1004 dwords from private buffer at 0x0, seq 10
   256      0.294 wddm: BuildPagingBuffer operation 12 segment 0, 62152 bytes free, pass offset 0
   257      0.294 wddm: BuildPagingBuffer operation 9 segment 0, 62092 bytes free, pass offset 0
   258      0.294 amdgpu[2]: ring alloc of 16 dwords exceeds max_dw 12

   259      0.294 wddm: BuildPagingBuffer operation 9 segment 0, 65536 bytes free, pass offset 29
   260      0.294 gfx: paging submit, 1006 dwords from private buffer at 0x0, seq 11
   261      0.294 amdgpu[2]: ring alloc of 16 dwords exceeds max_dw 13

   262      0.294 wddm: BuildPagingBuffer operation 9 segment 0, 65536 bytes free, pass offset 230
   263      0.294 gfx: paging submit, 1005 dwords from private buffer at 0x0, seq 12
   264      0.294 amdgpu[2]: ring alloc of 16 dwords exceeds max_dw 13

   265      0.294 gfx: paging submit, 1005 dwords from private buffer at 0x0, seq 13
   266      0.294 wddm: BuildPagingBuffer operation 9 segment 0, 65536 bytes free, pass offset 431
   267      0.294 amdgpu[2]: ring alloc of 16 dwords exceeds max_dw 13

   268      0.294 gfx: paging submit, 1005 dwords from private buffer at 0x0, seq 14
   269      0.294 amdgpu[2]: ring alloc of 16 dwords exceeds max_dw 13

   270      0.296 gfx: paging submit, 1005 dwords from private buffer at 0x0, seq 15
   271      0.296 amdgpu[2]: ring alloc of 16 dwords exceeds max_dw 13

   272      0.296 gfx: paging submit, 1005 dwords from private buffer at 0x0, seq 16
   273      0.296 amdgpu[2]: ring alloc of 16 dwords exceeds max_dw 13

   274      0.296 gfx: paging submit, 1005 dwords from private buffer at 0x0, seq 17
   275      0.296 amdgpu[2]: ring alloc of 16 dwords exceeds max_dw 13

   276      0.296 gfx: paging submit, 1005 dwords from private buffer at 0x0, seq 18
   277      0.296 amdgpu[2]: ring alloc of 16 dwords exceeds max_dw 13

   278      0.296 gfx: paging submit, 1005 dwords from private buffer at 0x0, seq 19
   279      0.296 amdgpu[2]: ring alloc of 16 dwords exceeds max_dw 13

   280      0.296 gfx: paging submit, 1005 dwords from private buffer at 0x0, seq 20
   281      0.296 amdgpu[2]: ring alloc of 16 dwords exceeds max_dw 13

   282      0.296 gfx: paging submit, 1005 dwords from private buffer at 0x0, seq 21
   283      0.298 amdgpu[2]: ring alloc of 16 dwords exceeds max_dw 13

   284      0.298 gfx: paging submit, 1005 dwords from private buffer at 0x0, seq 22
   285      0.298 gfx: paging submit, 50 dwords from private buffer at 0x0, seq 23
   286      0.298 gfx: paging submit, 960 dwords from private buffer at 0xC8, seq 24
   287      0.298 gfx: paging submit, 974 dwords from private buffer at 0x0, seq 25
   288      0.298 gfx: paging submit, 1006 dwords from private buffer at 0x0, seq 26
   289      0.298 gfx: paging submit, 1004 dwords from private buffer at 0x0, seq 27
   290      0.298 gfx: paging submit, 1004 dwords from private buffer at 0x0, seq 28
   291      0.298 wddm: BuildPagingBuffer operation 12 segment 0, 62984 bytes free, pass offset 0
   292      0.298 gfx: paging submit, 653 dwords from private buffer at 0x0, seq 29
   293      0.298 gfx: paging submit, 56 dwords from private buffer at 0x0, seq 30
   294      0.298 gfx: paging submit, 960 dwords from private buffer at 0xE0, seq 31
   295      0.298 gfx: paging submit, 92 dwords from private buffer at 0x0, seq 32
   296      0.298 gfx: paging submit, 912 dwords from private buffer at 0x170, seq 33
   297      0.298 gfx: paging submit, 140 dwords from private buffer at 0x0, seq 34
   298      0.298 gfx: paging submit, 864 dwords from private buffer at 0x230, seq 35
   299      0.298 gfx: paging submit, 188 dwords from private buffer at 0x0, seq 36
   300      0.298 gfx: paging submit, 822 dwords from private buffer at 0x2F0, seq 37
   301      0.298 gfx: paging submit, 281 dwords from private buffer at 0x0, seq 38
   302      0.298 wddm: DescribeAllocation 1920x1200 format 21
   303      0.298 wddm: GetStandardAllocationDriverData type 2 1920x1200 format 21 -> 9216000 bytes
   304      0.298 wddm: GetStandardAllocationDriverData type 2 1920x1200 format 21 -> 9216000 bytes
   305      0.298 wddm: CreateAllocation 1 allocations, flags 1 resource yes
   306      0.298 wddm: OpenAllocation [0] handle 0x40001CC0 private 32 bytes -> FFFFA98D8E7A0CD0 (GetHandleData said 0000000000000000)
   307      0.298 wddm: OpenAllocation 1 allocations flags 0x00000001
   308      0.298 gfx: paging submit, 736 dwords from private buffer at 0x464, seq 39
   309      0.298 gfx: paging submit, 1004 dwords from private buffer at 0x0, seq 40
   310      0.298 gfx: paging submit, 1004 dwords from private buffer at 0x0, seq 41
   311      0.298 gfx: paging submit, 1004 dwords from private buffer at 0x0, seq 42
   312      0.298 amdgpu[2]: ring alloc of 16 dwords exceeds max_dw 15

   313      0.298 gfx: paging submit, 1003 dwords from private buffer at 0x0, seq 43
   314      0.298 amdgpu[2]: ring alloc of 16 dwords exceeds max_dw 13

   315      0.298 gfx: paging submit, 1005 dwords from private buffer at 0x0, seq 44
   316      0.298 amdgpu[2]: ring alloc of 16 dwords exceeds max_dw 13

   317      0.300 gfx: paging submit, 1005 dwords from private buffer at 0x0, seq 45
   318      0.300 amdgpu[2]: ring alloc of 16 dwords exceeds max_dw 13

   319      0.300 gfx: paging submit, 1005 dwords from private buffer at 0x0, seq 46
   320      0.300 amdgpu[2]: ring alloc of 16 dwords exceeds max_dw 13

   321      0.300 gfx: paging submit, 1005 dwords from private buffer at 0x0, seq 47
   322      0.300 amdgpu[2]: ring alloc of 16 dwords exceeds max_dw 13

   323      0.300 gfx: paging submit, 1005 dwords from private buffer at 0x0, seq 48
   324      0.300 amdgpu[2]: ring alloc of 16 dwords exceeds max_dw 13

   325      0.300 gfx: paging submit, 1005 dwords from private buffer at 0x0, seq 49
   326      0.300 amdgpu[2]: ring alloc of 16 dwords exceeds max_dw 13

   327      0.300 gfx: paging submit, 1005 dwords from private buffer at 0x0, seq 50
   328      0.300 amdgpu[2]: ring alloc of 16 dwords exceeds max_dw 13

   329      0.302 gfx: paging submit, 1005 dwords from private buffer at 0x0, seq 51
   330      0.302 amdgpu[2]: ring alloc of 16 dwords exceeds max_dw 13

   331      0.302 gfx: paging submit, 1005 dwords from private buffer at 0x0, seq 52
   332      0.302 amdgpu[2]: ring alloc of 16 dwords exceeds max_dw 13

   333      0.302 gfx: paging submit, 1005 dwords from private buffer at 0x0, seq 53
   334      0.302 amdgpu[2]: ring alloc of 16 dwords exceeds max_dw 13

   335      0.302 gfx: paging submit, 1005 dwords from private buffer at 0x0, seq 54
   336      0.302 gfx: paging submit, 85 dwords from private buffer at 0x0, seq 55
   337      0.302 gfx: paging submit, 918 dwords from private buffer at 0x154, seq 56
   338      0.302 gfx: paging submit, 1004 dwords from private buffer at 0x0, seq 57
   339      0.302 gfx: paging submit, 1004 dwords from private buffer at 0x0, seq 58
   340      0.302 gfx: paging submit, 1004 dwords from private buffer at 0x0, seq 59
   341      0.302 gfx: paging submit, 1004 dwords from private buffer at 0x0, seq 60
   342      0.302 gfx: paging submit, 319 dwords from private buffer at 0x0, seq 61
   343      0.302 gfx: paging submit, 688 dwords from private buffer at 0x4FC, seq 62
   344      0.302 gfx: paging submit, 364 dwords from private buffer at 0x0, seq 63
   345      0.302 gfx: paging submit, 640 dwords from private buffer at 0x5B0, seq 64
   346      0.302 gfx: paging submit, 412 dwords from private buffer at 0x0, seq 65
   347      0.302 gfx: paging submit, 592 dwords from private buffer at 0x670, seq 66
   348      0.302 gfx: paging submit, 460 dwords from private buffer at 0x0, seq 67
   349      0.302 gfx: paging submit, 546 dwords from private buffer at 0x730, seq 68
   350      0.302 gfx: paging submit, 557 dwords from private buffer at 0x0, seq 69
   351      0.304 stage 50
   352      0.304 wddm: display CommitVidPn call 1 detail 0x0 -> 0x00000000
   353      0.304 wddm: DescribeAllocation 1920x1200 format 21
   354      0.304 wddm: SetVidPnSourceAddress segment 1 address 0xF4008D0000 flags 0x00000001 (firmware framebuffer 0xC0000000)
   355      0.304 wddm: software vsync on, 16 ms period, target 2424833
   356      0.304 wddm: display SetVidPnSourceVisibility call 1 detail 0x0 -> 0x00000000
   357      0.304 wddm: DescribeAllocation 1920x1200 format 21
   358      0.528 wddm: ControlInterrupt type 3 on -> 0x00000000
   359      0.544 wddm: ControlInterrupt type 3 off -> 0x00000000
   360      0.544 wddm: ControlInterrupt type 3 on -> 0x00000000
   361      0.560 wddm: ControlInterrupt type 3 off -> 0x00000000
   362      0.560 wddm: ControlInterrupt type 3 on -> 0x00000000
   363      0.576 wddm: ControlInterrupt type 3 off -> 0x00000000
   364      0.576 wddm: ControlInterrupt type 3 on -> 0x00000000
   365      0.592 wddm: ControlInterrupt type 3 off -> 0x00000000
   366      3.823 wddm: Present flags 0x00000001 source 0 dest 0, 1 sub-rectangles, 4096 DMA bytes free
   367      3.823 wddm: Present list FFFF8000E8908BB0 (context list 256), private FFFFA98D8D6026A0/2184, driver data 0
   368      3.823 wddm: Present list q0-3  0000000000000000 0000000000000000 0000000000000000 0000000000000000
   369      3.823 wddm: Present list q4-7  FFFFA98D8E7A0CD0 00000000008DC000 0000000000000000 0000000000000000
   370      3.823 wddm: Present list q8-11 FFFFA98D8E7A1670 0000000000012000 0000000000000000 0000000000000000
   371      3.823 wddm: Present dst (0,0)-(1920,1200) src (0,0)-(1920,1200) va 0x11000
   372      3.823 wddm: SetRootPageTable segment 3 offset 0xFEAF000, 512 entries
   373      3.823 vidmm: root page table 3:0xFEAF000 = physical 0x46DFFF000, 512 entries (the VMID is pointed at it by the first packet)
   374      3.825 wddm: SubmitCommandVirtual fence 1 node 0 flags 0x00000002 va 0x11000 size 0
   375      3.825 wddm: malformed virtual present rejected
   376      3.841 wddm: Present flags 0x00000001 source 0 dest 0, 1 sub-rectangles, 4096 DMA bytes free
   377      3.841 wddm: Present list FFFF8000E8908BB0 (context list 256), private FFFFA98D8E473010/2184, driver data 0
   378      3.841 wddm: Present list q0-3  0000000000000000 0000000000000000 0000000000000000 0000000000000000
   379      3.841 wddm: Present list q4-7  FFFFA98D8E7A0CD0 00000000008DC000 0000000000000000 0000000000000000
   380      3.841 wddm: Present list q8-11 FFFFA98D8E7A1670 0000000000012000 0000000000000000 0000000000000000
   381      3.841 wddm: Present dst (0,0)-(1920,1200) src (0,0)-(1920,1200) va 0x10000
   382      3.845 wddm: CreateDevice flags 0x00000002 pasid 0
   383      3.845 wddm: CreateContext node 0 engine 0x1 flags 0x00000006 private 0
   384      3.845 wddm: CreateContext answered dma 4096 bytes segment set 0x2, lists 256/0, caps 0x00000001
   385      3.845 gfx: paging submit, 31 dwords from private buffer at 0x8B4, seq 70
   386      3.845 gfx: paging submit, 31 dwords from private buffer at 0x930, seq 71
   387      3.847 wddm: software vsync off after 221 ticks
   388      3.847 wddm: display SetVidPnSourceVisibility call 2 detail 0x0 -> 0x00000000
   389      3.847 wddm: GetStandardAllocationDriverData type 1 1920x1200 format 21 -> 9216000 bytes
   390      3.847 wddm: GetStandardAllocationDriverData type 1 1920x1200 format 21 -> 9216000 bytes
   391      3.847 wddm: CreateAllocation 1 allocations, flags 1 resource yes
   392      3.847 wddm: OpenAllocation [0] handle 0x40001DC0 private 32 bytes -> FFFFA98D8D8EB810 (GetHandleData said 0000000000000000)
   393      3.847 wddm: OpenAllocation 1 allocations flags 0x00000001
   394      3.847 gfx: paging submit, 384 dwords from private buffer at 0x9AC, seq 72
   395      3.847 gfx: paging submit, 1004 dwords from private buffer at 0x0, seq 73
   396      3.847 gfx: paging submit, 1004 dwords from private buffer at 0x0, seq 74
   397      3.847 gfx: paging submit, 1004 dwords from private buffer at 0x0, seq 75
   398      3.847 gfx: paging submit, 1004 dwords from private buffer at 0x0, seq 76
   399      3.847 amdgpu[2]: ring alloc of 16 dwords exceeds max_dw 13

   400      3.847 gfx: paging submit, 1005 dwords from private buffer at 0x0, seq 77
   401      3.847 amdgpu[2]: ring alloc of 16 dwords exceeds max_dw 13

   402      3.847 gfx: paging submit, 1005 dwords from private buffer at 0x0, seq 78
   403      3.847 amdgpu[2]: ring alloc of 16 dwords exceeds max_dw 13

   404      3.847 gfx: paging submit, 1005 dwords from private buffer at 0x0, seq 79
   405      3.847 amdgpu[2]: ring alloc of 16 dwords exceeds max_dw 13

   406      3.847 gfx: paging submit, 1005 dwords from private buffer at 0x0, seq 80
   407      3.847 amdgpu[2]: ring alloc of 16 dwords exceeds max_dw 13

   408      3.849 gfx: paging submit, 1005 dwords from private buffer at 0x0, seq 81
   409      3.849 amdgpu[2]: ring alloc of 16 dwords exceeds max_dw 13

   410      3.849 gfx: paging submit, 1005 dwords from private buffer at 0x0, seq 82
   411      3.849 amdgpu[2]: ring alloc of 16 dwords exceeds max_dw 13

   412      3.849 gfx: paging submit, 1005 dwords from private buffer at 0x0, seq 83
   413      3.849 amdgpu[2]: ring alloc of 16 dwords exceeds max_dw 13

   414      3.849 gfx: paging submit, 1005 dwords from private buffer at 0x0, seq 84
   415      3.849 amdgpu[2]: ring alloc of 16 dwords exceeds max_dw 13

   416      3.849 gfx: paging submit, 1005 dwords from private buffer at 0x0, seq 85
   417      3.849 amdgpu[2]: ring alloc of 16 dwords exceeds max_dw 13

   418      3.849 gfx: paging submit, 1005 dwords from private buffer at 0x0, seq 86
   419      3.849 amdgpu[2]: ring alloc of 16 dwords exceeds max_dw 13

   420      3.849 gfx: paging submit, 1005 dwords from private buffer at 0x0, seq 87
   421      3.851 gfx: paging submit, 450 dwords from private buffer at 0x0, seq 88
   422      3.851 gfx: paging submit, 558 dwords from private buffer at 0x708, seq 89
   423      3.851 gfx: paging submit, 1004 dwords from private buffer at 0x0, seq 90
   424      3.851 gfx: paging submit, 1004 dwords from private buffer at 0x0, seq 91
   425      3.851 gfx: paging submit, 1004 dwords from private buffer at 0x0, seq 92
   426      3.851 gfx: paging submit, 1004 dwords from private buffer at 0x0, seq 93
   427      3.851 gfx: paging submit, 271 dwords from private buffer at 0x0, seq 94
   428      3.851 gfx: paging submit, 736 dwords from private buffer at 0x43C, seq 95
   429      3.851 gfx: paging submit, 316 dwords from private buffer at 0x0, seq 96
   430      3.851 gfx: paging submit, 688 dwords from private buffer at 0x4F0, seq 97
   431      3.851 gfx: paging submit, 364 dwords from private buffer at 0x0, seq 98
   432      3.851 gfx: paging submit, 640 dwords from private buffer at 0x5B0, seq 99
   433      3.851 gfx: paging submit, 412 dwords from private buffer at 0x0, seq 100
   434      3.851 gfx: paging submit, 592 dwords from private buffer at 0x670, seq 101
   435      3.851 gfx: paging submit, 460 dwords from private buffer at 0x0, seq 102
   436      3.851 gfx: paging submit, 544 dwords from private buffer at 0x730, seq 103
   437      3.851 gfx: paging submit, 561 dwords from private buffer at 0x0, seq 104
   438      3.851 wddm: DescribeAllocation 1920x1200 format 21
   439      3.851 wddm: GetStandardAllocationDriverData type 2 1920x1200 format 21 -> 9216000 bytes
   440      3.851 wddm: GetStandardAllocationDriverData type 2 1920x1200 format 21 -> 9216000 bytes
   441      3.851 wddm: CreateAllocation 1 allocations, flags 1 resource yes
   442      3.851 wddm: OpenAllocation [0] handle 0x40001E40 private 32 bytes -> FFFFA98D8D8EA370 (GetHandleData said 0000000000000000)
   443      3.851 wddm: OpenAllocation 1 allocations flags 0x00000001
   444      3.851 gfx: paging submit, 448 dwords from private buffer at 0x8C4, seq 105
   445      3.851 gfx: paging submit, 1004 dwords from private buffer at 0x0, seq 106
   446      3.851 gfx: paging submit, 1004 dwords from private buffer at 0x0, seq 107
   447      3.851 gfx: paging submit, 1004 dwords from private buffer at 0x0, seq 108
   448      3.851 gfx: paging submit, 1004 dwords from private buffer at 0x0, seq 109
   449      3.851 amdgpu[2]: ring alloc of 16 dwords exceeds max_dw 12

   450      3.851 gfx: paging submit, 1006 dwords from private buffer at 0x0, seq 110
   451      3.851 amdgpu[2]: ring alloc of 16 dwords exceeds max_dw 13

   452      3.851 gfx: paging submit, 1005 dwords from private buffer at 0x0, seq 111
   453      3.851 amdgpu[2]: ring alloc of 16 dwords exceeds max_dw 13

   454      3.853 gfx: paging submit, 1005 dwords from private buffer at 0x0, seq 112
   455      3.853 amdgpu[2]: ring alloc of 16 dwords exceeds max_dw 13

   456      3.853 gfx: paging submit, 1005 dwords from private buffer at 0x0, seq 113
   457      3.853 amdgpu[2]: ring alloc of 16 dwords exceeds max_dw 13

   458      3.853 gfx: paging submit, 1005 dwords from private buffer at 0x0, seq 114
   459      3.853 amdgpu[2]: ring alloc of 16 dwords exceeds max_dw 13

   460      3.853 gfx: paging submit, 1005 dwords from private buffer at 0x0, seq 115
   461      3.853 amdgpu[2]: ring alloc of 16 dwords exceeds max_dw 13

   462      3.853 gfx: paging submit, 1005 dwords from private buffer at 0x0, seq 116
   463      3.853 amdgpu[2]: ring alloc of 16 dwords exceeds max_dw 13

   464      3.853 gfx: paging submit, 1005 dwords from private buffer at 0x0, seq 117
   465      3.853 amdgpu[2]: ring alloc of 16 dwords exceeds max_dw 13

   466      3.853 gfx: paging submit, 1005 dwords from private buffer at 0x0, seq 118
   467      3.853 amdgpu[2]: ring alloc of 16 dwords exceeds max_dw 13

   468      3.855 gfx: paging submit, 1005 dwords from private buffer at 0x0, seq 119
   469      3.855 amdgpu[2]: ring alloc of 16 dwords exceeds max_dw 13

   470      3.855 gfx: paging submit, 1005 dwords from private buffer at 0x0, seq 120
   471      3.855 gfx: paging submit, 385 dwords from private buffer at 0x0, seq 121
   472      3.855 gfx: paging submit, 624 dwords from private buffer at 0x604, seq 122
   473      3.855 gfx: paging submit, 974 dwords from private buffer at 0x0, seq 123
   474      3.855 gfx: paging submit, 1006 dwords from private buffer at 0x0, seq 124
   475      3.855 gfx: paging submit, 1004 dwords from private buffer at 0x0, seq 125
   476      3.855 gfx: paging submit, 1004 dwords from private buffer at 0x0, seq 126
   477      3.855 gfx: paging submit, 653 dwords from private buffer at 0x0, seq 127
   478      3.855 gfx: paging submit, 200 dwords from private buffer at 0x0, seq 128
   479      3.855 gfx: paging submit, 816 dwords from private buffer at 0x320, seq 129
   480      3.855 gfx: paging submit, 236 dwords from private buffer at 0x0, seq 130
   481      3.855 gfx: paging submit, 768 dwords from private buffer at 0x3B0, seq 131
   482      3.855 gfx: paging submit, 284 dwords from private buffer at 0x0, seq 132
   483      3.855 gfx: paging submit, 720 dwords from private buffer at 0x470, seq 133
   484      3.855 gfx: paging submit, 332 dwords from private buffer at 0x0, seq 134
   485      3.855 gfx: paging submit, 678 dwords from private buffer at 0x530, seq 135
   486      3.855 gfx: paging submit, 425 dwords from private buffer at 0x0, seq 136
   487      3.855 wddm: display CommitVidPn call 2 detail 0x0 -> 0x00000000
   488      3.855 wddm: DescribeAllocation 1920x1200 format 21
   489      3.855 wddm: SetVidPnSourceAddress segment 1 address 0xF401A64000 flags 0x00000001 (firmware framebuffer 0xC0000000)
   490      3.855 wddm: software vsync on, 16 ms period, target 2424833
   491      3.855 wddm: display SetVidPnSourceVisibility call 3 detail 0x0 -> 0x00000000
   492      3.855 wddm: DescribeAllocation 1920x1200 format 21
   493      3.857 gfx: paging submit, 31 dwords from private buffer at 0x6A4, seq 137
   494      3.857 gfx: paging submit, 31 dwords from private buffer at 0x720, seq 138
   495      3.857 wddm: DestroyContext
   496      3.857 gfx: paging submit, 528 dwords from private buffer at 0x79C, seq 139
   497      3.857 gfx: paging submit, 977 dwords from private buffer at 0x0, seq 140
   498      3.857 gfx: paging submit, 15 dwords from private buffer at 0xF44, seq 141
   499      3.857 wddm: CloseAllocation 1 allocations
   500      3.857 wddm: DestroyAllocation 1 allocations
   501      3.857 wddm: BuildPagingBuffer operation 2 segment 0, 61568 bytes free, pass offset 0
   502      3.857 gfx: paging submit, 16 dwords from private buffer at 0xF80, seq 142
   503      3.857 gfx: paging submit, 37 dwords from private buffer at 0x0, seq 143
   504      3.857 gfx: paging submit, 15 dwords from private buffer at 0x94, seq 144
   505      3.857 wddm: CloseAllocation 1 allocations
   506      3.857 wddm: DestroyAllocation 1 allocations
   507      3.857 wddm: DestroyDevice
   508      3.877 wddm: Present flags 0x00000001 source 0 dest 0, 3 sub-rectangles, 4096 DMA bytes free
   509      3.877 wddm: Present list FFFF8000E7AC9BB0 (context list 256), private FFFFA98D8E66C660/2184, driver data 0
   510      3.877 wddm: Present list q0-3  0000000000000000 0000000000000000 0000000000000000 0000000000000000
   511      3.877 wddm: Present list q4-7  FFFFA98D8D8EA370 0000000001A72000 0000000000000000 0000000000000000
   512      3.877 wddm: Present list q8-11 FFFFA98D8D8EB810 00000000011A8000 0000000000000000 0000000000000000
   513      3.877 wddm: Present dst (0,0)-(1920,1200) src (0,0)-(1920,1200) va 0x11A7000
   514      3.877 wddm: SetRootPageTable segment 3 offset 0xFEAF000, 512 entries
   515      3.877 vidmm: root page table 3:0xFEAF000 = physical 0x46DFFF000, 512 entries (the VMID is pointed at it by the first packet)
   516      3.877 wddm: SubmitCommandVirtual fence 2 node 0 flags 0x00000002 va 0x11A7000 size 0
   517      3.877 wddm: malformed virtual present rejected
   518      3.893 wddm: Present flags 0x00000001 source 0 dest 0, 1 sub-rectangles, 4096 DMA bytes free
   519      3.893 wddm: Present list FFFF8000E7AC9BB0 (context list 256), private FFFFA98D8D54B6A0/2184, driver data 0
   520      3.893 wddm: Present list q0-3  0000000000000000 0000000000000000 0000000000000000 0000000000000000
   521      3.893 wddm: Present list q4-7  FFFFA98D8D8EA370 0000000001A72000 0000000000000000 0000000000000000
   522      3.893 wddm: Present list q8-11 FFFFA98D8D8EB810 00000000011A8000 0000000000000000 0000000000000000
   523      3.893 wddm: Present dst (0,0)-(1920,1200) src (0,0)-(1920,1200) va 0x11A6000
   524      3.893 wddm: Present flags 0x00000001 source 0 dest 0, 3 sub-rectangles, 4096 DMA bytes free
   525      3.893 wddm: Present list FFFF8000E7AC9BB0 (context list 256), private FFFFA98D8E66C660/2184, driver data 0
   526      3.893 wddm: Present list q0-3  0000000000000000 0000000000000000 0000000000000000 0000000000000000
   527      3.893 wddm: Present list q4-7  FFFFA98D8D8EA370 0000000001A72000 0000000000000000 0000000000000000
   528      3.893 wddm: Present list q8-11 FFFFA98D8D8EB810 00000000011A8000 0000000000000000 0000000000000000
   529      3.893 wddm: Present dst (0,0)-(1920,1200) src (0,0)-(1920,1200) va 0x11A7000
   530      3.893 gfx: paging submit, 31 dwords from private buffer at 0xD0, seq 145
   531      3.895 gfx: paging submit, 31 dwords from private buffer at 0x14C, seq 146
   532      3.895 wddm: DestroyContext
   533      3.895 gfx: paging submit, 847 dwords from private buffer at 0x1C8, seq 147
   534      3.895 gfx: paging submit, 15 dwords from private buffer at 0xF04, seq 148
   535      3.895 wddm: CloseAllocation 1 allocations
   536      3.895 wddm: DestroyAllocation 1 allocations
   537      3.895 wddm: BuildPagingBuffer operation 2 segment 0, 61632 bytes free, pass offset 0
   538      3.895 gfx: paging submit, 41 dwords from private buffer at 0xF40, seq 149
   539      3.895 gfx: paging submit, 16 dwords from private buffer at 0x0, seq 150
   540      3.895 gfx: paging submit, 16 dwords from private buffer at 0x40, seq 151
   541      3.895 wddm: CloseAllocation 1 allocations
   542      3.895 wddm: DestroyAllocation 1 allocations
   543      3.895 wddm: DestroyDevice
   544      3.895 wddm: DestroyProcess
   545      3.895 wddm: CreateProcess flags 0x00000002 pasids 1
   546      3.895 wddm: CreateDevice flags 0x00000002 pasid 0
   547      3.895 wddm: CreateContext node 0 engine 0x1 flags 0x00000006 private 0
   548      3.895 wddm: CreateContext answered dma 4096 bytes segment set 0x2, lists 256/0, caps 0x00000001
   549      3.895 gfx: paging submit, 974 dwords from private buffer at 0x80, seq 152
   550      3.895 gfx: paging submit, 1018 dwords from private buffer at 0x0, seq 153
   551      3.895 gfx: paging submit, 1004 dwords from private buffer at 0x0, seq 154
   552      3.895 gfx: paging submit, 1004 dwords from private buffer at 0x0, seq 155
   553      3.895 gfx: paging submit, 251 dwords from private buffer at 0x0, seq 156
   554      3.895 gfx: paging submit, 31 dwords from private buffer at 0x3EC, seq 157
   555      3.897 wddm: software vsync off after 223 ticks
   556      3.897 wddm: display SetVidPnSourceVisibility call 4 detail 0x0 -> 0x00000000
   557      3.897 wddm: CreateAllocation 1 allocations, flags 1 resource yes
   558      3.897 wddm: OpenAllocation [0] handle 0x40001F40 private 32 bytes -> FFFFA98D8DAA8B10 (GetHandleData said 0000000000000000)
   559      3.897 wddm: OpenAllocation 1 allocations flags 0x00000001
   560      3.897 gfx: paging submit, 736 dwords from private buffer at 0x468, seq 158
   561      3.897 gfx: paging submit, 1004 dwords from private buffer at 0x0, seq 159
   562      3.897 gfx: paging submit, 1004 dwords from private buffer at 0x0, seq 160
   563      3.897 gfx: paging submit, 1004 dwords from private buffer at 0x0, seq 161
   564      3.899 amdgpu[2]: ring alloc of 16 dwords exceeds max_dw 15

   565      3.899 gfx: paging submit, 1003 dwords from private buffer at 0x0, seq 162
   566      3.899 amdgpu[2]: ring alloc of 16 dwords exceeds max_dw 13

   567      3.899 gfx: paging submit, 1005 dwords from private buffer at 0x0, seq 163
   568      3.899 amdgpu[2]: ring alloc of 16 dwords exceeds max_dw 13

   569      3.899 gfx: paging submit, 1005 dwords from private buffer at 0x0, seq 164
   570      3.899 amdgpu[2]: ring alloc of 16 dwords exceeds max_dw 13

   571      3.899 gfx: paging submit, 1005 dwords from private buffer at 0x0, seq 165
   572      3.899 amdgpu[2]: ring alloc of 16 dwords exceeds max_dw 13

   573      3.899 gfx: paging submit, 1005 dwords from private buffer at 0x0, seq 166
   574      3.899 amdgpu[2]: ring alloc of 16 dwords exceeds max_dw 13

   575      3.899 gfx: paging submit, 1005 dwords from private buffer at 0x0, seq 167
   576      3.899 amdgpu[2]: ring alloc of 16 dwords exceeds max_dw 13

   577      3.899 gfx: paging submit, 1005 dwords from private buffer at 0x0, seq 168
   578      3.899 amdgpu[2]: ring alloc of 16 dwords exceeds max_dw 13

   579      3.899 gfx: paging submit, 1005 dwords from private buffer at 0x0, seq 169
   580      3.899 amdgpu[2]: ring alloc of 16 dwords exceeds max_dw 13

   581      3.901 gfx: paging submit, 1005 dwords from private buffer at 0x0, seq 170
   582      3.901 amdgpu[2]: ring alloc of 16 dwords exceeds max_dw 13

   583      3.901 gfx: paging submit, 1005 dwords from private buffer at 0x0, seq 171
   584      3.901 amdgpu[2]: ring alloc of 16 dwords exceeds max_dw 13

   585      3.901 gfx: paging submit, 1005 dwords from private buffer at 0x0, seq 172
   586      3.901 amdgpu[2]: ring alloc of 16 dwords exceeds max_dw 13

   587      3.901 gfx: paging submit, 1005 dwords from private buffer at 0x0, seq 173
   588      3.901 gfx: paging submit, 85 dwords from private buffer at 0x0, seq 174
   589      3.901 gfx: paging submit, 928 dwords from private buffer at 0x154, seq 175
   590      3.901 gfx: paging submit, 974 dwords from private buffer at 0x0, seq 176
   591      3.901 gfx: paging submit, 1006 dwords from private buffer at 0x0, seq 177
   592      3.901 gfx: paging submit, 1004 dwords from private buffer at 0x0, seq 178
   593      3.901 gfx: paging submit, 1004 dwords from private buffer at 0x0, seq 179
   594      3.901 gfx: paging submit, 653 dwords from private buffer at 0x0, seq 180
   595      3.901 gfx: paging submit, 88 dwords from private buffer at 0x0, seq 181
   596      3.901 gfx: paging submit, 928 dwords from private buffer at 0x160, seq 182
   597      3.901 gfx: paging submit, 124 dwords from private buffer at 0x0, seq 183
   598      3.901 gfx: paging submit, 880 dwords from private buffer at 0x1F0, seq 184
   599      3.903 gfx: paging submit, 172 dwords from private buffer at 0x0, seq 185
   600      3.903 gfx: paging submit, 832 dwords from private buffer at 0x2B0, seq 186
   601      3.903 gfx: paging submit, 220 dwords from private buffer at 0x0, seq 187
   602      3.903 gfx: paging submit, 790 dwords from private buffer at 0x370, seq 188
   603      3.903 gfx: paging submit, 313 dwords from private buffer at 0x0, seq 189
   604      3.903 wddm: DescribeAllocation 1920x1200 format 21
   605      3.903 wddm: CreateAllocation 1 allocations, flags 1 resource yes
   606      3.903 wddm: OpenAllocation [0] handle 0x40001FC0 private 32 bytes -> FFFFA98D8DAA8380 (GetHandleData said 0000000000000000)
   607      3.903 wddm: OpenAllocation 1 allocations flags 0x00000001
   608      3.903 gfx: paging submit, 704 dwords from private buffer at 0x4E4, seq 190
   609      3.903 gfx: paging submit, 1004 dwords from private buffer at 0x0, seq 191
   610      3.903 gfx: paging submit, 1004 dwords from private buffer at 0x0, seq 192
   611      3.903 gfx: paging submit, 1004 dwords from private buffer at 0x0, seq 193
   612      3.903 amdgpu[2]: ring alloc of 16 dwords exceeds max_dw 13

   613      3.903 gfx: paging submit, 1005 dwords from private buffer at 0x0, seq 194
   614      3.903 amdgpu[2]: ring alloc of 16 dwords exceeds max_dw 13

   615      3.903 gfx: paging submit, 1005 dwords from private buffer at 0x0, seq 195
   616      3.903 amdgpu[2]: ring alloc of 16 dwords exceeds max_dw 13

   617      3.903 gfx: paging submit, 1005 dwords from private buffer at 0x0, seq 196
   618      3.903 amdgpu[2]: ring alloc of 16 dwords exceeds max_dw 13

   619      3.903 gfx: paging submit, 1005 dwords from private buffer at 0x0, seq 197
   620      3.903 amdgpu[2]: ring alloc of 16 dwords exceeds max_dw 13

   621      3.903 gfx: paging submit, 1005 dwords from private buffer at 0x0, seq 198
   622      3.903 amdgpu[2]: ring alloc of 16 dwords exceeds max_dw 13

   623      3.903 gfx: paging submit, 1005 dwords from private buffer at 0x0, seq 199
   624      3.903 amdgpu[2]: ring alloc of 16 dwords exceeds max_dw 13

   625      3.905 gfx: paging submit, 1005 dwords from private buffer at 0x0, seq 200
   626      3.905 amdgpu[2]: ring alloc of 16 dwords exceeds max_dw 13

   627      3.905 gfx: paging submit, 1005 dwords from private buffer at 0x0, seq 201
   628      3.905 amdgpu[2]: ring alloc of 16 dwords exceeds max_dw 13

   629      3.905 gfx: paging submit, 1005 dwords from private buffer at 0x0, seq 202
   630      3.905 amdgpu[2]: ring alloc of 16 dwords exceeds max_dw 13

   631      3.905 gfx: paging submit, 1005 dwords from private buffer at 0x0, seq 203
   632      3.905 amdgpu[2]: ring alloc of 16 dwords exceeds max_dw 13

   633      3.905 gfx: paging submit, 1005 dwords from private buffer at 0x0, seq 204
   634      3.905 amdgpu[2]: ring alloc of 16 dwords exceeds max_dw 13

   635      3.905 gfx: paging submit, 1005 dwords from private buffer at 0x0, seq 205
   636      3.905 gfx: paging submit, 115 dwords from private buffer at 0x0, seq 206
   637      3.907 gfx: paging submit, 902 dwords from private buffer at 0x1CC, seq 207
   638      3.907 gfx: paging submit, 1004 dwords from private buffer at 0x0, seq 208
   639      3.907 gfx: paging submit, 1004 dwords from private buffer at 0x0, seq 209
   640      3.907 gfx: paging submit, 1004 dwords from private buffer at 0x0, seq 210
   641      3.907 gfx: paging submit, 1004 dwords from private buffer at 0x0, seq 211
   642      3.907 gfx: paging submit, 335 dwords from private buffer at 0x0, seq 212
   643      3.907 gfx: paging submit, 672 dwords from private buffer at 0x53C, seq 213
   644      3.907 gfx: paging submit, 380 dwords from private buffer at 0x0, seq 214
   645      3.907 gfx: paging submit, 624 dwords from private buffer at 0x5F0, seq 215
   646      3.907 gfx: paging submit, 428 dwords from private buffer at 0x0, seq 216
   647      3.907 gfx: paging submit, 576 dwords from private buffer at 0x6B0, seq 217
   648      3.907 gfx: paging submit, 476 dwords from private buffer at 0x0, seq 218
   649      3.907 gfx: paging submit, 530 dwords from private buffer at 0x770, seq 219
   650      3.907 gfx: paging submit, 573 dwords from private buffer at 0x0, seq 220
   651      3.907 wddm: display CommitVidPn call 3 detail 0x0 -> 0x00000000
   652      3.907 wddm: DescribeAllocation 1920x1200 format 21
   653      3.907 wddm: SetVidPnSourceAddress segment 1 address 0xF4008D0000 flags 0x00000001 (firmware framebuffer 0xC0000000)
   654      3.907 wddm: software vsync on, 16 ms period, target 2424833
   655      3.907 wddm: display SetVidPnSourceVisibility call 5 detail 0x0 -> 0x00000000
   656      3.927 wddm: Present flags 0x00000001 source 0 dest 0, 1 sub-rectangles, 4096 DMA bytes free
   657      3.927 wddm: Present list FFFF8000EAE13BB0 (context list 256), private FFFFA98D8D6026A0/2184, driver data 0
   658      3.927 wddm: Present list q0-3  0000000000000000 0000000000000000 0000000000000000 0000000000000000
   659      3.927 wddm: Present list q4-7  FFFFA98D8DAA8380 00000000008DC000 0000000000000000 0000000000000000
   660      3.927 wddm: Present list q8-11 FFFFA98D8DAA8B10 0000000000012000 0000000000000000 0000000000000000
   661      3.927 wddm: Present dst (0,0)-(1920,1200) src (0,0)-(1920,1200) va 0x11000
   662      3.927 wddm: SetRootPageTable segment 3 offset 0xFEAF000, 512 entries
   663      3.927 vidmm: root page table 3:0xFEAF000 = physical 0x46DFFF000, 512 entries (the VMID is pointed at it by the first packet)
   664      3.927 wddm: SubmitCommandVirtual fence 3 node 0 flags 0x00000002 va 0x11000 size 0
   665      3.927 wddm: malformed virtual present rejected
   666      6.899 wddm: Present flags 0x00000001 source 0 dest 0, 1 sub-rectangles, 4096 DMA bytes free
   667      6.899 wddm: Present list FFFF8000EAE13BB0 (context list 256), private FFFFA98D8E473010/2184, driver data 0
   668      6.899 wddm: Present list q0-3  0000000000000000 0000000000000000 0000000000000000 0000000000000000
   669      6.899 wddm: Present list q4-7  FFFFA98D8DAA8380 00000000008DC000 0000000000000000 0000000000000000
   670      6.899 wddm: Present list q8-11 FFFFA98D8DAA8B10 0000000000012000 0000000000000000 0000000000000000
   671      6.899 wddm: Present dst (0,0)-(1920,1200) src (0,0)-(1920,1200) va 0x10000
   672      6.927 wddm: Present flags 0x00000001 source 0 dest 0, 3 sub-rectangles, 4096 DMA bytes free
   673      6.927 wddm: Present list FFFF8000EAE13BB0 (context list 256), private FFFFA98D8D6026A0/2184, driver data 0
   674      6.927 wddm: Present list q0-3  0000000000000000 0000000000000000 0000000000000000 0000000000000000
   675      6.927 wddm: Present list q4-7  FFFFA98D8DAA8380 00000000008DC000 0000000000000000 0000000000000000
   676      6.927 wddm: Present list q8-11 FFFFA98D8DAA8B10 0000000000012000 0000000000000000 0000000000000000
   677      6.927 wddm: Present dst (0,0)-(1920,1200) src (0,0)-(1920,1200) va 0x11000
   678      6.927 wddm: CreateDevice flags 0x00000002 pasid 0
   679      6.927 wddm: CreateContext node 0 engine 0x1 flags 0x00000006 private 0
   680      6.927 wddm: CreateContext answered dma 4096 bytes segment set 0x2, lists 256/0, caps 0x00000001
   681      6.927 gfx: paging submit, 31 dwords from private buffer at 0x8F4, seq 221
   682      6.927 gfx: paging submit, 31 dwords from private buffer at 0x970, seq 222
   683      6.929 wddm: software vsync off after 411 ticks
   684      6.929 wddm: display SetVidPnSourceVisibility call 6 detail 0x0 -> 0x00000000
   685      6.929 wddm: CreateAllocation 1 allocations, flags 1 resource yes
   686      6.929 wddm: OpenAllocation [0] handle 0x400020C0 private 32 bytes -> FFFFA98D8E79F8E0 (GetHandleData said 0000000000000000)
   687      6.929 wddm: OpenAllocation 1 allocations flags 0x00000001
   688      6.931 gfx: paging submit, 368 dwords from private buffer at 0x9EC, seq 223
   689      6.931 gfx: paging submit, 1004 dwords from private buffer at 0x0, seq 224
   690      6.931 gfx: paging submit, 1004 dwords from private buffer at 0x0, seq 225
   691      6.931 gfx: paging submit, 1004 dwords from private buffer at 0x0, seq 226
   692      6.931 gfx: paging submit, 1004 dwords from private buffer at 0x0, seq 227
   693      6.931 amdgpu[2]: ring alloc of 16 dwords exceeds max_dw 12

   694      6.931 gfx: paging submit, 1006 dwords from private buffer at 0x0, seq 228
   695      6.931 amdgpu[2]: ring alloc of 16 dwords exceeds max_dw 13

   696      6.931 gfx: paging submit, 1005 dwords from private buffer at 0x0, seq 229
   697      6.931 amdgpu[2]: ring alloc of 16 dwords exceeds max_dw 13

   698      6.931 gfx: paging submit, 1005 dwords from private buffer at 0x0, seq 230
   699      6.931 amdgpu[2]: ring alloc of 16 dwords exceeds max_dw 13

   700      6.931 gfx: paging submit, 1005 dwords from private buffer at 0x0, seq 231
   701      6.931 amdgpu[2]: ring alloc of 16 dwords exceeds max_dw 13

   702      6.931 gfx: paging submit, 1005 dwords from private buffer at 0x0, seq 232
   703      6.931 amdgpu[2]: ring alloc of 16 dwords exceeds max_dw 13

   704      6.931 gfx: paging submit, 1005 dwords from private buffer at 0x0, seq 233
   705      6.931 amdgpu[2]: ring alloc of 16 dwords exceeds max_dw 13

   706      6.933 gfx: paging submit, 1005 dwords from private buffer at 0x0, seq 234
   707      6.933 amdgpu[2]: ring alloc of 16 dwords exceeds max_dw 13

   708      6.933 gfx: paging submit, 1005 dwords from private buffer at 0x0, seq 235
   709      6.933 amdgpu[2]: ring alloc of 16 dwords exceeds max_dw 13

   710      6.933 gfx: paging submit, 1005 dwords from private buffer at 0x0, seq 236
   711      6.933 amdgpu[2]: ring alloc of 16 dwords exceeds max_dw 13

   712      6.933 gfx: paging submit, 1005 dwords from private buffer at 0x0, seq 237
   713      6.933 amdgpu[2]: ring alloc of 16 dwords exceeds max_dw 13

   714      6.933 gfx: paging submit, 1005 dwords from private buffer at 0x0, seq 238
   715      6.933 gfx: paging submit, 465 dwords from private buffer at 0x0, seq 239
   716      6.933 gfx: paging submit, 542 dwords from private buffer at 0x744, seq 240
   717      6.933 gfx: paging submit, 1004 dwords from private buffer at 0x0, seq 241
   718      6.933 gfx: paging submit, 1004 dwords from private buffer at 0x0, seq 242
   719      6.935 gfx: paging submit, 1004 dwords from private buffer at 0x0, seq 243
   720      6.935 gfx: paging submit, 1004 dwords from private buffer at 0x0, seq 244
   721      6.935 gfx: paging submit, 287 dwords from private buffer at 0x0, seq 245
   722      6.935 gfx: paging submit, 720 dwords from private buffer at 0x47C, seq 246
   723      6.935 gfx: paging submit, 332 dwords from private buffer at 0x0, seq 247
   724      6.935 gfx: paging submit, 672 dwords from private buffer at 0x530, seq 248
   725      6.935 gfx: paging submit, 380 dwords from private buffer at 0x0, seq 249
   726      6.935 gfx: paging submit, 624 dwords from private buffer at 0x5F0, seq 250
   727      6.935 gfx: paging submit, 428 dwords from private buffer at 0x0, seq 251
   728      6.935 gfx: paging submit, 576 dwords from private buffer at 0x6B0, seq 252
   729      6.935 gfx: paging submit, 476 dwords from private buffer at 0x0, seq 253
   730      6.935 gfx: paging submit, 528 dwords from private buffer at 0x770, seq 254
   731      6.935 gfx: paging submit, 577 dwords from private buffer at 0x0, seq 255
   732      6.935 wddm: CreateAllocation 1 allocations, flags 1 resource yes
   733      6.935 wddm: OpenAllocation [0] handle 0x80000080 private 32 bytes -> FFFFA98D8E7A1670 (GetHandleData said 0000000000000000)
   734      6.935 wddm: OpenAllocation 1 allocations flags 0x00000001
   735      6.935 gfx: paging submit, 432 dwords from private buffer at 0x904, seq 256
   736      6.935 gfx: paging submit, 1004 dwords from private buffer at 0x0, seq 257
   737      6.935 gfx: paging submit, 1004 dwords from private buffer at 0x0, seq 258
   738      6.935 gfx: paging submit, 1004 dwords from private buffer at 0x0, seq 259
   739      6.935 gfx: paging submit, 1004 dwords from private buffer at 0x0, seq 260
   740      6.935 amdgpu[2]: ring alloc of 16 dwords exceeds max_dw 11

   741      6.935 gfx: paging submit, 1007 dwords from private buffer at 0x0, seq 261
   742      6.935 amdgpu[2]: ring alloc of 16 dwords exceeds max_dw 13

   743      6.935 gfx: paging submit, 1005 dwords from private buffer at 0x0, seq 262
   744      6.935 amdgpu[2]: ring alloc of 16 dwords exceeds max_dw 13

   745      6.935 gfx: paging submit, 1005 dwords from private buffer at 0x0, seq 263
   746      6.935 amdgpu[2]: ring alloc of 16 dwords exceeds max_dw 13

   747      6.935 gfx: paging submit, 1005 dwords from private buffer at 0x0, seq 264
   748      6.935 amdgpu[2]: ring alloc of 16 dwords exceeds max_dw 13

   749      6.937 gfx: paging submit, 1005 dwords from private buffer at 0x0, seq 265
   750      6.937 amdgpu[2]: ring alloc of 16 dwords exceeds max_dw 13

   751      6.937 gfx: paging submit, 1005 dwords from private buffer at 0x0, seq 266
   752      6.937 amdgpu[2]: ring alloc of 16 dwords exceeds max_dw 13

   753      6.937 gfx: paging submit, 1005 dwords from private buffer at 0x0, seq 267
   754      6.937 amdgpu[2]: ring alloc of 16 dwords exceeds max_dw 13

   755      6.937 gfx: paging submit, 1005 dwords from private buffer at 0x0, seq 268
   756      6.937 amdgpu[2]: ring alloc of 16 dwords exceeds max_dw 13

   757      6.937 gfx: paging submit, 1005 dwords from private buffer at 0x0, seq 269
   758      6.937 amdgpu[2]: ring alloc of 16 dwords exceeds max_dw 13

   759      6.937 gfx: paging submit, 1005 dwords from private buffer at 0x0, seq 270
   760      6.937 amdgpu[2]: ring alloc of 16 dwords exceeds max_dw 13

   761      6.937 gfx: paging submit, 1005 dwords from private buffer at 0x0, seq 271
   762      6.939 gfx: paging submit, 400 dwords from private buffer at 0x0, seq 272
   763      6.939 gfx: paging submit, 608 dwords from private buffer at 0x640, seq 273
   764      6.939 gfx: paging submit, 974 dwords from private buffer at 0x0, seq 274
   765      6.939 gfx: paging submit, 1006 dwords from private buffer at 0x0, seq 275
   766      6.939 gfx: paging submit, 1004 dwords from private buffer at 0x0, seq 276
   767      6.939 gfx: paging submit, 1004 dwords from private buffer at 0x0, seq 277
   768      6.939 gfx: paging submit, 653 dwords from private buffer at 0x0, seq 278
   769      6.939 gfx: paging submit, 216 dwords from private buffer at 0x0, seq 279
   770      6.939 gfx: paging submit, 800 dwords from private buffer at 0x360, seq 280
   771      6.939 gfx: paging submit, 252 dwords from private buffer at 0x0, seq 281
   772      6.939 gfx: paging submit, 752 dwords from private buffer at 0x3F0, seq 282
   773      6.939 gfx: paging submit, 300 dwords from private buffer at 0x0, seq 283
   774      6.939 gfx: paging submit, 704 dwords from private buffer at 0x4B0, seq 284
   775      6.939 gfx: paging submit, 348 dwords from private buffer at 0x0, seq 285
   776      6.939 gfx: paging submit, 662 dwords from private buffer at 0x570, seq 286
   777      6.939 gfx: paging submit, 441 dwords from private buffer at 0x0, seq 287
   778      6.939 wddm: display CommitVidPn call 4 detail 0x0 -> 0x00000000
   779      6.939 wddm: SetVidPnSourceAddress segment 1 address 0xF401A64000 flags 0x00000001 (firmware framebuffer 0xC0000000)
   780      6.939 wddm: software vsync on, 16 ms period, target 2424833
   781      6.939 gfx: paging submit, 31 dwords from private buffer at 0x6E4, seq 288
   782      6.939 gfx: paging submit, 31 dwords from private buffer at 0x760, seq 289
   783      6.939 wddm: DestroyContext
   784      6.939 gfx: paging submit, 512 dwords from private buffer at 0x7DC, seq 290
   785      6.941 gfx: paging submit, 993 dwords from private buffer at 0x0, seq 291
   786      6.941 gfx: paging submit, 15 dwords from private buffer at 0xF84, seq 292
   787      6.941 wddm: CloseAllocation 1 allocations
   788      6.941 wddm: DestroyAllocation 1 allocations
   789      6.941 wddm: BuildPagingBuffer operation 2 segment 0, 61504 bytes free, pass offset 0
   790      6.941 gfx: paging submit, 39 dwords from private buffer at 0x0, seq 293
   791      6.941 gfx: paging submit, 15 dwords from private buffer at 0x9C, seq 294
   792      6.941 wddm: CloseAllocation 1 allocations
   793      6.941 wddm: DestroyAllocation 1 allocations
   794      6.941 wddm: DestroyDevice
   795      6.959 wddm: SetRootPageTable segment 3 offset 0xFEAF000, 512 entries
   796      6.959 wddm: SubmitCommandVirtual fence 4 node 0 flags 0x00000002 va 0x11A7000 size 0
   797      6.959 wddm: malformed virtual present rejected
   798      6.975 wddm: CreateDevice flags 0x00000002 pasid 0
   799      6.975 wddm: CreateContext node 0 engine 0x1 flags 0x00000006 private 0
   800      6.975 wddm: CreateContext answered dma 4096 bytes segment set 0x2, lists 256/0, caps 0x00000001
   801      6.975 gfx: paging submit, 31 dwords from private buffer at 0xD8, seq 295
   802      6.977 gfx: paging submit, 926 dwords from private buffer at 0x154, seq 296
   803      6.977 gfx: paging submit, 185 dwords from private buffer at 0x0, seq 297
   804      6.977 wddm: software vsync off after 413 ticks
   805      6.979 gfx: paging submit, 832 dwords from private buffer at 0x2E4, seq 298
   806      6.979 gfx: paging submit, 1004 dwords from private buffer at 0x0, seq 299
   807      6.979 gfx: paging submit, 1004 dwords from private buffer at 0x0, seq 300
   808      6.979 gfx: paging submit, 1004 dwords from private buffer at 0x0, seq 301
   809      6.979 amdgpu[2]: ring alloc of 16 dwords exceeds max_dw 11

   810      6.979 gfx: paging submit, 1007 dwords from private buffer at 0x0, seq 302
   811      6.979 amdgpu[2]: ring alloc of 16 dwords exceeds max_dw 13

   812      6.979 gfx: paging submit, 1005 dwords from private buffer at 0x0, seq 303
   813      6.979 amdgpu[2]: ring alloc of 16 dwords exceeds max_dw 13

   814      6.979 gfx: paging submit, 1005 dwords from private buffer at 0x0, seq 304
   815      6.979 amdgpu[2]: ring alloc of 16 dwords exceeds max_dw 13

   816      6.979 gfx: paging submit, 1005 dwords from private buffer at 0x0, seq 305
   817      6.979 amdgpu[2]: ring alloc of 16 dwords exceeds max_dw 13

   818      6.979 gfx: paging submit, 1005 dwords from private buffer at 0x0, seq 306
   819      6.979 amdgpu[2]: ring alloc of 16 dwords exceeds max_dw 13

   820      6.979 gfx: paging submit, 1005 dwords from private buffer at 0x0, seq 307
   821      6.979 amdgpu[2]: ring alloc of 16 dwords exceeds max_dw 13

   822      6.981 gfx: paging submit, 1005 dwords from private buffer at 0x0, seq 308
   823      6.981 amdgpu[2]: ring alloc of 16 dwords exceeds max_dw 13

   824      6.981 gfx: paging submit, 1005 dwords from private buffer at 0x0, seq 309
   825      6.981 amdgpu[2]: ring alloc of 16 dwords exceeds max_dw 13

   826      6.981 gfx: paging submit, 1005 dwords from private buffer at 0x0, seq 310
   827      6.981 amdgpu[2]: ring alloc of 16 dwords exceeds max_dw 13

   828      6.981 gfx: paging submit, 1005 dwords from private buffer at 0x0, seq 311
   829      6.981 amdgpu[2]: ring alloc of 16 dwords exceeds max_dw 13

   830      6.981 gfx: paging submit, 1005 dwords from private buffer at 0x0, seq 312
   831      6.981 gfx: paging submit, 990 dwords from private buffer at 0x0, seq 313
   832      6.983 gfx: paging submit, 16 dwords from private buffer at 0xF78, seq 314
   833      6.983 gfx: paging submit, 974 dwords from private buffer at 0x0, seq 315
   834      6.983 gfx: paging submit, 1006 dwords from private buffer at 0x0, seq 316
   835      6.983 gfx: paging submit, 1004 dwords from private buffer at 0x0, seq 317
   836      6.983 gfx: paging submit, 1004 dwords from private buffer at 0x0, seq 318
   837      6.983 gfx: paging submit, 653 dwords from private buffer at 0x0, seq 319
   838      6.983 gfx: paging submit, 402 dwords from private buffer at 0x0, seq 320
   839      6.983 gfx: paging submit, 608 dwords from private buffer at 0x648, seq 321
   840      6.983 gfx: paging submit, 444 dwords from private buffer at 0x0, seq 322
   841      6.983 gfx: paging submit, 560 dwords from private buffer at 0x6F0, seq 323
   842      6.983 gfx: paging submit, 492 dwords from private buffer at 0x0, seq 324
   843      6.983 gfx: paging submit, 512 dwords from private buffer at 0x7B0, seq 325
   844      6.983 gfx: paging submit, 540 dwords from private buffer at 0x0, seq 326
   845      6.983 gfx: paging submit, 464 dwords from private buffer at 0x870, seq 327
   846      6.983 gfx: paging submit, 588 dwords from private buffer at 0x0, seq 328
   847      6.983 gfx: paging submit, 416 dwords from private buffer at 0x930, seq 329
   848      6.983 gfx: paging submit, 689 dwords from private buffer at 0x0, seq 330
   849      6.983 gfx: paging submit, 320 dwords from private buffer at 0xAC4, seq 331
   850      6.983 gfx: paging submit, 1004 dwords from private buffer at 0x0, seq 332
   851      6.983 gfx: paging submit, 1004 dwords from private buffer at 0x0, seq 333
   852      6.983 gfx: paging submit, 1004 dwords from private buffer at 0x0, seq 334
   853      6.983 gfx: paging submit, 1004 dwords from private buffer at 0x0, seq 335
   854      6.983 amdgpu[2]: ring alloc of 16 dwords exceeds max_dw 14

   855      6.983 gfx: paging submit, 1004 dwords from private buffer at 0x0, seq 336
   856      6.983 amdgpu[2]: ring alloc of 16 dwords exceeds max_dw 13

   857      6.983 gfx: paging submit, 1005 dwords from private buffer at 0x0, seq 337
   858      6.983 amdgpu[2]: ring alloc of 16 dwords exceeds max_dw 13

   859      6.985 gfx: paging submit, 1005 dwords from private buffer at 0x0, seq 338
   860      6.985 amdgpu[2]: ring alloc of 16 dwords exceeds max_dw 13

   861      6.985 gfx: paging submit, 1005 dwords from private buffer at 0x0, seq 339
   862      6.985 amdgpu[2]: ring alloc of 16 dwords exceeds max_dw 13

   863      6.985 gfx: paging submit, 1005 dwords from private buffer at 0x0, seq 340
   864      6.985 amdgpu[2]: ring alloc of 16 dwords exceeds max_dw 13

   865      6.985 gfx: paging submit, 1005 dwords from private buffer at 0x0, seq 341
   866      6.985 amdgpu[2]: ring alloc of 16 dwords exceeds max_dw 13

   867      6.985 gfx: paging submit, 1005 dwords from private buffer at 0x0, seq 342
   868      6.985 amdgpu[2]: ring alloc of 16 dwords exceeds max_dw 13

   869      6.985 gfx: paging submit, 1005 dwords from private buffer at 0x0, seq 343
   870      6.985 amdgpu[2]: ring alloc of 16 dwords exceeds max_dw 13

   871      6.985 gfx: paging submit, 1005 dwords from private buffer at 0x0, seq 344
   872      6.985 amdgpu[2]: ring alloc of 16 dwords exceeds max_dw 13

   873      6.987 gfx: paging submit, 1005 dwords from private buffer at 0x0, seq 345
   874      6.987 amdgpu[2]: ring alloc of 16 dwords exceeds max_dw 13

   875      6.987 gfx: paging submit, 1005 dwords from private buffer at 0x0, seq 346
   876      6.987 gfx: paging submit, 515 dwords from private buffer at 0x0, seq 347
   877      6.987 gfx: paging submit, 496 dwords from private buffer at 0x80C, seq 348
   878      6.987 gfx: paging submit, 974 dwords from private buffer at 0x0, seq 349
   879      6.987 gfx: paging submit, 1006 dwords from private buffer at 0x0, seq 350
   880      6.987 gfx: paging submit, 1004 dwords from private buffer at 0x0, seq 351
   881      6.987 gfx: paging submit, 1004 dwords from private buffer at 0x0, seq 352
   882      6.987 gfx: paging submit, 653 dwords from private buffer at 0x0, seq 353
   883      6.987 gfx: paging submit, 522 dwords from private buffer at 0x0, seq 354
   884      6.987 gfx: paging submit, 496 dwords from private buffer at 0x828, seq 355
   885      6.987 gfx: paging submit, 556 dwords from private buffer at 0x0, seq 356
   886      6.987 gfx: paging submit, 448 dwords from private buffer at 0x8B0, seq 357
   887      6.987 gfx: paging submit, 604 dwords from private buffer at 0x0, seq 358
   888      6.987 gfx: paging submit, 400 dwords from private buffer at 0x970, seq 359
   889      6.987 gfx: paging submit, 652 dwords from private buffer at 0x0, seq 360
   890      6.987 gfx: paging submit, 352 dwords from private buffer at 0xA30, seq 361
   891      6.987 gfx: paging submit, 751 dwords from private buffer at 0x0, seq 362
   892      6.987 wddm: display CommitVidPn call 5 detail 0x0 -> 0x00000000
   893      6.987 wddm: SetVidPnSourceAddress segment 1 address 0xF4008D0000 flags 0x00000001 (firmware framebuffer 0xC0000000)
   894      6.987 wddm: software vsync on, 16 ms period, target 2424833
   895      6.989 gfx: paging submit, 31 dwords from private buffer at 0xBBC, seq 363
   896      6.989 gfx: paging submit, 31 dwords from private buffer at 0xC38, seq 364
   897      6.989 wddm: DestroyContext
   898      6.989 gfx: paging submit, 192 dwords from private buffer at 0xCB4, seq 365
   899      6.989 gfx: paging submit, 1016 dwords from private buffer at 0x0, seq 366
   900      6.989 gfx: paging submit, 311 dwords from private buffer at 0x0, seq 367
   901      6.989 gfx: paging submit, 15 dwords from private buffer at 0x4DC, seq 368
   902      6.989 wddm: CloseAllocation 1 allocations
   903      6.989 wddm: DestroyAllocation 1 allocations
   904      6.989 wddm: BuildPagingBuffer operation 2 segment 0, 64232 bytes free, pass offset 0
   905      6.989 gfx: paging submit, 41 dwords from private buffer at 0x518, seq 369
   906      6.989 gfx: paging submit, 15 dwords from private buffer at 0x5BC, seq 370
   907      6.989 wddm: CloseAllocation 1 allocations
   908      6.989 wddm: DestroyAllocation 1 allocations
   909      6.989 wddm: DestroyDevice
   910      7.010 wddm: SetRootPageTable segment 3 offset 0xFEAF000, 512 entries
   911      7.010 wddm: SubmitCommandVirtual fence 5 node 0 flags 0x00000002 va 0x10000 size 0
   912      7.010 wddm: malformed virtual present rejected
   913      8.140 wddm summary: ---- DDI calls: name, count, first log line ----
   914      8.140 wddm summary: QueryAdapterInfo                   12  first at 170
   915      8.140 wddm summary: GetNodeMetadata                     2  first at 178
   916      8.140 wddm summary: CreateDevice                        7  first at 185
   917      8.140 wddm summary: DestroyDevice                       4  first at 507
   918      8.140 wddm summary: CreateContext                       6  first at 188
   919      8.140 wddm summary: DestroyContext                      4  first at 495
   920      8.140 wddm summary: CreateProcess                       3  first at 184
   921      8.140 wddm summary: DestroyProcess                      1  first at 544
   922      8.140 wddm summary: SetRootPageTable                    6  first at 210
   923      8.140 wddm summary: CreateAllocation                   10  first at 247
   924      8.140 wddm summary: DestroyAllocation                   8  first at 500
   925      8.140 wddm summary: DescribeAllocation                 15  first at 302
   926      8.140 wddm summary: GetStandardAllocationDriverData     20  first at 245
   927      8.140 wddm summary: OpenAllocation                     10  first at 249
   928      8.140 wddm summary: CloseAllocation                     8  first at 499
   929      8.140 wddm summary: BuildPagingBuffer                1600  first at 190
   930      8.140 wddm summary: SubmitCommandVirtual              375  first at 230
   931      8.140 wddm summary: Present                            11  first at 366
   932      8.140 wddm summary: SetVidPnSourceAddress               5  first at 354
   933      8.140 wddm summary: ControlInterrupt                  156  first at 358
   934      8.140 wddm summary: ---- QueryAdapterInfo types: type, count, first log line ----
   935      8.140 wddm summary: adapter info type   1       1  first at 170
   936      8.140 wddm summary: adapter info type  15       1  first at 171
   937      8.140 wddm summary: adapter info type  47       1  first at 172
   938      8.140 wddm summary: adapter info type  13       1  first at 173
   939      8.140 wddm summary: adapter info type  14       4  first at 174
   940      8.140 wddm summary: adapter info type  11       2  first at 181
   941      8.140 wddm summary: adapter info type  10       1  first at 183
   942      8.140 wddm summary: adapter info type  16       1  first at 183
   943      8.140 wddm summary: capture plans reserved 0 heap 0
   944      8.140 wddm summary: ---- BuildPagingBuffer operations: operation, count, first log line ----
   945      8.140 wddm summary: paging operation  11    1409  first at 190
   946      8.140 wddm summary: paging operation  12      63  first at 238
   947      8.140 wddm summary: paging operation   9     124  first at 257
   948      8.140 wddm summary: paging operation   2       4  first at 501
   949      8.140 wddm summary: objects created/destroyed: dev 7/4 ctx 6/4 proc 3/1 alloc 10/8, 13 alive
   950      8.140 wddm summary: allocations opened/closed: 10/8 calls
   951      8.140 wddm summary: submissions 0 physical + 375 virtual, 0 preemptions, last completed fence 5
   952      8.140 wddm summary: node 0 hardware: 0 submitted, 0 completed, 0 timeouts, 0 refused
   953      8.140 wddm summary: umd: 0 allocs (0 refused), 0 contexts, 0 submits on the ring, 0 not run
   954      8.140 wddm profile: umd calls 0, elapsed ticks 0, QPC frequency 10000000
   955      8.140 wddm profile: probe enabled 0, calls 0, elapsed ticks 0 (included in umd)
   956      8.140 wddm summary: node 1 (paging, open): 370 hardware submitted, 370 completed, 0 timeouts, 0 refused
   957      8.140 wddm summary: SubmitCommandVirtual by node: 0: 5, 1: 370, 0 private-buffer refusals
   958      8.140 wddm summary: BuildPagingBuffer: 0 transfers, 124 fills, 92160000 bytes, 274 insufficient-buffer
   959      8.140 wddm summary: aperture map batches 0, unmap batches 0
   960      8.140 wddm summary: paging TLB invalidations 63, PTE update batches 373
   961      8.140 wddm summary: paging unsupported (not ready/no root/no translation/system memory/not contiguous) 0/0/0/0/0
   962      8.140 wddm summary: presents 11, flips 5 of 5 address calls (0 arrived above DISPATCH_LEVEL)
   963      8.140 wddm summary: blit gate closed, 0 blits, 0 skips, 0 sources translated contiguous
   964      8.140 wddm summary: blit destination: 0 to the flipped surface, 0 to the POST framebuffer (0 a failed-mapping fallback), 0 scanout remaps (0 failed), last blit 0 row
   965      8.140 wddm summary: widest blit 0 rows
   966      8.140 wddm summary: last blit reading 0, 0x0 pitch 0, 0 rectangles, source physical 0x0
   967      8.140 wddm summary: vsync not enabled by ControlInterrupt, 485 ticks, 78 reported to dxgkrnl
   968      8.140 wddm summary: vidpn flip closed: 0 hardware flips, 0 refused, 0 hardware vsyncs armed 0 acked 0 refused 0 deferred (flip still pending)
   969      8.140 wddm summary: no TDR (ResetEngine, ResetFromTimeout and RestartFromTimeout were never called)
   970      8.140 wddm summary: CollectDbgInfo called 0 time(s) since the driver was loaded
   971      8.140 vidmm summary: level 0: 1024 calls, 262656 entries, 512 valid
   972      8.140 vidmm summary: level 1: 2 calls, 1024 entries, 512 valid
   973      8.140 vidmm summary: level 2: 1 calls, 512 entries, 2 valid
   974      8.140 vidmm summary: level 3: 1 calls, 512 entries, 1 valid
   975      8.140 vidmm summary: system leaf encoding coherent 0 noncoherent 20 snoop mismatches 0
   976      8.140 vidmm summary: 1028 cpu-virtual calls, 0 gpu-physical calls
   977      8.140 vidmm summary: 264704 entries written (EnableGpuVa open), 0 refused, 0 bad calls, 6 roots
             978 lines printed
log          978 lines since this driver load, 0 lost to the wrap, 0 dropped above DISPATCH_LEVEL; ring 1024 lines of which the first 256 are kept; table FULL WDDM (the gate was open at DriverEntry)
     0      0.001 stage 10
     1      0.003 gate: EnableFullWddm 1 (one shot: closed again on disk)
     2      0.003 stage 20
     3      0.072 stage 30
     4      0.072 stage 31
     5      0.072 stage 32
     6      0.072 post display 1920x1200 pitch 7680 format 22 target 2424833
     7      0.074 stage 33
     8      0.074 stage 34
     9      0.074 interrupt resource 1: message, vector 0x70, flags 0x3
    10      0.074 mmio: BAR5 at 0xFE800000 mapped, writes off, dcn writes off, vidpn flip off
    11      0.074 vram: 0x270000000 + 0x200000000, MC 0xF400000000, BAR0 0xC0000000 + 0x10000000, writes allowed
    12      0.074 fb sample mapped: phys 0xC0000000 first 0x00000000 mid 0x00000000
    13      0.074 fb sample physical: 0x270000000 first 0x00000000 mid 0x00000000
    14      0.074 gart: ready, dummy page at 0x26FFFA000
    15      0.074 psp: ready
    16      0.074 gpumem: ready, doorbells at 0xD0000000
    17      0.074 gfx: ready, GPU submission allowed, paging node allowed
    18      0.074 ih: ready
    19      0.076 vidmm: logical paging state 515 tables, 1031 slots, 4767344 bytes reserved
    20      0.076 vidmm: table segment 3 at physical 0x45E150000 + 0xFEB0000, host memory below 0x270000000, updates are WRITTEN
    21      0.076 startup: entering interrupt connection
    22      0.078 startup: entering firmware preparation
    23      0.082 startup: entering GART initialization
    24      0.094 gart: op 1 -> 0x00000000 (-), result 0, 285 writes, fault offset 0x00000
    25      0.094 gfx: RLC before-psp CNTL 0x00000000 read 0x00000000 STATUS2 0x00000008 read 0x00000000
    26      0.094 startup: entering PSP initialization
    27      0.166 amdgpu[0]: reserve 0x400000 from 0xf5ff800000 for PSP TMR

    28      0.166 psp: command 1 (id 5, type 0, 4194304 bytes): rc 0, status 0x0, 263 us, in TMR at 0x0
    29      0.168 psp: command 2 (id 6, type 9, 33536 bytes): rc 0, status 0x0, 1905 us, in TMR at 0x0
    30      0.170 psp: command 3 (id 6, type 10, 33536 bytes): rc 0, status 0x0, 1902 us, in TMR at 0x0
    31      0.176 psp: command 4 (id 6, type 3, 263040 bytes): rc 0, status 0x0, 5924 us, in TMR at 0xF5FF842000
    32      0.180 psp: command 5 (id 6, type 2, 263168 bytes): rc 0, status 0x0, 5913 us, in TMR at 0xF5FF883000
    33      0.186 psp: command 6 (id 6, type 1, 263168 bytes): rc 0, status 0x0, 5903 us, in TMR at 0xF5FF8C4000
    34      0.192 psp: command 7 (id 6, type 4, 267440 bytes): rc 0, status 0x0, 5954 us, in TMR at 0xF5FF800000
    35      0.192 psp: command 8 (id 6, type 5, 896 bytes): rc 0, status 0x0, 130 us, in TMR at 0x0
    36      0.198 psp: command 9 (id 6, type 4, 267440 bytes): rc 0, status 0x0, 5954 us, in TMR at 0xF5FF800000
    37      0.200 psp: command 10 (id 6, type 6, 896 bytes): rc 0, status 0x0, 130 us, in TMR at 0x0
    38      0.200 psp: command 11 (id 6, type 8, 25088 bytes): rc 0, status 0x0, 1740 us, in TMR at 0x0
    39      0.200 psp: op 1 -> 0x00000000, result 0, 15 writes, 11 of 11 commands
    40      0.200 gfx: RLC after-psp CNTL 0x00000001 read 0x00000000 STATUS2 0x00000008 read 0x00000000
    41      0.200 startup: entering IH initialization
    42      0.202 ih: init: rc 0, 20 writes
    43      0.202 ih: op 1 -> 0x00000000, result 0, 21 writes; 0 interrupt routine calls, 0 ours, 0 DPCs, 0 vectors; status idle 1 input_idle 1 bif_interrupt_line 0
    44      0.202 startup: entering GFX initialization
    45      0.204 startup: entering GFX stage 1
    46      0.206 gfx: stage 1 (doorbell aperture): rc 0, 73 writes so far, 1 us
    47      0.206 gfx: op 1 to stage 1 -> 0x00000000, result 0, 73 writes, 0 doorbells
    48      0.208 startup: entering GFX stage 2
    49      0.210 gfx: stage 2 (golden registers): rc 0, 34 writes so far, 25 us
    50      0.210 gfx: op 1 to stage 2 -> 0x00000000, result 0, 34 writes, 0 doorbells
    51      0.210 startup: entering GFX stage 3
    52      0.210 gfx: stage 3 (GRBM CAM probe): rc 0, 3 writes so far, 2 us
    53      0.210 gfx: op 1 to stage 3 -> 0x00000000, result 0, 3 writes, 0 doorbells
    54      0.212 startup: entering GFX stage 4
    55      0.212 gfx: stage 4 (constants): rc 0, 157 writes so far, 59 us
    56      0.212 gfx: op 1 to stage 4 -> 0x00000000, result 0, 157 writes, 0 doorbells
    57      0.214 startup: entering GFX stage 5
    58      0.214 gfx: stage 5 (RLC): rc 0, 8 writes so far, 132 us
    59      0.214 gfx: op 1 to stage 5 -> 0x00000000, result 0, 8 writes, 0 doorbells
    60      0.216 startup: entering GFX stage 6
    61      0.216 startup: entering CP step 1
    62      0.218 startup: CP1 checkpoint acquire-paging-lock
    63      0.218 startup: CP1 checkpoint acquire-gart-lock
    64      0.220 startup: CP1 checkpoint locks-acquired
    65      0.220 amdgpu[0]: CP resume kiq-init begin

    66      0.220 startup: CP1 checkpoint scheduler
    67      0.220 startup: CP1 checkpoint scheduler-read
    68      0.222 startup: CP1 checkpoint scheduler-write
    69      0.222 startup: CP1 checkpoint scheduler-done
    70      0.224 startup: CP1 checkpoint clear-mqd
    71      0.224 startup: CP1 checkpoint select-queue
    72      0.226 startup: CP1 checkpoint build-mqd
    73      0.226 startup: CP1 checkpoint disable-wptr-poll
    74      0.228 startup: CP1 checkpoint read-active
    75      0.228 startup: CP1 checkpoint program-hqd
    76      0.230 startup: CP1 checkpoint activate-hqd
    77      0.230 startup: CP1 checkpoint restore-selection
    78      0.232 startup: CP1 checkpoint complete
    79      0.232 amdgpu[0]: CP resume kiq-init end result=0

    80      0.232 gfx: CP step 1: rc 0, 27 writes, 11843 us
    81      0.232 gfx: op 1 to stage 6 -> 0x00000000, result 0, 27 writes, 0 doorbells
    82      0.232 startup: CP step 1 returned 0x00000000 result 0
    83      0.232 startup: entering CP step 2
    84      0.234 amdgpu[0]: CP resume compute-unhalt begin

    85      0.234 amdgpu[0]: CP resume compute-unhalt end

    86      0.234 amdgpu[0]: CP resume kcq-init ring=0 begin

    87      0.234 amdgpu[0]: CP resume kcq-init ring=0 end result=0

    88      0.234 amdgpu[0]: CP resume kcq-init ring=1 begin

    89      0.234 amdgpu[0]: CP resume kcq-init ring=1 end result=0

    90      0.234 amdgpu[0]: CP resume kcq-init ring=2 begin

    91      0.234 amdgpu[0]: CP resume kcq-init ring=2 end result=0

    92      0.234 amdgpu[0]: CP resume kcq-init ring=3 begin

    93      0.234 amdgpu[0]: CP resume kcq-init ring=3 end result=0

    94      0.234 amdgpu[0]: CP resume kcq-init ring=4 begin

    95      0.234 amdgpu[0]: CP resume kcq-init ring=4 end result=0

    96      0.234 amdgpu[0]: CP resume kcq-init ring=5 begin

    97      0.234 amdgpu[0]: CP resume kcq-init ring=5 end result=0

    98      0.234 amdgpu[0]: CP resume kcq-init ring=6 begin

    99      0.234 amdgpu[0]: CP resume kcq-init ring=6 end result=0

   100      0.234 amdgpu[0]: CP resume kcq-init ring=7 begin

   101      0.234 amdgpu[0]: CP resume kcq-init ring=7 end result=0

   102      0.234 gfx: CP step 2: rc 0, 17 writes, 231 us
   103      0.234 gfx: op 1 to stage 6 -> 0x00000000, result 0, 17 writes, 0 doorbells
   104      0.234 startup: CP step 2 returned 0x00000000 result 0
   105      0.234 startup: entering CP step 3
   106      0.236 amdgpu[0]: CP resume kcq-enable begin

   107      0.236 amdgpu[0]: CP resume kcq-enable end result=0

   108      0.236 gfx: CP step 3: rc 0, 1 writes, 46 us
   109      0.236 gfx: op 1 to stage 6 -> 0x00000000, result 0, 1 writes, 2 doorbells
   110      0.236 startup: CP step 3 returned 0x00000000 result 0
   111      0.236 startup: entering CP step 4
   112      0.238 amdgpu[0]: CP resume kgq-init ring=0 begin

   113      0.238 amdgpu[0]: CP resume kgq-init ring=0 end result=0

   114      0.238 gfx: CP step 4: rc 0, 4 writes, 23 us
   115      0.238 gfx: op 1 to stage 6 -> 0x00000000, result 0, 4 writes, 0 doorbells
   116      0.238 startup: CP step 4 returned 0x00000000 result 0
   117      0.238 startup: entering CP step 5
   118      0.240 amdgpu[0]: CP resume kgq-enable begin

   119      0.240 amdgpu[0]: CP resume kgq-enable end result=0

   120      0.240 gfx: CP step 5: rc 0, 1 writes, 18 us
   121      0.240 gfx: op 1 to stage 6 -> 0x00000000, result 0, 1 writes, 2 doorbells
   122      0.240 startup: CP step 5 returned 0x00000000 result 0
   123      0.240 startup: entering CP step 6
   124      0.242 amdgpu[0]: CP resume gfx-start begin

   125      0.242 amdgpu[0]: CP resume gfx-start end result=0

   126      0.242 gfx: CP step 6: rc 0, 3 writes, 19 us
   127      0.242 gfx: op 1 to stage 6 -> 0x00000000, result 0, 3 writes, 1 doorbells
   128      0.242 startup: CP step 6 returned 0x00000000 result 0
   129      0.242 startup: entering CP step 7
   130      0.244 amdgpu[0]: CP resume gfx-test ring=0 begin

   131      0.244 amdgpu[0]: CP resume gfx-test ring=0 end result=0

   132      0.244 gfx: CP step 7: rc 0, 1 writes, 9 us
   133      0.244 gfx: op 1 to stage 6 -> 0x00000000, result 0, 1 writes, 1 doorbells
   134      0.244 startup: CP step 7 returned 0x00000000 result 0
   135      0.244 startup: entering CP step 8
   136      0.246 amdgpu[0]: CP resume compute-test ring=0 begin

   137      0.246 amdgpu[0]: CP resume compute-test ring=0 end result=0

   138      0.246 amdgpu[0]: CP resume compute-test ring=1 begin

   139      0.246 amdgpu[0]: CP resume compute-test ring=1 end result=0

   140      0.246 amdgpu[0]: CP resume compute-test ring=2 begin

   141      0.246 amdgpu[0]: CP resume compute-test ring=2 end result=0

   142      0.246 amdgpu[0]: CP resume compute-test ring=3 begin

   143      0.246 amdgpu[0]: CP resume compute-test ring=3 end result=0

   144      0.246 amdgpu[0]: CP resume compute-test ring=4 begin

   145      0.246 amdgpu[0]: CP resume compute-test ring=4 end result=0

   146      0.246 amdgpu[0]: CP resume compute-test ring=5 begin

   147      0.246 amdgpu[0]: CP resume compute-test ring=5 end result=0

   148      0.246 amdgpu[0]: CP resume compute-test ring=6 begin

   149      0.246 amdgpu[0]: CP resume compute-test ring=6 end result=0

   150      0.246 amdgpu[0]: CP resume compute-test ring=7 begin

   151      0.246 amdgpu[0]: CP resume compute-test ring=7 end result=0

   152      0.246 gfx: CP step 8: rc 0, 8 writes, 63 us
   153      0.246 gfx: op 1 to stage 6 -> 0x00000000, result 0, 8 writes, 8 doorbells
   154      0.246 startup: CP step 8 returned 0x00000000 result 0
   155      0.248 startup: entering GFX stage 7
   156      0.248 gfx: stage 7 (SDMA): rc 0, 93 writes so far, 92 us
   157      0.248 gfx: op 1 to stage 7 -> 0x00000000, result 0, 93 writes, 2 doorbells
   158      0.250 startup: entering GFX stage 8
   159      0.250 gfx: stage 8 (interrupt sources): rc 0, 35 writes so far, 23 us
   160      0.250 gfx: paging node ready, SDMA0 doorbell 0x200, per-buffer private commands
   161      0.250 gfx: op 1 to stage 8 -> 0x00000000, result 0, 35 writes, 0 doorbells
   162      0.252 startup: both engines ready
   163      0.252 startup: attempted 0xF completed 0xF status 0x00000000 ready 1 unwind 0 quarantine 0
   164      0.252 wddm: GPU initialized before adapter admission
   165      0.252 wddm: callbacks sync 1 notify 1 queuedpc 1 notifydpc 1, interface 312 of 312 bytes
   166      0.254 stage 35
   167      0.254 stage 39
   168      0.254 wddm: display QueryChildRelations call 1 detail 0x38 -> 0x00000000
   169      0.254 wddm: DRIVERCAPS into 576 bytes: wddm 8192 sched 0x45 mm 0x60 flip 0x12 slots 0 tdr 1 dflip 1 rot 1
   170      0.254 wddm: QueryAdapterInfo type 1 in 0 out 576 -> 0x00000000
   171      0.254 wddm: QueryAdapterInfo type 15 in 4 out 20 -> 0xC00000BB
   172      0.254 wddm: QueryAdapterInfo type 47 in 0 out 4 -> 0xC00000BB
   173      0.254 wddm: QueryAdapterInfo type 13 in 4 out 24 -> 0x00000000
   174      0.254 wddm: QueryAdapterInfo type 14 in 4 out 20 -> 0x00000000
   175      0.254 wddm: QueryAdapterInfo type 14 in 4 out 20 -> 0x00000000
   176      0.254 wddm: QueryAdapterInfo type 14 in 4 out 20 -> 0x00000000
   177      0.254 wddm: QueryAdapterInfo type 14 in 4 out 20 -> 0x00000000
   178      0.254 wddm: GetNodeMetadata node 0 adapter 0
   179      0.254 wddm: GetNodeMetadata node 1 adapter 0
   180      0.254 wddm: QUERYSEGMENT4 pass 1: 3 segment(s)
   181      0.254 wddm: QUERYSEGMENT4 pass 2: 3 segment(s), stride 104, paging buffer segment 0, 65536 bytes
   182      0.254 wddm: segment 1 flags 0x00080404 gpu 0xF4008D0000 cpu 0x2708D0000 size 0x1ED880000
   183      0.254 wddm: QueryAdapterInfo type 16 in 0 out 4 -> 0xC00000BB
   184      0.256 wddm: CreateProcess flags 0x00000001 pasids 1
   185      0.256 wddm: CreateDevice flags 0x00000001 pasid 0
   186      0.256 wddm: CreateDevice flags 0x00000001 pasid 0
   187      0.256 wddm: capture reservation ready 22020392 bytes
   188      0.256 wddm: CreateContext node 1 engine 0x1 flags 0x00000005 private 0
   189      0.256 wddm: CreateContext answered dma 4096 bytes segment set 0x2, lists 256/0, caps 0x00000001
   190      0.258 wddm: BuildPagingBuffer operation 11 segment 0, 65536 bytes free, pass offset 0
   191      0.258 vidmm: table physical cache query pa 0x45E153000 status 0xC0000141 type 6; retained map requests NC; borrowed VA attributes unproven
   192      0.258 vidmm: CPU update level 0 mode 0 start 0 count 512 status 0x00000000
   193      0.258 wddm: BuildPagingBuffer operation 11 segment 0, 65536 bytes free, pass offset 0
   194      0.258 vidmm: table physical cache query pa 0x45E154000 status 0xC0000141 type 6; retained map requests NC; borrowed VA attributes unproven
   195      0.258 vidmm: CPU update level 0 mode 0 start 0 count 512 status 0x00000000
   196      0.258 wddm: BuildPagingBuffer operation 11 segment 0, 65536 bytes free, pass offset 0
   197      0.258 vidmm: table physical cache query pa 0x45E155000 status 0xC0000141 type 6; retained map requests NC; borrowed VA attributes unproven
   198      0.258 vidmm: CPU update level 0 mode 0 start 0 count 512 status 0x00000000
   199      0.258 wddm: BuildPagingBuffer operation 11 segment 0, 65536 bytes free, pass offset 0
   200      0.258 vidmm: table physical cache query pa 0x45E156000 status 0xC0000141 type 6; retained map requests NC; borrowed VA attributes unproven
   201      0.258 vidmm: CPU update level 0 mode 0 start 0 count 512 status 0x00000000
   202      0.258 vidmm: table physical cache query pa 0x45E157000 status 0xC0000141 type 6; retained map requests NC; borrowed VA attributes unproven
   203      0.258 vidmm: CPU update level 0 mode 0 start 0 count 512 status 0x00000000
   204      0.258 vidmm: table physical cache query pa 0x45E158000 status 0xC0000141 type 6; retained map requests NC; borrowed VA attributes unproven
   205      0.258 vidmm: CPU update level 0 mode 0 start 0 count 512 status 0x00000000
   206      0.258 vidmm: table physical cache query pa 0x45E159000 status 0xC0000141 type 6; retained map requests NC; borrowed VA attributes unproven
   207      0.258 vidmm: CPU update level 0 mode 0 start 0 count 512 status 0x00000000
   208      0.258 vidmm: table physical cache query pa 0x45E15A000 status 0xC0000141 type 6; retained map requests NC; borrowed VA attributes unproven
   209      0.258 vidmm: CPU update level 0 mode 0 start 0 count 512 status 0x00000000
   210      0.288 wddm: SetRootPageTable segment 3 offset 0x0, 512 entries
   211      0.288 vidmm: root page table 3:0x0 = physical 0x45E150000, 512 entries (the VMID is pointed at it by the first packet)
   212      0.290 wddm: display QueryDeviceDescriptor call 1 detail 0x250001 -> 0xC01D0001
   213      0.290 wddm: display QueryDeviceDescriptor call 2 detail 0x250001 -> 0xC01D0001
   214      0.290 wddm: display RecommendMonitorModes call 1 detail 0x0 -> 0x00000000
   215      0.292 wddm: display IsSupportedVidPn call 1 detail 0x0 -> 0x00000000
   216      0.292 wddm: display IsSupportedVidPn call 2 detail 0x0 -> 0x00000000
   217      0.292 wddm: display IsSupportedVidPn call 3 detail 0x0 -> 0x00000000
   218      0.292 wddm: display EnumVidPnCofuncModality call 1 detail 0x0 -> 0x00000000
   219      0.292 wddm: display IsSupportedVidPn call 4 detail 0x0 -> 0x00000000
   220      0.292 wddm: display EnumVidPnCofuncModality call 2 detail 0x0 -> 0x00000000
   221      0.292 wddm: display IsSupportedVidPn call 5 detail 0x0 -> 0x00000000
   222      0.292 wddm: display EnumVidPnCofuncModality call 3 detail 0x0 -> 0x00000000
   223      0.292 wddm: display IsSupportedVidPn call 6 detail 0x0 -> 0x00000000
   224      0.292 wddm: display EnumVidPnCofuncModality call 4 detail 0x0 -> 0x00000000
   225      0.292 wddm: display EnumVidPnCofuncModality call 5 detail 0x0 -> 0x00000000
   226      0.292 wddm: CreateProcess flags 0x00000002 pasids 1
   227      0.292 wddm: CreateDevice flags 0x00000002 pasid 0
   228      0.292 wddm: CreateContext node 0 engine 0x1 flags 0x00000006 private 0
   229      0.292 wddm: CreateContext answered dma 4096 bytes segment set 0x2, lists 256/0, caps 0x00000001
   230      0.294 wddm: SubmitCommandVirtual fence 1 node 1 flags 0x00000001 va 0x0 size 4024
   231      0.294 gfx: paging submit, 1006 dwords from private buffer at 0x0, seq 1
   232      0.294 wddm: SubmitCommandVirtual fence 2 node 1 flags 0x00000001 va 0x0 size 4072
   233      0.294 gfx: paging submit, 1018 dwords from private buffer at 0x0, seq 2
   234      0.294 wddm: SubmitCommandVirtual fence 3 node 1 flags 0x00000001 va 0x0 size 4016
   235      0.294 gfx: paging submit, 1004 dwords from private buffer at 0x0, seq 3
   236      0.294 wddm: SubmitCommandVirtual fence 4 node 1 flags 0x00000001 va 0x0 size 4016
   237      0.294 gfx: paging submit, 1004 dwords from private buffer at 0x0, seq 4
   238      0.294 wddm: BuildPagingBuffer operation 12 segment 0, 64720 bytes free, pass offset 0
   239      0.294 wddm: SubmitCommandVirtual fence 5 node 1 flags 0x00000001 va 0x0 size 876
   240      0.294 gfx: paging submit, 219 dwords from private buffer at 0x0, seq 5
   241      0.294 wddm: BuildPagingBuffer operation 12 segment 0, 64596 bytes free, pass offset 0
   242      0.294 wddm: SubmitCommandVirtual fence 6 node 1 flags 0x00000001 va 0x36C size 124
   243      0.294 gfx: paging submit, 31 dwords from private buffer at 0x36C, seq 6
   244      0.294 wddm: display EnumVidPnCofuncModality call 6 detail 0x0 -> 0x00000000
   245      0.294 wddm: GetStandardAllocationDriverData type 1 1920x1200 format 21 -> 9216000 bytes
   246      0.294 wddm: GetStandardAllocationDriverData type 1 1920x1200 format 21 -> 9216000 bytes
   247      0.294 wddm: CreateAllocation 1 allocations, flags 1 resource yes
   248      0.294 wddm: OpenAllocation [0] handle 0x40001C40 private 32 bytes -> FFFFA98D8E7A1670 (GetHandleData said 0000000000000000)
   249      0.294 wddm: OpenAllocation 1 allocations flags 0x00000001
   250      0.294 wddm: SubmitCommandVirtual fence 7 node 1 flags 0x00000001 va 0x3E8 size 3072
   251      0.294 gfx: paging submit, 768 dwords from private buffer at 0x3E8, seq 7
   252      0.294 wddm: SubmitCommandVirtual fence 8 node 1 flags 0x00000001 va 0x0 size 4016
   253      0.294 gfx: paging submit, 1004 dwords from private buffer at 0x0, seq 8
   254      0.294 gfx: paging submit, 1004 dwords from private buffer at 0x0, seq 9
   255      0.294 gfx: paging submit, 1004 dwords from private buffer at 0x0, seq 10
   256      0.294 wddm: BuildPagingBuffer operation 12 segment 0, 62152 bytes free, pass offset 0
   257      0.294 wddm: BuildPagingBuffer operation 9 segment 0, 62092 bytes free, pass offset 0
   258      0.294 amdgpu[2]: ring alloc of 16 dwords exceeds max_dw 12

   259      0.294 wddm: BuildPagingBuffer operation 9 segment 0, 65536 bytes free, pass offset 29
   260      0.294 gfx: paging submit, 1006 dwords from private buffer at 0x0, seq 11
   261      0.294 amdgpu[2]: ring alloc of 16 dwords exceeds max_dw 13

   262      0.294 wddm: BuildPagingBuffer operation 9 segment 0, 65536 bytes free, pass offset 230
   263      0.294 gfx: paging submit, 1005 dwords from private buffer at 0x0, seq 12
   264      0.294 amdgpu[2]: ring alloc of 16 dwords exceeds max_dw 13

   265      0.294 gfx: paging submit, 1005 dwords from private buffer at 0x0, seq 13
   266      0.294 wddm: BuildPagingBuffer operation 9 segment 0, 65536 bytes free, pass offset 431
   267      0.294 amdgpu[2]: ring alloc of 16 dwords exceeds max_dw 13

   268      0.294 gfx: paging submit, 1005 dwords from private buffer at 0x0, seq 14
   269      0.294 amdgpu[2]: ring alloc of 16 dwords exceeds max_dw 13

   270      0.296 gfx: paging submit, 1005 dwords from private buffer at 0x0, seq 15
   271      0.296 amdgpu[2]: ring alloc of 16 dwords exceeds max_dw 13

   272      0.296 gfx: paging submit, 1005 dwords from private buffer at 0x0, seq 16
   273      0.296 amdgpu[2]: ring alloc of 16 dwords exceeds max_dw 13

   274      0.296 gfx: paging submit, 1005 dwords from private buffer at 0x0, seq 17
   275      0.296 amdgpu[2]: ring alloc of 16 dwords exceeds max_dw 13

   276      0.296 gfx: paging submit, 1005 dwords from private buffer at 0x0, seq 18
   277      0.296 amdgpu[2]: ring alloc of 16 dwords exceeds max_dw 13

   278      0.296 gfx: paging submit, 1005 dwords from private buffer at 0x0, seq 19
   279      0.296 amdgpu[2]: ring alloc of 16 dwords exceeds max_dw 13

   280      0.296 gfx: paging submit, 1005 dwords from private buffer at 0x0, seq 20
   281      0.296 amdgpu[2]: ring alloc of 16 dwords exceeds max_dw 13

   282      0.296 gfx: paging submit, 1005 dwords from private buffer at 0x0, seq 21
   283      0.298 amdgpu[2]: ring alloc of 16 dwords exceeds max_dw 13

   284      0.298 gfx: paging submit, 1005 dwords from private buffer at 0x0, seq 22
   285      0.298 gfx: paging submit, 50 dwords from private buffer at 0x0, seq 23
   286      0.298 gfx: paging submit, 960 dwords from private buffer at 0xC8, seq 24
   287      0.298 gfx: paging submit, 974 dwords from private buffer at 0x0, seq 25
   288      0.298 gfx: paging submit, 1006 dwords from private buffer at 0x0, seq 26
   289      0.298 gfx: paging submit, 1004 dwords from private buffer at 0x0, seq 27
   290      0.298 gfx: paging submit, 1004 dwords from private buffer at 0x0, seq 28
   291      0.298 wddm: BuildPagingBuffer operation 12 segment 0, 62984 bytes free, pass offset 0
   292      0.298 gfx: paging submit, 653 dwords from private buffer at 0x0, seq 29
   293      0.298 gfx: paging submit, 56 dwords from private buffer at 0x0, seq 30
   294      0.298 gfx: paging submit, 960 dwords from private buffer at 0xE0, seq 31
   295      0.298 gfx: paging submit, 92 dwords from private buffer at 0x0, seq 32
   296      0.298 gfx: paging submit, 912 dwords from private buffer at 0x170, seq 33
   297      0.298 gfx: paging submit, 140 dwords from private buffer at 0x0, seq 34
   298      0.298 gfx: paging submit, 864 dwords from private buffer at 0x230, seq 35
   299      0.298 gfx: paging submit, 188 dwords from private buffer at 0x0, seq 36
   300      0.298 gfx: paging submit, 822 dwords from private buffer at 0x2F0, seq 37
   301      0.298 gfx: paging submit, 281 dwords from private buffer at 0x0, seq 38
   302      0.298 wddm: DescribeAllocation 1920x1200 format 21
   303      0.298 wddm: GetStandardAllocationDriverData type 2 1920x1200 format 21 -> 9216000 bytes
   304      0.298 wddm: GetStandardAllocationDriverData type 2 1920x1200 format 21 -> 9216000 bytes
   305      0.298 wddm: CreateAllocation 1 allocations, flags 1 resource yes
   306      0.298 wddm: OpenAllocation [0] handle 0x40001CC0 private 32 bytes -> FFFFA98D8E7A0CD0 (GetHandleData said 0000000000000000)
   307      0.298 wddm: OpenAllocation 1 allocations flags 0x00000001
   308      0.298 gfx: paging submit, 736 dwords from private buffer at 0x464, seq 39
   309      0.298 gfx: paging submit, 1004 dwords from private buffer at 0x0, seq 40
   310      0.298 gfx: paging submit, 1004 dwords from private buffer at 0x0, seq 41
   311      0.298 gfx: paging submit, 1004 dwords from private buffer at 0x0, seq 42
   312      0.298 amdgpu[2]: ring alloc of 16 dwords exceeds max_dw 15

   313      0.298 gfx: paging submit, 1003 dwords from private buffer at 0x0, seq 43
   314      0.298 amdgpu[2]: ring alloc of 16 dwords exceeds max_dw 13

   315      0.298 gfx: paging submit, 1005 dwords from private buffer at 0x0, seq 44
   316      0.298 amdgpu[2]: ring alloc of 16 dwords exceeds max_dw 13

   317      0.300 gfx: paging submit, 1005 dwords from private buffer at 0x0, seq 45
   318      0.300 amdgpu[2]: ring alloc of 16 dwords exceeds max_dw 13

   319      0.300 gfx: paging submit, 1005 dwords from private buffer at 0x0, seq 46
   320      0.300 amdgpu[2]: ring alloc of 16 dwords exceeds max_dw 13

   321      0.300 gfx: paging submit, 1005 dwords from private buffer at 0x0, seq 47
   322      0.300 amdgpu[2]: ring alloc of 16 dwords exceeds max_dw 13

   323      0.300 gfx: paging submit, 1005 dwords from private buffer at 0x0, seq 48
   324      0.300 amdgpu[2]: ring alloc of 16 dwords exceeds max_dw 13

   325      0.300 gfx: paging submit, 1005 dwords from private buffer at 0x0, seq 49
   326      0.300 amdgpu[2]: ring alloc of 16 dwords exceeds max_dw 13

   327      0.300 gfx: paging submit, 1005 dwords from private buffer at 0x0, seq 50
   328      0.300 amdgpu[2]: ring alloc of 16 dwords exceeds max_dw 13

   329      0.302 gfx: paging submit, 1005 dwords from private buffer at 0x0, seq 51
   330      0.302 amdgpu[2]: ring alloc of 16 dwords exceeds max_dw 13

   331      0.302 gfx: paging submit, 1005 dwords from private buffer at 0x0, seq 52
   332      0.302 amdgpu[2]: ring alloc of 16 dwords exceeds max_dw 13

   333      0.302 gfx: paging submit, 1005 dwords from private buffer at 0x0, seq 53
   334      0.302 amdgpu[2]: ring alloc of 16 dwords exceeds max_dw 13

   335      0.302 gfx: paging submit, 1005 dwords from private buffer at 0x0, seq 54
   336      0.302 gfx: paging submit, 85 dwords from private buffer at 0x0, seq 55
   337      0.302 gfx: paging submit, 918 dwords from private buffer at 0x154, seq 56
   338      0.302 gfx: paging submit, 1004 dwords from private buffer at 0x0, seq 57
   339      0.302 gfx: paging submit, 1004 dwords from private buffer at 0x0, seq 58
   340      0.302 gfx: paging submit, 1004 dwords from private buffer at 0x0, seq 59
   341      0.302 gfx: paging submit, 1004 dwords from private buffer at 0x0, seq 60
   342      0.302 gfx: paging submit, 319 dwords from private buffer at 0x0, seq 61
   343      0.302 gfx: paging submit, 688 dwords from private buffer at 0x4FC, seq 62
   344      0.302 gfx: paging submit, 364 dwords from private buffer at 0x0, seq 63
   345      0.302 gfx: paging submit, 640 dwords from private buffer at 0x5B0, seq 64
   346      0.302 gfx: paging submit, 412 dwords from private buffer at 0x0, seq 65
   347      0.302 gfx: paging submit, 592 dwords from private buffer at 0x670, seq 66
   348      0.302 gfx: paging submit, 460 dwords from private buffer at 0x0, seq 67
   349      0.302 gfx: paging submit, 546 dwords from private buffer at 0x730, seq 68
   350      0.302 gfx: paging submit, 557 dwords from private buffer at 0x0, seq 69
   351      0.304 stage 50
   352      0.304 wddm: display CommitVidPn call 1 detail 0x0 -> 0x00000000
   353      0.304 wddm: DescribeAllocation 1920x1200 format 21
   354      0.304 wddm: SetVidPnSourceAddress segment 1 address 0xF4008D0000 flags 0x00000001 (firmware framebuffer 0xC0000000)
   355      0.304 wddm: software vsync on, 16 ms period, target 2424833
   356      0.304 wddm: display SetVidPnSourceVisibility call 1 detail 0x0 -> 0x00000000
   357      0.304 wddm: DescribeAllocation 1920x1200 format 21
   358      0.528 wddm: ControlInterrupt type 3 on -> 0x00000000
   359      0.544 wddm: ControlInterrupt type 3 off -> 0x00000000
   360      0.544 wddm: ControlInterrupt type 3 on -> 0x00000000
   361      0.560 wddm: ControlInterrupt type 3 off -> 0x00000000
   362      0.560 wddm: ControlInterrupt type 3 on -> 0x00000000
   363      0.576 wddm: ControlInterrupt type 3 off -> 0x00000000
   364      0.576 wddm: ControlInterrupt type 3 on -> 0x00000000
   365      0.592 wddm: ControlInterrupt type 3 off -> 0x00000000
   366      3.823 wddm: Present flags 0x00000001 source 0 dest 0, 1 sub-rectangles, 4096 DMA bytes free
   367      3.823 wddm: Present list FFFF8000E8908BB0 (context list 256), private FFFFA98D8D6026A0/2184, driver data 0
   368      3.823 wddm: Present list q0-3  0000000000000000 0000000000000000 0000000000000000 0000000000000000
   369      3.823 wddm: Present list q4-7  FFFFA98D8E7A0CD0 00000000008DC000 0000000000000000 0000000000000000
   370      3.823 wddm: Present list q8-11 FFFFA98D8E7A1670 0000000000012000 0000000000000000 0000000000000000
   371      3.823 wddm: Present dst (0,0)-(1920,1200) src (0,0)-(1920,1200) va 0x11000
   372      3.823 wddm: SetRootPageTable segment 3 offset 0xFEAF000, 512 entries
   373      3.823 vidmm: root page table 3:0xFEAF000 = physical 0x46DFFF000, 512 entries (the VMID is pointed at it by the first packet)
   374      3.825 wddm: SubmitCommandVirtual fence 1 node 0 flags 0x00000002 va 0x11000 size 0
   375      3.825 wddm: malformed virtual present rejected
   376      3.841 wddm: Present flags 0x00000001 source 0 dest 0, 1 sub-rectangles, 4096 DMA bytes free
   377      3.841 wddm: Present list FFFF8000E8908BB0 (context list 256), private FFFFA98D8E473010/2184, driver data 0
   378      3.841 wddm: Present list q0-3  0000000000000000 0000000000000000 0000000000000000 0000000000000000
   379      3.841 wddm: Present list q4-7  FFFFA98D8E7A0CD0 00000000008DC000 0000000000000000 0000000000000000
   380      3.841 wddm: Present list q8-11 FFFFA98D8E7A1670 0000000000012000 0000000000000000 0000000000000000
   381      3.841 wddm: Present dst (0,0)-(1920,1200) src (0,0)-(1920,1200) va 0x10000
   382      3.845 wddm: CreateDevice flags 0x00000002 pasid 0
   383      3.845 wddm: CreateContext node 0 engine 0x1 flags 0x00000006 private 0
   384      3.845 wddm: CreateContext answered dma 4096 bytes segment set 0x2, lists 256/0, caps 0x00000001
   385      3.845 gfx: paging submit, 31 dwords from private buffer at 0x8B4, seq 70
   386      3.845 gfx: paging submit, 31 dwords from private buffer at 0x930, seq 71
   387      3.847 wddm: software vsync off after 221 ticks
   388      3.847 wddm: display SetVidPnSourceVisibility call 2 detail 0x0 -> 0x00000000
   389      3.847 wddm: GetStandardAllocationDriverData type 1 1920x1200 format 21 -> 9216000 bytes
   390      3.847 wddm: GetStandardAllocationDriverData type 1 1920x1200 format 21 -> 9216000 bytes
   391      3.847 wddm: CreateAllocation 1 allocations, flags 1 resource yes
   392      3.847 wddm: OpenAllocation [0] handle 0x40001DC0 private 32 bytes -> FFFFA98D8D8EB810 (GetHandleData said 0000000000000000)
   393      3.847 wddm: OpenAllocation 1 allocations flags 0x00000001
   394      3.847 gfx: paging submit, 384 dwords from private buffer at 0x9AC, seq 72
   395      3.847 gfx: paging submit, 1004 dwords from private buffer at 0x0, seq 73
   396      3.847 gfx: paging submit, 1004 dwords from private buffer at 0x0, seq 74
   397      3.847 gfx: paging submit, 1004 dwords from private buffer at 0x0, seq 75
   398      3.847 gfx: paging submit, 1004 dwords from private buffer at 0x0, seq 76
   399      3.847 amdgpu[2]: ring alloc of 16 dwords exceeds max_dw 13

   400      3.847 gfx: paging submit, 1005 dwords from private buffer at 0x0, seq 77
   401      3.847 amdgpu[2]: ring alloc of 16 dwords exceeds max_dw 13

   402      3.847 gfx: paging submit, 1005 dwords from private buffer at 0x0, seq 78
   403      3.847 amdgpu[2]: ring alloc of 16 dwords exceeds max_dw 13

   404      3.847 gfx: paging submit, 1005 dwords from private buffer at 0x0, seq 79
   405      3.847 amdgpu[2]: ring alloc of 16 dwords exceeds max_dw 13

   406      3.847 gfx: paging submit, 1005 dwords from private buffer at 0x0, seq 80
   407      3.847 amdgpu[2]: ring alloc of 16 dwords exceeds max_dw 13

   408      3.849 gfx: paging submit, 1005 dwords from private buffer at 0x0, seq 81
   409      3.849 amdgpu[2]: ring alloc of 16 dwords exceeds max_dw 13

   410      3.849 gfx: paging submit, 1005 dwords from private buffer at 0x0, seq 82
   411      3.849 amdgpu[2]: ring alloc of 16 dwords exceeds max_dw 13

   412      3.849 gfx: paging submit, 1005 dwords from private buffer at 0x0, seq 83
   413      3.849 amdgpu[2]: ring alloc of 16 dwords exceeds max_dw 13

   414      3.849 gfx: paging submit, 1005 dwords from private buffer at 0x0, seq 84
   415      3.849 amdgpu[2]: ring alloc of 16 dwords exceeds max_dw 13

   416      3.849 gfx: paging submit, 1005 dwords from private buffer at 0x0, seq 85
   417      3.849 amdgpu[2]: ring alloc of 16 dwords exceeds max_dw 13

   418      3.849 gfx: paging submit, 1005 dwords from private buffer at 0x0, seq 86
   419      3.849 amdgpu[2]: ring alloc of 16 dwords exceeds max_dw 13

   420      3.849 gfx: paging submit, 1005 dwords from private buffer at 0x0, seq 87
   421      3.851 gfx: paging submit, 450 dwords from private buffer at 0x0, seq 88
   422      3.851 gfx: paging submit, 558 dwords from private buffer at 0x708, seq 89
   423      3.851 gfx: paging submit, 1004 dwords from private buffer at 0x0, seq 90
   424      3.851 gfx: paging submit, 1004 dwords from private buffer at 0x0, seq 91
   425      3.851 gfx: paging submit, 1004 dwords from private buffer at 0x0, seq 92
   426      3.851 gfx: paging submit, 1004 dwords from private buffer at 0x0, seq 93
   427      3.851 gfx: paging submit, 271 dwords from private buffer at 0x0, seq 94
   428      3.851 gfx: paging submit, 736 dwords from private buffer at 0x43C, seq 95
   429      3.851 gfx: paging submit, 316 dwords from private buffer at 0x0, seq 96
   430      3.851 gfx: paging submit, 688 dwords from private buffer at 0x4F0, seq 97
   431      3.851 gfx: paging submit, 364 dwords from private buffer at 0x0, seq 98
   432      3.851 gfx: paging submit, 640 dwords from private buffer at 0x5B0, seq 99
   433      3.851 gfx: paging submit, 412 dwords from private buffer at 0x0, seq 100
   434      3.851 gfx: paging submit, 592 dwords from private buffer at 0x670, seq 101
   435      3.851 gfx: paging submit, 460 dwords from private buffer at 0x0, seq 102
   436      3.851 gfx: paging submit, 544 dwords from private buffer at 0x730, seq 103
   437      3.851 gfx: paging submit, 561 dwords from private buffer at 0x0, seq 104
   438      3.851 wddm: DescribeAllocation 1920x1200 format 21
   439      3.851 wddm: GetStandardAllocationDriverData type 2 1920x1200 format 21 -> 9216000 bytes
   440      3.851 wddm: GetStandardAllocationDriverData type 2 1920x1200 format 21 -> 9216000 bytes
   441      3.851 wddm: CreateAllocation 1 allocations, flags 1 resource yes
   442      3.851 wddm: OpenAllocation [0] handle 0x40001E40 private 32 bytes -> FFFFA98D8D8EA370 (GetHandleData said 0000000000000000)
   443      3.851 wddm: OpenAllocation 1 allocations flags 0x00000001
   444      3.851 gfx: paging submit, 448 dwords from private buffer at 0x8C4, seq 105
   445      3.851 gfx: paging submit, 1004 dwords from private buffer at 0x0, seq 106
   446      3.851 gfx: paging submit, 1004 dwords from private buffer at 0x0, seq 107
   447      3.851 gfx: paging submit, 1004 dwords from private buffer at 0x0, seq 108
   448      3.851 gfx: paging submit, 1004 dwords from private buffer at 0x0, seq 109
   449      3.851 amdgpu[2]: ring alloc of 16 dwords exceeds max_dw 12

   450      3.851 gfx: paging submit, 1006 dwords from private buffer at 0x0, seq 110
   451      3.851 amdgpu[2]: ring alloc of 16 dwords exceeds max_dw 13

   452      3.851 gfx: paging submit, 1005 dwords from private buffer at 0x0, seq 111
   453      3.851 amdgpu[2]: ring alloc of 16 dwords exceeds max_dw 13

   454      3.853 gfx: paging submit, 1005 dwords from private buffer at 0x0, seq 112
   455      3.853 amdgpu[2]: ring alloc of 16 dwords exceeds max_dw 13

   456      3.853 gfx: paging submit, 1005 dwords from private buffer at 0x0, seq 113
   457      3.853 amdgpu[2]: ring alloc of 16 dwords exceeds max_dw 13

   458      3.853 gfx: paging submit, 1005 dwords from private buffer at 0x0, seq 114
   459      3.853 amdgpu[2]: ring alloc of 16 dwords exceeds max_dw 13

   460      3.853 gfx: paging submit, 1005 dwords from private buffer at 0x0, seq 115
   461      3.853 amdgpu[2]: ring alloc of 16 dwords exceeds max_dw 13

   462      3.853 gfx: paging submit, 1005 dwords from private buffer at 0x0, seq 116
   463      3.853 amdgpu[2]: ring alloc of 16 dwords exceeds max_dw 13

   464      3.853 gfx: paging submit, 1005 dwords from private buffer at 0x0, seq 117
   465      3.853 amdgpu[2]: ring alloc of 16 dwords exceeds max_dw 13

   466      3.853 gfx: paging submit, 1005 dwords from private buffer at 0x0, seq 118
   467      3.853 amdgpu[2]: ring alloc of 16 dwords exceeds max_dw 13

   468      3.855 gfx: paging submit, 1005 dwords from private buffer at 0x0, seq 119
   469      3.855 amdgpu[2]: ring alloc of 16 dwords exceeds max_dw 13

   470      3.855 gfx: paging submit, 1005 dwords from private buffer at 0x0, seq 120
   471      3.855 gfx: paging submit, 385 dwords from private buffer at 0x0, seq 121
   472      3.855 gfx: paging submit, 624 dwords from private buffer at 0x604, seq 122
   473      3.855 gfx: paging submit, 974 dwords from private buffer at 0x0, seq 123
   474      3.855 gfx: paging submit, 1006 dwords from private buffer at 0x0, seq 124
   475      3.855 gfx: paging submit, 1004 dwords from private buffer at 0x0, seq 125
   476      3.855 gfx: paging submit, 1004 dwords from private buffer at 0x0, seq 126
   477      3.855 gfx: paging submit, 653 dwords from private buffer at 0x0, seq 127
   478      3.855 gfx: paging submit, 200 dwords from private buffer at 0x0, seq 128
   479      3.855 gfx: paging submit, 816 dwords from private buffer at 0x320, seq 129
   480      3.855 gfx: paging submit, 236 dwords from private buffer at 0x0, seq 130
   481      3.855 gfx: paging submit, 768 dwords from private buffer at 0x3B0, seq 131
   482      3.855 gfx: paging submit, 284 dwords from private buffer at 0x0, seq 132
   483      3.855 gfx: paging submit, 720 dwords from private buffer at 0x470, seq 133
   484      3.855 gfx: paging submit, 332 dwords from private buffer at 0x0, seq 134
   485      3.855 gfx: paging submit, 678 dwords from private buffer at 0x530, seq 135
   486      3.855 gfx: paging submit, 425 dwords from private buffer at 0x0, seq 136
   487      3.855 wddm: display CommitVidPn call 2 detail 0x0 -> 0x00000000
   488      3.855 wddm: DescribeAllocation 1920x1200 format 21
   489      3.855 wddm: SetVidPnSourceAddress segment 1 address 0xF401A64000 flags 0x00000001 (firmware framebuffer 0xC0000000)
   490      3.855 wddm: software vsync on, 16 ms period, target 2424833
   491      3.855 wddm: display SetVidPnSourceVisibility call 3 detail 0x0 -> 0x00000000
   492      3.855 wddm: DescribeAllocation 1920x1200 format 21
   493      3.857 gfx: paging submit, 31 dwords from private buffer at 0x6A4, seq 137
   494      3.857 gfx: paging submit, 31 dwords from private buffer at 0x720, seq 138
   495      3.857 wddm: DestroyContext
   496      3.857 gfx: paging submit, 528 dwords from private buffer at 0x79C, seq 139
   497      3.857 gfx: paging submit, 977 dwords from private buffer at 0x0, seq 140
   498      3.857 gfx: paging submit, 15 dwords from private buffer at 0xF44, seq 141
   499      3.857 wddm: CloseAllocation 1 allocations
   500      3.857 wddm: DestroyAllocation 1 allocations
   501      3.857 wddm: BuildPagingBuffer operation 2 segment 0, 61568 bytes free, pass offset 0
   502      3.857 gfx: paging submit, 16 dwords from private buffer at 0xF80, seq 142
   503      3.857 gfx: paging submit, 37 dwords from private buffer at 0x0, seq 143
   504      3.857 gfx: paging submit, 15 dwords from private buffer at 0x94, seq 144
   505      3.857 wddm: CloseAllocation 1 allocations
   506      3.857 wddm: DestroyAllocation 1 allocations
   507      3.857 wddm: DestroyDevice
   508      3.877 wddm: Present flags 0x00000001 source 0 dest 0, 3 sub-rectangles, 4096 DMA bytes free
   509      3.877 wddm: Present list FFFF8000E7AC9BB0 (context list 256), private FFFFA98D8E66C660/2184, driver data 0
   510      3.877 wddm: Present list q0-3  0000000000000000 0000000000000000 0000000000000000 0000000000000000
   511      3.877 wddm: Present list q4-7  FFFFA98D8D8EA370 0000000001A72000 0000000000000000 0000000000000000
   512      3.877 wddm: Present list q8-11 FFFFA98D8D8EB810 00000000011A8000 0000000000000000 0000000000000000
   513      3.877 wddm: Present dst (0,0)-(1920,1200) src (0,0)-(1920,1200) va 0x11A7000
   514      3.877 wddm: SetRootPageTable segment 3 offset 0xFEAF000, 512 entries
   515      3.877 vidmm: root page table 3:0xFEAF000 = physical 0x46DFFF000, 512 entries (the VMID is pointed at it by the first packet)
   516      3.877 wddm: SubmitCommandVirtual fence 2 node 0 flags 0x00000002 va 0x11A7000 size 0
   517      3.877 wddm: malformed virtual present rejected
   518      3.893 wddm: Present flags 0x00000001 source 0 dest 0, 1 sub-rectangles, 4096 DMA bytes free
   519      3.893 wddm: Present list FFFF8000E7AC9BB0 (context list 256), private FFFFA98D8D54B6A0/2184, driver data 0
   520      3.893 wddm: Present list q0-3  0000000000000000 0000000000000000 0000000000000000 0000000000000000
   521      3.893 wddm: Present list q4-7  FFFFA98D8D8EA370 0000000001A72000 0000000000000000 0000000000000000
   522      3.893 wddm: Present list q8-11 FFFFA98D8D8EB810 00000000011A8000 0000000000000000 0000000000000000
   523      3.893 wddm: Present dst (0,0)-(1920,1200) src (0,0)-(1920,1200) va 0x11A6000
   524      3.893 wddm: Present flags 0x00000001 source 0 dest 0, 3 sub-rectangles, 4096 DMA bytes free
   525      3.893 wddm: Present list FFFF8000E7AC9BB0 (context list 256), private FFFFA98D8E66C660/2184, driver data 0
   526      3.893 wddm: Present list q0-3  0000000000000000 0000000000000000 0000000000000000 0000000000000000
   527      3.893 wddm: Present list q4-7  FFFFA98D8D8EA370 0000000001A72000 0000000000000000 0000000000000000
   528      3.893 wddm: Present list q8-11 FFFFA98D8D8EB810 00000000011A8000 0000000000000000 0000000000000000
   529      3.893 wddm: Present dst (0,0)-(1920,1200) src (0,0)-(1920,1200) va 0x11A7000
   530      3.893 gfx: paging submit, 31 dwords from private buffer at 0xD0, seq 145
   531      3.895 gfx: paging submit, 31 dwords from private buffer at 0x14C, seq 146
   532      3.895 wddm: DestroyContext
   533      3.895 gfx: paging submit, 847 dwords from private buffer at 0x1C8, seq 147
   534      3.895 gfx: paging submit, 15 dwords from private buffer at 0xF04, seq 148
   535      3.895 wddm: CloseAllocation 1 allocations
   536      3.895 wddm: DestroyAllocation 1 allocations
   537      3.895 wddm: BuildPagingBuffer operation 2 segment 0, 61632 bytes free, pass offset 0
   538      3.895 gfx: paging submit, 41 dwords from private buffer at 0xF40, seq 149
   539      3.895 gfx: paging submit, 16 dwords from private buffer at 0x0, seq 150
   540      3.895 gfx: paging submit, 16 dwords from private buffer at 0x40, seq 151
   541      3.895 wddm: CloseAllocation 1 allocations
   542      3.895 wddm: DestroyAllocation 1 allocations
   543      3.895 wddm: DestroyDevice
   544      3.895 wddm: DestroyProcess
   545      3.895 wddm: CreateProcess flags 0x00000002 pasids 1
   546      3.895 wddm: CreateDevice flags 0x00000002 pasid 0
   547      3.895 wddm: CreateContext node 0 engine 0x1 flags 0x00000006 private 0
   548      3.895 wddm: CreateContext answered dma 4096 bytes segment set 0x2, lists 256/0, caps 0x00000001
   549      3.895 gfx: paging submit, 974 dwords from private buffer at 0x80, seq 152
   550      3.895 gfx: paging submit, 1018 dwords from private buffer at 0x0, seq 153
   551      3.895 gfx: paging submit, 1004 dwords from private buffer at 0x0, seq 154
   552      3.895 gfx: paging submit, 1004 dwords from private buffer at 0x0, seq 155
   553      3.895 gfx: paging submit, 251 dwords from private buffer at 0x0, seq 156
   554      3.895 gfx: paging submit, 31 dwords from private buffer at 0x3EC, seq 157
   555      3.897 wddm: software vsync off after 223 ticks
   556      3.897 wddm: display SetVidPnSourceVisibility call 4 detail 0x0 -> 0x00000000
   557      3.897 wddm: CreateAllocation 1 allocations, flags 1 resource yes
   558      3.897 wddm: OpenAllocation [0] handle 0x40001F40 private 32 bytes -> FFFFA98D8DAA8B10 (GetHandleData said 0000000000000000)
   559      3.897 wddm: OpenAllocation 1 allocations flags 0x00000001
   560      3.897 gfx: paging submit, 736 dwords from private buffer at 0x468, seq 158
   561      3.897 gfx: paging submit, 1004 dwords from private buffer at 0x0, seq 159
   562      3.897 gfx: paging submit, 1004 dwords from private buffer at 0x0, seq 160
   563      3.897 gfx: paging submit, 1004 dwords from private buffer at 0x0, seq 161
   564      3.899 amdgpu[2]: ring alloc of 16 dwords exceeds max_dw 15

   565      3.899 gfx: paging submit, 1003 dwords from private buffer at 0x0, seq 162
   566      3.899 amdgpu[2]: ring alloc of 16 dwords exceeds max_dw 13

   567      3.899 gfx: paging submit, 1005 dwords from private buffer at 0x0, seq 163
   568      3.899 amdgpu[2]: ring alloc of 16 dwords exceeds max_dw 13

   569      3.899 gfx: paging submit, 1005 dwords from private buffer at 0x0, seq 164
   570      3.899 amdgpu[2]: ring alloc of 16 dwords exceeds max_dw 13

   571      3.899 gfx: paging submit, 1005 dwords from private buffer at 0x0, seq 165
   572      3.899 amdgpu[2]: ring alloc of 16 dwords exceeds max_dw 13

   573      3.899 gfx: paging submit, 1005 dwords from private buffer at 0x0, seq 166
   574      3.899 amdgpu[2]: ring alloc of 16 dwords exceeds max_dw 13

   575      3.899 gfx: paging submit, 1005 dwords from private buffer at 0x0, seq 167
   576      3.899 amdgpu[2]: ring alloc of 16 dwords exceeds max_dw 13

   577      3.899 gfx: paging submit, 1005 dwords from private buffer at 0x0, seq 168
   578      3.899 amdgpu[2]: ring alloc of 16 dwords exceeds max_dw 13

   579      3.899 gfx: paging submit, 1005 dwords from private buffer at 0x0, seq 169
   580      3.899 amdgpu[2]: ring alloc of 16 dwords exceeds max_dw 13

   581      3.901 gfx: paging submit, 1005 dwords from private buffer at 0x0, seq 170
   582      3.901 amdgpu[2]: ring alloc of 16 dwords exceeds max_dw 13

   583      3.901 gfx: paging submit, 1005 dwords from private buffer at 0x0, seq 171
   584      3.901 amdgpu[2]: ring alloc of 16 dwords exceeds max_dw 13

   585      3.901 gfx: paging submit, 1005 dwords from private buffer at 0x0, seq 172
   586      3.901 amdgpu[2]: ring alloc of 16 dwords exceeds max_dw 13

   587      3.901 gfx: paging submit, 1005 dwords from private buffer at 0x0, seq 173
   588      3.901 gfx: paging submit, 85 dwords from private buffer at 0x0, seq 174
   589      3.901 gfx: paging submit, 928 dwords from private buffer at 0x154, seq 175
   590      3.901 gfx: paging submit, 974 dwords from private buffer at 0x0, seq 176
   591      3.901 gfx: paging submit, 1006 dwords from private buffer at 0x0, seq 177
   592      3.901 gfx: paging submit, 1004 dwords from private buffer at 0x0, seq 178
   593      3.901 gfx: paging submit, 1004 dwords from private buffer at 0x0, seq 179
   594      3.901 gfx: paging submit, 653 dwords from private buffer at 0x0, seq 180
   595      3.901 gfx: paging submit, 88 dwords from private buffer at 0x0, seq 181
   596      3.901 gfx: paging submit, 928 dwords from private buffer at 0x160, seq 182
   597      3.901 gfx: paging submit, 124 dwords from private buffer at 0x0, seq 183
   598      3.901 gfx: paging submit, 880 dwords from private buffer at 0x1F0, seq 184
   599      3.903 gfx: paging submit, 172 dwords from private buffer at 0x0, seq 185
   600      3.903 gfx: paging submit, 832 dwords from private buffer at 0x2B0, seq 186
   601      3.903 gfx: paging submit, 220 dwords from private buffer at 0x0, seq 187
   602      3.903 gfx: paging submit, 790 dwords from private buffer at 0x370, seq 188
   603      3.903 gfx: paging submit, 313 dwords from private buffer at 0x0, seq 189
   604      3.903 wddm: DescribeAllocation 1920x1200 format 21
   605      3.903 wddm: CreateAllocation 1 allocations, flags 1 resource yes
   606      3.903 wddm: OpenAllocation [0] handle 0x40001FC0 private 32 bytes -> FFFFA98D8DAA8380 (GetHandleData said 0000000000000000)
   607      3.903 wddm: OpenAllocation 1 allocations flags 0x00000001
   608      3.903 gfx: paging submit, 704 dwords from private buffer at 0x4E4, seq 190
   609      3.903 gfx: paging submit, 1004 dwords from private buffer at 0x0, seq 191
   610      3.903 gfx: paging submit, 1004 dwords from private buffer at 0x0, seq 192
   611      3.903 gfx: paging submit, 1004 dwords from private buffer at 0x0, seq 193
   612      3.903 amdgpu[2]: ring alloc of 16 dwords exceeds max_dw 13

   613      3.903 gfx: paging submit, 1005 dwords from private buffer at 0x0, seq 194
   614      3.903 amdgpu[2]: ring alloc of 16 dwords exceeds max_dw 13

   615      3.903 gfx: paging submit, 1005 dwords from private buffer at 0x0, seq 195
   616      3.903 amdgpu[2]: ring alloc of 16 dwords exceeds max_dw 13

   617      3.903 gfx: paging submit, 1005 dwords from private buffer at 0x0, seq 196
   618      3.903 amdgpu[2]: ring alloc of 16 dwords exceeds max_dw 13

   619      3.903 gfx: paging submit, 1005 dwords from private buffer at 0x0, seq 197
   620      3.903 amdgpu[2]: ring alloc of 16 dwords exceeds max_dw 13

   621      3.903 gfx: paging submit, 1005 dwords from private buffer at 0x0, seq 198
   622      3.903 amdgpu[2]: ring alloc of 16 dwords exceeds max_dw 13

   623      3.903 gfx: paging submit, 1005 dwords from private buffer at 0x0, seq 199
   624      3.903 amdgpu[2]: ring alloc of 16 dwords exceeds max_dw 13

   625      3.905 gfx: paging submit, 1005 dwords from private buffer at 0x0, seq 200
   626      3.905 amdgpu[2]: ring alloc of 16 dwords exceeds max_dw 13

   627      3.905 gfx: paging submit, 1005 dwords from private buffer at 0x0, seq 201
   628      3.905 amdgpu[2]: ring alloc of 16 dwords exceeds max_dw 13

   629      3.905 gfx: paging submit, 1005 dwords from private buffer at 0x0, seq 202
   630      3.905 amdgpu[2]: ring alloc of 16 dwords exceeds max_dw 13

   631      3.905 gfx: paging submit, 1005 dwords from private buffer at 0x0, seq 203
   632      3.905 amdgpu[2]: ring alloc of 16 dwords exceeds max_dw 13

   633      3.905 gfx: paging submit, 1005 dwords from private buffer at 0x0, seq 204
   634      3.905 amdgpu[2]: ring alloc of 16 dwords exceeds max_dw 13

   635      3.905 gfx: paging submit, 1005 dwords from private buffer at 0x0, seq 205
   636      3.905 gfx: paging submit, 115 dwords from private buffer at 0x0, seq 206
   637      3.907 gfx: paging submit, 902 dwords from private buffer at 0x1CC, seq 207
   638      3.907 gfx: paging submit, 1004 dwords from private buffer at 0x0, seq 208
   639      3.907 gfx: paging submit, 1004 dwords from private buffer at 0x0, seq 209
   640      3.907 gfx: paging submit, 1004 dwords from private buffer at 0x0, seq 210
   641      3.907 gfx: paging submit, 1004 dwords from private buffer at 0x0, seq 211
   642      3.907 gfx: paging submit, 335 dwords from private buffer at 0x0, seq 212
   643      3.907 gfx: paging submit, 672 dwords from private buffer at 0x53C, seq 213
   644      3.907 gfx: paging submit, 380 dwords from private buffer at 0x0, seq 214
   645      3.907 gfx: paging submit, 624 dwords from private buffer at 0x5F0, seq 215
   646      3.907 gfx: paging submit, 428 dwords from private buffer at 0x0, seq 216
   647      3.907 gfx: paging submit, 576 dwords from private buffer at 0x6B0, seq 217
   648      3.907 gfx: paging submit, 476 dwords from private buffer at 0x0, seq 218
   649      3.907 gfx: paging submit, 530 dwords from private buffer at 0x770, seq 219
   650      3.907 gfx: paging submit, 573 dwords from private buffer at 0x0, seq 220
   651      3.907 wddm: display CommitVidPn call 3 detail 0x0 -> 0x00000000
   652      3.907 wddm: DescribeAllocation 1920x1200 format 21
   653      3.907 wddm: SetVidPnSourceAddress segment 1 address 0xF4008D0000 flags 0x00000001 (firmware framebuffer 0xC0000000)
   654      3.907 wddm: software vsync on, 16 ms period, target 2424833
   655      3.907 wddm: display SetVidPnSourceVisibility call 5 detail 0x0 -> 0x00000000
   656      3.927 wddm: Present flags 0x00000001 source 0 dest 0, 1 sub-rectangles, 4096 DMA bytes free
   657      3.927 wddm: Present list FFFF8000EAE13BB0 (context list 256), private FFFFA98D8D6026A0/2184, driver data 0
   658      3.927 wddm: Present list q0-3  0000000000000000 0000000000000000 0000000000000000 0000000000000000
   659      3.927 wddm: Present list q4-7  FFFFA98D8DAA8380 00000000008DC000 0000000000000000 0000000000000000
   660      3.927 wddm: Present list q8-11 FFFFA98D8DAA8B10 0000000000012000 0000000000000000 0000000000000000
   661      3.927 wddm: Present dst (0,0)-(1920,1200) src (0,0)-(1920,1200) va 0x11000
   662      3.927 wddm: SetRootPageTable segment 3 offset 0xFEAF000, 512 entries
   663      3.927 vidmm: root page table 3:0xFEAF000 = physical 0x46DFFF000, 512 entries (the VMID is pointed at it by the first packet)
   664      3.927 wddm: SubmitCommandVirtual fence 3 node 0 flags 0x00000002 va 0x11000 size 0
   665      3.927 wddm: malformed virtual present rejected
   666      6.899 wddm: Present flags 0x00000001 source 0 dest 0, 1 sub-rectangles, 4096 DMA bytes free
   667      6.899 wddm: Present list FFFF8000EAE13BB0 (context list 256), private FFFFA98D8E473010/2184, driver data 0
   668      6.899 wddm: Present list q0-3  0000000000000000 0000000000000000 0000000000000000 0000000000000000
   669      6.899 wddm: Present list q4-7  FFFFA98D8DAA8380 00000000008DC000 0000000000000000 0000000000000000
   670      6.899 wddm: Present list q8-11 FFFFA98D8DAA8B10 0000000000012000 0000000000000000 0000000000000000
   671      6.899 wddm: Present dst (0,0)-(1920,1200) src (0,0)-(1920,1200) va 0x10000
   672      6.927 wddm: Present flags 0x00000001 source 0 dest 0, 3 sub-rectangles, 4096 DMA bytes free
   673      6.927 wddm: Present list FFFF8000EAE13BB0 (context list 256), private FFFFA98D8D6026A0/2184, driver data 0
   674      6.927 wddm: Present list q0-3  0000000000000000 0000000000000000 0000000000000000 0000000000000000
   675      6.927 wddm: Present list q4-7  FFFFA98D8DAA8380 00000000008DC000 0000000000000000 0000000000000000
   676      6.927 wddm: Present list q8-11 FFFFA98D8DAA8B10 0000000000012000 0000000000000000 0000000000000000
   677      6.927 wddm: Present dst (0,0)-(1920,1200) src (0,0)-(1920,1200) va 0x11000
   678      6.927 wddm: CreateDevice flags 0x00000002 pasid 0
   679      6.927 wddm: CreateContext node 0 engine 0x1 flags 0x00000006 private 0
   680      6.927 wddm: CreateContext answered dma 4096 bytes segment set 0x2, lists 256/0, caps 0x00000001
   681      6.927 gfx: paging submit, 31 dwords from private buffer at 0x8F4, seq 221
   682      6.927 gfx: paging submit, 31 dwords from private buffer at 0x970, seq 222
   683      6.929 wddm: software vsync off after 411 ticks
   684      6.929 wddm: display SetVidPnSourceVisibility call 6 detail 0x0 -> 0x00000000
   685      6.929 wddm: CreateAllocation 1 allocations, flags 1 resource yes
   686      6.929 wddm: OpenAllocation [0] handle 0x400020C0 private 32 bytes -> FFFFA98D8E79F8E0 (GetHandleData said 0000000000000000)
   687      6.929 wddm: OpenAllocation 1 allocations flags 0x00000001
   688      6.931 gfx: paging submit, 368 dwords from private buffer at 0x9EC, seq 223
   689      6.931 gfx: paging submit, 1004 dwords from private buffer at 0x0, seq 224
   690      6.931 gfx: paging submit, 1004 dwords from private buffer at 0x0, seq 225
   691      6.931 gfx: paging submit, 1004 dwords from private buffer at 0x0, seq 226
   692      6.931 gfx: paging submit, 1004 dwords from private buffer at 0x0, seq 227
   693      6.931 amdgpu[2]: ring alloc of 16 dwords exceeds max_dw 12

   694      6.931 gfx: paging submit, 1006 dwords from private buffer at 0x0, seq 228
   695      6.931 amdgpu[2]: ring alloc of 16 dwords exceeds max_dw 13

   696      6.931 gfx: paging submit, 1005 dwords from private buffer at 0x0, seq 229
   697      6.931 amdgpu[2]: ring alloc of 16 dwords exceeds max_dw 13

   698      6.931 gfx: paging submit, 1005 dwords from private buffer at 0x0, seq 230
   699      6.931 amdgpu[2]: ring alloc of 16 dwords exceeds max_dw 13

   700      6.931 gfx: paging submit, 1005 dwords from private buffer at 0x0, seq 231
   701      6.931 amdgpu[2]: ring alloc of 16 dwords exceeds max_dw 13

   702      6.931 gfx: paging submit, 1005 dwords from private buffer at 0x0, seq 232
   703      6.931 amdgpu[2]: ring alloc of 16 dwords exceeds max_dw 13

   704      6.931 gfx: paging submit, 1005 dwords from private buffer at 0x0, seq 233
   705      6.931 amdgpu[2]: ring alloc of 16 dwords exceeds max_dw 13

   706      6.933 gfx: paging submit, 1005 dwords from private buffer at 0x0, seq 234
   707      6.933 amdgpu[2]: ring alloc of 16 dwords exceeds max_dw 13

   708      6.933 gfx: paging submit, 1005 dwords from private buffer at 0x0, seq 235
   709      6.933 amdgpu[2]: ring alloc of 16 dwords exceeds max_dw 13

   710      6.933 gfx: paging submit, 1005 dwords from private buffer at 0x0, seq 236
   711      6.933 amdgpu[2]: ring alloc of 16 dwords exceeds max_dw 13

   712      6.933 gfx: paging submit, 1005 dwords from private buffer at 0x0, seq 237
   713      6.933 amdgpu[2]: ring alloc of 16 dwords exceeds max_dw 13

   714      6.933 gfx: paging submit, 1005 dwords from private buffer at 0x0, seq 238
   715      6.933 gfx: paging submit, 465 dwords from private buffer at 0x0, seq 239
   716      6.933 gfx: paging submit, 542 dwords from private buffer at 0x744, seq 240
   717      6.933 gfx: paging submit, 1004 dwords from private buffer at 0x0, seq 241
   718      6.933 gfx: paging submit, 1004 dwords from private buffer at 0x0, seq 242
   719      6.935 gfx: paging submit, 1004 dwords from private buffer at 0x0, seq 243
   720      6.935 gfx: paging submit, 1004 dwords from private buffer at 0x0, seq 244
   721      6.935 gfx: paging submit, 287 dwords from private buffer at 0x0, seq 245
   722      6.935 gfx: paging submit, 720 dwords from private buffer at 0x47C, seq 246
   723      6.935 gfx: paging submit, 332 dwords from private buffer at 0x0, seq 247
   724      6.935 gfx: paging submit, 672 dwords from private buffer at 0x530, seq 248
   725      6.935 gfx: paging submit, 380 dwords from private buffer at 0x0, seq 249
   726      6.935 gfx: paging submit, 624 dwords from private buffer at 0x5F0, seq 250
   727      6.935 gfx: paging submit, 428 dwords from private buffer at 0x0, seq 251
   728      6.935 gfx: paging submit, 576 dwords from private buffer at 0x6B0, seq 252
   729      6.935 gfx: paging submit, 476 dwords from private buffer at 0x0, seq 253
   730      6.935 gfx: paging submit, 528 dwords from private buffer at 0x770, seq 254
   731      6.935 gfx: paging submit, 577 dwords from private buffer at 0x0, seq 255
   732      6.935 wddm: CreateAllocation 1 allocations, flags 1 resource yes
   733      6.935 wddm: OpenAllocation [0] handle 0x80000080 private 32 bytes -> FFFFA98D8E7A1670 (GetHandleData said 0000000000000000)
   734      6.935 wddm: OpenAllocation 1 allocations flags 0x00000001
   735      6.935 gfx: paging submit, 432 dwords from private buffer at 0x904, seq 256
   736      6.935 gfx: paging submit, 1004 dwords from private buffer at 0x0, seq 257
   737      6.935 gfx: paging submit, 1004 dwords from private buffer at 0x0, seq 258
   738      6.935 gfx: paging submit, 1004 dwords from private buffer at 0x0, seq 259
   739      6.935 gfx: paging submit, 1004 dwords from private buffer at 0x0, seq 260
   740      6.935 amdgpu[2]: ring alloc of 16 dwords exceeds max_dw 11

   741      6.935 gfx: paging submit, 1007 dwords from private buffer at 0x0, seq 261
   742      6.935 amdgpu[2]: ring alloc of 16 dwords exceeds max_dw 13

   743      6.935 gfx: paging submit, 1005 dwords from private buffer at 0x0, seq 262
   744      6.935 amdgpu[2]: ring alloc of 16 dwords exceeds max_dw 13

   745      6.935 gfx: paging submit, 1005 dwords from private buffer at 0x0, seq 263
   746      6.935 amdgpu[2]: ring alloc of 16 dwords exceeds max_dw 13

   747      6.935 gfx: paging submit, 1005 dwords from private buffer at 0x0, seq 264
   748      6.935 amdgpu[2]: ring alloc of 16 dwords exceeds max_dw 13

   749      6.937 gfx: paging submit, 1005 dwords from private buffer at 0x0, seq 265
   750      6.937 amdgpu[2]: ring alloc of 16 dwords exceeds max_dw 13

   751      6.937 gfx: paging submit, 1005 dwords from private buffer at 0x0, seq 266
   752      6.937 amdgpu[2]: ring alloc of 16 dwords exceeds max_dw 13

   753      6.937 gfx: paging submit, 1005 dwords from private buffer at 0x0, seq 267
   754      6.937 amdgpu[2]: ring alloc of 16 dwords exceeds max_dw 13

   755      6.937 gfx: paging submit, 1005 dwords from private buffer at 0x0, seq 268
   756      6.937 amdgpu[2]: ring alloc of 16 dwords exceeds max_dw 13

   757      6.937 gfx: paging submit, 1005 dwords from private buffer at 0x0, seq 269
   758      6.937 amdgpu[2]: ring alloc of 16 dwords exceeds max_dw 13

   759      6.937 gfx: paging submit, 1005 dwords from private buffer at 0x0, seq 270
   760      6.937 amdgpu[2]: ring alloc of 16 dwords exceeds max_dw 13

   761      6.937 gfx: paging submit, 1005 dwords from private buffer at 0x0, seq 271
   762      6.939 gfx: paging submit, 400 dwords from private buffer at 0x0, seq 272
   763      6.939 gfx: paging submit, 608 dwords from private buffer at 0x640, seq 273
   764      6.939 gfx: paging submit, 974 dwords from private buffer at 0x0, seq 274
   765      6.939 gfx: paging submit, 1006 dwords from private buffer at 0x0, seq 275
   766      6.939 gfx: paging submit, 1004 dwords from private buffer at 0x0, seq 276
   767      6.939 gfx: paging submit, 1004 dwords from private buffer at 0x0, seq 277
   768      6.939 gfx: paging submit, 653 dwords from private buffer at 0x0, seq 278
   769      6.939 gfx: paging submit, 216 dwords from private buffer at 0x0, seq 279
   770      6.939 gfx: paging submit, 800 dwords from private buffer at 0x360, seq 280
   771      6.939 gfx: paging submit, 252 dwords from private buffer at 0x0, seq 281
   772      6.939 gfx: paging submit, 752 dwords from private buffer at 0x3F0, seq 282
   773      6.939 gfx: paging submit, 300 dwords from private buffer at 0x0, seq 283
   774      6.939 gfx: paging submit, 704 dwords from private buffer at 0x4B0, seq 284
   775      6.939 gfx: paging submit, 348 dwords from private buffer at 0x0, seq 285
   776      6.939 gfx: paging submit, 662 dwords from private buffer at 0x570, seq 286
   777      6.939 gfx: paging submit, 441 dwords from private buffer at 0x0, seq 287
   778      6.939 wddm: display CommitVidPn call 4 detail 0x0 -> 0x00000000
   779      6.939 wddm: SetVidPnSourceAddress segment 1 address 0xF401A64000 flags 0x00000001 (firmware framebuffer 0xC0000000)
   780      6.939 wddm: software vsync on, 16 ms period, target 2424833
   781      6.939 gfx: paging submit, 31 dwords from private buffer at 0x6E4, seq 288
   782      6.939 gfx: paging submit, 31 dwords from private buffer at 0x760, seq 289
   783      6.939 wddm: DestroyContext
   784      6.939 gfx: paging submit, 512 dwords from private buffer at 0x7DC, seq 290
   785      6.941 gfx: paging submit, 993 dwords from private buffer at 0x0, seq 291
   786      6.941 gfx: paging submit, 15 dwords from private buffer at 0xF84, seq 292
   787      6.941 wddm: CloseAllocation 1 allocations
   788      6.941 wddm: DestroyAllocation 1 allocations
   789      6.941 wddm: BuildPagingBuffer operation 2 segment 0, 61504 bytes free, pass offset 0
   790      6.941 gfx: paging submit, 39 dwords from private buffer at 0x0, seq 293
   791      6.941 gfx: paging submit, 15 dwords from private buffer at 0x9C, seq 294
   792      6.941 wddm: CloseAllocation 1 allocations
   793      6.941 wddm: DestroyAllocation 1 allocations
   794      6.941 wddm: DestroyDevice
   795      6.959 wddm: SetRootPageTable segment 3 offset 0xFEAF000, 512 entries
   796      6.959 wddm: SubmitCommandVirtual fence 4 node 0 flags 0x00000002 va 0x11A7000 size 0
   797      6.959 wddm: malformed virtual present rejected
   798      6.975 wddm: CreateDevice flags 0x00000002 pasid 0
   799      6.975 wddm: CreateContext node 0 engine 0x1 flags 0x00000006 private 0
   800      6.975 wddm: CreateContext answered dma 4096 bytes segment set 0x2, lists 256/0, caps 0x00000001
   801      6.975 gfx: paging submit, 31 dwords from private buffer at 0xD8, seq 295
   802      6.977 gfx: paging submit, 926 dwords from private buffer at 0x154, seq 296
   803      6.977 gfx: paging submit, 185 dwords from private buffer at 0x0, seq 297
   804      6.977 wddm: software vsync off after 413 ticks
   805      6.979 gfx: paging submit, 832 dwords from private buffer at 0x2E4, seq 298
   806      6.979 gfx: paging submit, 1004 dwords from private buffer at 0x0, seq 299
   807      6.979 gfx: paging submit, 1004 dwords from private buffer at 0x0, seq 300
   808      6.979 gfx: paging submit, 1004 dwords from private buffer at 0x0, seq 301
   809      6.979 amdgpu[2]: ring alloc of 16 dwords exceeds max_dw 11

   810      6.979 gfx: paging submit, 1007 dwords from private buffer at 0x0, seq 302
   811      6.979 amdgpu[2]: ring alloc of 16 dwords exceeds max_dw 13

   812      6.979 gfx: paging submit, 1005 dwords from private buffer at 0x0, seq 303
   813      6.979 amdgpu[2]: ring alloc of 16 dwords exceeds max_dw 13

   814      6.979 gfx: paging submit, 1005 dwords from private buffer at 0x0, seq 304
   815      6.979 amdgpu[2]: ring alloc of 16 dwords exceeds max_dw 13

   816      6.979 gfx: paging submit, 1005 dwords from private buffer at 0x0, seq 305
   817      6.979 amdgpu[2]: ring alloc of 16 dwords exceeds max_dw 13

   818      6.979 gfx: paging submit, 1005 dwords from private buffer at 0x0, seq 306
   819      6.979 amdgpu[2]: ring alloc of 16 dwords exceeds max_dw 13

   820      6.979 gfx: paging submit, 1005 dwords from private buffer at 0x0, seq 307
   821      6.979 amdgpu[2]: ring alloc of 16 dwords exceeds max_dw 13

   822      6.981 gfx: paging submit, 1005 dwords from private buffer at 0x0, seq 308
   823      6.981 amdgpu[2]: ring alloc of 16 dwords exceeds max_dw 13

   824      6.981 gfx: paging submit, 1005 dwords from private buffer at 0x0, seq 309
   825      6.981 amdgpu[2]: ring alloc of 16 dwords exceeds max_dw 13

   826      6.981 gfx: paging submit, 1005 dwords from private buffer at 0x0, seq 310
   827      6.981 amdgpu[2]: ring alloc of 16 dwords exceeds max_dw 13

   828      6.981 gfx: paging submit, 1005 dwords from private buffer at 0x0, seq 311
   829      6.981 amdgpu[2]: ring alloc of 16 dwords exceeds max_dw 13

   830      6.981 gfx: paging submit, 1005 dwords from private buffer at 0x0, seq 312
   831      6.981 gfx: paging submit, 990 dwords from private buffer at 0x0, seq 313
   832      6.983 gfx: paging submit, 16 dwords from private buffer at 0xF78, seq 314
   833      6.983 gfx: paging submit, 974 dwords from private buffer at 0x0, seq 315
   834      6.983 gfx: paging submit, 1006 dwords from private buffer at 0x0, seq 316
   835      6.983 gfx: paging submit, 1004 dwords from private buffer at 0x0, seq 317
   836      6.983 gfx: paging submit, 1004 dwords from private buffer at 0x0, seq 318
   837      6.983 gfx: paging submit, 653 dwords from private buffer at 0x0, seq 319
   838      6.983 gfx: paging submit, 402 dwords from private buffer at 0x0, seq 320
   839      6.983 gfx: paging submit, 608 dwords from private buffer at 0x648, seq 321
   840      6.983 gfx: paging submit, 444 dwords from private buffer at 0x0, seq 322
   841      6.983 gfx: paging submit, 560 dwords from private buffer at 0x6F0, seq 323
   842      6.983 gfx: paging submit, 492 dwords from private buffer at 0x0, seq 324
   843      6.983 gfx: paging submit, 512 dwords from private buffer at 0x7B0, seq 325
   844      6.983 gfx: paging submit, 540 dwords from private buffer at 0x0, seq 326
   845      6.983 gfx: paging submit, 464 dwords from private buffer at 0x870, seq 327
   846      6.983 gfx: paging submit, 588 dwords from private buffer at 0x0, seq 328
   847      6.983 gfx: paging submit, 416 dwords from private buffer at 0x930, seq 329
   848      6.983 gfx: paging submit, 689 dwords from private buffer at 0x0, seq 330
   849      6.983 gfx: paging submit, 320 dwords from private buffer at 0xAC4, seq 331
   850      6.983 gfx: paging submit, 1004 dwords from private buffer at 0x0, seq 332
   851      6.983 gfx: paging submit, 1004 dwords from private buffer at 0x0, seq 333
   852      6.983 gfx: paging submit, 1004 dwords from private buffer at 0x0, seq 334
   853      6.983 gfx: paging submit, 1004 dwords from private buffer at 0x0, seq 335
   854      6.983 amdgpu[2]: ring alloc of 16 dwords exceeds max_dw 14

   855      6.983 gfx: paging submit, 1004 dwords from private buffer at 0x0, seq 336
   856      6.983 amdgpu[2]: ring alloc of 16 dwords exceeds max_dw 13

   857      6.983 gfx: paging submit, 1005 dwords from private buffer at 0x0, seq 337
   858      6.983 amdgpu[2]: ring alloc of 16 dwords exceeds max_dw 13

   859      6.985 gfx: paging submit, 1005 dwords from private buffer at 0x0, seq 338
   860      6.985 amdgpu[2]: ring alloc of 16 dwords exceeds max_dw 13

   861      6.985 gfx: paging submit, 1005 dwords from private buffer at 0x0, seq 339
   862      6.985 amdgpu[2]: ring alloc of 16 dwords exceeds max_dw 13

   863      6.985 gfx: paging submit, 1005 dwords from private buffer at 0x0, seq 340
   864      6.985 amdgpu[2]: ring alloc of 16 dwords exceeds max_dw 13

   865      6.985 gfx: paging submit, 1005 dwords from private buffer at 0x0, seq 341
   866      6.985 amdgpu[2]: ring alloc of 16 dwords exceeds max_dw 13

   867      6.985 gfx: paging submit, 1005 dwords from private buffer at 0x0, seq 342
   868      6.985 amdgpu[2]: ring alloc of 16 dwords exceeds max_dw 13

   869      6.985 gfx: paging submit, 1005 dwords from private buffer at 0x0, seq 343
   870      6.985 amdgpu[2]: ring alloc of 16 dwords exceeds max_dw 13

   871      6.985 gfx: paging submit, 1005 dwords from private buffer at 0x0, seq 344
   872      6.985 amdgpu[2]: ring alloc of 16 dwords exceeds max_dw 13

   873      6.987 gfx: paging submit, 1005 dwords from private buffer at 0x0, seq 345
   874      6.987 amdgpu[2]: ring alloc of 16 dwords exceeds max_dw 13

   875      6.987 gfx: paging submit, 1005 dwords from private buffer at 0x0, seq 346
   876      6.987 gfx: paging submit, 515 dwords from private buffer at 0x0, seq 347
   877      6.987 gfx: paging submit, 496 dwords from private buffer at 0x80C, seq 348
   878      6.987 gfx: paging submit, 974 dwords from private buffer at 0x0, seq 349
   879      6.987 gfx: paging submit, 1006 dwords from private buffer at 0x0, seq 350
   880      6.987 gfx: paging submit, 1004 dwords from private buffer at 0x0, seq 351
   881      6.987 gfx: paging submit, 1004 dwords from private buffer at 0x0, seq 352
   882      6.987 gfx: paging submit, 653 dwords from private buffer at 0x0, seq 353
   883      6.987 gfx: paging submit, 522 dwords from private buffer at 0x0, seq 354
   884      6.987 gfx: paging submit, 496 dwords from private buffer at 0x828, seq 355
   885      6.987 gfx: paging submit, 556 dwords from private buffer at 0x0, seq 356
   886      6.987 gfx: paging submit, 448 dwords from private buffer at 0x8B0, seq 357
   887      6.987 gfx: paging submit, 604 dwords from private buffer at 0x0, seq 358
   888      6.987 gfx: paging submit, 400 dwords from private buffer at 0x970, seq 359
   889      6.987 gfx: paging submit, 652 dwords from private buffer at 0x0, seq 360
   890      6.987 gfx: paging submit, 352 dwords from private buffer at 0xA30, seq 361
   891      6.987 gfx: paging submit, 751 dwords from private buffer at 0x0, seq 362
   892      6.987 wddm: display CommitVidPn call 5 detail 0x0 -> 0x00000000
   893      6.987 wddm: SetVidPnSourceAddress segment 1 address 0xF4008D0000 flags 0x00000001 (firmware framebuffer 0xC0000000)
   894      6.987 wddm: software vsync on, 16 ms period, target 2424833
   895      6.989 gfx: paging submit, 31 dwords from private buffer at 0xBBC, seq 363
   896      6.989 gfx: paging submit, 31 dwords from private buffer at 0xC38, seq 364
   897      6.989 wddm: DestroyContext
   898      6.989 gfx: paging submit, 192 dwords from private buffer at 0xCB4, seq 365
   899      6.989 gfx: paging submit, 1016 dwords from private buffer at 0x0, seq 366
   900      6.989 gfx: paging submit, 311 dwords from private buffer at 0x0, seq 367
   901      6.989 gfx: paging submit, 15 dwords from private buffer at 0x4DC, seq 368
   902      6.989 wddm: CloseAllocation 1 allocations
   903      6.989 wddm: DestroyAllocation 1 allocations
   904      6.989 wddm: BuildPagingBuffer operation 2 segment 0, 64232 bytes free, pass offset 0
   905      6.989 gfx: paging submit, 41 dwords from private buffer at 0x518, seq 369
   906      6.989 gfx: paging submit, 15 dwords from private buffer at 0x5BC, seq 370
   907      6.989 wddm: CloseAllocation 1 allocations
   908      6.989 wddm: DestroyAllocation 1 allocations
   909      6.989 wddm: DestroyDevice
   910      7.010 wddm: SetRootPageTable segment 3 offset 0xFEAF000, 512 entries
   911      7.010 wddm: SubmitCommandVirtual fence 5 node 0 flags 0x00000002 va 0x10000 size 0
   912      7.010 wddm: malformed virtual present rejected
   913      8.140 wddm summary: ---- DDI calls: name, count, first log line ----
   914      8.140 wddm summary: QueryAdapterInfo                   12  first at 170
   915      8.140 wddm summary: GetNodeMetadata                     2  first at 178
   916      8.140 wddm summary: CreateDevice                        7  first at 185
   917      8.140 wddm summary: DestroyDevice                       4  first at 507
   918      8.140 wddm summary: CreateContext                       6  first at 188
   919      8.140 wddm summary: DestroyContext                      4  first at 495
   920      8.140 wddm summary: CreateProcess                       3  first at 184
   921      8.140 wddm summary: DestroyProcess                      1  first at 544
   922      8.140 wddm summary: SetRootPageTable                    6  first at 210
   923      8.140 wddm summary: CreateAllocation                   10  first at 247
   924      8.140 wddm summary: DestroyAllocation                   8  first at 500
   925      8.140 wddm summary: DescribeAllocation                 15  first at 302
   926      8.140 wddm summary: GetStandardAllocationDriverData     20  first at 245
   927      8.140 wddm summary: OpenAllocation                     10  first at 249
   928      8.140 wddm summary: CloseAllocation                     8  first at 499
   929      8.140 wddm summary: BuildPagingBuffer                1600  first at 190
   930      8.140 wddm summary: SubmitCommandVirtual              375  first at 230
   931      8.140 wddm summary: Present                            11  first at 366
   932      8.140 wddm summary: SetVidPnSourceAddress               5  first at 354
   933      8.140 wddm summary: ControlInterrupt                  156  first at 358
   934      8.140 wddm summary: ---- QueryAdapterInfo types: type, count, first log line ----
   935      8.140 wddm summary: adapter info type   1       1  first at 170
   936      8.140 wddm summary: adapter info type  15       1  first at 171
   937      8.140 wddm summary: adapter info type  47       1  first at 172
   938      8.140 wddm summary: adapter info type  13       1  first at 173
   939      8.140 wddm summary: adapter info type  14       4  first at 174
   940      8.140 wddm summary: adapter info type  11       2  first at 181
   941      8.140 wddm summary: adapter info type  10       1  first at 183
   942      8.140 wddm summary: adapter info type  16       1  first at 183
   943      8.140 wddm summary: capture plans reserved 0 heap 0
   944      8.140 wddm summary: ---- BuildPagingBuffer operations: operation, count, first log line ----
   945      8.140 wddm summary: paging operation  11    1409  first at 190
   946      8.140 wddm summary: paging operation  12      63  first at 238
   947      8.140 wddm summary: paging operation   9     124  first at 257
   948      8.140 wddm summary: paging operation   2       4  first at 501
   949      8.140 wddm summary: objects created/destroyed: dev 7/4 ctx 6/4 proc 3/1 alloc 10/8, 13 alive
   950      8.140 wddm summary: allocations opened/closed: 10/8 calls
   951      8.140 wddm summary: submissions 0 physical + 375 virtual, 0 preemptions, last completed fence 5
   952      8.140 wddm summary: node 0 hardware: 0 submitted, 0 completed, 0 timeouts, 0 refused
   953      8.140 wddm summary: umd: 0 allocs (0 refused), 0 contexts, 0 submits on the ring, 0 not run
   954      8.140 wddm profile: umd calls 0, elapsed ticks 0, QPC frequency 10000000
   955      8.140 wddm profile: probe enabled 0, calls 0, elapsed ticks 0 (included in umd)
   956      8.140 wddm summary: node 1 (paging, open): 370 hardware submitted, 370 completed, 0 timeouts, 0 refused
   957      8.140 wddm summary: SubmitCommandVirtual by node: 0: 5, 1: 370, 0 private-buffer refusals
   958      8.140 wddm summary: BuildPagingBuffer: 0 transfers, 124 fills, 92160000 bytes, 274 insufficient-buffer
   959      8.140 wddm summary: aperture map batches 0, unmap batches 0
   960      8.140 wddm summary: paging TLB invalidations 63, PTE update batches 373
   961      8.140 wddm summary: paging unsupported (not ready/no root/no translation/system memory/not contiguous) 0/0/0/0/0
   962      8.140 wddm summary: presents 11, flips 5 of 5 address calls (0 arrived above DISPATCH_LEVEL)
   963      8.140 wddm summary: blit gate closed, 0 blits, 0 skips, 0 sources translated contiguous
   964      8.140 wddm summary: blit destination: 0 to the flipped surface, 0 to the POST framebuffer (0 a failed-mapping fallback), 0 scanout remaps (0 failed), last blit 0 row
   965      8.140 wddm summary: widest blit 0 rows
   966      8.140 wddm summary: last blit reading 0, 0x0 pitch 0, 0 rectangles, source physical 0x0
   967      8.140 wddm summary: vsync not enabled by ControlInterrupt, 485 ticks, 78 reported to dxgkrnl
   968      8.140 wddm summary: vidpn flip closed: 0 hardware flips, 0 refused, 0 hardware vsyncs armed 0 acked 0 refused 0 deferred (flip still pending)
   969      8.140 wddm summary: no TDR (ResetEngine, ResetFromTimeout and RestartFromTimeout were never called)
   970      8.140 wddm summary: CollectDbgInfo called 0 time(s) since the driver was loaded
   971      8.140 vidmm summary: level 0: 1024 calls, 262656 entries, 512 valid
   972      8.140 vidmm summary: level 1: 2 calls, 1024 entries, 512 valid
   973      8.140 vidmm summary: level 2: 1 calls, 512 entries, 2 valid
   974      8.140 vidmm summary: level 3: 1 calls, 512 entries, 1 valid
   975      8.140 vidmm summary: system leaf encoding coherent 0 noncoherent 20 snoop mismatches 0
   976      8.140 vidmm summary: 1028 cpu-virtual calls, 0 gpu-physical calls
   977      8.140 vidmm summary: 264704 entries written (EnableGpuVa open), 0 refused, 0 bad calls, 6 roots
             978 lines printed
boot_after=2026-09-24T05:20:01
full_start_script_complete