GPU_RESIDENCY bytes=1073741824 heap=4
D3DKMTEnumAdapters2 (count)        0x00000000  STATUS_SUCCESS
    34 adapter(s)
D3DKMTEnumAdapters2                0x00000000  STATUS_SUCCESS
  adapter 0: LUID 00000000:0023BC3B  NumOfSources 0
    AdapterString "Microsoft Basic Display Adapter"  ChipType ""
    UmdFileName   "bc250umd.dll"
    ^ selected
  adapter 1: LUID 00000000:00008FD5  NumOfSources 0
    UmdFileName   "d3d10warp.dll"
D3DKMTOpenAdapterFromLuid          0x00000000  STATUS_SUCCESS
    hAdapter 0x40000080 for LUID 00000000:0023BC3B
QueryAdapterInfo GPUMMU_CAPS       0x00000000  STATUS_SUCCESS
    VirtualAddressBitCount 48, flags 0x00000000 (ReadOnly 0, NoExecute 0, CacheCoherent 0)
QueryAdapterInfo NODEMETADATA 0    0x00000000  STATUS_SUCCESS
    node 0: EngineType 1 "BC-250 GFX" GpuMmu 1 IoMmu 0 flags 0x00000000
QueryAdapterInfo DRIVERVERSION     0x00000000  STATUS_SUCCESS
    KMT_DRIVERVERSION 2000 (2000 = WDDM 2.0)
QueryAdapterInfo WDDM_2_0_CAPS     0x00000000  STATUS_SUCCESS
    WDDM_2_0_CAPS 0x00000003 (GpuMmuSupported 1, IoMmuSupported 0)
D3DKMTCreateDevice                 0x00000000  STATUS_SUCCESS
    hDevice 0x400000C0
D3DKMTCreatePagingQueue            0x00000000  STATUS_SUCCESS
    hPagingQueue 0x40000140 hSyncObject 0x40000100 fence CPU VA 000001E81DD30000, current value 7000
CreateAllocation2 BC2A [preserved] 0x00000000  STATUS_SUCCESS
    mapping 262144 page(s) of 0x40000000 bytes at base 0x0000000000000000
D3DKMTMapGpuVirtualAddress [preserved] 0x00000103  STATUS_PENDING
    VirtualAddress 0x0000000000010000 (asked 0x0000000000000000, honoured), PagingFenceValue 7001
    paging fence for MapGpuVirtualAddress reached 7001 (waited for 7001)
D3DKMTMakeResident [preserved]     0x00000103  STATUS_PENDING
    NumAllocations back 1, PagingFenceValue 7002, NumBytesToTrim 0
    STATUS_PENDING: the fence below is the completion
    paging fence for MakeResident reached 7002 (waited for 7002)
CreateAllocation2 BC2A [gpu-ib]    0x00000000  STATUS_SUCCESS
    mapping 16 page(s) of 0x10000 bytes at base 0x0000000000000000
D3DKMTMapGpuVirtualAddress [gpu-ib] 0x00000103  STATUS_PENDING
    VirtualAddress 0x0000000040010000 (asked 0x0000000000000000, honoured), PagingFenceValue 7003
    paging fence for MapGpuVirtualAddress reached 7003 (waited for 7003)
D3DKMTMakeResident [gpu-ib]        0x00000103  STATUS_PENDING
    NumAllocations back 1, PagingFenceValue 7004, NumBytesToTrim 0
    STATUS_PENDING: the fence below is the completion
    paging fence for MakeResident reached 7004 (waited for 7004)
CreateAllocation2 BC2A [gpu-readback] 0x00000000  STATUS_SUCCESS
    mapping 256 page(s) of 0x100000 bytes at base 0x0000000000000000
D3DKMTMapGpuVirtualAddress [gpu-readback] 0x00000103  STATUS_PENDING
    VirtualAddress 0x0000000040020000 (asked 0x0000000000000000, honoured), PagingFenceValue 7005
    paging fence for MapGpuVirtualAddress reached 7005 (waited for 7005)
D3DKMTMakeResident [gpu-readback]  0x00000103  STATUS_PENDING
    NumAllocations back 1, PagingFenceValue 7006, NumBytesToTrim 0
    STATUS_PENDING: the fence below is the completion
    paging fence for MakeResident reached 7006 (waited for 7006)
CreateContextVirtual BC2C          0x00000000  STATUS_SUCCESS
D3DKMTCreateSynchronizationObject2 0x00000000  STATUS_SUCCESS
    hSyncObject 0x40000280, fence CPU VA 000001E81DD30040, fence GPU VA 0x0000000040120040, initial value 0
D3DKMTLock2 [preserved]            0x00000000  STATUS_SUCCESS
    locked at CPU VA 000001E81E2A0000
PATTERN preserved bytes=1073741824 write=1 mismatches=0 word_hash=CF93C563F4222325
D3DKMTUnlock2 [preserved]          0x00000000  STATUS_SUCCESS
D3DKMTLock2 [gpu-readback]         0x00000000  STATUS_SUCCESS
    locked at CPU VA 000001E85E2B0000
D3DKMTUnlock2 [gpu-readback]       0x00000000  STATUS_SUCCESS
D3DKMTLock2 [gpu-ib]               0x00000000  STATUS_SUCCESS
    locked at CPU VA 000001E85E2A0000
D3DKMTUnlock2 [gpu-ib]             0x00000000  STATUS_SUCCESS
Submit GPU readback                0x00000000  STATUS_SUCCESS
    asking the context to signal the monitored fence to 1
D3DKMTSignalSynchronizationObjectFromGpu 0x00000000  STATUS_SUCCESS
D3DKMTWaitForSynchronizationObjectFromCpu 0x00000000  STATUS_SUCCESS
    the monitored fence reached 1 after 0 ms
D3DKMTLock2 [gpu-readback]         0x00000000  STATUS_SUCCESS
    locked at CPU VA 000001E85E2B0000
D3DKMTUnlock2 [gpu-readback]       0x00000000  STATUS_SUCCESS
D3DKMTLock2 [gpu-readback]         0x00000000  STATUS_SUCCESS
    locked at CPU VA 000001E85E2B0000
D3DKMTUnlock2 [gpu-readback]       0x00000000  STATUS_SUCCESS
D3DKMTLock2 [gpu-ib]               0x00000000  STATUS_SUCCESS
    locked at CPU VA 000001E85E2A0000
D3DKMTUnlock2 [gpu-ib]             0x00000000  STATUS_SUCCESS
Submit GPU readback                0x00000000  STATUS_SUCCESS
    asking the context to signal the monitored fence to 2
D3DKMTSignalSynchronizationObjectFromGpu 0x00000000  STATUS_SUCCESS
D3DKMTWaitForSynchronizationObjectFromCpu 0x00000000  STATUS_SUCCESS
    the monitored fence reached 2 after 0 ms
D3DKMTLock2 [gpu-readback]         0x00000000  STATUS_SUCCESS
    locked at CPU VA 000001E85E2B0000
D3DKMTUnlock2 [gpu-readback]       0x00000000  STATUS_SUCCESS
D3DKMTLock2 [gpu-readback]         0x00000000  STATUS_SUCCESS
    locked at CPU VA 000001E85E2B0000
D3DKMTUnlock2 [gpu-readback]       0x00000000  STATUS_SUCCESS
D3DKMTLock2 [gpu-ib]               0x00000000  STATUS_SUCCESS
    locked at CPU VA 000001E85E2A0000
D3DKMTUnlock2 [gpu-ib]             0x00000000  STATUS_SUCCESS
Submit GPU readback                0x00000000  STATUS_SUCCESS
    asking the context to signal the monitored fence to 3
D3DKMTSignalSynchronizationObjectFromGpu 0x00000000  STATUS_SUCCESS
D3DKMTWaitForSynchronizationObjectFromCpu 0x00000000  STATUS_SUCCESS
    the monitored fence reached 3 after 0 ms
D3DKMTLock2 [gpu-readback]         0x00000000  STATUS_SUCCESS
    locked at CPU VA 000001E85E2B0000
D3DKMTUnlock2 [gpu-readback]       0x00000000  STATUS_SUCCESS
D3DKMTLock2 [gpu-readback]         0x00000000  STATUS_SUCCESS
    locked at CPU VA 000001E85E2B0000
D3DKMTUnlock2 [gpu-readback]       0x00000000  STATUS_SUCCESS
D3DKMTLock2 [gpu-ib]               0x00000000  STATUS_SUCCESS
    locked at CPU VA 000001E85E2A0000
D3DKMTUnlock2 [gpu-ib]             0x00000000  STATUS_SUCCESS
Submit GPU readback                0x00000000  STATUS_SUCCESS
    asking the context to signal the monitored fence to 4
D3DKMTSignalSynchronizationObjectFromGpu 0x00000000  STATUS_SUCCESS
D3DKMTWaitForSynchronizationObjectFromCpu 0x00000000  STATUS_SUCCESS
    the monitored fence reached 4 after 0 ms
D3DKMTLock2 [gpu-readback]         0x00000000  STATUS_SUCCESS
    locked at CPU VA 000001E85E2B0000
D3DKMTUnlock2 [gpu-readback]       0x00000000  STATUS_SUCCESS
D3DKMTLock2 [gpu-readback]         0x00000000  STATUS_SUCCESS
    locked at CPU VA 000001E85E2B0000
D3DKMTUnlock2 [gpu-readback]       0x00000000  STATUS_SUCCESS
D3DKMTLock2 [gpu-ib]               0x00000000  STATUS_SUCCESS
    locked at CPU VA 000001E85E2A0000
D3DKMTUnlock2 [gpu-ib]             0x00000000  STATUS_SUCCESS
Submit GPU readback                0x00000000  STATUS_SUCCESS
    asking the context to signal the monitored fence to 5
D3DKMTSignalSynchronizationObjectFromGpu 0x00000000  STATUS_SUCCESS
D3DKMTWaitForSynchronizationObjectFromCpu 0x00000000  STATUS_SUCCESS
    the monitored fence reached 5 after 0 ms
D3DKMTLock2 [gpu-readback]         0x00000000  STATUS_SUCCESS
    locked at CPU VA 000001E85E2B0000
D3DKMTUnlock2 [gpu-readback]       0x00000000  STATUS_SUCCESS
D3DKMTLock2 [gpu-readback]         0x00000000  STATUS_SUCCESS
    locked at CPU VA 000001E85E2B0000
D3DKMTUnlock2 [gpu-readback]       0x00000000  STATUS_SUCCESS
D3DKMTLock2 [gpu-ib]               0x00000000  STATUS_SUCCESS
    locked at CPU VA 000001E85E2A0000
D3DKMTUnlock2 [gpu-ib]             0x00000000  STATUS_SUCCESS
Submit GPU readback                0x00000000  STATUS_SUCCESS
    asking the context to signal the monitored fence to 6
D3DKMTSignalSynchronizationObjectFromGpu 0x00000000  STATUS_SUCCESS
D3DKMTWaitForSynchronizationObjectFromCpu 0x00000000  STATUS_SUCCESS
    the monitored fence reached 6 after 0 ms
D3DKMTLock2 [gpu-readback]         0x00000000  STATUS_SUCCESS
    locked at CPU VA 000001E85E2B0000
D3DKMTUnlock2 [gpu-readback]       0x00000000  STATUS_SUCCESS
D3DKMTLock2 [gpu-readback]         0x00000000  STATUS_SUCCESS
    locked at CPU VA 000001E85E2B0000
D3DKMTUnlock2 [gpu-readback]       0x00000000  STATUS_SUCCESS
D3DKMTLock2 [gpu-ib]               0x00000000  STATUS_SUCCESS
    locked at CPU VA 000001E85E2A0000
D3DKMTUnlock2 [gpu-ib]             0x00000000  STATUS_SUCCESS
Submit GPU readback                0x00000000  STATUS_SUCCESS
    asking the context to signal the monitored fence to 7
D3DKMTSignalSynchronizationObjectFromGpu 0x00000000  STATUS_SUCCESS
D3DKMTWaitForSynchronizationObjectFromCpu 0x00000000  STATUS_SUCCESS
    the monitored fence reached 7 after 0 ms
D3DKMTLock2 [gpu-readback]         0x00000000  STATUS_SUCCESS
    locked at CPU VA 000001E85E2B0000
D3DKMTUnlock2 [gpu-readback]       0x00000000  STATUS_SUCCESS
D3DKMTLock2 [gpu-readback]         0x00000000  STATUS_SUCCESS
    locked at CPU VA 000001E85E2B0000
D3DKMTUnlock2 [gpu-readback]       0x00000000  STATUS_SUCCESS
D3DKMTLock2 [gpu-ib]               0x00000000  STATUS_SUCCESS
    locked at CPU VA 000001E85E2A0000
D3DKMTUnlock2 [gpu-ib]             0x00000000  STATUS_SUCCESS
Submit GPU readback                0x00000000  STATUS_SUCCESS
    asking the context to signal the monitored fence to 8
D3DKMTSignalSynchronizationObjectFromGpu 0x00000000  STATUS_SUCCESS
D3DKMTWaitForSynchronizationObjectFromCpu 0x00000000  STATUS_SUCCESS
    the monitored fence reached 8 after 0 ms
D3DKMTLock2 [gpu-readback]         0x00000000  STATUS_SUCCESS
    locked at CPU VA 000001E85E2B0000
D3DKMTUnlock2 [gpu-readback]       0x00000000  STATUS_SUCCESS
D3DKMTLock2 [gpu-readback]         0x00000000  STATUS_SUCCESS
    locked at CPU VA 000001E85E2B0000
D3DKMTUnlock2 [gpu-readback]       0x00000000  STATUS_SUCCESS
D3DKMTLock2 [gpu-ib]               0x00000000  STATUS_SUCCESS
    locked at CPU VA 000001E85E2A0000
D3DKMTUnlock2 [gpu-ib]             0x00000000  STATUS_SUCCESS
Submit GPU readback                0x00000000  STATUS_SUCCESS
    asking the context to signal the monitored fence to 9
D3DKMTSignalSynchronizationObjectFromGpu 0x00000000  STATUS_SUCCESS
D3DKMTWaitForSynchronizationObjectFromCpu 0x00000000  STATUS_SUCCESS
    the monitored fence reached 9 after 0 ms
D3DKMTLock2 [gpu-readback]         0x00000000  STATUS_SUCCESS
    locked at CPU VA 000001E85E2B0000
D3DKMTUnlock2 [gpu-readback]       0x00000000  STATUS_SUCCESS
D3DKMTLock2 [gpu-readback]         0x00000000  STATUS_SUCCESS
    locked at CPU VA 000001E85E2B0000
D3DKMTUnlock2 [gpu-readback]       0x00000000  STATUS_SUCCESS
D3DKMTLock2 [gpu-ib]               0x00000000  STATUS_SUCCESS
    locked at CPU VA 000001E85E2A0000
D3DKMTUnlock2 [gpu-ib]             0x00000000  STATUS_SUCCESS
Submit GPU readback                0x00000000  STATUS_SUCCESS
    asking the context to signal the monitored fence to 10
D3DKMTSignalSynchronizationObjectFromGpu 0x00000000  STATUS_SUCCESS
D3DKMTWaitForSynchronizationObjectFromCpu 0x00000000  STATUS_SUCCESS
    the monitored fence reached 10 after 0 ms
D3DKMTLock2 [gpu-readback]         0x00000000  STATUS_SUCCESS
    locked at CPU VA 000001E85E2B0000
D3DKMTUnlock2 [gpu-readback]       0x00000000  STATUS_SUCCESS
D3DKMTLock2 [gpu-readback]         0x00000000  STATUS_SUCCESS
    locked at CPU VA 000001E85E2B0000
D3DKMTUnlock2 [gpu-readback]       0x00000000  STATUS_SUCCESS
D3DKMTLock2 [gpu-ib]               0x00000000  STATUS_SUCCESS
    locked at CPU VA 000001E85E2A0000
D3DKMTUnlock2 [gpu-ib]             0x00000000  STATUS_SUCCESS
Submit GPU readback                0x00000000  STATUS_SUCCESS
    asking the context to signal the monitored fence to 11
D3DKMTSignalSynchronizationObjectFromGpu 0x00000000  STATUS_SUCCESS
D3DKMTWaitForSynchronizationObjectFromCpu 0x00000000  STATUS_SUCCESS
    the monitored fence reached 11 after 0 ms
D3DKMTLock2 [gpu-readback]         0x00000000  STATUS_SUCCESS
    locked at CPU VA 000001E85E2B0000
D3DKMTUnlock2 [gpu-readback]       0x00000000  STATUS_SUCCESS
D3DKMTLock2 [gpu-readback]         0x00000000  STATUS_SUCCESS
    locked at CPU VA 000001E85E2B0000
D3DKMTUnlock2 [gpu-readback]       0x00000000  STATUS_SUCCESS
D3DKMTLock2 [gpu-ib]               0x00000000  STATUS_SUCCESS
    locked at CPU VA 000001E85E2A0000
D3DKMTUnlock2 [gpu-ib]             0x00000000  STATUS_SUCCESS
Submit GPU readback                0x00000000  STATUS_SUCCESS
    asking the context to signal the monitored fence to 12
D3DKMTSignalSynchronizationObjectFromGpu 0x00000000  STATUS_SUCCESS
D3DKMTWaitForSynchronizationObjectFromCpu 0x00000000  STATUS_SUCCESS
    the monitored fence reached 12 after 0 ms
D3DKMTLock2 [gpu-readback]         0x00000000  STATUS_SUCCESS
    locked at CPU VA 000001E85E2B0000
D3DKMTUnlock2 [gpu-readback]       0x00000000  STATUS_SUCCESS
D3DKMTLock2 [gpu-readback]         0x00000000  STATUS_SUCCESS
    locked at CPU VA 000001E85E2B0000
D3DKMTUnlock2 [gpu-readback]       0x00000000  STATUS_SUCCESS
D3DKMTLock2 [gpu-ib]               0x00000000  STATUS_SUCCESS
    locked at CPU VA 000001E85E2A0000
D3DKMTUnlock2 [gpu-ib]             0x00000000  STATUS_SUCCESS
Submit GPU readback                0x00000000  STATUS_SUCCESS
    asking the context to signal the monitored fence to 13
D3DKMTSignalSynchronizationObjectFromGpu 0x00000000  STATUS_SUCCESS
D3DKMTWaitForSynchronizationObjectFromCpu 0x00000000  STATUS_SUCCESS
    the monitored fence reached 13 after 0 ms
D3DKMTLock2 [gpu-readback]         0x00000000  STATUS_SUCCESS
    locked at CPU VA 000001E85E2B0000
D3DKMTUnlock2 [gpu-readback]       0x00000000  STATUS_SUCCESS
D3DKMTLock2 [gpu-readback]         0x00000000  STATUS_SUCCESS
    locked at CPU VA 000001E85E2B0000
D3DKMTUnlock2 [gpu-readback]       0x00000000  STATUS_SUCCESS
D3DKMTLock2 [gpu-ib]               0x00000000  STATUS_SUCCESS
    locked at CPU VA 000001E85E2A0000
D3DKMTUnlock2 [gpu-ib]             0x00000000  STATUS_SUCCESS
Submit GPU readback                0x00000000  STATUS_SUCCESS
    asking the context to signal the monitored fence to 14
D3DKMTSignalSynchronizationObjectFromGpu 0x00000000  STATUS_SUCCESS
D3DKMTWaitForSynchronizationObjectFromCpu 0x00000000  STATUS_SUCCESS
    the monitored fence reached 14 after 0 ms
D3DKMTLock2 [gpu-readback]         0x00000000  STATUS_SUCCESS
    locked at CPU VA 000001E85E2B0000
D3DKMTUnlock2 [gpu-readback]       0x00000000  STATUS_SUCCESS
D3DKMTLock2 [gpu-readback]         0x00000000  STATUS_SUCCESS
    locked at CPU VA 000001E85E2B0000
D3DKMTUnlock2 [gpu-readback]       0x00000000  STATUS_SUCCESS
D3DKMTLock2 [gpu-ib]               0x00000000  STATUS_SUCCESS
    locked at CPU VA 000001E85E2A0000
D3DKMTUnlock2 [gpu-ib]             0x00000000  STATUS_SUCCESS
Submit GPU readback                0x00000000  STATUS_SUCCESS
    asking the context to signal the monitored fence to 15
D3DKMTSignalSynchronizationObjectFromGpu 0x00000000  STATUS_SUCCESS
D3DKMTWaitForSynchronizationObjectFromCpu 0x00000000  STATUS_SUCCESS
    the monitored fence reached 15 after 0 ms
D3DKMTLock2 [gpu-readback]         0x00000000  STATUS_SUCCESS
    locked at CPU VA 000001E85E2B0000
D3DKMTUnlock2 [gpu-readback]       0x00000000  STATUS_SUCCESS
D3DKMTLock2 [gpu-readback]         0x00000000  STATUS_SUCCESS
    locked at CPU VA 000001E85E2B0000
D3DKMTUnlock2 [gpu-readback]       0x00000000  STATUS_SUCCESS
D3DKMTLock2 [gpu-ib]               0x00000000  STATUS_SUCCESS
    locked at CPU VA 000001E85E2A0000
D3DKMTUnlock2 [gpu-ib]             0x00000000  STATUS_SUCCESS
Submit GPU readback                0x00000000  STATUS_SUCCESS
    asking the context to signal the monitored fence to 16
D3DKMTSignalSynchronizationObjectFromGpu 0x00000000  STATUS_SUCCESS
D3DKMTWaitForSynchronizationObjectFromCpu 0x00000000  STATUS_SUCCESS
    the monitored fence reached 16 after 0 ms
D3DKMTLock2 [gpu-readback]         0x00000000  STATUS_SUCCESS
    locked at CPU VA 000001E85E2B0000
D3DKMTUnlock2 [gpu-readback]       0x00000000  STATUS_SUCCESS
D3DKMTLock2 [gpu-readback]         0x00000000  STATUS_SUCCESS
    locked at CPU VA 000001E85E2B0000
D3DKMTUnlock2 [gpu-readback]       0x00000000  STATUS_SUCCESS
D3DKMTLock2 [gpu-ib]               0x00000000  STATUS_SUCCESS
    locked at CPU VA 000001E85E2A0000
D3DKMTUnlock2 [gpu-ib]             0x00000000  STATUS_SUCCESS
Submit GPU readback                0x00000000  STATUS_SUCCESS
    asking the context to signal the monitored fence to 17
D3DKMTSignalSynchronizationObjectFromGpu 0x00000000  STATUS_SUCCESS
D3DKMTWaitForSynchronizationObjectFromCpu 0x00000000  STATUS_SUCCESS
    the monitored fence reached 17 after 0 ms
D3DKMTLock2 [gpu-readback]         0x00000000  STATUS_SUCCESS
    locked at CPU VA 000001E85E2B0000
D3DKMTUnlock2 [gpu-readback]       0x00000000  STATUS_SUCCESS
D3DKMTLock2 [gpu-readback]         0x00000000  STATUS_SUCCESS
    locked at CPU VA 000001E85E2B0000
D3DKMTUnlock2 [gpu-readback]       0x00000000  STATUS_SUCCESS
D3DKMTLock2 [gpu-ib]               0x00000000  STATUS_SUCCESS
    locked at CPU VA 000001E85E2A0000
D3DKMTUnlock2 [gpu-ib]             0x00000000  STATUS_SUCCESS
Submit GPU readback                0x00000000  STATUS_SUCCESS
    asking the context to signal the monitored fence to 18
D3DKMTSignalSynchronizationObjectFromGpu 0x00000000  STATUS_SUCCESS
D3DKMTWaitForSynchronizationObjectFromCpu 0x00000000  STATUS_SUCCESS
    the monitored fence reached 18 after 0 ms
D3DKMTLock2 [gpu-readback]         0x00000000  STATUS_SUCCESS
    locked at CPU VA 000001E85E2B0000
D3DKMTUnlock2 [gpu-readback]       0x00000000  STATUS_SUCCESS
D3DKMTLock2 [gpu-readback]         0x00000000  STATUS_SUCCESS
    locked at CPU VA 000001E85E2B0000
D3DKMTUnlock2 [gpu-readback]       0x00000000  STATUS_SUCCESS
D3DKMTLock2 [gpu-ib]               0x00000000  STATUS_SUCCESS
    locked at CPU VA 000001E85E2A0000
D3DKMTUnlock2 [gpu-ib]             0x00000000  STATUS_SUCCESS
Submit GPU readback                0x00000000  STATUS_SUCCESS
    asking the context to signal the monitored fence to 19
D3DKMTSignalSynchronizationObjectFromGpu 0x00000000  STATUS_SUCCESS
D3DKMTWaitForSynchronizationObjectFromCpu 0x00000000  STATUS_SUCCESS
    the monitored fence reached 19 after 0 ms
D3DKMTLock2 [gpu-readback]         0x00000000  STATUS_SUCCESS
    locked at CPU VA 000001E85E2B0000
D3DKMTUnlock2 [gpu-readback]       0x00000000  STATUS_SUCCESS
D3DKMTLock2 [gpu-readback]         0x00000000  STATUS_SUCCESS
    locked at CPU VA 000001E85E2B0000
D3DKMTUnlock2 [gpu-readback]       0x00000000  STATUS_SUCCESS
D3DKMTLock2 [gpu-ib]               0x00000000  STATUS_SUCCESS
    locked at CPU VA 000001E85E2A0000
D3DKMTUnlock2 [gpu-ib]             0x00000000  STATUS_SUCCESS
Submit GPU readback                0x00000000  STATUS_SUCCESS
    asking the context to signal the monitored fence to 20
D3DKMTSignalSynchronizationObjectFromGpu 0x00000000  STATUS_SUCCESS
D3DKMTWaitForSynchronizationObjectFromCpu 0x00000000  STATUS_SUCCESS
    the monitored fence reached 20 after 0 ms
D3DKMTLock2 [gpu-readback]         0x00000000  STATUS_SUCCESS
    locked at CPU VA 000001E85E2B0000
D3DKMTUnlock2 [gpu-readback]       0x00000000  STATUS_SUCCESS
D3DKMTLock2 [gpu-readback]         0x00000000  STATUS_SUCCESS
    locked at CPU VA 000001E85E2B0000
D3DKMTUnlock2 [gpu-readback]       0x00000000  STATUS_SUCCESS
D3DKMTLock2 [gpu-ib]               0x00000000  STATUS_SUCCESS
    locked at CPU VA 000001E85E2A0000
D3DKMTUnlock2 [gpu-ib]             0x00000000  STATUS_SUCCESS
Submit GPU readback                0x00000000  STATUS_SUCCESS
    asking the context to signal the monitored fence to 21
D3DKMTSignalSynchronizationObjectFromGpu 0x00000000  STATUS_SUCCESS
D3DKMTWaitForSynchronizationObjectFromCpu 0x00000000  STATUS_SUCCESS
    the monitored fence reached 21 after 0 ms
D3DKMTLock2 [gpu-readback]         0x00000000  STATUS_SUCCESS
    locked at CPU VA 000001E85E2B0000
D3DKMTUnlock2 [gpu-readback]       0x00000000  STATUS_SUCCESS
D3DKMTLock2 [gpu-readback]         0x00000000  STATUS_SUCCESS
    locked at CPU VA 000001E85E2B0000
D3DKMTUnlock2 [gpu-readback]       0x00000000  STATUS_SUCCESS
D3DKMTLock2 [gpu-ib]               0x00000000  STATUS_SUCCESS
    locked at CPU VA 000001E85E2A0000
D3DKMTUnlock2 [gpu-ib]             0x00000000  STATUS_SUCCESS
Submit GPU readback                0x00000000  STATUS_SUCCESS
    asking the context to signal the monitored fence to 22
D3DKMTSignalSynchronizationObjectFromGpu 0x00000000  STATUS_SUCCESS
D3DKMTWaitForSynchronizationObjectFromCpu 0x00000000  STATUS_SUCCESS
    the monitored fence reached 22 after 0 ms
D3DKMTLock2 [gpu-readback]         0x00000000  STATUS_SUCCESS
    locked at CPU VA 000001E85E2B0000
D3DKMTUnlock2 [gpu-readback]       0x00000000  STATUS_SUCCESS
D3DKMTLock2 [gpu-readback]         0x00000000  STATUS_SUCCESS
    locked at CPU VA 000001E85E2B0000
D3DKMTUnlock2 [gpu-readback]       0x00000000  STATUS_SUCCESS
D3DKMTLock2 [gpu-ib]               0x00000000  STATUS_SUCCESS
    locked at CPU VA 000001E85E2A0000
D3DKMTUnlock2 [gpu-ib]             0x00000000  STATUS_SUCCESS
Submit GPU readback                0x00000000  STATUS_SUCCESS
    asking the context to signal the monitored fence to 23
D3DKMTSignalSynchronizationObjectFromGpu 0x00000000  STATUS_SUCCESS
D3DKMTWaitForSynchronizationObjectFromCpu 0x00000000  STATUS_SUCCESS
    the monitored fence reached 23 after 0 ms
D3DKMTLock2 [gpu-readback]         0x00000000  STATUS_SUCCESS
    locked at CPU VA 000001E85E2B0000
D3DKMTUnlock2 [gpu-readback]       0x00000000  STATUS_SUCCESS
D3DKMTLock2 [gpu-readback]         0x00000000  STATUS_SUCCESS
    locked at CPU VA 000001E85E2B0000
D3DKMTUnlock2 [gpu-readback]       0x00000000  STATUS_SUCCESS
D3DKMTLock2 [gpu-ib]               0x00000000  STATUS_SUCCESS
    locked at CPU VA 000001E85E2A0000
D3DKMTUnlock2 [gpu-ib]             0x00000000  STATUS_SUCCESS
Submit GPU readback                0x00000000  STATUS_SUCCESS
    asking the context to signal the monitored fence to 24
D3DKMTSignalSynchronizationObjectFromGpu 0x00000000  STATUS_SUCCESS
D3DKMTWaitForSynchronizationObjectFromCpu 0x00000000  STATUS_SUCCESS
    the monitored fence reached 24 after 0 ms
D3DKMTLock2 [gpu-readback]         0x00000000  STATUS_SUCCESS
    locked at CPU VA 000001E85E2B0000
D3DKMTUnlock2 [gpu-readback]       0x00000000  STATUS_SUCCESS
D3DKMTLock2 [gpu-readback]         0x00000000  STATUS_SUCCESS
    locked at CPU VA 000001E85E2B0000
D3DKMTUnlock2 [gpu-readback]       0x00000000  STATUS_SUCCESS
D3DKMTLock2 [gpu-ib]               0x00000000  STATUS_SUCCESS
    locked at CPU VA 000001E85E2A0000
D3DKMTUnlock2 [gpu-ib]             0x00000000  STATUS_SUCCESS
Submit GPU readback                0x00000000  STATUS_SUCCESS
    asking the context to signal the monitored fence to 25
D3DKMTSignalSynchronizationObjectFromGpu 0x00000000  STATUS_SUCCESS
D3DKMTWaitForSynchronizationObjectFromCpu 0x00000000  STATUS_SUCCESS
    the monitored fence reached 25 after 0 ms
D3DKMTLock2 [gpu-readback]         0x00000000  STATUS_SUCCESS
    locked at CPU VA 000001E85E2B0000
D3DKMTUnlock2 [gpu-readback]       0x00000000  STATUS_SUCCESS
D3DKMTLock2 [gpu-readback]         0x00000000  STATUS_SUCCESS
    locked at CPU VA 000001E85E2B0000
D3DKMTUnlock2 [gpu-readback]       0x00000000  STATUS_SUCCESS
D3DKMTLock2 [gpu-ib]               0x00000000  STATUS_SUCCESS
    locked at CPU VA 000001E85E2A0000
D3DKMTUnlock2 [gpu-ib]             0x00000000  STATUS_SUCCESS
Submit GPU readback                0x00000000  STATUS_SUCCESS
    asking the context to signal the monitored fence to 26
D3DKMTSignalSynchronizationObjectFromGpu 0x00000000  STATUS_SUCCESS
D3DKMTWaitForSynchronizationObjectFromCpu 0x00000000  STATUS_SUCCESS
    the monitored fence reached 26 after 0 ms
D3DKMTLock2 [gpu-readback]         0x00000000  STATUS_SUCCESS
    locked at CPU VA 000001E85E2B0000
D3DKMTUnlock2 [gpu-readback]       0x00000000  STATUS_SUCCESS
D3DKMTLock2 [gpu-readback]         0x00000000  STATUS_SUCCESS
    locked at CPU VA 000001E85E2B0000
D3DKMTUnlock2 [gpu-readback]       0x00000000  STATUS_SUCCESS
D3DKMTLock2 [gpu-ib]               0x00000000  STATUS_SUCCESS
    locked at CPU VA 000001E85E2A0000
D3DKMTUnlock2 [gpu-ib]             0x00000000  STATUS_SUCCESS
Submit GPU readback                0x00000000  STATUS_SUCCESS
    asking the context to signal the monitored fence to 27
D3DKMTSignalSynchronizationObjectFromGpu 0x00000000  STATUS_SUCCESS
D3DKMTWaitForSynchronizationObjectFromCpu 0x00000000  STATUS_SUCCESS
    the monitored fence reached 27 after 0 ms
D3DKMTLock2 [gpu-readback]         0x00000000  STATUS_SUCCESS
    locked at CPU VA 000001E85E2B0000
D3DKMTUnlock2 [gpu-readback]       0x00000000  STATUS_SUCCESS
D3DKMTLock2 [gpu-readback]         0x00000000  STATUS_SUCCESS
    locked at CPU VA 000001E85E2B0000
D3DKMTUnlock2 [gpu-readback]       0x00000000  STATUS_SUCCESS
D3DKMTLock2 [gpu-ib]               0x00000000  STATUS_SUCCESS
    locked at CPU VA 000001E85E2A0000
D3DKMTUnlock2 [gpu-ib]             0x00000000  STATUS_SUCCESS
Submit GPU readback                0x00000000  STATUS_SUCCESS
    asking the context to signal the monitored fence to 28
D3DKMTSignalSynchronizationObjectFromGpu 0x00000000  STATUS_SUCCESS
D3DKMTWaitForSynchronizationObjectFromCpu 0x00000000  STATUS_SUCCESS
    the monitored fence reached 28 after 0 ms
D3DKMTLock2 [gpu-readback]         0x00000000  STATUS_SUCCESS
    locked at CPU VA 000001E85E2B0000
D3DKMTUnlock2 [gpu-readback]       0x00000000  STATUS_SUCCESS
D3DKMTLock2 [gpu-readback]         0x00000000  STATUS_SUCCESS
    locked at CPU VA 000001E85E2B0000
D3DKMTUnlock2 [gpu-readback]       0x00000000  STATUS_SUCCESS
D3DKMTLock2 [gpu-ib]               0x00000000  STATUS_SUCCESS
    locked at CPU VA 000001E85E2A0000
D3DKMTUnlock2 [gpu-ib]             0x00000000  STATUS_SUCCESS
Submit GPU readback                0x00000000  STATUS_SUCCESS
    asking the context to signal the monitored fence to 29
D3DKMTSignalSynchronizationObjectFromGpu 0x00000000  STATUS_SUCCESS
D3DKMTWaitForSynchronizationObjectFromCpu 0x00000000  STATUS_SUCCESS
    the monitored fence reached 29 after 0 ms
D3DKMTLock2 [gpu-readback]         0x00000000  STATUS_SUCCESS
    locked at CPU VA 000001E85E2B0000
D3DKMTUnlock2 [gpu-readback]       0x00000000  STATUS_SUCCESS
D3DKMTLock2 [gpu-readback]         0x00000000  STATUS_SUCCESS
    locked at CPU VA 000001E85E2B0000
D3DKMTUnlock2 [gpu-readback]       0x00000000  STATUS_SUCCESS
D3DKMTLock2 [gpu-ib]               0x00000000  STATUS_SUCCESS
    locked at CPU VA 000001E85E2A0000
D3DKMTUnlock2 [gpu-ib]             0x00000000  STATUS_SUCCESS
Submit GPU readback                0x00000000  STATUS_SUCCESS
    asking the context to signal the monitored fence to 30
D3DKMTSignalSynchronizationObjectFromGpu 0x00000000  STATUS_SUCCESS
D3DKMTWaitForSynchronizationObjectFromCpu 0x00000000  STATUS_SUCCESS
    the monitored fence reached 30 after 0 ms
D3DKMTLock2 [gpu-readback]         0x00000000  STATUS_SUCCESS
    locked at CPU VA 000001E85E2B0000
D3DKMTUnlock2 [gpu-readback]       0x00000000  STATUS_SUCCESS
D3DKMTLock2 [gpu-readback]         0x00000000  STATUS_SUCCESS
    locked at CPU VA 000001E85E2B0000
D3DKMTUnlock2 [gpu-readback]       0x00000000  STATUS_SUCCESS
D3DKMTLock2 [gpu-ib]               0x00000000  STATUS_SUCCESS
    locked at CPU VA 000001E85E2A0000
D3DKMTUnlock2 [gpu-ib]             0x00000000  STATUS_SUCCESS
Submit GPU readback                0x00000000  STATUS_SUCCESS
    asking the context to signal the monitored fence to 31
D3DKMTSignalSynchronizationObjectFromGpu 0x00000000  STATUS_SUCCESS
D3DKMTWaitForSynchronizationObjectFromCpu 0x00000000  STATUS_SUCCESS
    the monitored fence reached 31 after 0 ms
D3DKMTLock2 [gpu-readback]         0x00000000  STATUS_SUCCESS
    locked at CPU VA 000001E85E2B0000
D3DKMTUnlock2 [gpu-readback]       0x00000000  STATUS_SUCCESS
D3DKMTLock2 [gpu-readback]         0x00000000  STATUS_SUCCESS
    locked at CPU VA 000001E85E2B0000
D3DKMTUnlock2 [gpu-readback]       0x00000000  STATUS_SUCCESS
D3DKMTLock2 [gpu-ib]               0x00000000  STATUS_SUCCESS
    locked at CPU VA 000001E85E2A0000
D3DKMTUnlock2 [gpu-ib]             0x00000000  STATUS_SUCCESS
Submit GPU readback                0x00000000  STATUS_SUCCESS
    asking the context to signal the monitored fence to 32
D3DKMTSignalSynchronizationObjectFromGpu 0x00000000  STATUS_SUCCESS
D3DKMTWaitForSynchronizationObjectFromCpu 0x00000000  STATUS_SUCCESS
    the monitored fence reached 32 after 0 ms
D3DKMTLock2 [gpu-readback]         0x00000000  STATUS_SUCCESS
    locked at CPU VA 000001E85E2B0000
D3DKMTUnlock2 [gpu-readback]       0x00000000  STATUS_SUCCESS
D3DKMTLock2 [gpu-readback]         0x00000000  STATUS_SUCCESS
    locked at CPU VA 000001E85E2B0000
D3DKMTUnlock2 [gpu-readback]       0x00000000  STATUS_SUCCESS
D3DKMTLock2 [gpu-ib]               0x00000000  STATUS_SUCCESS
    locked at CPU VA 000001E85E2A0000
D3DKMTUnlock2 [gpu-ib]             0x00000000  STATUS_SUCCESS
Submit GPU readback                0x00000000  STATUS_SUCCESS
    asking the context to signal the monitored fence to 33
D3DKMTSignalSynchronizationObjectFromGpu 0x00000000  STATUS_SUCCESS
D3DKMTWaitForSynchronizationObjectFromCpu 0x00000000  STATUS_SUCCESS
    the monitored fence reached 33 after 0 ms
D3DKMTLock2 [gpu-readback]         0x00000000  STATUS_SUCCESS
    locked at CPU VA 000001E85E2B0000
D3DKMTUnlock2 [gpu-readback]       0x00000000  STATUS_SUCCESS
D3DKMTLock2 [gpu-readback]         0x00000000  STATUS_SUCCESS
    locked at CPU VA 000001E85E2B0000
D3DKMTUnlock2 [gpu-readback]       0x00000000  STATUS_SUCCESS
D3DKMTLock2 [gpu-ib]               0x00000000  STATUS_SUCCESS
    locked at CPU VA 000001E85E2A0000
D3DKMTUnlock2 [gpu-ib]             0x00000000  STATUS_SUCCESS
Submit GPU readback                0x00000000  STATUS_SUCCESS
    asking the context to signal the monitored fence to 34
D3DKMTSignalSynchronizationObjectFromGpu 0x00000000  STATUS_SUCCESS
D3DKMTWaitForSynchronizationObjectFromCpu 0x00000000  STATUS_SUCCESS
    the monitored fence reached 34 after 0 ms
D3DKMTLock2 [gpu-readback]         0x00000000  STATUS_SUCCESS
    locked at CPU VA 000001E85E2B0000
D3DKMTUnlock2 [gpu-readback]       0x00000000  STATUS_SUCCESS
D3DKMTLock2 [gpu-readback]         0x00000000  STATUS_SUCCESS
    locked at CPU VA 000001E85E2B0000
D3DKMTUnlock2 [gpu-readback]       0x00000000  STATUS_SUCCESS
D3DKMTLock2 [gpu-ib]               0x00000000  STATUS_SUCCESS
    locked at CPU VA 000001E85E2A0000
D3DKMTUnlock2 [gpu-ib]             0x00000000  STATUS_SUCCESS
Submit GPU readback                0x00000000  STATUS_SUCCESS
    asking the context to signal the monitored fence to 35
D3DKMTSignalSynchronizationObjectFromGpu 0x00000000  STATUS_SUCCESS
D3DKMTWaitForSynchronizationObjectFromCpu 0x00000000  STATUS_SUCCESS
    the monitored fence reached 35 after 0 ms
D3DKMTLock2 [gpu-readback]         0x00000000  STATUS_SUCCESS
    locked at CPU VA 000001E85E2B0000
D3DKMTUnlock2 [gpu-readback]       0x00000000  STATUS_SUCCESS
D3DKMTLock2 [gpu-readback]         0x00000000  STATUS_SUCCESS
    locked at CPU VA 000001E85E2B0000
D3DKMTUnlock2 [gpu-readback]       0x00000000  STATUS_SUCCESS
D3DKMTLock2 [gpu-ib]               0x00000000  STATUS_SUCCESS
    locked at CPU VA 000001E85E2A0000
D3DKMTUnlock2 [gpu-ib]             0x00000000  STATUS_SUCCESS
Submit GPU readback                0x00000000  STATUS_SUCCESS
    asking the context to signal the monitored fence to 36
D3DKMTSignalSynchronizationObjectFromGpu 0x00000000  STATUS_SUCCESS
D3DKMTWaitForSynchronizationObjectFromCpu 0x00000000  STATUS_SUCCESS
    the monitored fence reached 36 after 0 ms
D3DKMTLock2 [gpu-readback]         0x00000000  STATUS_SUCCESS
    locked at CPU VA 000001E85E2B0000
D3DKMTUnlock2 [gpu-readback]       0x00000000  STATUS_SUCCESS
D3DKMTLock2 [gpu-readback]         0x00000000  STATUS_SUCCESS
    locked at CPU VA 000001E85E2B0000
D3DKMTUnlock2 [gpu-readback]       0x00000000  STATUS_SUCCESS
D3DKMTLock2 [gpu-ib]               0x00000000  STATUS_SUCCESS
    locked at CPU VA 000001E85E2A0000
D3DKMTUnlock2 [gpu-ib]             0x00000000  STATUS_SUCCESS
Submit GPU readback                0x00000000  STATUS_SUCCESS
    asking the context to signal the monitored fence to 37
D3DKMTSignalSynchronizationObjectFromGpu 0x00000000  STATUS_SUCCESS
D3DKMTWaitForSynchronizationObjectFromCpu 0x00000000  STATUS_SUCCESS
    the monitored fence reached 37 after 0 ms
D3DKMTLock2 [gpu-readback]         0x00000000  STATUS_SUCCESS
    locked at CPU VA 000001E85E2B0000
D3DKMTUnlock2 [gpu-readback]       0x00000000  STATUS_SUCCESS
D3DKMTLock2 [gpu-readback]         0x00000000  STATUS_SUCCESS
    locked at CPU VA 000001E85E2B0000
D3DKMTUnlock2 [gpu-readback]       0x00000000  STATUS_SUCCESS
D3DKMTLock2 [gpu-ib]               0x00000000  STATUS_SUCCESS
    locked at CPU VA 000001E85E2A0000
D3DKMTUnlock2 [gpu-ib]             0x00000000  STATUS_SUCCESS
Submit GPU readback                0x00000000  STATUS_SUCCESS
    asking the context to signal the monitored fence to 38
D3DKMTSignalSynchronizationObjectFromGpu 0x00000000  STATUS_SUCCESS
D3DKMTWaitForSynchronizationObjectFromCpu 0x00000000  STATUS_SUCCESS
    the monitored fence reached 38 after 0 ms
D3DKMTLock2 [gpu-readback]         0x00000000  STATUS_SUCCESS
    locked at CPU VA 000001E85E2B0000
D3DKMTUnlock2 [gpu-readback]       0x00000000  STATUS_SUCCESS
D3DKMTLock2 [gpu-readback]         0x00000000  STATUS_SUCCESS
    locked at CPU VA 000001E85E2B0000
D3DKMTUnlock2 [gpu-readback]       0x00000000  STATUS_SUCCESS
D3DKMTLock2 [gpu-ib]               0x00000000  STATUS_SUCCESS
    locked at CPU VA 000001E85E2A0000
D3DKMTUnlock2 [gpu-ib]             0x00000000  STATUS_SUCCESS
Submit GPU readback                0x00000000  STATUS_SUCCESS
    asking the context to signal the monitored fence to 39
D3DKMTSignalSynchronizationObjectFromGpu 0x00000000  STATUS_SUCCESS
D3DKMTWaitForSynchronizationObjectFromCpu 0x00000000  STATUS_SUCCESS
    the monitored fence reached 39 after 0 ms
D3DKMTLock2 [gpu-readback]         0x00000000  STATUS_SUCCESS
    locked at CPU VA 000001E85E2B0000
D3DKMTUnlock2 [gpu-readback]       0x00000000  STATUS_SUCCESS
D3DKMTLock2 [gpu-readback]         0x00000000  STATUS_SUCCESS
    locked at CPU VA 000001E85E2B0000
D3DKMTUnlock2 [gpu-readback]       0x00000000  STATUS_SUCCESS
D3DKMTLock2 [gpu-ib]               0x00000000  STATUS_SUCCESS
    locked at CPU VA 000001E85E2A0000
D3DKMTUnlock2 [gpu-ib]             0x00000000  STATUS_SUCCESS
Submit GPU readback                0x00000000  STATUS_SUCCESS
    asking the context to signal the monitored fence to 40
D3DKMTSignalSynchronizationObjectFromGpu 0x00000000  STATUS_SUCCESS
D3DKMTWaitForSynchronizationObjectFromCpu 0x00000000  STATUS_SUCCESS
    the monitored fence reached 40 after 0 ms
D3DKMTLock2 [gpu-readback]         0x00000000  STATUS_SUCCESS
    locked at CPU VA 000001E85E2B0000
D3DKMTUnlock2 [gpu-readback]       0x00000000  STATUS_SUCCESS
D3DKMTLock2 [gpu-readback]         0x00000000  STATUS_SUCCESS
    locked at CPU VA 000001E85E2B0000
D3DKMTUnlock2 [gpu-readback]       0x00000000  STATUS_SUCCESS
D3DKMTLock2 [gpu-ib]               0x00000000  STATUS_SUCCESS
    locked at CPU VA 000001E85E2A0000
D3DKMTUnlock2 [gpu-ib]             0x00000000  STATUS_SUCCESS
Submit GPU readback                0x00000000  STATUS_SUCCESS
    asking the context to signal the monitored fence to 41
D3DKMTSignalSynchronizationObjectFromGpu 0x00000000  STATUS_SUCCESS
D3DKMTWaitForSynchronizationObjectFromCpu 0x00000000  STATUS_SUCCESS
    the monitored fence reached 41 after 0 ms
D3DKMTLock2 [gpu-readback]         0x00000000  STATUS_SUCCESS
    locked at CPU VA 000001E85E2B0000
D3DKMTUnlock2 [gpu-readback]       0x00000000  STATUS_SUCCESS
D3DKMTLock2 [gpu-readback]         0x00000000  STATUS_SUCCESS
    locked at CPU VA 000001E85E2B0000
D3DKMTUnlock2 [gpu-readback]       0x00000000  STATUS_SUCCESS
D3DKMTLock2 [gpu-ib]               0x00000000  STATUS_SUCCESS
    locked at CPU VA 000001E85E2A0000
D3DKMTUnlock2 [gpu-ib]             0x00000000  STATUS_SUCCESS
Submit GPU readback                0x00000000  STATUS_SUCCESS
    asking the context to signal the monitored fence to 42
D3DKMTSignalSynchronizationObjectFromGpu 0x00000000  STATUS_SUCCESS
D3DKMTWaitForSynchronizationObjectFromCpu 0x00000000  STATUS_SUCCESS
    the monitored fence reached 42 after 0 ms
D3DKMTLock2 [gpu-readback]         0x00000000  STATUS_SUCCESS
    locked at CPU VA 000001E85E2B0000
D3DKMTUnlock2 [gpu-readback]       0x00000000  STATUS_SUCCESS
D3DKMTLock2 [gpu-readback]         0x00000000  STATUS_SUCCESS
    locked at CPU VA 000001E85E2B0000
D3DKMTUnlock2 [gpu-readback]       0x00000000  STATUS_SUCCESS
D3DKMTLock2 [gpu-ib]               0x00000000  STATUS_SUCCESS
    locked at CPU VA 000001E85E2A0000
D3DKMTUnlock2 [gpu-ib]             0x00000000  STATUS_SUCCESS
Submit GPU readback                0x00000000  STATUS_SUCCESS
    asking the context to signal the monitored fence to 43
D3DKMTSignalSynchronizationObjectFromGpu 0x00000000  STATUS_SUCCESS
D3DKMTWaitForSynchronizationObjectFromCpu 0x00000000  STATUS_SUCCESS
    the monitored fence reached 43 after 0 ms
D3DKMTLock2 [gpu-readback]         0x00000000  STATUS_SUCCESS
    locked at CPU VA 000001E85E2B0000
D3DKMTUnlock2 [gpu-readback]       0x00000000  STATUS_SUCCESS
D3DKMTLock2 [gpu-readback]         0x00000000  STATUS_SUCCESS
    locked at CPU VA 000001E85E2B0000
D3DKMTUnlock2 [gpu-readback]       0x00000000  STATUS_SUCCESS
D3DKMTLock2 [gpu-ib]               0x00000000  STATUS_SUCCESS
    locked at CPU VA 000001E85E2A0000
D3DKMTUnlock2 [gpu-ib]             0x00000000  STATUS_SUCCESS
Submit GPU readback                0x00000000  STATUS_SUCCESS
    asking the context to signal the monitored fence to 44
D3DKMTSignalSynchronizationObjectFromGpu 0x00000000  STATUS_SUCCESS
D3DKMTWaitForSynchronizationObjectFromCpu 0x00000000  STATUS_SUCCESS
    the monitored fence reached 44 after 0 ms
D3DKMTLock2 [gpu-readback]         0x00000000  STATUS_SUCCESS
    locked at CPU VA 000001E85E2B0000
D3DKMTUnlock2 [gpu-readback]       0x00000000  STATUS_SUCCESS
D3DKMTLock2 [gpu-readback]         0x00000000  STATUS_SUCCESS
    locked at CPU VA 000001E85E2B0000
D3DKMTUnlock2 [gpu-readback]       0x00000000  STATUS_SUCCESS
D3DKMTLock2 [gpu-ib]               0x00000000  STATUS_SUCCESS
    locked at CPU VA 000001E85E2A0000
D3DKMTUnlock2 [gpu-ib]             0x00000000  STATUS_SUCCESS
Submit GPU readback                0x00000000  STATUS_SUCCESS
    asking the context to signal the monitored fence to 45
D3DKMTSignalSynchronizationObjectFromGpu 0x00000000  STATUS_SUCCESS
D3DKMTWaitForSynchronizationObjectFromCpu 0x00000000  STATUS_SUCCESS
    the monitored fence reached 45 after 0 ms
D3DKMTLock2 [gpu-readback]         0x00000000  STATUS_SUCCESS
    locked at CPU VA 000001E85E2B0000
D3DKMTUnlock2 [gpu-readback]       0x00000000  STATUS_SUCCESS
D3DKMTLock2 [gpu-readback]         0x00000000  STATUS_SUCCESS
    locked at CPU VA 000001E85E2B0000
D3DKMTUnlock2 [gpu-readback]       0x00000000  STATUS_SUCCESS
D3DKMTLock2 [gpu-ib]               0x00000000  STATUS_SUCCESS
    locked at CPU VA 000001E85E2A0000
D3DKMTUnlock2 [gpu-ib]             0x00000000  STATUS_SUCCESS
Submit GPU readback                0x00000000  STATUS_SUCCESS
    asking the context to signal the monitored fence to 46
D3DKMTSignalSynchronizationObjectFromGpu 0x00000000  STATUS_SUCCESS
D3DKMTWaitForSynchronizationObjectFromCpu 0x00000000  STATUS_SUCCESS
    the monitored fence reached 46 after 0 ms
D3DKMTLock2 [gpu-readback]         0x00000000  STATUS_SUCCESS
    locked at CPU VA 000001E85E2B0000
D3DKMTUnlock2 [gpu-readback]       0x00000000  STATUS_SUCCESS
D3DKMTLock2 [gpu-readback]         0x00000000  STATUS_SUCCESS
    locked at CPU VA 000001E85E2B0000
D3DKMTUnlock2 [gpu-readback]       0x00000000  STATUS_SUCCESS
D3DKMTLock2 [gpu-ib]               0x00000000  STATUS_SUCCESS
    locked at CPU VA 000001E85E2A0000
D3DKMTUnlock2 [gpu-ib]             0x00000000  STATUS_SUCCESS
Submit GPU readback                0x00000000  STATUS_SUCCESS
    asking the context to signal the monitored fence to 47
D3DKMTSignalSynchronizationObjectFromGpu 0x00000000  STATUS_SUCCESS
D3DKMTWaitForSynchronizationObjectFromCpu 0x00000000  STATUS_SUCCESS
    the monitored fence reached 47 after 0 ms
D3DKMTLock2 [gpu-readback]         0x00000000  STATUS_SUCCESS
    locked at CPU VA 000001E85E2B0000
D3DKMTUnlock2 [gpu-readback]       0x00000000  STATUS_SUCCESS
D3DKMTLock2 [gpu-readback]         0x00000000  STATUS_SUCCESS
    locked at CPU VA 000001E85E2B0000
D3DKMTUnlock2 [gpu-readback]       0x00000000  STATUS_SUCCESS
D3DKMTLock2 [gpu-ib]               0x00000000  STATUS_SUCCESS
    locked at CPU VA 000001E85E2A0000
D3DKMTUnlock2 [gpu-ib]             0x00000000  STATUS_SUCCESS
Submit GPU readback                0x00000000  STATUS_SUCCESS
    asking the context to signal the monitored fence to 48
D3DKMTSignalSynchronizationObjectFromGpu 0x00000000  STATUS_SUCCESS
D3DKMTWaitForSynchronizationObjectFromCpu 0x00000000  STATUS_SUCCESS
    the monitored fence reached 48 after 0 ms
D3DKMTLock2 [gpu-readback]         0x00000000  STATUS_SUCCESS
    locked at CPU VA 000001E85E2B0000
D3DKMTUnlock2 [gpu-readback]       0x00000000  STATUS_SUCCESS
D3DKMTLock2 [gpu-readback]         0x00000000  STATUS_SUCCESS
    locked at CPU VA 000001E85E2B0000
D3DKMTUnlock2 [gpu-readback]       0x00000000  STATUS_SUCCESS
D3DKMTLock2 [gpu-ib]               0x00000000  STATUS_SUCCESS
    locked at CPU VA 000001E85E2A0000
D3DKMTUnlock2 [gpu-ib]             0x00000000  STATUS_SUCCESS
Submit GPU readback                0x00000000  STATUS_SUCCESS
    asking the context to signal the monitored fence to 49
D3DKMTSignalSynchronizationObjectFromGpu 0x00000000  STATUS_SUCCESS
D3DKMTWaitForSynchronizationObjectFromCpu 0x00000000  STATUS_SUCCESS
    the monitored fence reached 49 after 0 ms
D3DKMTLock2 [gpu-readback]         0x00000000  STATUS_SUCCESS
    locked at CPU VA 000001E85E2B0000
D3DKMTUnlock2 [gpu-readback]       0x00000000  STATUS_SUCCESS
D3DKMTLock2 [gpu-readback]         0x00000000  STATUS_SUCCESS
    locked at CPU VA 000001E85E2B0000
D3DKMTUnlock2 [gpu-readback]       0x00000000  STATUS_SUCCESS
D3DKMTLock2 [gpu-ib]               0x00000000  STATUS_SUCCESS
    locked at CPU VA 000001E85E2A0000
D3DKMTUnlock2 [gpu-ib]             0x00000000  STATUS_SUCCESS
Submit GPU readback                0x00000000  STATUS_SUCCESS
    asking the context to signal the monitored fence to 50
D3DKMTSignalSynchronizationObjectFromGpu 0x00000000  STATUS_SUCCESS
D3DKMTWaitForSynchronizationObjectFromCpu 0x00000000  STATUS_SUCCESS
    the monitored fence reached 50 after 0 ms
D3DKMTLock2 [gpu-readback]         0x00000000  STATUS_SUCCESS
    locked at CPU VA 000001E85E2B0000
D3DKMTUnlock2 [gpu-readback]       0x00000000  STATUS_SUCCESS
D3DKMTLock2 [gpu-readback]         0x00000000  STATUS_SUCCESS
    locked at CPU VA 000001E85E2B0000
D3DKMTUnlock2 [gpu-readback]       0x00000000  STATUS_SUCCESS
D3DKMTLock2 [gpu-ib]               0x00000000  STATUS_SUCCESS
    locked at CPU VA 000001E85E2A0000
D3DKMTUnlock2 [gpu-ib]             0x00000000  STATUS_SUCCESS
Submit GPU readback                0x00000000  STATUS_SUCCESS
    asking the context to signal the monitored fence to 51
D3DKMTSignalSynchronizationObjectFromGpu 0x00000000  STATUS_SUCCESS
D3DKMTWaitForSynchronizationObjectFromCpu 0x00000000  STATUS_SUCCESS
    the monitored fence reached 51 after 0 ms
D3DKMTLock2 [gpu-readback]         0x00000000  STATUS_SUCCESS
    locked at CPU VA 000001E85E2B0000
D3DKMTUnlock2 [gpu-readback]       0x00000000  STATUS_SUCCESS
D3DKMTLock2 [gpu-readback]         0x00000000  STATUS_SUCCESS
    locked at CPU VA 000001E85E2B0000
D3DKMTUnlock2 [gpu-readback]       0x00000000  STATUS_SUCCESS
D3DKMTLock2 [gpu-ib]               0x00000000  STATUS_SUCCESS
    locked at CPU VA 000001E85E2A0000
D3DKMTUnlock2 [gpu-ib]             0x00000000  STATUS_SUCCESS
Submit GPU readback                0x00000000  STATUS_SUCCESS
    asking the context to signal the monitored fence to 52
D3DKMTSignalSynchronizationObjectFromGpu 0x00000000  STATUS_SUCCESS
D3DKMTWaitForSynchronizationObjectFromCpu 0x00000000  STATUS_SUCCESS
    the monitored fence reached 52 after 0 ms
D3DKMTLock2 [gpu-readback]         0x00000000  STATUS_SUCCESS
    locked at CPU VA 000001E85E2B0000
D3DKMTUnlock2 [gpu-readback]       0x00000000  STATUS_SUCCESS
D3DKMTLock2 [gpu-readback]         0x00000000  STATUS_SUCCESS
    locked at CPU VA 000001E85E2B0000
D3DKMTUnlock2 [gpu-readback]       0x00000000  STATUS_SUCCESS
D3DKMTLock2 [gpu-ib]               0x00000000  STATUS_SUCCESS
    locked at CPU VA 000001E85E2A0000
D3DKMTUnlock2 [gpu-ib]             0x00000000  STATUS_SUCCESS
Submit GPU readback                0x00000000  STATUS_SUCCESS
    asking the context to signal the monitored fence to 53
D3DKMTSignalSynchronizationObjectFromGpu 0x00000000  STATUS_SUCCESS
D3DKMTWaitForSynchronizationObjectFromCpu 0x00000000  STATUS_SUCCESS
    the monitored fence reached 53 after 0 ms
D3DKMTLock2 [gpu-readback]         0x00000000  STATUS_SUCCESS
    locked at CPU VA 000001E85E2B0000
D3DKMTUnlock2 [gpu-readback]       0x00000000  STATUS_SUCCESS
D3DKMTLock2 [gpu-readback]         0x00000000  STATUS_SUCCESS
    locked at CPU VA 000001E85E2B0000
D3DKMTUnlock2 [gpu-readback]       0x00000000  STATUS_SUCCESS
D3DKMTLock2 [gpu-ib]               0x00000000  STATUS_SUCCESS
    locked at CPU VA 000001E85E2A0000
D3DKMTUnlock2 [gpu-ib]             0x00000000  STATUS_SUCCESS
Submit GPU readback                0x00000000  STATUS_SUCCESS
    asking the context to signal the monitored fence to 54
D3DKMTSignalSynchronizationObjectFromGpu 0x00000000  STATUS_SUCCESS
D3DKMTWaitForSynchronizationObjectFromCpu 0x00000000  STATUS_SUCCESS
    the monitored fence reached 54 after 0 ms
D3DKMTLock2 [gpu-readback]         0x00000000  STATUS_SUCCESS
    locked at CPU VA 000001E85E2B0000
D3DKMTUnlock2 [gpu-readback]       0x00000000  STATUS_SUCCESS
D3DKMTLock2 [gpu-readback]         0x00000000  STATUS_SUCCESS
    locked at CPU VA 000001E85E2B0000
D3DKMTUnlock2 [gpu-readback]       0x00000000  STATUS_SUCCESS
D3DKMTLock2 [gpu-ib]               0x00000000  STATUS_SUCCESS
    locked at CPU VA 000001E85E2A0000
D3DKMTUnlock2 [gpu-ib]             0x00000000  STATUS_SUCCESS
Submit GPU readback                0x00000000  STATUS_SUCCESS
    asking the context to signal the monitored fence to 55
D3DKMTSignalSynchronizationObjectFromGpu 0x00000000  STATUS_SUCCESS
D3DKMTWaitForSynchronizationObjectFromCpu 0x00000000  STATUS_SUCCESS
    the monitored fence reached 55 after 0 ms
D3DKMTLock2 [gpu-readback]         0x00000000  STATUS_SUCCESS
    locked at CPU VA 000001E85E2B0000
D3DKMTUnlock2 [gpu-readback]       0x00000000  STATUS_SUCCESS
D3DKMTLock2 [gpu-readback]         0x00000000  STATUS_SUCCESS
    locked at CPU VA 000001E85E2B0000
D3DKMTUnlock2 [gpu-readback]       0x00000000  STATUS_SUCCESS
D3DKMTLock2 [gpu-ib]               0x00000000  STATUS_SUCCESS
    locked at CPU VA 000001E85E2A0000
D3DKMTUnlock2 [gpu-ib]             0x00000000  STATUS_SUCCESS
Submit GPU readback                0x00000000  STATUS_SUCCESS
    asking the context to signal the monitored fence to 56
D3DKMTSignalSynchronizationObjectFromGpu 0x00000000  STATUS_SUCCESS
D3DKMTWaitForSynchronizationObjectFromCpu 0x00000000  STATUS_SUCCESS
    the monitored fence reached 56 after 0 ms
D3DKMTLock2 [gpu-readback]         0x00000000  STATUS_SUCCESS
    locked at CPU VA 000001E85E2B0000
D3DKMTUnlock2 [gpu-readback]       0x00000000  STATUS_SUCCESS
D3DKMTLock2 [gpu-readback]         0x00000000  STATUS_SUCCESS
    locked at CPU VA 000001E85E2B0000
D3DKMTUnlock2 [gpu-readback]       0x00000000  STATUS_SUCCESS
D3DKMTLock2 [gpu-ib]               0x00000000  STATUS_SUCCESS
    locked at CPU VA 000001E85E2A0000
D3DKMTUnlock2 [gpu-ib]             0x00000000  STATUS_SUCCESS
Submit GPU readback                0x00000000  STATUS_SUCCESS
    asking the context to signal the monitored fence to 57
D3DKMTSignalSynchronizationObjectFromGpu 0x00000000  STATUS_SUCCESS
D3DKMTWaitForSynchronizationObjectFromCpu 0x00000000  STATUS_SUCCESS
    the monitored fence reached 57 after 0 ms
D3DKMTLock2 [gpu-readback]         0x00000000  STATUS_SUCCESS
    locked at CPU VA 000001E85E2B0000
D3DKMTUnlock2 [gpu-readback]       0x00000000  STATUS_SUCCESS
D3DKMTLock2 [gpu-readback]         0x00000000  STATUS_SUCCESS
    locked at CPU VA 000001E85E2B0000
D3DKMTUnlock2 [gpu-readback]       0x00000000  STATUS_SUCCESS
D3DKMTLock2 [gpu-ib]               0x00000000  STATUS_SUCCESS
    locked at CPU VA 000001E85E2A0000
D3DKMTUnlock2 [gpu-ib]             0x00000000  STATUS_SUCCESS
Submit GPU readback                0x00000000  STATUS_SUCCESS
    asking the context to signal the monitored fence to 58
D3DKMTSignalSynchronizationObjectFromGpu 0x00000000  STATUS_SUCCESS
D3DKMTWaitForSynchronizationObjectFromCpu 0x00000000  STATUS_SUCCESS
    the monitored fence reached 58 after 0 ms
D3DKMTLock2 [gpu-readback]         0x00000000  STATUS_SUCCESS
    locked at CPU VA 000001E85E2B0000
D3DKMTUnlock2 [gpu-readback]       0x00000000  STATUS_SUCCESS
D3DKMTLock2 [gpu-readback]         0x00000000  STATUS_SUCCESS
    locked at CPU VA 000001E85E2B0000
D3DKMTUnlock2 [gpu-readback]       0x00000000  STATUS_SUCCESS
D3DKMTLock2 [gpu-ib]               0x00000000  STATUS_SUCCESS
    locked at CPU VA 000001E85E2A0000
D3DKMTUnlock2 [gpu-ib]             0x00000000  STATUS_SUCCESS
Submit GPU readback                0x00000000  STATUS_SUCCESS
    asking the context to signal the monitored fence to 59
D3DKMTSignalSynchronizationObjectFromGpu 0x00000000  STATUS_SUCCESS
D3DKMTWaitForSynchronizationObjectFromCpu 0x00000000  STATUS_SUCCESS
    the monitored fence reached 59 after 0 ms
D3DKMTLock2 [gpu-readback]         0x00000000  STATUS_SUCCESS
    locked at CPU VA 000001E85E2B0000
D3DKMTUnlock2 [gpu-readback]       0x00000000  STATUS_SUCCESS
D3DKMTLock2 [gpu-readback]         0x00000000  STATUS_SUCCESS
    locked at CPU VA 000001E85E2B0000
D3DKMTUnlock2 [gpu-readback]       0x00000000  STATUS_SUCCESS
D3DKMTLock2 [gpu-ib]               0x00000000  STATUS_SUCCESS
    locked at CPU VA 000001E85E2A0000
D3DKMTUnlock2 [gpu-ib]             0x00000000  STATUS_SUCCESS
Submit GPU readback                0x00000000  STATUS_SUCCESS
    asking the context to signal the monitored fence to 60
D3DKMTSignalSynchronizationObjectFromGpu 0x00000000  STATUS_SUCCESS
D3DKMTWaitForSynchronizationObjectFromCpu 0x00000000  STATUS_SUCCESS
    the monitored fence reached 60 after 0 ms
D3DKMTLock2 [gpu-readback]         0x00000000  STATUS_SUCCESS
    locked at CPU VA 000001E85E2B0000
D3DKMTUnlock2 [gpu-readback]       0x00000000  STATUS_SUCCESS
D3DKMTLock2 [gpu-readback]         0x00000000  STATUS_SUCCESS
    locked at CPU VA 000001E85E2B0000
D3DKMTUnlock2 [gpu-readback]       0x00000000  STATUS_SUCCESS
D3DKMTLock2 [gpu-ib]               0x00000000  STATUS_SUCCESS
    locked at CPU VA 000001E85E2A0000
D3DKMTUnlock2 [gpu-ib]             0x00000000  STATUS_SUCCESS
Submit GPU readback                0x00000000  STATUS_SUCCESS
    asking the context to signal the monitored fence to 61
D3DKMTSignalSynchronizationObjectFromGpu 0x00000000  STATUS_SUCCESS
D3DKMTWaitForSynchronizationObjectFromCpu 0x00000000  STATUS_SUCCESS
    the monitored fence reached 61 after 0 ms
D3DKMTLock2 [gpu-readback]         0x00000000  STATUS_SUCCESS
    locked at CPU VA 000001E85E2B0000
D3DKMTUnlock2 [gpu-readback]       0x00000000  STATUS_SUCCESS
D3DKMTLock2 [gpu-readback]         0x00000000  STATUS_SUCCESS
    locked at CPU VA 000001E85E2B0000
D3DKMTUnlock2 [gpu-readback]       0x00000000  STATUS_SUCCESS
D3DKMTLock2 [gpu-ib]               0x00000000  STATUS_SUCCESS
    locked at CPU VA 000001E85E2A0000
D3DKMTUnlock2 [gpu-ib]             0x00000000  STATUS_SUCCESS
Submit GPU readback                0x00000000  STATUS_SUCCESS
    asking the context to signal the monitored fence to 62
D3DKMTSignalSynchronizationObjectFromGpu 0x00000000  STATUS_SUCCESS
D3DKMTWaitForSynchronizationObjectFromCpu 0x00000000  STATUS_SUCCESS
    the monitored fence reached 62 after 0 ms
D3DKMTLock2 [gpu-readback]         0x00000000  STATUS_SUCCESS
    locked at CPU VA 000001E85E2B0000
D3DKMTUnlock2 [gpu-readback]       0x00000000  STATUS_SUCCESS
D3DKMTLock2 [gpu-readback]         0x00000000  STATUS_SUCCESS
    locked at CPU VA 000001E85E2B0000
D3DKMTUnlock2 [gpu-readback]       0x00000000  STATUS_SUCCESS
D3DKMTLock2 [gpu-ib]               0x00000000  STATUS_SUCCESS
    locked at CPU VA 000001E85E2A0000
D3DKMTUnlock2 [gpu-ib]             0x00000000  STATUS_SUCCESS
Submit GPU readback                0x00000000  STATUS_SUCCESS
    asking the context to signal the monitored fence to 63
D3DKMTSignalSynchronizationObjectFromGpu 0x00000000  STATUS_SUCCESS
D3DKMTWaitForSynchronizationObjectFromCpu 0x00000000  STATUS_SUCCESS
    the monitored fence reached 63 after 0 ms
D3DKMTLock2 [gpu-readback]         0x00000000  STATUS_SUCCESS
    locked at CPU VA 000001E85E2B0000
D3DKMTUnlock2 [gpu-readback]       0x00000000  STATUS_SUCCESS
D3DKMTLock2 [gpu-readback]         0x00000000  STATUS_SUCCESS
    locked at CPU VA 000001E85E2B0000
D3DKMTUnlock2 [gpu-readback]       0x00000000  STATUS_SUCCESS
D3DKMTLock2 [gpu-ib]               0x00000000  STATUS_SUCCESS
    locked at CPU VA 000001E85E2A0000
D3DKMTUnlock2 [gpu-ib]             0x00000000  STATUS_SUCCESS
Submit GPU readback                0x00000000  STATUS_SUCCESS
    asking the context to signal the monitored fence to 64
D3DKMTSignalSynchronizationObjectFromGpu 0x00000000  STATUS_SUCCESS
D3DKMTWaitForSynchronizationObjectFromCpu 0x00000000  STATUS_SUCCESS
    the monitored fence reached 64 after 0 ms
D3DKMTLock2 [gpu-readback]         0x00000000  STATUS_SUCCESS
    locked at CPU VA 000001E85E2B0000
D3DKMTUnlock2 [gpu-readback]       0x00000000  STATUS_SUCCESS
D3DKMTLock2 [gpu-readback]         0x00000000  STATUS_SUCCESS
    locked at CPU VA 000001E85E2B0000
D3DKMTUnlock2 [gpu-readback]       0x00000000  STATUS_SUCCESS
D3DKMTLock2 [gpu-ib]               0x00000000  STATUS_SUCCESS
    locked at CPU VA 000001E85E2A0000
D3DKMTUnlock2 [gpu-ib]             0x00000000  STATUS_SUCCESS
Submit GPU readback                0x00000000  STATUS_SUCCESS
    asking the context to signal the monitored fence to 65
D3DKMTSignalSynchronizationObjectFromGpu 0x00000000  STATUS_SUCCESS
D3DKMTWaitForSynchronizationObjectFromCpu 0x00000000  STATUS_SUCCESS
    the monitored fence reached 65 after 0 ms
D3DKMTLock2 [gpu-readback]         0x00000000  STATUS_SUCCESS
    locked at CPU VA 000001E85E2B0000
D3DKMTUnlock2 [gpu-readback]       0x00000000  STATUS_SUCCESS
D3DKMTLock2 [gpu-readback]         0x00000000  STATUS_SUCCESS
    locked at CPU VA 000001E85E2B0000
D3DKMTUnlock2 [gpu-readback]       0x00000000  STATUS_SUCCESS
D3DKMTLock2 [gpu-ib]               0x00000000  STATUS_SUCCESS
    locked at CPU VA 000001E85E2A0000
D3DKMTUnlock2 [gpu-ib]             0x00000000  STATUS_SUCCESS
Submit GPU readback                0x00000000  STATUS_SUCCESS
    asking the context to signal the monitored fence to 66
D3DKMTSignalSynchronizationObjectFromGpu 0x00000000  STATUS_SUCCESS
D3DKMTWaitForSynchronizationObjectFromCpu 0x00000000  STATUS_SUCCESS
    the monitored fence reached 66 after 0 ms
D3DKMTLock2 [gpu-readback]         0x00000000  STATUS_SUCCESS
    locked at CPU VA 000001E85E2B0000
D3DKMTUnlock2 [gpu-readback]       0x00000000  STATUS_SUCCESS
D3DKMTLock2 [gpu-readback]         0x00000000  STATUS_SUCCESS
    locked at CPU VA 000001E85E2B0000
D3DKMTUnlock2 [gpu-readback]       0x00000000  STATUS_SUCCESS
D3DKMTLock2 [gpu-ib]               0x00000000  STATUS_SUCCESS
    locked at CPU VA 000001E85E2A0000
D3DKMTUnlock2 [gpu-ib]             0x00000000  STATUS_SUCCESS
Submit GPU readback                0x00000000  STATUS_SUCCESS
    asking the context to signal the monitored fence to 67
D3DKMTSignalSynchronizationObjectFromGpu 0x00000000  STATUS_SUCCESS
D3DKMTWaitForSynchronizationObjectFromCpu 0x00000000  STATUS_SUCCESS
    the monitored fence reached 67 after 0 ms
D3DKMTLock2 [gpu-readback]         0x00000000  STATUS_SUCCESS
    locked at CPU VA 000001E85E2B0000
D3DKMTUnlock2 [gpu-readback]       0x00000000  STATUS_SUCCESS
D3DKMTLock2 [gpu-readback]         0x00000000  STATUS_SUCCESS
    locked at CPU VA 000001E85E2B0000
D3DKMTUnlock2 [gpu-readback]       0x00000000  STATUS_SUCCESS
D3DKMTLock2 [gpu-ib]               0x00000000  STATUS_SUCCESS
    locked at CPU VA 000001E85E2A0000
D3DKMTUnlock2 [gpu-ib]             0x00000000  STATUS_SUCCESS
Submit GPU readback                0x00000000  STATUS_SUCCESS
    asking the context to signal the monitored fence to 68
D3DKMTSignalSynchronizationObjectFromGpu 0x00000000  STATUS_SUCCESS
D3DKMTWaitForSynchronizationObjectFromCpu 0x00000000  STATUS_SUCCESS
    the monitored fence reached 68 after 0 ms
D3DKMTLock2 [gpu-readback]         0x00000000  STATUS_SUCCESS
    locked at CPU VA 000001E85E2B0000
D3DKMTUnlock2 [gpu-readback]       0x00000000  STATUS_SUCCESS
D3DKMTLock2 [gpu-readback]         0x00000000  STATUS_SUCCESS
    locked at CPU VA 000001E85E2B0000
D3DKMTUnlock2 [gpu-readback]       0x00000000  STATUS_SUCCESS
D3DKMTLock2 [gpu-ib]               0x00000000  STATUS_SUCCESS
    locked at CPU VA 000001E85E2A0000
D3DKMTUnlock2 [gpu-ib]             0x00000000  STATUS_SUCCESS
Submit GPU readback                0x00000000  STATUS_SUCCESS
    asking the context to signal the monitored fence to 69
D3DKMTSignalSynchronizationObjectFromGpu 0x00000000  STATUS_SUCCESS
D3DKMTWaitForSynchronizationObjectFromCpu 0x00000000  STATUS_SUCCESS
    the monitored fence reached 69 after 0 ms
D3DKMTLock2 [gpu-readback]         0x00000000  STATUS_SUCCESS
    locked at CPU VA 000001E85E2B0000
D3DKMTUnlock2 [gpu-readback]       0x00000000  STATUS_SUCCESS
D3DKMTLock2 [gpu-readback]         0x00000000  STATUS_SUCCESS
    locked at CPU VA 000001E85E2B0000
D3DKMTUnlock2 [gpu-readback]       0x00000000  STATUS_SUCCESS
D3DKMTLock2 [gpu-ib]               0x00000000  STATUS_SUCCESS
    locked at CPU VA 000001E85E2A0000
D3DKMTUnlock2 [gpu-ib]             0x00000000  STATUS_SUCCESS
Submit GPU readback                0x00000000  STATUS_SUCCESS
    asking the context to signal the monitored fence to 70
D3DKMTSignalSynchronizationObjectFromGpu 0x00000000  STATUS_SUCCESS
D3DKMTWaitForSynchronizationObjectFromCpu 0x00000000  STATUS_SUCCESS
    the monitored fence reached 70 after 0 ms
D3DKMTLock2 [gpu-readback]         0x00000000  STATUS_SUCCESS
    locked at CPU VA 000001E85E2B0000
D3DKMTUnlock2 [gpu-readback]       0x00000000  STATUS_SUCCESS
D3DKMTLock2 [gpu-readback]         0x00000000  STATUS_SUCCESS
    locked at CPU VA 000001E85E2B0000
D3DKMTUnlock2 [gpu-readback]       0x00000000  STATUS_SUCCESS
D3DKMTLock2 [gpu-ib]               0x00000000  STATUS_SUCCESS
    locked at CPU VA 000001E85E2A0000
D3DKMTUnlock2 [gpu-ib]             0x00000000  STATUS_SUCCESS
Submit GPU readback                0x00000000  STATUS_SUCCESS
    asking the context to signal the monitored fence to 71
D3DKMTSignalSynchronizationObjectFromGpu 0x00000000  STATUS_SUCCESS
D3DKMTWaitForSynchronizationObjectFromCpu 0x00000000  STATUS_SUCCESS
    the monitored fence reached 71 after 0 ms
D3DKMTLock2 [gpu-readback]         0x00000000  STATUS_SUCCESS
    locked at CPU VA 000001E85E2B0000
D3DKMTUnlock2 [gpu-readback]       0x00000000  STATUS_SUCCESS
D3DKMTLock2 [gpu-readback]         0x00000000  STATUS_SUCCESS
    locked at CPU VA 000001E85E2B0000
D3DKMTUnlock2 [gpu-readback]       0x00000000  STATUS_SUCCESS
D3DKMTLock2 [gpu-ib]               0x00000000  STATUS_SUCCESS
    locked at CPU VA 000001E85E2A0000
D3DKMTUnlock2 [gpu-ib]             0x00000000  STATUS_SUCCESS
Submit GPU readback                0x00000000  STATUS_SUCCESS
    asking the context to signal the monitored fence to 72
D3DKMTSignalSynchronizationObjectFromGpu 0x00000000  STATUS_SUCCESS
D3DKMTWaitForSynchronizationObjectFromCpu 0x00000000  STATUS_SUCCESS
    the monitored fence reached 72 after 0 ms
D3DKMTLock2 [gpu-readback]         0x00000000  STATUS_SUCCESS
    locked at CPU VA 000001E85E2B0000
D3DKMTUnlock2 [gpu-readback]       0x00000000  STATUS_SUCCESS
D3DKMTLock2 [gpu-readback]         0x00000000  STATUS_SUCCESS
    locked at CPU VA 000001E85E2B0000
D3DKMTUnlock2 [gpu-readback]       0x00000000  STATUS_SUCCESS
D3DKMTLock2 [gpu-ib]               0x00000000  STATUS_SUCCESS
    locked at CPU VA 000001E85E2A0000
D3DKMTUnlock2 [gpu-ib]             0x00000000  STATUS_SUCCESS
Submit GPU readback                0x00000000  STATUS_SUCCESS
    asking the context to signal the monitored fence to 73
D3DKMTSignalSynchronizationObjectFromGpu 0x00000000  STATUS_SUCCESS
D3DKMTWaitForSynchronizationObjectFromCpu 0x00000000  STATUS_SUCCESS
    the monitored fence reached 73 after 0 ms
D3DKMTLock2 [gpu-readback]         0x00000000  STATUS_SUCCESS
    locked at CPU VA 000001E85E2B0000
D3DKMTUnlock2 [gpu-readback]       0x00000000  STATUS_SUCCESS
D3DKMTLock2 [gpu-readback]         0x00000000  STATUS_SUCCESS
    locked at CPU VA 000001E85E2B0000
D3DKMTUnlock2 [gpu-readback]       0x00000000  STATUS_SUCCESS
D3DKMTLock2 [gpu-ib]               0x00000000  STATUS_SUCCESS
    locked at CPU VA 000001E85E2A0000
D3DKMTUnlock2 [gpu-ib]             0x00000000  STATUS_SUCCESS
Submit GPU readback                0x00000000  STATUS_SUCCESS
    asking the context to signal the monitored fence to 74
D3DKMTSignalSynchronizationObjectFromGpu 0x00000000  STATUS_SUCCESS
D3DKMTWaitForSynchronizationObjectFromCpu 0x00000000  STATUS_SUCCESS
    the monitored fence reached 74 after 0 ms
D3DKMTLock2 [gpu-readback]         0x00000000  STATUS_SUCCESS
    locked at CPU VA 000001E85E2B0000
D3DKMTUnlock2 [gpu-readback]       0x00000000  STATUS_SUCCESS
D3DKMTLock2 [gpu-readback]         0x00000000  STATUS_SUCCESS
    locked at CPU VA 000001E85E2B0000
D3DKMTUnlock2 [gpu-readback]       0x00000000  STATUS_SUCCESS
D3DKMTLock2 [gpu-ib]               0x00000000  STATUS_SUCCESS
    locked at CPU VA 000001E85E2A0000
D3DKMTUnlock2 [gpu-ib]             0x00000000  STATUS_SUCCESS
Submit GPU readback                0x00000000  STATUS_SUCCESS
    asking the context to signal the monitored fence to 75
D3DKMTSignalSynchronizationObjectFromGpu 0x00000000  STATUS_SUCCESS
D3DKMTWaitForSynchronizationObjectFromCpu 0x00000000  STATUS_SUCCESS
    the monitored fence reached 75 after 0 ms
D3DKMTLock2 [gpu-readback]         0x00000000  STATUS_SUCCESS
    locked at CPU VA 000001E85E2B0000
D3DKMTUnlock2 [gpu-readback]       0x00000000  STATUS_SUCCESS
D3DKMTLock2 [gpu-readback]         0x00000000  STATUS_SUCCESS
    locked at CPU VA 000001E85E2B0000
D3DKMTUnlock2 [gpu-readback]       0x00000000  STATUS_SUCCESS
D3DKMTLock2 [gpu-ib]               0x00000000  STATUS_SUCCESS
    locked at CPU VA 000001E85E2A0000
D3DKMTUnlock2 [gpu-ib]             0x00000000  STATUS_SUCCESS
Submit GPU readback                0x00000000  STATUS_SUCCESS
    asking the context to signal the monitored fence to 76
D3DKMTSignalSynchronizationObjectFromGpu 0x00000000  STATUS_SUCCESS
D3DKMTWaitForSynchronizationObjectFromCpu 0x00000000  STATUS_SUCCESS
    the monitored fence reached 76 after 0 ms
D3DKMTLock2 [gpu-readback]         0x00000000  STATUS_SUCCESS
    locked at CPU VA 000001E85E2B0000
D3DKMTUnlock2 [gpu-readback]       0x00000000  STATUS_SUCCESS
D3DKMTLock2 [gpu-readback]         0x00000000  STATUS_SUCCESS
    locked at CPU VA 000001E85E2B0000
D3DKMTUnlock2 [gpu-readback]       0x00000000  STATUS_SUCCESS
D3DKMTLock2 [gpu-ib]               0x00000000  STATUS_SUCCESS
    locked at CPU VA 000001E85E2A0000
D3DKMTUnlock2 [gpu-ib]             0x00000000  STATUS_SUCCESS
Submit GPU readback                0x00000000  STATUS_SUCCESS
    asking the context to signal the monitored fence to 77
D3DKMTSignalSynchronizationObjectFromGpu 0x00000000  STATUS_SUCCESS
D3DKMTWaitForSynchronizationObjectFromCpu 0x00000000  STATUS_SUCCESS
    the monitored fence reached 77 after 0 ms
D3DKMTLock2 [gpu-readback]         0x00000000  STATUS_SUCCESS
    locked at CPU VA 000001E85E2B0000
D3DKMTUnlock2 [gpu-readback]       0x00000000  STATUS_SUCCESS
D3DKMTLock2 [gpu-readback]         0x00000000  STATUS_SUCCESS
    locked at CPU VA 000001E85E2B0000
D3DKMTUnlock2 [gpu-readback]       0x00000000  STATUS_SUCCESS
D3DKMTLock2 [gpu-ib]               0x00000000  STATUS_SUCCESS
    locked at CPU VA 000001E85E2A0000
D3DKMTUnlock2 [gpu-ib]             0x00000000  STATUS_SUCCESS
Submit GPU readback                0x00000000  STATUS_SUCCESS
    asking the context to signal the monitored fence to 78
D3DKMTSignalSynchronizationObjectFromGpu 0x00000000  STATUS_SUCCESS
D3DKMTWaitForSynchronizationObjectFromCpu 0x00000000  STATUS_SUCCESS
    the monitored fence reached 78 after 0 ms
D3DKMTLock2 [gpu-readback]         0x00000000  STATUS_SUCCESS
    locked at CPU VA 000001E85E2B0000
D3DKMTUnlock2 [gpu-readback]       0x00000000  STATUS_SUCCESS
D3DKMTLock2 [gpu-readback]         0x00000000  STATUS_SUCCESS
    locked at CPU VA 000001E85E2B0000
D3DKMTUnlock2 [gpu-readback]       0x00000000  STATUS_SUCCESS
D3DKMTLock2 [gpu-ib]               0x00000000  STATUS_SUCCESS
    locked at CPU VA 000001E85E2A0000
D3DKMTUnlock2 [gpu-ib]             0x00000000  STATUS_SUCCESS
Submit GPU readback                0x00000000  STATUS_SUCCESS
    asking the context to signal the monitored fence to 79
D3DKMTSignalSynchronizationObjectFromGpu 0x00000000  STATUS_SUCCESS
D3DKMTWaitForSynchronizationObjectFromCpu 0x00000000  STATUS_SUCCESS
    the monitored fence reached 79 after 0 ms
D3DKMTLock2 [gpu-readback]         0x00000000  STATUS_SUCCESS
    locked at CPU VA 000001E85E2B0000
D3DKMTUnlock2 [gpu-readback]       0x00000000  STATUS_SUCCESS
D3DKMTLock2 [gpu-readback]         0x00000000  STATUS_SUCCESS
    locked at CPU VA 000001E85E2B0000
D3DKMTUnlock2 [gpu-readback]       0x00000000  STATUS_SUCCESS
D3DKMTLock2 [gpu-ib]               0x00000000  STATUS_SUCCESS
    locked at CPU VA 000001E85E2A0000
D3DKMTUnlock2 [gpu-ib]             0x00000000  STATUS_SUCCESS
Submit GPU readback                0x00000000  STATUS_SUCCESS
    asking the context to signal the monitored fence to 80
D3DKMTSignalSynchronizationObjectFromGpu 0x00000000  STATUS_SUCCESS
D3DKMTWaitForSynchronizationObjectFromCpu 0x00000000  STATUS_SUCCESS
    the monitored fence reached 80 after 0 ms
D3DKMTLock2 [gpu-readback]         0x00000000  STATUS_SUCCESS
    locked at CPU VA 000001E85E2B0000
D3DKMTUnlock2 [gpu-readback]       0x00000000  STATUS_SUCCESS
D3DKMTLock2 [gpu-readback]         0x00000000  STATUS_SUCCESS
    locked at CPU VA 000001E85E2B0000
D3DKMTUnlock2 [gpu-readback]       0x00000000  STATUS_SUCCESS
D3DKMTLock2 [gpu-ib]               0x00000000  STATUS_SUCCESS
    locked at CPU VA 000001E85E2A0000
D3DKMTUnlock2 [gpu-ib]             0x00000000  STATUS_SUCCESS
Submit GPU readback                0x00000000  STATUS_SUCCESS
    asking the context to signal the monitored fence to 81
D3DKMTSignalSynchronizationObjectFromGpu 0x00000000  STATUS_SUCCESS
D3DKMTWaitForSynchronizationObjectFromCpu 0x00000000  STATUS_SUCCESS
    the monitored fence reached 81 after 0 ms
D3DKMTLock2 [gpu-readback]         0x00000000  STATUS_SUCCESS
    locked at CPU VA 000001E85E2B0000
D3DKMTUnlock2 [gpu-readback]       0x00000000  STATUS_SUCCESS
D3DKMTLock2 [gpu-readback]         0x00000000  STATUS_SUCCESS
    locked at CPU VA 000001E85E2B0000
D3DKMTUnlock2 [gpu-readback]       0x00000000  STATUS_SUCCESS
D3DKMTLock2 [gpu-ib]               0x00000000  STATUS_SUCCESS
    locked at CPU VA 000001E85E2A0000
D3DKMTUnlock2 [gpu-ib]             0x00000000  STATUS_SUCCESS
Submit GPU readback                0x00000000  STATUS_SUCCESS
    asking the context to signal the monitored fence to 82
D3DKMTSignalSynchronizationObjectFromGpu 0x00000000  STATUS_SUCCESS
D3DKMTWaitForSynchronizationObjectFromCpu 0x00000000  STATUS_SUCCESS
    the monitored fence reached 82 after 0 ms
D3DKMTLock2 [gpu-readback]         0x00000000  STATUS_SUCCESS
    locked at CPU VA 000001E85E2B0000
D3DKMTUnlock2 [gpu-readback]       0x00000000  STATUS_SUCCESS
D3DKMTLock2 [gpu-readback]         0x00000000  STATUS_SUCCESS
    locked at CPU VA 000001E85E2B0000
D3DKMTUnlock2 [gpu-readback]       0x00000000  STATUS_SUCCESS
D3DKMTLock2 [gpu-ib]               0x00000000  STATUS_SUCCESS
    locked at CPU VA 000001E85E2A0000
D3DKMTUnlock2 [gpu-ib]             0x00000000  STATUS_SUCCESS
Submit GPU readback                0x00000000  STATUS_SUCCESS
    asking the context to signal the monitored fence to 83
D3DKMTSignalSynchronizationObjectFromGpu 0x00000000  STATUS_SUCCESS
D3DKMTWaitForSynchronizationObjectFromCpu 0x00000000  STATUS_SUCCESS
    the monitored fence reached 83 after 0 ms
D3DKMTLock2 [gpu-readback]         0x00000000  STATUS_SUCCESS
    locked at CPU VA 000001E85E2B0000
D3DKMTUnlock2 [gpu-readback]       0x00000000  STATUS_SUCCESS
D3DKMTLock2 [gpu-readback]         0x00000000  STATUS_SUCCESS
    locked at CPU VA 000001E85E2B0000
D3DKMTUnlock2 [gpu-readback]       0x00000000  STATUS_SUCCESS
D3DKMTLock2 [gpu-ib]               0x00000000  STATUS_SUCCESS
    locked at CPU VA 000001E85E2A0000
D3DKMTUnlock2 [gpu-ib]             0x00000000  STATUS_SUCCESS
Submit GPU readback                0x00000000  STATUS_SUCCESS
    asking the context to signal the monitored fence to 84
D3DKMTSignalSynchronizationObjectFromGpu 0x00000000  STATUS_SUCCESS
D3DKMTWaitForSynchronizationObjectFromCpu 0x00000000  STATUS_SUCCESS
    the monitored fence reached 84 after 0 ms
D3DKMTLock2 [gpu-readback]         0x00000000  STATUS_SUCCESS
    locked at CPU VA 000001E85E2B0000
D3DKMTUnlock2 [gpu-readback]       0x00000000  STATUS_SUCCESS
D3DKMTLock2 [gpu-readback]         0x00000000  STATUS_SUCCESS
    locked at CPU VA 000001E85E2B0000
D3DKMTUnlock2 [gpu-readback]       0x00000000  STATUS_SUCCESS
D3DKMTLock2 [gpu-ib]               0x00000000  STATUS_SUCCESS
    locked at CPU VA 000001E85E2A0000
D3DKMTUnlock2 [gpu-ib]             0x00000000  STATUS_SUCCESS
Submit GPU readback                0x00000000  STATUS_SUCCESS
    asking the context to signal the monitored fence to 85
D3DKMTSignalSynchronizationObjectFromGpu 0x00000000  STATUS_SUCCESS
D3DKMTWaitForSynchronizationObjectFromCpu 0x00000000  STATUS_SUCCESS
    the monitored fence reached 85 after 0 ms
D3DKMTLock2 [gpu-readback]         0x00000000  STATUS_SUCCESS
    locked at CPU VA 000001E85E2B0000
D3DKMTUnlock2 [gpu-readback]       0x00000000  STATUS_SUCCESS
D3DKMTLock2 [gpu-readback]         0x00000000  STATUS_SUCCESS
    locked at CPU VA 000001E85E2B0000
D3DKMTUnlock2 [gpu-readback]       0x00000000  STATUS_SUCCESS
D3DKMTLock2 [gpu-ib]               0x00000000  STATUS_SUCCESS
    locked at CPU VA 000001E85E2A0000
D3DKMTUnlock2 [gpu-ib]             0x00000000  STATUS_SUCCESS
Submit GPU readback                0x00000000  STATUS_SUCCESS
    asking the context to signal the monitored fence to 86
D3DKMTSignalSynchronizationObjectFromGpu 0x00000000  STATUS_SUCCESS
D3DKMTWaitForSynchronizationObjectFromCpu 0x00000000  STATUS_SUCCESS
    the monitored fence reached 86 after 0 ms
D3DKMTLock2 [gpu-readback]         0x00000000  STATUS_SUCCESS
    locked at CPU VA 000001E85E2B0000
D3DKMTUnlock2 [gpu-readback]       0x00000000  STATUS_SUCCESS
D3DKMTLock2 [gpu-readback]         0x00000000  STATUS_SUCCESS
    locked at CPU VA 000001E85E2B0000
D3DKMTUnlock2 [gpu-readback]       0x00000000  STATUS_SUCCESS
D3DKMTLock2 [gpu-ib]               0x00000000  STATUS_SUCCESS
    locked at CPU VA 000001E85E2A0000
D3DKMTUnlock2 [gpu-ib]             0x00000000  STATUS_SUCCESS
Submit GPU readback                0x00000000  STATUS_SUCCESS
    asking the context to signal the monitored fence to 87
D3DKMTSignalSynchronizationObjectFromGpu 0x00000000  STATUS_SUCCESS
D3DKMTWaitForSynchronizationObjectFromCpu 0x00000000  STATUS_SUCCESS
    the monitored fence reached 87 after 0 ms
D3DKMTLock2 [gpu-readback]         0x00000000  STATUS_SUCCESS
    locked at CPU VA 000001E85E2B0000
D3DKMTUnlock2 [gpu-readback]       0x00000000  STATUS_SUCCESS
D3DKMTLock2 [gpu-readback]         0x00000000  STATUS_SUCCESS
    locked at CPU VA 000001E85E2B0000
D3DKMTUnlock2 [gpu-readback]       0x00000000  STATUS_SUCCESS
D3DKMTLock2 [gpu-ib]               0x00000000  STATUS_SUCCESS
    locked at CPU VA 000001E85E2A0000
D3DKMTUnlock2 [gpu-ib]             0x00000000  STATUS_SUCCESS
Submit GPU readback                0x00000000  STATUS_SUCCESS
    asking the context to signal the monitored fence to 88
D3DKMTSignalSynchronizationObjectFromGpu 0x00000000  STATUS_SUCCESS
D3DKMTWaitForSynchronizationObjectFromCpu 0x00000000  STATUS_SUCCESS
    the monitored fence reached 88 after 0 ms
D3DKMTLock2 [gpu-readback]         0x00000000  STATUS_SUCCESS
    locked at CPU VA 000001E85E2B0000
D3DKMTUnlock2 [gpu-readback]       0x00000000  STATUS_SUCCESS
D3DKMTLock2 [gpu-readback]         0x00000000  STATUS_SUCCESS
    locked at CPU VA 000001E85E2B0000
D3DKMTUnlock2 [gpu-readback]       0x00000000  STATUS_SUCCESS
D3DKMTLock2 [gpu-ib]               0x00000000  STATUS_SUCCESS
    locked at CPU VA 000001E85E2A0000
D3DKMTUnlock2 [gpu-ib]             0x00000000  STATUS_SUCCESS
Submit GPU readback                0x00000000  STATUS_SUCCESS
    asking the context to signal the monitored fence to 89
D3DKMTSignalSynchronizationObjectFromGpu 0x00000000  STATUS_SUCCESS
D3DKMTWaitForSynchronizationObjectFromCpu 0x00000000  STATUS_SUCCESS
    the monitored fence reached 89 after 0 ms
D3DKMTLock2 [gpu-readback]         0x00000000  STATUS_SUCCESS
    locked at CPU VA 000001E85E2B0000
D3DKMTUnlock2 [gpu-readback]       0x00000000  STATUS_SUCCESS
D3DKMTLock2 [gpu-readback]         0x00000000  STATUS_SUCCESS
    locked at CPU VA 000001E85E2B0000
D3DKMTUnlock2 [gpu-readback]       0x00000000  STATUS_SUCCESS
D3DKMTLock2 [gpu-ib]               0x00000000  STATUS_SUCCESS
    locked at CPU VA 000001E85E2A0000
D3DKMTUnlock2 [gpu-ib]             0x00000000  STATUS_SUCCESS
Submit GPU readback                0x00000000  STATUS_SUCCESS
    asking the context to signal the monitored fence to 90
D3DKMTSignalSynchronizationObjectFromGpu 0x00000000  STATUS_SUCCESS
D3DKMTWaitForSynchronizationObjectFromCpu 0x00000000  STATUS_SUCCESS
    the monitored fence reached 90 after 0 ms
D3DKMTLock2 [gpu-readback]         0x00000000  STATUS_SUCCESS
    locked at CPU VA 000001E85E2B0000
D3DKMTUnlock2 [gpu-readback]       0x00000000  STATUS_SUCCESS
D3DKMTLock2 [gpu-readback]         0x00000000  STATUS_SUCCESS
    locked at CPU VA 000001E85E2B0000
D3DKMTUnlock2 [gpu-readback]       0x00000000  STATUS_SUCCESS
D3DKMTLock2 [gpu-ib]               0x00000000  STATUS_SUCCESS
    locked at CPU VA 000001E85E2A0000
D3DKMTUnlock2 [gpu-ib]             0x00000000  STATUS_SUCCESS
Submit GPU readback                0x00000000  STATUS_SUCCESS
    asking the context to signal the monitored fence to 91
D3DKMTSignalSynchronizationObjectFromGpu 0x00000000  STATUS_SUCCESS
D3DKMTWaitForSynchronizationObjectFromCpu 0x00000000  STATUS_SUCCESS
    the monitored fence reached 91 after 0 ms
D3DKMTLock2 [gpu-readback]         0x00000000  STATUS_SUCCESS
    locked at CPU VA 000001E85E2B0000
D3DKMTUnlock2 [gpu-readback]       0x00000000  STATUS_SUCCESS
D3DKMTLock2 [gpu-readback]         0x00000000  STATUS_SUCCESS
    locked at CPU VA 000001E85E2B0000
D3DKMTUnlock2 [gpu-readback]       0x00000000  STATUS_SUCCESS
D3DKMTLock2 [gpu-ib]               0x00000000  STATUS_SUCCESS
    locked at CPU VA 000001E85E2A0000
D3DKMTUnlock2 [gpu-ib]             0x00000000  STATUS_SUCCESS
Submit GPU readback                0x00000000  STATUS_SUCCESS
    asking the context to signal the monitored fence to 92
D3DKMTSignalSynchronizationObjectFromGpu 0x00000000  STATUS_SUCCESS
D3DKMTWaitForSynchronizationObjectFromCpu 0x00000000  STATUS_SUCCESS
    the monitored fence reached 92 after 0 ms
D3DKMTLock2 [gpu-readback]         0x00000000  STATUS_SUCCESS
    locked at CPU VA 000001E85E2B0000
D3DKMTUnlock2 [gpu-readback]       0x00000000  STATUS_SUCCESS
D3DKMTLock2 [gpu-readback]         0x00000000  STATUS_SUCCESS
    locked at CPU VA 000001E85E2B0000
D3DKMTUnlock2 [gpu-readback]       0x00000000  STATUS_SUCCESS
D3DKMTLock2 [gpu-ib]               0x00000000  STATUS_SUCCESS
    locked at CPU VA 000001E85E2A0000
D3DKMTUnlock2 [gpu-ib]             0x00000000  STATUS_SUCCESS
Submit GPU readback                0x00000000  STATUS_SUCCESS
    asking the context to signal the monitored fence to 93
D3DKMTSignalSynchronizationObjectFromGpu 0x00000000  STATUS_SUCCESS
D3DKMTWaitForSynchronizationObjectFromCpu 0x00000000  STATUS_SUCCESS
    the monitored fence reached 93 after 0 ms
D3DKMTLock2 [gpu-readback]         0x00000000  STATUS_SUCCESS
    locked at CPU VA 000001E85E2B0000
D3DKMTUnlock2 [gpu-readback]       0x00000000  STATUS_SUCCESS
D3DKMTLock2 [gpu-readback]         0x00000000  STATUS_SUCCESS
    locked at CPU VA 000001E85E2B0000
D3DKMTUnlock2 [gpu-readback]       0x00000000  STATUS_SUCCESS
D3DKMTLock2 [gpu-ib]               0x00000000  STATUS_SUCCESS
    locked at CPU VA 000001E85E2A0000
D3DKMTUnlock2 [gpu-ib]             0x00000000  STATUS_SUCCESS
Submit GPU readback                0x00000000  STATUS_SUCCESS
    asking the context to signal the monitored fence to 94
D3DKMTSignalSynchronizationObjectFromGpu 0x00000000  STATUS_SUCCESS
D3DKMTWaitForSynchronizationObjectFromCpu 0x00000000  STATUS_SUCCESS
    the monitored fence reached 94 after 0 ms
D3DKMTLock2 [gpu-readback]         0x00000000  STATUS_SUCCESS
    locked at CPU VA 000001E85E2B0000
D3DKMTUnlock2 [gpu-readback]       0x00000000  STATUS_SUCCESS
D3DKMTLock2 [gpu-readback]         0x00000000  STATUS_SUCCESS
    locked at CPU VA 000001E85E2B0000
D3DKMTUnlock2 [gpu-readback]       0x00000000  STATUS_SUCCESS
D3DKMTLock2 [gpu-ib]               0x00000000  STATUS_SUCCESS
    locked at CPU VA 000001E85E2A0000
D3DKMTUnlock2 [gpu-ib]             0x00000000  STATUS_SUCCESS
Submit GPU readback                0x00000000  STATUS_SUCCESS
    asking the context to signal the monitored fence to 95
D3DKMTSignalSynchronizationObjectFromGpu 0x00000000  STATUS_SUCCESS
D3DKMTWaitForSynchronizationObjectFromCpu 0x00000000  STATUS_SUCCESS
    the monitored fence reached 95 after 0 ms
D3DKMTLock2 [gpu-readback]         0x00000000  STATUS_SUCCESS
    locked at CPU VA 000001E85E2B0000
D3DKMTUnlock2 [gpu-readback]       0x00000000  STATUS_SUCCESS
D3DKMTLock2 [gpu-readback]         0x00000000  STATUS_SUCCESS
    locked at CPU VA 000001E85E2B0000
D3DKMTUnlock2 [gpu-readback]       0x00000000  STATUS_SUCCESS
D3DKMTLock2 [gpu-ib]               0x00000000  STATUS_SUCCESS
    locked at CPU VA 000001E85E2A0000
D3DKMTUnlock2 [gpu-ib]             0x00000000  STATUS_SUCCESS
Submit GPU readback                0x00000000  STATUS_SUCCESS
    asking the context to signal the monitored fence to 96
D3DKMTSignalSynchronizationObjectFromGpu 0x00000000  STATUS_SUCCESS
D3DKMTWaitForSynchronizationObjectFromCpu 0x00000000  STATUS_SUCCESS
    the monitored fence reached 96 after 0 ms
D3DKMTLock2 [gpu-readback]         0x00000000  STATUS_SUCCESS
    locked at CPU VA 000001E85E2B0000
D3DKMTUnlock2 [gpu-readback]       0x00000000  STATUS_SUCCESS
D3DKMTLock2 [gpu-readback]         0x00000000  STATUS_SUCCESS
    locked at CPU VA 000001E85E2B0000
D3DKMTUnlock2 [gpu-readback]       0x00000000  STATUS_SUCCESS
D3DKMTLock2 [gpu-ib]               0x00000000  STATUS_SUCCESS
    locked at CPU VA 000001E85E2A0000
D3DKMTUnlock2 [gpu-ib]             0x00000000  STATUS_SUCCESS
Submit GPU readback                0x00000000  STATUS_SUCCESS
    asking the context to signal the monitored fence to 97
D3DKMTSignalSynchronizationObjectFromGpu 0x00000000  STATUS_SUCCESS
D3DKMTWaitForSynchronizationObjectFromCpu 0x00000000  STATUS_SUCCESS
    the monitored fence reached 97 after 0 ms
D3DKMTLock2 [gpu-readback]         0x00000000  STATUS_SUCCESS
    locked at CPU VA 000001E85E2B0000
D3DKMTUnlock2 [gpu-readback]       0x00000000  STATUS_SUCCESS
D3DKMTLock2 [gpu-readback]         0x00000000  STATUS_SUCCESS
    locked at CPU VA 000001E85E2B0000
D3DKMTUnlock2 [gpu-readback]       0x00000000  STATUS_SUCCESS
D3DKMTLock2 [gpu-ib]               0x00000000  STATUS_SUCCESS
    locked at CPU VA 000001E85E2A0000
D3DKMTUnlock2 [gpu-ib]             0x00000000  STATUS_SUCCESS
Submit GPU readback                0x00000000  STATUS_SUCCESS
    asking the context to signal the monitored fence to 98
D3DKMTSignalSynchronizationObjectFromGpu 0x00000000  STATUS_SUCCESS
D3DKMTWaitForSynchronizationObjectFromCpu 0x00000000  STATUS_SUCCESS
    the monitored fence reached 98 after 0 ms
D3DKMTLock2 [gpu-readback]         0x00000000  STATUS_SUCCESS
    locked at CPU VA 000001E85E2B0000
D3DKMTUnlock2 [gpu-readback]       0x00000000  STATUS_SUCCESS
D3DKMTLock2 [gpu-readback]         0x00000000  STATUS_SUCCESS
    locked at CPU VA 000001E85E2B0000
D3DKMTUnlock2 [gpu-readback]       0x00000000  STATUS_SUCCESS
D3DKMTLock2 [gpu-ib]               0x00000000  STATUS_SUCCESS
    locked at CPU VA 000001E85E2A0000
D3DKMTUnlock2 [gpu-ib]             0x00000000  STATUS_SUCCESS
Submit GPU readback                0x00000000  STATUS_SUCCESS
    asking the context to signal the monitored fence to 99
D3DKMTSignalSynchronizationObjectFromGpu 0x00000000  STATUS_SUCCESS
D3DKMTWaitForSynchronizationObjectFromCpu 0x00000000  STATUS_SUCCESS
    the monitored fence reached 99 after 15 ms
D3DKMTLock2 [gpu-readback]         0x00000000  STATUS_SUCCESS
    locked at CPU VA 000001E85E2B0000
D3DKMTUnlock2 [gpu-readback]       0x00000000  STATUS_SUCCESS
D3DKMTLock2 [gpu-readback]         0x00000000  STATUS_SUCCESS
    locked at CPU VA 000001E85E2B0000
D3DKMTUnlock2 [gpu-readback]       0x00000000  STATUS_SUCCESS
D3DKMTLock2 [gpu-ib]               0x00000000  STATUS_SUCCESS
    locked at CPU VA 000001E85E2A0000
D3DKMTUnlock2 [gpu-ib]             0x00000000  STATUS_SUCCESS
Submit GPU readback                0x00000000  STATUS_SUCCESS
    asking the context to signal the monitored fence to 100
D3DKMTSignalSynchronizationObjectFromGpu 0x00000000  STATUS_SUCCESS
D3DKMTWaitForSynchronizationObjectFromCpu 0x00000000  STATUS_SUCCESS
    the monitored fence reached 100 after 0 ms
D3DKMTLock2 [gpu-readback]         0x00000000  STATUS_SUCCESS
    locked at CPU VA 000001E85E2B0000
D3DKMTUnlock2 [gpu-readback]       0x00000000  STATUS_SUCCESS
D3DKMTLock2 [gpu-readback]         0x00000000  STATUS_SUCCESS
    locked at CPU VA 000001E85E2B0000
D3DKMTUnlock2 [gpu-readback]       0x00000000  STATUS_SUCCESS
D3DKMTLock2 [gpu-ib]               0x00000000  STATUS_SUCCESS
    locked at CPU VA 000001E85E2A0000
D3DKMTUnlock2 [gpu-ib]             0x00000000  STATUS_SUCCESS
Submit GPU readback                0x00000000  STATUS_SUCCESS
    asking the context to signal the monitored fence to 101
D3DKMTSignalSynchronizationObjectFromGpu 0x00000000  STATUS_SUCCESS
D3DKMTWaitForSynchronizationObjectFromCpu 0x00000000  STATUS_SUCCESS
    the monitored fence reached 101 after 0 ms
D3DKMTLock2 [gpu-readback]         0x00000000  STATUS_SUCCESS
    locked at CPU VA 000001E85E2B0000
D3DKMTUnlock2 [gpu-readback]       0x00000000  STATUS_SUCCESS
D3DKMTLock2 [gpu-readback]         0x00000000  STATUS_SUCCESS
    locked at CPU VA 000001E85E2B0000
D3DKMTUnlock2 [gpu-readback]       0x00000000  STATUS_SUCCESS
D3DKMTLock2 [gpu-ib]               0x00000000  STATUS_SUCCESS
    locked at CPU VA 000001E85E2A0000
D3DKMTUnlock2 [gpu-ib]             0x00000000  STATUS_SUCCESS
Submit GPU readback                0x00000000  STATUS_SUCCESS
    asking the context to signal the monitored fence to 102
D3DKMTSignalSynchronizationObjectFromGpu 0x00000000  STATUS_SUCCESS
D3DKMTWaitForSynchronizationObjectFromCpu 0x00000000  STATUS_SUCCESS
    the monitored fence reached 102 after 0 ms
D3DKMTLock2 [gpu-readback]         0x00000000  STATUS_SUCCESS
    locked at CPU VA 000001E85E2B0000
D3DKMTUnlock2 [gpu-readback]       0x00000000  STATUS_SUCCESS
D3DKMTLock2 [gpu-readback]         0x00000000  STATUS_SUCCESS
    locked at CPU VA 000001E85E2B0000
D3DKMTUnlock2 [gpu-readback]       0x00000000  STATUS_SUCCESS
D3DKMTLock2 [gpu-ib]               0x00000000  STATUS_SUCCESS
    locked at CPU VA 000001E85E2A0000
D3DKMTUnlock2 [gpu-ib]             0x00000000  STATUS_SUCCESS
Submit GPU readback                0x00000000  STATUS_SUCCESS
    asking the context to signal the monitored fence to 103
D3DKMTSignalSynchronizationObjectFromGpu 0x00000000  STATUS_SUCCESS
D3DKMTWaitForSynchronizationObjectFromCpu 0x00000000  STATUS_SUCCESS
    the monitored fence reached 103 after 0 ms
D3DKMTLock2 [gpu-readback]         0x00000000  STATUS_SUCCESS
    locked at CPU VA 000001E85E2B0000
D3DKMTUnlock2 [gpu-readback]       0x00000000  STATUS_SUCCESS
D3DKMTLock2 [gpu-readback]         0x00000000  STATUS_SUCCESS
    locked at CPU VA 000001E85E2B0000
D3DKMTUnlock2 [gpu-readback]       0x00000000  STATUS_SUCCESS
D3DKMTLock2 [gpu-ib]               0x00000000  STATUS_SUCCESS
    locked at CPU VA 000001E85E2A0000
D3DKMTUnlock2 [gpu-ib]             0x00000000  STATUS_SUCCESS
Submit GPU readback                0x00000000  STATUS_SUCCESS
    asking the context to signal the monitored fence to 104
D3DKMTSignalSynchronizationObjectFromGpu 0x00000000  STATUS_SUCCESS
D3DKMTWaitForSynchronizationObjectFromCpu 0x00000000  STATUS_SUCCESS
    the monitored fence reached 104 after 0 ms
D3DKMTLock2 [gpu-readback]         0x00000000  STATUS_SUCCESS
    locked at CPU VA 000001E85E2B0000
D3DKMTUnlock2 [gpu-readback]       0x00000000  STATUS_SUCCESS
D3DKMTLock2 [gpu-readback]         0x00000000  STATUS_SUCCESS
    locked at CPU VA 000001E85E2B0000
D3DKMTUnlock2 [gpu-readback]       0x00000000  STATUS_SUCCESS
D3DKMTLock2 [gpu-ib]               0x00000000  STATUS_SUCCESS
    locked at CPU VA 000001E85E2A0000
D3DKMTUnlock2 [gpu-ib]             0x00000000  STATUS_SUCCESS
Submit GPU readback                0x00000000  STATUS_SUCCESS
    asking the context to signal the monitored fence to 105
D3DKMTSignalSynchronizationObjectFromGpu 0x00000000  STATUS_SUCCESS
D3DKMTWaitForSynchronizationObjectFromCpu 0x00000000  STATUS_SUCCESS
    the monitored fence reached 105 after 0 ms
D3DKMTLock2 [gpu-readback]         0x00000000  STATUS_SUCCESS
    locked at CPU VA 000001E85E2B0000
D3DKMTUnlock2 [gpu-readback]       0x00000000  STATUS_SUCCESS
D3DKMTLock2 [gpu-readback]         0x00000000  STATUS_SUCCESS
    locked at CPU VA 000001E85E2B0000
D3DKMTUnlock2 [gpu-readback]       0x00000000  STATUS_SUCCESS
D3DKMTLock2 [gpu-ib]               0x00000000  STATUS_SUCCESS
    locked at CPU VA 000001E85E2A0000
D3DKMTUnlock2 [gpu-ib]             0x00000000  STATUS_SUCCESS
Submit GPU readback                0x00000000  STATUS_SUCCESS
    asking the context to signal the monitored fence to 106
D3DKMTSignalSynchronizationObjectFromGpu 0x00000000  STATUS_SUCCESS
D3DKMTWaitForSynchronizationObjectFromCpu 0x00000000  STATUS_SUCCESS
    the monitored fence reached 106 after 0 ms
D3DKMTLock2 [gpu-readback]         0x00000000  STATUS_SUCCESS
    locked at CPU VA 000001E85E2B0000
D3DKMTUnlock2 [gpu-readback]       0x00000000  STATUS_SUCCESS
D3DKMTLock2 [gpu-readback]         0x00000000  STATUS_SUCCESS
    locked at CPU VA 000001E85E2B0000
D3DKMTUnlock2 [gpu-readback]       0x00000000  STATUS_SUCCESS
D3DKMTLock2 [gpu-ib]               0x00000000  STATUS_SUCCESS
    locked at CPU VA 000001E85E2A0000
D3DKMTUnlock2 [gpu-ib]             0x00000000  STATUS_SUCCESS
Submit GPU readback                0x00000000  STATUS_SUCCESS
    asking the context to signal the monitored fence to 107
D3DKMTSignalSynchronizationObjectFromGpu 0x00000000  STATUS_SUCCESS
D3DKMTWaitForSynchronizationObjectFromCpu 0x00000000  STATUS_SUCCESS
    the monitored fence reached 107 after 0 ms
D3DKMTLock2 [gpu-readback]         0x00000000  STATUS_SUCCESS
    locked at CPU VA 000001E85E2B0000
D3DKMTUnlock2 [gpu-readback]       0x00000000  STATUS_SUCCESS
D3DKMTLock2 [gpu-readback]         0x00000000  STATUS_SUCCESS
    locked at CPU VA 000001E85E2B0000
D3DKMTUnlock2 [gpu-readback]       0x00000000  STATUS_SUCCESS
D3DKMTLock2 [gpu-ib]               0x00000000  STATUS_SUCCESS
    locked at CPU VA 000001E85E2A0000
D3DKMTUnlock2 [gpu-ib]             0x00000000  STATUS_SUCCESS
Submit GPU readback                0x00000000  STATUS_SUCCESS
    asking the context to signal the monitored fence to 108
D3DKMTSignalSynchronizationObjectFromGpu 0x00000000  STATUS_SUCCESS
D3DKMTWaitForSynchronizationObjectFromCpu 0x00000000  STATUS_SUCCESS
    the monitored fence reached 108 after 0 ms
D3DKMTLock2 [gpu-readback]         0x00000000  STATUS_SUCCESS
    locked at CPU VA 000001E85E2B0000
D3DKMTUnlock2 [gpu-readback]       0x00000000  STATUS_SUCCESS
D3DKMTLock2 [gpu-readback]         0x00000000  STATUS_SUCCESS
    locked at CPU VA 000001E85E2B0000
D3DKMTUnlock2 [gpu-readback]       0x00000000  STATUS_SUCCESS
D3DKMTLock2 [gpu-ib]               0x00000000  STATUS_SUCCESS
    locked at CPU VA 000001E85E2A0000
D3DKMTUnlock2 [gpu-ib]             0x00000000  STATUS_SUCCESS
Submit GPU readback                0x00000000  STATUS_SUCCESS
    asking the context to signal the monitored fence to 109
D3DKMTSignalSynchronizationObjectFromGpu 0x00000000  STATUS_SUCCESS
D3DKMTWaitForSynchronizationObjectFromCpu 0x00000000  STATUS_SUCCESS
    the monitored fence reached 109 after 0 ms
D3DKMTLock2 [gpu-readback]         0x00000000  STATUS_SUCCESS
    locked at CPU VA 000001E85E2B0000
D3DKMTUnlock2 [gpu-readback]       0x00000000  STATUS_SUCCESS
D3DKMTLock2 [gpu-readback]         0x00000000  STATUS_SUCCESS
    locked at CPU VA 000001E85E2B0000
D3DKMTUnlock2 [gpu-readback]       0x00000000  STATUS_SUCCESS
D3DKMTLock2 [gpu-ib]               0x00000000  STATUS_SUCCESS
    locked at CPU VA 000001E85E2A0000
D3DKMTUnlock2 [gpu-ib]             0x00000000  STATUS_SUCCESS
Submit GPU readback                0x00000000  STATUS_SUCCESS
    asking the context to signal the monitored fence to 110
D3DKMTSignalSynchronizationObjectFromGpu 0x00000000  STATUS_SUCCESS
D3DKMTWaitForSynchronizationObjectFromCpu 0x00000000  STATUS_SUCCESS
    the monitored fence reached 110 after 0 ms
D3DKMTLock2 [gpu-readback]         0x00000000  STATUS_SUCCESS
    locked at CPU VA 000001E85E2B0000
D3DKMTUnlock2 [gpu-readback]       0x00000000  STATUS_SUCCESS
D3DKMTLock2 [gpu-readback]         0x00000000  STATUS_SUCCESS
    locked at CPU VA 000001E85E2B0000
D3DKMTUnlock2 [gpu-readback]       0x00000000  STATUS_SUCCESS
D3DKMTLock2 [gpu-ib]               0x00000000  STATUS_SUCCESS
    locked at CPU VA 000001E85E2A0000
D3DKMTUnlock2 [gpu-ib]             0x00000000  STATUS_SUCCESS
Submit GPU readback                0x00000000  STATUS_SUCCESS
    asking the context to signal the monitored fence to 111
D3DKMTSignalSynchronizationObjectFromGpu 0x00000000  STATUS_SUCCESS
D3DKMTWaitForSynchronizationObjectFromCpu 0x00000000  STATUS_SUCCESS
    the monitored fence reached 111 after 0 ms
D3DKMTLock2 [gpu-readback]         0x00000000  STATUS_SUCCESS
    locked at CPU VA 000001E85E2B0000
D3DKMTUnlock2 [gpu-readback]       0x00000000  STATUS_SUCCESS
D3DKMTLock2 [gpu-readback]         0x00000000  STATUS_SUCCESS
    locked at CPU VA 000001E85E2B0000
D3DKMTUnlock2 [gpu-readback]       0x00000000  STATUS_SUCCESS
D3DKMTLock2 [gpu-ib]               0x00000000  STATUS_SUCCESS
    locked at CPU VA 000001E85E2A0000
D3DKMTUnlock2 [gpu-ib]             0x00000000  STATUS_SUCCESS
Submit GPU readback                0x00000000  STATUS_SUCCESS
    asking the context to signal the monitored fence to 112
D3DKMTSignalSynchronizationObjectFromGpu 0x00000000  STATUS_SUCCESS
D3DKMTWaitForSynchronizationObjectFromCpu 0x00000000  STATUS_SUCCESS
    the monitored fence reached 112 after 0 ms
D3DKMTLock2 [gpu-readback]         0x00000000  STATUS_SUCCESS
    locked at CPU VA 000001E85E2B0000
D3DKMTUnlock2 [gpu-readback]       0x00000000  STATUS_SUCCESS
D3DKMTLock2 [gpu-readback]         0x00000000  STATUS_SUCCESS
    locked at CPU VA 000001E85E2B0000
D3DKMTUnlock2 [gpu-readback]       0x00000000  STATUS_SUCCESS
D3DKMTLock2 [gpu-ib]               0x00000000  STATUS_SUCCESS
    locked at CPU VA 000001E85E2A0000
D3DKMTUnlock2 [gpu-ib]             0x00000000  STATUS_SUCCESS
Submit GPU readback                0x00000000  STATUS_SUCCESS
    asking the context to signal the monitored fence to 113
D3DKMTSignalSynchronizationObjectFromGpu 0x00000000  STATUS_SUCCESS
D3DKMTWaitForSynchronizationObjectFromCpu 0x00000000  STATUS_SUCCESS
    the monitored fence reached 113 after 0 ms
D3DKMTLock2 [gpu-readback]         0x00000000  STATUS_SUCCESS
    locked at CPU VA 000001E85E2B0000
D3DKMTUnlock2 [gpu-readback]       0x00000000  STATUS_SUCCESS
D3DKMTLock2 [gpu-readback]         0x00000000  STATUS_SUCCESS
    locked at CPU VA 000001E85E2B0000
D3DKMTUnlock2 [gpu-readback]       0x00000000  STATUS_SUCCESS
D3DKMTLock2 [gpu-ib]               0x00000000  STATUS_SUCCESS
    locked at CPU VA 000001E85E2A0000
D3DKMTUnlock2 [gpu-ib]             0x00000000  STATUS_SUCCESS
Submit GPU readback                0x00000000  STATUS_SUCCESS
    asking the context to signal the monitored fence to 114
D3DKMTSignalSynchronizationObjectFromGpu 0x00000000  STATUS_SUCCESS
D3DKMTWaitForSynchronizationObjectFromCpu 0x00000000  STATUS_SUCCESS
    the monitored fence reached 114 after 0 ms
D3DKMTLock2 [gpu-readback]         0x00000000  STATUS_SUCCESS
    locked at CPU VA 000001E85E2B0000
D3DKMTUnlock2 [gpu-readback]       0x00000000  STATUS_SUCCESS
D3DKMTLock2 [gpu-readback]         0x00000000  STATUS_SUCCESS
    locked at CPU VA 000001E85E2B0000
D3DKMTUnlock2 [gpu-readback]       0x00000000  STATUS_SUCCESS
D3DKMTLock2 [gpu-ib]               0x00000000  STATUS_SUCCESS
    locked at CPU VA 000001E85E2A0000
D3DKMTUnlock2 [gpu-ib]             0x00000000  STATUS_SUCCESS
Submit GPU readback                0x00000000  STATUS_SUCCESS
    asking the context to signal the monitored fence to 115
D3DKMTSignalSynchronizationObjectFromGpu 0x00000000  STATUS_SUCCESS
D3DKMTWaitForSynchronizationObjectFromCpu 0x00000000  STATUS_SUCCESS
    the monitored fence reached 115 after 0 ms
D3DKMTLock2 [gpu-readback]         0x00000000  STATUS_SUCCESS
    locked at CPU VA 000001E85E2B0000
D3DKMTUnlock2 [gpu-readback]       0x00000000  STATUS_SUCCESS
D3DKMTLock2 [gpu-readback]         0x00000000  STATUS_SUCCESS
    locked at CPU VA 000001E85E2B0000
D3DKMTUnlock2 [gpu-readback]       0x00000000  STATUS_SUCCESS
D3DKMTLock2 [gpu-ib]               0x00000000  STATUS_SUCCESS
    locked at CPU VA 000001E85E2A0000
D3DKMTUnlock2 [gpu-ib]             0x00000000  STATUS_SUCCESS
Submit GPU readback                0x00000000  STATUS_SUCCESS
    asking the context to signal the monitored fence to 116
D3DKMTSignalSynchronizationObjectFromGpu 0x00000000  STATUS_SUCCESS
D3DKMTWaitForSynchronizationObjectFromCpu 0x00000000  STATUS_SUCCESS
    the monitored fence reached 116 after 0 ms
D3DKMTLock2 [gpu-readback]         0x00000000  STATUS_SUCCESS
    locked at CPU VA 000001E85E2B0000
D3DKMTUnlock2 [gpu-readback]       0x00000000  STATUS_SUCCESS
D3DKMTLock2 [gpu-readback]         0x00000000  STATUS_SUCCESS
    locked at CPU VA 000001E85E2B0000
D3DKMTUnlock2 [gpu-readback]       0x00000000  STATUS_SUCCESS
D3DKMTLock2 [gpu-ib]               0x00000000  STATUS_SUCCESS
    locked at CPU VA 000001E85E2A0000
D3DKMTUnlock2 [gpu-ib]             0x00000000  STATUS_SUCCESS
Submit GPU readback                0x00000000  STATUS_SUCCESS
    asking the context to signal the monitored fence to 117
D3DKMTSignalSynchronizationObjectFromGpu 0x00000000  STATUS_SUCCESS
D3DKMTWaitForSynchronizationObjectFromCpu 0x00000000  STATUS_SUCCESS
    the monitored fence reached 117 after 0 ms
D3DKMTLock2 [gpu-readback]         0x00000000  STATUS_SUCCESS
    locked at CPU VA 000001E85E2B0000
D3DKMTUnlock2 [gpu-readback]       0x00000000  STATUS_SUCCESS
D3DKMTLock2 [gpu-readback]         0x00000000  STATUS_SUCCESS
    locked at CPU VA 000001E85E2B0000
D3DKMTUnlock2 [gpu-readback]       0x00000000  STATUS_SUCCESS
D3DKMTLock2 [gpu-ib]               0x00000000  STATUS_SUCCESS
    locked at CPU VA 000001E85E2A0000
D3DKMTUnlock2 [gpu-ib]             0x00000000  STATUS_SUCCESS
Submit GPU readback                0x00000000  STATUS_SUCCESS
    asking the context to signal the monitored fence to 118
D3DKMTSignalSynchronizationObjectFromGpu 0x00000000  STATUS_SUCCESS
D3DKMTWaitForSynchronizationObjectFromCpu 0x00000000  STATUS_SUCCESS
    the monitored fence reached 118 after 0 ms
D3DKMTLock2 [gpu-readback]         0x00000000  STATUS_SUCCESS
    locked at CPU VA 000001E85E2B0000
D3DKMTUnlock2 [gpu-readback]       0x00000000  STATUS_SUCCESS
D3DKMTLock2 [gpu-readback]         0x00000000  STATUS_SUCCESS
    locked at CPU VA 000001E85E2B0000
D3DKMTUnlock2 [gpu-readback]       0x00000000  STATUS_SUCCESS
D3DKMTLock2 [gpu-ib]               0x00000000  STATUS_SUCCESS
    locked at CPU VA 000001E85E2A0000
D3DKMTUnlock2 [gpu-ib]             0x00000000  STATUS_SUCCESS
Submit GPU readback                0x00000000  STATUS_SUCCESS
    asking the context to signal the monitored fence to 119
D3DKMTSignalSynchronizationObjectFromGpu 0x00000000  STATUS_SUCCESS
D3DKMTWaitForSynchronizationObjectFromCpu 0x00000000  STATUS_SUCCESS
    the monitored fence reached 119 after 0 ms
D3DKMTLock2 [gpu-readback]         0x00000000  STATUS_SUCCESS
    locked at CPU VA 000001E85E2B0000
D3DKMTUnlock2 [gpu-readback]       0x00000000  STATUS_SUCCESS
D3DKMTLock2 [gpu-readback]         0x00000000  STATUS_SUCCESS
    locked at CPU VA 000001E85E2B0000
D3DKMTUnlock2 [gpu-readback]       0x00000000  STATUS_SUCCESS
D3DKMTLock2 [gpu-ib]               0x00000000  STATUS_SUCCESS
    locked at CPU VA 000001E85E2A0000
D3DKMTUnlock2 [gpu-ib]             0x00000000  STATUS_SUCCESS
Submit GPU readback                0x00000000  STATUS_SUCCESS
    asking the context to signal the monitored fence to 120
D3DKMTSignalSynchronizationObjectFromGpu 0x00000000  STATUS_SUCCESS
D3DKMTWaitForSynchronizationObjectFromCpu 0x00000000  STATUS_SUCCESS
    the monitored fence reached 120 after 0 ms
D3DKMTLock2 [gpu-readback]         0x00000000  STATUS_SUCCESS
    locked at CPU VA 000001E85E2B0000
D3DKMTUnlock2 [gpu-readback]       0x00000000  STATUS_SUCCESS
D3DKMTLock2 [gpu-readback]         0x00000000  STATUS_SUCCESS
    locked at CPU VA 000001E85E2B0000
D3DKMTUnlock2 [gpu-readback]       0x00000000  STATUS_SUCCESS
D3DKMTLock2 [gpu-ib]               0x00000000  STATUS_SUCCESS
    locked at CPU VA 000001E85E2A0000
D3DKMTUnlock2 [gpu-ib]             0x00000000  STATUS_SUCCESS
Submit GPU readback                0x00000000  STATUS_SUCCESS
    asking the context to signal the monitored fence to 121
D3DKMTSignalSynchronizationObjectFromGpu 0x00000000  STATUS_SUCCESS
D3DKMTWaitForSynchronizationObjectFromCpu 0x00000000  STATUS_SUCCESS
    the monitored fence reached 121 after 0 ms
D3DKMTLock2 [gpu-readback]         0x00000000  STATUS_SUCCESS
    locked at CPU VA 000001E85E2B0000
D3DKMTUnlock2 [gpu-readback]       0x00000000  STATUS_SUCCESS
D3DKMTLock2 [gpu-readback]         0x00000000  STATUS_SUCCESS
    locked at CPU VA 000001E85E2B0000
D3DKMTUnlock2 [gpu-readback]       0x00000000  STATUS_SUCCESS
D3DKMTLock2 [gpu-ib]               0x00000000  STATUS_SUCCESS
    locked at CPU VA 000001E85E2A0000
D3DKMTUnlock2 [gpu-ib]             0x00000000  STATUS_SUCCESS
Submit GPU readback                0x00000000  STATUS_SUCCESS
    asking the context to signal the monitored fence to 122
D3DKMTSignalSynchronizationObjectFromGpu 0x00000000  STATUS_SUCCESS
D3DKMTWaitForSynchronizationObjectFromCpu 0x00000000  STATUS_SUCCESS
    the monitored fence reached 122 after 0 ms
D3DKMTLock2 [gpu-readback]         0x00000000  STATUS_SUCCESS
    locked at CPU VA 000001E85E2B0000
D3DKMTUnlock2 [gpu-readback]       0x00000000  STATUS_SUCCESS
D3DKMTLock2 [gpu-readback]         0x00000000  STATUS_SUCCESS
    locked at CPU VA 000001E85E2B0000
D3DKMTUnlock2 [gpu-readback]       0x00000000  STATUS_SUCCESS
D3DKMTLock2 [gpu-ib]               0x00000000  STATUS_SUCCESS
    locked at CPU VA 000001E85E2A0000
D3DKMTUnlock2 [gpu-ib]             0x00000000  STATUS_SUCCESS
Submit GPU readback                0x00000000  STATUS_SUCCESS
    asking the context to signal the monitored fence to 123
D3DKMTSignalSynchronizationObjectFromGpu 0x00000000  STATUS_SUCCESS
D3DKMTWaitForSynchronizationObjectFromCpu 0x00000000  STATUS_SUCCESS
    the monitored fence reached 123 after 0 ms
D3DKMTLock2 [gpu-readback]         0x00000000  STATUS_SUCCESS
    locked at CPU VA 000001E85E2B0000
D3DKMTUnlock2 [gpu-readback]       0x00000000  STATUS_SUCCESS
D3DKMTLock2 [gpu-readback]         0x00000000  STATUS_SUCCESS
    locked at CPU VA 000001E85E2B0000
D3DKMTUnlock2 [gpu-readback]       0x00000000  STATUS_SUCCESS
D3DKMTLock2 [gpu-ib]               0x00000000  STATUS_SUCCESS
    locked at CPU VA 000001E85E2A0000
D3DKMTUnlock2 [gpu-ib]             0x00000000  STATUS_SUCCESS
Submit GPU readback                0x00000000  STATUS_SUCCESS
    asking the context to signal the monitored fence to 124
D3DKMTSignalSynchronizationObjectFromGpu 0x00000000  STATUS_SUCCESS
D3DKMTWaitForSynchronizationObjectFromCpu 0x00000000  STATUS_SUCCESS
    the monitored fence reached 124 after 0 ms
D3DKMTLock2 [gpu-readback]         0x00000000  STATUS_SUCCESS
    locked at CPU VA 000001E85E2B0000
D3DKMTUnlock2 [gpu-readback]       0x00000000  STATUS_SUCCESS
D3DKMTLock2 [gpu-readback]         0x00000000  STATUS_SUCCESS
    locked at CPU VA 000001E85E2B0000
D3DKMTUnlock2 [gpu-readback]       0x00000000  STATUS_SUCCESS
D3DKMTLock2 [gpu-ib]               0x00000000  STATUS_SUCCESS
    locked at CPU VA 000001E85E2A0000
D3DKMTUnlock2 [gpu-ib]             0x00000000  STATUS_SUCCESS
Submit GPU readback                0x00000000  STATUS_SUCCESS
    asking the context to signal the monitored fence to 125
D3DKMTSignalSynchronizationObjectFromGpu 0x00000000  STATUS_SUCCESS
D3DKMTWaitForSynchronizationObjectFromCpu 0x00000000  STATUS_SUCCESS
    the monitored fence reached 125 after 0 ms
D3DKMTLock2 [gpu-readback]         0x00000000  STATUS_SUCCESS
    locked at CPU VA 000001E85E2B0000
D3DKMTUnlock2 [gpu-readback]       0x00000000  STATUS_SUCCESS
D3DKMTLock2 [gpu-readback]         0x00000000  STATUS_SUCCESS
    locked at CPU VA 000001E85E2B0000
D3DKMTUnlock2 [gpu-readback]       0x00000000  STATUS_SUCCESS
D3DKMTLock2 [gpu-ib]               0x00000000  STATUS_SUCCESS
    locked at CPU VA 000001E85E2A0000
D3DKMTUnlock2 [gpu-ib]             0x00000000  STATUS_SUCCESS
Submit GPU readback                0x00000000  STATUS_SUCCESS
    asking the context to signal the monitored fence to 126
D3DKMTSignalSynchronizationObjectFromGpu 0x00000000  STATUS_SUCCESS
D3DKMTWaitForSynchronizationObjectFromCpu 0x00000000  STATUS_SUCCESS
    the monitored fence reached 126 after 0 ms
D3DKMTLock2 [gpu-readback]         0x00000000  STATUS_SUCCESS
    locked at CPU VA 000001E85E2B0000
D3DKMTUnlock2 [gpu-readback]       0x00000000  STATUS_SUCCESS
D3DKMTLock2 [gpu-readback]         0x00000000  STATUS_SUCCESS
    locked at CPU VA 000001E85E2B0000
D3DKMTUnlock2 [gpu-readback]       0x00000000  STATUS_SUCCESS
D3DKMTLock2 [gpu-ib]               0x00000000  STATUS_SUCCESS
    locked at CPU VA 000001E85E2A0000
D3DKMTUnlock2 [gpu-ib]             0x00000000  STATUS_SUCCESS
Submit GPU readback                0x00000000  STATUS_SUCCESS
    asking the context to signal the monitored fence to 127
D3DKMTSignalSynchronizationObjectFromGpu 0x00000000  STATUS_SUCCESS
D3DKMTWaitForSynchronizationObjectFromCpu 0x00000000  STATUS_SUCCESS
    the monitored fence reached 127 after 0 ms
D3DKMTLock2 [gpu-readback]         0x00000000  STATUS_SUCCESS
    locked at CPU VA 000001E85E2B0000
D3DKMTUnlock2 [gpu-readback]       0x00000000  STATUS_SUCCESS
D3DKMTLock2 [gpu-readback]         0x00000000  STATUS_SUCCESS
    locked at CPU VA 000001E85E2B0000
D3DKMTUnlock2 [gpu-readback]       0x00000000  STATUS_SUCCESS
D3DKMTLock2 [gpu-ib]               0x00000000  STATUS_SUCCESS
    locked at CPU VA 000001E85E2A0000
D3DKMTUnlock2 [gpu-ib]             0x00000000  STATUS_SUCCESS
Submit GPU readback                0x00000000  STATUS_SUCCESS
    asking the context to signal the monitored fence to 128
D3DKMTSignalSynchronizationObjectFromGpu 0x00000000  STATUS_SUCCESS
D3DKMTWaitForSynchronizationObjectFromCpu 0x00000000  STATUS_SUCCESS
    the monitored fence reached 128 after 0 ms
D3DKMTLock2 [gpu-readback]         0x00000000  STATUS_SUCCESS
    locked at CPU VA 000001E85E2B0000
D3DKMTUnlock2 [gpu-readback]       0x00000000  STATUS_SUCCESS
D3DKMTLock2 [gpu-readback]         0x00000000  STATUS_SUCCESS
    locked at CPU VA 000001E85E2B0000
D3DKMTUnlock2 [gpu-readback]       0x00000000  STATUS_SUCCESS
D3DKMTLock2 [gpu-ib]               0x00000000  STATUS_SUCCESS
    locked at CPU VA 000001E85E2A0000
D3DKMTUnlock2 [gpu-ib]             0x00000000  STATUS_SUCCESS
Submit GPU readback                0x00000000  STATUS_SUCCESS
    asking the context to signal the monitored fence to 129
D3DKMTSignalSynchronizationObjectFromGpu 0x00000000  STATUS_SUCCESS
D3DKMTWaitForSynchronizationObjectFromCpu 0x00000000  STATUS_SUCCESS
    the monitored fence reached 129 after 0 ms
D3DKMTLock2 [gpu-readback]         0x00000000  STATUS_SUCCESS
    locked at CPU VA 000001E85E2B0000
D3DKMTUnlock2 [gpu-readback]       0x00000000  STATUS_SUCCESS
D3DKMTLock2 [gpu-readback]         0x00000000  STATUS_SUCCESS
    locked at CPU VA 000001E85E2B0000
D3DKMTUnlock2 [gpu-readback]       0x00000000  STATUS_SUCCESS
D3DKMTLock2 [gpu-ib]               0x00000000  STATUS_SUCCESS
    locked at CPU VA 000001E85E2A0000
D3DKMTUnlock2 [gpu-ib]             0x00000000  STATUS_SUCCESS
Submit GPU readback                0x00000000  STATUS_SUCCESS
    asking the context to signal the monitored fence to 130
D3DKMTSignalSynchronizationObjectFromGpu 0x00000000  STATUS_SUCCESS
D3DKMTWaitForSynchronizationObjectFromCpu 0x00000000  STATUS_SUCCESS
    the monitored fence reached 130 after 0 ms
D3DKMTLock2 [gpu-readback]         0x00000000  STATUS_SUCCESS
    locked at CPU VA 000001E85E2B0000
D3DKMTUnlock2 [gpu-readback]       0x00000000  STATUS_SUCCESS
D3DKMTLock2 [gpu-readback]         0x00000000  STATUS_SUCCESS
    locked at CPU VA 000001E85E2B0000
D3DKMTUnlock2 [gpu-readback]       0x00000000  STATUS_SUCCESS
D3DKMTLock2 [gpu-ib]               0x00000000  STATUS_SUCCESS
    locked at CPU VA 000001E85E2A0000
D3DKMTUnlock2 [gpu-ib]             0x00000000  STATUS_SUCCESS
Submit GPU readback                0x00000000  STATUS_SUCCESS
    asking the context to signal the monitored fence to 131
D3DKMTSignalSynchronizationObjectFromGpu 0x00000000  STATUS_SUCCESS
D3DKMTWaitForSynchronizationObjectFromCpu 0x00000000  STATUS_SUCCESS
    the monitored fence reached 131 after 0 ms
D3DKMTLock2 [gpu-readback]         0x00000000  STATUS_SUCCESS
    locked at CPU VA 000001E85E2B0000
D3DKMTUnlock2 [gpu-readback]       0x00000000  STATUS_SUCCESS
D3DKMTLock2 [gpu-readback]         0x00000000  STATUS_SUCCESS
    locked at CPU VA 000001E85E2B0000
D3DKMTUnlock2 [gpu-readback]       0x00000000  STATUS_SUCCESS
D3DKMTLock2 [gpu-ib]               0x00000000  STATUS_SUCCESS
    locked at CPU VA 000001E85E2A0000
D3DKMTUnlock2 [gpu-ib]             0x00000000  STATUS_SUCCESS
Submit GPU readback                0x00000000  STATUS_SUCCESS
    asking the context to signal the monitored fence to 132
D3DKMTSignalSynchronizationObjectFromGpu 0x00000000  STATUS_SUCCESS
D3DKMTWaitForSynchronizationObjectFromCpu 0x00000000  STATUS_SUCCESS
    the monitored fence reached 132 after 0 ms
D3DKMTLock2 [gpu-readback]         0x00000000  STATUS_SUCCESS
    locked at CPU VA 000001E85E2B0000
D3DKMTUnlock2 [gpu-readback]       0x00000000  STATUS_SUCCESS
D3DKMTLock2 [gpu-readback]         0x00000000  STATUS_SUCCESS
    locked at CPU VA 000001E85E2B0000
D3DKMTUnlock2 [gpu-readback]       0x00000000  STATUS_SUCCESS
D3DKMTLock2 [gpu-ib]               0x00000000  STATUS_SUCCESS
    locked at CPU VA 000001E85E2A0000
D3DKMTUnlock2 [gpu-ib]             0x00000000  STATUS_SUCCESS
Submit GPU readback                0x00000000  STATUS_SUCCESS
    asking the context to signal the monitored fence to 133
D3DKMTSignalSynchronizationObjectFromGpu 0x00000000  STATUS_SUCCESS
D3DKMTWaitForSynchronizationObjectFromCpu 0x00000000  STATUS_SUCCESS
    the monitored fence reached 133 after 0 ms
D3DKMTLock2 [gpu-readback]         0x00000000  STATUS_SUCCESS
    locked at CPU VA 000001E85E2B0000
D3DKMTUnlock2 [gpu-readback]       0x00000000  STATUS_SUCCESS
D3DKMTLock2 [gpu-readback]         0x00000000  STATUS_SUCCESS
    locked at CPU VA 000001E85E2B0000
D3DKMTUnlock2 [gpu-readback]       0x00000000  STATUS_SUCCESS
D3DKMTLock2 [gpu-ib]               0x00000000  STATUS_SUCCESS
    locked at CPU VA 000001E85E2A0000
D3DKMTUnlock2 [gpu-ib]             0x00000000  STATUS_SUCCESS
Submit GPU readback                0x00000000  STATUS_SUCCESS
    asking the context to signal the monitored fence to 134
D3DKMTSignalSynchronizationObjectFromGpu 0x00000000  STATUS_SUCCESS
D3DKMTWaitForSynchronizationObjectFromCpu 0x00000000  STATUS_SUCCESS
    the monitored fence reached 134 after 0 ms
D3DKMTLock2 [gpu-readback]         0x00000000  STATUS_SUCCESS
    locked at CPU VA 000001E85E2B0000
D3DKMTUnlock2 [gpu-readback]       0x00000000  STATUS_SUCCESS
D3DKMTLock2 [gpu-readback]         0x00000000  STATUS_SUCCESS
    locked at CPU VA 000001E85E2B0000
D3DKMTUnlock2 [gpu-readback]       0x00000000  STATUS_SUCCESS
D3DKMTLock2 [gpu-ib]               0x00000000  STATUS_SUCCESS
    locked at CPU VA 000001E85E2A0000
D3DKMTUnlock2 [gpu-ib]             0x00000000  STATUS_SUCCESS
Submit GPU readback                0x00000000  STATUS_SUCCESS
    asking the context to signal the monitored fence to 135
D3DKMTSignalSynchronizationObjectFromGpu 0x00000000  STATUS_SUCCESS
D3DKMTWaitForSynchronizationObjectFromCpu 0x00000000  STATUS_SUCCESS
    the monitored fence reached 135 after 0 ms
D3DKMTLock2 [gpu-readback]         0x00000000  STATUS_SUCCESS
    locked at CPU VA 000001E85E2B0000
D3DKMTUnlock2 [gpu-readback]       0x00000000  STATUS_SUCCESS
D3DKMTLock2 [gpu-readback]         0x00000000  STATUS_SUCCESS
    locked at CPU VA 000001E85E2B0000
D3DKMTUnlock2 [gpu-readback]       0x00000000  STATUS_SUCCESS
D3DKMTLock2 [gpu-ib]               0x00000000  STATUS_SUCCESS
    locked at CPU VA 000001E85E2A0000
D3DKMTUnlock2 [gpu-ib]             0x00000000  STATUS_SUCCESS
Submit GPU readback                0x00000000  STATUS_SUCCESS
    asking the context to signal the monitored fence to 136
D3DKMTSignalSynchronizationObjectFromGpu 0x00000000  STATUS_SUCCESS
D3DKMTWaitForSynchronizationObjectFromCpu 0x00000000  STATUS_SUCCESS
    the monitored fence reached 136 after 0 ms
D3DKMTLock2 [gpu-readback]         0x00000000  STATUS_SUCCESS
    locked at CPU VA 000001E85E2B0000
D3DKMTUnlock2 [gpu-readback]       0x00000000  STATUS_SUCCESS
D3DKMTLock2 [gpu-readback]         0x00000000  STATUS_SUCCESS
    locked at CPU VA 000001E85E2B0000
D3DKMTUnlock2 [gpu-readback]       0x00000000  STATUS_SUCCESS
D3DKMTLock2 [gpu-ib]               0x00000000  STATUS_SUCCESS
    locked at CPU VA 000001E85E2A0000
D3DKMTUnlock2 [gpu-ib]             0x00000000  STATUS_SUCCESS
Submit GPU readback                0x00000000  STATUS_SUCCESS
    asking the context to signal the monitored fence to 137
D3DKMTSignalSynchronizationObjectFromGpu 0x00000000  STATUS_SUCCESS
D3DKMTWaitForSynchronizationObjectFromCpu 0x00000000  STATUS_SUCCESS
    the monitored fence reached 137 after 0 ms
D3DKMTLock2 [gpu-readback]         0x00000000  STATUS_SUCCESS
    locked at CPU VA 000001E85E2B0000
D3DKMTUnlock2 [gpu-readback]       0x00000000  STATUS_SUCCESS
D3DKMTLock2 [gpu-readback]         0x00000000  STATUS_SUCCESS
    locked at CPU VA 000001E85E2B0000
D3DKMTUnlock2 [gpu-readback]       0x00000000  STATUS_SUCCESS
D3DKMTLock2 [gpu-ib]               0x00000000  STATUS_SUCCESS
    locked at CPU VA 000001E85E2A0000
D3DKMTUnlock2 [gpu-ib]             0x00000000  STATUS_SUCCESS
Submit GPU readback                0x00000000  STATUS_SUCCESS
    asking the context to signal the monitored fence to 138
D3DKMTSignalSynchronizationObjectFromGpu 0x00000000  STATUS_SUCCESS
D3DKMTWaitForSynchronizationObjectFromCpu 0x00000000  STATUS_SUCCESS
    the monitored fence reached 138 after 0 ms
D3DKMTLock2 [gpu-readback]         0x00000000  STATUS_SUCCESS
    locked at CPU VA 000001E85E2B0000
D3DKMTUnlock2 [gpu-readback]       0x00000000  STATUS_SUCCESS
D3DKMTLock2 [gpu-readback]         0x00000000  STATUS_SUCCESS
    locked at CPU VA 000001E85E2B0000
D3DKMTUnlock2 [gpu-readback]       0x00000000  STATUS_SUCCESS
D3DKMTLock2 [gpu-ib]               0x00000000  STATUS_SUCCESS
    locked at CPU VA 000001E85E2A0000
D3DKMTUnlock2 [gpu-ib]             0x00000000  STATUS_SUCCESS
Submit GPU readback                0x00000000  STATUS_SUCCESS
    asking the context to signal the monitored fence to 139
D3DKMTSignalSynchronizationObjectFromGpu 0x00000000  STATUS_SUCCESS
D3DKMTWaitForSynchronizationObjectFromCpu 0x00000000  STATUS_SUCCESS
    the monitored fence reached 139 after 0 ms
D3DKMTLock2 [gpu-readback]         0x00000000  STATUS_SUCCESS
    locked at CPU VA 000001E85E2B0000
D3DKMTUnlock2 [gpu-readback]       0x00000000  STATUS_SUCCESS
D3DKMTLock2 [gpu-readback]         0x00000000  STATUS_SUCCESS
    locked at CPU VA 000001E85E2B0000
D3DKMTUnlock2 [gpu-readback]       0x00000000  STATUS_SUCCESS
D3DKMTLock2 [gpu-ib]               0x00000000  STATUS_SUCCESS
    locked at CPU VA 000001E85E2A0000
D3DKMTUnlock2 [gpu-ib]             0x00000000  STATUS_SUCCESS
Submit GPU readback                0x00000000  STATUS_SUCCESS
    asking the context to signal the monitored fence to 140
D3DKMTSignalSynchronizationObjectFromGpu 0x00000000  STATUS_SUCCESS
D3DKMTWaitForSynchronizationObjectFromCpu 0x00000000  STATUS_SUCCESS
    the monitored fence reached 140 after 0 ms
D3DKMTLock2 [gpu-readback]         0x00000000  STATUS_SUCCESS
    locked at CPU VA 000001E85E2B0000
D3DKMTUnlock2 [gpu-readback]       0x00000000  STATUS_SUCCESS
D3DKMTLock2 [gpu-readback]         0x00000000  STATUS_SUCCESS
    locked at CPU VA 000001E85E2B0000
D3DKMTUnlock2 [gpu-readback]       0x00000000  STATUS_SUCCESS
D3DKMTLock2 [gpu-ib]               0x00000000  STATUS_SUCCESS
    locked at CPU VA 000001E85E2A0000
D3DKMTUnlock2 [gpu-ib]             0x00000000  STATUS_SUCCESS
Submit GPU readback                0x00000000  STATUS_SUCCESS
    asking the context to signal the monitored fence to 141
D3DKMTSignalSynchronizationObjectFromGpu 0x00000000  STATUS_SUCCESS
D3DKMTWaitForSynchronizationObjectFromCpu 0x00000000  STATUS_SUCCESS
    the monitored fence reached 141 after 0 ms
D3DKMTLock2 [gpu-readback]         0x00000000  STATUS_SUCCESS
    locked at CPU VA 000001E85E2B0000
D3DKMTUnlock2 [gpu-readback]       0x00000000  STATUS_SUCCESS
D3DKMTLock2 [gpu-readback]         0x00000000  STATUS_SUCCESS
    locked at CPU VA 000001E85E2B0000
D3DKMTUnlock2 [gpu-readback]       0x00000000  STATUS_SUCCESS
D3DKMTLock2 [gpu-ib]               0x00000000  STATUS_SUCCESS
    locked at CPU VA 000001E85E2A0000
D3DKMTUnlock2 [gpu-ib]             0x00000000  STATUS_SUCCESS
Submit GPU readback                0x00000000  STATUS_SUCCESS
    asking the context to signal the monitored fence to 142
D3DKMTSignalSynchronizationObjectFromGpu 0x00000000  STATUS_SUCCESS
D3DKMTWaitForSynchronizationObjectFromCpu 0x00000000  STATUS_SUCCESS
    the monitored fence reached 142 after 0 ms
D3DKMTLock2 [gpu-readback]         0x00000000  STATUS_SUCCESS
    locked at CPU VA 000001E85E2B0000
D3DKMTUnlock2 [gpu-readback]       0x00000000  STATUS_SUCCESS
D3DKMTLock2 [gpu-readback]         0x00000000  STATUS_SUCCESS
    locked at CPU VA 000001E85E2B0000
D3DKMTUnlock2 [gpu-readback]       0x00000000  STATUS_SUCCESS
D3DKMTLock2 [gpu-ib]               0x00000000  STATUS_SUCCESS
    locked at CPU VA 000001E85E2A0000
D3DKMTUnlock2 [gpu-ib]             0x00000000  STATUS_SUCCESS
Submit GPU readback                0x00000000  STATUS_SUCCESS
    asking the context to signal the monitored fence to 143
D3DKMTSignalSynchronizationObjectFromGpu 0x00000000  STATUS_SUCCESS
D3DKMTWaitForSynchronizationObjectFromCpu 0x00000000  STATUS_SUCCESS
    the monitored fence reached 143 after 0 ms
D3DKMTLock2 [gpu-readback]         0x00000000  STATUS_SUCCESS
    locked at CPU VA 000001E85E2B0000
D3DKMTUnlock2 [gpu-readback]       0x00000000  STATUS_SUCCESS
D3DKMTLock2 [gpu-readback]         0x00000000  STATUS_SUCCESS
    locked at CPU VA 000001E85E2B0000
D3DKMTUnlock2 [gpu-readback]       0x00000000  STATUS_SUCCESS
D3DKMTLock2 [gpu-ib]               0x00000000  STATUS_SUCCESS
    locked at CPU VA 000001E85E2A0000
D3DKMTUnlock2 [gpu-ib]             0x00000000  STATUS_SUCCESS
Submit GPU readback                0x00000000  STATUS_SUCCESS
    asking the context to signal the monitored fence to 144
D3DKMTSignalSynchronizationObjectFromGpu 0x00000000  STATUS_SUCCESS
D3DKMTWaitForSynchronizationObjectFromCpu 0x00000000  STATUS_SUCCESS
    the monitored fence reached 144 after 0 ms
D3DKMTLock2 [gpu-readback]         0x00000000  STATUS_SUCCESS
    locked at CPU VA 000001E85E2B0000
D3DKMTUnlock2 [gpu-readback]       0x00000000  STATUS_SUCCESS
D3DKMTLock2 [gpu-readback]         0x00000000  STATUS_SUCCESS
    locked at CPU VA 000001E85E2B0000
D3DKMTUnlock2 [gpu-readback]       0x00000000  STATUS_SUCCESS
D3DKMTLock2 [gpu-ib]               0x00000000  STATUS_SUCCESS
    locked at CPU VA 000001E85E2A0000
D3DKMTUnlock2 [gpu-ib]             0x00000000  STATUS_SUCCESS
Submit GPU readback                0x00000000  STATUS_SUCCESS
    asking the context to signal the monitored fence to 145
D3DKMTSignalSynchronizationObjectFromGpu 0x00000000  STATUS_SUCCESS
D3DKMTWaitForSynchronizationObjectFromCpu 0x00000000  STATUS_SUCCESS
    the monitored fence reached 145 after 0 ms
D3DKMTLock2 [gpu-readback]         0x00000000  STATUS_SUCCESS
    locked at CPU VA 000001E85E2B0000
D3DKMTUnlock2 [gpu-readback]       0x00000000  STATUS_SUCCESS
D3DKMTLock2 [gpu-readback]         0x00000000  STATUS_SUCCESS
    locked at CPU VA 000001E85E2B0000
D3DKMTUnlock2 [gpu-readback]       0x00000000  STATUS_SUCCESS
D3DKMTLock2 [gpu-ib]               0x00000000  STATUS_SUCCESS
    locked at CPU VA 000001E85E2A0000
D3DKMTUnlock2 [gpu-ib]             0x00000000  STATUS_SUCCESS
Submit GPU readback                0x00000000  STATUS_SUCCESS
    asking the context to signal the monitored fence to 146
D3DKMTSignalSynchronizationObjectFromGpu 0x00000000  STATUS_SUCCESS
D3DKMTWaitForSynchronizationObjectFromCpu 0x00000000  STATUS_SUCCESS
    the monitored fence reached 146 after 0 ms
D3DKMTLock2 [gpu-readback]         0x00000000  STATUS_SUCCESS
    locked at CPU VA 000001E85E2B0000
D3DKMTUnlock2 [gpu-readback]       0x00000000  STATUS_SUCCESS
D3DKMTLock2 [gpu-readback]         0x00000000  STATUS_SUCCESS
    locked at CPU VA 000001E85E2B0000
D3DKMTUnlock2 [gpu-readback]       0x00000000  STATUS_SUCCESS
D3DKMTLock2 [gpu-ib]               0x00000000  STATUS_SUCCESS
    locked at CPU VA 000001E85E2A0000
D3DKMTUnlock2 [gpu-ib]             0x00000000  STATUS_SUCCESS
Submit GPU readback                0x00000000  STATUS_SUCCESS
    asking the context to signal the monitored fence to 147
D3DKMTSignalSynchronizationObjectFromGpu 0x00000000  STATUS_SUCCESS
D3DKMTWaitForSynchronizationObjectFromCpu 0x00000000  STATUS_SUCCESS
    the monitored fence reached 147 after 0 ms
D3DKMTLock2 [gpu-readback]         0x00000000  STATUS_SUCCESS
    locked at CPU VA 000001E85E2B0000
D3DKMTUnlock2 [gpu-readback]       0x00000000  STATUS_SUCCESS
D3DKMTLock2 [gpu-readback]         0x00000000  STATUS_SUCCESS
    locked at CPU VA 000001E85E2B0000
D3DKMTUnlock2 [gpu-readback]       0x00000000  STATUS_SUCCESS
D3DKMTLock2 [gpu-ib]               0x00000000  STATUS_SUCCESS
    locked at CPU VA 000001E85E2A0000
D3DKMTUnlock2 [gpu-ib]             0x00000000  STATUS_SUCCESS
Submit GPU readback                0x00000000  STATUS_SUCCESS
    asking the context to signal the monitored fence to 148
D3DKMTSignalSynchronizationObjectFromGpu 0x00000000  STATUS_SUCCESS
D3DKMTWaitForSynchronizationObjectFromCpu 0x00000000  STATUS_SUCCESS
    the monitored fence reached 148 after 0 ms
D3DKMTLock2 [gpu-readback]         0x00000000  STATUS_SUCCESS
    locked at CPU VA 000001E85E2B0000
D3DKMTUnlock2 [gpu-readback]       0x00000000  STATUS_SUCCESS
D3DKMTLock2 [gpu-readback]         0x00000000  STATUS_SUCCESS
    locked at CPU VA 000001E85E2B0000
D3DKMTUnlock2 [gpu-readback]       0x00000000  STATUS_SUCCESS
D3DKMTLock2 [gpu-ib]               0x00000000  STATUS_SUCCESS
    locked at CPU VA 000001E85E2A0000
D3DKMTUnlock2 [gpu-ib]             0x00000000  STATUS_SUCCESS
Submit GPU readback                0x00000000  STATUS_SUCCESS
    asking the context to signal the monitored fence to 149
D3DKMTSignalSynchronizationObjectFromGpu 0x00000000  STATUS_SUCCESS
D3DKMTWaitForSynchronizationObjectFromCpu 0x00000000  STATUS_SUCCESS
    the monitored fence reached 149 after 0 ms
D3DKMTLock2 [gpu-readback]         0x00000000  STATUS_SUCCESS
    locked at CPU VA 000001E85E2B0000
D3DKMTUnlock2 [gpu-readback]       0x00000000  STATUS_SUCCESS
D3DKMTLock2 [gpu-readback]         0x00000000  STATUS_SUCCESS
    locked at CPU VA 000001E85E2B0000
D3DKMTUnlock2 [gpu-readback]       0x00000000  STATUS_SUCCESS
D3DKMTLock2 [gpu-ib]               0x00000000  STATUS_SUCCESS
    locked at CPU VA 000001E85E2A0000
D3DKMTUnlock2 [gpu-ib]             0x00000000  STATUS_SUCCESS
Submit GPU readback                0x00000000  STATUS_SUCCESS
    asking the context to signal the monitored fence to 150
D3DKMTSignalSynchronizationObjectFromGpu 0x00000000  STATUS_SUCCESS
D3DKMTWaitForSynchronizationObjectFromCpu 0x00000000  STATUS_SUCCESS
    the monitored fence reached 150 after 0 ms
D3DKMTLock2 [gpu-readback]         0x00000000  STATUS_SUCCESS
    locked at CPU VA 000001E85E2B0000
D3DKMTUnlock2 [gpu-readback]       0x00000000  STATUS_SUCCESS
D3DKMTLock2 [gpu-readback]         0x00000000  STATUS_SUCCESS
    locked at CPU VA 000001E85E2B0000
D3DKMTUnlock2 [gpu-readback]       0x00000000  STATUS_SUCCESS
D3DKMTLock2 [gpu-ib]               0x00000000  STATUS_SUCCESS
    locked at CPU VA 000001E85E2A0000
D3DKMTUnlock2 [gpu-ib]             0x00000000  STATUS_SUCCESS
Submit GPU readback                0x00000000  STATUS_SUCCESS
    asking the context to signal the monitored fence to 151
D3DKMTSignalSynchronizationObjectFromGpu 0x00000000  STATUS_SUCCESS
D3DKMTWaitForSynchronizationObjectFromCpu 0x00000000  STATUS_SUCCESS
    the monitored fence reached 151 after 0 ms
D3DKMTLock2 [gpu-readback]         0x00000000  STATUS_SUCCESS
    locked at CPU VA 000001E85E2B0000
D3DKMTUnlock2 [gpu-readback]       0x00000000  STATUS_SUCCESS
D3DKMTLock2 [gpu-readback]         0x00000000  STATUS_SUCCESS
    locked at CPU VA 000001E85E2B0000
D3DKMTUnlock2 [gpu-readback]       0x00000000  STATUS_SUCCESS
D3DKMTLock2 [gpu-ib]               0x00000000  STATUS_SUCCESS
    locked at CPU VA 000001E85E2A0000
D3DKMTUnlock2 [gpu-ib]             0x00000000  STATUS_SUCCESS
Submit GPU readback                0x00000000  STATUS_SUCCESS
    asking the context to signal the monitored fence to 152
D3DKMTSignalSynchronizationObjectFromGpu 0x00000000  STATUS_SUCCESS
D3DKMTWaitForSynchronizationObjectFromCpu 0x00000000  STATUS_SUCCESS
    the monitored fence reached 152 after 0 ms
D3DKMTLock2 [gpu-readback]         0x00000000  STATUS_SUCCESS
    locked at CPU VA 000001E85E2B0000
D3DKMTUnlock2 [gpu-readback]       0x00000000  STATUS_SUCCESS
D3DKMTLock2 [gpu-readback]         0x00000000  STATUS_SUCCESS
    locked at CPU VA 000001E85E2B0000
D3DKMTUnlock2 [gpu-readback]       0x00000000  STATUS_SUCCESS
D3DKMTLock2 [gpu-ib]               0x00000000  STATUS_SUCCESS
    locked at CPU VA 000001E85E2A0000
D3DKMTUnlock2 [gpu-ib]             0x00000000  STATUS_SUCCESS
Submit GPU readback                0x00000000  STATUS_SUCCESS
    asking the context to signal the monitored fence to 153
D3DKMTSignalSynchronizationObjectFromGpu 0x00000000  STATUS_SUCCESS
D3DKMTWaitForSynchronizationObjectFromCpu 0x00000000  STATUS_SUCCESS
    the monitored fence reached 153 after 0 ms
D3DKMTLock2 [gpu-readback]         0x00000000  STATUS_SUCCESS
    locked at CPU VA 000001E85E2B0000
D3DKMTUnlock2 [gpu-readback]       0x00000000  STATUS_SUCCESS
D3DKMTLock2 [gpu-readback]         0x00000000  STATUS_SUCCESS
    locked at CPU VA 000001E85E2B0000
D3DKMTUnlock2 [gpu-readback]       0x00000000  STATUS_SUCCESS
D3DKMTLock2 [gpu-ib]               0x00000000  STATUS_SUCCESS
    locked at CPU VA 000001E85E2A0000
D3DKMTUnlock2 [gpu-ib]             0x00000000  STATUS_SUCCESS
Submit GPU readback                0x00000000  STATUS_SUCCESS
    asking the context to signal the monitored fence to 154
D3DKMTSignalSynchronizationObjectFromGpu 0x00000000  STATUS_SUCCESS
D3DKMTWaitForSynchronizationObjectFromCpu 0x00000000  STATUS_SUCCESS
    the monitored fence reached 154 after 0 ms
D3DKMTLock2 [gpu-readback]         0x00000000  STATUS_SUCCESS
    locked at CPU VA 000001E85E2B0000
D3DKMTUnlock2 [gpu-readback]       0x00000000  STATUS_SUCCESS
D3DKMTLock2 [gpu-readback]         0x00000000  STATUS_SUCCESS
    locked at CPU VA 000001E85E2B0000
D3DKMTUnlock2 [gpu-readback]       0x00000000  STATUS_SUCCESS
D3DKMTLock2 [gpu-ib]               0x00000000  STATUS_SUCCESS
    locked at CPU VA 000001E85E2A0000
D3DKMTUnlock2 [gpu-ib]             0x00000000  STATUS_SUCCESS
Submit GPU readback                0x00000000  STATUS_SUCCESS
    asking the context to signal the monitored fence to 155
D3DKMTSignalSynchronizationObjectFromGpu 0x00000000  STATUS_SUCCESS
D3DKMTWaitForSynchronizationObjectFromCpu 0x00000000  STATUS_SUCCESS
    the monitored fence reached 155 after 0 ms
D3DKMTLock2 [gpu-readback]         0x00000000  STATUS_SUCCESS
    locked at CPU VA 000001E85E2B0000
D3DKMTUnlock2 [gpu-readback]       0x00000000  STATUS_SUCCESS
D3DKMTLock2 [gpu-readback]         0x00000000  STATUS_SUCCESS
    locked at CPU VA 000001E85E2B0000
D3DKMTUnlock2 [gpu-readback]       0x00000000  STATUS_SUCCESS
D3DKMTLock2 [gpu-ib]               0x00000000  STATUS_SUCCESS
    locked at CPU VA 000001E85E2A0000
D3DKMTUnlock2 [gpu-ib]             0x00000000  STATUS_SUCCESS
Submit GPU readback                0x00000000  STATUS_SUCCESS
    asking the context to signal the monitored fence to 156
D3DKMTSignalSynchronizationObjectFromGpu 0x00000000  STATUS_SUCCESS
D3DKMTWaitForSynchronizationObjectFromCpu 0x00000000  STATUS_SUCCESS
    the monitored fence reached 156 after 0 ms
D3DKMTLock2 [gpu-readback]         0x00000000  STATUS_SUCCESS
    locked at CPU VA 000001E85E2B0000
D3DKMTUnlock2 [gpu-readback]       0x00000000  STATUS_SUCCESS
D3DKMTLock2 [gpu-readback]         0x00000000  STATUS_SUCCESS
    locked at CPU VA 000001E85E2B0000
D3DKMTUnlock2 [gpu-readback]       0x00000000  STATUS_SUCCESS
D3DKMTLock2 [gpu-ib]               0x00000000  STATUS_SUCCESS
    locked at CPU VA 000001E85E2A0000
D3DKMTUnlock2 [gpu-ib]             0x00000000  STATUS_SUCCESS
Submit GPU readback                0x00000000  STATUS_SUCCESS
    asking the context to signal the monitored fence to 157
D3DKMTSignalSynchronizationObjectFromGpu 0x00000000  STATUS_SUCCESS
D3DKMTWaitForSynchronizationObjectFromCpu 0x00000000  STATUS_SUCCESS
    the monitored fence reached 157 after 0 ms
D3DKMTLock2 [gpu-readback]         0x00000000  STATUS_SUCCESS
    locked at CPU VA 000001E85E2B0000
D3DKMTUnlock2 [gpu-readback]       0x00000000  STATUS_SUCCESS
D3DKMTLock2 [gpu-readback]         0x00000000  STATUS_SUCCESS
    locked at CPU VA 000001E85E2B0000
D3DKMTUnlock2 [gpu-readback]       0x00000000  STATUS_SUCCESS
D3DKMTLock2 [gpu-ib]               0x00000000  STATUS_SUCCESS
    locked at CPU VA 000001E85E2A0000
D3DKMTUnlock2 [gpu-ib]             0x00000000  STATUS_SUCCESS
Submit GPU readback                0x00000000  STATUS_SUCCESS
    asking the context to signal the monitored fence to 158
D3DKMTSignalSynchronizationObjectFromGpu 0x00000000  STATUS_SUCCESS
D3DKMTWaitForSynchronizationObjectFromCpu 0x00000000  STATUS_SUCCESS
    the monitored fence reached 158 after 0 ms
D3DKMTLock2 [gpu-readback]         0x00000000  STATUS_SUCCESS
    locked at CPU VA 000001E85E2B0000
D3DKMTUnlock2 [gpu-readback]       0x00000000  STATUS_SUCCESS
D3DKMTLock2 [gpu-readback]         0x00000000  STATUS_SUCCESS
    locked at CPU VA 000001E85E2B0000
D3DKMTUnlock2 [gpu-readback]       0x00000000  STATUS_SUCCESS
D3DKMTLock2 [gpu-ib]               0x00000000  STATUS_SUCCESS
    locked at CPU VA 000001E85E2A0000
D3DKMTUnlock2 [gpu-ib]             0x00000000  STATUS_SUCCESS
Submit GPU readback                0x00000000  STATUS_SUCCESS
    asking the context to signal the monitored fence to 159
D3DKMTSignalSynchronizationObjectFromGpu 0x00000000  STATUS_SUCCESS
D3DKMTWaitForSynchronizationObjectFromCpu 0x00000000  STATUS_SUCCESS
    the monitored fence reached 159 after 0 ms
D3DKMTLock2 [gpu-readback]         0x00000000  STATUS_SUCCESS
    locked at CPU VA 000001E85E2B0000
D3DKMTUnlock2 [gpu-readback]       0x00000000  STATUS_SUCCESS
D3DKMTLock2 [gpu-readback]         0x00000000  STATUS_SUCCESS
    locked at CPU VA 000001E85E2B0000
D3DKMTUnlock2 [gpu-readback]       0x00000000  STATUS_SUCCESS
D3DKMTLock2 [gpu-ib]               0x00000000  STATUS_SUCCESS
    locked at CPU VA 000001E85E2A0000
D3DKMTUnlock2 [gpu-ib]             0x00000000  STATUS_SUCCESS
Submit GPU readback                0x00000000  STATUS_SUCCESS
    asking the context to signal the monitored fence to 160
D3DKMTSignalSynchronizationObjectFromGpu 0x00000000  STATUS_SUCCESS
D3DKMTWaitForSynchronizationObjectFromCpu 0x00000000  STATUS_SUCCESS
    the monitored fence reached 160 after 0 ms
D3DKMTLock2 [gpu-readback]         0x00000000  STATUS_SUCCESS
    locked at CPU VA 000001E85E2B0000
D3DKMTUnlock2 [gpu-readback]       0x00000000  STATUS_SUCCESS
D3DKMTLock2 [gpu-readback]         0x00000000  STATUS_SUCCESS
    locked at CPU VA 000001E85E2B0000
D3DKMTUnlock2 [gpu-readback]       0x00000000  STATUS_SUCCESS
D3DKMTLock2 [gpu-ib]               0x00000000  STATUS_SUCCESS
    locked at CPU VA 000001E85E2A0000
D3DKMTUnlock2 [gpu-ib]             0x00000000  STATUS_SUCCESS
Submit GPU readback                0x00000000  STATUS_SUCCESS
    asking the context to signal the monitored fence to 161
D3DKMTSignalSynchronizationObjectFromGpu 0x00000000  STATUS_SUCCESS
D3DKMTWaitForSynchronizationObjectFromCpu 0x00000000  STATUS_SUCCESS
    the monitored fence reached 161 after 0 ms
D3DKMTLock2 [gpu-readback]         0x00000000  STATUS_SUCCESS
    locked at CPU VA 000001E85E2B0000
D3DKMTUnlock2 [gpu-readback]       0x00000000  STATUS_SUCCESS
D3DKMTLock2 [gpu-readback]         0x00000000  STATUS_SUCCESS
    locked at CPU VA 000001E85E2B0000
D3DKMTUnlock2 [gpu-readback]       0x00000000  STATUS_SUCCESS
D3DKMTLock2 [gpu-ib]               0x00000000  STATUS_SUCCESS
    locked at CPU VA 000001E85E2A0000
D3DKMTUnlock2 [gpu-ib]             0x00000000  STATUS_SUCCESS
Submit GPU readback                0x00000000  STATUS_SUCCESS
    asking the context to signal the monitored fence to 162
D3DKMTSignalSynchronizationObjectFromGpu 0x00000000  STATUS_SUCCESS
D3DKMTWaitForSynchronizationObjectFromCpu 0x00000000  STATUS_SUCCESS
    the monitored fence reached 162 after 0 ms
D3DKMTLock2 [gpu-readback]         0x00000000  STATUS_SUCCESS
    locked at CPU VA 000001E85E2B0000
D3DKMTUnlock2 [gpu-readback]       0x00000000  STATUS_SUCCESS
D3DKMTLock2 [gpu-readback]         0x00000000  STATUS_SUCCESS
    locked at CPU VA 000001E85E2B0000
D3DKMTUnlock2 [gpu-readback]       0x00000000  STATUS_SUCCESS
D3DKMTLock2 [gpu-ib]               0x00000000  STATUS_SUCCESS
    locked at CPU VA 000001E85E2A0000
D3DKMTUnlock2 [gpu-ib]             0x00000000  STATUS_SUCCESS
Submit GPU readback                0x00000000  STATUS_SUCCESS
    asking the context to signal the monitored fence to 163
D3DKMTSignalSynchronizationObjectFromGpu 0x00000000  STATUS_SUCCESS
D3DKMTWaitForSynchronizationObjectFromCpu 0x00000000  STATUS_SUCCESS
    the monitored fence reached 163 after 0 ms
D3DKMTLock2 [gpu-readback]         0x00000000  STATUS_SUCCESS
    locked at CPU VA 000001E85E2B0000
D3DKMTUnlock2 [gpu-readback]       0x00000000  STATUS_SUCCESS
D3DKMTLock2 [gpu-readback]         0x00000000  STATUS_SUCCESS
    locked at CPU VA 000001E85E2B0000
D3DKMTUnlock2 [gpu-readback]       0x00000000  STATUS_SUCCESS
D3DKMTLock2 [gpu-ib]               0x00000000  STATUS_SUCCESS
    locked at CPU VA 000001E85E2A0000
D3DKMTUnlock2 [gpu-ib]             0x00000000  STATUS_SUCCESS
Submit GPU readback                0x00000000  STATUS_SUCCESS
    asking the context to signal the monitored fence to 164
D3DKMTSignalSynchronizationObjectFromGpu 0x00000000  STATUS_SUCCESS
D3DKMTWaitForSynchronizationObjectFromCpu 0x00000000  STATUS_SUCCESS
    the monitored fence reached 164 after 0 ms
D3DKMTLock2 [gpu-readback]         0x00000000  STATUS_SUCCESS
    locked at CPU VA 000001E85E2B0000
D3DKMTUnlock2 [gpu-readback]       0x00000000  STATUS_SUCCESS
D3DKMTLock2 [gpu-readback]         0x00000000  STATUS_SUCCESS
    locked at CPU VA 000001E85E2B0000
D3DKMTUnlock2 [gpu-readback]       0x00000000  STATUS_SUCCESS
D3DKMTLock2 [gpu-ib]               0x00000000  STATUS_SUCCESS
    locked at CPU VA 000001E85E2A0000
D3DKMTUnlock2 [gpu-ib]             0x00000000  STATUS_SUCCESS
Submit GPU readback                0x00000000  STATUS_SUCCESS
    asking the context to signal the monitored fence to 165
D3DKMTSignalSynchronizationObjectFromGpu 0x00000000  STATUS_SUCCESS
D3DKMTWaitForSynchronizationObjectFromCpu 0x00000000  STATUS_SUCCESS
    the monitored fence reached 165 after 0 ms
D3DKMTLock2 [gpu-readback]         0x00000000  STATUS_SUCCESS
    locked at CPU VA 000001E85E2B0000
D3DKMTUnlock2 [gpu-readback]       0x00000000  STATUS_SUCCESS
D3DKMTLock2 [gpu-readback]         0x00000000  STATUS_SUCCESS
    locked at CPU VA 000001E85E2B0000
D3DKMTUnlock2 [gpu-readback]       0x00000000  STATUS_SUCCESS
D3DKMTLock2 [gpu-ib]               0x00000000  STATUS_SUCCESS
    locked at CPU VA 000001E85E2A0000
D3DKMTUnlock2 [gpu-ib]             0x00000000  STATUS_SUCCESS
Submit GPU readback                0x00000000  STATUS_SUCCESS
    asking the context to signal the monitored fence to 166
D3DKMTSignalSynchronizationObjectFromGpu 0x00000000  STATUS_SUCCESS
D3DKMTWaitForSynchronizationObjectFromCpu 0x00000000  STATUS_SUCCESS
    the monitored fence reached 166 after 0 ms
D3DKMTLock2 [gpu-readback]         0x00000000  STATUS_SUCCESS
    locked at CPU VA 000001E85E2B0000
D3DKMTUnlock2 [gpu-readback]       0x00000000  STATUS_SUCCESS
D3DKMTLock2 [gpu-readback]         0x00000000  STATUS_SUCCESS
    locked at CPU VA 000001E85E2B0000
D3DKMTUnlock2 [gpu-readback]       0x00000000  STATUS_SUCCESS
D3DKMTLock2 [gpu-ib]               0x00000000  STATUS_SUCCESS
    locked at CPU VA 000001E85E2A0000
D3DKMTUnlock2 [gpu-ib]             0x00000000  STATUS_SUCCESS
Submit GPU readback                0x00000000  STATUS_SUCCESS
    asking the context to signal the monitored fence to 167
D3DKMTSignalSynchronizationObjectFromGpu 0x00000000  STATUS_SUCCESS
D3DKMTWaitForSynchronizationObjectFromCpu 0x00000000  STATUS_SUCCESS
    the monitored fence reached 167 after 0 ms
D3DKMTLock2 [gpu-readback]         0x00000000  STATUS_SUCCESS
    locked at CPU VA 000001E85E2B0000
D3DKMTUnlock2 [gpu-readback]       0x00000000  STATUS_SUCCESS
D3DKMTLock2 [gpu-readback]         0x00000000  STATUS_SUCCESS
    locked at CPU VA 000001E85E2B0000
D3DKMTUnlock2 [gpu-readback]       0x00000000  STATUS_SUCCESS
D3DKMTLock2 [gpu-ib]               0x00000000  STATUS_SUCCESS
    locked at CPU VA 000001E85E2A0000
D3DKMTUnlock2 [gpu-ib]             0x00000000  STATUS_SUCCESS
Submit GPU readback                0x00000000  STATUS_SUCCESS
    asking the context to signal the monitored fence to 168
D3DKMTSignalSynchronizationObjectFromGpu 0x00000000  STATUS_SUCCESS
D3DKMTWaitForSynchronizationObjectFromCpu 0x00000000  STATUS_SUCCESS
    the monitored fence reached 168 after 0 ms
D3DKMTLock2 [gpu-readback]         0x00000000  STATUS_SUCCESS
    locked at CPU VA 000001E85E2B0000
D3DKMTUnlock2 [gpu-readback]       0x00000000  STATUS_SUCCESS
D3DKMTLock2 [gpu-readback]         0x00000000  STATUS_SUCCESS
    locked at CPU VA 000001E85E2B0000
D3DKMTUnlock2 [gpu-readback]       0x00000000  STATUS_SUCCESS
D3DKMTLock2 [gpu-ib]               0x00000000  STATUS_SUCCESS
    locked at CPU VA 000001E85E2A0000
D3DKMTUnlock2 [gpu-ib]             0x00000000  STATUS_SUCCESS
Submit GPU readback                0x00000000  STATUS_SUCCESS
    asking the context to signal the monitored fence to 169
D3DKMTSignalSynchronizationObjectFromGpu 0x00000000  STATUS_SUCCESS
D3DKMTWaitForSynchronizationObjectFromCpu 0x00000000  STATUS_SUCCESS
    the monitored fence reached 169 after 0 ms
D3DKMTLock2 [gpu-readback]         0x00000000  STATUS_SUCCESS
    locked at CPU VA 000001E85E2B0000
D3DKMTUnlock2 [gpu-readback]       0x00000000  STATUS_SUCCESS
D3DKMTLock2 [gpu-readback]         0x00000000  STATUS_SUCCESS
    locked at CPU VA 000001E85E2B0000
D3DKMTUnlock2 [gpu-readback]       0x00000000  STATUS_SUCCESS
D3DKMTLock2 [gpu-ib]               0x00000000  STATUS_SUCCESS
    locked at CPU VA 000001E85E2A0000
D3DKMTUnlock2 [gpu-ib]             0x00000000  STATUS_SUCCESS
Submit GPU readback                0x00000000  STATUS_SUCCESS
    asking the context to signal the monitored fence to 170
D3DKMTSignalSynchronizationObjectFromGpu 0x00000000  STATUS_SUCCESS
D3DKMTWaitForSynchronizationObjectFromCpu 0x00000000  STATUS_SUCCESS
    the monitored fence reached 170 after 0 ms
D3DKMTLock2 [gpu-readback]         0x00000000  STATUS_SUCCESS
    locked at CPU VA 000001E85E2B0000
D3DKMTUnlock2 [gpu-readback]       0x00000000  STATUS_SUCCESS
D3DKMTLock2 [gpu-readback]         0x00000000  STATUS_SUCCESS
    locked at CPU VA 000001E85E2B0000
D3DKMTUnlock2 [gpu-readback]       0x00000000  STATUS_SUCCESS
D3DKMTLock2 [gpu-ib]               0x00000000  STATUS_SUCCESS
    locked at CPU VA 000001E85E2A0000
D3DKMTUnlock2 [gpu-ib]             0x00000000  STATUS_SUCCESS
Submit GPU readback                0x00000000  STATUS_SUCCESS
    asking the context to signal the monitored fence to 171
D3DKMTSignalSynchronizationObjectFromGpu 0x00000000  STATUS_SUCCESS
D3DKMTWaitForSynchronizationObjectFromCpu 0x00000000  STATUS_SUCCESS
    the monitored fence reached 171 after 0 ms
D3DKMTLock2 [gpu-readback]         0x00000000  STATUS_SUCCESS
    locked at CPU VA 000001E85E2B0000
D3DKMTUnlock2 [gpu-readback]       0x00000000  STATUS_SUCCESS
D3DKMTLock2 [gpu-readback]         0x00000000  STATUS_SUCCESS
    locked at CPU VA 000001E85E2B0000
D3DKMTUnlock2 [gpu-readback]       0x00000000  STATUS_SUCCESS
D3DKMTLock2 [gpu-ib]               0x00000000  STATUS_SUCCESS
    locked at CPU VA 000001E85E2A0000
D3DKMTUnlock2 [gpu-ib]             0x00000000  STATUS_SUCCESS
Submit GPU readback                0x00000000  STATUS_SUCCESS
    asking the context to signal the monitored fence to 172
D3DKMTSignalSynchronizationObjectFromGpu 0x00000000  STATUS_SUCCESS
D3DKMTWaitForSynchronizationObjectFromCpu 0x00000000  STATUS_SUCCESS
    the monitored fence reached 172 after 0 ms
D3DKMTLock2 [gpu-readback]         0x00000000  STATUS_SUCCESS
    locked at CPU VA 000001E85E2B0000
D3DKMTUnlock2 [gpu-readback]       0x00000000  STATUS_SUCCESS
D3DKMTLock2 [gpu-readback]         0x00000000  STATUS_SUCCESS
    locked at CPU VA 000001E85E2B0000
D3DKMTUnlock2 [gpu-readback]       0x00000000  STATUS_SUCCESS
D3DKMTLock2 [gpu-ib]               0x00000000  STATUS_SUCCESS
    locked at CPU VA 000001E85E2A0000
D3DKMTUnlock2 [gpu-ib]             0x00000000  STATUS_SUCCESS
Submit GPU readback                0x00000000  STATUS_SUCCESS
    asking the context to signal the monitored fence to 173
D3DKMTSignalSynchronizationObjectFromGpu 0x00000000  STATUS_SUCCESS
D3DKMTWaitForSynchronizationObjectFromCpu 0x00000000  STATUS_SUCCESS
    the monitored fence reached 173 after 0 ms
D3DKMTLock2 [gpu-readback]         0x00000000  STATUS_SUCCESS
    locked at CPU VA 000001E85E2B0000
D3DKMTUnlock2 [gpu-readback]       0x00000000  STATUS_SUCCESS
D3DKMTLock2 [gpu-readback]         0x00000000  STATUS_SUCCESS
    locked at CPU VA 000001E85E2B0000
D3DKMTUnlock2 [gpu-readback]       0x00000000  STATUS_SUCCESS
D3DKMTLock2 [gpu-ib]               0x00000000  STATUS_SUCCESS
    locked at CPU VA 000001E85E2A0000
D3DKMTUnlock2 [gpu-ib]             0x00000000  STATUS_SUCCESS
Submit GPU readback                0x00000000  STATUS_SUCCESS
    asking the context to signal the monitored fence to 174
D3DKMTSignalSynchronizationObjectFromGpu 0x00000000  STATUS_SUCCESS
D3DKMTWaitForSynchronizationObjectFromCpu 0x00000000  STATUS_SUCCESS
    the monitored fence reached 174 after 0 ms
D3DKMTLock2 [gpu-readback]         0x00000000  STATUS_SUCCESS
    locked at CPU VA 000001E85E2B0000
D3DKMTUnlock2 [gpu-readback]       0x00000000  STATUS_SUCCESS
D3DKMTLock2 [gpu-readback]         0x00000000  STATUS_SUCCESS
    locked at CPU VA 000001E85E2B0000
D3DKMTUnlock2 [gpu-readback]       0x00000000  STATUS_SUCCESS
D3DKMTLock2 [gpu-ib]               0x00000000  STATUS_SUCCESS
    locked at CPU VA 000001E85E2A0000
D3DKMTUnlock2 [gpu-ib]             0x00000000  STATUS_SUCCESS
Submit GPU readback                0x00000000  STATUS_SUCCESS
    asking the context to signal the monitored fence to 175
D3DKMTSignalSynchronizationObjectFromGpu 0x00000000  STATUS_SUCCESS
D3DKMTWaitForSynchronizationObjectFromCpu 0x00000000  STATUS_SUCCESS
    the monitored fence reached 175 after 0 ms
D3DKMTLock2 [gpu-readback]         0x00000000  STATUS_SUCCESS
    locked at CPU VA 000001E85E2B0000
D3DKMTUnlock2 [gpu-readback]       0x00000000  STATUS_SUCCESS
D3DKMTLock2 [gpu-readback]         0x00000000  STATUS_SUCCESS
    locked at CPU VA 000001E85E2B0000
D3DKMTUnlock2 [gpu-readback]       0x00000000  STATUS_SUCCESS
D3DKMTLock2 [gpu-ib]               0x00000000  STATUS_SUCCESS
    locked at CPU VA 000001E85E2A0000
D3DKMTUnlock2 [gpu-ib]             0x00000000  STATUS_SUCCESS
Submit GPU readback                0x00000000  STATUS_SUCCESS
    asking the context to signal the monitored fence to 176
D3DKMTSignalSynchronizationObjectFromGpu 0x00000000  STATUS_SUCCESS
D3DKMTWaitForSynchronizationObjectFromCpu 0x00000000  STATUS_SUCCESS
    the monitored fence reached 176 after 0 ms
D3DKMTLock2 [gpu-readback]         0x00000000  STATUS_SUCCESS
    locked at CPU VA 000001E85E2B0000
D3DKMTUnlock2 [gpu-readback]       0x00000000  STATUS_SUCCESS
D3DKMTLock2 [gpu-readback]         0x00000000  STATUS_SUCCESS
    locked at CPU VA 000001E85E2B0000
D3DKMTUnlock2 [gpu-readback]       0x00000000  STATUS_SUCCESS
D3DKMTLock2 [gpu-ib]               0x00000000  STATUS_SUCCESS
    locked at CPU VA 000001E85E2A0000
D3DKMTUnlock2 [gpu-ib]             0x00000000  STATUS_SUCCESS
Submit GPU readback                0x00000000  STATUS_SUCCESS
    asking the context to signal the monitored fence to 177
D3DKMTSignalSynchronizationObjectFromGpu 0x00000000  STATUS_SUCCESS
D3DKMTWaitForSynchronizationObjectFromCpu 0x00000000  STATUS_SUCCESS
    the monitored fence reached 177 after 0 ms
D3DKMTLock2 [gpu-readback]         0x00000000  STATUS_SUCCESS
    locked at CPU VA 000001E85E2B0000
D3DKMTUnlock2 [gpu-readback]       0x00000000  STATUS_SUCCESS
D3DKMTLock2 [gpu-readback]         0x00000000  STATUS_SUCCESS
    locked at CPU VA 000001E85E2B0000
D3DKMTUnlock2 [gpu-readback]       0x00000000  STATUS_SUCCESS
D3DKMTLock2 [gpu-ib]               0x00000000  STATUS_SUCCESS
    locked at CPU VA 000001E85E2A0000
D3DKMTUnlock2 [gpu-ib]             0x00000000  STATUS_SUCCESS
Submit GPU readback                0x00000000  STATUS_SUCCESS
    asking the context to signal the monitored fence to 178
D3DKMTSignalSynchronizationObjectFromGpu 0x00000000  STATUS_SUCCESS
D3DKMTWaitForSynchronizationObjectFromCpu 0x00000000  STATUS_SUCCESS
    the monitored fence reached 178 after 0 ms
D3DKMTLock2 [gpu-readback]         0x00000000  STATUS_SUCCESS
    locked at CPU VA 000001E85E2B0000
D3DKMTUnlock2 [gpu-readback]       0x00000000  STATUS_SUCCESS
D3DKMTLock2 [gpu-readback]         0x00000000  STATUS_SUCCESS
    locked at CPU VA 000001E85E2B0000
D3DKMTUnlock2 [gpu-readback]       0x00000000  STATUS_SUCCESS
D3DKMTLock2 [gpu-ib]               0x00000000  STATUS_SUCCESS
    locked at CPU VA 000001E85E2A0000
D3DKMTUnlock2 [gpu-ib]             0x00000000  STATUS_SUCCESS
Submit GPU readback                0x00000000  STATUS_SUCCESS
    asking the context to signal the monitored fence to 179
D3DKMTSignalSynchronizationObjectFromGpu 0x00000000  STATUS_SUCCESS
D3DKMTWaitForSynchronizationObjectFromCpu 0x00000000  STATUS_SUCCESS
    the monitored fence reached 179 after 0 ms
D3DKMTLock2 [gpu-readback]         0x00000000  STATUS_SUCCESS
    locked at CPU VA 000001E85E2B0000
D3DKMTUnlock2 [gpu-readback]       0x00000000  STATUS_SUCCESS
D3DKMTLock2 [gpu-readback]         0x00000000  STATUS_SUCCESS
    locked at CPU VA 000001E85E2B0000
D3DKMTUnlock2 [gpu-readback]       0x00000000  STATUS_SUCCESS
D3DKMTLock2 [gpu-ib]               0x00000000  STATUS_SUCCESS
    locked at CPU VA 000001E85E2A0000
D3DKMTUnlock2 [gpu-ib]             0x00000000  STATUS_SUCCESS
Submit GPU readback                0x00000000  STATUS_SUCCESS
    asking the context to signal the monitored fence to 180
D3DKMTSignalSynchronizationObjectFromGpu 0x00000000  STATUS_SUCCESS
D3DKMTWaitForSynchronizationObjectFromCpu 0x00000000  STATUS_SUCCESS
    the monitored fence reached 180 after 0 ms
D3DKMTLock2 [gpu-readback]         0x00000000  STATUS_SUCCESS
    locked at CPU VA 000001E85E2B0000
D3DKMTUnlock2 [gpu-readback]       0x00000000  STATUS_SUCCESS
D3DKMTLock2 [gpu-readback]         0x00000000  STATUS_SUCCESS
    locked at CPU VA 000001E85E2B0000
D3DKMTUnlock2 [gpu-readback]       0x00000000  STATUS_SUCCESS
D3DKMTLock2 [gpu-ib]               0x00000000  STATUS_SUCCESS
    locked at CPU VA 000001E85E2A0000
D3DKMTUnlock2 [gpu-ib]             0x00000000  STATUS_SUCCESS
Submit GPU readback                0x00000000  STATUS_SUCCESS
    asking the context to signal the monitored fence to 181
D3DKMTSignalSynchronizationObjectFromGpu 0x00000000  STATUS_SUCCESS
D3DKMTWaitForSynchronizationObjectFromCpu 0x00000000  STATUS_SUCCESS
    the monitored fence reached 181 after 0 ms
D3DKMTLock2 [gpu-readback]         0x00000000  STATUS_SUCCESS
    locked at CPU VA 000001E85E2B0000
D3DKMTUnlock2 [gpu-readback]       0x00000000  STATUS_SUCCESS
D3DKMTLock2 [gpu-readback]         0x00000000  STATUS_SUCCESS
    locked at CPU VA 000001E85E2B0000
D3DKMTUnlock2 [gpu-readback]       0x00000000  STATUS_SUCCESS
D3DKMTLock2 [gpu-ib]               0x00000000  STATUS_SUCCESS
    locked at CPU VA 000001E85E2A0000
D3DKMTUnlock2 [gpu-ib]             0x00000000  STATUS_SUCCESS
Submit GPU readback                0x00000000  STATUS_SUCCESS
    asking the context to signal the monitored fence to 182
D3DKMTSignalSynchronizationObjectFromGpu 0x00000000  STATUS_SUCCESS
D3DKMTWaitForSynchronizationObjectFromCpu 0x00000000  STATUS_SUCCESS
    the monitored fence reached 182 after 0 ms
D3DKMTLock2 [gpu-readback]         0x00000000  STATUS_SUCCESS
    locked at CPU VA 000001E85E2B0000
D3DKMTUnlock2 [gpu-readback]       0x00000000  STATUS_SUCCESS
D3DKMTLock2 [gpu-readback]         0x00000000  STATUS_SUCCESS
    locked at CPU VA 000001E85E2B0000
D3DKMTUnlock2 [gpu-readback]       0x00000000  STATUS_SUCCESS
D3DKMTLock2 [gpu-ib]               0x00000000  STATUS_SUCCESS
    locked at CPU VA 000001E85E2A0000
D3DKMTUnlock2 [gpu-ib]             0x00000000  STATUS_SUCCESS
Submit GPU readback                0x00000000  STATUS_SUCCESS
    asking the context to signal the monitored fence to 183
D3DKMTSignalSynchronizationObjectFromGpu 0x00000000  STATUS_SUCCESS
D3DKMTWaitForSynchronizationObjectFromCpu 0x00000000  STATUS_SUCCESS
    the monitored fence reached 183 after 0 ms
D3DKMTLock2 [gpu-readback]         0x00000000  STATUS_SUCCESS
    locked at CPU VA 000001E85E2B0000
D3DKMTUnlock2 [gpu-readback]       0x00000000  STATUS_SUCCESS
D3DKMTLock2 [gpu-readback]         0x00000000  STATUS_SUCCESS
    locked at CPU VA 000001E85E2B0000
D3DKMTUnlock2 [gpu-readback]       0x00000000  STATUS_SUCCESS
D3DKMTLock2 [gpu-ib]               0x00000000  STATUS_SUCCESS
    locked at CPU VA 000001E85E2A0000
D3DKMTUnlock2 [gpu-ib]             0x00000000  STATUS_SUCCESS
Submit GPU readback                0x00000000  STATUS_SUCCESS
    asking the context to signal the monitored fence to 184
D3DKMTSignalSynchronizationObjectFromGpu 0x00000000  STATUS_SUCCESS
D3DKMTWaitForSynchronizationObjectFromCpu 0x00000000  STATUS_SUCCESS
    the monitored fence reached 184 after 0 ms
D3DKMTLock2 [gpu-readback]         0x00000000  STATUS_SUCCESS
    locked at CPU VA 000001E85E2B0000
D3DKMTUnlock2 [gpu-readback]       0x00000000  STATUS_SUCCESS
D3DKMTLock2 [gpu-readback]         0x00000000  STATUS_SUCCESS
    locked at CPU VA 000001E85E2B0000
D3DKMTUnlock2 [gpu-readback]       0x00000000  STATUS_SUCCESS
D3DKMTLock2 [gpu-ib]               0x00000000  STATUS_SUCCESS
    locked at CPU VA 000001E85E2A0000
D3DKMTUnlock2 [gpu-ib]             0x00000000  STATUS_SUCCESS
Submit GPU readback                0x00000000  STATUS_SUCCESS
    asking the context to signal the monitored fence to 185
D3DKMTSignalSynchronizationObjectFromGpu 0x00000000  STATUS_SUCCESS
D3DKMTWaitForSynchronizationObjectFromCpu 0x00000000  STATUS_SUCCESS
    the monitored fence reached 185 after 0 ms
D3DKMTLock2 [gpu-readback]         0x00000000  STATUS_SUCCESS
    locked at CPU VA 000001E85E2B0000
D3DKMTUnlock2 [gpu-readback]       0x00000000  STATUS_SUCCESS
D3DKMTLock2 [gpu-readback]         0x00000000  STATUS_SUCCESS
    locked at CPU VA 000001E85E2B0000
D3DKMTUnlock2 [gpu-readback]       0x00000000  STATUS_SUCCESS
D3DKMTLock2 [gpu-ib]               0x00000000  STATUS_SUCCESS
    locked at CPU VA 000001E85E2A0000
D3DKMTUnlock2 [gpu-ib]             0x00000000  STATUS_SUCCESS
Submit GPU readback                0x00000000  STATUS_SUCCESS
    asking the context to signal the monitored fence to 186
D3DKMTSignalSynchronizationObjectFromGpu 0x00000000  STATUS_SUCCESS
D3DKMTWaitForSynchronizationObjectFromCpu 0x00000000  STATUS_SUCCESS
    the monitored fence reached 186 after 0 ms
D3DKMTLock2 [gpu-readback]         0x00000000  STATUS_SUCCESS
    locked at CPU VA 000001E85E2B0000
D3DKMTUnlock2 [gpu-readback]       0x00000000  STATUS_SUCCESS
D3DKMTLock2 [gpu-readback]         0x00000000  STATUS_SUCCESS
    locked at CPU VA 000001E85E2B0000
D3DKMTUnlock2 [gpu-readback]       0x00000000  STATUS_SUCCESS
D3DKMTLock2 [gpu-ib]               0x00000000  STATUS_SUCCESS
    locked at CPU VA 000001E85E2A0000
D3DKMTUnlock2 [gpu-ib]             0x00000000  STATUS_SUCCESS
Submit GPU readback                0x00000000  STATUS_SUCCESS
    asking the context to signal the monitored fence to 187
D3DKMTSignalSynchronizationObjectFromGpu 0x00000000  STATUS_SUCCESS
D3DKMTWaitForSynchronizationObjectFromCpu 0x00000000  STATUS_SUCCESS
    the monitored fence reached 187 after 0 ms
D3DKMTLock2 [gpu-readback]         0x00000000  STATUS_SUCCESS
    locked at CPU VA 000001E85E2B0000
D3DKMTUnlock2 [gpu-readback]       0x00000000  STATUS_SUCCESS
D3DKMTLock2 [gpu-readback]         0x00000000  STATUS_SUCCESS
    locked at CPU VA 000001E85E2B0000
D3DKMTUnlock2 [gpu-readback]       0x00000000  STATUS_SUCCESS
D3DKMTLock2 [gpu-ib]               0x00000000  STATUS_SUCCESS
    locked at CPU VA 000001E85E2A0000
D3DKMTUnlock2 [gpu-ib]             0x00000000  STATUS_SUCCESS
Submit GPU readback                0x00000000  STATUS_SUCCESS
    asking the context to signal the monitored fence to 188
D3DKMTSignalSynchronizationObjectFromGpu 0x00000000  STATUS_SUCCESS
D3DKMTWaitForSynchronizationObjectFromCpu 0x00000000  STATUS_SUCCESS
    the monitored fence reached 188 after 0 ms
D3DKMTLock2 [gpu-readback]         0x00000000  STATUS_SUCCESS
    locked at CPU VA 000001E85E2B0000
D3DKMTUnlock2 [gpu-readback]       0x00000000  STATUS_SUCCESS
D3DKMTLock2 [gpu-readback]         0x00000000  STATUS_SUCCESS
    locked at CPU VA 000001E85E2B0000
D3DKMTUnlock2 [gpu-readback]       0x00000000  STATUS_SUCCESS
D3DKMTLock2 [gpu-ib]               0x00000000  STATUS_SUCCESS
    locked at CPU VA 000001E85E2A0000
D3DKMTUnlock2 [gpu-ib]             0x00000000  STATUS_SUCCESS
Submit GPU readback                0x00000000  STATUS_SUCCESS
    asking the context to signal the monitored fence to 189
D3DKMTSignalSynchronizationObjectFromGpu 0x00000000  STATUS_SUCCESS
D3DKMTWaitForSynchronizationObjectFromCpu 0x00000000  STATUS_SUCCESS
    the monitored fence reached 189 after 0 ms
D3DKMTLock2 [gpu-readback]         0x00000000  STATUS_SUCCESS
    locked at CPU VA 000001E85E2B0000
D3DKMTUnlock2 [gpu-readback]       0x00000000  STATUS_SUCCESS
D3DKMTLock2 [gpu-readback]         0x00000000  STATUS_SUCCESS
    locked at CPU VA 000001E85E2B0000
D3DKMTUnlock2 [gpu-readback]       0x00000000  STATUS_SUCCESS
D3DKMTLock2 [gpu-ib]               0x00000000  STATUS_SUCCESS
    locked at CPU VA 000001E85E2A0000
D3DKMTUnlock2 [gpu-ib]             0x00000000  STATUS_SUCCESS
Submit GPU readback                0x00000000  STATUS_SUCCESS
    asking the context to signal the monitored fence to 190
D3DKMTSignalSynchronizationObjectFromGpu 0x00000000  STATUS_SUCCESS
D3DKMTWaitForSynchronizationObjectFromCpu 0x00000000  STATUS_SUCCESS
    the monitored fence reached 190 after 0 ms
D3DKMTLock2 [gpu-readback]         0x00000000  STATUS_SUCCESS
    locked at CPU VA 000001E85E2B0000
D3DKMTUnlock2 [gpu-readback]       0x00000000  STATUS_SUCCESS
D3DKMTLock2 [gpu-readback]         0x00000000  STATUS_SUCCESS
    locked at CPU VA 000001E85E2B0000
D3DKMTUnlock2 [gpu-readback]       0x00000000  STATUS_SUCCESS
D3DKMTLock2 [gpu-ib]               0x00000000  STATUS_SUCCESS
    locked at CPU VA 000001E85E2A0000
D3DKMTUnlock2 [gpu-ib]             0x00000000  STATUS_SUCCESS
Submit GPU readback                0x00000000  STATUS_SUCCESS
    asking the context to signal the monitored fence to 191
D3DKMTSignalSynchronizationObjectFromGpu 0x00000000  STATUS_SUCCESS
D3DKMTWaitForSynchronizationObjectFromCpu 0x00000000  STATUS_SUCCESS
    the monitored fence reached 191 after 0 ms
D3DKMTLock2 [gpu-readback]         0x00000000  STATUS_SUCCESS
    locked at CPU VA 000001E85E2B0000
D3DKMTUnlock2 [gpu-readback]       0x00000000  STATUS_SUCCESS
D3DKMTLock2 [gpu-readback]         0x00000000  STATUS_SUCCESS
    locked at CPU VA 000001E85E2B0000
D3DKMTUnlock2 [gpu-readback]       0x00000000  STATUS_SUCCESS
D3DKMTLock2 [gpu-ib]               0x00000000  STATUS_SUCCESS
    locked at CPU VA 000001E85E2A0000
D3DKMTUnlock2 [gpu-ib]             0x00000000  STATUS_SUCCESS
Submit GPU readback                0x00000000  STATUS_SUCCESS
    asking the context to signal the monitored fence to 192
D3DKMTSignalSynchronizationObjectFromGpu 0x00000000  STATUS_SUCCESS
D3DKMTWaitForSynchronizationObjectFromCpu 0x00000000  STATUS_SUCCESS
    the monitored fence reached 192 after 0 ms
D3DKMTLock2 [gpu-readback]         0x00000000  STATUS_SUCCESS
    locked at CPU VA 000001E85E2B0000
D3DKMTUnlock2 [gpu-readback]       0x00000000  STATUS_SUCCESS
D3DKMTLock2 [gpu-readback]         0x00000000  STATUS_SUCCESS
    locked at CPU VA 000001E85E2B0000
D3DKMTUnlock2 [gpu-readback]       0x00000000  STATUS_SUCCESS
D3DKMTLock2 [gpu-ib]               0x00000000  STATUS_SUCCESS
    locked at CPU VA 000001E85E2A0000
D3DKMTUnlock2 [gpu-ib]             0x00000000  STATUS_SUCCESS
Submit GPU readback                0x00000000  STATUS_SUCCESS
    asking the context to signal the monitored fence to 193
D3DKMTSignalSynchronizationObjectFromGpu 0x00000000  STATUS_SUCCESS
D3DKMTWaitForSynchronizationObjectFromCpu 0x00000000  STATUS_SUCCESS
    the monitored fence reached 193 after 0 ms
D3DKMTLock2 [gpu-readback]         0x00000000  STATUS_SUCCESS
    locked at CPU VA 000001E85E2B0000
D3DKMTUnlock2 [gpu-readback]       0x00000000  STATUS_SUCCESS
D3DKMTLock2 [gpu-readback]         0x00000000  STATUS_SUCCESS
    locked at CPU VA 000001E85E2B0000
D3DKMTUnlock2 [gpu-readback]       0x00000000  STATUS_SUCCESS
D3DKMTLock2 [gpu-ib]               0x00000000  STATUS_SUCCESS
    locked at CPU VA 000001E85E2A0000
D3DKMTUnlock2 [gpu-ib]             0x00000000  STATUS_SUCCESS
Submit GPU readback                0x00000000  STATUS_SUCCESS
    asking the context to signal the monitored fence to 194
D3DKMTSignalSynchronizationObjectFromGpu 0x00000000  STATUS_SUCCESS
D3DKMTWaitForSynchronizationObjectFromCpu 0x00000000  STATUS_SUCCESS
    the monitored fence reached 194 after 0 ms
D3DKMTLock2 [gpu-readback]         0x00000000  STATUS_SUCCESS
    locked at CPU VA 000001E85E2B0000
D3DKMTUnlock2 [gpu-readback]       0x00000000  STATUS_SUCCESS
D3DKMTLock2 [gpu-readback]         0x00000000  STATUS_SUCCESS
    locked at CPU VA 000001E85E2B0000
D3DKMTUnlock2 [gpu-readback]       0x00000000  STATUS_SUCCESS
D3DKMTLock2 [gpu-ib]               0x00000000  STATUS_SUCCESS
    locked at CPU VA 000001E85E2A0000
D3DKMTUnlock2 [gpu-ib]             0x00000000  STATUS_SUCCESS
Submit GPU readback                0x00000000  STATUS_SUCCESS
    asking the context to signal the monitored fence to 195
D3DKMTSignalSynchronizationObjectFromGpu 0x00000000  STATUS_SUCCESS
D3DKMTWaitForSynchronizationObjectFromCpu 0x00000000  STATUS_SUCCESS
    the monitored fence reached 195 after 0 ms
D3DKMTLock2 [gpu-readback]         0x00000000  STATUS_SUCCESS
    locked at CPU VA 000001E85E2B0000
D3DKMTUnlock2 [gpu-readback]       0x00000000  STATUS_SUCCESS
D3DKMTLock2 [gpu-readback]         0x00000000  STATUS_SUCCESS
    locked at CPU VA 000001E85E2B0000
D3DKMTUnlock2 [gpu-readback]       0x00000000  STATUS_SUCCESS
D3DKMTLock2 [gpu-ib]               0x00000000  STATUS_SUCCESS
    locked at CPU VA 000001E85E2A0000
D3DKMTUnlock2 [gpu-ib]             0x00000000  STATUS_SUCCESS
Submit GPU readback                0x00000000  STATUS_SUCCESS
    asking the context to signal the monitored fence to 196
D3DKMTSignalSynchronizationObjectFromGpu 0x00000000  STATUS_SUCCESS
D3DKMTWaitForSynchronizationObjectFromCpu 0x00000000  STATUS_SUCCESS
    the monitored fence reached 196 after 0 ms
D3DKMTLock2 [gpu-readback]         0x00000000  STATUS_SUCCESS
    locked at CPU VA 000001E85E2B0000
D3DKMTUnlock2 [gpu-readback]       0x00000000  STATUS_SUCCESS
D3DKMTLock2 [gpu-readback]         0x00000000  STATUS_SUCCESS
    locked at CPU VA 000001E85E2B0000
D3DKMTUnlock2 [gpu-readback]       0x00000000  STATUS_SUCCESS
D3DKMTLock2 [gpu-ib]               0x00000000  STATUS_SUCCESS
    locked at CPU VA 000001E85E2A0000
D3DKMTUnlock2 [gpu-ib]             0x00000000  STATUS_SUCCESS
Submit GPU readback                0x00000000  STATUS_SUCCESS
    asking the context to signal the monitored fence to 197
D3DKMTSignalSynchronizationObjectFromGpu 0x00000000  STATUS_SUCCESS
D3DKMTWaitForSynchronizationObjectFromCpu 0x00000000  STATUS_SUCCESS
    the monitored fence reached 197 after 0 ms
D3DKMTLock2 [gpu-readback]         0x00000000  STATUS_SUCCESS
    locked at CPU VA 000001E85E2B0000
D3DKMTUnlock2 [gpu-readback]       0x00000000  STATUS_SUCCESS
D3DKMTLock2 [gpu-readback]         0x00000000  STATUS_SUCCESS
    locked at CPU VA 000001E85E2B0000
D3DKMTUnlock2 [gpu-readback]       0x00000000  STATUS_SUCCESS
D3DKMTLock2 [gpu-ib]               0x00000000  STATUS_SUCCESS
    locked at CPU VA 000001E85E2A0000
D3DKMTUnlock2 [gpu-ib]             0x00000000  STATUS_SUCCESS
Submit GPU readback                0x00000000  STATUS_SUCCESS
    asking the context to signal the monitored fence to 198
D3DKMTSignalSynchronizationObjectFromGpu 0x00000000  STATUS_SUCCESS
D3DKMTWaitForSynchronizationObjectFromCpu 0x00000000  STATUS_SUCCESS
    the monitored fence reached 198 after 0 ms
D3DKMTLock2 [gpu-readback]         0x00000000  STATUS_SUCCESS
    locked at CPU VA 000001E85E2B0000
D3DKMTUnlock2 [gpu-readback]       0x00000000  STATUS_SUCCESS
D3DKMTLock2 [gpu-readback]         0x00000000  STATUS_SUCCESS
    locked at CPU VA 000001E85E2B0000
D3DKMTUnlock2 [gpu-readback]       0x00000000  STATUS_SUCCESS
D3DKMTLock2 [gpu-ib]               0x00000000  STATUS_SUCCESS
    locked at CPU VA 000001E85E2A0000
D3DKMTUnlock2 [gpu-ib]             0x00000000  STATUS_SUCCESS
Submit GPU readback                0x00000000  STATUS_SUCCESS
    asking the context to signal the monitored fence to 199
D3DKMTSignalSynchronizationObjectFromGpu 0x00000000  STATUS_SUCCESS
D3DKMTWaitForSynchronizationObjectFromCpu 0x00000000  STATUS_SUCCESS
    the monitored fence reached 199 after 0 ms
D3DKMTLock2 [gpu-readback]         0x00000000  STATUS_SUCCESS
    locked at CPU VA 000001E85E2B0000
D3DKMTUnlock2 [gpu-readback]       0x00000000  STATUS_SUCCESS
D3DKMTLock2 [gpu-readback]         0x00000000  STATUS_SUCCESS
    locked at CPU VA 000001E85E2B0000
D3DKMTUnlock2 [gpu-readback]       0x00000000  STATUS_SUCCESS
D3DKMTLock2 [gpu-ib]               0x00000000  STATUS_SUCCESS
    locked at CPU VA 000001E85E2A0000
D3DKMTUnlock2 [gpu-ib]             0x00000000  STATUS_SUCCESS
Submit GPU readback                0x00000000  STATUS_SUCCESS
    asking the context to signal the monitored fence to 200
D3DKMTSignalSynchronizationObjectFromGpu 0x00000000  STATUS_SUCCESS
D3DKMTWaitForSynchronizationObjectFromCpu 0x00000000  STATUS_SUCCESS
    the monitored fence reached 200 after 0 ms
D3DKMTLock2 [gpu-readback]         0x00000000  STATUS_SUCCESS
    locked at CPU VA 000001E85E2B0000
D3DKMTUnlock2 [gpu-readback]       0x00000000  STATUS_SUCCESS
D3DKMTLock2 [gpu-readback]         0x00000000  STATUS_SUCCESS
    locked at CPU VA 000001E85E2B0000
D3DKMTUnlock2 [gpu-readback]       0x00000000  STATUS_SUCCESS
D3DKMTLock2 [gpu-ib]               0x00000000  STATUS_SUCCESS
    locked at CPU VA 000001E85E2A0000
D3DKMTUnlock2 [gpu-ib]             0x00000000  STATUS_SUCCESS
Submit GPU readback                0x00000000  STATUS_SUCCESS
    asking the context to signal the monitored fence to 201
D3DKMTSignalSynchronizationObjectFromGpu 0x00000000  STATUS_SUCCESS
D3DKMTWaitForSynchronizationObjectFromCpu 0x00000000  STATUS_SUCCESS
    the monitored fence reached 201 after 0 ms
D3DKMTLock2 [gpu-readback]         0x00000000  STATUS_SUCCESS
    locked at CPU VA 000001E85E2B0000
D3DKMTUnlock2 [gpu-readback]       0x00000000  STATUS_SUCCESS
D3DKMTLock2 [gpu-readback]         0x00000000  STATUS_SUCCESS
    locked at CPU VA 000001E85E2B0000
D3DKMTUnlock2 [gpu-readback]       0x00000000  STATUS_SUCCESS
D3DKMTLock2 [gpu-ib]               0x00000000  STATUS_SUCCESS
    locked at CPU VA 000001E85E2A0000
D3DKMTUnlock2 [gpu-ib]             0x00000000  STATUS_SUCCESS
Submit GPU readback                0x00000000  STATUS_SUCCESS
    asking the context to signal the monitored fence to 202
D3DKMTSignalSynchronizationObjectFromGpu 0x00000000  STATUS_SUCCESS
D3DKMTWaitForSynchronizationObjectFromCpu 0x00000000  STATUS_SUCCESS
    the monitored fence reached 202 after 0 ms
D3DKMTLock2 [gpu-readback]         0x00000000  STATUS_SUCCESS
    locked at CPU VA 000001E85E2B0000
D3DKMTUnlock2 [gpu-readback]       0x00000000  STATUS_SUCCESS
D3DKMTLock2 [gpu-readback]         0x00000000  STATUS_SUCCESS
    locked at CPU VA 000001E85E2B0000
D3DKMTUnlock2 [gpu-readback]       0x00000000  STATUS_SUCCESS
D3DKMTLock2 [gpu-ib]               0x00000000  STATUS_SUCCESS
    locked at CPU VA 000001E85E2A0000
D3DKMTUnlock2 [gpu-ib]             0x00000000  STATUS_SUCCESS
Submit GPU readback                0x00000000  STATUS_SUCCESS
    asking the context to signal the monitored fence to 203
D3DKMTSignalSynchronizationObjectFromGpu 0x00000000  STATUS_SUCCESS
D3DKMTWaitForSynchronizationObjectFromCpu 0x00000000  STATUS_SUCCESS
    the monitored fence reached 203 after 0 ms
D3DKMTLock2 [gpu-readback]         0x00000000  STATUS_SUCCESS
    locked at CPU VA 000001E85E2B0000
D3DKMTUnlock2 [gpu-readback]       0x00000000  STATUS_SUCCESS
D3DKMTLock2 [gpu-readback]         0x00000000  STATUS_SUCCESS
    locked at CPU VA 000001E85E2B0000
D3DKMTUnlock2 [gpu-readback]       0x00000000  STATUS_SUCCESS
D3DKMTLock2 [gpu-ib]               0x00000000  STATUS_SUCCESS
    locked at CPU VA 000001E85E2A0000
D3DKMTUnlock2 [gpu-ib]             0x00000000  STATUS_SUCCESS
Submit GPU readback                0x00000000  STATUS_SUCCESS
    asking the context to signal the monitored fence to 204
D3DKMTSignalSynchronizationObjectFromGpu 0x00000000  STATUS_SUCCESS
D3DKMTWaitForSynchronizationObjectFromCpu 0x00000000  STATUS_SUCCESS
    the monitored fence reached 204 after 0 ms
D3DKMTLock2 [gpu-readback]         0x00000000  STATUS_SUCCESS
    locked at CPU VA 000001E85E2B0000
D3DKMTUnlock2 [gpu-readback]       0x00000000  STATUS_SUCCESS
D3DKMTLock2 [gpu-readback]         0x00000000  STATUS_SUCCESS
    locked at CPU VA 000001E85E2B0000
D3DKMTUnlock2 [gpu-readback]       0x00000000  STATUS_SUCCESS
D3DKMTLock2 [gpu-ib]               0x00000000  STATUS_SUCCESS
    locked at CPU VA 000001E85E2A0000
D3DKMTUnlock2 [gpu-ib]             0x00000000  STATUS_SUCCESS
Submit GPU readback                0x00000000  STATUS_SUCCESS
    asking the context to signal the monitored fence to 205
D3DKMTSignalSynchronizationObjectFromGpu 0x00000000  STATUS_SUCCESS
D3DKMTWaitForSynchronizationObjectFromCpu 0x00000000  STATUS_SUCCESS
    the monitored fence reached 205 after 0 ms
D3DKMTLock2 [gpu-readback]         0x00000000  STATUS_SUCCESS
    locked at CPU VA 000001E85E2B0000
D3DKMTUnlock2 [gpu-readback]       0x00000000  STATUS_SUCCESS
D3DKMTLock2 [gpu-readback]         0x00000000  STATUS_SUCCESS
    locked at CPU VA 000001E85E2B0000
D3DKMTUnlock2 [gpu-readback]       0x00000000  STATUS_SUCCESS
D3DKMTLock2 [gpu-ib]               0x00000000  STATUS_SUCCESS
    locked at CPU VA 000001E85E2A0000
D3DKMTUnlock2 [gpu-ib]             0x00000000  STATUS_SUCCESS
Submit GPU readback                0x00000000  STATUS_SUCCESS
    asking the context to signal the monitored fence to 206
D3DKMTSignalSynchronizationObjectFromGpu 0x00000000  STATUS_SUCCESS
D3DKMTWaitForSynchronizationObjectFromCpu 0x00000000  STATUS_SUCCESS
    the monitored fence reached 206 after 0 ms
D3DKMTLock2 [gpu-readback]         0x00000000  STATUS_SUCCESS
    locked at CPU VA 000001E85E2B0000
D3DKMTUnlock2 [gpu-readback]       0x00000000  STATUS_SUCCESS
D3DKMTLock2 [gpu-readback]         0x00000000  STATUS_SUCCESS
    locked at CPU VA 000001E85E2B0000
D3DKMTUnlock2 [gpu-readback]       0x00000000  STATUS_SUCCESS
D3DKMTLock2 [gpu-ib]               0x00000000  STATUS_SUCCESS
    locked at CPU VA 000001E85E2A0000
D3DKMTUnlock2 [gpu-ib]             0x00000000  STATUS_SUCCESS
Submit GPU readback                0x00000000  STATUS_SUCCESS
    asking the context to signal the monitored fence to 207
D3DKMTSignalSynchronizationObjectFromGpu 0x00000000  STATUS_SUCCESS
D3DKMTWaitForSynchronizationObjectFromCpu 0x00000000  STATUS_SUCCESS
    the monitored fence reached 207 after 0 ms
D3DKMTLock2 [gpu-readback]         0x00000000  STATUS_SUCCESS
    locked at CPU VA 000001E85E2B0000
D3DKMTUnlock2 [gpu-readback]       0x00000000  STATUS_SUCCESS
D3DKMTLock2 [gpu-readback]         0x00000000  STATUS_SUCCESS
    locked at CPU VA 000001E85E2B0000
D3DKMTUnlock2 [gpu-readback]       0x00000000  STATUS_SUCCESS
D3DKMTLock2 [gpu-ib]               0x00000000  STATUS_SUCCESS
    locked at CPU VA 000001E85E2A0000
D3DKMTUnlock2 [gpu-ib]             0x00000000  STATUS_SUCCESS
Submit GPU readback                0x00000000  STATUS_SUCCESS
    asking the context to signal the monitored fence to 208
D3DKMTSignalSynchronizationObjectFromGpu 0x00000000  STATUS_SUCCESS
D3DKMTWaitForSynchronizationObjectFromCpu 0x00000000  STATUS_SUCCESS
    the monitored fence reached 208 after 0 ms
D3DKMTLock2 [gpu-readback]         0x00000000  STATUS_SUCCESS
    locked at CPU VA 000001E85E2B0000
D3DKMTUnlock2 [gpu-readback]       0x00000000  STATUS_SUCCESS
D3DKMTLock2 [gpu-readback]         0x00000000  STATUS_SUCCESS
    locked at CPU VA 000001E85E2B0000
D3DKMTUnlock2 [gpu-readback]       0x00000000  STATUS_SUCCESS
D3DKMTLock2 [gpu-ib]               0x00000000  STATUS_SUCCESS
    locked at CPU VA 000001E85E2A0000
D3DKMTUnlock2 [gpu-ib]             0x00000000  STATUS_SUCCESS
Submit GPU readback                0x00000000  STATUS_SUCCESS
    asking the context to signal the monitored fence to 209
D3DKMTSignalSynchronizationObjectFromGpu 0x00000000  STATUS_SUCCESS
D3DKMTWaitForSynchronizationObjectFromCpu 0x00000000  STATUS_SUCCESS
    the monitored fence reached 209 after 0 ms
D3DKMTLock2 [gpu-readback]         0x00000000  STATUS_SUCCESS
    locked at CPU VA 000001E85E2B0000
D3DKMTUnlock2 [gpu-readback]       0x00000000  STATUS_SUCCESS
D3DKMTLock2 [gpu-readback]         0x00000000  STATUS_SUCCESS
    locked at CPU VA 000001E85E2B0000
D3DKMTUnlock2 [gpu-readback]       0x00000000  STATUS_SUCCESS
D3DKMTLock2 [gpu-ib]               0x00000000  STATUS_SUCCESS
    locked at CPU VA 000001E85E2A0000
D3DKMTUnlock2 [gpu-ib]             0x00000000  STATUS_SUCCESS
Submit GPU readback                0x00000000  STATUS_SUCCESS
    asking the context to signal the monitored fence to 210
D3DKMTSignalSynchronizationObjectFromGpu 0x00000000  STATUS_SUCCESS
D3DKMTWaitForSynchronizationObjectFromCpu 0x00000000  STATUS_SUCCESS
    the monitored fence reached 210 after 0 ms
D3DKMTLock2 [gpu-readback]         0x00000000  STATUS_SUCCESS
    locked at CPU VA 000001E85E2B0000
D3DKMTUnlock2 [gpu-readback]       0x00000000  STATUS_SUCCESS
D3DKMTLock2 [gpu-readback]         0x00000000  STATUS_SUCCESS
    locked at CPU VA 000001E85E2B0000
D3DKMTUnlock2 [gpu-readback]       0x00000000  STATUS_SUCCESS
D3DKMTLock2 [gpu-ib]               0x00000000  STATUS_SUCCESS
    locked at CPU VA 000001E85E2A0000
D3DKMTUnlock2 [gpu-ib]             0x00000000  STATUS_SUCCESS
Submit GPU readback                0x00000000  STATUS_SUCCESS
    asking the context to signal the monitored fence to 211
D3DKMTSignalSynchronizationObjectFromGpu 0x00000000  STATUS_SUCCESS
D3DKMTWaitForSynchronizationObjectFromCpu 0x00000000  STATUS_SUCCESS
    the monitored fence reached 211 after 0 ms
D3DKMTLock2 [gpu-readback]         0x00000000  STATUS_SUCCESS
    locked at CPU VA 000001E85E2B0000
D3DKMTUnlock2 [gpu-readback]       0x00000000  STATUS_SUCCESS
D3DKMTLock2 [gpu-readback]         0x00000000  STATUS_SUCCESS
    locked at CPU VA 000001E85E2B0000
D3DKMTUnlock2 [gpu-readback]       0x00000000  STATUS_SUCCESS
D3DKMTLock2 [gpu-ib]               0x00000000  STATUS_SUCCESS
    locked at CPU VA 000001E85E2A0000
D3DKMTUnlock2 [gpu-ib]             0x00000000  STATUS_SUCCESS
Submit GPU readback                0x00000000  STATUS_SUCCESS
    asking the context to signal the monitored fence to 212
D3DKMTSignalSynchronizationObjectFromGpu 0x00000000  STATUS_SUCCESS
D3DKMTWaitForSynchronizationObjectFromCpu 0x00000000  STATUS_SUCCESS
    the monitored fence reached 212 after 0 ms
D3DKMTLock2 [gpu-readback]         0x00000000  STATUS_SUCCESS
    locked at CPU VA 000001E85E2B0000
D3DKMTUnlock2 [gpu-readback]       0x00000000  STATUS_SUCCESS
D3DKMTLock2 [gpu-readback]         0x00000000  STATUS_SUCCESS
    locked at CPU VA 000001E85E2B0000
D3DKMTUnlock2 [gpu-readback]       0x00000000  STATUS_SUCCESS
D3DKMTLock2 [gpu-ib]               0x00000000  STATUS_SUCCESS
    locked at CPU VA 000001E85E2A0000
D3DKMTUnlock2 [gpu-ib]             0x00000000  STATUS_SUCCESS
Submit GPU readback                0x00000000  STATUS_SUCCESS
    asking the context to signal the monitored fence to 213
D3DKMTSignalSynchronizationObjectFromGpu 0x00000000  STATUS_SUCCESS
D3DKMTWaitForSynchronizationObjectFromCpu 0x00000000  STATUS_SUCCESS
    the monitored fence reached 213 after 0 ms
D3DKMTLock2 [gpu-readback]         0x00000000  STATUS_SUCCESS
    locked at CPU VA 000001E85E2B0000
D3DKMTUnlock2 [gpu-readback]       0x00000000  STATUS_SUCCESS
D3DKMTLock2 [gpu-readback]         0x00000000  STATUS_SUCCESS
    locked at CPU VA 000001E85E2B0000
D3DKMTUnlock2 [gpu-readback]       0x00000000  STATUS_SUCCESS
D3DKMTLock2 [gpu-ib]               0x00000000  STATUS_SUCCESS
    locked at CPU VA 000001E85E2A0000
D3DKMTUnlock2 [gpu-ib]             0x00000000  STATUS_SUCCESS
Submit GPU readback                0x00000000  STATUS_SUCCESS
    asking the context to signal the monitored fence to 214
D3DKMTSignalSynchronizationObjectFromGpu 0x00000000  STATUS_SUCCESS
D3DKMTWaitForSynchronizationObjectFromCpu 0x00000000  STATUS_SUCCESS
    the monitored fence reached 214 after 0 ms
D3DKMTLock2 [gpu-readback]         0x00000000  STATUS_SUCCESS
    locked at CPU VA 000001E85E2B0000
D3DKMTUnlock2 [gpu-readback]       0x00000000  STATUS_SUCCESS
D3DKMTLock2 [gpu-readback]         0x00000000  STATUS_SUCCESS
    locked at CPU VA 000001E85E2B0000
D3DKMTUnlock2 [gpu-readback]       0x00000000  STATUS_SUCCESS
D3DKMTLock2 [gpu-ib]               0x00000000  STATUS_SUCCESS
    locked at CPU VA 000001E85E2A0000
D3DKMTUnlock2 [gpu-ib]             0x00000000  STATUS_SUCCESS
Submit GPU readback                0x00000000  STATUS_SUCCESS
    asking the context to signal the monitored fence to 215
D3DKMTSignalSynchronizationObjectFromGpu 0x00000000  STATUS_SUCCESS
D3DKMTWaitForSynchronizationObjectFromCpu 0x00000000  STATUS_SUCCESS
    the monitored fence reached 215 after 0 ms
D3DKMTLock2 [gpu-readback]         0x00000000  STATUS_SUCCESS
    locked at CPU VA 000001E85E2B0000
D3DKMTUnlock2 [gpu-readback]       0x00000000  STATUS_SUCCESS
D3DKMTLock2 [gpu-readback]         0x00000000  STATUS_SUCCESS
    locked at CPU VA 000001E85E2B0000
D3DKMTUnlock2 [gpu-readback]       0x00000000  STATUS_SUCCESS
D3DKMTLock2 [gpu-ib]               0x00000000  STATUS_SUCCESS
    locked at CPU VA 000001E85E2A0000
D3DKMTUnlock2 [gpu-ib]             0x00000000  STATUS_SUCCESS
Submit GPU readback                0x00000000  STATUS_SUCCESS
    asking the context to signal the monitored fence to 216
D3DKMTSignalSynchronizationObjectFromGpu 0x00000000  STATUS_SUCCESS
D3DKMTWaitForSynchronizationObjectFromCpu 0x00000000  STATUS_SUCCESS
    the monitored fence reached 216 after 0 ms
D3DKMTLock2 [gpu-readback]         0x00000000  STATUS_SUCCESS
    locked at CPU VA 000001E85E2B0000
D3DKMTUnlock2 [gpu-readback]       0x00000000  STATUS_SUCCESS
D3DKMTLock2 [gpu-readback]         0x00000000  STATUS_SUCCESS
    locked at CPU VA 000001E85E2B0000
D3DKMTUnlock2 [gpu-readback]       0x00000000  STATUS_SUCCESS
D3DKMTLock2 [gpu-ib]               0x00000000  STATUS_SUCCESS
    locked at CPU VA 000001E85E2A0000
D3DKMTUnlock2 [gpu-ib]             0x00000000  STATUS_SUCCESS
Submit GPU readback                0x00000000  STATUS_SUCCESS
    asking the context to signal the monitored fence to 217
D3DKMTSignalSynchronizationObjectFromGpu 0x00000000  STATUS_SUCCESS
D3DKMTWaitForSynchronizationObjectFromCpu 0x00000000  STATUS_SUCCESS
    the monitored fence reached 217 after 0 ms
D3DKMTLock2 [gpu-readback]         0x00000000  STATUS_SUCCESS
    locked at CPU VA 000001E85E2B0000
D3DKMTUnlock2 [gpu-readback]       0x00000000  STATUS_SUCCESS
D3DKMTLock2 [gpu-readback]         0x00000000  STATUS_SUCCESS
    locked at CPU VA 000001E85E2B0000
D3DKMTUnlock2 [gpu-readback]       0x00000000  STATUS_SUCCESS
D3DKMTLock2 [gpu-ib]               0x00000000  STATUS_SUCCESS
    locked at CPU VA 000001E85E2A0000
D3DKMTUnlock2 [gpu-ib]             0x00000000  STATUS_SUCCESS
Submit GPU readback                0x00000000  STATUS_SUCCESS
    asking the context to signal the monitored fence to 218
D3DKMTSignalSynchronizationObjectFromGpu 0x00000000  STATUS_SUCCESS
D3DKMTWaitForSynchronizationObjectFromCpu 0x00000000  STATUS_SUCCESS
    the monitored fence reached 218 after 0 ms
D3DKMTLock2 [gpu-readback]         0x00000000  STATUS_SUCCESS
    locked at CPU VA 000001E85E2B0000
D3DKMTUnlock2 [gpu-readback]       0x00000000  STATUS_SUCCESS
D3DKMTLock2 [gpu-readback]         0x00000000  STATUS_SUCCESS
    locked at CPU VA 000001E85E2B0000
D3DKMTUnlock2 [gpu-readback]       0x00000000  STATUS_SUCCESS
D3DKMTLock2 [gpu-ib]               0x00000000  STATUS_SUCCESS
    locked at CPU VA 000001E85E2A0000
D3DKMTUnlock2 [gpu-ib]             0x00000000  STATUS_SUCCESS
Submit GPU readback                0x00000000  STATUS_SUCCESS
    asking the context to signal the monitored fence to 219
D3DKMTSignalSynchronizationObjectFromGpu 0x00000000  STATUS_SUCCESS
D3DKMTWaitForSynchronizationObjectFromCpu 0x00000000  STATUS_SUCCESS
    the monitored fence reached 219 after 0 ms
D3DKMTLock2 [gpu-readback]         0x00000000  STATUS_SUCCESS
    locked at CPU VA 000001E85E2B0000
D3DKMTUnlock2 [gpu-readback]       0x00000000  STATUS_SUCCESS
D3DKMTLock2 [gpu-readback]         0x00000000  STATUS_SUCCESS
    locked at CPU VA 000001E85E2B0000
D3DKMTUnlock2 [gpu-readback]       0x00000000  STATUS_SUCCESS
D3DKMTLock2 [gpu-ib]               0x00000000  STATUS_SUCCESS
    locked at CPU VA 000001E85E2A0000
D3DKMTUnlock2 [gpu-ib]             0x00000000  STATUS_SUCCESS
Submit GPU readback                0x00000000  STATUS_SUCCESS
    asking the context to signal the monitored fence to 220
D3DKMTSignalSynchronizationObjectFromGpu 0x00000000  STATUS_SUCCESS
D3DKMTWaitForSynchronizationObjectFromCpu 0x00000000  STATUS_SUCCESS
    the monitored fence reached 220 after 0 ms
D3DKMTLock2 [gpu-readback]         0x00000000  STATUS_SUCCESS
    locked at CPU VA 000001E85E2B0000
D3DKMTUnlock2 [gpu-readback]       0x00000000  STATUS_SUCCESS
D3DKMTLock2 [gpu-readback]         0x00000000  STATUS_SUCCESS
    locked at CPU VA 000001E85E2B0000
D3DKMTUnlock2 [gpu-readback]       0x00000000  STATUS_SUCCESS
D3DKMTLock2 [gpu-ib]               0x00000000  STATUS_SUCCESS
    locked at CPU VA 000001E85E2A0000
D3DKMTUnlock2 [gpu-ib]             0x00000000  STATUS_SUCCESS
Submit GPU readback                0x00000000  STATUS_SUCCESS
    asking the context to signal the monitored fence to 221
D3DKMTSignalSynchronizationObjectFromGpu 0x00000000  STATUS_SUCCESS
D3DKMTWaitForSynchronizationObjectFromCpu 0x00000000  STATUS_SUCCESS
    the monitored fence reached 221 after 0 ms
D3DKMTLock2 [gpu-readback]         0x00000000  STATUS_SUCCESS
    locked at CPU VA 000001E85E2B0000
D3DKMTUnlock2 [gpu-readback]       0x00000000  STATUS_SUCCESS
D3DKMTLock2 [gpu-readback]         0x00000000  STATUS_SUCCESS
    locked at CPU VA 000001E85E2B0000
D3DKMTUnlock2 [gpu-readback]       0x00000000  STATUS_SUCCESS
D3DKMTLock2 [gpu-ib]               0x00000000  STATUS_SUCCESS
    locked at CPU VA 000001E85E2A0000
D3DKMTUnlock2 [gpu-ib]             0x00000000  STATUS_SUCCESS
Submit GPU readback                0x00000000  STATUS_SUCCESS
    asking the context to signal the monitored fence to 222
D3DKMTSignalSynchronizationObjectFromGpu 0x00000000  STATUS_SUCCESS
D3DKMTWaitForSynchronizationObjectFromCpu 0x00000000  STATUS_SUCCESS
    the monitored fence reached 222 after 0 ms
D3DKMTLock2 [gpu-readback]         0x00000000  STATUS_SUCCESS
    locked at CPU VA 000001E85E2B0000
D3DKMTUnlock2 [gpu-readback]       0x00000000  STATUS_SUCCESS
D3DKMTLock2 [gpu-readback]         0x00000000  STATUS_SUCCESS
    locked at CPU VA 000001E85E2B0000
D3DKMTUnlock2 [gpu-readback]       0x00000000  STATUS_SUCCESS
D3DKMTLock2 [gpu-ib]               0x00000000  STATUS_SUCCESS
    locked at CPU VA 000001E85E2A0000
D3DKMTUnlock2 [gpu-ib]             0x00000000  STATUS_SUCCESS
Submit GPU readback                0x00000000  STATUS_SUCCESS
    asking the context to signal the monitored fence to 223
D3DKMTSignalSynchronizationObjectFromGpu 0x00000000  STATUS_SUCCESS
D3DKMTWaitForSynchronizationObjectFromCpu 0x00000000  STATUS_SUCCESS
    the monitored fence reached 223 after 0 ms
D3DKMTLock2 [gpu-readback]         0x00000000  STATUS_SUCCESS
    locked at CPU VA 000001E85E2B0000
D3DKMTUnlock2 [gpu-readback]       0x00000000  STATUS_SUCCESS
D3DKMTLock2 [gpu-readback]         0x00000000  STATUS_SUCCESS
    locked at CPU VA 000001E85E2B0000
D3DKMTUnlock2 [gpu-readback]       0x00000000  STATUS_SUCCESS
D3DKMTLock2 [gpu-ib]               0x00000000  STATUS_SUCCESS
    locked at CPU VA 000001E85E2A0000
D3DKMTUnlock2 [gpu-ib]             0x00000000  STATUS_SUCCESS
Submit GPU readback                0x00000000  STATUS_SUCCESS
    asking the context to signal the monitored fence to 224
D3DKMTSignalSynchronizationObjectFromGpu 0x00000000  STATUS_SUCCESS
D3DKMTWaitForSynchronizationObjectFromCpu 0x00000000  STATUS_SUCCESS
    the monitored fence reached 224 after 0 ms
D3DKMTLock2 [gpu-readback]         0x00000000  STATUS_SUCCESS
    locked at CPU VA 000001E85E2B0000
D3DKMTUnlock2 [gpu-readback]       0x00000000  STATUS_SUCCESS
D3DKMTLock2 [gpu-readback]         0x00000000  STATUS_SUCCESS
    locked at CPU VA 000001E85E2B0000
D3DKMTUnlock2 [gpu-readback]       0x00000000  STATUS_SUCCESS
D3DKMTLock2 [gpu-ib]               0x00000000  STATUS_SUCCESS
    locked at CPU VA 000001E85E2A0000
D3DKMTUnlock2 [gpu-ib]             0x00000000  STATUS_SUCCESS
Submit GPU readback                0x00000000  STATUS_SUCCESS
    asking the context to signal the monitored fence to 225
D3DKMTSignalSynchronizationObjectFromGpu 0x00000000  STATUS_SUCCESS
D3DKMTWaitForSynchronizationObjectFromCpu 0x00000000  STATUS_SUCCESS
    the monitored fence reached 225 after 0 ms
D3DKMTLock2 [gpu-readback]         0x00000000  STATUS_SUCCESS
    locked at CPU VA 000001E85E2B0000
D3DKMTUnlock2 [gpu-readback]       0x00000000  STATUS_SUCCESS
D3DKMTLock2 [gpu-readback]         0x00000000  STATUS_SUCCESS
    locked at CPU VA 000001E85E2B0000
D3DKMTUnlock2 [gpu-readback]       0x00000000  STATUS_SUCCESS
D3DKMTLock2 [gpu-ib]               0x00000000  STATUS_SUCCESS
    locked at CPU VA 000001E85E2A0000
D3DKMTUnlock2 [gpu-ib]             0x00000000  STATUS_SUCCESS
Submit GPU readback                0x00000000  STATUS_SUCCESS
    asking the context to signal the monitored fence to 226
D3DKMTSignalSynchronizationObjectFromGpu 0x00000000  STATUS_SUCCESS
D3DKMTWaitForSynchronizationObjectFromCpu 0x00000000  STATUS_SUCCESS
    the monitored fence reached 226 after 0 ms
D3DKMTLock2 [gpu-readback]         0x00000000  STATUS_SUCCESS
    locked at CPU VA 000001E85E2B0000
D3DKMTUnlock2 [gpu-readback]       0x00000000  STATUS_SUCCESS
D3DKMTLock2 [gpu-readback]         0x00000000  STATUS_SUCCESS
    locked at CPU VA 000001E85E2B0000
D3DKMTUnlock2 [gpu-readback]       0x00000000  STATUS_SUCCESS
D3DKMTLock2 [gpu-ib]               0x00000000  STATUS_SUCCESS
    locked at CPU VA 000001E85E2A0000
D3DKMTUnlock2 [gpu-ib]             0x00000000  STATUS_SUCCESS
Submit GPU readback                0x00000000  STATUS_SUCCESS
    asking the context to signal the monitored fence to 227
D3DKMTSignalSynchronizationObjectFromGpu 0x00000000  STATUS_SUCCESS
D3DKMTWaitForSynchronizationObjectFromCpu 0x00000000  STATUS_SUCCESS
    the monitored fence reached 227 after 0 ms
D3DKMTLock2 [gpu-readback]         0x00000000  STATUS_SUCCESS
    locked at CPU VA 000001E85E2B0000
D3DKMTUnlock2 [gpu-readback]       0x00000000  STATUS_SUCCESS
D3DKMTLock2 [gpu-readback]         0x00000000  STATUS_SUCCESS
    locked at CPU VA 000001E85E2B0000
D3DKMTUnlock2 [gpu-readback]       0x00000000  STATUS_SUCCESS
D3DKMTLock2 [gpu-ib]               0x00000000  STATUS_SUCCESS
    locked at CPU VA 000001E85E2A0000
D3DKMTUnlock2 [gpu-ib]             0x00000000  STATUS_SUCCESS
Submit GPU readback                0x00000000  STATUS_SUCCESS
    asking the context to signal the monitored fence to 228
D3DKMTSignalSynchronizationObjectFromGpu 0x00000000  STATUS_SUCCESS
D3DKMTWaitForSynchronizationObjectFromCpu 0x00000000  STATUS_SUCCESS
    the monitored fence reached 228 after 0 ms
D3DKMTLock2 [gpu-readback]         0x00000000  STATUS_SUCCESS
    locked at CPU VA 000001E85E2B0000
D3DKMTUnlock2 [gpu-readback]       0x00000000  STATUS_SUCCESS
D3DKMTLock2 [gpu-readback]         0x00000000  STATUS_SUCCESS
    locked at CPU VA 000001E85E2B0000
D3DKMTUnlock2 [gpu-readback]       0x00000000  STATUS_SUCCESS
D3DKMTLock2 [gpu-ib]               0x00000000  STATUS_SUCCESS
    locked at CPU VA 000001E85E2A0000
D3DKMTUnlock2 [gpu-ib]             0x00000000  STATUS_SUCCESS
Submit GPU readback                0x00000000  STATUS_SUCCESS
    asking the context to signal the monitored fence to 229
D3DKMTSignalSynchronizationObjectFromGpu 0x00000000  STATUS_SUCCESS
D3DKMTWaitForSynchronizationObjectFromCpu 0x00000000  STATUS_SUCCESS
    the monitored fence reached 229 after 0 ms
D3DKMTLock2 [gpu-readback]         0x00000000  STATUS_SUCCESS
    locked at CPU VA 000001E85E2B0000
D3DKMTUnlock2 [gpu-readback]       0x00000000  STATUS_SUCCESS
D3DKMTLock2 [gpu-readback]         0x00000000  STATUS_SUCCESS
    locked at CPU VA 000001E85E2B0000
D3DKMTUnlock2 [gpu-readback]       0x00000000  STATUS_SUCCESS
D3DKMTLock2 [gpu-ib]               0x00000000  STATUS_SUCCESS
    locked at CPU VA 000001E85E2A0000
D3DKMTUnlock2 [gpu-ib]             0x00000000  STATUS_SUCCESS
Submit GPU readback                0x00000000  STATUS_SUCCESS
    asking the context to signal the monitored fence to 230
D3DKMTSignalSynchronizationObjectFromGpu 0x00000000  STATUS_SUCCESS
D3DKMTWaitForSynchronizationObjectFromCpu 0x00000000  STATUS_SUCCESS
    the monitored fence reached 230 after 0 ms
D3DKMTLock2 [gpu-readback]         0x00000000  STATUS_SUCCESS
    locked at CPU VA 000001E85E2B0000
D3DKMTUnlock2 [gpu-readback]       0x00000000  STATUS_SUCCESS
D3DKMTLock2 [gpu-readback]         0x00000000  STATUS_SUCCESS
    locked at CPU VA 000001E85E2B0000
D3DKMTUnlock2 [gpu-readback]       0x00000000  STATUS_SUCCESS
D3DKMTLock2 [gpu-ib]               0x00000000  STATUS_SUCCESS
    locked at CPU VA 000001E85E2A0000
D3DKMTUnlock2 [gpu-ib]             0x00000000  STATUS_SUCCESS
Submit GPU readback                0x00000000  STATUS_SUCCESS
    asking the context to signal the monitored fence to 231
D3DKMTSignalSynchronizationObjectFromGpu 0x00000000  STATUS_SUCCESS
D3DKMTWaitForSynchronizationObjectFromCpu 0x00000000  STATUS_SUCCESS
    the monitored fence reached 231 after 0 ms
D3DKMTLock2 [gpu-readback]         0x00000000  STATUS_SUCCESS
    locked at CPU VA 000001E85E2B0000
D3DKMTUnlock2 [gpu-readback]       0x00000000  STATUS_SUCCESS
D3DKMTLock2 [gpu-readback]         0x00000000  STATUS_SUCCESS
    locked at CPU VA 000001E85E2B0000
D3DKMTUnlock2 [gpu-readback]       0x00000000  STATUS_SUCCESS
D3DKMTLock2 [gpu-ib]               0x00000000  STATUS_SUCCESS
    locked at CPU VA 000001E85E2A0000
D3DKMTUnlock2 [gpu-ib]             0x00000000  STATUS_SUCCESS
Submit GPU readback                0x00000000  STATUS_SUCCESS
    asking the context to signal the monitored fence to 232
D3DKMTSignalSynchronizationObjectFromGpu 0x00000000  STATUS_SUCCESS
D3DKMTWaitForSynchronizationObjectFromCpu 0x00000000  STATUS_SUCCESS
    the monitored fence reached 232 after 0 ms
D3DKMTLock2 [gpu-readback]         0x00000000  STATUS_SUCCESS
    locked at CPU VA 000001E85E2B0000
D3DKMTUnlock2 [gpu-readback]       0x00000000  STATUS_SUCCESS
D3DKMTLock2 [gpu-readback]         0x00000000  STATUS_SUCCESS
    locked at CPU VA 000001E85E2B0000
D3DKMTUnlock2 [gpu-readback]       0x00000000  STATUS_SUCCESS
D3DKMTLock2 [gpu-ib]               0x00000000  STATUS_SUCCESS
    locked at CPU VA 000001E85E2A0000
D3DKMTUnlock2 [gpu-ib]             0x00000000  STATUS_SUCCESS
Submit GPU readback                0x00000000  STATUS_SUCCESS
    asking the context to signal the monitored fence to 233
D3DKMTSignalSynchronizationObjectFromGpu 0x00000000  STATUS_SUCCESS
D3DKMTWaitForSynchronizationObjectFromCpu 0x00000000  STATUS_SUCCESS
    the monitored fence reached 233 after 0 ms
D3DKMTLock2 [gpu-readback]         0x00000000  STATUS_SUCCESS
    locked at CPU VA 000001E85E2B0000
D3DKMTUnlock2 [gpu-readback]       0x00000000  STATUS_SUCCESS
D3DKMTLock2 [gpu-readback]         0x00000000  STATUS_SUCCESS
    locked at CPU VA 000001E85E2B0000
D3DKMTUnlock2 [gpu-readback]       0x00000000  STATUS_SUCCESS
D3DKMTLock2 [gpu-ib]               0x00000000  STATUS_SUCCESS
    locked at CPU VA 000001E85E2A0000
D3DKMTUnlock2 [gpu-ib]             0x00000000  STATUS_SUCCESS
Submit GPU readback                0x00000000  STATUS_SUCCESS
    asking the context to signal the monitored fence to 234
D3DKMTSignalSynchronizationObjectFromGpu 0x00000000  STATUS_SUCCESS
D3DKMTWaitForSynchronizationObjectFromCpu 0x00000000  STATUS_SUCCESS
    the monitored fence reached 234 after 0 ms
D3DKMTLock2 [gpu-readback]         0x00000000  STATUS_SUCCESS
    locked at CPU VA 000001E85E2B0000
D3DKMTUnlock2 [gpu-readback]       0x00000000  STATUS_SUCCESS
D3DKMTLock2 [gpu-readback]         0x00000000  STATUS_SUCCESS
    locked at CPU VA 000001E85E2B0000
D3DKMTUnlock2 [gpu-readback]       0x00000000  STATUS_SUCCESS
D3DKMTLock2 [gpu-ib]               0x00000000  STATUS_SUCCESS
    locked at CPU VA 000001E85E2A0000
D3DKMTUnlock2 [gpu-ib]             0x00000000  STATUS_SUCCESS
Submit GPU readback                0x00000000  STATUS_SUCCESS
    asking the context to signal the monitored fence to 235
D3DKMTSignalSynchronizationObjectFromGpu 0x00000000  STATUS_SUCCESS
D3DKMTWaitForSynchronizationObjectFromCpu 0x00000000  STATUS_SUCCESS
    the monitored fence reached 235 after 0 ms
D3DKMTLock2 [gpu-readback]         0x00000000  STATUS_SUCCESS
    locked at CPU VA 000001E85E2B0000
D3DKMTUnlock2 [gpu-readback]       0x00000000  STATUS_SUCCESS
D3DKMTLock2 [gpu-readback]         0x00000000  STATUS_SUCCESS
    locked at CPU VA 000001E85E2B0000
D3DKMTUnlock2 [gpu-readback]       0x00000000  STATUS_SUCCESS
D3DKMTLock2 [gpu-ib]               0x00000000  STATUS_SUCCESS
    locked at CPU VA 000001E85E2A0000
D3DKMTUnlock2 [gpu-ib]             0x00000000  STATUS_SUCCESS
Submit GPU readback                0x00000000  STATUS_SUCCESS
    asking the context to signal the monitored fence to 236
D3DKMTSignalSynchronizationObjectFromGpu 0x00000000  STATUS_SUCCESS
D3DKMTWaitForSynchronizationObjectFromCpu 0x00000000  STATUS_SUCCESS
    the monitored fence reached 236 after 0 ms
D3DKMTLock2 [gpu-readback]         0x00000000  STATUS_SUCCESS
    locked at CPU VA 000001E85E2B0000
D3DKMTUnlock2 [gpu-readback]       0x00000000  STATUS_SUCCESS
D3DKMTLock2 [gpu-readback]         0x00000000  STATUS_SUCCESS
    locked at CPU VA 000001E85E2B0000
D3DKMTUnlock2 [gpu-readback]       0x00000000  STATUS_SUCCESS
D3DKMTLock2 [gpu-ib]               0x00000000  STATUS_SUCCESS
    locked at CPU VA 000001E85E2A0000
D3DKMTUnlock2 [gpu-ib]             0x00000000  STATUS_SUCCESS
Submit GPU readback                0x00000000  STATUS_SUCCESS
    asking the context to signal the monitored fence to 237
D3DKMTSignalSynchronizationObjectFromGpu 0x00000000  STATUS_SUCCESS
D3DKMTWaitForSynchronizationObjectFromCpu 0x00000000  STATUS_SUCCESS
    the monitored fence reached 237 after 0 ms
D3DKMTLock2 [gpu-readback]         0x00000000  STATUS_SUCCESS
    locked at CPU VA 000001E85E2B0000
D3DKMTUnlock2 [gpu-readback]       0x00000000  STATUS_SUCCESS
D3DKMTLock2 [gpu-readback]         0x00000000  STATUS_SUCCESS
    locked at CPU VA 000001E85E2B0000
D3DKMTUnlock2 [gpu-readback]       0x00000000  STATUS_SUCCESS
D3DKMTLock2 [gpu-ib]               0x00000000  STATUS_SUCCESS
    locked at CPU VA 000001E85E2A0000
D3DKMTUnlock2 [gpu-ib]             0x00000000  STATUS_SUCCESS
Submit GPU readback                0x00000000  STATUS_SUCCESS
    asking the context to signal the monitored fence to 238
D3DKMTSignalSynchronizationObjectFromGpu 0x00000000  STATUS_SUCCESS
D3DKMTWaitForSynchronizationObjectFromCpu 0x00000000  STATUS_SUCCESS
    the monitored fence reached 238 after 0 ms
D3DKMTLock2 [gpu-readback]         0x00000000  STATUS_SUCCESS
    locked at CPU VA 000001E85E2B0000
D3DKMTUnlock2 [gpu-readback]       0x00000000  STATUS_SUCCESS
D3DKMTLock2 [gpu-readback]         0x00000000  STATUS_SUCCESS
    locked at CPU VA 000001E85E2B0000
D3DKMTUnlock2 [gpu-readback]       0x00000000  STATUS_SUCCESS
D3DKMTLock2 [gpu-ib]               0x00000000  STATUS_SUCCESS
    locked at CPU VA 000001E85E2A0000
D3DKMTUnlock2 [gpu-ib]             0x00000000  STATUS_SUCCESS
Submit GPU readback                0x00000000  STATUS_SUCCESS
    asking the context to signal the monitored fence to 239
D3DKMTSignalSynchronizationObjectFromGpu 0x00000000  STATUS_SUCCESS
D3DKMTWaitForSynchronizationObjectFromCpu 0x00000000  STATUS_SUCCESS
    the monitored fence reached 239 after 0 ms
D3DKMTLock2 [gpu-readback]         0x00000000  STATUS_SUCCESS
    locked at CPU VA 000001E85E2B0000
D3DKMTUnlock2 [gpu-readback]       0x00000000  STATUS_SUCCESS
D3DKMTLock2 [gpu-readback]         0x00000000  STATUS_SUCCESS
    locked at CPU VA 000001E85E2B0000
D3DKMTUnlock2 [gpu-readback]       0x00000000  STATUS_SUCCESS
D3DKMTLock2 [gpu-ib]               0x00000000  STATUS_SUCCESS
    locked at CPU VA 000001E85E2A0000
D3DKMTUnlock2 [gpu-ib]             0x00000000  STATUS_SUCCESS
Submit GPU readback                0x00000000  STATUS_SUCCESS
    asking the context to signal the monitored fence to 240
D3DKMTSignalSynchronizationObjectFromGpu 0x00000000  STATUS_SUCCESS
D3DKMTWaitForSynchronizationObjectFromCpu 0x00000000  STATUS_SUCCESS
    the monitored fence reached 240 after 0 ms
D3DKMTLock2 [gpu-readback]         0x00000000  STATUS_SUCCESS
    locked at CPU VA 000001E85E2B0000
D3DKMTUnlock2 [gpu-readback]       0x00000000  STATUS_SUCCESS
D3DKMTLock2 [gpu-readback]         0x00000000  STATUS_SUCCESS
    locked at CPU VA 000001E85E2B0000
D3DKMTUnlock2 [gpu-readback]       0x00000000  STATUS_SUCCESS
D3DKMTLock2 [gpu-ib]               0x00000000  STATUS_SUCCESS
    locked at CPU VA 000001E85E2A0000
D3DKMTUnlock2 [gpu-ib]             0x00000000  STATUS_SUCCESS
Submit GPU readback                0x00000000  STATUS_SUCCESS
    asking the context to signal the monitored fence to 241
D3DKMTSignalSynchronizationObjectFromGpu 0x00000000  STATUS_SUCCESS
D3DKMTWaitForSynchronizationObjectFromCpu 0x00000000  STATUS_SUCCESS
    the monitored fence reached 241 after 0 ms
D3DKMTLock2 [gpu-readback]         0x00000000  STATUS_SUCCESS
    locked at CPU VA 000001E85E2B0000
D3DKMTUnlock2 [gpu-readback]       0x00000000  STATUS_SUCCESS
D3DKMTLock2 [gpu-readback]         0x00000000  STATUS_SUCCESS
    locked at CPU VA 000001E85E2B0000
D3DKMTUnlock2 [gpu-readback]       0x00000000  STATUS_SUCCESS
D3DKMTLock2 [gpu-ib]               0x00000000  STATUS_SUCCESS
    locked at CPU VA 000001E85E2A0000
D3DKMTUnlock2 [gpu-ib]             0x00000000  STATUS_SUCCESS
Submit GPU readback                0x00000000  STATUS_SUCCESS
    asking the context to signal the monitored fence to 242
D3DKMTSignalSynchronizationObjectFromGpu 0x00000000  STATUS_SUCCESS
D3DKMTWaitForSynchronizationObjectFromCpu 0x00000000  STATUS_SUCCESS
    the monitored fence reached 242 after 0 ms
D3DKMTLock2 [gpu-readback]         0x00000000  STATUS_SUCCESS
    locked at CPU VA 000001E85E2B0000
D3DKMTUnlock2 [gpu-readback]       0x00000000  STATUS_SUCCESS
D3DKMTLock2 [gpu-readback]         0x00000000  STATUS_SUCCESS
    locked at CPU VA 000001E85E2B0000
D3DKMTUnlock2 [gpu-readback]       0x00000000  STATUS_SUCCESS
D3DKMTLock2 [gpu-ib]               0x00000000  STATUS_SUCCESS
    locked at CPU VA 000001E85E2A0000
D3DKMTUnlock2 [gpu-ib]             0x00000000  STATUS_SUCCESS
Submit GPU readback                0x00000000  STATUS_SUCCESS
    asking the context to signal the monitored fence to 243
D3DKMTSignalSynchronizationObjectFromGpu 0x00000000  STATUS_SUCCESS
D3DKMTWaitForSynchronizationObjectFromCpu 0x00000000  STATUS_SUCCESS
    the monitored fence reached 243 after 0 ms
D3DKMTLock2 [gpu-readback]         0x00000000  STATUS_SUCCESS
    locked at CPU VA 000001E85E2B0000
D3DKMTUnlock2 [gpu-readback]       0x00000000  STATUS_SUCCESS
D3DKMTLock2 [gpu-readback]         0x00000000  STATUS_SUCCESS
    locked at CPU VA 000001E85E2B0000
D3DKMTUnlock2 [gpu-readback]       0x00000000  STATUS_SUCCESS
D3DKMTLock2 [gpu-ib]               0x00000000  STATUS_SUCCESS
    locked at CPU VA 000001E85E2A0000
D3DKMTUnlock2 [gpu-ib]             0x00000000  STATUS_SUCCESS
Submit GPU readback                0x00000000  STATUS_SUCCESS
    asking the context to signal the monitored fence to 244
D3DKMTSignalSynchronizationObjectFromGpu 0x00000000  STATUS_SUCCESS
D3DKMTWaitForSynchronizationObjectFromCpu 0x00000000  STATUS_SUCCESS
    the monitored fence reached 244 after 0 ms
D3DKMTLock2 [gpu-readback]         0x00000000  STATUS_SUCCESS
    locked at CPU VA 000001E85E2B0000
D3DKMTUnlock2 [gpu-readback]       0x00000000  STATUS_SUCCESS
D3DKMTLock2 [gpu-readback]         0x00000000  STATUS_SUCCESS
    locked at CPU VA 000001E85E2B0000
D3DKMTUnlock2 [gpu-readback]       0x00000000  STATUS_SUCCESS
D3DKMTLock2 [gpu-ib]               0x00000000  STATUS_SUCCESS
    locked at CPU VA 000001E85E2A0000
D3DKMTUnlock2 [gpu-ib]             0x00000000  STATUS_SUCCESS
Submit GPU readback                0x00000000  STATUS_SUCCESS
    asking the context to signal the monitored fence to 245
D3DKMTSignalSynchronizationObjectFromGpu 0x00000000  STATUS_SUCCESS
D3DKMTWaitForSynchronizationObjectFromCpu 0x00000000  STATUS_SUCCESS
    the monitored fence reached 245 after 0 ms
D3DKMTLock2 [gpu-readback]         0x00000000  STATUS_SUCCESS
    locked at CPU VA 000001E85E2B0000
D3DKMTUnlock2 [gpu-readback]       0x00000000  STATUS_SUCCESS
D3DKMTLock2 [gpu-readback]         0x00000000  STATUS_SUCCESS
    locked at CPU VA 000001E85E2B0000
D3DKMTUnlock2 [gpu-readback]       0x00000000  STATUS_SUCCESS
D3DKMTLock2 [gpu-ib]               0x00000000  STATUS_SUCCESS
    locked at CPU VA 000001E85E2A0000
D3DKMTUnlock2 [gpu-ib]             0x00000000  STATUS_SUCCESS
Submit GPU readback                0x00000000  STATUS_SUCCESS
    asking the context to signal the monitored fence to 246
D3DKMTSignalSynchronizationObjectFromGpu 0x00000000  STATUS_SUCCESS
D3DKMTWaitForSynchronizationObjectFromCpu 0x00000000  STATUS_SUCCESS
    the monitored fence reached 246 after 0 ms
D3DKMTLock2 [gpu-readback]         0x00000000  STATUS_SUCCESS
    locked at CPU VA 000001E85E2B0000
D3DKMTUnlock2 [gpu-readback]       0x00000000  STATUS_SUCCESS
D3DKMTLock2 [gpu-readback]         0x00000000  STATUS_SUCCESS
    locked at CPU VA 000001E85E2B0000
D3DKMTUnlock2 [gpu-readback]       0x00000000  STATUS_SUCCESS
D3DKMTLock2 [gpu-ib]               0x00000000  STATUS_SUCCESS
    locked at CPU VA 000001E85E2A0000
D3DKMTUnlock2 [gpu-ib]             0x00000000  STATUS_SUCCESS
Submit GPU readback                0x00000000  STATUS_SUCCESS
    asking the context to signal the monitored fence to 247
D3DKMTSignalSynchronizationObjectFromGpu 0x00000000  STATUS_SUCCESS
D3DKMTWaitForSynchronizationObjectFromCpu 0x00000000  STATUS_SUCCESS
    the monitored fence reached 247 after 0 ms
D3DKMTLock2 [gpu-readback]         0x00000000  STATUS_SUCCESS
    locked at CPU VA 000001E85E2B0000
D3DKMTUnlock2 [gpu-readback]       0x00000000  STATUS_SUCCESS
D3DKMTLock2 [gpu-readback]         0x00000000  STATUS_SUCCESS
    locked at CPU VA 000001E85E2B0000
D3DKMTUnlock2 [gpu-readback]       0x00000000  STATUS_SUCCESS
D3DKMTLock2 [gpu-ib]               0x00000000  STATUS_SUCCESS
    locked at CPU VA 000001E85E2A0000
D3DKMTUnlock2 [gpu-ib]             0x00000000  STATUS_SUCCESS
Submit GPU readback                0x00000000  STATUS_SUCCESS
    asking the context to signal the monitored fence to 248
D3DKMTSignalSynchronizationObjectFromGpu 0x00000000  STATUS_SUCCESS
D3DKMTWaitForSynchronizationObjectFromCpu 0x00000000  STATUS_SUCCESS
    the monitored fence reached 248 after 0 ms
D3DKMTLock2 [gpu-readback]         0x00000000  STATUS_SUCCESS
    locked at CPU VA 000001E85E2B0000
D3DKMTUnlock2 [gpu-readback]       0x00000000  STATUS_SUCCESS
D3DKMTLock2 [gpu-readback]         0x00000000  STATUS_SUCCESS
    locked at CPU VA 000001E85E2B0000
D3DKMTUnlock2 [gpu-readback]       0x00000000  STATUS_SUCCESS
D3DKMTLock2 [gpu-ib]               0x00000000  STATUS_SUCCESS
    locked at CPU VA 000001E85E2A0000
D3DKMTUnlock2 [gpu-ib]             0x00000000  STATUS_SUCCESS
Submit GPU readback                0x00000000  STATUS_SUCCESS
    asking the context to signal the monitored fence to 249
D3DKMTSignalSynchronizationObjectFromGpu 0x00000000  STATUS_SUCCESS
D3DKMTWaitForSynchronizationObjectFromCpu 0x00000000  STATUS_SUCCESS
    the monitored fence reached 249 after 0 ms
D3DKMTLock2 [gpu-readback]         0x00000000  STATUS_SUCCESS
    locked at CPU VA 000001E85E2B0000
D3DKMTUnlock2 [gpu-readback]       0x00000000  STATUS_SUCCESS
D3DKMTLock2 [gpu-readback]         0x00000000  STATUS_SUCCESS
    locked at CPU VA 000001E85E2B0000
D3DKMTUnlock2 [gpu-readback]       0x00000000  STATUS_SUCCESS
D3DKMTLock2 [gpu-ib]               0x00000000  STATUS_SUCCESS
    locked at CPU VA 000001E85E2A0000
D3DKMTUnlock2 [gpu-ib]             0x00000000  STATUS_SUCCESS
Submit GPU readback                0x00000000  STATUS_SUCCESS
    asking the context to signal the monitored fence to 250
D3DKMTSignalSynchronizationObjectFromGpu 0x00000000  STATUS_SUCCESS
D3DKMTWaitForSynchronizationObjectFromCpu 0x00000000  STATUS_SUCCESS
    the monitored fence reached 250 after 0 ms
D3DKMTLock2 [gpu-readback]         0x00000000  STATUS_SUCCESS
    locked at CPU VA 000001E85E2B0000
D3DKMTUnlock2 [gpu-readback]       0x00000000  STATUS_SUCCESS
D3DKMTLock2 [gpu-readback]         0x00000000  STATUS_SUCCESS
    locked at CPU VA 000001E85E2B0000
D3DKMTUnlock2 [gpu-readback]       0x00000000  STATUS_SUCCESS
D3DKMTLock2 [gpu-ib]               0x00000000  STATUS_SUCCESS
    locked at CPU VA 000001E85E2A0000
D3DKMTUnlock2 [gpu-ib]             0x00000000  STATUS_SUCCESS
Submit GPU readback                0x00000000  STATUS_SUCCESS
    asking the context to signal the monitored fence to 251
D3DKMTSignalSynchronizationObjectFromGpu 0x00000000  STATUS_SUCCESS
D3DKMTWaitForSynchronizationObjectFromCpu 0x00000000  STATUS_SUCCESS
    the monitored fence reached 251 after 0 ms
D3DKMTLock2 [gpu-readback]         0x00000000  STATUS_SUCCESS
    locked at CPU VA 000001E85E2B0000
D3DKMTUnlock2 [gpu-readback]       0x00000000  STATUS_SUCCESS
D3DKMTLock2 [gpu-readback]         0x00000000  STATUS_SUCCESS
    locked at CPU VA 000001E85E2B0000
D3DKMTUnlock2 [gpu-readback]       0x00000000  STATUS_SUCCESS
D3DKMTLock2 [gpu-ib]               0x00000000  STATUS_SUCCESS
    locked at CPU VA 000001E85E2A0000
D3DKMTUnlock2 [gpu-ib]             0x00000000  STATUS_SUCCESS
Submit GPU readback                0x00000000  STATUS_SUCCESS
    asking the context to signal the monitored fence to 252
D3DKMTSignalSynchronizationObjectFromGpu 0x00000000  STATUS_SUCCESS
D3DKMTWaitForSynchronizationObjectFromCpu 0x00000000  STATUS_SUCCESS
    the monitored fence reached 252 after 0 ms
D3DKMTLock2 [gpu-readback]         0x00000000  STATUS_SUCCESS
    locked at CPU VA 000001E85E2B0000
D3DKMTUnlock2 [gpu-readback]       0x00000000  STATUS_SUCCESS
D3DKMTLock2 [gpu-readback]         0x00000000  STATUS_SUCCESS
    locked at CPU VA 000001E85E2B0000
D3DKMTUnlock2 [gpu-readback]       0x00000000  STATUS_SUCCESS
D3DKMTLock2 [gpu-ib]               0x00000000  STATUS_SUCCESS
    locked at CPU VA 000001E85E2A0000
D3DKMTUnlock2 [gpu-ib]             0x00000000  STATUS_SUCCESS
Submit GPU readback                0x00000000  STATUS_SUCCESS
    asking the context to signal the monitored fence to 253
D3DKMTSignalSynchronizationObjectFromGpu 0x00000000  STATUS_SUCCESS
D3DKMTWaitForSynchronizationObjectFromCpu 0x00000000  STATUS_SUCCESS
    the monitored fence reached 253 after 0 ms
D3DKMTLock2 [gpu-readback]         0x00000000  STATUS_SUCCESS
    locked at CPU VA 000001E85E2B0000
D3DKMTUnlock2 [gpu-readback]       0x00000000  STATUS_SUCCESS
D3DKMTLock2 [gpu-readback]         0x00000000  STATUS_SUCCESS
    locked at CPU VA 000001E85E2B0000
D3DKMTUnlock2 [gpu-readback]       0x00000000  STATUS_SUCCESS
D3DKMTLock2 [gpu-ib]               0x00000000  STATUS_SUCCESS
    locked at CPU VA 000001E85E2A0000
D3DKMTUnlock2 [gpu-ib]             0x00000000  STATUS_SUCCESS
Submit GPU readback                0x00000000  STATUS_SUCCESS
    asking the context to signal the monitored fence to 254
D3DKMTSignalSynchronizationObjectFromGpu 0x00000000  STATUS_SUCCESS
D3DKMTWaitForSynchronizationObjectFromCpu 0x00000000  STATUS_SUCCESS
    the monitored fence reached 254 after 0 ms
D3DKMTLock2 [gpu-readback]         0x00000000  STATUS_SUCCESS
    locked at CPU VA 000001E85E2B0000
D3DKMTUnlock2 [gpu-readback]       0x00000000  STATUS_SUCCESS
D3DKMTLock2 [gpu-readback]         0x00000000  STATUS_SUCCESS
    locked at CPU VA 000001E85E2B0000
D3DKMTUnlock2 [gpu-readback]       0x00000000  STATUS_SUCCESS
D3DKMTLock2 [gpu-ib]               0x00000000  STATUS_SUCCESS
    locked at CPU VA 000001E85E2A0000
D3DKMTUnlock2 [gpu-ib]             0x00000000  STATUS_SUCCESS
Submit GPU readback                0x00000000  STATUS_SUCCESS
    asking the context to signal the monitored fence to 255
D3DKMTSignalSynchronizationObjectFromGpu 0x00000000  STATUS_SUCCESS
D3DKMTWaitForSynchronizationObjectFromCpu 0x00000000  STATUS_SUCCESS
    the monitored fence reached 255 after 0 ms
D3DKMTLock2 [gpu-readback]         0x00000000  STATUS_SUCCESS
    locked at CPU VA 000001E85E2B0000
D3DKMTUnlock2 [gpu-readback]       0x00000000  STATUS_SUCCESS
D3DKMTLock2 [gpu-readback]         0x00000000  STATUS_SUCCESS
    locked at CPU VA 000001E85E2B0000
D3DKMTUnlock2 [gpu-readback]       0x00000000  STATUS_SUCCESS
D3DKMTLock2 [gpu-ib]               0x00000000  STATUS_SUCCESS
    locked at CPU VA 000001E85E2A0000
D3DKMTUnlock2 [gpu-ib]             0x00000000  STATUS_SUCCESS
Submit GPU readback                0x00000000  STATUS_SUCCESS
    asking the context to signal the monitored fence to 256
D3DKMTSignalSynchronizationObjectFromGpu 0x00000000  STATUS_SUCCESS
D3DKMTWaitForSynchronizationObjectFromCpu 0x00000000  STATUS_SUCCESS
    the monitored fence reached 256 after 0 ms
D3DKMTLock2 [gpu-readback]         0x00000000  STATUS_SUCCESS
    locked at CPU VA 000001E85E2B0000
D3DKMTUnlock2 [gpu-readback]       0x00000000  STATUS_SUCCESS
D3DKMTLock2 [gpu-readback]         0x00000000  STATUS_SUCCESS
    locked at CPU VA 000001E85E2B0000
D3DKMTUnlock2 [gpu-readback]       0x00000000  STATUS_SUCCESS
D3DKMTLock2 [gpu-ib]               0x00000000  STATUS_SUCCESS
    locked at CPU VA 000001E85E2A0000
D3DKMTUnlock2 [gpu-ib]             0x00000000  STATUS_SUCCESS
Submit GPU readback                0x00000000  STATUS_SUCCESS
    asking the context to signal the monitored fence to 257
D3DKMTSignalSynchronizationObjectFromGpu 0x00000000  STATUS_SUCCESS
D3DKMTWaitForSynchronizationObjectFromCpu 0x00000000  STATUS_SUCCESS
    the monitored fence reached 257 after 0 ms
D3DKMTLock2 [gpu-readback]         0x00000000  STATUS_SUCCESS
    locked at CPU VA 000001E85E2B0000
D3DKMTUnlock2 [gpu-readback]       0x00000000  STATUS_SUCCESS
D3DKMTLock2 [gpu-readback]         0x00000000  STATUS_SUCCESS
    locked at CPU VA 000001E85E2B0000
D3DKMTUnlock2 [gpu-readback]       0x00000000  STATUS_SUCCESS
D3DKMTLock2 [gpu-ib]               0x00000000  STATUS_SUCCESS
    locked at CPU VA 000001E85E2A0000
D3DKMTUnlock2 [gpu-ib]             0x00000000  STATUS_SUCCESS
Submit GPU readback                0x00000000  STATUS_SUCCESS
    asking the context to signal the monitored fence to 258
D3DKMTSignalSynchronizationObjectFromGpu 0x00000000  STATUS_SUCCESS
D3DKMTWaitForSynchronizationObjectFromCpu 0x00000000  STATUS_SUCCESS
    the monitored fence reached 258 after 0 ms
D3DKMTLock2 [gpu-readback]         0x00000000  STATUS_SUCCESS
    locked at CPU VA 000001E85E2B0000
D3DKMTUnlock2 [gpu-readback]       0x00000000  STATUS_SUCCESS
D3DKMTLock2 [gpu-readback]         0x00000000  STATUS_SUCCESS
    locked at CPU VA 000001E85E2B0000
D3DKMTUnlock2 [gpu-readback]       0x00000000  STATUS_SUCCESS
D3DKMTLock2 [gpu-ib]               0x00000000  STATUS_SUCCESS
    locked at CPU VA 000001E85E2A0000
D3DKMTUnlock2 [gpu-ib]             0x00000000  STATUS_SUCCESS
Submit GPU readback                0x00000000  STATUS_SUCCESS
    asking the context to signal the monitored fence to 259
D3DKMTSignalSynchronizationObjectFromGpu 0x00000000  STATUS_SUCCESS
D3DKMTWaitForSynchronizationObjectFromCpu 0x00000000  STATUS_SUCCESS
    the monitored fence reached 259 after 0 ms
D3DKMTLock2 [gpu-readback]         0x00000000  STATUS_SUCCESS
    locked at CPU VA 000001E85E2B0000
D3DKMTUnlock2 [gpu-readback]       0x00000000  STATUS_SUCCESS
D3DKMTLock2 [gpu-readback]         0x00000000  STATUS_SUCCESS
    locked at CPU VA 000001E85E2B0000
D3DKMTUnlock2 [gpu-readback]       0x00000000  STATUS_SUCCESS
D3DKMTLock2 [gpu-ib]               0x00000000  STATUS_SUCCESS
    locked at CPU VA 000001E85E2A0000
D3DKMTUnlock2 [gpu-ib]             0x00000000  STATUS_SUCCESS
Submit GPU readback                0x00000000  STATUS_SUCCESS
    asking the context to signal the monitored fence to 260
D3DKMTSignalSynchronizationObjectFromGpu 0x00000000  STATUS_SUCCESS
D3DKMTWaitForSynchronizationObjectFromCpu 0x00000000  STATUS_SUCCESS
    the monitored fence reached 260 after 0 ms
D3DKMTLock2 [gpu-readback]         0x00000000  STATUS_SUCCESS
    locked at CPU VA 000001E85E2B0000
D3DKMTUnlock2 [gpu-readback]       0x00000000  STATUS_SUCCESS
D3DKMTLock2 [gpu-readback]         0x00000000  STATUS_SUCCESS
    locked at CPU VA 000001E85E2B0000
D3DKMTUnlock2 [gpu-readback]       0x00000000  STATUS_SUCCESS
D3DKMTLock2 [gpu-ib]               0x00000000  STATUS_SUCCESS
    locked at CPU VA 000001E85E2A0000
D3DKMTUnlock2 [gpu-ib]             0x00000000  STATUS_SUCCESS
Submit GPU readback                0x00000000  STATUS_SUCCESS
    asking the context to signal the monitored fence to 261
D3DKMTSignalSynchronizationObjectFromGpu 0x00000000  STATUS_SUCCESS
D3DKMTWaitForSynchronizationObjectFromCpu 0x00000000  STATUS_SUCCESS
    the monitored fence reached 261 after 0 ms
D3DKMTLock2 [gpu-readback]         0x00000000  STATUS_SUCCESS
    locked at CPU VA 000001E85E2B0000
D3DKMTUnlock2 [gpu-readback]       0x00000000  STATUS_SUCCESS
D3DKMTLock2 [gpu-readback]         0x00000000  STATUS_SUCCESS
    locked at CPU VA 000001E85E2B0000
D3DKMTUnlock2 [gpu-readback]       0x00000000  STATUS_SUCCESS
D3DKMTLock2 [gpu-ib]               0x00000000  STATUS_SUCCESS
    locked at CPU VA 000001E85E2A0000
D3DKMTUnlock2 [gpu-ib]             0x00000000  STATUS_SUCCESS
Submit GPU readback                0x00000000  STATUS_SUCCESS
    asking the context to signal the monitored fence to 262
D3DKMTSignalSynchronizationObjectFromGpu 0x00000000  STATUS_SUCCESS
D3DKMTWaitForSynchronizationObjectFromCpu 0x00000000  STATUS_SUCCESS
    the monitored fence reached 262 after 0 ms
D3DKMTLock2 [gpu-readback]         0x00000000  STATUS_SUCCESS
    locked at CPU VA 000001E85E2B0000
D3DKMTUnlock2 [gpu-readback]       0x00000000  STATUS_SUCCESS
D3DKMTLock2 [gpu-readback]         0x00000000  STATUS_SUCCESS
    locked at CPU VA 000001E85E2B0000
D3DKMTUnlock2 [gpu-readback]       0x00000000  STATUS_SUCCESS
D3DKMTLock2 [gpu-ib]               0x00000000  STATUS_SUCCESS
    locked at CPU VA 000001E85E2A0000
D3DKMTUnlock2 [gpu-ib]             0x00000000  STATUS_SUCCESS
Submit GPU readback                0x00000000  STATUS_SUCCESS
    asking the context to signal the monitored fence to 263
D3DKMTSignalSynchronizationObjectFromGpu 0x00000000  STATUS_SUCCESS
D3DKMTWaitForSynchronizationObjectFromCpu 0x00000000  STATUS_SUCCESS
    the monitored fence reached 263 after 0 ms
D3DKMTLock2 [gpu-readback]         0x00000000  STATUS_SUCCESS
    locked at CPU VA 000001E85E2B0000
D3DKMTUnlock2 [gpu-readback]       0x00000000  STATUS_SUCCESS
D3DKMTLock2 [gpu-readback]         0x00000000  STATUS_SUCCESS
    locked at CPU VA 000001E85E2B0000
D3DKMTUnlock2 [gpu-readback]       0x00000000  STATUS_SUCCESS
D3DKMTLock2 [gpu-ib]               0x00000000  STATUS_SUCCESS
    locked at CPU VA 000001E85E2A0000
D3DKMTUnlock2 [gpu-ib]             0x00000000  STATUS_SUCCESS
Submit GPU readback                0x00000000  STATUS_SUCCESS
    asking the context to signal the monitored fence to 264
D3DKMTSignalSynchronizationObjectFromGpu 0x00000000  STATUS_SUCCESS
D3DKMTWaitForSynchronizationObjectFromCpu 0x00000000  STATUS_SUCCESS
    the monitored fence reached 264 after 0 ms
D3DKMTLock2 [gpu-readback]         0x00000000  STATUS_SUCCESS
    locked at CPU VA 000001E85E2B0000
D3DKMTUnlock2 [gpu-readback]       0x00000000  STATUS_SUCCESS
D3DKMTLock2 [gpu-readback]         0x00000000  STATUS_SUCCESS
    locked at CPU VA 000001E85E2B0000
D3DKMTUnlock2 [gpu-readback]       0x00000000  STATUS_SUCCESS
D3DKMTLock2 [gpu-ib]               0x00000000  STATUS_SUCCESS
    locked at CPU VA 000001E85E2A0000
D3DKMTUnlock2 [gpu-ib]             0x00000000  STATUS_SUCCESS
Submit GPU readback                0x00000000  STATUS_SUCCESS
    asking the context to signal the monitored fence to 265
D3DKMTSignalSynchronizationObjectFromGpu 0x00000000  STATUS_SUCCESS
D3DKMTWaitForSynchronizationObjectFromCpu 0x00000000  STATUS_SUCCESS
    the monitored fence reached 265 after 0 ms
D3DKMTLock2 [gpu-readback]         0x00000000  STATUS_SUCCESS
    locked at CPU VA 000001E85E2B0000
D3DKMTUnlock2 [gpu-readback]       0x00000000  STATUS_SUCCESS
D3DKMTLock2 [gpu-readback]         0x00000000  STATUS_SUCCESS
    locked at CPU VA 000001E85E2B0000
D3DKMTUnlock2 [gpu-readback]       0x00000000  STATUS_SUCCESS
D3DKMTLock2 [gpu-ib]               0x00000000  STATUS_SUCCESS
    locked at CPU VA 000001E85E2A0000
D3DKMTUnlock2 [gpu-ib]             0x00000000  STATUS_SUCCESS
Submit GPU readback                0x00000000  STATUS_SUCCESS
    asking the context to signal the monitored fence to 266
D3DKMTSignalSynchronizationObjectFromGpu 0x00000000  STATUS_SUCCESS
D3DKMTWaitForSynchronizationObjectFromCpu 0x00000000  STATUS_SUCCESS
    the monitored fence reached 266 after 0 ms
D3DKMTLock2 [gpu-readback]         0x00000000  STATUS_SUCCESS
    locked at CPU VA 000001E85E2B0000
D3DKMTUnlock2 [gpu-readback]       0x00000000  STATUS_SUCCESS
D3DKMTLock2 [gpu-readback]         0x00000000  STATUS_SUCCESS
    locked at CPU VA 000001E85E2B0000
D3DKMTUnlock2 [gpu-readback]       0x00000000  STATUS_SUCCESS
D3DKMTLock2 [gpu-ib]               0x00000000  STATUS_SUCCESS
    locked at CPU VA 000001E85E2A0000
D3DKMTUnlock2 [gpu-ib]             0x00000000  STATUS_SUCCESS
Submit GPU readback                0x00000000  STATUS_SUCCESS
    asking the context to signal the monitored fence to 267
D3DKMTSignalSynchronizationObjectFromGpu 0x00000000  STATUS_SUCCESS
D3DKMTWaitForSynchronizationObjectFromCpu 0x00000000  STATUS_SUCCESS
    the monitored fence reached 267 after 0 ms
D3DKMTLock2 [gpu-readback]         0x00000000  STATUS_SUCCESS
    locked at CPU VA 000001E85E2B0000
D3DKMTUnlock2 [gpu-readback]       0x00000000  STATUS_SUCCESS
D3DKMTLock2 [gpu-readback]         0x00000000  STATUS_SUCCESS
    locked at CPU VA 000001E85E2B0000
D3DKMTUnlock2 [gpu-readback]       0x00000000  STATUS_SUCCESS
D3DKMTLock2 [gpu-ib]               0x00000000  STATUS_SUCCESS
    locked at CPU VA 000001E85E2A0000
D3DKMTUnlock2 [gpu-ib]             0x00000000  STATUS_SUCCESS
Submit GPU readback                0x00000000  STATUS_SUCCESS
    asking the context to signal the monitored fence to 268
D3DKMTSignalSynchronizationObjectFromGpu 0x00000000  STATUS_SUCCESS
D3DKMTWaitForSynchronizationObjectFromCpu 0x00000000  STATUS_SUCCESS
    the monitored fence reached 268 after 0 ms
D3DKMTLock2 [gpu-readback]         0x00000000  STATUS_SUCCESS
    locked at CPU VA 000001E85E2B0000
D3DKMTUnlock2 [gpu-readback]       0x00000000  STATUS_SUCCESS
D3DKMTLock2 [gpu-readback]         0x00000000  STATUS_SUCCESS
    locked at CPU VA 000001E85E2B0000
D3DKMTUnlock2 [gpu-readback]       0x00000000  STATUS_SUCCESS
D3DKMTLock2 [gpu-ib]               0x00000000  STATUS_SUCCESS
    locked at CPU VA 000001E85E2A0000
D3DKMTUnlock2 [gpu-ib]             0x00000000  STATUS_SUCCESS
Submit GPU readback                0x00000000  STATUS_SUCCESS
    asking the context to signal the monitored fence to 269
D3DKMTSignalSynchronizationObjectFromGpu 0x00000000  STATUS_SUCCESS
D3DKMTWaitForSynchronizationObjectFromCpu 0x00000000  STATUS_SUCCESS
    the monitored fence reached 269 after 0 ms
D3DKMTLock2 [gpu-readback]         0x00000000  STATUS_SUCCESS
    locked at CPU VA 000001E85E2B0000
D3DKMTUnlock2 [gpu-readback]       0x00000000  STATUS_SUCCESS
D3DKMTLock2 [gpu-readback]         0x00000000  STATUS_SUCCESS
    locked at CPU VA 000001E85E2B0000
D3DKMTUnlock2 [gpu-readback]       0x00000000  STATUS_SUCCESS
D3DKMTLock2 [gpu-ib]               0x00000000  STATUS_SUCCESS
    locked at CPU VA 000001E85E2A0000
D3DKMTUnlock2 [gpu-ib]             0x00000000  STATUS_SUCCESS
Submit GPU readback                0x00000000  STATUS_SUCCESS
    asking the context to signal the monitored fence to 270
D3DKMTSignalSynchronizationObjectFromGpu 0x00000000  STATUS_SUCCESS
D3DKMTWaitForSynchronizationObjectFromCpu 0x00000000  STATUS_SUCCESS
    the monitored fence reached 270 after 0 ms
D3DKMTLock2 [gpu-readback]         0x00000000  STATUS_SUCCESS
    locked at CPU VA 000001E85E2B0000
D3DKMTUnlock2 [gpu-readback]       0x00000000  STATUS_SUCCESS
D3DKMTLock2 [gpu-readback]         0x00000000  STATUS_SUCCESS
    locked at CPU VA 000001E85E2B0000
D3DKMTUnlock2 [gpu-readback]       0x00000000  STATUS_SUCCESS
D3DKMTLock2 [gpu-ib]               0x00000000  STATUS_SUCCESS
    locked at CPU VA 000001E85E2A0000
D3DKMTUnlock2 [gpu-ib]             0x00000000  STATUS_SUCCESS
Submit GPU readback                0x00000000  STATUS_SUCCESS
    asking the context to signal the monitored fence to 271
D3DKMTSignalSynchronizationObjectFromGpu 0x00000000  STATUS_SUCCESS
D3DKMTWaitForSynchronizationObjectFromCpu 0x00000000  STATUS_SUCCESS
    the monitored fence reached 271 after 0 ms
D3DKMTLock2 [gpu-readback]         0x00000000  STATUS_SUCCESS
    locked at CPU VA 000001E85E2B0000
D3DKMTUnlock2 [gpu-readback]       0x00000000  STATUS_SUCCESS
D3DKMTLock2 [gpu-readback]         0x00000000  STATUS_SUCCESS
    locked at CPU VA 000001E85E2B0000
D3DKMTUnlock2 [gpu-readback]       0x00000000  STATUS_SUCCESS
D3DKMTLock2 [gpu-ib]               0x00000000  STATUS_SUCCESS
    locked at CPU VA 000001E85E2A0000
D3DKMTUnlock2 [gpu-ib]             0x00000000  STATUS_SUCCESS
Submit GPU readback                0x00000000  STATUS_SUCCESS
    asking the context to signal the monitored fence to 272
D3DKMTSignalSynchronizationObjectFromGpu 0x00000000  STATUS_SUCCESS
D3DKMTWaitForSynchronizationObjectFromCpu 0x00000000  STATUS_SUCCESS
    the monitored fence reached 272 after 0 ms
D3DKMTLock2 [gpu-readback]         0x00000000  STATUS_SUCCESS
    locked at CPU VA 000001E85E2B0000
D3DKMTUnlock2 [gpu-readback]       0x00000000  STATUS_SUCCESS
D3DKMTLock2 [gpu-readback]         0x00000000  STATUS_SUCCESS
    locked at CPU VA 000001E85E2B0000
D3DKMTUnlock2 [gpu-readback]       0x00000000  STATUS_SUCCESS
D3DKMTLock2 [gpu-ib]               0x00000000  STATUS_SUCCESS
    locked at CPU VA 000001E85E2A0000
D3DKMTUnlock2 [gpu-ib]             0x00000000  STATUS_SUCCESS
Submit GPU readback                0x00000000  STATUS_SUCCESS
    asking the context to signal the monitored fence to 273
D3DKMTSignalSynchronizationObjectFromGpu 0x00000000  STATUS_SUCCESS
D3DKMTWaitForSynchronizationObjectFromCpu 0x00000000  STATUS_SUCCESS
    the monitored fence reached 273 after 0 ms
D3DKMTLock2 [gpu-readback]         0x00000000  STATUS_SUCCESS
    locked at CPU VA 000001E85E2B0000
D3DKMTUnlock2 [gpu-readback]       0x00000000  STATUS_SUCCESS
D3DKMTLock2 [gpu-readback]         0x00000000  STATUS_SUCCESS
    locked at CPU VA 000001E85E2B0000
D3DKMTUnlock2 [gpu-readback]       0x00000000  STATUS_SUCCESS
D3DKMTLock2 [gpu-ib]               0x00000000  STATUS_SUCCESS
    locked at CPU VA 000001E85E2A0000
D3DKMTUnlock2 [gpu-ib]             0x00000000  STATUS_SUCCESS
Submit GPU readback                0x00000000  STATUS_SUCCESS
    asking the context to signal the monitored fence to 274
D3DKMTSignalSynchronizationObjectFromGpu 0x00000000  STATUS_SUCCESS
D3DKMTWaitForSynchronizationObjectFromCpu 0x00000000  STATUS_SUCCESS
    the monitored fence reached 274 after 0 ms
D3DKMTLock2 [gpu-readback]         0x00000000  STATUS_SUCCESS
    locked at CPU VA 000001E85E2B0000
D3DKMTUnlock2 [gpu-readback]       0x00000000  STATUS_SUCCESS
D3DKMTLock2 [gpu-readback]         0x00000000  STATUS_SUCCESS
    locked at CPU VA 000001E85E2B0000
D3DKMTUnlock2 [gpu-readback]       0x00000000  STATUS_SUCCESS
D3DKMTLock2 [gpu-ib]               0x00000000  STATUS_SUCCESS
    locked at CPU VA 000001E85E2A0000
D3DKMTUnlock2 [gpu-ib]             0x00000000  STATUS_SUCCESS
Submit GPU readback                0x00000000  STATUS_SUCCESS
    asking the context to signal the monitored fence to 275
D3DKMTSignalSynchronizationObjectFromGpu 0x00000000  STATUS_SUCCESS
D3DKMTWaitForSynchronizationObjectFromCpu 0x00000000  STATUS_SUCCESS
    the monitored fence reached 275 after 0 ms
D3DKMTLock2 [gpu-readback]         0x00000000  STATUS_SUCCESS
    locked at CPU VA 000001E85E2B0000
D3DKMTUnlock2 [gpu-readback]       0x00000000  STATUS_SUCCESS
D3DKMTLock2 [gpu-readback]         0x00000000  STATUS_SUCCESS
    locked at CPU VA 000001E85E2B0000
D3DKMTUnlock2 [gpu-readback]       0x00000000  STATUS_SUCCESS
D3DKMTLock2 [gpu-ib]               0x00000000  STATUS_SUCCESS
    locked at CPU VA 000001E85E2A0000
D3DKMTUnlock2 [gpu-ib]             0x00000000  STATUS_SUCCESS
Submit GPU readback                0x00000000  STATUS_SUCCESS
    asking the context to signal the monitored fence to 276
D3DKMTSignalSynchronizationObjectFromGpu 0x00000000  STATUS_SUCCESS
D3DKMTWaitForSynchronizationObjectFromCpu 0x00000000  STATUS_SUCCESS
    the monitored fence reached 276 after 0 ms
D3DKMTLock2 [gpu-readback]         0x00000000  STATUS_SUCCESS
    locked at CPU VA 000001E85E2B0000
D3DKMTUnlock2 [gpu-readback]       0x00000000  STATUS_SUCCESS
D3DKMTLock2 [gpu-readback]         0x00000000  STATUS_SUCCESS
    locked at CPU VA 000001E85E2B0000
D3DKMTUnlock2 [gpu-readback]       0x00000000  STATUS_SUCCESS
D3DKMTLock2 [gpu-ib]               0x00000000  STATUS_SUCCESS
    locked at CPU VA 000001E85E2A0000
D3DKMTUnlock2 [gpu-ib]             0x00000000  STATUS_SUCCESS
Submit GPU readback                0x00000000  STATUS_SUCCESS
    asking the context to signal the monitored fence to 277
D3DKMTSignalSynchronizationObjectFromGpu 0x00000000  STATUS_SUCCESS
D3DKMTWaitForSynchronizationObjectFromCpu 0x00000000  STATUS_SUCCESS
    the monitored fence reached 277 after 0 ms
D3DKMTLock2 [gpu-readback]         0x00000000  STATUS_SUCCESS
    locked at CPU VA 000001E85E2B0000
D3DKMTUnlock2 [gpu-readback]       0x00000000  STATUS_SUCCESS
D3DKMTLock2 [gpu-readback]         0x00000000  STATUS_SUCCESS
    locked at CPU VA 000001E85E2B0000
D3DKMTUnlock2 [gpu-readback]       0x00000000  STATUS_SUCCESS
D3DKMTLock2 [gpu-ib]               0x00000000  STATUS_SUCCESS
    locked at CPU VA 000001E85E2A0000
D3DKMTUnlock2 [gpu-ib]             0x00000000  STATUS_SUCCESS
Submit GPU readback                0x00000000  STATUS_SUCCESS
    asking the context to signal the monitored fence to 278
D3DKMTSignalSynchronizationObjectFromGpu 0x00000000  STATUS_SUCCESS
D3DKMTWaitForSynchronizationObjectFromCpu 0x00000000  STATUS_SUCCESS
    the monitored fence reached 278 after 0 ms
D3DKMTLock2 [gpu-readback]         0x00000000  STATUS_SUCCESS
    locked at CPU VA 000001E85E2B0000
D3DKMTUnlock2 [gpu-readback]       0x00000000  STATUS_SUCCESS
D3DKMTLock2 [gpu-readback]         0x00000000  STATUS_SUCCESS
    locked at CPU VA 000001E85E2B0000
D3DKMTUnlock2 [gpu-readback]       0x00000000  STATUS_SUCCESS
D3DKMTLock2 [gpu-ib]               0x00000000  STATUS_SUCCESS
    locked at CPU VA 000001E85E2A0000
D3DKMTUnlock2 [gpu-ib]             0x00000000  STATUS_SUCCESS
Submit GPU readback                0x00000000  STATUS_SUCCESS
    asking the context to signal the monitored fence to 279
D3DKMTSignalSynchronizationObjectFromGpu 0x00000000  STATUS_SUCCESS
D3DKMTWaitForSynchronizationObjectFromCpu 0x00000000  STATUS_SUCCESS
    the monitored fence reached 279 after 0 ms
D3DKMTLock2 [gpu-readback]         0x00000000  STATUS_SUCCESS
    locked at CPU VA 000001E85E2B0000
D3DKMTUnlock2 [gpu-readback]       0x00000000  STATUS_SUCCESS
D3DKMTLock2 [gpu-readback]         0x00000000  STATUS_SUCCESS
    locked at CPU VA 000001E85E2B0000
D3DKMTUnlock2 [gpu-readback]       0x00000000  STATUS_SUCCESS
D3DKMTLock2 [gpu-ib]               0x00000000  STATUS_SUCCESS
    locked at CPU VA 000001E85E2A0000
D3DKMTUnlock2 [gpu-ib]             0x00000000  STATUS_SUCCESS
Submit GPU readback                0x00000000  STATUS_SUCCESS
    asking the context to signal the monitored fence to 280
D3DKMTSignalSynchronizationObjectFromGpu 0x00000000  STATUS_SUCCESS
D3DKMTWaitForSynchronizationObjectFromCpu 0x00000000  STATUS_SUCCESS
    the monitored fence reached 280 after 0 ms
D3DKMTLock2 [gpu-readback]         0x00000000  STATUS_SUCCESS
    locked at CPU VA 000001E85E2B0000
D3DKMTUnlock2 [gpu-readback]       0x00000000  STATUS_SUCCESS
D3DKMTLock2 [gpu-readback]         0x00000000  STATUS_SUCCESS
    locked at CPU VA 000001E85E2B0000
D3DKMTUnlock2 [gpu-readback]       0x00000000  STATUS_SUCCESS
D3DKMTLock2 [gpu-ib]               0x00000000  STATUS_SUCCESS
    locked at CPU VA 000001E85E2A0000
D3DKMTUnlock2 [gpu-ib]             0x00000000  STATUS_SUCCESS
Submit GPU readback                0x00000000  STATUS_SUCCESS
    asking the context to signal the monitored fence to 281
D3DKMTSignalSynchronizationObjectFromGpu 0x00000000  STATUS_SUCCESS
D3DKMTWaitForSynchronizationObjectFromCpu 0x00000000  STATUS_SUCCESS
    the monitored fence reached 281 after 0 ms
D3DKMTLock2 [gpu-readback]         0x00000000  STATUS_SUCCESS
    locked at CPU VA 000001E85E2B0000
D3DKMTUnlock2 [gpu-readback]       0x00000000  STATUS_SUCCESS
D3DKMTLock2 [gpu-readback]         0x00000000  STATUS_SUCCESS
    locked at CPU VA 000001E85E2B0000
D3DKMTUnlock2 [gpu-readback]       0x00000000  STATUS_SUCCESS
D3DKMTLock2 [gpu-ib]               0x00000000  STATUS_SUCCESS
    locked at CPU VA 000001E85E2A0000
D3DKMTUnlock2 [gpu-ib]             0x00000000  STATUS_SUCCESS
Submit GPU readback                0x00000000  STATUS_SUCCESS
    asking the context to signal the monitored fence to 282
D3DKMTSignalSynchronizationObjectFromGpu 0x00000000  STATUS_SUCCESS
D3DKMTWaitForSynchronizationObjectFromCpu 0x00000000  STATUS_SUCCESS
    the monitored fence reached 282 after 0 ms
D3DKMTLock2 [gpu-readback]         0x00000000  STATUS_SUCCESS
    locked at CPU VA 000001E85E2B0000
D3DKMTUnlock2 [gpu-readback]       0x00000000  STATUS_SUCCESS
D3DKMTLock2 [gpu-readback]         0x00000000  STATUS_SUCCESS
    locked at CPU VA 000001E85E2B0000
D3DKMTUnlock2 [gpu-readback]       0x00000000  STATUS_SUCCESS
D3DKMTLock2 [gpu-ib]               0x00000000  STATUS_SUCCESS
    locked at CPU VA 000001E85E2A0000
D3DKMTUnlock2 [gpu-ib]             0x00000000  STATUS_SUCCESS
Submit GPU readback                0x00000000  STATUS_SUCCESS
    asking the context to signal the monitored fence to 283
D3DKMTSignalSynchronizationObjectFromGpu 0x00000000  STATUS_SUCCESS
D3DKMTWaitForSynchronizationObjectFromCpu 0x00000000  STATUS_SUCCESS
    the monitored fence reached 283 after 0 ms
D3DKMTLock2 [gpu-readback]         0x00000000  STATUS_SUCCESS
    locked at CPU VA 000001E85E2B0000
D3DKMTUnlock2 [gpu-readback]       0x00000000  STATUS_SUCCESS
D3DKMTLock2 [gpu-readback]         0x00000000  STATUS_SUCCESS
    locked at CPU VA 000001E85E2B0000
D3DKMTUnlock2 [gpu-readback]       0x00000000  STATUS_SUCCESS
D3DKMTLock2 [gpu-ib]               0x00000000  STATUS_SUCCESS
    locked at CPU VA 000001E85E2A0000
D3DKMTUnlock2 [gpu-ib]             0x00000000  STATUS_SUCCESS
Submit GPU readback                0x00000000  STATUS_SUCCESS
    asking the context to signal the monitored fence to 284
D3DKMTSignalSynchronizationObjectFromGpu 0x00000000  STATUS_SUCCESS
D3DKMTWaitForSynchronizationObjectFromCpu 0x00000000  STATUS_SUCCESS
    the monitored fence reached 284 after 0 ms
D3DKMTLock2 [gpu-readback]         0x00000000  STATUS_SUCCESS
    locked at CPU VA 000001E85E2B0000
D3DKMTUnlock2 [gpu-readback]       0x00000000  STATUS_SUCCESS
D3DKMTLock2 [gpu-readback]         0x00000000  STATUS_SUCCESS
    locked at CPU VA 000001E85E2B0000
D3DKMTUnlock2 [gpu-readback]       0x00000000  STATUS_SUCCESS
D3DKMTLock2 [gpu-ib]               0x00000000  STATUS_SUCCESS
    locked at CPU VA 000001E85E2A0000
D3DKMTUnlock2 [gpu-ib]             0x00000000  STATUS_SUCCESS
Submit GPU readback                0x00000000  STATUS_SUCCESS
    asking the context to signal the monitored fence to 285
D3DKMTSignalSynchronizationObjectFromGpu 0x00000000  STATUS_SUCCESS
D3DKMTWaitForSynchronizationObjectFromCpu 0x00000000  STATUS_SUCCESS
    the monitored fence reached 285 after 0 ms
D3DKMTLock2 [gpu-readback]         0x00000000  STATUS_SUCCESS
    locked at CPU VA 000001E85E2B0000
D3DKMTUnlock2 [gpu-readback]       0x00000000  STATUS_SUCCESS
D3DKMTLock2 [gpu-readback]         0x00000000  STATUS_SUCCESS
    locked at CPU VA 000001E85E2B0000
D3DKMTUnlock2 [gpu-readback]       0x00000000  STATUS_SUCCESS
D3DKMTLock2 [gpu-ib]               0x00000000  STATUS_SUCCESS
    locked at CPU VA 000001E85E2A0000
D3DKMTUnlock2 [gpu-ib]             0x00000000  STATUS_SUCCESS
Submit GPU readback                0x00000000  STATUS_SUCCESS
    asking the context to signal the monitored fence to 286
D3DKMTSignalSynchronizationObjectFromGpu 0x00000000  STATUS_SUCCESS
D3DKMTWaitForSynchronizationObjectFromCpu 0x00000000  STATUS_SUCCESS
    the monitored fence reached 286 after 0 ms
D3DKMTLock2 [gpu-readback]         0x00000000  STATUS_SUCCESS
    locked at CPU VA 000001E85E2B0000
D3DKMTUnlock2 [gpu-readback]       0x00000000  STATUS_SUCCESS
D3DKMTLock2 [gpu-readback]         0x00000000  STATUS_SUCCESS
    locked at CPU VA 000001E85E2B0000
D3DKMTUnlock2 [gpu-readback]       0x00000000  STATUS_SUCCESS
D3DKMTLock2 [gpu-ib]               0x00000000  STATUS_SUCCESS
    locked at CPU VA 000001E85E2A0000
D3DKMTUnlock2 [gpu-ib]             0x00000000  STATUS_SUCCESS
Submit GPU readback                0x00000000  STATUS_SUCCESS
    asking the context to signal the monitored fence to 287
D3DKMTSignalSynchronizationObjectFromGpu 0x00000000  STATUS_SUCCESS
D3DKMTWaitForSynchronizationObjectFromCpu 0x00000000  STATUS_SUCCESS
    the monitored fence reached 287 after 0 ms
D3DKMTLock2 [gpu-readback]         0x00000000  STATUS_SUCCESS
    locked at CPU VA 000001E85E2B0000
D3DKMTUnlock2 [gpu-readback]       0x00000000  STATUS_SUCCESS
D3DKMTLock2 [gpu-readback]         0x00000000  STATUS_SUCCESS
    locked at CPU VA 000001E85E2B0000
D3DKMTUnlock2 [gpu-readback]       0x00000000  STATUS_SUCCESS
D3DKMTLock2 [gpu-ib]               0x00000000  STATUS_SUCCESS
    locked at CPU VA 000001E85E2A0000
D3DKMTUnlock2 [gpu-ib]             0x00000000  STATUS_SUCCESS
Submit GPU readback                0x00000000  STATUS_SUCCESS
    asking the context to signal the monitored fence to 288
D3DKMTSignalSynchronizationObjectFromGpu 0x00000000  STATUS_SUCCESS
D3DKMTWaitForSynchronizationObjectFromCpu 0x00000000  STATUS_SUCCESS
    the monitored fence reached 288 after 0 ms
D3DKMTLock2 [gpu-readback]         0x00000000  STATUS_SUCCESS
    locked at CPU VA 000001E85E2B0000
D3DKMTUnlock2 [gpu-readback]       0x00000000  STATUS_SUCCESS
D3DKMTLock2 [gpu-readback]         0x00000000  STATUS_SUCCESS
    locked at CPU VA 000001E85E2B0000
D3DKMTUnlock2 [gpu-readback]       0x00000000  STATUS_SUCCESS
D3DKMTLock2 [gpu-ib]               0x00000000  STATUS_SUCCESS
    locked at CPU VA 000001E85E2A0000
D3DKMTUnlock2 [gpu-ib]             0x00000000  STATUS_SUCCESS
Submit GPU readback                0x00000000  STATUS_SUCCESS
    asking the context to signal the monitored fence to 289
D3DKMTSignalSynchronizationObjectFromGpu 0x00000000  STATUS_SUCCESS
D3DKMTWaitForSynchronizationObjectFromCpu 0x00000000  STATUS_SUCCESS
    the monitored fence reached 289 after 0 ms
D3DKMTLock2 [gpu-readback]         0x00000000  STATUS_SUCCESS
    locked at CPU VA 000001E85E2B0000
D3DKMTUnlock2 [gpu-readback]       0x00000000  STATUS_SUCCESS
D3DKMTLock2 [gpu-readback]         0x00000000  STATUS_SUCCESS
    locked at CPU VA 000001E85E2B0000
D3DKMTUnlock2 [gpu-readback]       0x00000000  STATUS_SUCCESS
D3DKMTLock2 [gpu-ib]               0x00000000  STATUS_SUCCESS
    locked at CPU VA 000001E85E2A0000
D3DKMTUnlock2 [gpu-ib]             0x00000000  STATUS_SUCCESS
Submit GPU readback                0x00000000  STATUS_SUCCESS
    asking the context to signal the monitored fence to 290
D3DKMTSignalSynchronizationObjectFromGpu 0x00000000  STATUS_SUCCESS
D3DKMTWaitForSynchronizationObjectFromCpu 0x00000000  STATUS_SUCCESS
    the monitored fence reached 290 after 0 ms
D3DKMTLock2 [gpu-readback]         0x00000000  STATUS_SUCCESS
    locked at CPU VA 000001E85E2B0000
D3DKMTUnlock2 [gpu-readback]       0x00000000  STATUS_SUCCESS
D3DKMTLock2 [gpu-readback]         0x00000000  STATUS_SUCCESS
    locked at CPU VA 000001E85E2B0000
D3DKMTUnlock2 [gpu-readback]       0x00000000  STATUS_SUCCESS
D3DKMTLock2 [gpu-ib]               0x00000000  STATUS_SUCCESS
    locked at CPU VA 000001E85E2A0000
D3DKMTUnlock2 [gpu-ib]             0x00000000  STATUS_SUCCESS
Submit GPU readback                0x00000000  STATUS_SUCCESS
    asking the context to signal the monitored fence to 291
D3DKMTSignalSynchronizationObjectFromGpu 0x00000000  STATUS_SUCCESS
D3DKMTWaitForSynchronizationObjectFromCpu 0x00000000  STATUS_SUCCESS
    the monitored fence reached 291 after 0 ms
D3DKMTLock2 [gpu-readback]         0x00000000  STATUS_SUCCESS
    locked at CPU VA 000001E85E2B0000
D3DKMTUnlock2 [gpu-readback]       0x00000000  STATUS_SUCCESS
D3DKMTLock2 [gpu-readback]         0x00000000  STATUS_SUCCESS
    locked at CPU VA 000001E85E2B0000
D3DKMTUnlock2 [gpu-readback]       0x00000000  STATUS_SUCCESS
D3DKMTLock2 [gpu-ib]               0x00000000  STATUS_SUCCESS
    locked at CPU VA 000001E85E2A0000
D3DKMTUnlock2 [gpu-ib]             0x00000000  STATUS_SUCCESS
Submit GPU readback                0x00000000  STATUS_SUCCESS
    asking the context to signal the monitored fence to 292
D3DKMTSignalSynchronizationObjectFromGpu 0x00000000  STATUS_SUCCESS
D3DKMTWaitForSynchronizationObjectFromCpu 0x00000000  STATUS_SUCCESS
    the monitored fence reached 292 after 0 ms
D3DKMTLock2 [gpu-readback]         0x00000000  STATUS_SUCCESS
    locked at CPU VA 000001E85E2B0000
D3DKMTUnlock2 [gpu-readback]       0x00000000  STATUS_SUCCESS
D3DKMTLock2 [gpu-readback]         0x00000000  STATUS_SUCCESS
    locked at CPU VA 000001E85E2B0000
D3DKMTUnlock2 [gpu-readback]       0x00000000  STATUS_SUCCESS
D3DKMTLock2 [gpu-ib]               0x00000000  STATUS_SUCCESS
    locked at CPU VA 000001E85E2A0000
D3DKMTUnlock2 [gpu-ib]             0x00000000  STATUS_SUCCESS
Submit GPU readback                0x00000000  STATUS_SUCCESS
    asking the context to signal the monitored fence to 293
D3DKMTSignalSynchronizationObjectFromGpu 0x00000000  STATUS_SUCCESS
D3DKMTWaitForSynchronizationObjectFromCpu 0x00000000  STATUS_SUCCESS
    the monitored fence reached 293 after 0 ms
D3DKMTLock2 [gpu-readback]         0x00000000  STATUS_SUCCESS
    locked at CPU VA 000001E85E2B0000
D3DKMTUnlock2 [gpu-readback]       0x00000000  STATUS_SUCCESS
D3DKMTLock2 [gpu-readback]         0x00000000  STATUS_SUCCESS
    locked at CPU VA 000001E85E2B0000
D3DKMTUnlock2 [gpu-readback]       0x00000000  STATUS_SUCCESS
D3DKMTLock2 [gpu-ib]               0x00000000  STATUS_SUCCESS
    locked at CPU VA 000001E85E2A0000
D3DKMTUnlock2 [gpu-ib]             0x00000000  STATUS_SUCCESS
Submit GPU readback                0x00000000  STATUS_SUCCESS
    asking the context to signal the monitored fence to 294
D3DKMTSignalSynchronizationObjectFromGpu 0x00000000  STATUS_SUCCESS
D3DKMTWaitForSynchronizationObjectFromCpu 0x00000000  STATUS_SUCCESS
    the monitored fence reached 294 after 0 ms
D3DKMTLock2 [gpu-readback]         0x00000000  STATUS_SUCCESS
    locked at CPU VA 000001E85E2B0000
D3DKMTUnlock2 [gpu-readback]       0x00000000  STATUS_SUCCESS
D3DKMTLock2 [gpu-readback]         0x00000000  STATUS_SUCCESS
    locked at CPU VA 000001E85E2B0000
D3DKMTUnlock2 [gpu-readback]       0x00000000  STATUS_SUCCESS
D3DKMTLock2 [gpu-ib]               0x00000000  STATUS_SUCCESS
    locked at CPU VA 000001E85E2A0000
D3DKMTUnlock2 [gpu-ib]             0x00000000  STATUS_SUCCESS
Submit GPU readback                0x00000000  STATUS_SUCCESS
    asking the context to signal the monitored fence to 295
D3DKMTSignalSynchronizationObjectFromGpu 0x00000000  STATUS_SUCCESS
D3DKMTWaitForSynchronizationObjectFromCpu 0x00000000  STATUS_SUCCESS
    the monitored fence reached 295 after 0 ms
D3DKMTLock2 [gpu-readback]         0x00000000  STATUS_SUCCESS
    locked at CPU VA 000001E85E2B0000
D3DKMTUnlock2 [gpu-readback]       0x00000000  STATUS_SUCCESS
D3DKMTLock2 [gpu-readback]         0x00000000  STATUS_SUCCESS
    locked at CPU VA 000001E85E2B0000
D3DKMTUnlock2 [gpu-readback]       0x00000000  STATUS_SUCCESS
D3DKMTLock2 [gpu-ib]               0x00000000  STATUS_SUCCESS
    locked at CPU VA 000001E85E2A0000
D3DKMTUnlock2 [gpu-ib]             0x00000000  STATUS_SUCCESS
Submit GPU readback                0x00000000  STATUS_SUCCESS
    asking the context to signal the monitored fence to 296
D3DKMTSignalSynchronizationObjectFromGpu 0x00000000  STATUS_SUCCESS
D3DKMTWaitForSynchronizationObjectFromCpu 0x00000000  STATUS_SUCCESS
    the monitored fence reached 296 after 0 ms
D3DKMTLock2 [gpu-readback]         0x00000000  STATUS_SUCCESS
    locked at CPU VA 000001E85E2B0000
D3DKMTUnlock2 [gpu-readback]       0x00000000  STATUS_SUCCESS
D3DKMTLock2 [gpu-readback]         0x00000000  STATUS_SUCCESS
    locked at CPU VA 000001E85E2B0000
D3DKMTUnlock2 [gpu-readback]       0x00000000  STATUS_SUCCESS
D3DKMTLock2 [gpu-ib]               0x00000000  STATUS_SUCCESS
    locked at CPU VA 000001E85E2A0000
D3DKMTUnlock2 [gpu-ib]             0x00000000  STATUS_SUCCESS
Submit GPU readback                0x00000000  STATUS_SUCCESS
    asking the context to signal the monitored fence to 297
D3DKMTSignalSynchronizationObjectFromGpu 0x00000000  STATUS_SUCCESS
D3DKMTWaitForSynchronizationObjectFromCpu 0x00000000  STATUS_SUCCESS
    the monitored fence reached 297 after 0 ms
D3DKMTLock2 [gpu-readback]         0x00000000  STATUS_SUCCESS
    locked at CPU VA 000001E85E2B0000
D3DKMTUnlock2 [gpu-readback]       0x00000000  STATUS_SUCCESS
D3DKMTLock2 [gpu-readback]         0x00000000  STATUS_SUCCESS
    locked at CPU VA 000001E85E2B0000
D3DKMTUnlock2 [gpu-readback]       0x00000000  STATUS_SUCCESS
D3DKMTLock2 [gpu-ib]               0x00000000  STATUS_SUCCESS
    locked at CPU VA 000001E85E2A0000
D3DKMTUnlock2 [gpu-ib]             0x00000000  STATUS_SUCCESS
Submit GPU readback                0x00000000  STATUS_SUCCESS
    asking the context to signal the monitored fence to 298
D3DKMTSignalSynchronizationObjectFromGpu 0x00000000  STATUS_SUCCESS
D3DKMTWaitForSynchronizationObjectFromCpu 0x00000000  STATUS_SUCCESS
    the monitored fence reached 298 after 0 ms
D3DKMTLock2 [gpu-readback]         0x00000000  STATUS_SUCCESS
    locked at CPU VA 000001E85E2B0000
D3DKMTUnlock2 [gpu-readback]       0x00000000  STATUS_SUCCESS
D3DKMTLock2 [gpu-readback]         0x00000000  STATUS_SUCCESS
    locked at CPU VA 000001E85E2B0000
D3DKMTUnlock2 [gpu-readback]       0x00000000  STATUS_SUCCESS
D3DKMTLock2 [gpu-ib]               0x00000000  STATUS_SUCCESS
    locked at CPU VA 000001E85E2A0000
D3DKMTUnlock2 [gpu-ib]             0x00000000  STATUS_SUCCESS
Submit GPU readback                0x00000000  STATUS_SUCCESS
    asking the context to signal the monitored fence to 299
D3DKMTSignalSynchronizationObjectFromGpu 0x00000000  STATUS_SUCCESS
D3DKMTWaitForSynchronizationObjectFromCpu 0x00000000  STATUS_SUCCESS
    the monitored fence reached 299 after 0 ms
D3DKMTLock2 [gpu-readback]         0x00000000  STATUS_SUCCESS
    locked at CPU VA 000001E85E2B0000
D3DKMTUnlock2 [gpu-readback]       0x00000000  STATUS_SUCCESS
D3DKMTLock2 [gpu-readback]         0x00000000  STATUS_SUCCESS
    locked at CPU VA 000001E85E2B0000
D3DKMTUnlock2 [gpu-readback]       0x00000000  STATUS_SUCCESS
D3DKMTLock2 [gpu-ib]               0x00000000  STATUS_SUCCESS
    locked at CPU VA 000001E85E2A0000
D3DKMTUnlock2 [gpu-ib]             0x00000000  STATUS_SUCCESS
Submit GPU readback                0x00000000  STATUS_SUCCESS
    asking the context to signal the monitored fence to 300
D3DKMTSignalSynchronizationObjectFromGpu 0x00000000  STATUS_SUCCESS
D3DKMTWaitForSynchronizationObjectFromCpu 0x00000000  STATUS_SUCCESS
    the monitored fence reached 300 after 0 ms
D3DKMTLock2 [gpu-readback]         0x00000000  STATUS_SUCCESS
    locked at CPU VA 000001E85E2B0000
D3DKMTUnlock2 [gpu-readback]       0x00000000  STATUS_SUCCESS
D3DKMTLock2 [gpu-readback]         0x00000000  STATUS_SUCCESS
    locked at CPU VA 000001E85E2B0000
D3DKMTUnlock2 [gpu-readback]       0x00000000  STATUS_SUCCESS
D3DKMTLock2 [gpu-ib]               0x00000000  STATUS_SUCCESS
    locked at CPU VA 000001E85E2A0000
D3DKMTUnlock2 [gpu-ib]             0x00000000  STATUS_SUCCESS
Submit GPU readback                0x00000000  STATUS_SUCCESS
    asking the context to signal the monitored fence to 301
D3DKMTSignalSynchronizationObjectFromGpu 0x00000000  STATUS_SUCCESS
D3DKMTWaitForSynchronizationObjectFromCpu 0x00000000  STATUS_SUCCESS
    the monitored fence reached 301 after 16 ms
D3DKMTLock2 [gpu-readback]         0x00000000  STATUS_SUCCESS
    locked at CPU VA 000001E85E2B0000
D3DKMTUnlock2 [gpu-readback]       0x00000000  STATUS_SUCCESS
D3DKMTLock2 [gpu-readback]         0x00000000  STATUS_SUCCESS
    locked at CPU VA 000001E85E2B0000
D3DKMTUnlock2 [gpu-readback]       0x00000000  STATUS_SUCCESS
D3DKMTLock2 [gpu-ib]               0x00000000  STATUS_SUCCESS
    locked at CPU VA 000001E85E2A0000
D3DKMTUnlock2 [gpu-ib]             0x00000000  STATUS_SUCCESS
Submit GPU readback                0x00000000  STATUS_SUCCESS
    asking the context to signal the monitored fence to 302
D3DKMTSignalSynchronizationObjectFromGpu 0x00000000  STATUS_SUCCESS
D3DKMTWaitForSynchronizationObjectFromCpu 0x00000000  STATUS_SUCCESS
    the monitored fence reached 302 after 0 ms
D3DKMTLock2 [gpu-readback]         0x00000000  STATUS_SUCCESS
    locked at CPU VA 000001E85E2B0000
D3DKMTUnlock2 [gpu-readback]       0x00000000  STATUS_SUCCESS
D3DKMTLock2 [gpu-readback]         0x00000000  STATUS_SUCCESS
    locked at CPU VA 000001E85E2B0000
D3DKMTUnlock2 [gpu-readback]       0x00000000  STATUS_SUCCESS
D3DKMTLock2 [gpu-ib]               0x00000000  STATUS_SUCCESS
    locked at CPU VA 000001E85E2A0000
D3DKMTUnlock2 [gpu-ib]             0x00000000  STATUS_SUCCESS
Submit GPU readback                0x00000000  STATUS_SUCCESS
    asking the context to signal the monitored fence to 303
D3DKMTSignalSynchronizationObjectFromGpu 0x00000000  STATUS_SUCCESS
D3DKMTWaitForSynchronizationObjectFromCpu 0x00000000  STATUS_SUCCESS
    the monitored fence reached 303 after 0 ms
D3DKMTLock2 [gpu-readback]         0x00000000  STATUS_SUCCESS
    locked at CPU VA 000001E85E2B0000
D3DKMTUnlock2 [gpu-readback]       0x00000000  STATUS_SUCCESS
D3DKMTLock2 [gpu-readback]         0x00000000  STATUS_SUCCESS
    locked at CPU VA 000001E85E2B0000
D3DKMTUnlock2 [gpu-readback]       0x00000000  STATUS_SUCCESS
D3DKMTLock2 [gpu-ib]               0x00000000  STATUS_SUCCESS
    locked at CPU VA 000001E85E2A0000
D3DKMTUnlock2 [gpu-ib]             0x00000000  STATUS_SUCCESS
Submit GPU readback                0x00000000  STATUS_SUCCESS
    asking the context to signal the monitored fence to 304
D3DKMTSignalSynchronizationObjectFromGpu 0x00000000  STATUS_SUCCESS
D3DKMTWaitForSynchronizationObjectFromCpu 0x00000000  STATUS_SUCCESS
    the monitored fence reached 304 after 0 ms
D3DKMTLock2 [gpu-readback]         0x00000000  STATUS_SUCCESS
    locked at CPU VA 000001E85E2B0000
D3DKMTUnlock2 [gpu-readback]       0x00000000  STATUS_SUCCESS
D3DKMTLock2 [gpu-readback]         0x00000000  STATUS_SUCCESS
    locked at CPU VA 000001E85E2B0000
D3DKMTUnlock2 [gpu-readback]       0x00000000  STATUS_SUCCESS
D3DKMTLock2 [gpu-ib]               0x00000000  STATUS_SUCCESS
    locked at CPU VA 000001E85E2A0000
D3DKMTUnlock2 [gpu-ib]             0x00000000  STATUS_SUCCESS
Submit GPU readback                0x00000000  STATUS_SUCCESS
    asking the context to signal the monitored fence to 305
D3DKMTSignalSynchronizationObjectFromGpu 0x00000000  STATUS_SUCCESS
D3DKMTWaitForSynchronizationObjectFromCpu 0x00000000  STATUS_SUCCESS
    the monitored fence reached 305 after 0 ms
D3DKMTLock2 [gpu-readback]         0x00000000  STATUS_SUCCESS
    locked at CPU VA 000001E85E2B0000
D3DKMTUnlock2 [gpu-readback]       0x00000000  STATUS_SUCCESS
D3DKMTLock2 [gpu-readback]         0x00000000  STATUS_SUCCESS
    locked at CPU VA 000001E85E2B0000
D3DKMTUnlock2 [gpu-readback]       0x00000000  STATUS_SUCCESS
D3DKMTLock2 [gpu-ib]               0x00000000  STATUS_SUCCESS
    locked at CPU VA 000001E85E2A0000
D3DKMTUnlock2 [gpu-ib]             0x00000000  STATUS_SUCCESS
Submit GPU readback                0x00000000  STATUS_SUCCESS
    asking the context to signal the monitored fence to 306
D3DKMTSignalSynchronizationObjectFromGpu 0x00000000  STATUS_SUCCESS
D3DKMTWaitForSynchronizationObjectFromCpu 0x00000000  STATUS_SUCCESS
    the monitored fence reached 306 after 0 ms
D3DKMTLock2 [gpu-readback]         0x00000000  STATUS_SUCCESS
    locked at CPU VA 000001E85E2B0000
D3DKMTUnlock2 [gpu-readback]       0x00000000  STATUS_SUCCESS
D3DKMTLock2 [gpu-readback]         0x00000000  STATUS_SUCCESS
    locked at CPU VA 000001E85E2B0000
D3DKMTUnlock2 [gpu-readback]       0x00000000  STATUS_SUCCESS
D3DKMTLock2 [gpu-ib]               0x00000000  STATUS_SUCCESS
    locked at CPU VA 000001E85E2A0000
D3DKMTUnlock2 [gpu-ib]             0x00000000  STATUS_SUCCESS
Submit GPU readback                0x00000000  STATUS_SUCCESS
    asking the context to signal the monitored fence to 307
D3DKMTSignalSynchronizationObjectFromGpu 0x00000000  STATUS_SUCCESS
D3DKMTWaitForSynchronizationObjectFromCpu 0x00000000  STATUS_SUCCESS
    the monitored fence reached 307 after 0 ms
D3DKMTLock2 [gpu-readback]         0x00000000  STATUS_SUCCESS
    locked at CPU VA 000001E85E2B0000
D3DKMTUnlock2 [gpu-readback]       0x00000000  STATUS_SUCCESS
D3DKMTLock2 [gpu-readback]         0x00000000  STATUS_SUCCESS
    locked at CPU VA 000001E85E2B0000
D3DKMTUnlock2 [gpu-readback]       0x00000000  STATUS_SUCCESS
D3DKMTLock2 [gpu-ib]               0x00000000  STATUS_SUCCESS
    locked at CPU VA 000001E85E2A0000
D3DKMTUnlock2 [gpu-ib]             0x00000000  STATUS_SUCCESS
Submit GPU readback                0x00000000  STATUS_SUCCESS
    asking the context to signal the monitored fence to 308
D3DKMTSignalSynchronizationObjectFromGpu 0x00000000  STATUS_SUCCESS
D3DKMTWaitForSynchronizationObjectFromCpu 0x00000000  STATUS_SUCCESS
    the monitored fence reached 308 after 0 ms
D3DKMTLock2 [gpu-readback]         0x00000000  STATUS_SUCCESS
    locked at CPU VA 000001E85E2B0000
D3DKMTUnlock2 [gpu-readback]       0x00000000  STATUS_SUCCESS
D3DKMTLock2 [gpu-readback]         0x00000000  STATUS_SUCCESS
    locked at CPU VA 000001E85E2B0000
D3DKMTUnlock2 [gpu-readback]       0x00000000  STATUS_SUCCESS
D3DKMTLock2 [gpu-ib]               0x00000000  STATUS_SUCCESS
    locked at CPU VA 000001E85E2A0000
D3DKMTUnlock2 [gpu-ib]             0x00000000  STATUS_SUCCESS
Submit GPU readback                0x00000000  STATUS_SUCCESS
    asking the context to signal the monitored fence to 309
D3DKMTSignalSynchronizationObjectFromGpu 0x00000000  STATUS_SUCCESS
D3DKMTWaitForSynchronizationObjectFromCpu 0x00000000  STATUS_SUCCESS
    the monitored fence reached 309 after 0 ms
D3DKMTLock2 [gpu-readback]         0x00000000  STATUS_SUCCESS
    locked at CPU VA 000001E85E2B0000
D3DKMTUnlock2 [gpu-readback]       0x00000000  STATUS_SUCCESS
D3DKMTLock2 [gpu-readback]         0x00000000  STATUS_SUCCESS
    locked at CPU VA 000001E85E2B0000
D3DKMTUnlock2 [gpu-readback]       0x00000000  STATUS_SUCCESS
D3DKMTLock2 [gpu-ib]               0x00000000  STATUS_SUCCESS
    locked at CPU VA 000001E85E2A0000
D3DKMTUnlock2 [gpu-ib]             0x00000000  STATUS_SUCCESS
Submit GPU readback                0x00000000  STATUS_SUCCESS
    asking the context to signal the monitored fence to 310
D3DKMTSignalSynchronizationObjectFromGpu 0x00000000  STATUS_SUCCESS
D3DKMTWaitForSynchronizationObjectFromCpu 0x00000000  STATUS_SUCCESS
    the monitored fence reached 310 after 0 ms
D3DKMTLock2 [gpu-readback]         0x00000000  STATUS_SUCCESS
    locked at CPU VA 000001E85E2B0000
D3DKMTUnlock2 [gpu-readback]       0x00000000  STATUS_SUCCESS
D3DKMTLock2 [gpu-readback]         0x00000000  STATUS_SUCCESS
    locked at CPU VA 000001E85E2B0000
D3DKMTUnlock2 [gpu-readback]       0x00000000  STATUS_SUCCESS
D3DKMTLock2 [gpu-ib]               0x00000000  STATUS_SUCCESS
    locked at CPU VA 000001E85E2A0000
D3DKMTUnlock2 [gpu-ib]             0x00000000  STATUS_SUCCESS
Submit GPU readback                0x00000000  STATUS_SUCCESS
    asking the context to signal the monitored fence to 311
D3DKMTSignalSynchronizationObjectFromGpu 0x00000000  STATUS_SUCCESS
D3DKMTWaitForSynchronizationObjectFromCpu 0x00000000  STATUS_SUCCESS
    the monitored fence reached 311 after 0 ms
D3DKMTLock2 [gpu-readback]         0x00000000  STATUS_SUCCESS
    locked at CPU VA 000001E85E2B0000
D3DKMTUnlock2 [gpu-readback]       0x00000000  STATUS_SUCCESS
D3DKMTLock2 [gpu-readback]         0x00000000  STATUS_SUCCESS
    locked at CPU VA 000001E85E2B0000
D3DKMTUnlock2 [gpu-readback]       0x00000000  STATUS_SUCCESS
D3DKMTLock2 [gpu-ib]               0x00000000  STATUS_SUCCESS
    locked at CPU VA 000001E85E2A0000
D3DKMTUnlock2 [gpu-ib]             0x00000000  STATUS_SUCCESS
Submit GPU readback                0x00000000  STATUS_SUCCESS
    asking the context to signal the monitored fence to 312
D3DKMTSignalSynchronizationObjectFromGpu 0x00000000  STATUS_SUCCESS
D3DKMTWaitForSynchronizationObjectFromCpu 0x00000000  STATUS_SUCCESS
    the monitored fence reached 312 after 0 ms
D3DKMTLock2 [gpu-readback]         0x00000000  STATUS_SUCCESS
    locked at CPU VA 000001E85E2B0000
D3DKMTUnlock2 [gpu-readback]       0x00000000  STATUS_SUCCESS
D3DKMTLock2 [gpu-readback]         0x00000000  STATUS_SUCCESS
    locked at CPU VA 000001E85E2B0000
D3DKMTUnlock2 [gpu-readback]       0x00000000  STATUS_SUCCESS
D3DKMTLock2 [gpu-ib]               0x00000000  STATUS_SUCCESS
    locked at CPU VA 000001E85E2A0000
D3DKMTUnlock2 [gpu-ib]             0x00000000  STATUS_SUCCESS
Submit GPU readback                0x00000000  STATUS_SUCCESS
    asking the context to signal the monitored fence to 313
D3DKMTSignalSynchronizationObjectFromGpu 0x00000000  STATUS_SUCCESS
D3DKMTWaitForSynchronizationObjectFromCpu 0x00000000  STATUS_SUCCESS
    the monitored fence reached 313 after 0 ms
D3DKMTLock2 [gpu-readback]         0x00000000  STATUS_SUCCESS
    locked at CPU VA 000001E85E2B0000
D3DKMTUnlock2 [gpu-readback]       0x00000000  STATUS_SUCCESS
D3DKMTLock2 [gpu-readback]         0x00000000  STATUS_SUCCESS
    locked at CPU VA 000001E85E2B0000
D3DKMTUnlock2 [gpu-readback]       0x00000000  STATUS_SUCCESS
D3DKMTLock2 [gpu-ib]               0x00000000  STATUS_SUCCESS
    locked at CPU VA 000001E85E2A0000
D3DKMTUnlock2 [gpu-ib]             0x00000000  STATUS_SUCCESS
Submit GPU readback                0x00000000  STATUS_SUCCESS
    asking the context to signal the monitored fence to 314
D3DKMTSignalSynchronizationObjectFromGpu 0x00000000  STATUS_SUCCESS
D3DKMTWaitForSynchronizationObjectFromCpu 0x00000000  STATUS_SUCCESS
    the monitored fence reached 314 after 0 ms
D3DKMTLock2 [gpu-readback]         0x00000000  STATUS_SUCCESS
    locked at CPU VA 000001E85E2B0000
D3DKMTUnlock2 [gpu-readback]       0x00000000  STATUS_SUCCESS
D3DKMTLock2 [gpu-readback]         0x00000000  STATUS_SUCCESS
    locked at CPU VA 000001E85E2B0000
D3DKMTUnlock2 [gpu-readback]       0x00000000  STATUS_SUCCESS
D3DKMTLock2 [gpu-ib]               0x00000000  STATUS_SUCCESS
    locked at CPU VA 000001E85E2A0000
D3DKMTUnlock2 [gpu-ib]             0x00000000  STATUS_SUCCESS
Submit GPU readback                0x00000000  STATUS_SUCCESS
    asking the context to signal the monitored fence to 315
D3DKMTSignalSynchronizationObjectFromGpu 0x00000000  STATUS_SUCCESS
D3DKMTWaitForSynchronizationObjectFromCpu 0x00000000  STATUS_SUCCESS
    the monitored fence reached 315 after 0 ms
D3DKMTLock2 [gpu-readback]         0x00000000  STATUS_SUCCESS
    locked at CPU VA 000001E85E2B0000
D3DKMTUnlock2 [gpu-readback]       0x00000000  STATUS_SUCCESS
D3DKMTLock2 [gpu-readback]         0x00000000  STATUS_SUCCESS
    locked at CPU VA 000001E85E2B0000
D3DKMTUnlock2 [gpu-readback]       0x00000000  STATUS_SUCCESS
D3DKMTLock2 [gpu-ib]               0x00000000  STATUS_SUCCESS
    locked at CPU VA 000001E85E2A0000
D3DKMTUnlock2 [gpu-ib]             0x00000000  STATUS_SUCCESS
Submit GPU readback                0x00000000  STATUS_SUCCESS
    asking the context to signal the monitored fence to 316
D3DKMTSignalSynchronizationObjectFromGpu 0x00000000  STATUS_SUCCESS
D3DKMTWaitForSynchronizationObjectFromCpu 0x00000000  STATUS_SUCCESS
    the monitored fence reached 316 after 0 ms
D3DKMTLock2 [gpu-readback]         0x00000000  STATUS_SUCCESS
    locked at CPU VA 000001E85E2B0000
D3DKMTUnlock2 [gpu-readback]       0x00000000  STATUS_SUCCESS
D3DKMTLock2 [gpu-readback]         0x00000000  STATUS_SUCCESS
    locked at CPU VA 000001E85E2B0000
D3DKMTUnlock2 [gpu-readback]       0x00000000  STATUS_SUCCESS
D3DKMTLock2 [gpu-ib]               0x00000000  STATUS_SUCCESS
    locked at CPU VA 000001E85E2A0000
D3DKMTUnlock2 [gpu-ib]             0x00000000  STATUS_SUCCESS
Submit GPU readback                0x00000000  STATUS_SUCCESS
    asking the context to signal the monitored fence to 317
D3DKMTSignalSynchronizationObjectFromGpu 0x00000000  STATUS_SUCCESS
D3DKMTWaitForSynchronizationObjectFromCpu 0x00000000  STATUS_SUCCESS
    the monitored fence reached 317 after 0 ms
D3DKMTLock2 [gpu-readback]         0x00000000  STATUS_SUCCESS
    locked at CPU VA 000001E85E2B0000
D3DKMTUnlock2 [gpu-readback]       0x00000000  STATUS_SUCCESS
D3DKMTLock2 [gpu-readback]         0x00000000  STATUS_SUCCESS
    locked at CPU VA 000001E85E2B0000
D3DKMTUnlock2 [gpu-readback]       0x00000000  STATUS_SUCCESS
D3DKMTLock2 [gpu-ib]               0x00000000  STATUS_SUCCESS
    locked at CPU VA 000001E85E2A0000
D3DKMTUnlock2 [gpu-ib]             0x00000000  STATUS_SUCCESS
Submit GPU readback                0x00000000  STATUS_SUCCESS
    asking the context to signal the monitored fence to 318
D3DKMTSignalSynchronizationObjectFromGpu 0x00000000  STATUS_SUCCESS
D3DKMTWaitForSynchronizationObjectFromCpu 0x00000000  STATUS_SUCCESS
    the monitored fence reached 318 after 0 ms
D3DKMTLock2 [gpu-readback]         0x00000000  STATUS_SUCCESS
    locked at CPU VA 000001E85E2B0000
D3DKMTUnlock2 [gpu-readback]       0x00000000  STATUS_SUCCESS
D3DKMTLock2 [gpu-readback]         0x00000000  STATUS_SUCCESS
    locked at CPU VA 000001E85E2B0000
D3DKMTUnlock2 [gpu-readback]       0x00000000  STATUS_SUCCESS
D3DKMTLock2 [gpu-ib]               0x00000000  STATUS_SUCCESS
    locked at CPU VA 000001E85E2A0000
D3DKMTUnlock2 [gpu-ib]             0x00000000  STATUS_SUCCESS
Submit GPU readback                0x00000000  STATUS_SUCCESS
    asking the context to signal the monitored fence to 319
D3DKMTSignalSynchronizationObjectFromGpu 0x00000000  STATUS_SUCCESS
D3DKMTWaitForSynchronizationObjectFromCpu 0x00000000  STATUS_SUCCESS
    the monitored fence reached 319 after 0 ms
D3DKMTLock2 [gpu-readback]         0x00000000  STATUS_SUCCESS
    locked at CPU VA 000001E85E2B0000
D3DKMTUnlock2 [gpu-readback]       0x00000000  STATUS_SUCCESS
D3DKMTLock2 [gpu-readback]         0x00000000  STATUS_SUCCESS
    locked at CPU VA 000001E85E2B0000
D3DKMTUnlock2 [gpu-readback]       0x00000000  STATUS_SUCCESS
D3DKMTLock2 [gpu-ib]               0x00000000  STATUS_SUCCESS
    locked at CPU VA 000001E85E2A0000
D3DKMTUnlock2 [gpu-ib]             0x00000000  STATUS_SUCCESS
Submit GPU readback                0x00000000  STATUS_SUCCESS
    asking the context to signal the monitored fence to 320
D3DKMTSignalSynchronizationObjectFromGpu 0x00000000  STATUS_SUCCESS
D3DKMTWaitForSynchronizationObjectFromCpu 0x00000000  STATUS_SUCCESS
    the monitored fence reached 320 after 0 ms
D3DKMTLock2 [gpu-readback]         0x00000000  STATUS_SUCCESS
    locked at CPU VA 000001E85E2B0000
D3DKMTUnlock2 [gpu-readback]       0x00000000  STATUS_SUCCESS
D3DKMTLock2 [gpu-readback]         0x00000000  STATUS_SUCCESS
    locked at CPU VA 000001E85E2B0000
D3DKMTUnlock2 [gpu-readback]       0x00000000  STATUS_SUCCESS
D3DKMTLock2 [gpu-ib]               0x00000000  STATUS_SUCCESS
    locked at CPU VA 000001E85E2A0000
D3DKMTUnlock2 [gpu-ib]             0x00000000  STATUS_SUCCESS
Submit GPU readback                0x00000000  STATUS_SUCCESS
    asking the context to signal the monitored fence to 321
D3DKMTSignalSynchronizationObjectFromGpu 0x00000000  STATUS_SUCCESS
D3DKMTWaitForSynchronizationObjectFromCpu 0x00000000  STATUS_SUCCESS
    the monitored fence reached 321 after 0 ms
D3DKMTLock2 [gpu-readback]         0x00000000  STATUS_SUCCESS
    locked at CPU VA 000001E85E2B0000
D3DKMTUnlock2 [gpu-readback]       0x00000000  STATUS_SUCCESS
D3DKMTLock2 [gpu-readback]         0x00000000  STATUS_SUCCESS
    locked at CPU VA 000001E85E2B0000
D3DKMTUnlock2 [gpu-readback]       0x00000000  STATUS_SUCCESS
D3DKMTLock2 [gpu-ib]               0x00000000  STATUS_SUCCESS
    locked at CPU VA 000001E85E2A0000
D3DKMTUnlock2 [gpu-ib]             0x00000000  STATUS_SUCCESS
Submit GPU readback                0x00000000  STATUS_SUCCESS
    asking the context to signal the monitored fence to 322
D3DKMTSignalSynchronizationObjectFromGpu 0x00000000  STATUS_SUCCESS
D3DKMTWaitForSynchronizationObjectFromCpu 0x00000000  STATUS_SUCCESS
    the monitored fence reached 322 after 0 ms
D3DKMTLock2 [gpu-readback]         0x00000000  STATUS_SUCCESS
    locked at CPU VA 000001E85E2B0000
D3DKMTUnlock2 [gpu-readback]       0x00000000  STATUS_SUCCESS
D3DKMTLock2 [gpu-readback]         0x00000000  STATUS_SUCCESS
    locked at CPU VA 000001E85E2B0000
D3DKMTUnlock2 [gpu-readback]       0x00000000  STATUS_SUCCESS
D3DKMTLock2 [gpu-ib]               0x00000000  STATUS_SUCCESS
    locked at CPU VA 000001E85E2A0000
D3DKMTUnlock2 [gpu-ib]             0x00000000  STATUS_SUCCESS
Submit GPU readback                0x00000000  STATUS_SUCCESS
    asking the context to signal the monitored fence to 323
D3DKMTSignalSynchronizationObjectFromGpu 0x00000000  STATUS_SUCCESS
D3DKMTWaitForSynchronizationObjectFromCpu 0x00000000  STATUS_SUCCESS
    the monitored fence reached 323 after 0 ms
D3DKMTLock2 [gpu-readback]         0x00000000  STATUS_SUCCESS
    locked at CPU VA 000001E85E2B0000
D3DKMTUnlock2 [gpu-readback]       0x00000000  STATUS_SUCCESS
D3DKMTLock2 [gpu-readback]         0x00000000  STATUS_SUCCESS
    locked at CPU VA 000001E85E2B0000
D3DKMTUnlock2 [gpu-readback]       0x00000000  STATUS_SUCCESS
D3DKMTLock2 [gpu-ib]               0x00000000  STATUS_SUCCESS
    locked at CPU VA 000001E85E2A0000
D3DKMTUnlock2 [gpu-ib]             0x00000000  STATUS_SUCCESS
Submit GPU readback                0x00000000  STATUS_SUCCESS
    asking the context to signal the monitored fence to 324
D3DKMTSignalSynchronizationObjectFromGpu 0x00000000  STATUS_SUCCESS
D3DKMTWaitForSynchronizationObjectFromCpu 0x00000000  STATUS_SUCCESS
    the monitored fence reached 324 after 0 ms
D3DKMTLock2 [gpu-readback]         0x00000000  STATUS_SUCCESS
    locked at CPU VA 000001E85E2B0000
D3DKMTUnlock2 [gpu-readback]       0x00000000  STATUS_SUCCESS
D3DKMTLock2 [gpu-readback]         0x00000000  STATUS_SUCCESS
    locked at CPU VA 000001E85E2B0000
D3DKMTUnlock2 [gpu-readback]       0x00000000  STATUS_SUCCESS
D3DKMTLock2 [gpu-ib]               0x00000000  STATUS_SUCCESS
    locked at CPU VA 000001E85E2A0000
D3DKMTUnlock2 [gpu-ib]             0x00000000  STATUS_SUCCESS
Submit GPU readback                0x00000000  STATUS_SUCCESS
    asking the context to signal the monitored fence to 325
D3DKMTSignalSynchronizationObjectFromGpu 0x00000000  STATUS_SUCCESS
D3DKMTWaitForSynchronizationObjectFromCpu 0x00000000  STATUS_SUCCESS
    the monitored fence reached 325 after 0 ms
D3DKMTLock2 [gpu-readback]         0x00000000  STATUS_SUCCESS
    locked at CPU VA 000001E85E2B0000
D3DKMTUnlock2 [gpu-readback]       0x00000000  STATUS_SUCCESS
D3DKMTLock2 [gpu-readback]         0x00000000  STATUS_SUCCESS
    locked at CPU VA 000001E85E2B0000
D3DKMTUnlock2 [gpu-readback]       0x00000000  STATUS_SUCCESS
D3DKMTLock2 [gpu-ib]               0x00000000  STATUS_SUCCESS
    locked at CPU VA 000001E85E2A0000
D3DKMTUnlock2 [gpu-ib]             0x00000000  STATUS_SUCCESS
Submit GPU readback                0x00000000  STATUS_SUCCESS
    asking the context to signal the monitored fence to 326
D3DKMTSignalSynchronizationObjectFromGpu 0x00000000  STATUS_SUCCESS
D3DKMTWaitForSynchronizationObjectFromCpu 0x00000000  STATUS_SUCCESS
    the monitored fence reached 326 after 0 ms
D3DKMTLock2 [gpu-readback]         0x00000000  STATUS_SUCCESS
    locked at CPU VA 000001E85E2B0000
D3DKMTUnlock2 [gpu-readback]       0x00000000  STATUS_SUCCESS
D3DKMTLock2 [gpu-readback]         0x00000000  STATUS_SUCCESS
    locked at CPU VA 000001E85E2B0000
D3DKMTUnlock2 [gpu-readback]       0x00000000  STATUS_SUCCESS
D3DKMTLock2 [gpu-ib]               0x00000000  STATUS_SUCCESS
    locked at CPU VA 000001E85E2A0000
D3DKMTUnlock2 [gpu-ib]             0x00000000  STATUS_SUCCESS
Submit GPU readback                0x00000000  STATUS_SUCCESS
    asking the context to signal the monitored fence to 327
D3DKMTSignalSynchronizationObjectFromGpu 0x00000000  STATUS_SUCCESS
D3DKMTWaitForSynchronizationObjectFromCpu 0x00000000  STATUS_SUCCESS
    the monitored fence reached 327 after 0 ms
D3DKMTLock2 [gpu-readback]         0x00000000  STATUS_SUCCESS
    locked at CPU VA 000001E85E2B0000
D3DKMTUnlock2 [gpu-readback]       0x00000000  STATUS_SUCCESS
D3DKMTLock2 [gpu-readback]         0x00000000  STATUS_SUCCESS
    locked at CPU VA 000001E85E2B0000
D3DKMTUnlock2 [gpu-readback]       0x00000000  STATUS_SUCCESS
D3DKMTLock2 [gpu-ib]               0x00000000  STATUS_SUCCESS
    locked at CPU VA 000001E85E2A0000
D3DKMTUnlock2 [gpu-ib]             0x00000000  STATUS_SUCCESS
Submit GPU readback                0x00000000  STATUS_SUCCESS
    asking the context to signal the monitored fence to 328
D3DKMTSignalSynchronizationObjectFromGpu 0x00000000  STATUS_SUCCESS
D3DKMTWaitForSynchronizationObjectFromCpu 0x00000000  STATUS_SUCCESS
    the monitored fence reached 328 after 0 ms
D3DKMTLock2 [gpu-readback]         0x00000000  STATUS_SUCCESS
    locked at CPU VA 000001E85E2B0000
D3DKMTUnlock2 [gpu-readback]       0x00000000  STATUS_SUCCESS
D3DKMTLock2 [gpu-readback]         0x00000000  STATUS_SUCCESS
    locked at CPU VA 000001E85E2B0000
D3DKMTUnlock2 [gpu-readback]       0x00000000  STATUS_SUCCESS
D3DKMTLock2 [gpu-ib]               0x00000000  STATUS_SUCCESS
    locked at CPU VA 000001E85E2A0000
D3DKMTUnlock2 [gpu-ib]             0x00000000  STATUS_SUCCESS
Submit GPU readback                0x00000000  STATUS_SUCCESS
    asking the context to signal the monitored fence to 329
D3DKMTSignalSynchronizationObjectFromGpu 0x00000000  STATUS_SUCCESS
D3DKMTWaitForSynchronizationObjectFromCpu 0x00000000  STATUS_SUCCESS
    the monitored fence reached 329 after 0 ms
D3DKMTLock2 [gpu-readback]         0x00000000  STATUS_SUCCESS
    locked at CPU VA 000001E85E2B0000
D3DKMTUnlock2 [gpu-readback]       0x00000000  STATUS_SUCCESS
D3DKMTLock2 [gpu-readback]         0x00000000  STATUS_SUCCESS
    locked at CPU VA 000001E85E2B0000
D3DKMTUnlock2 [gpu-readback]       0x00000000  STATUS_SUCCESS
D3DKMTLock2 [gpu-ib]               0x00000000  STATUS_SUCCESS
    locked at CPU VA 000001E85E2A0000
D3DKMTUnlock2 [gpu-ib]             0x00000000  STATUS_SUCCESS
Submit GPU readback                0x00000000  STATUS_SUCCESS
    asking the context to signal the monitored fence to 330
D3DKMTSignalSynchronizationObjectFromGpu 0x00000000  STATUS_SUCCESS
D3DKMTWaitForSynchronizationObjectFromCpu 0x00000000  STATUS_SUCCESS
    the monitored fence reached 330 after 16 ms
D3DKMTLock2 [gpu-readback]         0x00000000  STATUS_SUCCESS
    locked at CPU VA 000001E85E2B0000
D3DKMTUnlock2 [gpu-readback]       0x00000000  STATUS_SUCCESS
D3DKMTLock2 [gpu-readback]         0x00000000  STATUS_SUCCESS
    locked at CPU VA 000001E85E2B0000
D3DKMTUnlock2 [gpu-readback]       0x00000000  STATUS_SUCCESS
D3DKMTLock2 [gpu-ib]               0x00000000  STATUS_SUCCESS
    locked at CPU VA 000001E85E2A0000
D3DKMTUnlock2 [gpu-ib]             0x00000000  STATUS_SUCCESS
Submit GPU readback                0x00000000  STATUS_SUCCESS
    asking the context to signal the monitored fence to 331
D3DKMTSignalSynchronizationObjectFromGpu 0x00000000  STATUS_SUCCESS
D3DKMTWaitForSynchronizationObjectFromCpu 0x00000000  STATUS_SUCCESS
    the monitored fence reached 331 after 0 ms
D3DKMTLock2 [gpu-readback]         0x00000000  STATUS_SUCCESS
    locked at CPU VA 000001E85E2B0000
D3DKMTUnlock2 [gpu-readback]       0x00000000  STATUS_SUCCESS
D3DKMTLock2 [gpu-readback]         0x00000000  STATUS_SUCCESS
    locked at CPU VA 000001E85E2B0000
D3DKMTUnlock2 [gpu-readback]       0x00000000  STATUS_SUCCESS
D3DKMTLock2 [gpu-ib]               0x00000000  STATUS_SUCCESS
    locked at CPU VA 000001E85E2A0000
D3DKMTUnlock2 [gpu-ib]             0x00000000  STATUS_SUCCESS
Submit GPU readback                0x00000000  STATUS_SUCCESS
    asking the context to signal the monitored fence to 332
D3DKMTSignalSynchronizationObjectFromGpu 0x00000000  STATUS_SUCCESS
D3DKMTWaitForSynchronizationObjectFromCpu 0x00000000  STATUS_SUCCESS
    the monitored fence reached 332 after 0 ms
D3DKMTLock2 [gpu-readback]         0x00000000  STATUS_SUCCESS
    locked at CPU VA 000001E85E2B0000
D3DKMTUnlock2 [gpu-readback]       0x00000000  STATUS_SUCCESS
D3DKMTLock2 [gpu-readback]         0x00000000  STATUS_SUCCESS
    locked at CPU VA 000001E85E2B0000
D3DKMTUnlock2 [gpu-readback]       0x00000000  STATUS_SUCCESS
D3DKMTLock2 [gpu-ib]               0x00000000  STATUS_SUCCESS
    locked at CPU VA 000001E85E2A0000
D3DKMTUnlock2 [gpu-ib]             0x00000000  STATUS_SUCCESS
Submit GPU readback                0x00000000  STATUS_SUCCESS
    asking the context to signal the monitored fence to 333
D3DKMTSignalSynchronizationObjectFromGpu 0x00000000  STATUS_SUCCESS
D3DKMTWaitForSynchronizationObjectFromCpu 0x00000000  STATUS_SUCCESS
    the monitored fence reached 333 after 0 ms
D3DKMTLock2 [gpu-readback]         0x00000000  STATUS_SUCCESS
    locked at CPU VA 000001E85E2B0000
D3DKMTUnlock2 [gpu-readback]       0x00000000  STATUS_SUCCESS
D3DKMTLock2 [gpu-readback]         0x00000000  STATUS_SUCCESS
    locked at CPU VA 000001E85E2B0000
D3DKMTUnlock2 [gpu-readback]       0x00000000  STATUS_SUCCESS
D3DKMTLock2 [gpu-ib]               0x00000000  STATUS_SUCCESS
    locked at CPU VA 000001E85E2A0000
D3DKMTUnlock2 [gpu-ib]             0x00000000  STATUS_SUCCESS
Submit GPU readback                0x00000000  STATUS_SUCCESS
    asking the context to signal the monitored fence to 334
D3DKMTSignalSynchronizationObjectFromGpu 0x00000000  STATUS_SUCCESS
D3DKMTWaitForSynchronizationObjectFromCpu 0x00000000  STATUS_SUCCESS
    the monitored fence reached 334 after 0 ms
D3DKMTLock2 [gpu-readback]         0x00000000  STATUS_SUCCESS
    locked at CPU VA 000001E85E2B0000
D3DKMTUnlock2 [gpu-readback]       0x00000000  STATUS_SUCCESS
D3DKMTLock2 [gpu-readback]         0x00000000  STATUS_SUCCESS
    locked at CPU VA 000001E85E2B0000
D3DKMTUnlock2 [gpu-readback]       0x00000000  STATUS_SUCCESS
D3DKMTLock2 [gpu-ib]               0x00000000  STATUS_SUCCESS
    locked at CPU VA 000001E85E2A0000
D3DKMTUnlock2 [gpu-ib]             0x00000000  STATUS_SUCCESS
Submit GPU readback                0x00000000  STATUS_SUCCESS
    asking the context to signal the monitored fence to 335
D3DKMTSignalSynchronizationObjectFromGpu 0x00000000  STATUS_SUCCESS
D3DKMTWaitForSynchronizationObjectFromCpu 0x00000000  STATUS_SUCCESS
    the monitored fence reached 335 after 0 ms
D3DKMTLock2 [gpu-readback]         0x00000000  STATUS_SUCCESS
    locked at CPU VA 000001E85E2B0000
D3DKMTUnlock2 [gpu-readback]       0x00000000  STATUS_SUCCESS
D3DKMTLock2 [gpu-readback]         0x00000000  STATUS_SUCCESS
    locked at CPU VA 000001E85E2B0000
D3DKMTUnlock2 [gpu-readback]       0x00000000  STATUS_SUCCESS
D3DKMTLock2 [gpu-ib]               0x00000000  STATUS_SUCCESS
    locked at CPU VA 000001E85E2A0000
D3DKMTUnlock2 [gpu-ib]             0x00000000  STATUS_SUCCESS
Submit GPU readback                0x00000000  STATUS_SUCCESS
    asking the context to signal the monitored fence to 336
D3DKMTSignalSynchronizationObjectFromGpu 0x00000000  STATUS_SUCCESS
D3DKMTWaitForSynchronizationObjectFromCpu 0x00000000  STATUS_SUCCESS
    the monitored fence reached 336 after 0 ms
D3DKMTLock2 [gpu-readback]         0x00000000  STATUS_SUCCESS
    locked at CPU VA 000001E85E2B0000
D3DKMTUnlock2 [gpu-readback]       0x00000000  STATUS_SUCCESS
D3DKMTLock2 [gpu-readback]         0x00000000  STATUS_SUCCESS
    locked at CPU VA 000001E85E2B0000
D3DKMTUnlock2 [gpu-readback]       0x00000000  STATUS_SUCCESS
D3DKMTLock2 [gpu-ib]               0x00000000  STATUS_SUCCESS
    locked at CPU VA 000001E85E2A0000
D3DKMTUnlock2 [gpu-ib]             0x00000000  STATUS_SUCCESS
Submit GPU readback                0x00000000  STATUS_SUCCESS
    asking the context to signal the monitored fence to 337
D3DKMTSignalSynchronizationObjectFromGpu 0x00000000  STATUS_SUCCESS
D3DKMTWaitForSynchronizationObjectFromCpu 0x00000000  STATUS_SUCCESS
    the monitored fence reached 337 after 0 ms
D3DKMTLock2 [gpu-readback]         0x00000000  STATUS_SUCCESS
    locked at CPU VA 000001E85E2B0000
D3DKMTUnlock2 [gpu-readback]       0x00000000  STATUS_SUCCESS
D3DKMTLock2 [gpu-readback]         0x00000000  STATUS_SUCCESS
    locked at CPU VA 000001E85E2B0000
D3DKMTUnlock2 [gpu-readback]       0x00000000  STATUS_SUCCESS
D3DKMTLock2 [gpu-ib]               0x00000000  STATUS_SUCCESS
    locked at CPU VA 000001E85E2A0000
D3DKMTUnlock2 [gpu-ib]             0x00000000  STATUS_SUCCESS
Submit GPU readback                0x00000000  STATUS_SUCCESS
    asking the context to signal the monitored fence to 338
D3DKMTSignalSynchronizationObjectFromGpu 0x00000000  STATUS_SUCCESS
D3DKMTWaitForSynchronizationObjectFromCpu 0x00000000  STATUS_SUCCESS
    the monitored fence reached 338 after 0 ms
D3DKMTLock2 [gpu-readback]         0x00000000  STATUS_SUCCESS
    locked at CPU VA 000001E85E2B0000
D3DKMTUnlock2 [gpu-readback]       0x00000000  STATUS_SUCCESS
D3DKMTLock2 [gpu-readback]         0x00000000  STATUS_SUCCESS
    locked at CPU VA 000001E85E2B0000
D3DKMTUnlock2 [gpu-readback]       0x00000000  STATUS_SUCCESS
D3DKMTLock2 [gpu-ib]               0x00000000  STATUS_SUCCESS
    locked at CPU VA 000001E85E2A0000
D3DKMTUnlock2 [gpu-ib]             0x00000000  STATUS_SUCCESS
Submit GPU readback                0x00000000  STATUS_SUCCESS
    asking the context to signal the monitored fence to 339
D3DKMTSignalSynchronizationObjectFromGpu 0x00000000  STATUS_SUCCESS
D3DKMTWaitForSynchronizationObjectFromCpu 0x00000000  STATUS_SUCCESS
    the monitored fence reached 339 after 0 ms
D3DKMTLock2 [gpu-readback]         0x00000000  STATUS_SUCCESS
    locked at CPU VA 000001E85E2B0000
D3DKMTUnlock2 [gpu-readback]       0x00000000  STATUS_SUCCESS
D3DKMTLock2 [gpu-readback]         0x00000000  STATUS_SUCCESS
    locked at CPU VA 000001E85E2B0000
D3DKMTUnlock2 [gpu-readback]       0x00000000  STATUS_SUCCESS
D3DKMTLock2 [gpu-ib]               0x00000000  STATUS_SUCCESS
    locked at CPU VA 000001E85E2A0000
D3DKMTUnlock2 [gpu-ib]             0x00000000  STATUS_SUCCESS
Submit GPU readback                0x00000000  STATUS_SUCCESS
    asking the context to signal the monitored fence to 340
D3DKMTSignalSynchronizationObjectFromGpu 0x00000000  STATUS_SUCCESS
D3DKMTWaitForSynchronizationObjectFromCpu 0x00000000  STATUS_SUCCESS
    the monitored fence reached 340 after 0 ms
D3DKMTLock2 [gpu-readback]         0x00000000  STATUS_SUCCESS
    locked at CPU VA 000001E85E2B0000
D3DKMTUnlock2 [gpu-readback]       0x00000000  STATUS_SUCCESS
D3DKMTLock2 [gpu-readback]         0x00000000  STATUS_SUCCESS
    locked at CPU VA 000001E85E2B0000
D3DKMTUnlock2 [gpu-readback]       0x00000000  STATUS_SUCCESS
D3DKMTLock2 [gpu-ib]               0x00000000  STATUS_SUCCESS
    locked at CPU VA 000001E85E2A0000
D3DKMTUnlock2 [gpu-ib]             0x00000000  STATUS_SUCCESS
Submit GPU readback                0x00000000  STATUS_SUCCESS
    asking the context to signal the monitored fence to 341
D3DKMTSignalSynchronizationObjectFromGpu 0x00000000  STATUS_SUCCESS
D3DKMTWaitForSynchronizationObjectFromCpu 0x00000000  STATUS_SUCCESS
    the monitored fence reached 341 after 0 ms
D3DKMTLock2 [gpu-readback]         0x00000000  STATUS_SUCCESS
    locked at CPU VA 000001E85E2B0000
D3DKMTUnlock2 [gpu-readback]       0x00000000  STATUS_SUCCESS
D3DKMTLock2 [gpu-readback]         0x00000000  STATUS_SUCCESS
    locked at CPU VA 000001E85E2B0000
D3DKMTUnlock2 [gpu-readback]       0x00000000  STATUS_SUCCESS
D3DKMTLock2 [gpu-ib]               0x00000000  STATUS_SUCCESS
    locked at CPU VA 000001E85E2A0000
D3DKMTUnlock2 [gpu-ib]             0x00000000  STATUS_SUCCESS
Submit GPU readback                0x00000000  STATUS_SUCCESS
    asking the context to signal the monitored fence to 342
D3DKMTSignalSynchronizationObjectFromGpu 0x00000000  STATUS_SUCCESS
D3DKMTWaitForSynchronizationObjectFromCpu 0x00000000  STATUS_SUCCESS
    the monitored fence reached 342 after 0 ms
D3DKMTLock2 [gpu-readback]         0x00000000  STATUS_SUCCESS
    locked at CPU VA 000001E85E2B0000
D3DKMTUnlock2 [gpu-readback]       0x00000000  STATUS_SUCCESS
D3DKMTLock2 [gpu-readback]         0x00000000  STATUS_SUCCESS
    locked at CPU VA 000001E85E2B0000
D3DKMTUnlock2 [gpu-readback]       0x00000000  STATUS_SUCCESS
D3DKMTLock2 [gpu-ib]               0x00000000  STATUS_SUCCESS
    locked at CPU VA 000001E85E2A0000
D3DKMTUnlock2 [gpu-ib]             0x00000000  STATUS_SUCCESS
Submit GPU readback                0x00000000  STATUS_SUCCESS
    asking the context to signal the monitored fence to 343
D3DKMTSignalSynchronizationObjectFromGpu 0x00000000  STATUS_SUCCESS
D3DKMTWaitForSynchronizationObjectFromCpu 0x00000000  STATUS_SUCCESS
    the monitored fence reached 343 after 0 ms
D3DKMTLock2 [gpu-readback]         0x00000000  STATUS_SUCCESS
    locked at CPU VA 000001E85E2B0000
D3DKMTUnlock2 [gpu-readback]       0x00000000  STATUS_SUCCESS
D3DKMTLock2 [gpu-readback]         0x00000000  STATUS_SUCCESS
    locked at CPU VA 000001E85E2B0000
D3DKMTUnlock2 [gpu-readback]       0x00000000  STATUS_SUCCESS
D3DKMTLock2 [gpu-ib]               0x00000000  STATUS_SUCCESS
    locked at CPU VA 000001E85E2A0000
D3DKMTUnlock2 [gpu-ib]             0x00000000  STATUS_SUCCESS
Submit GPU readback                0x00000000  STATUS_SUCCESS
    asking the context to signal the monitored fence to 344
D3DKMTSignalSynchronizationObjectFromGpu 0x00000000  STATUS_SUCCESS
D3DKMTWaitForSynchronizationObjectFromCpu 0x00000000  STATUS_SUCCESS
    the monitored fence reached 344 after 0 ms
D3DKMTLock2 [gpu-readback]         0x00000000  STATUS_SUCCESS
    locked at CPU VA 000001E85E2B0000
D3DKMTUnlock2 [gpu-readback]       0x00000000  STATUS_SUCCESS
D3DKMTLock2 [gpu-readback]         0x00000000  STATUS_SUCCESS
    locked at CPU VA 000001E85E2B0000
D3DKMTUnlock2 [gpu-readback]       0x00000000  STATUS_SUCCESS
D3DKMTLock2 [gpu-ib]               0x00000000  STATUS_SUCCESS
    locked at CPU VA 000001E85E2A0000
D3DKMTUnlock2 [gpu-ib]             0x00000000  STATUS_SUCCESS
Submit GPU readback                0x00000000  STATUS_SUCCESS
    asking the context to signal the monitored fence to 345
D3DKMTSignalSynchronizationObjectFromGpu 0x00000000  STATUS_SUCCESS
D3DKMTWaitForSynchronizationObjectFromCpu 0x00000000  STATUS_SUCCESS
    the monitored fence reached 345 after 0 ms
D3DKMTLock2 [gpu-readback]         0x00000000  STATUS_SUCCESS
    locked at CPU VA 000001E85E2B0000
D3DKMTUnlock2 [gpu-readback]       0x00000000  STATUS_SUCCESS
D3DKMTLock2 [gpu-readback]         0x00000000  STATUS_SUCCESS
    locked at CPU VA 000001E85E2B0000
D3DKMTUnlock2 [gpu-readback]       0x00000000  STATUS_SUCCESS
D3DKMTLock2 [gpu-ib]               0x00000000  STATUS_SUCCESS
    locked at CPU VA 000001E85E2A0000
D3DKMTUnlock2 [gpu-ib]             0x00000000  STATUS_SUCCESS
Submit GPU readback                0x00000000  STATUS_SUCCESS
    asking the context to signal the monitored fence to 346
D3DKMTSignalSynchronizationObjectFromGpu 0x00000000  STATUS_SUCCESS
D3DKMTWaitForSynchronizationObjectFromCpu 0x00000000  STATUS_SUCCESS
    the monitored fence reached 346 after 0 ms
D3DKMTLock2 [gpu-readback]         0x00000000  STATUS_SUCCESS
    locked at CPU VA 000001E85E2B0000
D3DKMTUnlock2 [gpu-readback]       0x00000000  STATUS_SUCCESS
D3DKMTLock2 [gpu-readback]         0x00000000  STATUS_SUCCESS
    locked at CPU VA 000001E85E2B0000
D3DKMTUnlock2 [gpu-readback]       0x00000000  STATUS_SUCCESS
D3DKMTLock2 [gpu-ib]               0x00000000  STATUS_SUCCESS
    locked at CPU VA 000001E85E2A0000
D3DKMTUnlock2 [gpu-ib]             0x00000000  STATUS_SUCCESS
Submit GPU readback                0x00000000  STATUS_SUCCESS
    asking the context to signal the monitored fence to 347
D3DKMTSignalSynchronizationObjectFromGpu 0x00000000  STATUS_SUCCESS
D3DKMTWaitForSynchronizationObjectFromCpu 0x00000000  STATUS_SUCCESS
    the monitored fence reached 347 after 0 ms
D3DKMTLock2 [gpu-readback]         0x00000000  STATUS_SUCCESS
    locked at CPU VA 000001E85E2B0000
D3DKMTUnlock2 [gpu-readback]       0x00000000  STATUS_SUCCESS
D3DKMTLock2 [gpu-readback]         0x00000000  STATUS_SUCCESS
    locked at CPU VA 000001E85E2B0000
D3DKMTUnlock2 [gpu-readback]       0x00000000  STATUS_SUCCESS
D3DKMTLock2 [gpu-ib]               0x00000000  STATUS_SUCCESS
    locked at CPU VA 000001E85E2A0000
D3DKMTUnlock2 [gpu-ib]             0x00000000  STATUS_SUCCESS
Submit GPU readback                0x00000000  STATUS_SUCCESS
    asking the context to signal the monitored fence to 348
D3DKMTSignalSynchronizationObjectFromGpu 0x00000000  STATUS_SUCCESS
D3DKMTWaitForSynchronizationObjectFromCpu 0x00000000  STATUS_SUCCESS
    the monitored fence reached 348 after 0 ms
D3DKMTLock2 [gpu-readback]         0x00000000  STATUS_SUCCESS
    locked at CPU VA 000001E85E2B0000
D3DKMTUnlock2 [gpu-readback]       0x00000000  STATUS_SUCCESS
D3DKMTLock2 [gpu-readback]         0x00000000  STATUS_SUCCESS
    locked at CPU VA 000001E85E2B0000
D3DKMTUnlock2 [gpu-readback]       0x00000000  STATUS_SUCCESS
D3DKMTLock2 [gpu-ib]               0x00000000  STATUS_SUCCESS
    locked at CPU VA 000001E85E2A0000
D3DKMTUnlock2 [gpu-ib]             0x00000000  STATUS_SUCCESS
Submit GPU readback                0x00000000  STATUS_SUCCESS
    asking the context to signal the monitored fence to 349
D3DKMTSignalSynchronizationObjectFromGpu 0x00000000  STATUS_SUCCESS
D3DKMTWaitForSynchronizationObjectFromCpu 0x00000000  STATUS_SUCCESS
    the monitored fence reached 349 after 0 ms
D3DKMTLock2 [gpu-readback]         0x00000000  STATUS_SUCCESS
    locked at CPU VA 000001E85E2B0000
D3DKMTUnlock2 [gpu-readback]       0x00000000  STATUS_SUCCESS
D3DKMTLock2 [gpu-readback]         0x00000000  STATUS_SUCCESS
    locked at CPU VA 000001E85E2B0000
D3DKMTUnlock2 [gpu-readback]       0x00000000  STATUS_SUCCESS
D3DKMTLock2 [gpu-ib]               0x00000000  STATUS_SUCCESS
    locked at CPU VA 000001E85E2A0000
D3DKMTUnlock2 [gpu-ib]             0x00000000  STATUS_SUCCESS
Submit GPU readback                0x00000000  STATUS_SUCCESS
    asking the context to signal the monitored fence to 350
D3DKMTSignalSynchronizationObjectFromGpu 0x00000000  STATUS_SUCCESS
D3DKMTWaitForSynchronizationObjectFromCpu 0x00000000  STATUS_SUCCESS
    the monitored fence reached 350 after 0 ms
D3DKMTLock2 [gpu-readback]         0x00000000  STATUS_SUCCESS
    locked at CPU VA 000001E85E2B0000
D3DKMTUnlock2 [gpu-readback]       0x00000000  STATUS_SUCCESS
D3DKMTLock2 [gpu-readback]         0x00000000  STATUS_SUCCESS
    locked at CPU VA 000001E85E2B0000
D3DKMTUnlock2 [gpu-readback]       0x00000000  STATUS_SUCCESS
D3DKMTLock2 [gpu-ib]               0x00000000  STATUS_SUCCESS
    locked at CPU VA 000001E85E2A0000
D3DKMTUnlock2 [gpu-ib]             0x00000000  STATUS_SUCCESS
Submit GPU readback                0x00000000  STATUS_SUCCESS
    asking the context to signal the monitored fence to 351
D3DKMTSignalSynchronizationObjectFromGpu 0x00000000  STATUS_SUCCESS
D3DKMTWaitForSynchronizationObjectFromCpu 0x00000000  STATUS_SUCCESS
    the monitored fence reached 351 after 0 ms
D3DKMTLock2 [gpu-readback]         0x00000000  STATUS_SUCCESS
    locked at CPU VA 000001E85E2B0000
D3DKMTUnlock2 [gpu-readback]       0x00000000  STATUS_SUCCESS
D3DKMTLock2 [gpu-readback]         0x00000000  STATUS_SUCCESS
    locked at CPU VA 000001E85E2B0000
D3DKMTUnlock2 [gpu-readback]       0x00000000  STATUS_SUCCESS
D3DKMTLock2 [gpu-ib]               0x00000000  STATUS_SUCCESS
    locked at CPU VA 000001E85E2A0000
D3DKMTUnlock2 [gpu-ib]             0x00000000  STATUS_SUCCESS
Submit GPU readback                0x00000000  STATUS_SUCCESS
    asking the context to signal the monitored fence to 352
D3DKMTSignalSynchronizationObjectFromGpu 0x00000000  STATUS_SUCCESS
D3DKMTWaitForSynchronizationObjectFromCpu 0x00000000  STATUS_SUCCESS
    the monitored fence reached 352 after 0 ms
D3DKMTLock2 [gpu-readback]         0x00000000  STATUS_SUCCESS
    locked at CPU VA 000001E85E2B0000
D3DKMTUnlock2 [gpu-readback]       0x00000000  STATUS_SUCCESS
D3DKMTLock2 [gpu-readback]         0x00000000  STATUS_SUCCESS
    locked at CPU VA 000001E85E2B0000
D3DKMTUnlock2 [gpu-readback]       0x00000000  STATUS_SUCCESS
D3DKMTLock2 [gpu-ib]               0x00000000  STATUS_SUCCESS
    locked at CPU VA 000001E85E2A0000
D3DKMTUnlock2 [gpu-ib]             0x00000000  STATUS_SUCCESS
Submit GPU readback                0x00000000  STATUS_SUCCESS
    asking the context to signal the monitored fence to 353
D3DKMTSignalSynchronizationObjectFromGpu 0x00000000  STATUS_SUCCESS
D3DKMTWaitForSynchronizationObjectFromCpu 0x00000000  STATUS_SUCCESS
    the monitored fence reached 353 after 0 ms
D3DKMTLock2 [gpu-readback]         0x00000000  STATUS_SUCCESS
    locked at CPU VA 000001E85E2B0000
D3DKMTUnlock2 [gpu-readback]       0x00000000  STATUS_SUCCESS
D3DKMTLock2 [gpu-readback]         0x00000000  STATUS_SUCCESS
    locked at CPU VA 000001E85E2B0000
D3DKMTUnlock2 [gpu-readback]       0x00000000  STATUS_SUCCESS
D3DKMTLock2 [gpu-ib]               0x00000000  STATUS_SUCCESS
    locked at CPU VA 000001E85E2A0000
D3DKMTUnlock2 [gpu-ib]             0x00000000  STATUS_SUCCESS
Submit GPU readback                0x00000000  STATUS_SUCCESS
    asking the context to signal the monitored fence to 354
D3DKMTSignalSynchronizationObjectFromGpu 0x00000000  STATUS_SUCCESS
D3DKMTWaitForSynchronizationObjectFromCpu 0x00000000  STATUS_SUCCESS
    the monitored fence reached 354 after 0 ms
D3DKMTLock2 [gpu-readback]         0x00000000  STATUS_SUCCESS
    locked at CPU VA 000001E85E2B0000
D3DKMTUnlock2 [gpu-readback]       0x00000000  STATUS_SUCCESS
D3DKMTLock2 [gpu-readback]         0x00000000  STATUS_SUCCESS
    locked at CPU VA 000001E85E2B0000
D3DKMTUnlock2 [gpu-readback]       0x00000000  STATUS_SUCCESS
D3DKMTLock2 [gpu-ib]               0x00000000  STATUS_SUCCESS
    locked at CPU VA 000001E85E2A0000
D3DKMTUnlock2 [gpu-ib]             0x00000000  STATUS_SUCCESS
Submit GPU readback                0x00000000  STATUS_SUCCESS
    asking the context to signal the monitored fence to 355
D3DKMTSignalSynchronizationObjectFromGpu 0x00000000  STATUS_SUCCESS
D3DKMTWaitForSynchronizationObjectFromCpu 0x00000000  STATUS_SUCCESS
    the monitored fence reached 355 after 0 ms
D3DKMTLock2 [gpu-readback]         0x00000000  STATUS_SUCCESS
    locked at CPU VA 000001E85E2B0000
D3DKMTUnlock2 [gpu-readback]       0x00000000  STATUS_SUCCESS
D3DKMTLock2 [gpu-readback]         0x00000000  STATUS_SUCCESS
    locked at CPU VA 000001E85E2B0000
D3DKMTUnlock2 [gpu-readback]       0x00000000  STATUS_SUCCESS
D3DKMTLock2 [gpu-ib]               0x00000000  STATUS_SUCCESS
    locked at CPU VA 000001E85E2A0000
D3DKMTUnlock2 [gpu-ib]             0x00000000  STATUS_SUCCESS
Submit GPU readback                0x00000000  STATUS_SUCCESS
    asking the context to signal the monitored fence to 356
D3DKMTSignalSynchronizationObjectFromGpu 0x00000000  STATUS_SUCCESS
D3DKMTWaitForSynchronizationObjectFromCpu 0x00000000  STATUS_SUCCESS
    the monitored fence reached 356 after 0 ms
D3DKMTLock2 [gpu-readback]         0x00000000  STATUS_SUCCESS
    locked at CPU VA 000001E85E2B0000
D3DKMTUnlock2 [gpu-readback]       0x00000000  STATUS_SUCCESS
D3DKMTLock2 [gpu-readback]         0x00000000  STATUS_SUCCESS
    locked at CPU VA 000001E85E2B0000
D3DKMTUnlock2 [gpu-readback]       0x00000000  STATUS_SUCCESS
D3DKMTLock2 [gpu-ib]               0x00000000  STATUS_SUCCESS
    locked at CPU VA 000001E85E2A0000
D3DKMTUnlock2 [gpu-ib]             0x00000000  STATUS_SUCCESS
Submit GPU readback                0x00000000  STATUS_SUCCESS
    asking the context to signal the monitored fence to 357
D3DKMTSignalSynchronizationObjectFromGpu 0x00000000  STATUS_SUCCESS
D3DKMTWaitForSynchronizationObjectFromCpu 0x00000000  STATUS_SUCCESS
    the monitored fence reached 357 after 0 ms
D3DKMTLock2 [gpu-readback]         0x00000000  STATUS_SUCCESS
    locked at CPU VA 000001E85E2B0000
D3DKMTUnlock2 [gpu-readback]       0x00000000  STATUS_SUCCESS
D3DKMTLock2 [gpu-readback]         0x00000000  STATUS_SUCCESS
    locked at CPU VA 000001E85E2B0000
D3DKMTUnlock2 [gpu-readback]       0x00000000  STATUS_SUCCESS
D3DKMTLock2 [gpu-ib]               0x00000000  STATUS_SUCCESS
    locked at CPU VA 000001E85E2A0000
D3DKMTUnlock2 [gpu-ib]             0x00000000  STATUS_SUCCESS
Submit GPU readback                0x00000000  STATUS_SUCCESS
    asking the context to signal the monitored fence to 358
D3DKMTSignalSynchronizationObjectFromGpu 0x00000000  STATUS_SUCCESS
D3DKMTWaitForSynchronizationObjectFromCpu 0x00000000  STATUS_SUCCESS
    the monitored fence reached 358 after 0 ms
D3DKMTLock2 [gpu-readback]         0x00000000  STATUS_SUCCESS
    locked at CPU VA 000001E85E2B0000
D3DKMTUnlock2 [gpu-readback]       0x00000000  STATUS_SUCCESS
D3DKMTLock2 [gpu-readback]         0x00000000  STATUS_SUCCESS
    locked at CPU VA 000001E85E2B0000
D3DKMTUnlock2 [gpu-readback]       0x00000000  STATUS_SUCCESS
D3DKMTLock2 [gpu-ib]               0x00000000  STATUS_SUCCESS
    locked at CPU VA 000001E85E2A0000
D3DKMTUnlock2 [gpu-ib]             0x00000000  STATUS_SUCCESS
Submit GPU readback                0x00000000  STATUS_SUCCESS
    asking the context to signal the monitored fence to 359
D3DKMTSignalSynchronizationObjectFromGpu 0x00000000  STATUS_SUCCESS
D3DKMTWaitForSynchronizationObjectFromCpu 0x00000000  STATUS_SUCCESS
    the monitored fence reached 359 after 0 ms
D3DKMTLock2 [gpu-readback]         0x00000000  STATUS_SUCCESS
    locked at CPU VA 000001E85E2B0000
D3DKMTUnlock2 [gpu-readback]       0x00000000  STATUS_SUCCESS
D3DKMTLock2 [gpu-readback]         0x00000000  STATUS_SUCCESS
    locked at CPU VA 000001E85E2B0000
D3DKMTUnlock2 [gpu-readback]       0x00000000  STATUS_SUCCESS
D3DKMTLock2 [gpu-ib]               0x00000000  STATUS_SUCCESS
    locked at CPU VA 000001E85E2A0000
D3DKMTUnlock2 [gpu-ib]             0x00000000  STATUS_SUCCESS
Submit GPU readback                0x00000000  STATUS_SUCCESS
    asking the context to signal the monitored fence to 360
D3DKMTSignalSynchronizationObjectFromGpu 0x00000000  STATUS_SUCCESS
D3DKMTWaitForSynchronizationObjectFromCpu 0x00000000  STATUS_SUCCESS
    the monitored fence reached 360 after 0 ms
D3DKMTLock2 [gpu-readback]         0x00000000  STATUS_SUCCESS
    locked at CPU VA 000001E85E2B0000
D3DKMTUnlock2 [gpu-readback]       0x00000000  STATUS_SUCCESS
D3DKMTLock2 [gpu-readback]         0x00000000  STATUS_SUCCESS
    locked at CPU VA 000001E85E2B0000
D3DKMTUnlock2 [gpu-readback]       0x00000000  STATUS_SUCCESS
D3DKMTLock2 [gpu-ib]               0x00000000  STATUS_SUCCESS
    locked at CPU VA 000001E85E2A0000
D3DKMTUnlock2 [gpu-ib]             0x00000000  STATUS_SUCCESS
Submit GPU readback                0x00000000  STATUS_SUCCESS
    asking the context to signal the monitored fence to 361
D3DKMTSignalSynchronizationObjectFromGpu 0x00000000  STATUS_SUCCESS
D3DKMTWaitForSynchronizationObjectFromCpu 0x00000000  STATUS_SUCCESS
    the monitored fence reached 361 after 0 ms
D3DKMTLock2 [gpu-readback]         0x00000000  STATUS_SUCCESS
    locked at CPU VA 000001E85E2B0000
D3DKMTUnlock2 [gpu-readback]       0x00000000  STATUS_SUCCESS
D3DKMTLock2 [gpu-readback]         0x00000000  STATUS_SUCCESS
    locked at CPU VA 000001E85E2B0000
D3DKMTUnlock2 [gpu-readback]       0x00000000  STATUS_SUCCESS
D3DKMTLock2 [gpu-ib]               0x00000000  STATUS_SUCCESS
    locked at CPU VA 000001E85E2A0000
D3DKMTUnlock2 [gpu-ib]             0x00000000  STATUS_SUCCESS
Submit GPU readback                0x00000000  STATUS_SUCCESS
    asking the context to signal the monitored fence to 362
D3DKMTSignalSynchronizationObjectFromGpu 0x00000000  STATUS_SUCCESS
D3DKMTWaitForSynchronizationObjectFromCpu 0x00000000  STATUS_SUCCESS
    the monitored fence reached 362 after 0 ms
D3DKMTLock2 [gpu-readback]         0x00000000  STATUS_SUCCESS
    locked at CPU VA 000001E85E2B0000
D3DKMTUnlock2 [gpu-readback]       0x00000000  STATUS_SUCCESS
D3DKMTLock2 [gpu-readback]         0x00000000  STATUS_SUCCESS
    locked at CPU VA 000001E85E2B0000
D3DKMTUnlock2 [gpu-readback]       0x00000000  STATUS_SUCCESS
D3DKMTLock2 [gpu-ib]               0x00000000  STATUS_SUCCESS
    locked at CPU VA 000001E85E2A0000
D3DKMTUnlock2 [gpu-ib]             0x00000000  STATUS_SUCCESS
Submit GPU readback                0x00000000  STATUS_SUCCESS
    asking the context to signal the monitored fence to 363
D3DKMTSignalSynchronizationObjectFromGpu 0x00000000  STATUS_SUCCESS
D3DKMTWaitForSynchronizationObjectFromCpu 0x00000000  STATUS_SUCCESS
    the monitored fence reached 363 after 0 ms
D3DKMTLock2 [gpu-readback]         0x00000000  STATUS_SUCCESS
    locked at CPU VA 000001E85E2B0000
D3DKMTUnlock2 [gpu-readback]       0x00000000  STATUS_SUCCESS
D3DKMTLock2 [gpu-readback]         0x00000000  STATUS_SUCCESS
    locked at CPU VA 000001E85E2B0000
D3DKMTUnlock2 [gpu-readback]       0x00000000  STATUS_SUCCESS
D3DKMTLock2 [gpu-ib]               0x00000000  STATUS_SUCCESS
    locked at CPU VA 000001E85E2A0000
D3DKMTUnlock2 [gpu-ib]             0x00000000  STATUS_SUCCESS
Submit GPU readback                0x00000000  STATUS_SUCCESS
    asking the context to signal the monitored fence to 364
D3DKMTSignalSynchronizationObjectFromGpu 0x00000000  STATUS_SUCCESS
D3DKMTWaitForSynchronizationObjectFromCpu 0x00000000  STATUS_SUCCESS
    the monitored fence reached 364 after 0 ms
D3DKMTLock2 [gpu-readback]         0x00000000  STATUS_SUCCESS
    locked at CPU VA 000001E85E2B0000
D3DKMTUnlock2 [gpu-readback]       0x00000000  STATUS_SUCCESS
D3DKMTLock2 [gpu-readback]         0x00000000  STATUS_SUCCESS
    locked at CPU VA 000001E85E2B0000
D3DKMTUnlock2 [gpu-readback]       0x00000000  STATUS_SUCCESS
D3DKMTLock2 [gpu-ib]               0x00000000  STATUS_SUCCESS
    locked at CPU VA 000001E85E2A0000
D3DKMTUnlock2 [gpu-ib]             0x00000000  STATUS_SUCCESS
Submit GPU readback                0x00000000  STATUS_SUCCESS
    asking the context to signal the monitored fence to 365
D3DKMTSignalSynchronizationObjectFromGpu 0x00000000  STATUS_SUCCESS
D3DKMTWaitForSynchronizationObjectFromCpu 0x00000000  STATUS_SUCCESS
    the monitored fence reached 365 after 0 ms
D3DKMTLock2 [gpu-readback]         0x00000000  STATUS_SUCCESS
    locked at CPU VA 000001E85E2B0000
D3DKMTUnlock2 [gpu-readback]       0x00000000  STATUS_SUCCESS
D3DKMTLock2 [gpu-readback]         0x00000000  STATUS_SUCCESS
    locked at CPU VA 000001E85E2B0000
D3DKMTUnlock2 [gpu-readback]       0x00000000  STATUS_SUCCESS
D3DKMTLock2 [gpu-ib]               0x00000000  STATUS_SUCCESS
    locked at CPU VA 000001E85E2A0000
D3DKMTUnlock2 [gpu-ib]             0x00000000  STATUS_SUCCESS
Submit GPU readback                0x00000000  STATUS_SUCCESS
    asking the context to signal the monitored fence to 366
D3DKMTSignalSynchronizationObjectFromGpu 0x00000000  STATUS_SUCCESS
D3DKMTWaitForSynchronizationObjectFromCpu 0x00000000  STATUS_SUCCESS
    the monitored fence reached 366 after 0 ms
D3DKMTLock2 [gpu-readback]         0x00000000  STATUS_SUCCESS
    locked at CPU VA 000001E85E2B0000
D3DKMTUnlock2 [gpu-readback]       0x00000000  STATUS_SUCCESS
D3DKMTLock2 [gpu-readback]         0x00000000  STATUS_SUCCESS
    locked at CPU VA 000001E85E2B0000
D3DKMTUnlock2 [gpu-readback]       0x00000000  STATUS_SUCCESS
D3DKMTLock2 [gpu-ib]               0x00000000  STATUS_SUCCESS
    locked at CPU VA 000001E85E2A0000
D3DKMTUnlock2 [gpu-ib]             0x00000000  STATUS_SUCCESS
Submit GPU readback                0x00000000  STATUS_SUCCESS
    asking the context to signal the monitored fence to 367
D3DKMTSignalSynchronizationObjectFromGpu 0x00000000  STATUS_SUCCESS
D3DKMTWaitForSynchronizationObjectFromCpu 0x00000000  STATUS_SUCCESS
    the monitored fence reached 367 after 0 ms
D3DKMTLock2 [gpu-readback]         0x00000000  STATUS_SUCCESS
    locked at CPU VA 000001E85E2B0000
D3DKMTUnlock2 [gpu-readback]       0x00000000  STATUS_SUCCESS
D3DKMTLock2 [gpu-readback]         0x00000000  STATUS_SUCCESS
    locked at CPU VA 000001E85E2B0000
D3DKMTUnlock2 [gpu-readback]       0x00000000  STATUS_SUCCESS
D3DKMTLock2 [gpu-ib]               0x00000000  STATUS_SUCCESS
    locked at CPU VA 000001E85E2A0000
D3DKMTUnlock2 [gpu-ib]             0x00000000  STATUS_SUCCESS
Submit GPU readback                0x00000000  STATUS_SUCCESS
    asking the context to signal the monitored fence to 368
D3DKMTSignalSynchronizationObjectFromGpu 0x00000000  STATUS_SUCCESS
D3DKMTWaitForSynchronizationObjectFromCpu 0x00000000  STATUS_SUCCESS
    the monitored fence reached 368 after 0 ms
D3DKMTLock2 [gpu-readback]         0x00000000  STATUS_SUCCESS
    locked at CPU VA 000001E85E2B0000
D3DKMTUnlock2 [gpu-readback]       0x00000000  STATUS_SUCCESS
D3DKMTLock2 [gpu-readback]         0x00000000  STATUS_SUCCESS
    locked at CPU VA 000001E85E2B0000
D3DKMTUnlock2 [gpu-readback]       0x00000000  STATUS_SUCCESS
D3DKMTLock2 [gpu-ib]               0x00000000  STATUS_SUCCESS
    locked at CPU VA 000001E85E2A0000
D3DKMTUnlock2 [gpu-ib]             0x00000000  STATUS_SUCCESS
Submit GPU readback                0x00000000  STATUS_SUCCESS
    asking the context to signal the monitored fence to 369
D3DKMTSignalSynchronizationObjectFromGpu 0x00000000  STATUS_SUCCESS
D3DKMTWaitForSynchronizationObjectFromCpu 0x00000000  STATUS_SUCCESS
    the monitored fence reached 369 after 0 ms
D3DKMTLock2 [gpu-readback]         0x00000000  STATUS_SUCCESS
    locked at CPU VA 000001E85E2B0000
D3DKMTUnlock2 [gpu-readback]       0x00000000  STATUS_SUCCESS
D3DKMTLock2 [gpu-readback]         0x00000000  STATUS_SUCCESS
    locked at CPU VA 000001E85E2B0000
D3DKMTUnlock2 [gpu-readback]       0x00000000  STATUS_SUCCESS
D3DKMTLock2 [gpu-ib]               0x00000000  STATUS_SUCCESS
    locked at CPU VA 000001E85E2A0000
D3DKMTUnlock2 [gpu-ib]             0x00000000  STATUS_SUCCESS
Submit GPU readback                0x00000000  STATUS_SUCCESS
    asking the context to signal the monitored fence to 370
D3DKMTSignalSynchronizationObjectFromGpu 0x00000000  STATUS_SUCCESS
D3DKMTWaitForSynchronizationObjectFromCpu 0x00000000  STATUS_SUCCESS
    the monitored fence reached 370 after 0 ms
D3DKMTLock2 [gpu-readback]         0x00000000  STATUS_SUCCESS
    locked at CPU VA 000001E85E2B0000
D3DKMTUnlock2 [gpu-readback]       0x00000000  STATUS_SUCCESS
D3DKMTLock2 [gpu-readback]         0x00000000  STATUS_SUCCESS
    locked at CPU VA 000001E85E2B0000
D3DKMTUnlock2 [gpu-readback]       0x00000000  STATUS_SUCCESS
D3DKMTLock2 [gpu-ib]               0x00000000  STATUS_SUCCESS
    locked at CPU VA 000001E85E2A0000
D3DKMTUnlock2 [gpu-ib]             0x00000000  STATUS_SUCCESS
Submit GPU readback                0x00000000  STATUS_SUCCESS
    asking the context to signal the monitored fence to 371
D3DKMTSignalSynchronizationObjectFromGpu 0x00000000  STATUS_SUCCESS
D3DKMTWaitForSynchronizationObjectFromCpu 0x00000000  STATUS_SUCCESS
    the monitored fence reached 371 after 0 ms
D3DKMTLock2 [gpu-readback]         0x00000000  STATUS_SUCCESS
    locked at CPU VA 000001E85E2B0000
D3DKMTUnlock2 [gpu-readback]       0x00000000  STATUS_SUCCESS
D3DKMTLock2 [gpu-readback]         0x00000000  STATUS_SUCCESS
    locked at CPU VA 000001E85E2B0000
D3DKMTUnlock2 [gpu-readback]       0x00000000  STATUS_SUCCESS
D3DKMTLock2 [gpu-ib]               0x00000000  STATUS_SUCCESS
    locked at CPU VA 000001E85E2A0000
D3DKMTUnlock2 [gpu-ib]             0x00000000  STATUS_SUCCESS
Submit GPU readback                0x00000000  STATUS_SUCCESS
    asking the context to signal the monitored fence to 372
D3DKMTSignalSynchronizationObjectFromGpu 0x00000000  STATUS_SUCCESS
D3DKMTWaitForSynchronizationObjectFromCpu 0x00000000  STATUS_SUCCESS
    the monitored fence reached 372 after 16 ms
D3DKMTLock2 [gpu-readback]         0x00000000  STATUS_SUCCESS
    locked at CPU VA 000001E85E2B0000
D3DKMTUnlock2 [gpu-readback]       0x00000000  STATUS_SUCCESS
D3DKMTLock2 [gpu-readback]         0x00000000  STATUS_SUCCESS
    locked at CPU VA 000001E85E2B0000
D3DKMTUnlock2 [gpu-readback]       0x00000000  STATUS_SUCCESS
D3DKMTLock2 [gpu-ib]               0x00000000  STATUS_SUCCESS
    locked at CPU VA 000001E85E2A0000
D3DKMTUnlock2 [gpu-ib]             0x00000000  STATUS_SUCCESS
Submit GPU readback                0x00000000  STATUS_SUCCESS
    asking the context to signal the monitored fence to 373
D3DKMTSignalSynchronizationObjectFromGpu 0x00000000  STATUS_SUCCESS
D3DKMTWaitForSynchronizationObjectFromCpu 0x00000000  STATUS_SUCCESS
    the monitored fence reached 373 after 0 ms
D3DKMTLock2 [gpu-readback]         0x00000000  STATUS_SUCCESS
    locked at CPU VA 000001E85E2B0000
D3DKMTUnlock2 [gpu-readback]       0x00000000  STATUS_SUCCESS
D3DKMTLock2 [gpu-readback]         0x00000000  STATUS_SUCCESS
    locked at CPU VA 000001E85E2B0000
D3DKMTUnlock2 [gpu-readback]       0x00000000  STATUS_SUCCESS
D3DKMTLock2 [gpu-ib]               0x00000000  STATUS_SUCCESS
    locked at CPU VA 000001E85E2A0000
D3DKMTUnlock2 [gpu-ib]             0x00000000  STATUS_SUCCESS
Submit GPU readback                0x00000000  STATUS_SUCCESS
    asking the context to signal the monitored fence to 374
D3DKMTSignalSynchronizationObjectFromGpu 0x00000000  STATUS_SUCCESS
D3DKMTWaitForSynchronizationObjectFromCpu 0x00000000  STATUS_SUCCESS
    the monitored fence reached 374 after 0 ms
D3DKMTLock2 [gpu-readback]         0x00000000  STATUS_SUCCESS
    locked at CPU VA 000001E85E2B0000
D3DKMTUnlock2 [gpu-readback]       0x00000000  STATUS_SUCCESS
D3DKMTLock2 [gpu-readback]         0x00000000  STATUS_SUCCESS
    locked at CPU VA 000001E85E2B0000
D3DKMTUnlock2 [gpu-readback]       0x00000000  STATUS_SUCCESS
D3DKMTLock2 [gpu-ib]               0x00000000  STATUS_SUCCESS
    locked at CPU VA 000001E85E2A0000
D3DKMTUnlock2 [gpu-ib]             0x00000000  STATUS_SUCCESS
Submit GPU readback                0x00000000  STATUS_SUCCESS
    asking the context to signal the monitored fence to 375
D3DKMTSignalSynchronizationObjectFromGpu 0x00000000  STATUS_SUCCESS
D3DKMTWaitForSynchronizationObjectFromCpu 0x00000000  STATUS_SUCCESS
    the monitored fence reached 375 after 0 ms
D3DKMTLock2 [gpu-readback]         0x00000000  STATUS_SUCCESS
    locked at CPU VA 000001E85E2B0000
D3DKMTUnlock2 [gpu-readback]       0x00000000  STATUS_SUCCESS
D3DKMTLock2 [gpu-readback]         0x00000000  STATUS_SUCCESS
    locked at CPU VA 000001E85E2B0000
D3DKMTUnlock2 [gpu-readback]       0x00000000  STATUS_SUCCESS
D3DKMTLock2 [gpu-ib]               0x00000000  STATUS_SUCCESS
    locked at CPU VA 000001E85E2A0000
D3DKMTUnlock2 [gpu-ib]             0x00000000  STATUS_SUCCESS
Submit GPU readback                0x00000000  STATUS_SUCCESS
    asking the context to signal the monitored fence to 376
D3DKMTSignalSynchronizationObjectFromGpu 0x00000000  STATUS_SUCCESS
D3DKMTWaitForSynchronizationObjectFromCpu 0x00000000  STATUS_SUCCESS
    the monitored fence reached 376 after 0 ms
D3DKMTLock2 [gpu-readback]         0x00000000  STATUS_SUCCESS
    locked at CPU VA 000001E85E2B0000
D3DKMTUnlock2 [gpu-readback]       0x00000000  STATUS_SUCCESS
D3DKMTLock2 [gpu-readback]         0x00000000  STATUS_SUCCESS
    locked at CPU VA 000001E85E2B0000
D3DKMTUnlock2 [gpu-readback]       0x00000000  STATUS_SUCCESS
D3DKMTLock2 [gpu-ib]               0x00000000  STATUS_SUCCESS
    locked at CPU VA 000001E85E2A0000
D3DKMTUnlock2 [gpu-ib]             0x00000000  STATUS_SUCCESS
Submit GPU readback                0x00000000  STATUS_SUCCESS
    asking the context to signal the monitored fence to 377
D3DKMTSignalSynchronizationObjectFromGpu 0x00000000  STATUS_SUCCESS
D3DKMTWaitForSynchronizationObjectFromCpu 0x00000000  STATUS_SUCCESS
    the monitored fence reached 377 after 0 ms
D3DKMTLock2 [gpu-readback]         0x00000000  STATUS_SUCCESS
    locked at CPU VA 000001E85E2B0000
D3DKMTUnlock2 [gpu-readback]       0x00000000  STATUS_SUCCESS
D3DKMTLock2 [gpu-readback]         0x00000000  STATUS_SUCCESS
    locked at CPU VA 000001E85E2B0000
D3DKMTUnlock2 [gpu-readback]       0x00000000  STATUS_SUCCESS
D3DKMTLock2 [gpu-ib]               0x00000000  STATUS_SUCCESS
    locked at CPU VA 000001E85E2A0000
D3DKMTUnlock2 [gpu-ib]             0x00000000  STATUS_SUCCESS
Submit GPU readback                0x00000000  STATUS_SUCCESS
    asking the context to signal the monitored fence to 378
D3DKMTSignalSynchronizationObjectFromGpu 0x00000000  STATUS_SUCCESS
D3DKMTWaitForSynchronizationObjectFromCpu 0x00000000  STATUS_SUCCESS
    the monitored fence reached 378 after 0 ms
D3DKMTLock2 [gpu-readback]         0x00000000  STATUS_SUCCESS
    locked at CPU VA 000001E85E2B0000
D3DKMTUnlock2 [gpu-readback]       0x00000000  STATUS_SUCCESS
D3DKMTLock2 [gpu-readback]         0x00000000  STATUS_SUCCESS
    locked at CPU VA 000001E85E2B0000
D3DKMTUnlock2 [gpu-readback]       0x00000000  STATUS_SUCCESS
D3DKMTLock2 [gpu-ib]               0x00000000  STATUS_SUCCESS
    locked at CPU VA 000001E85E2A0000
D3DKMTUnlock2 [gpu-ib]             0x00000000  STATUS_SUCCESS
Submit GPU readback                0x00000000  STATUS_SUCCESS
    asking the context to signal the monitored fence to 379
D3DKMTSignalSynchronizationObjectFromGpu 0x00000000  STATUS_SUCCESS
D3DKMTWaitForSynchronizationObjectFromCpu 0x00000000  STATUS_SUCCESS
    the monitored fence reached 379 after 0 ms
D3DKMTLock2 [gpu-readback]         0x00000000  STATUS_SUCCESS
    locked at CPU VA 000001E85E2B0000
D3DKMTUnlock2 [gpu-readback]       0x00000000  STATUS_SUCCESS
D3DKMTLock2 [gpu-readback]         0x00000000  STATUS_SUCCESS
    locked at CPU VA 000001E85E2B0000
D3DKMTUnlock2 [gpu-readback]       0x00000000  STATUS_SUCCESS
D3DKMTLock2 [gpu-ib]               0x00000000  STATUS_SUCCESS
    locked at CPU VA 000001E85E2A0000
D3DKMTUnlock2 [gpu-ib]             0x00000000  STATUS_SUCCESS
Submit GPU readback                0x00000000  STATUS_SUCCESS
    asking the context to signal the monitored fence to 380
D3DKMTSignalSynchronizationObjectFromGpu 0x00000000  STATUS_SUCCESS
D3DKMTWaitForSynchronizationObjectFromCpu 0x00000000  STATUS_SUCCESS
    the monitored fence reached 380 after 0 ms
D3DKMTLock2 [gpu-readback]         0x00000000  STATUS_SUCCESS
    locked at CPU VA 000001E85E2B0000
D3DKMTUnlock2 [gpu-readback]       0x00000000  STATUS_SUCCESS
D3DKMTLock2 [gpu-readback]         0x00000000  STATUS_SUCCESS
    locked at CPU VA 000001E85E2B0000
D3DKMTUnlock2 [gpu-readback]       0x00000000  STATUS_SUCCESS
D3DKMTLock2 [gpu-ib]               0x00000000  STATUS_SUCCESS
    locked at CPU VA 000001E85E2A0000
D3DKMTUnlock2 [gpu-ib]             0x00000000  STATUS_SUCCESS
Submit GPU readback                0x00000000  STATUS_SUCCESS
    asking the context to signal the monitored fence to 381
D3DKMTSignalSynchronizationObjectFromGpu 0x00000000  STATUS_SUCCESS
D3DKMTWaitForSynchronizationObjectFromCpu 0x00000000  STATUS_SUCCESS
    the monitored fence reached 381 after 0 ms
D3DKMTLock2 [gpu-readback]         0x00000000  STATUS_SUCCESS
    locked at CPU VA 000001E85E2B0000
D3DKMTUnlock2 [gpu-readback]       0x00000000  STATUS_SUCCESS
D3DKMTLock2 [gpu-readback]         0x00000000  STATUS_SUCCESS
    locked at CPU VA 000001E85E2B0000
D3DKMTUnlock2 [gpu-readback]       0x00000000  STATUS_SUCCESS
D3DKMTLock2 [gpu-ib]               0x00000000  STATUS_SUCCESS
    locked at CPU VA 000001E85E2A0000
D3DKMTUnlock2 [gpu-ib]             0x00000000  STATUS_SUCCESS
Submit GPU readback                0x00000000  STATUS_SUCCESS
    asking the context to signal the monitored fence to 382
D3DKMTSignalSynchronizationObjectFromGpu 0x00000000  STATUS_SUCCESS
D3DKMTWaitForSynchronizationObjectFromCpu 0x00000000  STATUS_SUCCESS
    the monitored fence reached 382 after 0 ms
D3DKMTLock2 [gpu-readback]         0x00000000  STATUS_SUCCESS
    locked at CPU VA 000001E85E2B0000
D3DKMTUnlock2 [gpu-readback]       0x00000000  STATUS_SUCCESS
D3DKMTLock2 [gpu-readback]         0x00000000  STATUS_SUCCESS
    locked at CPU VA 000001E85E2B0000
D3DKMTUnlock2 [gpu-readback]       0x00000000  STATUS_SUCCESS
D3DKMTLock2 [gpu-ib]               0x00000000  STATUS_SUCCESS
    locked at CPU VA 000001E85E2A0000
D3DKMTUnlock2 [gpu-ib]             0x00000000  STATUS_SUCCESS
Submit GPU readback                0x00000000  STATUS_SUCCESS
    asking the context to signal the monitored fence to 383
D3DKMTSignalSynchronizationObjectFromGpu 0x00000000  STATUS_SUCCESS
D3DKMTWaitForSynchronizationObjectFromCpu 0x00000000  STATUS_SUCCESS
    the monitored fence reached 383 after 0 ms
D3DKMTLock2 [gpu-readback]         0x00000000  STATUS_SUCCESS
    locked at CPU VA 000001E85E2B0000
D3DKMTUnlock2 [gpu-readback]       0x00000000  STATUS_SUCCESS
D3DKMTLock2 [gpu-readback]         0x00000000  STATUS_SUCCESS
    locked at CPU VA 000001E85E2B0000
D3DKMTUnlock2 [gpu-readback]       0x00000000  STATUS_SUCCESS
D3DKMTLock2 [gpu-ib]               0x00000000  STATUS_SUCCESS
    locked at CPU VA 000001E85E2A0000
D3DKMTUnlock2 [gpu-ib]             0x00000000  STATUS_SUCCESS
Submit GPU readback                0x00000000  STATUS_SUCCESS
    asking the context to signal the monitored fence to 384
D3DKMTSignalSynchronizationObjectFromGpu 0x00000000  STATUS_SUCCESS
D3DKMTWaitForSynchronizationObjectFromCpu 0x00000000  STATUS_SUCCESS
    the monitored fence reached 384 after 0 ms
D3DKMTLock2 [gpu-readback]         0x00000000  STATUS_SUCCESS
    locked at CPU VA 000001E85E2B0000
D3DKMTUnlock2 [gpu-readback]       0x00000000  STATUS_SUCCESS
D3DKMTLock2 [gpu-readback]         0x00000000  STATUS_SUCCESS
    locked at CPU VA 000001E85E2B0000
D3DKMTUnlock2 [gpu-readback]       0x00000000  STATUS_SUCCESS
D3DKMTLock2 [gpu-ib]               0x00000000  STATUS_SUCCESS
    locked at CPU VA 000001E85E2A0000
D3DKMTUnlock2 [gpu-ib]             0x00000000  STATUS_SUCCESS
Submit GPU readback                0x00000000  STATUS_SUCCESS
    asking the context to signal the monitored fence to 385
D3DKMTSignalSynchronizationObjectFromGpu 0x00000000  STATUS_SUCCESS
D3DKMTWaitForSynchronizationObjectFromCpu 0x00000000  STATUS_SUCCESS
    the monitored fence reached 385 after 0 ms
D3DKMTLock2 [gpu-readback]         0x00000000  STATUS_SUCCESS
    locked at CPU VA 000001E85E2B0000
D3DKMTUnlock2 [gpu-readback]       0x00000000  STATUS_SUCCESS
D3DKMTLock2 [gpu-readback]         0x00000000  STATUS_SUCCESS
    locked at CPU VA 000001E85E2B0000
D3DKMTUnlock2 [gpu-readback]       0x00000000  STATUS_SUCCESS
D3DKMTLock2 [gpu-ib]               0x00000000  STATUS_SUCCESS
    locked at CPU VA 000001E85E2A0000
D3DKMTUnlock2 [gpu-ib]             0x00000000  STATUS_SUCCESS
Submit GPU readback                0x00000000  STATUS_SUCCESS
    asking the context to signal the monitored fence to 386
D3DKMTSignalSynchronizationObjectFromGpu 0x00000000  STATUS_SUCCESS
D3DKMTWaitForSynchronizationObjectFromCpu 0x00000000  STATUS_SUCCESS
    the monitored fence reached 386 after 0 ms
D3DKMTLock2 [gpu-readback]         0x00000000  STATUS_SUCCESS
    locked at CPU VA 000001E85E2B0000
D3DKMTUnlock2 [gpu-readback]       0x00000000  STATUS_SUCCESS
D3DKMTLock2 [gpu-readback]         0x00000000  STATUS_SUCCESS
    locked at CPU VA 000001E85E2B0000
D3DKMTUnlock2 [gpu-readback]       0x00000000  STATUS_SUCCESS
D3DKMTLock2 [gpu-ib]               0x00000000  STATUS_SUCCESS
    locked at CPU VA 000001E85E2A0000
D3DKMTUnlock2 [gpu-ib]             0x00000000  STATUS_SUCCESS
Submit GPU readback                0x00000000  STATUS_SUCCESS
    asking the context to signal the monitored fence to 387
D3DKMTSignalSynchronizationObjectFromGpu 0x00000000  STATUS_SUCCESS
D3DKMTWaitForSynchronizationObjectFromCpu 0x00000000  STATUS_SUCCESS
    the monitored fence reached 387 after 0 ms
D3DKMTLock2 [gpu-readback]         0x00000000  STATUS_SUCCESS
    locked at CPU VA 000001E85E2B0000
D3DKMTUnlock2 [gpu-readback]       0x00000000  STATUS_SUCCESS
D3DKMTLock2 [gpu-readback]         0x00000000  STATUS_SUCCESS
    locked at CPU VA 000001E85E2B0000
D3DKMTUnlock2 [gpu-readback]       0x00000000  STATUS_SUCCESS
D3DKMTLock2 [gpu-ib]               0x00000000  STATUS_SUCCESS
    locked at CPU VA 000001E85E2A0000
D3DKMTUnlock2 [gpu-ib]             0x00000000  STATUS_SUCCESS
Submit GPU readback                0x00000000  STATUS_SUCCESS
    asking the context to signal the monitored fence to 388
D3DKMTSignalSynchronizationObjectFromGpu 0x00000000  STATUS_SUCCESS
D3DKMTWaitForSynchronizationObjectFromCpu 0x00000000  STATUS_SUCCESS
    the monitored fence reached 388 after 0 ms
D3DKMTLock2 [gpu-readback]         0x00000000  STATUS_SUCCESS
    locked at CPU VA 000001E85E2B0000
D3DKMTUnlock2 [gpu-readback]       0x00000000  STATUS_SUCCESS
D3DKMTLock2 [gpu-readback]         0x00000000  STATUS_SUCCESS
    locked at CPU VA 000001E85E2B0000
D3DKMTUnlock2 [gpu-readback]       0x00000000  STATUS_SUCCESS
D3DKMTLock2 [gpu-ib]               0x00000000  STATUS_SUCCESS
    locked at CPU VA 000001E85E2A0000
D3DKMTUnlock2 [gpu-ib]             0x00000000  STATUS_SUCCESS
Submit GPU readback                0x00000000  STATUS_SUCCESS
    asking the context to signal the monitored fence to 389
D3DKMTSignalSynchronizationObjectFromGpu 0x00000000  STATUS_SUCCESS
D3DKMTWaitForSynchronizationObjectFromCpu 0x00000000  STATUS_SUCCESS
    the monitored fence reached 389 after 0 ms
D3DKMTLock2 [gpu-readback]         0x00000000  STATUS_SUCCESS
    locked at CPU VA 000001E85E2B0000
D3DKMTUnlock2 [gpu-readback]       0x00000000  STATUS_SUCCESS
D3DKMTLock2 [gpu-readback]         0x00000000  STATUS_SUCCESS
    locked at CPU VA 000001E85E2B0000
D3DKMTUnlock2 [gpu-readback]       0x00000000  STATUS_SUCCESS
D3DKMTLock2 [gpu-ib]               0x00000000  STATUS_SUCCESS
    locked at CPU VA 000001E85E2A0000
D3DKMTUnlock2 [gpu-ib]             0x00000000  STATUS_SUCCESS
Submit GPU readback                0x00000000  STATUS_SUCCESS
    asking the context to signal the monitored fence to 390
D3DKMTSignalSynchronizationObjectFromGpu 0x00000000  STATUS_SUCCESS
D3DKMTWaitForSynchronizationObjectFromCpu 0x00000000  STATUS_SUCCESS
    the monitored fence reached 390 after 0 ms
D3DKMTLock2 [gpu-readback]         0x00000000  STATUS_SUCCESS
    locked at CPU VA 000001E85E2B0000
D3DKMTUnlock2 [gpu-readback]       0x00000000  STATUS_SUCCESS
D3DKMTLock2 [gpu-readback]         0x00000000  STATUS_SUCCESS
    locked at CPU VA 000001E85E2B0000
D3DKMTUnlock2 [gpu-readback]       0x00000000  STATUS_SUCCESS
D3DKMTLock2 [gpu-ib]               0x00000000  STATUS_SUCCESS
    locked at CPU VA 000001E85E2A0000
D3DKMTUnlock2 [gpu-ib]             0x00000000  STATUS_SUCCESS
Submit GPU readback                0x00000000  STATUS_SUCCESS
    asking the context to signal the monitored fence to 391
D3DKMTSignalSynchronizationObjectFromGpu 0x00000000  STATUS_SUCCESS
D3DKMTWaitForSynchronizationObjectFromCpu 0x00000000  STATUS_SUCCESS
    the monitored fence reached 391 after 0 ms
D3DKMTLock2 [gpu-readback]         0x00000000  STATUS_SUCCESS
    locked at CPU VA 000001E85E2B0000
D3DKMTUnlock2 [gpu-readback]       0x00000000  STATUS_SUCCESS
D3DKMTLock2 [gpu-readback]         0x00000000  STATUS_SUCCESS
    locked at CPU VA 000001E85E2B0000
D3DKMTUnlock2 [gpu-readback]       0x00000000  STATUS_SUCCESS
D3DKMTLock2 [gpu-ib]               0x00000000  STATUS_SUCCESS
    locked at CPU VA 000001E85E2A0000
D3DKMTUnlock2 [gpu-ib]             0x00000000  STATUS_SUCCESS
Submit GPU readback                0x00000000  STATUS_SUCCESS
    asking the context to signal the monitored fence to 392
D3DKMTSignalSynchronizationObjectFromGpu 0x00000000  STATUS_SUCCESS
D3DKMTWaitForSynchronizationObjectFromCpu 0x00000000  STATUS_SUCCESS
    the monitored fence reached 392 after 0 ms
D3DKMTLock2 [gpu-readback]         0x00000000  STATUS_SUCCESS
    locked at CPU VA 000001E85E2B0000
D3DKMTUnlock2 [gpu-readback]       0x00000000  STATUS_SUCCESS
D3DKMTLock2 [gpu-readback]         0x00000000  STATUS_SUCCESS
    locked at CPU VA 000001E85E2B0000
D3DKMTUnlock2 [gpu-readback]       0x00000000  STATUS_SUCCESS
D3DKMTLock2 [gpu-ib]               0x00000000  STATUS_SUCCESS
    locked at CPU VA 000001E85E2A0000
D3DKMTUnlock2 [gpu-ib]             0x00000000  STATUS_SUCCESS
Submit GPU readback                0x00000000  STATUS_SUCCESS
    asking the context to signal the monitored fence to 393
D3DKMTSignalSynchronizationObjectFromGpu 0x00000000  STATUS_SUCCESS
D3DKMTWaitForSynchronizationObjectFromCpu 0x00000000  STATUS_SUCCESS
    the monitored fence reached 393 after 0 ms
D3DKMTLock2 [gpu-readback]         0x00000000  STATUS_SUCCESS
    locked at CPU VA 000001E85E2B0000
D3DKMTUnlock2 [gpu-readback]       0x00000000  STATUS_SUCCESS
D3DKMTLock2 [gpu-readback]         0x00000000  STATUS_SUCCESS
    locked at CPU VA 000001E85E2B0000
D3DKMTUnlock2 [gpu-readback]       0x00000000  STATUS_SUCCESS
D3DKMTLock2 [gpu-ib]               0x00000000  STATUS_SUCCESS
    locked at CPU VA 000001E85E2A0000
D3DKMTUnlock2 [gpu-ib]             0x00000000  STATUS_SUCCESS
Submit GPU readback                0x00000000  STATUS_SUCCESS
    asking the context to signal the monitored fence to 394
D3DKMTSignalSynchronizationObjectFromGpu 0x00000000  STATUS_SUCCESS
D3DKMTWaitForSynchronizationObjectFromCpu 0x00000000  STATUS_SUCCESS
    the monitored fence reached 394 after 0 ms
D3DKMTLock2 [gpu-readback]         0x00000000  STATUS_SUCCESS
    locked at CPU VA 000001E85E2B0000
D3DKMTUnlock2 [gpu-readback]       0x00000000  STATUS_SUCCESS
D3DKMTLock2 [gpu-readback]         0x00000000  STATUS_SUCCESS
    locked at CPU VA 000001E85E2B0000
D3DKMTUnlock2 [gpu-readback]       0x00000000  STATUS_SUCCESS
D3DKMTLock2 [gpu-ib]               0x00000000  STATUS_SUCCESS
    locked at CPU VA 000001E85E2A0000
D3DKMTUnlock2 [gpu-ib]             0x00000000  STATUS_SUCCESS
Submit GPU readback                0x00000000  STATUS_SUCCESS
    asking the context to signal the monitored fence to 395
D3DKMTSignalSynchronizationObjectFromGpu 0x00000000  STATUS_SUCCESS
D3DKMTWaitForSynchronizationObjectFromCpu 0x00000000  STATUS_SUCCESS
    the monitored fence reached 395 after 0 ms
D3DKMTLock2 [gpu-readback]         0x00000000  STATUS_SUCCESS
    locked at CPU VA 000001E85E2B0000
D3DKMTUnlock2 [gpu-readback]       0x00000000  STATUS_SUCCESS
D3DKMTLock2 [gpu-readback]         0x00000000  STATUS_SUCCESS
    locked at CPU VA 000001E85E2B0000
D3DKMTUnlock2 [gpu-readback]       0x00000000  STATUS_SUCCESS
D3DKMTLock2 [gpu-ib]               0x00000000  STATUS_SUCCESS
    locked at CPU VA 000001E85E2A0000
D3DKMTUnlock2 [gpu-ib]             0x00000000  STATUS_SUCCESS
Submit GPU readback                0x00000000  STATUS_SUCCESS
    asking the context to signal the monitored fence to 396
D3DKMTSignalSynchronizationObjectFromGpu 0x00000000  STATUS_SUCCESS
D3DKMTWaitForSynchronizationObjectFromCpu 0x00000000  STATUS_SUCCESS
    the monitored fence reached 396 after 0 ms
D3DKMTLock2 [gpu-readback]         0x00000000  STATUS_SUCCESS
    locked at CPU VA 000001E85E2B0000
D3DKMTUnlock2 [gpu-readback]       0x00000000  STATUS_SUCCESS
D3DKMTLock2 [gpu-readback]         0x00000000  STATUS_SUCCESS
    locked at CPU VA 000001E85E2B0000
D3DKMTUnlock2 [gpu-readback]       0x00000000  STATUS_SUCCESS
D3DKMTLock2 [gpu-ib]               0x00000000  STATUS_SUCCESS
    locked at CPU VA 000001E85E2A0000
D3DKMTUnlock2 [gpu-ib]             0x00000000  STATUS_SUCCESS
Submit GPU readback                0x00000000  STATUS_SUCCESS
    asking the context to signal the monitored fence to 397
D3DKMTSignalSynchronizationObjectFromGpu 0x00000000  STATUS_SUCCESS
D3DKMTWaitForSynchronizationObjectFromCpu 0x00000000  STATUS_SUCCESS
    the monitored fence reached 397 after 0 ms
D3DKMTLock2 [gpu-readback]         0x00000000  STATUS_SUCCESS
    locked at CPU VA 000001E85E2B0000
D3DKMTUnlock2 [gpu-readback]       0x00000000  STATUS_SUCCESS
D3DKMTLock2 [gpu-readback]         0x00000000  STATUS_SUCCESS
    locked at CPU VA 000001E85E2B0000
D3DKMTUnlock2 [gpu-readback]       0x00000000  STATUS_SUCCESS
D3DKMTLock2 [gpu-ib]               0x00000000  STATUS_SUCCESS
    locked at CPU VA 000001E85E2A0000
D3DKMTUnlock2 [gpu-ib]             0x00000000  STATUS_SUCCESS
Submit GPU readback                0x00000000  STATUS_SUCCESS
    asking the context to signal the monitored fence to 398
D3DKMTSignalSynchronizationObjectFromGpu 0x00000000  STATUS_SUCCESS
D3DKMTWaitForSynchronizationObjectFromCpu 0x00000000  STATUS_SUCCESS
    the monitored fence reached 398 after 0 ms
D3DKMTLock2 [gpu-readback]         0x00000000  STATUS_SUCCESS
    locked at CPU VA 000001E85E2B0000
D3DKMTUnlock2 [gpu-readback]       0x00000000  STATUS_SUCCESS
D3DKMTLock2 [gpu-readback]         0x00000000  STATUS_SUCCESS
    locked at CPU VA 000001E85E2B0000
D3DKMTUnlock2 [gpu-readback]       0x00000000  STATUS_SUCCESS
D3DKMTLock2 [gpu-ib]               0x00000000  STATUS_SUCCESS
    locked at CPU VA 000001E85E2A0000
D3DKMTUnlock2 [gpu-ib]             0x00000000  STATUS_SUCCESS
Submit GPU readback                0x00000000  STATUS_SUCCESS
    asking the context to signal the monitored fence to 399
D3DKMTSignalSynchronizationObjectFromGpu 0x00000000  STATUS_SUCCESS
D3DKMTWaitForSynchronizationObjectFromCpu 0x00000000  STATUS_SUCCESS
    the monitored fence reached 399 after 0 ms
D3DKMTLock2 [gpu-readback]         0x00000000  STATUS_SUCCESS
    locked at CPU VA 000001E85E2B0000
D3DKMTUnlock2 [gpu-readback]       0x00000000  STATUS_SUCCESS
D3DKMTLock2 [gpu-readback]         0x00000000  STATUS_SUCCESS
    locked at CPU VA 000001E85E2B0000
D3DKMTUnlock2 [gpu-readback]       0x00000000  STATUS_SUCCESS
D3DKMTLock2 [gpu-ib]               0x00000000  STATUS_SUCCESS
    locked at CPU VA 000001E85E2A0000
D3DKMTUnlock2 [gpu-ib]             0x00000000  STATUS_SUCCESS
Submit GPU readback                0x00000000  STATUS_SUCCESS
    asking the context to signal the monitored fence to 400
D3DKMTSignalSynchronizationObjectFromGpu 0x00000000  STATUS_SUCCESS
D3DKMTWaitForSynchronizationObjectFromCpu 0x00000000  STATUS_SUCCESS
    the monitored fence reached 400 after 0 ms
D3DKMTLock2 [gpu-readback]         0x00000000  STATUS_SUCCESS
    locked at CPU VA 000001E85E2B0000
D3DKMTUnlock2 [gpu-readback]       0x00000000  STATUS_SUCCESS
D3DKMTLock2 [gpu-readback]         0x00000000  STATUS_SUCCESS
    locked at CPU VA 000001E85E2B0000
D3DKMTUnlock2 [gpu-readback]       0x00000000  STATUS_SUCCESS
D3DKMTLock2 [gpu-ib]               0x00000000  STATUS_SUCCESS
    locked at CPU VA 000001E85E2A0000
D3DKMTUnlock2 [gpu-ib]             0x00000000  STATUS_SUCCESS
Submit GPU readback                0x00000000  STATUS_SUCCESS
    asking the context to signal the monitored fence to 401
D3DKMTSignalSynchronizationObjectFromGpu 0x00000000  STATUS_SUCCESS
D3DKMTWaitForSynchronizationObjectFromCpu 0x00000000  STATUS_SUCCESS
    the monitored fence reached 401 after 0 ms
D3DKMTLock2 [gpu-readback]         0x00000000  STATUS_SUCCESS
    locked at CPU VA 000001E85E2B0000
D3DKMTUnlock2 [gpu-readback]       0x00000000  STATUS_SUCCESS
D3DKMTLock2 [gpu-readback]         0x00000000  STATUS_SUCCESS
    locked at CPU VA 000001E85E2B0000
D3DKMTUnlock2 [gpu-readback]       0x00000000  STATUS_SUCCESS
D3DKMTLock2 [gpu-ib]               0x00000000  STATUS_SUCCESS
    locked at CPU VA 000001E85E2A0000
D3DKMTUnlock2 [gpu-ib]             0x00000000  STATUS_SUCCESS
Submit GPU readback                0x00000000  STATUS_SUCCESS
    asking the context to signal the monitored fence to 402
D3DKMTSignalSynchronizationObjectFromGpu 0x00000000  STATUS_SUCCESS
D3DKMTWaitForSynchronizationObjectFromCpu 0x00000000  STATUS_SUCCESS
    the monitored fence reached 402 after 0 ms
D3DKMTLock2 [gpu-readback]         0x00000000  STATUS_SUCCESS
    locked at CPU VA 000001E85E2B0000
D3DKMTUnlock2 [gpu-readback]       0x00000000  STATUS_SUCCESS
D3DKMTLock2 [gpu-readback]         0x00000000  STATUS_SUCCESS
    locked at CPU VA 000001E85E2B0000
D3DKMTUnlock2 [gpu-readback]       0x00000000  STATUS_SUCCESS
D3DKMTLock2 [gpu-ib]               0x00000000  STATUS_SUCCESS
    locked at CPU VA 000001E85E2A0000
D3DKMTUnlock2 [gpu-ib]             0x00000000  STATUS_SUCCESS
Submit GPU readback                0x00000000  STATUS_SUCCESS
    asking the context to signal the monitored fence to 403
D3DKMTSignalSynchronizationObjectFromGpu 0x00000000  STATUS_SUCCESS
D3DKMTWaitForSynchronizationObjectFromCpu 0x00000000  STATUS_SUCCESS
    the monitored fence reached 403 after 0 ms
D3DKMTLock2 [gpu-readback]         0x00000000  STATUS_SUCCESS
    locked at CPU VA 000001E85E2B0000
D3DKMTUnlock2 [gpu-readback]       0x00000000  STATUS_SUCCESS
D3DKMTLock2 [gpu-readback]         0x00000000  STATUS_SUCCESS
    locked at CPU VA 000001E85E2B0000
D3DKMTUnlock2 [gpu-readback]       0x00000000  STATUS_SUCCESS
D3DKMTLock2 [gpu-ib]               0x00000000  STATUS_SUCCESS
    locked at CPU VA 000001E85E2A0000
D3DKMTUnlock2 [gpu-ib]             0x00000000  STATUS_SUCCESS
Submit GPU readback                0x00000000  STATUS_SUCCESS
    asking the context to signal the monitored fence to 404
D3DKMTSignalSynchronizationObjectFromGpu 0x00000000  STATUS_SUCCESS
D3DKMTWaitForSynchronizationObjectFromCpu 0x00000000  STATUS_SUCCESS
    the monitored fence reached 404 after 0 ms
D3DKMTLock2 [gpu-readback]         0x00000000  STATUS_SUCCESS
    locked at CPU VA 000001E85E2B0000
D3DKMTUnlock2 [gpu-readback]       0x00000000  STATUS_SUCCESS
D3DKMTLock2 [gpu-readback]         0x00000000  STATUS_SUCCESS
    locked at CPU VA 000001E85E2B0000
D3DKMTUnlock2 [gpu-readback]       0x00000000  STATUS_SUCCESS
D3DKMTLock2 [gpu-ib]               0x00000000  STATUS_SUCCESS
    locked at CPU VA 000001E85E2A0000
D3DKMTUnlock2 [gpu-ib]             0x00000000  STATUS_SUCCESS
Submit GPU readback                0x00000000  STATUS_SUCCESS
    asking the context to signal the monitored fence to 405
D3DKMTSignalSynchronizationObjectFromGpu 0x00000000  STATUS_SUCCESS
D3DKMTWaitForSynchronizationObjectFromCpu 0x00000000  STATUS_SUCCESS
    the monitored fence reached 405 after 0 ms
D3DKMTLock2 [gpu-readback]         0x00000000  STATUS_SUCCESS
    locked at CPU VA 000001E85E2B0000
D3DKMTUnlock2 [gpu-readback]       0x00000000  STATUS_SUCCESS
D3DKMTLock2 [gpu-readback]         0x00000000  STATUS_SUCCESS
    locked at CPU VA 000001E85E2B0000
D3DKMTUnlock2 [gpu-readback]       0x00000000  STATUS_SUCCESS
D3DKMTLock2 [gpu-ib]               0x00000000  STATUS_SUCCESS
    locked at CPU VA 000001E85E2A0000
D3DKMTUnlock2 [gpu-ib]             0x00000000  STATUS_SUCCESS
Submit GPU readback                0x00000000  STATUS_SUCCESS
    asking the context to signal the monitored fence to 406
D3DKMTSignalSynchronizationObjectFromGpu 0x00000000  STATUS_SUCCESS
D3DKMTWaitForSynchronizationObjectFromCpu 0x00000000  STATUS_SUCCESS
    the monitored fence reached 406 after 0 ms
D3DKMTLock2 [gpu-readback]         0x00000000  STATUS_SUCCESS
    locked at CPU VA 000001E85E2B0000
D3DKMTUnlock2 [gpu-readback]       0x00000000  STATUS_SUCCESS
D3DKMTLock2 [gpu-readback]         0x00000000  STATUS_SUCCESS
    locked at CPU VA 000001E85E2B0000
D3DKMTUnlock2 [gpu-readback]       0x00000000  STATUS_SUCCESS
D3DKMTLock2 [gpu-ib]               0x00000000  STATUS_SUCCESS
    locked at CPU VA 000001E85E2A0000
D3DKMTUnlock2 [gpu-ib]             0x00000000  STATUS_SUCCESS
Submit GPU readback                0x00000000  STATUS_SUCCESS
    asking the context to signal the monitored fence to 407
D3DKMTSignalSynchronizationObjectFromGpu 0x00000000  STATUS_SUCCESS
D3DKMTWaitForSynchronizationObjectFromCpu 0x00000000  STATUS_SUCCESS
    the monitored fence reached 407 after 0 ms
D3DKMTLock2 [gpu-readback]         0x00000000  STATUS_SUCCESS
    locked at CPU VA 000001E85E2B0000
D3DKMTUnlock2 [gpu-readback]       0x00000000  STATUS_SUCCESS
D3DKMTLock2 [gpu-readback]         0x00000000  STATUS_SUCCESS
    locked at CPU VA 000001E85E2B0000
D3DKMTUnlock2 [gpu-readback]       0x00000000  STATUS_SUCCESS
D3DKMTLock2 [gpu-ib]               0x00000000  STATUS_SUCCESS
    locked at CPU VA 000001E85E2A0000
D3DKMTUnlock2 [gpu-ib]             0x00000000  STATUS_SUCCESS
Submit GPU readback                0x00000000  STATUS_SUCCESS
    asking the context to signal the monitored fence to 408
D3DKMTSignalSynchronizationObjectFromGpu 0x00000000  STATUS_SUCCESS
D3DKMTWaitForSynchronizationObjectFromCpu 0x00000000  STATUS_SUCCESS
    the monitored fence reached 408 after 0 ms
D3DKMTLock2 [gpu-readback]         0x00000000  STATUS_SUCCESS
    locked at CPU VA 000001E85E2B0000
D3DKMTUnlock2 [gpu-readback]       0x00000000  STATUS_SUCCESS
D3DKMTLock2 [gpu-readback]         0x00000000  STATUS_SUCCESS
    locked at CPU VA 000001E85E2B0000
D3DKMTUnlock2 [gpu-readback]       0x00000000  STATUS_SUCCESS
D3DKMTLock2 [gpu-ib]               0x00000000  STATUS_SUCCESS
    locked at CPU VA 000001E85E2A0000
D3DKMTUnlock2 [gpu-ib]             0x00000000  STATUS_SUCCESS
Submit GPU readback                0x00000000  STATUS_SUCCESS
    asking the context to signal the monitored fence to 409
D3DKMTSignalSynchronizationObjectFromGpu 0x00000000  STATUS_SUCCESS
D3DKMTWaitForSynchronizationObjectFromCpu 0x00000000  STATUS_SUCCESS
    the monitored fence reached 409 after 0 ms
D3DKMTLock2 [gpu-readback]         0x00000000  STATUS_SUCCESS
    locked at CPU VA 000001E85E2B0000
D3DKMTUnlock2 [gpu-readback]       0x00000000  STATUS_SUCCESS
D3DKMTLock2 [gpu-readback]         0x00000000  STATUS_SUCCESS
    locked at CPU VA 000001E85E2B0000
D3DKMTUnlock2 [gpu-readback]       0x00000000  STATUS_SUCCESS
D3DKMTLock2 [gpu-ib]               0x00000000  STATUS_SUCCESS
    locked at CPU VA 000001E85E2A0000
D3DKMTUnlock2 [gpu-ib]             0x00000000  STATUS_SUCCESS
Submit GPU readback                0x00000000  STATUS_SUCCESS
    asking the context to signal the monitored fence to 410
D3DKMTSignalSynchronizationObjectFromGpu 0x00000000  STATUS_SUCCESS
D3DKMTWaitForSynchronizationObjectFromCpu 0x00000000  STATUS_SUCCESS
    the monitored fence reached 410 after 0 ms
D3DKMTLock2 [gpu-readback]         0x00000000  STATUS_SUCCESS
    locked at CPU VA 000001E85E2B0000
D3DKMTUnlock2 [gpu-readback]       0x00000000  STATUS_SUCCESS
D3DKMTLock2 [gpu-readback]         0x00000000  STATUS_SUCCESS
    locked at CPU VA 000001E85E2B0000
D3DKMTUnlock2 [gpu-readback]       0x00000000  STATUS_SUCCESS
D3DKMTLock2 [gpu-ib]               0x00000000  STATUS_SUCCESS
    locked at CPU VA 000001E85E2A0000
D3DKMTUnlock2 [gpu-ib]             0x00000000  STATUS_SUCCESS
Submit GPU readback                0x00000000  STATUS_SUCCESS
    asking the context to signal the monitored fence to 411
D3DKMTSignalSynchronizationObjectFromGpu 0x00000000  STATUS_SUCCESS
D3DKMTWaitForSynchronizationObjectFromCpu 0x00000000  STATUS_SUCCESS
    the monitored fence reached 411 after 0 ms
D3DKMTLock2 [gpu-readback]         0x00000000  STATUS_SUCCESS
    locked at CPU VA 000001E85E2B0000
D3DKMTUnlock2 [gpu-readback]       0x00000000  STATUS_SUCCESS
D3DKMTLock2 [gpu-readback]         0x00000000  STATUS_SUCCESS
    locked at CPU VA 000001E85E2B0000
D3DKMTUnlock2 [gpu-readback]       0x00000000  STATUS_SUCCESS
D3DKMTLock2 [gpu-ib]               0x00000000  STATUS_SUCCESS
    locked at CPU VA 000001E85E2A0000
D3DKMTUnlock2 [gpu-ib]             0x00000000  STATUS_SUCCESS
Submit GPU readback                0x00000000  STATUS_SUCCESS
    asking the context to signal the monitored fence to 412
D3DKMTSignalSynchronizationObjectFromGpu 0x00000000  STATUS_SUCCESS
D3DKMTWaitForSynchronizationObjectFromCpu 0x00000000  STATUS_SUCCESS
    the monitored fence reached 412 after 0 ms
D3DKMTLock2 [gpu-readback]         0x00000000  STATUS_SUCCESS
    locked at CPU VA 000001E85E2B0000
D3DKMTUnlock2 [gpu-readback]       0x00000000  STATUS_SUCCESS
D3DKMTLock2 [gpu-readback]         0x00000000  STATUS_SUCCESS
    locked at CPU VA 000001E85E2B0000
D3DKMTUnlock2 [gpu-readback]       0x00000000  STATUS_SUCCESS
D3DKMTLock2 [gpu-ib]               0x00000000  STATUS_SUCCESS
    locked at CPU VA 000001E85E2A0000
D3DKMTUnlock2 [gpu-ib]             0x00000000  STATUS_SUCCESS
Submit GPU readback                0x00000000  STATUS_SUCCESS
    asking the context to signal the monitored fence to 413
D3DKMTSignalSynchronizationObjectFromGpu 0x00000000  STATUS_SUCCESS
D3DKMTWaitForSynchronizationObjectFromCpu 0x00000000  STATUS_SUCCESS
    the monitored fence reached 413 after 0 ms
D3DKMTLock2 [gpu-readback]         0x00000000  STATUS_SUCCESS
    locked at CPU VA 000001E85E2B0000
D3DKMTUnlock2 [gpu-readback]       0x00000000  STATUS_SUCCESS
D3DKMTLock2 [gpu-readback]         0x00000000  STATUS_SUCCESS
    locked at CPU VA 000001E85E2B0000
D3DKMTUnlock2 [gpu-readback]       0x00000000  STATUS_SUCCESS
D3DKMTLock2 [gpu-ib]               0x00000000  STATUS_SUCCESS
    locked at CPU VA 000001E85E2A0000
D3DKMTUnlock2 [gpu-ib]             0x00000000  STATUS_SUCCESS
Submit GPU readback                0x00000000  STATUS_SUCCESS
    asking the context to signal the monitored fence to 414
D3DKMTSignalSynchronizationObjectFromGpu 0x00000000  STATUS_SUCCESS
D3DKMTWaitForSynchronizationObjectFromCpu 0x00000000  STATUS_SUCCESS
    the monitored fence reached 414 after 0 ms
D3DKMTLock2 [gpu-readback]         0x00000000  STATUS_SUCCESS
    locked at CPU VA 000001E85E2B0000
D3DKMTUnlock2 [gpu-readback]       0x00000000  STATUS_SUCCESS
D3DKMTLock2 [gpu-readback]         0x00000000  STATUS_SUCCESS
    locked at CPU VA 000001E85E2B0000
D3DKMTUnlock2 [gpu-readback]       0x00000000  STATUS_SUCCESS
D3DKMTLock2 [gpu-ib]               0x00000000  STATUS_SUCCESS
    locked at CPU VA 000001E85E2A0000
D3DKMTUnlock2 [gpu-ib]             0x00000000  STATUS_SUCCESS
Submit GPU readback                0x00000000  STATUS_SUCCESS
    asking the context to signal the monitored fence to 415
D3DKMTSignalSynchronizationObjectFromGpu 0x00000000  STATUS_SUCCESS
D3DKMTWaitForSynchronizationObjectFromCpu 0x00000000  STATUS_SUCCESS
    the monitored fence reached 415 after 0 ms
D3DKMTLock2 [gpu-readback]         0x00000000  STATUS_SUCCESS
    locked at CPU VA 000001E85E2B0000
D3DKMTUnlock2 [gpu-readback]       0x00000000  STATUS_SUCCESS
D3DKMTLock2 [gpu-readback]         0x00000000  STATUS_SUCCESS
    locked at CPU VA 000001E85E2B0000
D3DKMTUnlock2 [gpu-readback]       0x00000000  STATUS_SUCCESS
D3DKMTLock2 [gpu-ib]               0x00000000  STATUS_SUCCESS
    locked at CPU VA 000001E85E2A0000
D3DKMTUnlock2 [gpu-ib]             0x00000000  STATUS_SUCCESS
Submit GPU readback                0x00000000  STATUS_SUCCESS
    asking the context to signal the monitored fence to 416
D3DKMTSignalSynchronizationObjectFromGpu 0x00000000  STATUS_SUCCESS
D3DKMTWaitForSynchronizationObjectFromCpu 0x00000000  STATUS_SUCCESS
    the monitored fence reached 416 after 0 ms
D3DKMTLock2 [gpu-readback]         0x00000000  STATUS_SUCCESS
    locked at CPU VA 000001E85E2B0000
D3DKMTUnlock2 [gpu-readback]       0x00000000  STATUS_SUCCESS
D3DKMTLock2 [gpu-readback]         0x00000000  STATUS_SUCCESS
    locked at CPU VA 000001E85E2B0000
D3DKMTUnlock2 [gpu-readback]       0x00000000  STATUS_SUCCESS
D3DKMTLock2 [gpu-ib]               0x00000000  STATUS_SUCCESS
    locked at CPU VA 000001E85E2A0000
D3DKMTUnlock2 [gpu-ib]             0x00000000  STATUS_SUCCESS
Submit GPU readback                0x00000000  STATUS_SUCCESS
    asking the context to signal the monitored fence to 417
D3DKMTSignalSynchronizationObjectFromGpu 0x00000000  STATUS_SUCCESS
D3DKMTWaitForSynchronizationObjectFromCpu 0x00000000  STATUS_SUCCESS
    the monitored fence reached 417 after 0 ms
D3DKMTLock2 [gpu-readback]         0x00000000  STATUS_SUCCESS
    locked at CPU VA 000001E85E2B0000
D3DKMTUnlock2 [gpu-readback]       0x00000000  STATUS_SUCCESS
D3DKMTLock2 [gpu-readback]         0x00000000  STATUS_SUCCESS
    locked at CPU VA 000001E85E2B0000
D3DKMTUnlock2 [gpu-readback]       0x00000000  STATUS_SUCCESS
D3DKMTLock2 [gpu-ib]               0x00000000  STATUS_SUCCESS
    locked at CPU VA 000001E85E2A0000
D3DKMTUnlock2 [gpu-ib]             0x00000000  STATUS_SUCCESS
Submit GPU readback                0x00000000  STATUS_SUCCESS
    asking the context to signal the monitored fence to 418
D3DKMTSignalSynchronizationObjectFromGpu 0x00000000  STATUS_SUCCESS
D3DKMTWaitForSynchronizationObjectFromCpu 0x00000000  STATUS_SUCCESS
    the monitored fence reached 418 after 0 ms
D3DKMTLock2 [gpu-readback]         0x00000000  STATUS_SUCCESS
    locked at CPU VA 000001E85E2B0000
D3DKMTUnlock2 [gpu-readback]       0x00000000  STATUS_SUCCESS
D3DKMTLock2 [gpu-readback]         0x00000000  STATUS_SUCCESS
    locked at CPU VA 000001E85E2B0000
D3DKMTUnlock2 [gpu-readback]       0x00000000  STATUS_SUCCESS
D3DKMTLock2 [gpu-ib]               0x00000000  STATUS_SUCCESS
    locked at CPU VA 000001E85E2A0000
D3DKMTUnlock2 [gpu-ib]             0x00000000  STATUS_SUCCESS
Submit GPU readback                0x00000000  STATUS_SUCCESS
    asking the context to signal the monitored fence to 419
D3DKMTSignalSynchronizationObjectFromGpu 0x00000000  STATUS_SUCCESS
D3DKMTWaitForSynchronizationObjectFromCpu 0x00000000  STATUS_SUCCESS
    the monitored fence reached 419 after 0 ms
D3DKMTLock2 [gpu-readback]         0x00000000  STATUS_SUCCESS
    locked at CPU VA 000001E85E2B0000
D3DKMTUnlock2 [gpu-readback]       0x00000000  STATUS_SUCCESS
D3DKMTLock2 [gpu-readback]         0x00000000  STATUS_SUCCESS
    locked at CPU VA 000001E85E2B0000
D3DKMTUnlock2 [gpu-readback]       0x00000000  STATUS_SUCCESS
D3DKMTLock2 [gpu-ib]               0x00000000  STATUS_SUCCESS
    locked at CPU VA 000001E85E2A0000
D3DKMTUnlock2 [gpu-ib]             0x00000000  STATUS_SUCCESS
Submit GPU readback                0x00000000  STATUS_SUCCESS
    asking the context to signal the monitored fence to 420
D3DKMTSignalSynchronizationObjectFromGpu 0x00000000  STATUS_SUCCESS
D3DKMTWaitForSynchronizationObjectFromCpu 0x00000000  STATUS_SUCCESS
    the monitored fence reached 420 after 0 ms
D3DKMTLock2 [gpu-readback]         0x00000000  STATUS_SUCCESS
    locked at CPU VA 000001E85E2B0000
D3DKMTUnlock2 [gpu-readback]       0x00000000  STATUS_SUCCESS
D3DKMTLock2 [gpu-readback]         0x00000000  STATUS_SUCCESS
    locked at CPU VA 000001E85E2B0000
D3DKMTUnlock2 [gpu-readback]       0x00000000  STATUS_SUCCESS
D3DKMTLock2 [gpu-ib]               0x00000000  STATUS_SUCCESS
    locked at CPU VA 000001E85E2A0000
D3DKMTUnlock2 [gpu-ib]             0x00000000  STATUS_SUCCESS
Submit GPU readback                0x00000000  STATUS_SUCCESS
    asking the context to signal the monitored fence to 421
D3DKMTSignalSynchronizationObjectFromGpu 0x00000000  STATUS_SUCCESS
D3DKMTWaitForSynchronizationObjectFromCpu 0x00000000  STATUS_SUCCESS
    the monitored fence reached 421 after 0 ms
D3DKMTLock2 [gpu-readback]         0x00000000  STATUS_SUCCESS
    locked at CPU VA 000001E85E2B0000
D3DKMTUnlock2 [gpu-readback]       0x00000000  STATUS_SUCCESS
D3DKMTLock2 [gpu-readback]         0x00000000  STATUS_SUCCESS
    locked at CPU VA 000001E85E2B0000
D3DKMTUnlock2 [gpu-readback]       0x00000000  STATUS_SUCCESS
D3DKMTLock2 [gpu-ib]               0x00000000  STATUS_SUCCESS
    locked at CPU VA 000001E85E2A0000
D3DKMTUnlock2 [gpu-ib]             0x00000000  STATUS_SUCCESS
Submit GPU readback                0x00000000  STATUS_SUCCESS
    asking the context to signal the monitored fence to 422
D3DKMTSignalSynchronizationObjectFromGpu 0x00000000  STATUS_SUCCESS
D3DKMTWaitForSynchronizationObjectFromCpu 0x00000000  STATUS_SUCCESS
    the monitored fence reached 422 after 0 ms
D3DKMTLock2 [gpu-readback]         0x00000000  STATUS_SUCCESS
    locked at CPU VA 000001E85E2B0000
D3DKMTUnlock2 [gpu-readback]       0x00000000  STATUS_SUCCESS
D3DKMTLock2 [gpu-readback]         0x00000000  STATUS_SUCCESS
    locked at CPU VA 000001E85E2B0000
D3DKMTUnlock2 [gpu-readback]       0x00000000  STATUS_SUCCESS
D3DKMTLock2 [gpu-ib]               0x00000000  STATUS_SUCCESS
    locked at CPU VA 000001E85E2A0000
D3DKMTUnlock2 [gpu-ib]             0x00000000  STATUS_SUCCESS
Submit GPU readback                0x00000000  STATUS_SUCCESS
    asking the context to signal the monitored fence to 423
D3DKMTSignalSynchronizationObjectFromGpu 0x00000000  STATUS_SUCCESS
D3DKMTWaitForSynchronizationObjectFromCpu 0x00000000  STATUS_SUCCESS
    the monitored fence reached 423 after 0 ms
D3DKMTLock2 [gpu-readback]         0x00000000  STATUS_SUCCESS
    locked at CPU VA 000001E85E2B0000
D3DKMTUnlock2 [gpu-readback]       0x00000000  STATUS_SUCCESS
D3DKMTLock2 [gpu-readback]         0x00000000  STATUS_SUCCESS
    locked at CPU VA 000001E85E2B0000
D3DKMTUnlock2 [gpu-readback]       0x00000000  STATUS_SUCCESS
D3DKMTLock2 [gpu-ib]               0x00000000  STATUS_SUCCESS
    locked at CPU VA 000001E85E2A0000
D3DKMTUnlock2 [gpu-ib]             0x00000000  STATUS_SUCCESS
Submit GPU readback                0x00000000  STATUS_SUCCESS
    asking the context to signal the monitored fence to 424
D3DKMTSignalSynchronizationObjectFromGpu 0x00000000  STATUS_SUCCESS
D3DKMTWaitForSynchronizationObjectFromCpu 0x00000000  STATUS_SUCCESS
    the monitored fence reached 424 after 0 ms
D3DKMTLock2 [gpu-readback]         0x00000000  STATUS_SUCCESS
    locked at CPU VA 000001E85E2B0000
D3DKMTUnlock2 [gpu-readback]       0x00000000  STATUS_SUCCESS
D3DKMTLock2 [gpu-readback]         0x00000000  STATUS_SUCCESS
    locked at CPU VA 000001E85E2B0000
D3DKMTUnlock2 [gpu-readback]       0x00000000  STATUS_SUCCESS
D3DKMTLock2 [gpu-ib]               0x00000000  STATUS_SUCCESS
    locked at CPU VA 000001E85E2A0000
D3DKMTUnlock2 [gpu-ib]             0x00000000  STATUS_SUCCESS
Submit GPU readback                0x00000000  STATUS_SUCCESS
    asking the context to signal the monitored fence to 425
D3DKMTSignalSynchronizationObjectFromGpu 0x00000000  STATUS_SUCCESS
D3DKMTWaitForSynchronizationObjectFromCpu 0x00000000  STATUS_SUCCESS
    the monitored fence reached 425 after 0 ms
D3DKMTLock2 [gpu-readback]         0x00000000  STATUS_SUCCESS
    locked at CPU VA 000001E85E2B0000
D3DKMTUnlock2 [gpu-readback]       0x00000000  STATUS_SUCCESS
D3DKMTLock2 [gpu-readback]         0x00000000  STATUS_SUCCESS
    locked at CPU VA 000001E85E2B0000
D3DKMTUnlock2 [gpu-readback]       0x00000000  STATUS_SUCCESS
D3DKMTLock2 [gpu-ib]               0x00000000  STATUS_SUCCESS
    locked at CPU VA 000001E85E2A0000
D3DKMTUnlock2 [gpu-ib]             0x00000000  STATUS_SUCCESS
Submit GPU readback                0x00000000  STATUS_SUCCESS
    asking the context to signal the monitored fence to 426
D3DKMTSignalSynchronizationObjectFromGpu 0x00000000  STATUS_SUCCESS
D3DKMTWaitForSynchronizationObjectFromCpu 0x00000000  STATUS_SUCCESS
    the monitored fence reached 426 after 0 ms
D3DKMTLock2 [gpu-readback]         0x00000000  STATUS_SUCCESS
    locked at CPU VA 000001E85E2B0000
D3DKMTUnlock2 [gpu-readback]       0x00000000  STATUS_SUCCESS
D3DKMTLock2 [gpu-readback]         0x00000000  STATUS_SUCCESS
    locked at CPU VA 000001E85E2B0000
D3DKMTUnlock2 [gpu-readback]       0x00000000  STATUS_SUCCESS
D3DKMTLock2 [gpu-ib]               0x00000000  STATUS_SUCCESS
    locked at CPU VA 000001E85E2A0000
D3DKMTUnlock2 [gpu-ib]             0x00000000  STATUS_SUCCESS
Submit GPU readback                0x00000000  STATUS_SUCCESS
    asking the context to signal the monitored fence to 427
D3DKMTSignalSynchronizationObjectFromGpu 0x00000000  STATUS_SUCCESS
D3DKMTWaitForSynchronizationObjectFromCpu 0x00000000  STATUS_SUCCESS
    the monitored fence reached 427 after 0 ms
D3DKMTLock2 [gpu-readback]         0x00000000  STATUS_SUCCESS
    locked at CPU VA 000001E85E2B0000
D3DKMTUnlock2 [gpu-readback]       0x00000000  STATUS_SUCCESS
D3DKMTLock2 [gpu-readback]         0x00000000  STATUS_SUCCESS
    locked at CPU VA 000001E85E2B0000
D3DKMTUnlock2 [gpu-readback]       0x00000000  STATUS_SUCCESS
D3DKMTLock2 [gpu-ib]               0x00000000  STATUS_SUCCESS
    locked at CPU VA 000001E85E2A0000
D3DKMTUnlock2 [gpu-ib]             0x00000000  STATUS_SUCCESS
Submit GPU readback                0x00000000  STATUS_SUCCESS
    asking the context to signal the monitored fence to 428
D3DKMTSignalSynchronizationObjectFromGpu 0x00000000  STATUS_SUCCESS
D3DKMTWaitForSynchronizationObjectFromCpu 0x00000000  STATUS_SUCCESS
    the monitored fence reached 428 after 0 ms
D3DKMTLock2 [gpu-readback]         0x00000000  STATUS_SUCCESS
    locked at CPU VA 000001E85E2B0000
D3DKMTUnlock2 [gpu-readback]       0x00000000  STATUS_SUCCESS
D3DKMTLock2 [gpu-readback]         0x00000000  STATUS_SUCCESS
    locked at CPU VA 000001E85E2B0000
D3DKMTUnlock2 [gpu-readback]       0x00000000  STATUS_SUCCESS
D3DKMTLock2 [gpu-ib]               0x00000000  STATUS_SUCCESS
    locked at CPU VA 000001E85E2A0000
D3DKMTUnlock2 [gpu-ib]             0x00000000  STATUS_SUCCESS
Submit GPU readback                0x00000000  STATUS_SUCCESS
    asking the context to signal the monitored fence to 429
D3DKMTSignalSynchronizationObjectFromGpu 0x00000000  STATUS_SUCCESS
D3DKMTWaitForSynchronizationObjectFromCpu 0x00000000  STATUS_SUCCESS
    the monitored fence reached 429 after 0 ms
D3DKMTLock2 [gpu-readback]         0x00000000  STATUS_SUCCESS
    locked at CPU VA 000001E85E2B0000
D3DKMTUnlock2 [gpu-readback]       0x00000000  STATUS_SUCCESS
D3DKMTLock2 [gpu-readback]         0x00000000  STATUS_SUCCESS
    locked at CPU VA 000001E85E2B0000
D3DKMTUnlock2 [gpu-readback]       0x00000000  STATUS_SUCCESS
D3DKMTLock2 [gpu-ib]               0x00000000  STATUS_SUCCESS
    locked at CPU VA 000001E85E2A0000
D3DKMTUnlock2 [gpu-ib]             0x00000000  STATUS_SUCCESS
Submit GPU readback                0x00000000  STATUS_SUCCESS
    asking the context to signal the monitored fence to 430
D3DKMTSignalSynchronizationObjectFromGpu 0x00000000  STATUS_SUCCESS
D3DKMTWaitForSynchronizationObjectFromCpu 0x00000000  STATUS_SUCCESS
    the monitored fence reached 430 after 0 ms
D3DKMTLock2 [gpu-readback]         0x00000000  STATUS_SUCCESS
    locked at CPU VA 000001E85E2B0000
D3DKMTUnlock2 [gpu-readback]       0x00000000  STATUS_SUCCESS
D3DKMTLock2 [gpu-readback]         0x00000000  STATUS_SUCCESS
    locked at CPU VA 000001E85E2B0000
D3DKMTUnlock2 [gpu-readback]       0x00000000  STATUS_SUCCESS
D3DKMTLock2 [gpu-ib]               0x00000000  STATUS_SUCCESS
    locked at CPU VA 000001E85E2A0000
D3DKMTUnlock2 [gpu-ib]             0x00000000  STATUS_SUCCESS
Submit GPU readback                0x00000000  STATUS_SUCCESS
    asking the context to signal the monitored fence to 431
D3DKMTSignalSynchronizationObjectFromGpu 0x00000000  STATUS_SUCCESS
D3DKMTWaitForSynchronizationObjectFromCpu 0x00000000  STATUS_SUCCESS
    the monitored fence reached 431 after 0 ms
D3DKMTLock2 [gpu-readback]         0x00000000  STATUS_SUCCESS
    locked at CPU VA 000001E85E2B0000
D3DKMTUnlock2 [gpu-readback]       0x00000000  STATUS_SUCCESS
D3DKMTLock2 [gpu-readback]         0x00000000  STATUS_SUCCESS
    locked at CPU VA 000001E85E2B0000
D3DKMTUnlock2 [gpu-readback]       0x00000000  STATUS_SUCCESS
D3DKMTLock2 [gpu-ib]               0x00000000  STATUS_SUCCESS
    locked at CPU VA 000001E85E2A0000
D3DKMTUnlock2 [gpu-ib]             0x00000000  STATUS_SUCCESS
Submit GPU readback                0x00000000  STATUS_SUCCESS
    asking the context to signal the monitored fence to 432
D3DKMTSignalSynchronizationObjectFromGpu 0x00000000  STATUS_SUCCESS
D3DKMTWaitForSynchronizationObjectFromCpu 0x00000000  STATUS_SUCCESS
    the monitored fence reached 432 after 0 ms
D3DKMTLock2 [gpu-readback]         0x00000000  STATUS_SUCCESS
    locked at CPU VA 000001E85E2B0000
D3DKMTUnlock2 [gpu-readback]       0x00000000  STATUS_SUCCESS
D3DKMTLock2 [gpu-readback]         0x00000000  STATUS_SUCCESS
    locked at CPU VA 000001E85E2B0000
D3DKMTUnlock2 [gpu-readback]       0x00000000  STATUS_SUCCESS
D3DKMTLock2 [gpu-ib]               0x00000000  STATUS_SUCCESS
    locked at CPU VA 000001E85E2A0000
D3DKMTUnlock2 [gpu-ib]             0x00000000  STATUS_SUCCESS
Submit GPU readback                0x00000000  STATUS_SUCCESS
    asking the context to signal the monitored fence to 433
D3DKMTSignalSynchronizationObjectFromGpu 0x00000000  STATUS_SUCCESS
D3DKMTWaitForSynchronizationObjectFromCpu 0x00000000  STATUS_SUCCESS
    the monitored fence reached 433 after 0 ms
D3DKMTLock2 [gpu-readback]         0x00000000  STATUS_SUCCESS
    locked at CPU VA 000001E85E2B0000
D3DKMTUnlock2 [gpu-readback]       0x00000000  STATUS_SUCCESS
D3DKMTLock2 [gpu-readback]         0x00000000  STATUS_SUCCESS
    locked at CPU VA 000001E85E2B0000
D3DKMTUnlock2 [gpu-readback]       0x00000000  STATUS_SUCCESS
D3DKMTLock2 [gpu-ib]               0x00000000  STATUS_SUCCESS
    locked at CPU VA 000001E85E2A0000
D3DKMTUnlock2 [gpu-ib]             0x00000000  STATUS_SUCCESS
Submit GPU readback                0x00000000  STATUS_SUCCESS
    asking the context to signal the monitored fence to 434
D3DKMTSignalSynchronizationObjectFromGpu 0x00000000  STATUS_SUCCESS
D3DKMTWaitForSynchronizationObjectFromCpu 0x00000000  STATUS_SUCCESS
    the monitored fence reached 434 after 0 ms
D3DKMTLock2 [gpu-readback]         0x00000000  STATUS_SUCCESS
    locked at CPU VA 000001E85E2B0000
D3DKMTUnlock2 [gpu-readback]       0x00000000  STATUS_SUCCESS
D3DKMTLock2 [gpu-readback]         0x00000000  STATUS_SUCCESS
    locked at CPU VA 000001E85E2B0000
D3DKMTUnlock2 [gpu-readback]       0x00000000  STATUS_SUCCESS
D3DKMTLock2 [gpu-ib]               0x00000000  STATUS_SUCCESS
    locked at CPU VA 000001E85E2A0000
D3DKMTUnlock2 [gpu-ib]             0x00000000  STATUS_SUCCESS
Submit GPU readback                0x00000000  STATUS_SUCCESS
    asking the context to signal the monitored fence to 435
D3DKMTSignalSynchronizationObjectFromGpu 0x00000000  STATUS_SUCCESS
D3DKMTWaitForSynchronizationObjectFromCpu 0x00000000  STATUS_SUCCESS
    the monitored fence reached 435 after 0 ms
D3DKMTLock2 [gpu-readback]         0x00000000  STATUS_SUCCESS
    locked at CPU VA 000001E85E2B0000
D3DKMTUnlock2 [gpu-readback]       0x00000000  STATUS_SUCCESS
D3DKMTLock2 [gpu-readback]         0x00000000  STATUS_SUCCESS
    locked at CPU VA 000001E85E2B0000
D3DKMTUnlock2 [gpu-readback]       0x00000000  STATUS_SUCCESS
D3DKMTLock2 [gpu-ib]               0x00000000  STATUS_SUCCESS
    locked at CPU VA 000001E85E2A0000
D3DKMTUnlock2 [gpu-ib]             0x00000000  STATUS_SUCCESS
Submit GPU readback                0x00000000  STATUS_SUCCESS
    asking the context to signal the monitored fence to 436
D3DKMTSignalSynchronizationObjectFromGpu 0x00000000  STATUS_SUCCESS
D3DKMTWaitForSynchronizationObjectFromCpu 0x00000000  STATUS_SUCCESS
    the monitored fence reached 436 after 0 ms
D3DKMTLock2 [gpu-readback]         0x00000000  STATUS_SUCCESS
    locked at CPU VA 000001E85E2B0000
D3DKMTUnlock2 [gpu-readback]       0x00000000  STATUS_SUCCESS
D3DKMTLock2 [gpu-readback]         0x00000000  STATUS_SUCCESS
    locked at CPU VA 000001E85E2B0000
D3DKMTUnlock2 [gpu-readback]       0x00000000  STATUS_SUCCESS
D3DKMTLock2 [gpu-ib]               0x00000000  STATUS_SUCCESS
    locked at CPU VA 000001E85E2A0000
D3DKMTUnlock2 [gpu-ib]             0x00000000  STATUS_SUCCESS
Submit GPU readback                0x00000000  STATUS_SUCCESS
    asking the context to signal the monitored fence to 437
D3DKMTSignalSynchronizationObjectFromGpu 0x00000000  STATUS_SUCCESS
D3DKMTWaitForSynchronizationObjectFromCpu 0x00000000  STATUS_SUCCESS
    the monitored fence reached 437 after 0 ms
D3DKMTLock2 [gpu-readback]         0x00000000  STATUS_SUCCESS
    locked at CPU VA 000001E85E2B0000
D3DKMTUnlock2 [gpu-readback]       0x00000000  STATUS_SUCCESS
D3DKMTLock2 [gpu-readback]         0x00000000  STATUS_SUCCESS
    locked at CPU VA 000001E85E2B0000
D3DKMTUnlock2 [gpu-readback]       0x00000000  STATUS_SUCCESS
D3DKMTLock2 [gpu-ib]               0x00000000  STATUS_SUCCESS
    locked at CPU VA 000001E85E2A0000
D3DKMTUnlock2 [gpu-ib]             0x00000000  STATUS_SUCCESS
Submit GPU readback                0x00000000  STATUS_SUCCESS
    asking the context to signal the monitored fence to 438
D3DKMTSignalSynchronizationObjectFromGpu 0x00000000  STATUS_SUCCESS
D3DKMTWaitForSynchronizationObjectFromCpu 0x00000000  STATUS_SUCCESS
    the monitored fence reached 438 after 0 ms
D3DKMTLock2 [gpu-readback]         0x00000000  STATUS_SUCCESS
    locked at CPU VA 000001E85E2B0000
D3DKMTUnlock2 [gpu-readback]       0x00000000  STATUS_SUCCESS
D3DKMTLock2 [gpu-readback]         0x00000000  STATUS_SUCCESS
    locked at CPU VA 000001E85E2B0000
D3DKMTUnlock2 [gpu-readback]       0x00000000  STATUS_SUCCESS
D3DKMTLock2 [gpu-ib]               0x00000000  STATUS_SUCCESS
    locked at CPU VA 000001E85E2A0000
D3DKMTUnlock2 [gpu-ib]             0x00000000  STATUS_SUCCESS
Submit GPU readback                0x00000000  STATUS_SUCCESS
    asking the context to signal the monitored fence to 439
D3DKMTSignalSynchronizationObjectFromGpu 0x00000000  STATUS_SUCCESS
D3DKMTWaitForSynchronizationObjectFromCpu 0x00000000  STATUS_SUCCESS
    the monitored fence reached 439 after 0 ms
D3DKMTLock2 [gpu-readback]         0x00000000  STATUS_SUCCESS
    locked at CPU VA 000001E85E2B0000
D3DKMTUnlock2 [gpu-readback]       0x00000000  STATUS_SUCCESS
D3DKMTLock2 [gpu-readback]         0x00000000  STATUS_SUCCESS
    locked at CPU VA 000001E85E2B0000
D3DKMTUnlock2 [gpu-readback]       0x00000000  STATUS_SUCCESS
D3DKMTLock2 [gpu-ib]               0x00000000  STATUS_SUCCESS
    locked at CPU VA 000001E85E2A0000
D3DKMTUnlock2 [gpu-ib]             0x00000000  STATUS_SUCCESS
Submit GPU readback                0x00000000  STATUS_SUCCESS
    asking the context to signal the monitored fence to 440
D3DKMTSignalSynchronizationObjectFromGpu 0x00000000  STATUS_SUCCESS
D3DKMTWaitForSynchronizationObjectFromCpu 0x00000000  STATUS_SUCCESS
    the monitored fence reached 440 after 0 ms
D3DKMTLock2 [gpu-readback]         0x00000000  STATUS_SUCCESS
    locked at CPU VA 000001E85E2B0000
D3DKMTUnlock2 [gpu-readback]       0x00000000  STATUS_SUCCESS
D3DKMTLock2 [gpu-readback]         0x00000000  STATUS_SUCCESS
    locked at CPU VA 000001E85E2B0000
D3DKMTUnlock2 [gpu-readback]       0x00000000  STATUS_SUCCESS
D3DKMTLock2 [gpu-ib]               0x00000000  STATUS_SUCCESS
    locked at CPU VA 000001E85E2A0000
D3DKMTUnlock2 [gpu-ib]             0x00000000  STATUS_SUCCESS
Submit GPU readback                0x00000000  STATUS_SUCCESS
    asking the context to signal the monitored fence to 441
D3DKMTSignalSynchronizationObjectFromGpu 0x00000000  STATUS_SUCCESS
D3DKMTWaitForSynchronizationObjectFromCpu 0x00000000  STATUS_SUCCESS
    the monitored fence reached 441 after 0 ms
D3DKMTLock2 [gpu-readback]         0x00000000  STATUS_SUCCESS
    locked at CPU VA 000001E85E2B0000
D3DKMTUnlock2 [gpu-readback]       0x00000000  STATUS_SUCCESS
D3DKMTLock2 [gpu-readback]         0x00000000  STATUS_SUCCESS
    locked at CPU VA 000001E85E2B0000
D3DKMTUnlock2 [gpu-readback]       0x00000000  STATUS_SUCCESS
D3DKMTLock2 [gpu-ib]               0x00000000  STATUS_SUCCESS
    locked at CPU VA 000001E85E2A0000
D3DKMTUnlock2 [gpu-ib]             0x00000000  STATUS_SUCCESS
Submit GPU readback                0x00000000  STATUS_SUCCESS
    asking the context to signal the monitored fence to 442
D3DKMTSignalSynchronizationObjectFromGpu 0x00000000  STATUS_SUCCESS
D3DKMTWaitForSynchronizationObjectFromCpu 0x00000000  STATUS_SUCCESS
    the monitored fence reached 442 after 16 ms
D3DKMTLock2 [gpu-readback]         0x00000000  STATUS_SUCCESS
    locked at CPU VA 000001E85E2B0000
D3DKMTUnlock2 [gpu-readback]       0x00000000  STATUS_SUCCESS
D3DKMTLock2 [gpu-readback]         0x00000000  STATUS_SUCCESS
    locked at CPU VA 000001E85E2B0000
D3DKMTUnlock2 [gpu-readback]       0x00000000  STATUS_SUCCESS
D3DKMTLock2 [gpu-ib]               0x00000000  STATUS_SUCCESS
    locked at CPU VA 000001E85E2A0000
D3DKMTUnlock2 [gpu-ib]             0x00000000  STATUS_SUCCESS
Submit GPU readback                0x00000000  STATUS_SUCCESS
    asking the context to signal the monitored fence to 443
D3DKMTSignalSynchronizationObjectFromGpu 0x00000000  STATUS_SUCCESS
D3DKMTWaitForSynchronizationObjectFromCpu 0x00000000  STATUS_SUCCESS
    the monitored fence reached 443 after 0 ms
D3DKMTLock2 [gpu-readback]         0x00000000  STATUS_SUCCESS
    locked at CPU VA 000001E85E2B0000
D3DKMTUnlock2 [gpu-readback]       0x00000000  STATUS_SUCCESS
D3DKMTLock2 [gpu-readback]         0x00000000  STATUS_SUCCESS
    locked at CPU VA 000001E85E2B0000
D3DKMTUnlock2 [gpu-readback]       0x00000000  STATUS_SUCCESS
D3DKMTLock2 [gpu-ib]               0x00000000  STATUS_SUCCESS
    locked at CPU VA 000001E85E2A0000
D3DKMTUnlock2 [gpu-ib]             0x00000000  STATUS_SUCCESS
Submit GPU readback                0x00000000  STATUS_SUCCESS
    asking the context to signal the monitored fence to 444
D3DKMTSignalSynchronizationObjectFromGpu 0x00000000  STATUS_SUCCESS
D3DKMTWaitForSynchronizationObjectFromCpu 0x00000000  STATUS_SUCCESS
    the monitored fence reached 444 after 0 ms
D3DKMTLock2 [gpu-readback]         0x00000000  STATUS_SUCCESS
    locked at CPU VA 000001E85E2B0000
D3DKMTUnlock2 [gpu-readback]       0x00000000  STATUS_SUCCESS
D3DKMTLock2 [gpu-readback]         0x00000000  STATUS_SUCCESS
    locked at CPU VA 000001E85E2B0000
D3DKMTUnlock2 [gpu-readback]       0x00000000  STATUS_SUCCESS
D3DKMTLock2 [gpu-ib]               0x00000000  STATUS_SUCCESS
    locked at CPU VA 000001E85E2A0000
D3DKMTUnlock2 [gpu-ib]             0x00000000  STATUS_SUCCESS
Submit GPU readback                0x00000000  STATUS_SUCCESS
    asking the context to signal the monitored fence to 445
D3DKMTSignalSynchronizationObjectFromGpu 0x00000000  STATUS_SUCCESS
D3DKMTWaitForSynchronizationObjectFromCpu 0x00000000  STATUS_SUCCESS
    the monitored fence reached 445 after 0 ms
D3DKMTLock2 [gpu-readback]         0x00000000  STATUS_SUCCESS
    locked at CPU VA 000001E85E2B0000
D3DKMTUnlock2 [gpu-readback]       0x00000000  STATUS_SUCCESS
D3DKMTLock2 [gpu-readback]         0x00000000  STATUS_SUCCESS
    locked at CPU VA 000001E85E2B0000
D3DKMTUnlock2 [gpu-readback]       0x00000000  STATUS_SUCCESS
D3DKMTLock2 [gpu-ib]               0x00000000  STATUS_SUCCESS
    locked at CPU VA 000001E85E2A0000
D3DKMTUnlock2 [gpu-ib]             0x00000000  STATUS_SUCCESS
Submit GPU readback                0x00000000  STATUS_SUCCESS
    asking the context to signal the monitored fence to 446
D3DKMTSignalSynchronizationObjectFromGpu 0x00000000  STATUS_SUCCESS
D3DKMTWaitForSynchronizationObjectFromCpu 0x00000000  STATUS_SUCCESS
    the monitored fence reached 446 after 0 ms
D3DKMTLock2 [gpu-readback]         0x00000000  STATUS_SUCCESS
    locked at CPU VA 000001E85E2B0000
D3DKMTUnlock2 [gpu-readback]       0x00000000  STATUS_SUCCESS
D3DKMTLock2 [gpu-readback]         0x00000000  STATUS_SUCCESS
    locked at CPU VA 000001E85E2B0000
D3DKMTUnlock2 [gpu-readback]       0x00000000  STATUS_SUCCESS
D3DKMTLock2 [gpu-ib]               0x00000000  STATUS_SUCCESS
    locked at CPU VA 000001E85E2A0000
D3DKMTUnlock2 [gpu-ib]             0x00000000  STATUS_SUCCESS
Submit GPU readback                0x00000000  STATUS_SUCCESS
    asking the context to signal the monitored fence to 447
D3DKMTSignalSynchronizationObjectFromGpu 0x00000000  STATUS_SUCCESS
D3DKMTWaitForSynchronizationObjectFromCpu 0x00000000  STATUS_SUCCESS
    the monitored fence reached 447 after 0 ms
D3DKMTLock2 [gpu-readback]         0x00000000  STATUS_SUCCESS
    locked at CPU VA 000001E85E2B0000
D3DKMTUnlock2 [gpu-readback]       0x00000000  STATUS_SUCCESS
D3DKMTLock2 [gpu-readback]         0x00000000  STATUS_SUCCESS
    locked at CPU VA 000001E85E2B0000
D3DKMTUnlock2 [gpu-readback]       0x00000000  STATUS_SUCCESS
D3DKMTLock2 [gpu-ib]               0x00000000  STATUS_SUCCESS
    locked at CPU VA 000001E85E2A0000
D3DKMTUnlock2 [gpu-ib]             0x00000000  STATUS_SUCCESS
Submit GPU readback                0x00000000  STATUS_SUCCESS
    asking the context to signal the monitored fence to 448
D3DKMTSignalSynchronizationObjectFromGpu 0x00000000  STATUS_SUCCESS
D3DKMTWaitForSynchronizationObjectFromCpu 0x00000000  STATUS_SUCCESS
    the monitored fence reached 448 after 0 ms
D3DKMTLock2 [gpu-readback]         0x00000000  STATUS_SUCCESS
    locked at CPU VA 000001E85E2B0000
D3DKMTUnlock2 [gpu-readback]       0x00000000  STATUS_SUCCESS
D3DKMTLock2 [gpu-readback]         0x00000000  STATUS_SUCCESS
    locked at CPU VA 000001E85E2B0000
D3DKMTUnlock2 [gpu-readback]       0x00000000  STATUS_SUCCESS
D3DKMTLock2 [gpu-ib]               0x00000000  STATUS_SUCCESS
    locked at CPU VA 000001E85E2A0000
D3DKMTUnlock2 [gpu-ib]             0x00000000  STATUS_SUCCESS
Submit GPU readback                0x00000000  STATUS_SUCCESS
    asking the context to signal the monitored fence to 449
D3DKMTSignalSynchronizationObjectFromGpu 0x00000000  STATUS_SUCCESS
D3DKMTWaitForSynchronizationObjectFromCpu 0x00000000  STATUS_SUCCESS
    the monitored fence reached 449 after 0 ms
D3DKMTLock2 [gpu-readback]         0x00000000  STATUS_SUCCESS
    locked at CPU VA 000001E85E2B0000
D3DKMTUnlock2 [gpu-readback]       0x00000000  STATUS_SUCCESS
D3DKMTLock2 [gpu-readback]         0x00000000  STATUS_SUCCESS
    locked at CPU VA 000001E85E2B0000
D3DKMTUnlock2 [gpu-readback]       0x00000000  STATUS_SUCCESS
D3DKMTLock2 [gpu-ib]               0x00000000  STATUS_SUCCESS
    locked at CPU VA 000001E85E2A0000
D3DKMTUnlock2 [gpu-ib]             0x00000000  STATUS_SUCCESS
Submit GPU readback                0x00000000  STATUS_SUCCESS
    asking the context to signal the monitored fence to 450
D3DKMTSignalSynchronizationObjectFromGpu 0x00000000  STATUS_SUCCESS
D3DKMTWaitForSynchronizationObjectFromCpu 0x00000000  STATUS_SUCCESS
    the monitored fence reached 450 after 0 ms
D3DKMTLock2 [gpu-readback]         0x00000000  STATUS_SUCCESS
    locked at CPU VA 000001E85E2B0000
D3DKMTUnlock2 [gpu-readback]       0x00000000  STATUS_SUCCESS
D3DKMTLock2 [gpu-readback]         0x00000000  STATUS_SUCCESS
    locked at CPU VA 000001E85E2B0000
D3DKMTUnlock2 [gpu-readback]       0x00000000  STATUS_SUCCESS
D3DKMTLock2 [gpu-ib]               0x00000000  STATUS_SUCCESS
    locked at CPU VA 000001E85E2A0000
D3DKMTUnlock2 [gpu-ib]             0x00000000  STATUS_SUCCESS
Submit GPU readback                0x00000000  STATUS_SUCCESS
    asking the context to signal the monitored fence to 451
D3DKMTSignalSynchronizationObjectFromGpu 0x00000000  STATUS_SUCCESS
D3DKMTWaitForSynchronizationObjectFromCpu 0x00000000  STATUS_SUCCESS
    the monitored fence reached 451 after 0 ms
D3DKMTLock2 [gpu-readback]         0x00000000  STATUS_SUCCESS
    locked at CPU VA 000001E85E2B0000
D3DKMTUnlock2 [gpu-readback]       0x00000000  STATUS_SUCCESS
D3DKMTLock2 [gpu-readback]         0x00000000  STATUS_SUCCESS
    locked at CPU VA 000001E85E2B0000
D3DKMTUnlock2 [gpu-readback]       0x00000000  STATUS_SUCCESS
D3DKMTLock2 [gpu-ib]               0x00000000  STATUS_SUCCESS
    locked at CPU VA 000001E85E2A0000
D3DKMTUnlock2 [gpu-ib]             0x00000000  STATUS_SUCCESS
Submit GPU readback                0x00000000  STATUS_SUCCESS
    asking the context to signal the monitored fence to 452
D3DKMTSignalSynchronizationObjectFromGpu 0x00000000  STATUS_SUCCESS
D3DKMTWaitForSynchronizationObjectFromCpu 0x00000000  STATUS_SUCCESS
    the monitored fence reached 452 after 0 ms
D3DKMTLock2 [gpu-readback]         0x00000000  STATUS_SUCCESS
    locked at CPU VA 000001E85E2B0000
D3DKMTUnlock2 [gpu-readback]       0x00000000  STATUS_SUCCESS
D3DKMTLock2 [gpu-readback]         0x00000000  STATUS_SUCCESS
    locked at CPU VA 000001E85E2B0000
D3DKMTUnlock2 [gpu-readback]       0x00000000  STATUS_SUCCESS
D3DKMTLock2 [gpu-ib]               0x00000000  STATUS_SUCCESS
    locked at CPU VA 000001E85E2A0000
D3DKMTUnlock2 [gpu-ib]             0x00000000  STATUS_SUCCESS
Submit GPU readback                0x00000000  STATUS_SUCCESS
    asking the context to signal the monitored fence to 453
D3DKMTSignalSynchronizationObjectFromGpu 0x00000000  STATUS_SUCCESS
D3DKMTWaitForSynchronizationObjectFromCpu 0x00000000  STATUS_SUCCESS
    the monitored fence reached 453 after 0 ms
D3DKMTLock2 [gpu-readback]         0x00000000  STATUS_SUCCESS
    locked at CPU VA 000001E85E2B0000
D3DKMTUnlock2 [gpu-readback]       0x00000000  STATUS_SUCCESS
D3DKMTLock2 [gpu-readback]         0x00000000  STATUS_SUCCESS
    locked at CPU VA 000001E85E2B0000
D3DKMTUnlock2 [gpu-readback]       0x00000000  STATUS_SUCCESS
D3DKMTLock2 [gpu-ib]               0x00000000  STATUS_SUCCESS
    locked at CPU VA 000001E85E2A0000
D3DKMTUnlock2 [gpu-ib]             0x00000000  STATUS_SUCCESS
Submit GPU readback                0x00000000  STATUS_SUCCESS
    asking the context to signal the monitored fence to 454
D3DKMTSignalSynchronizationObjectFromGpu 0x00000000  STATUS_SUCCESS
D3DKMTWaitForSynchronizationObjectFromCpu 0x00000000  STATUS_SUCCESS
    the monitored fence reached 454 after 0 ms
D3DKMTLock2 [gpu-readback]         0x00000000  STATUS_SUCCESS
    locked at CPU VA 000001E85E2B0000
D3DKMTUnlock2 [gpu-readback]       0x00000000  STATUS_SUCCESS
D3DKMTLock2 [gpu-readback]         0x00000000  STATUS_SUCCESS
    locked at CPU VA 000001E85E2B0000
D3DKMTUnlock2 [gpu-readback]       0x00000000  STATUS_SUCCESS
D3DKMTLock2 [gpu-ib]               0x00000000  STATUS_SUCCESS
    locked at CPU VA 000001E85E2A0000
D3DKMTUnlock2 [gpu-ib]             0x00000000  STATUS_SUCCESS
Submit GPU readback                0x00000000  STATUS_SUCCESS
    asking the context to signal the monitored fence to 455
D3DKMTSignalSynchronizationObjectFromGpu 0x00000000  STATUS_SUCCESS
D3DKMTWaitForSynchronizationObjectFromCpu 0x00000000  STATUS_SUCCESS
    the monitored fence reached 455 after 0 ms
D3DKMTLock2 [gpu-readback]         0x00000000  STATUS_SUCCESS
    locked at CPU VA 000001E85E2B0000
D3DKMTUnlock2 [gpu-readback]       0x00000000  STATUS_SUCCESS
D3DKMTLock2 [gpu-readback]         0x00000000  STATUS_SUCCESS
    locked at CPU VA 000001E85E2B0000
D3DKMTUnlock2 [gpu-readback]       0x00000000  STATUS_SUCCESS
D3DKMTLock2 [gpu-ib]               0x00000000  STATUS_SUCCESS
    locked at CPU VA 000001E85E2A0000
D3DKMTUnlock2 [gpu-ib]             0x00000000  STATUS_SUCCESS
Submit GPU readback                0x00000000  STATUS_SUCCESS
    asking the context to signal the monitored fence to 456
D3DKMTSignalSynchronizationObjectFromGpu 0x00000000  STATUS_SUCCESS
D3DKMTWaitForSynchronizationObjectFromCpu 0x00000000  STATUS_SUCCESS
    the monitored fence reached 456 after 0 ms
D3DKMTLock2 [gpu-readback]         0x00000000  STATUS_SUCCESS
    locked at CPU VA 000001E85E2B0000
D3DKMTUnlock2 [gpu-readback]       0x00000000  STATUS_SUCCESS
D3DKMTLock2 [gpu-readback]         0x00000000  STATUS_SUCCESS
    locked at CPU VA 000001E85E2B0000
D3DKMTUnlock2 [gpu-readback]       0x00000000  STATUS_SUCCESS
D3DKMTLock2 [gpu-ib]               0x00000000  STATUS_SUCCESS
    locked at CPU VA 000001E85E2A0000
D3DKMTUnlock2 [gpu-ib]             0x00000000  STATUS_SUCCESS
Submit GPU readback                0x00000000  STATUS_SUCCESS
    asking the context to signal the monitored fence to 457
D3DKMTSignalSynchronizationObjectFromGpu 0x00000000  STATUS_SUCCESS
D3DKMTWaitForSynchronizationObjectFromCpu 0x00000000  STATUS_SUCCESS
    the monitored fence reached 457 after 0 ms
D3DKMTLock2 [gpu-readback]         0x00000000  STATUS_SUCCESS
    locked at CPU VA 000001E85E2B0000
D3DKMTUnlock2 [gpu-readback]       0x00000000  STATUS_SUCCESS
D3DKMTLock2 [gpu-readback]         0x00000000  STATUS_SUCCESS
    locked at CPU VA 000001E85E2B0000
D3DKMTUnlock2 [gpu-readback]       0x00000000  STATUS_SUCCESS
D3DKMTLock2 [gpu-ib]               0x00000000  STATUS_SUCCESS
    locked at CPU VA 000001E85E2A0000
D3DKMTUnlock2 [gpu-ib]             0x00000000  STATUS_SUCCESS
Submit GPU readback                0x00000000  STATUS_SUCCESS
    asking the context to signal the monitored fence to 458
D3DKMTSignalSynchronizationObjectFromGpu 0x00000000  STATUS_SUCCESS
D3DKMTWaitForSynchronizationObjectFromCpu 0x00000000  STATUS_SUCCESS
    the monitored fence reached 458 after 0 ms
D3DKMTLock2 [gpu-readback]         0x00000000  STATUS_SUCCESS
    locked at CPU VA 000001E85E2B0000
D3DKMTUnlock2 [gpu-readback]       0x00000000  STATUS_SUCCESS
D3DKMTLock2 [gpu-readback]         0x00000000  STATUS_SUCCESS
    locked at CPU VA 000001E85E2B0000
D3DKMTUnlock2 [gpu-readback]       0x00000000  STATUS_SUCCESS
D3DKMTLock2 [gpu-ib]               0x00000000  STATUS_SUCCESS
    locked at CPU VA 000001E85E2A0000
D3DKMTUnlock2 [gpu-ib]             0x00000000  STATUS_SUCCESS
Submit GPU readback                0x00000000  STATUS_SUCCESS
    asking the context to signal the monitored fence to 459
D3DKMTSignalSynchronizationObjectFromGpu 0x00000000  STATUS_SUCCESS
D3DKMTWaitForSynchronizationObjectFromCpu 0x00000000  STATUS_SUCCESS
    the monitored fence reached 459 after 0 ms
D3DKMTLock2 [gpu-readback]         0x00000000  STATUS_SUCCESS
    locked at CPU VA 000001E85E2B0000
D3DKMTUnlock2 [gpu-readback]       0x00000000  STATUS_SUCCESS
D3DKMTLock2 [gpu-readback]         0x00000000  STATUS_SUCCESS
    locked at CPU VA 000001E85E2B0000
D3DKMTUnlock2 [gpu-readback]       0x00000000  STATUS_SUCCESS
D3DKMTLock2 [gpu-ib]               0x00000000  STATUS_SUCCESS
    locked at CPU VA 000001E85E2A0000
D3DKMTUnlock2 [gpu-ib]             0x00000000  STATUS_SUCCESS
Submit GPU readback                0x00000000  STATUS_SUCCESS
    asking the context to signal the monitored fence to 460
D3DKMTSignalSynchronizationObjectFromGpu 0x00000000  STATUS_SUCCESS
D3DKMTWaitForSynchronizationObjectFromCpu 0x00000000  STATUS_SUCCESS
    the monitored fence reached 460 after 0 ms
D3DKMTLock2 [gpu-readback]         0x00000000  STATUS_SUCCESS
    locked at CPU VA 000001E85E2B0000
D3DKMTUnlock2 [gpu-readback]       0x00000000  STATUS_SUCCESS
D3DKMTLock2 [gpu-readback]         0x00000000  STATUS_SUCCESS
    locked at CPU VA 000001E85E2B0000
D3DKMTUnlock2 [gpu-readback]       0x00000000  STATUS_SUCCESS
D3DKMTLock2 [gpu-ib]               0x00000000  STATUS_SUCCESS
    locked at CPU VA 000001E85E2A0000
D3DKMTUnlock2 [gpu-ib]             0x00000000  STATUS_SUCCESS
Submit GPU readback                0x00000000  STATUS_SUCCESS
    asking the context to signal the monitored fence to 461
D3DKMTSignalSynchronizationObjectFromGpu 0x00000000  STATUS_SUCCESS
D3DKMTWaitForSynchronizationObjectFromCpu 0x00000000  STATUS_SUCCESS
    the monitored fence reached 461 after 0 ms
D3DKMTLock2 [gpu-readback]         0x00000000  STATUS_SUCCESS
    locked at CPU VA 000001E85E2B0000
D3DKMTUnlock2 [gpu-readback]       0x00000000  STATUS_SUCCESS
D3DKMTLock2 [gpu-readback]         0x00000000  STATUS_SUCCESS
    locked at CPU VA 000001E85E2B0000
D3DKMTUnlock2 [gpu-readback]       0x00000000  STATUS_SUCCESS
D3DKMTLock2 [gpu-ib]               0x00000000  STATUS_SUCCESS
    locked at CPU VA 000001E85E2A0000
D3DKMTUnlock2 [gpu-ib]             0x00000000  STATUS_SUCCESS
Submit GPU readback                0x00000000  STATUS_SUCCESS
    asking the context to signal the monitored fence to 462
D3DKMTSignalSynchronizationObjectFromGpu 0x00000000  STATUS_SUCCESS
D3DKMTWaitForSynchronizationObjectFromCpu 0x00000000  STATUS_SUCCESS
    the monitored fence reached 462 after 0 ms
D3DKMTLock2 [gpu-readback]         0x00000000  STATUS_SUCCESS
    locked at CPU VA 000001E85E2B0000
D3DKMTUnlock2 [gpu-readback]       0x00000000  STATUS_SUCCESS
D3DKMTLock2 [gpu-readback]         0x00000000  STATUS_SUCCESS
    locked at CPU VA 000001E85E2B0000
D3DKMTUnlock2 [gpu-readback]       0x00000000  STATUS_SUCCESS
D3DKMTLock2 [gpu-ib]               0x00000000  STATUS_SUCCESS
    locked at CPU VA 000001E85E2A0000
D3DKMTUnlock2 [gpu-ib]             0x00000000  STATUS_SUCCESS
Submit GPU readback                0x00000000  STATUS_SUCCESS
    asking the context to signal the monitored fence to 463
D3DKMTSignalSynchronizationObjectFromGpu 0x00000000  STATUS_SUCCESS
D3DKMTWaitForSynchronizationObjectFromCpu 0x00000000  STATUS_SUCCESS
    the monitored fence reached 463 after 0 ms
D3DKMTLock2 [gpu-readback]         0x00000000  STATUS_SUCCESS
    locked at CPU VA 000001E85E2B0000
D3DKMTUnlock2 [gpu-readback]       0x00000000  STATUS_SUCCESS
D3DKMTLock2 [gpu-readback]         0x00000000  STATUS_SUCCESS
    locked at CPU VA 000001E85E2B0000
D3DKMTUnlock2 [gpu-readback]       0x00000000  STATUS_SUCCESS
D3DKMTLock2 [gpu-ib]               0x00000000  STATUS_SUCCESS
    locked at CPU VA 000001E85E2A0000
D3DKMTUnlock2 [gpu-ib]             0x00000000  STATUS_SUCCESS
Submit GPU readback                0x00000000  STATUS_SUCCESS
    asking the context to signal the monitored fence to 464
D3DKMTSignalSynchronizationObjectFromGpu 0x00000000  STATUS_SUCCESS
D3DKMTWaitForSynchronizationObjectFromCpu 0x00000000  STATUS_SUCCESS
    the monitored fence reached 464 after 0 ms
D3DKMTLock2 [gpu-readback]         0x00000000  STATUS_SUCCESS
    locked at CPU VA 000001E85E2B0000
D3DKMTUnlock2 [gpu-readback]       0x00000000  STATUS_SUCCESS
D3DKMTLock2 [gpu-readback]         0x00000000  STATUS_SUCCESS
    locked at CPU VA 000001E85E2B0000
D3DKMTUnlock2 [gpu-readback]       0x00000000  STATUS_SUCCESS
D3DKMTLock2 [gpu-ib]               0x00000000  STATUS_SUCCESS
    locked at CPU VA 000001E85E2A0000
D3DKMTUnlock2 [gpu-ib]             0x00000000  STATUS_SUCCESS
Submit GPU readback                0x00000000  STATUS_SUCCESS
    asking the context to signal the monitored fence to 465
D3DKMTSignalSynchronizationObjectFromGpu 0x00000000  STATUS_SUCCESS
D3DKMTWaitForSynchronizationObjectFromCpu 0x00000000  STATUS_SUCCESS
    the monitored fence reached 465 after 0 ms
D3DKMTLock2 [gpu-readback]         0x00000000  STATUS_SUCCESS
    locked at CPU VA 000001E85E2B0000
D3DKMTUnlock2 [gpu-readback]       0x00000000  STATUS_SUCCESS
D3DKMTLock2 [gpu-readback]         0x00000000  STATUS_SUCCESS
    locked at CPU VA 000001E85E2B0000
D3DKMTUnlock2 [gpu-readback]       0x00000000  STATUS_SUCCESS
D3DKMTLock2 [gpu-ib]               0x00000000  STATUS_SUCCESS
    locked at CPU VA 000001E85E2A0000
D3DKMTUnlock2 [gpu-ib]             0x00000000  STATUS_SUCCESS
Submit GPU readback                0x00000000  STATUS_SUCCESS
    asking the context to signal the monitored fence to 466
D3DKMTSignalSynchronizationObjectFromGpu 0x00000000  STATUS_SUCCESS
D3DKMTWaitForSynchronizationObjectFromCpu 0x00000000  STATUS_SUCCESS
    the monitored fence reached 466 after 0 ms
D3DKMTLock2 [gpu-readback]         0x00000000  STATUS_SUCCESS
    locked at CPU VA 000001E85E2B0000
D3DKMTUnlock2 [gpu-readback]       0x00000000  STATUS_SUCCESS
D3DKMTLock2 [gpu-readback]         0x00000000  STATUS_SUCCESS
    locked at CPU VA 000001E85E2B0000
D3DKMTUnlock2 [gpu-readback]       0x00000000  STATUS_SUCCESS
D3DKMTLock2 [gpu-ib]               0x00000000  STATUS_SUCCESS
    locked at CPU VA 000001E85E2A0000
D3DKMTUnlock2 [gpu-ib]             0x00000000  STATUS_SUCCESS
Submit GPU readback                0x00000000  STATUS_SUCCESS
    asking the context to signal the monitored fence to 467
D3DKMTSignalSynchronizationObjectFromGpu 0x00000000  STATUS_SUCCESS
D3DKMTWaitForSynchronizationObjectFromCpu 0x00000000  STATUS_SUCCESS
    the monitored fence reached 467 after 0 ms
D3DKMTLock2 [gpu-readback]         0x00000000  STATUS_SUCCESS
    locked at CPU VA 000001E85E2B0000
D3DKMTUnlock2 [gpu-readback]       0x00000000  STATUS_SUCCESS
D3DKMTLock2 [gpu-readback]         0x00000000  STATUS_SUCCESS
    locked at CPU VA 000001E85E2B0000
D3DKMTUnlock2 [gpu-readback]       0x00000000  STATUS_SUCCESS
D3DKMTLock2 [gpu-ib]               0x00000000  STATUS_SUCCESS
    locked at CPU VA 000001E85E2A0000
D3DKMTUnlock2 [gpu-ib]             0x00000000  STATUS_SUCCESS
Submit GPU readback                0x00000000  STATUS_SUCCESS
    asking the context to signal the monitored fence to 468
D3DKMTSignalSynchronizationObjectFromGpu 0x00000000  STATUS_SUCCESS
D3DKMTWaitForSynchronizationObjectFromCpu 0x00000000  STATUS_SUCCESS
    the monitored fence reached 468 after 0 ms
D3DKMTLock2 [gpu-readback]         0x00000000  STATUS_SUCCESS
    locked at CPU VA 000001E85E2B0000
D3DKMTUnlock2 [gpu-readback]       0x00000000  STATUS_SUCCESS
D3DKMTLock2 [gpu-readback]         0x00000000  STATUS_SUCCESS
    locked at CPU VA 000001E85E2B0000
D3DKMTUnlock2 [gpu-readback]       0x00000000  STATUS_SUCCESS
D3DKMTLock2 [gpu-ib]               0x00000000  STATUS_SUCCESS
    locked at CPU VA 000001E85E2A0000
D3DKMTUnlock2 [gpu-ib]             0x00000000  STATUS_SUCCESS
Submit GPU readback                0x00000000  STATUS_SUCCESS
    asking the context to signal the monitored fence to 469
D3DKMTSignalSynchronizationObjectFromGpu 0x00000000  STATUS_SUCCESS
D3DKMTWaitForSynchronizationObjectFromCpu 0x00000000  STATUS_SUCCESS
    the monitored fence reached 469 after 0 ms
D3DKMTLock2 [gpu-readback]         0x00000000  STATUS_SUCCESS
    locked at CPU VA 000001E85E2B0000
D3DKMTUnlock2 [gpu-readback]       0x00000000  STATUS_SUCCESS
D3DKMTLock2 [gpu-readback]         0x00000000  STATUS_SUCCESS
    locked at CPU VA 000001E85E2B0000
D3DKMTUnlock2 [gpu-readback]       0x00000000  STATUS_SUCCESS
D3DKMTLock2 [gpu-ib]               0x00000000  STATUS_SUCCESS
    locked at CPU VA 000001E85E2A0000
D3DKMTUnlock2 [gpu-ib]             0x00000000  STATUS_SUCCESS
Submit GPU readback                0x00000000  STATUS_SUCCESS
    asking the context to signal the monitored fence to 470
D3DKMTSignalSynchronizationObjectFromGpu 0x00000000  STATUS_SUCCESS
D3DKMTWaitForSynchronizationObjectFromCpu 0x00000000  STATUS_SUCCESS
    the monitored fence reached 470 after 0 ms
D3DKMTLock2 [gpu-readback]         0x00000000  STATUS_SUCCESS
    locked at CPU VA 000001E85E2B0000
D3DKMTUnlock2 [gpu-readback]       0x00000000  STATUS_SUCCESS
D3DKMTLock2 [gpu-readback]         0x00000000  STATUS_SUCCESS
    locked at CPU VA 000001E85E2B0000
D3DKMTUnlock2 [gpu-readback]       0x00000000  STATUS_SUCCESS
D3DKMTLock2 [gpu-ib]               0x00000000  STATUS_SUCCESS
    locked at CPU VA 000001E85E2A0000
D3DKMTUnlock2 [gpu-ib]             0x00000000  STATUS_SUCCESS
Submit GPU readback                0x00000000  STATUS_SUCCESS
    asking the context to signal the monitored fence to 471
D3DKMTSignalSynchronizationObjectFromGpu 0x00000000  STATUS_SUCCESS
D3DKMTWaitForSynchronizationObjectFromCpu 0x00000000  STATUS_SUCCESS
    the monitored fence reached 471 after 0 ms
D3DKMTLock2 [gpu-readback]         0x00000000  STATUS_SUCCESS
    locked at CPU VA 000001E85E2B0000
D3DKMTUnlock2 [gpu-readback]       0x00000000  STATUS_SUCCESS
D3DKMTLock2 [gpu-readback]         0x00000000  STATUS_SUCCESS
    locked at CPU VA 000001E85E2B0000
D3DKMTUnlock2 [gpu-readback]       0x00000000  STATUS_SUCCESS
D3DKMTLock2 [gpu-ib]               0x00000000  STATUS_SUCCESS
    locked at CPU VA 000001E85E2A0000
D3DKMTUnlock2 [gpu-ib]             0x00000000  STATUS_SUCCESS
Submit GPU readback                0x00000000  STATUS_SUCCESS
    asking the context to signal the monitored fence to 472
D3DKMTSignalSynchronizationObjectFromGpu 0x00000000  STATUS_SUCCESS
D3DKMTWaitForSynchronizationObjectFromCpu 0x00000000  STATUS_SUCCESS
    the monitored fence reached 472 after 0 ms
D3DKMTLock2 [gpu-readback]         0x00000000  STATUS_SUCCESS
    locked at CPU VA 000001E85E2B0000
D3DKMTUnlock2 [gpu-readback]       0x00000000  STATUS_SUCCESS
D3DKMTLock2 [gpu-readback]         0x00000000  STATUS_SUCCESS
    locked at CPU VA 000001E85E2B0000
D3DKMTUnlock2 [gpu-readback]       0x00000000  STATUS_SUCCESS
D3DKMTLock2 [gpu-ib]               0x00000000  STATUS_SUCCESS
    locked at CPU VA 000001E85E2A0000
D3DKMTUnlock2 [gpu-ib]             0x00000000  STATUS_SUCCESS
Submit GPU readback                0x00000000  STATUS_SUCCESS
    asking the context to signal the monitored fence to 473
D3DKMTSignalSynchronizationObjectFromGpu 0x00000000  STATUS_SUCCESS
D3DKMTWaitForSynchronizationObjectFromCpu 0x00000000  STATUS_SUCCESS
    the monitored fence reached 473 after 15 ms
D3DKMTLock2 [gpu-readback]         0x00000000  STATUS_SUCCESS
    locked at CPU VA 000001E85E2B0000
D3DKMTUnlock2 [gpu-readback]       0x00000000  STATUS_SUCCESS
D3DKMTLock2 [gpu-readback]         0x00000000  STATUS_SUCCESS
    locked at CPU VA 000001E85E2B0000
D3DKMTUnlock2 [gpu-readback]       0x00000000  STATUS_SUCCESS
D3DKMTLock2 [gpu-ib]               0x00000000  STATUS_SUCCESS
    locked at CPU VA 000001E85E2A0000
D3DKMTUnlock2 [gpu-ib]             0x00000000  STATUS_SUCCESS
Submit GPU readback                0x00000000  STATUS_SUCCESS
    asking the context to signal the monitored fence to 474
D3DKMTSignalSynchronizationObjectFromGpu 0x00000000  STATUS_SUCCESS
D3DKMTWaitForSynchronizationObjectFromCpu 0x00000000  STATUS_SUCCESS
    the monitored fence reached 474 after 0 ms
D3DKMTLock2 [gpu-readback]         0x00000000  STATUS_SUCCESS
    locked at CPU VA 000001E85E2B0000
D3DKMTUnlock2 [gpu-readback]       0x00000000  STATUS_SUCCESS
D3DKMTLock2 [gpu-readback]         0x00000000  STATUS_SUCCESS
    locked at CPU VA 000001E85E2B0000
D3DKMTUnlock2 [gpu-readback]       0x00000000  STATUS_SUCCESS
D3DKMTLock2 [gpu-ib]               0x00000000  STATUS_SUCCESS
    locked at CPU VA 000001E85E2A0000
D3DKMTUnlock2 [gpu-ib]             0x00000000  STATUS_SUCCESS
Submit GPU readback                0x00000000  STATUS_SUCCESS
    asking the context to signal the monitored fence to 475
D3DKMTSignalSynchronizationObjectFromGpu 0x00000000  STATUS_SUCCESS
D3DKMTWaitForSynchronizationObjectFromCpu 0x00000000  STATUS_SUCCESS
    the monitored fence reached 475 after 0 ms
D3DKMTLock2 [gpu-readback]         0x00000000  STATUS_SUCCESS
    locked at CPU VA 000001E85E2B0000
D3DKMTUnlock2 [gpu-readback]       0x00000000  STATUS_SUCCESS
D3DKMTLock2 [gpu-readback]         0x00000000  STATUS_SUCCESS
    locked at CPU VA 000001E85E2B0000
D3DKMTUnlock2 [gpu-readback]       0x00000000  STATUS_SUCCESS
D3DKMTLock2 [gpu-ib]               0x00000000  STATUS_SUCCESS
    locked at CPU VA 000001E85E2A0000
D3DKMTUnlock2 [gpu-ib]             0x00000000  STATUS_SUCCESS
Submit GPU readback                0x00000000  STATUS_SUCCESS
    asking the context to signal the monitored fence to 476
D3DKMTSignalSynchronizationObjectFromGpu 0x00000000  STATUS_SUCCESS
D3DKMTWaitForSynchronizationObjectFromCpu 0x00000000  STATUS_SUCCESS
    the monitored fence reached 476 after 0 ms
D3DKMTLock2 [gpu-readback]         0x00000000  STATUS_SUCCESS
    locked at CPU VA 000001E85E2B0000
D3DKMTUnlock2 [gpu-readback]       0x00000000  STATUS_SUCCESS
D3DKMTLock2 [gpu-readback]         0x00000000  STATUS_SUCCESS
    locked at CPU VA 000001E85E2B0000
D3DKMTUnlock2 [gpu-readback]       0x00000000  STATUS_SUCCESS
D3DKMTLock2 [gpu-ib]               0x00000000  STATUS_SUCCESS
    locked at CPU VA 000001E85E2A0000
D3DKMTUnlock2 [gpu-ib]             0x00000000  STATUS_SUCCESS
Submit GPU readback                0x00000000  STATUS_SUCCESS
    asking the context to signal the monitored fence to 477
D3DKMTSignalSynchronizationObjectFromGpu 0x00000000  STATUS_SUCCESS
D3DKMTWaitForSynchronizationObjectFromCpu 0x00000000  STATUS_SUCCESS
    the monitored fence reached 477 after 0 ms
D3DKMTLock2 [gpu-readback]         0x00000000  STATUS_SUCCESS
    locked at CPU VA 000001E85E2B0000
D3DKMTUnlock2 [gpu-readback]       0x00000000  STATUS_SUCCESS
D3DKMTLock2 [gpu-readback]         0x00000000  STATUS_SUCCESS
    locked at CPU VA 000001E85E2B0000
D3DKMTUnlock2 [gpu-readback]       0x00000000  STATUS_SUCCESS
D3DKMTLock2 [gpu-ib]               0x00000000  STATUS_SUCCESS
    locked at CPU VA 000001E85E2A0000
D3DKMTUnlock2 [gpu-ib]             0x00000000  STATUS_SUCCESS
Submit GPU readback                0x00000000  STATUS_SUCCESS
    asking the context to signal the monitored fence to 478
D3DKMTSignalSynchronizationObjectFromGpu 0x00000000  STATUS_SUCCESS
D3DKMTWaitForSynchronizationObjectFromCpu 0x00000000  STATUS_SUCCESS
    the monitored fence reached 478 after 0 ms
D3DKMTLock2 [gpu-readback]         0x00000000  STATUS_SUCCESS
    locked at CPU VA 000001E85E2B0000
D3DKMTUnlock2 [gpu-readback]       0x00000000  STATUS_SUCCESS
D3DKMTLock2 [gpu-readback]         0x00000000  STATUS_SUCCESS
    locked at CPU VA 000001E85E2B0000
D3DKMTUnlock2 [gpu-readback]       0x00000000  STATUS_SUCCESS
D3DKMTLock2 [gpu-ib]               0x00000000  STATUS_SUCCESS
    locked at CPU VA 000001E85E2A0000
D3DKMTUnlock2 [gpu-ib]             0x00000000  STATUS_SUCCESS
Submit GPU readback                0x00000000  STATUS_SUCCESS
    asking the context to signal the monitored fence to 479
D3DKMTSignalSynchronizationObjectFromGpu 0x00000000  STATUS_SUCCESS
D3DKMTWaitForSynchronizationObjectFromCpu 0x00000000  STATUS_SUCCESS
    the monitored fence reached 479 after 0 ms
D3DKMTLock2 [gpu-readback]         0x00000000  STATUS_SUCCESS
    locked at CPU VA 000001E85E2B0000
D3DKMTUnlock2 [gpu-readback]       0x00000000  STATUS_SUCCESS
D3DKMTLock2 [gpu-readback]         0x00000000  STATUS_SUCCESS
    locked at CPU VA 000001E85E2B0000
D3DKMTUnlock2 [gpu-readback]       0x00000000  STATUS_SUCCESS
D3DKMTLock2 [gpu-ib]               0x00000000  STATUS_SUCCESS
    locked at CPU VA 000001E85E2A0000
D3DKMTUnlock2 [gpu-ib]             0x00000000  STATUS_SUCCESS
Submit GPU readback                0x00000000  STATUS_SUCCESS
    asking the context to signal the monitored fence to 480
D3DKMTSignalSynchronizationObjectFromGpu 0x00000000  STATUS_SUCCESS
D3DKMTWaitForSynchronizationObjectFromCpu 0x00000000  STATUS_SUCCESS
    the monitored fence reached 480 after 0 ms
D3DKMTLock2 [gpu-readback]         0x00000000  STATUS_SUCCESS
    locked at CPU VA 000001E85E2B0000
D3DKMTUnlock2 [gpu-readback]       0x00000000  STATUS_SUCCESS
D3DKMTLock2 [gpu-readback]         0x00000000  STATUS_SUCCESS
    locked at CPU VA 000001E85E2B0000
D3DKMTUnlock2 [gpu-readback]       0x00000000  STATUS_SUCCESS
D3DKMTLock2 [gpu-ib]               0x00000000  STATUS_SUCCESS
    locked at CPU VA 000001E85E2A0000
D3DKMTUnlock2 [gpu-ib]             0x00000000  STATUS_SUCCESS
Submit GPU readback                0x00000000  STATUS_SUCCESS
    asking the context to signal the monitored fence to 481
D3DKMTSignalSynchronizationObjectFromGpu 0x00000000  STATUS_SUCCESS
D3DKMTWaitForSynchronizationObjectFromCpu 0x00000000  STATUS_SUCCESS
    the monitored fence reached 481 after 0 ms
D3DKMTLock2 [gpu-readback]         0x00000000  STATUS_SUCCESS
    locked at CPU VA 000001E85E2B0000
D3DKMTUnlock2 [gpu-readback]       0x00000000  STATUS_SUCCESS
D3DKMTLock2 [gpu-readback]         0x00000000  STATUS_SUCCESS
    locked at CPU VA 000001E85E2B0000
D3DKMTUnlock2 [gpu-readback]       0x00000000  STATUS_SUCCESS
D3DKMTLock2 [gpu-ib]               0x00000000  STATUS_SUCCESS
    locked at CPU VA 000001E85E2A0000
D3DKMTUnlock2 [gpu-ib]             0x00000000  STATUS_SUCCESS
Submit GPU readback                0x00000000  STATUS_SUCCESS
    asking the context to signal the monitored fence to 482
D3DKMTSignalSynchronizationObjectFromGpu 0x00000000  STATUS_SUCCESS
D3DKMTWaitForSynchronizationObjectFromCpu 0x00000000  STATUS_SUCCESS
    the monitored fence reached 482 after 0 ms
D3DKMTLock2 [gpu-readback]         0x00000000  STATUS_SUCCESS
    locked at CPU VA 000001E85E2B0000
D3DKMTUnlock2 [gpu-readback]       0x00000000  STATUS_SUCCESS
D3DKMTLock2 [gpu-readback]         0x00000000  STATUS_SUCCESS
    locked at CPU VA 000001E85E2B0000
D3DKMTUnlock2 [gpu-readback]       0x00000000  STATUS_SUCCESS
D3DKMTLock2 [gpu-ib]               0x00000000  STATUS_SUCCESS
    locked at CPU VA 000001E85E2A0000
D3DKMTUnlock2 [gpu-ib]             0x00000000  STATUS_SUCCESS
Submit GPU readback                0x00000000  STATUS_SUCCESS
    asking the context to signal the monitored fence to 483
D3DKMTSignalSynchronizationObjectFromGpu 0x00000000  STATUS_SUCCESS
D3DKMTWaitForSynchronizationObjectFromCpu 0x00000000  STATUS_SUCCESS
    the monitored fence reached 483 after 0 ms
D3DKMTLock2 [gpu-readback]         0x00000000  STATUS_SUCCESS
    locked at CPU VA 000001E85E2B0000
D3DKMTUnlock2 [gpu-readback]       0x00000000  STATUS_SUCCESS
D3DKMTLock2 [gpu-readback]         0x00000000  STATUS_SUCCESS
    locked at CPU VA 000001E85E2B0000
D3DKMTUnlock2 [gpu-readback]       0x00000000  STATUS_SUCCESS
D3DKMTLock2 [gpu-ib]               0x00000000  STATUS_SUCCESS
    locked at CPU VA 000001E85E2A0000
D3DKMTUnlock2 [gpu-ib]             0x00000000  STATUS_SUCCESS
Submit GPU readback                0x00000000  STATUS_SUCCESS
    asking the context to signal the monitored fence to 484
D3DKMTSignalSynchronizationObjectFromGpu 0x00000000  STATUS_SUCCESS
D3DKMTWaitForSynchronizationObjectFromCpu 0x00000000  STATUS_SUCCESS
    the monitored fence reached 484 after 0 ms
D3DKMTLock2 [gpu-readback]         0x00000000  STATUS_SUCCESS
    locked at CPU VA 000001E85E2B0000
D3DKMTUnlock2 [gpu-readback]       0x00000000  STATUS_SUCCESS
D3DKMTLock2 [gpu-readback]         0x00000000  STATUS_SUCCESS
    locked at CPU VA 000001E85E2B0000
D3DKMTUnlock2 [gpu-readback]       0x00000000  STATUS_SUCCESS
D3DKMTLock2 [gpu-ib]               0x00000000  STATUS_SUCCESS
    locked at CPU VA 000001E85E2A0000
D3DKMTUnlock2 [gpu-ib]             0x00000000  STATUS_SUCCESS
Submit GPU readback                0x00000000  STATUS_SUCCESS
    asking the context to signal the monitored fence to 485
D3DKMTSignalSynchronizationObjectFromGpu 0x00000000  STATUS_SUCCESS
D3DKMTWaitForSynchronizationObjectFromCpu 0x00000000  STATUS_SUCCESS
    the monitored fence reached 485 after 0 ms
D3DKMTLock2 [gpu-readback]         0x00000000  STATUS_SUCCESS
    locked at CPU VA 000001E85E2B0000
D3DKMTUnlock2 [gpu-readback]       0x00000000  STATUS_SUCCESS
D3DKMTLock2 [gpu-readback]         0x00000000  STATUS_SUCCESS
    locked at CPU VA 000001E85E2B0000
D3DKMTUnlock2 [gpu-readback]       0x00000000  STATUS_SUCCESS
D3DKMTLock2 [gpu-ib]               0x00000000  STATUS_SUCCESS
    locked at CPU VA 000001E85E2A0000
D3DKMTUnlock2 [gpu-ib]             0x00000000  STATUS_SUCCESS
Submit GPU readback                0x00000000  STATUS_SUCCESS
    asking the context to signal the monitored fence to 486
D3DKMTSignalSynchronizationObjectFromGpu 0x00000000  STATUS_SUCCESS
D3DKMTWaitForSynchronizationObjectFromCpu 0x00000000  STATUS_SUCCESS
    the monitored fence reached 486 after 0 ms
D3DKMTLock2 [gpu-readback]         0x00000000  STATUS_SUCCESS
    locked at CPU VA 000001E85E2B0000
D3DKMTUnlock2 [gpu-readback]       0x00000000  STATUS_SUCCESS
D3DKMTLock2 [gpu-readback]         0x00000000  STATUS_SUCCESS
    locked at CPU VA 000001E85E2B0000
D3DKMTUnlock2 [gpu-readback]       0x00000000  STATUS_SUCCESS
D3DKMTLock2 [gpu-ib]               0x00000000  STATUS_SUCCESS
    locked at CPU VA 000001E85E2A0000
D3DKMTUnlock2 [gpu-ib]             0x00000000  STATUS_SUCCESS
Submit GPU readback                0x00000000  STATUS_SUCCESS
    asking the context to signal the monitored fence to 487
D3DKMTSignalSynchronizationObjectFromGpu 0x00000000  STATUS_SUCCESS
D3DKMTWaitForSynchronizationObjectFromCpu 0x00000000  STATUS_SUCCESS
    the monitored fence reached 487 after 0 ms
D3DKMTLock2 [gpu-readback]         0x00000000  STATUS_SUCCESS
    locked at CPU VA 000001E85E2B0000
D3DKMTUnlock2 [gpu-readback]       0x00000000  STATUS_SUCCESS
D3DKMTLock2 [gpu-readback]         0x00000000  STATUS_SUCCESS
    locked at CPU VA 000001E85E2B0000
D3DKMTUnlock2 [gpu-readback]       0x00000000  STATUS_SUCCESS
D3DKMTLock2 [gpu-ib]               0x00000000  STATUS_SUCCESS
    locked at CPU VA 000001E85E2A0000
D3DKMTUnlock2 [gpu-ib]             0x00000000  STATUS_SUCCESS
Submit GPU readback                0x00000000  STATUS_SUCCESS
    asking the context to signal the monitored fence to 488
D3DKMTSignalSynchronizationObjectFromGpu 0x00000000  STATUS_SUCCESS
D3DKMTWaitForSynchronizationObjectFromCpu 0x00000000  STATUS_SUCCESS
    the monitored fence reached 488 after 0 ms
D3DKMTLock2 [gpu-readback]         0x00000000  STATUS_SUCCESS
    locked at CPU VA 000001E85E2B0000
D3DKMTUnlock2 [gpu-readback]       0x00000000  STATUS_SUCCESS
D3DKMTLock2 [gpu-readback]         0x00000000  STATUS_SUCCESS
    locked at CPU VA 000001E85E2B0000
D3DKMTUnlock2 [gpu-readback]       0x00000000  STATUS_SUCCESS
D3DKMTLock2 [gpu-ib]               0x00000000  STATUS_SUCCESS
    locked at CPU VA 000001E85E2A0000
D3DKMTUnlock2 [gpu-ib]             0x00000000  STATUS_SUCCESS
Submit GPU readback                0x00000000  STATUS_SUCCESS
    asking the context to signal the monitored fence to 489
D3DKMTSignalSynchronizationObjectFromGpu 0x00000000  STATUS_SUCCESS
D3DKMTWaitForSynchronizationObjectFromCpu 0x00000000  STATUS_SUCCESS
    the monitored fence reached 489 after 0 ms
D3DKMTLock2 [gpu-readback]         0x00000000  STATUS_SUCCESS
    locked at CPU VA 000001E85E2B0000
D3DKMTUnlock2 [gpu-readback]       0x00000000  STATUS_SUCCESS
D3DKMTLock2 [gpu-readback]         0x00000000  STATUS_SUCCESS
    locked at CPU VA 000001E85E2B0000
D3DKMTUnlock2 [gpu-readback]       0x00000000  STATUS_SUCCESS
D3DKMTLock2 [gpu-ib]               0x00000000  STATUS_SUCCESS
    locked at CPU VA 000001E85E2A0000
D3DKMTUnlock2 [gpu-ib]             0x00000000  STATUS_SUCCESS
Submit GPU readback                0x00000000  STATUS_SUCCESS
    asking the context to signal the monitored fence to 490
D3DKMTSignalSynchronizationObjectFromGpu 0x00000000  STATUS_SUCCESS
D3DKMTWaitForSynchronizationObjectFromCpu 0x00000000  STATUS_SUCCESS
    the monitored fence reached 490 after 0 ms
D3DKMTLock2 [gpu-readback]         0x00000000  STATUS_SUCCESS
    locked at CPU VA 000001E85E2B0000
D3DKMTUnlock2 [gpu-readback]       0x00000000  STATUS_SUCCESS
D3DKMTLock2 [gpu-readback]         0x00000000  STATUS_SUCCESS
    locked at CPU VA 000001E85E2B0000
D3DKMTUnlock2 [gpu-readback]       0x00000000  STATUS_SUCCESS
D3DKMTLock2 [gpu-ib]               0x00000000  STATUS_SUCCESS
    locked at CPU VA 000001E85E2A0000
D3DKMTUnlock2 [gpu-ib]             0x00000000  STATUS_SUCCESS
Submit GPU readback                0x00000000  STATUS_SUCCESS
    asking the context to signal the monitored fence to 491
D3DKMTSignalSynchronizationObjectFromGpu 0x00000000  STATUS_SUCCESS
D3DKMTWaitForSynchronizationObjectFromCpu 0x00000000  STATUS_SUCCESS
    the monitored fence reached 491 after 0 ms
D3DKMTLock2 [gpu-readback]         0x00000000  STATUS_SUCCESS
    locked at CPU VA 000001E85E2B0000
D3DKMTUnlock2 [gpu-readback]       0x00000000  STATUS_SUCCESS
D3DKMTLock2 [gpu-readback]         0x00000000  STATUS_SUCCESS
    locked at CPU VA 000001E85E2B0000
D3DKMTUnlock2 [gpu-readback]       0x00000000  STATUS_SUCCESS
D3DKMTLock2 [gpu-ib]               0x00000000  STATUS_SUCCESS
    locked at CPU VA 000001E85E2A0000
D3DKMTUnlock2 [gpu-ib]             0x00000000  STATUS_SUCCESS
Submit GPU readback                0x00000000  STATUS_SUCCESS
    asking the context to signal the monitored fence to 492
D3DKMTSignalSynchronizationObjectFromGpu 0x00000000  STATUS_SUCCESS
D3DKMTWaitForSynchronizationObjectFromCpu 0x00000000  STATUS_SUCCESS
    the monitored fence reached 492 after 0 ms
D3DKMTLock2 [gpu-readback]         0x00000000  STATUS_SUCCESS
    locked at CPU VA 000001E85E2B0000
D3DKMTUnlock2 [gpu-readback]       0x00000000  STATUS_SUCCESS
D3DKMTLock2 [gpu-readback]         0x00000000  STATUS_SUCCESS
    locked at CPU VA 000001E85E2B0000
D3DKMTUnlock2 [gpu-readback]       0x00000000  STATUS_SUCCESS
D3DKMTLock2 [gpu-ib]               0x00000000  STATUS_SUCCESS
    locked at CPU VA 000001E85E2A0000
D3DKMTUnlock2 [gpu-ib]             0x00000000  STATUS_SUCCESS
Submit GPU readback                0x00000000  STATUS_SUCCESS
    asking the context to signal the monitored fence to 493
D3DKMTSignalSynchronizationObjectFromGpu 0x00000000  STATUS_SUCCESS
D3DKMTWaitForSynchronizationObjectFromCpu 0x00000000  STATUS_SUCCESS
    the monitored fence reached 493 after 0 ms
D3DKMTLock2 [gpu-readback]         0x00000000  STATUS_SUCCESS
    locked at CPU VA 000001E85E2B0000
D3DKMTUnlock2 [gpu-readback]       0x00000000  STATUS_SUCCESS
D3DKMTLock2 [gpu-readback]         0x00000000  STATUS_SUCCESS
    locked at CPU VA 000001E85E2B0000
D3DKMTUnlock2 [gpu-readback]       0x00000000  STATUS_SUCCESS
D3DKMTLock2 [gpu-ib]               0x00000000  STATUS_SUCCESS
    locked at CPU VA 000001E85E2A0000
D3DKMTUnlock2 [gpu-ib]             0x00000000  STATUS_SUCCESS
Submit GPU readback                0x00000000  STATUS_SUCCESS
    asking the context to signal the monitored fence to 494
D3DKMTSignalSynchronizationObjectFromGpu 0x00000000  STATUS_SUCCESS
D3DKMTWaitForSynchronizationObjectFromCpu 0x00000000  STATUS_SUCCESS
    the monitored fence reached 494 after 0 ms
D3DKMTLock2 [gpu-readback]         0x00000000  STATUS_SUCCESS
    locked at CPU VA 000001E85E2B0000
D3DKMTUnlock2 [gpu-readback]       0x00000000  STATUS_SUCCESS
D3DKMTLock2 [gpu-readback]         0x00000000  STATUS_SUCCESS
    locked at CPU VA 000001E85E2B0000
D3DKMTUnlock2 [gpu-readback]       0x00000000  STATUS_SUCCESS
D3DKMTLock2 [gpu-ib]               0x00000000  STATUS_SUCCESS
    locked at CPU VA 000001E85E2A0000
D3DKMTUnlock2 [gpu-ib]             0x00000000  STATUS_SUCCESS
Submit GPU readback                0x00000000  STATUS_SUCCESS
    asking the context to signal the monitored fence to 495
D3DKMTSignalSynchronizationObjectFromGpu 0x00000000  STATUS_SUCCESS
D3DKMTWaitForSynchronizationObjectFromCpu 0x00000000  STATUS_SUCCESS
    the monitored fence reached 495 after 0 ms
D3DKMTLock2 [gpu-readback]         0x00000000  STATUS_SUCCESS
    locked at CPU VA 000001E85E2B0000
D3DKMTUnlock2 [gpu-readback]       0x00000000  STATUS_SUCCESS
D3DKMTLock2 [gpu-readback]         0x00000000  STATUS_SUCCESS
    locked at CPU VA 000001E85E2B0000
D3DKMTUnlock2 [gpu-readback]       0x00000000  STATUS_SUCCESS
D3DKMTLock2 [gpu-ib]               0x00000000  STATUS_SUCCESS
    locked at CPU VA 000001E85E2A0000
D3DKMTUnlock2 [gpu-ib]             0x00000000  STATUS_SUCCESS
Submit GPU readback                0x00000000  STATUS_SUCCESS
    asking the context to signal the monitored fence to 496
D3DKMTSignalSynchronizationObjectFromGpu 0x00000000  STATUS_SUCCESS
D3DKMTWaitForSynchronizationObjectFromCpu 0x00000000  STATUS_SUCCESS
    the monitored fence reached 496 after 0 ms
D3DKMTLock2 [gpu-readback]         0x00000000  STATUS_SUCCESS
    locked at CPU VA 000001E85E2B0000
D3DKMTUnlock2 [gpu-readback]       0x00000000  STATUS_SUCCESS
D3DKMTLock2 [gpu-readback]         0x00000000  STATUS_SUCCESS
    locked at CPU VA 000001E85E2B0000
D3DKMTUnlock2 [gpu-readback]       0x00000000  STATUS_SUCCESS
D3DKMTLock2 [gpu-ib]               0x00000000  STATUS_SUCCESS
    locked at CPU VA 000001E85E2A0000
D3DKMTUnlock2 [gpu-ib]             0x00000000  STATUS_SUCCESS
Submit GPU readback                0x00000000  STATUS_SUCCESS
    asking the context to signal the monitored fence to 497
D3DKMTSignalSynchronizationObjectFromGpu 0x00000000  STATUS_SUCCESS
D3DKMTWaitForSynchronizationObjectFromCpu 0x00000000  STATUS_SUCCESS
    the monitored fence reached 497 after 0 ms
D3DKMTLock2 [gpu-readback]         0x00000000  STATUS_SUCCESS
    locked at CPU VA 000001E85E2B0000
D3DKMTUnlock2 [gpu-readback]       0x00000000  STATUS_SUCCESS
D3DKMTLock2 [gpu-readback]         0x00000000  STATUS_SUCCESS
    locked at CPU VA 000001E85E2B0000
D3DKMTUnlock2 [gpu-readback]       0x00000000  STATUS_SUCCESS
D3DKMTLock2 [gpu-ib]               0x00000000  STATUS_SUCCESS
    locked at CPU VA 000001E85E2A0000
D3DKMTUnlock2 [gpu-ib]             0x00000000  STATUS_SUCCESS
Submit GPU readback                0x00000000  STATUS_SUCCESS
    asking the context to signal the monitored fence to 498
D3DKMTSignalSynchronizationObjectFromGpu 0x00000000  STATUS_SUCCESS
D3DKMTWaitForSynchronizationObjectFromCpu 0x00000000  STATUS_SUCCESS
    the monitored fence reached 498 after 0 ms
D3DKMTLock2 [gpu-readback]         0x00000000  STATUS_SUCCESS
    locked at CPU VA 000001E85E2B0000
D3DKMTUnlock2 [gpu-readback]       0x00000000  STATUS_SUCCESS
D3DKMTLock2 [gpu-readback]         0x00000000  STATUS_SUCCESS
    locked at CPU VA 000001E85E2B0000
D3DKMTUnlock2 [gpu-readback]       0x00000000  STATUS_SUCCESS
D3DKMTLock2 [gpu-ib]               0x00000000  STATUS_SUCCESS
    locked at CPU VA 000001E85E2A0000
D3DKMTUnlock2 [gpu-ib]             0x00000000  STATUS_SUCCESS
Submit GPU readback                0x00000000  STATUS_SUCCESS
    asking the context to signal the monitored fence to 499
D3DKMTSignalSynchronizationObjectFromGpu 0x00000000  STATUS_SUCCESS
D3DKMTWaitForSynchronizationObjectFromCpu 0x00000000  STATUS_SUCCESS
    the monitored fence reached 499 after 0 ms
D3DKMTLock2 [gpu-readback]         0x00000000  STATUS_SUCCESS
    locked at CPU VA 000001E85E2B0000
D3DKMTUnlock2 [gpu-readback]       0x00000000  STATUS_SUCCESS
D3DKMTLock2 [gpu-readback]         0x00000000  STATUS_SUCCESS
    locked at CPU VA 000001E85E2B0000
D3DKMTUnlock2 [gpu-readback]       0x00000000  STATUS_SUCCESS
D3DKMTLock2 [gpu-ib]               0x00000000  STATUS_SUCCESS
    locked at CPU VA 000001E85E2A0000
D3DKMTUnlock2 [gpu-ib]             0x00000000  STATUS_SUCCESS
Submit GPU readback                0x00000000  STATUS_SUCCESS
    asking the context to signal the monitored fence to 500
D3DKMTSignalSynchronizationObjectFromGpu 0x00000000  STATUS_SUCCESS
D3DKMTWaitForSynchronizationObjectFromCpu 0x00000000  STATUS_SUCCESS
    the monitored fence reached 500 after 0 ms
D3DKMTLock2 [gpu-readback]         0x00000000  STATUS_SUCCESS
    locked at CPU VA 000001E85E2B0000
D3DKMTUnlock2 [gpu-readback]       0x00000000  STATUS_SUCCESS
D3DKMTLock2 [gpu-readback]         0x00000000  STATUS_SUCCESS
    locked at CPU VA 000001E85E2B0000
D3DKMTUnlock2 [gpu-readback]       0x00000000  STATUS_SUCCESS
D3DKMTLock2 [gpu-ib]               0x00000000  STATUS_SUCCESS
    locked at CPU VA 000001E85E2A0000
D3DKMTUnlock2 [gpu-ib]             0x00000000  STATUS_SUCCESS
Submit GPU readback                0x00000000  STATUS_SUCCESS
    asking the context to signal the monitored fence to 501
D3DKMTSignalSynchronizationObjectFromGpu 0x00000000  STATUS_SUCCESS
D3DKMTWaitForSynchronizationObjectFromCpu 0x00000000  STATUS_SUCCESS
    the monitored fence reached 501 after 0 ms
D3DKMTLock2 [gpu-readback]         0x00000000  STATUS_SUCCESS
    locked at CPU VA 000001E85E2B0000
D3DKMTUnlock2 [gpu-readback]       0x00000000  STATUS_SUCCESS
D3DKMTLock2 [gpu-readback]         0x00000000  STATUS_SUCCESS
    locked at CPU VA 000001E85E2B0000
D3DKMTUnlock2 [gpu-readback]       0x00000000  STATUS_SUCCESS
D3DKMTLock2 [gpu-ib]               0x00000000  STATUS_SUCCESS
    locked at CPU VA 000001E85E2A0000
D3DKMTUnlock2 [gpu-ib]             0x00000000  STATUS_SUCCESS
Submit GPU readback                0x00000000  STATUS_SUCCESS
    asking the context to signal the monitored fence to 502
D3DKMTSignalSynchronizationObjectFromGpu 0x00000000  STATUS_SUCCESS
D3DKMTWaitForSynchronizationObjectFromCpu 0x00000000  STATUS_SUCCESS
    the monitored fence reached 502 after 0 ms
D3DKMTLock2 [gpu-readback]         0x00000000  STATUS_SUCCESS
    locked at CPU VA 000001E85E2B0000
D3DKMTUnlock2 [gpu-readback]       0x00000000  STATUS_SUCCESS
D3DKMTLock2 [gpu-readback]         0x00000000  STATUS_SUCCESS
    locked at CPU VA 000001E85E2B0000
D3DKMTUnlock2 [gpu-readback]       0x00000000  STATUS_SUCCESS
D3DKMTLock2 [gpu-ib]               0x00000000  STATUS_SUCCESS
    locked at CPU VA 000001E85E2A0000
D3DKMTUnlock2 [gpu-ib]             0x00000000  STATUS_SUCCESS
Submit GPU readback                0x00000000  STATUS_SUCCESS
    asking the context to signal the monitored fence to 503
D3DKMTSignalSynchronizationObjectFromGpu 0x00000000  STATUS_SUCCESS
D3DKMTWaitForSynchronizationObjectFromCpu 0x00000000  STATUS_SUCCESS
    the monitored fence reached 503 after 0 ms
D3DKMTLock2 [gpu-readback]         0x00000000  STATUS_SUCCESS
    locked at CPU VA 000001E85E2B0000
D3DKMTUnlock2 [gpu-readback]       0x00000000  STATUS_SUCCESS
D3DKMTLock2 [gpu-readback]         0x00000000  STATUS_SUCCESS
    locked at CPU VA 000001E85E2B0000
D3DKMTUnlock2 [gpu-readback]       0x00000000  STATUS_SUCCESS
D3DKMTLock2 [gpu-ib]               0x00000000  STATUS_SUCCESS
    locked at CPU VA 000001E85E2A0000
D3DKMTUnlock2 [gpu-ib]             0x00000000  STATUS_SUCCESS
Submit GPU readback                0x00000000  STATUS_SUCCESS
    asking the context to signal the monitored fence to 504
D3DKMTSignalSynchronizationObjectFromGpu 0x00000000  STATUS_SUCCESS
D3DKMTWaitForSynchronizationObjectFromCpu 0x00000000  STATUS_SUCCESS
    the monitored fence reached 504 after 0 ms
D3DKMTLock2 [gpu-readback]         0x00000000  STATUS_SUCCESS
    locked at CPU VA 000001E85E2B0000
D3DKMTUnlock2 [gpu-readback]       0x00000000  STATUS_SUCCESS
D3DKMTLock2 [gpu-readback]         0x00000000  STATUS_SUCCESS
    locked at CPU VA 000001E85E2B0000
D3DKMTUnlock2 [gpu-readback]       0x00000000  STATUS_SUCCESS
D3DKMTLock2 [gpu-ib]               0x00000000  STATUS_SUCCESS
    locked at CPU VA 000001E85E2A0000
D3DKMTUnlock2 [gpu-ib]             0x00000000  STATUS_SUCCESS
Submit GPU readback                0x00000000  STATUS_SUCCESS
    asking the context to signal the monitored fence to 505
D3DKMTSignalSynchronizationObjectFromGpu 0x00000000  STATUS_SUCCESS
D3DKMTWaitForSynchronizationObjectFromCpu 0x00000000  STATUS_SUCCESS
    the monitored fence reached 505 after 0 ms
D3DKMTLock2 [gpu-readback]         0x00000000  STATUS_SUCCESS
    locked at CPU VA 000001E85E2B0000
D3DKMTUnlock2 [gpu-readback]       0x00000000  STATUS_SUCCESS
D3DKMTLock2 [gpu-readback]         0x00000000  STATUS_SUCCESS
    locked at CPU VA 000001E85E2B0000
D3DKMTUnlock2 [gpu-readback]       0x00000000  STATUS_SUCCESS
D3DKMTLock2 [gpu-ib]               0x00000000  STATUS_SUCCESS
    locked at CPU VA 000001E85E2A0000
D3DKMTUnlock2 [gpu-ib]             0x00000000  STATUS_SUCCESS
Submit GPU readback                0x00000000  STATUS_SUCCESS
    asking the context to signal the monitored fence to 506
D3DKMTSignalSynchronizationObjectFromGpu 0x00000000  STATUS_SUCCESS
D3DKMTWaitForSynchronizationObjectFromCpu 0x00000000  STATUS_SUCCESS
    the monitored fence reached 506 after 0 ms
D3DKMTLock2 [gpu-readback]         0x00000000  STATUS_SUCCESS
    locked at CPU VA 000001E85E2B0000
D3DKMTUnlock2 [gpu-readback]       0x00000000  STATUS_SUCCESS
D3DKMTLock2 [gpu-readback]         0x00000000  STATUS_SUCCESS
    locked at CPU VA 000001E85E2B0000
D3DKMTUnlock2 [gpu-readback]       0x00000000  STATUS_SUCCESS
D3DKMTLock2 [gpu-ib]               0x00000000  STATUS_SUCCESS
    locked at CPU VA 000001E85E2A0000
D3DKMTUnlock2 [gpu-ib]             0x00000000  STATUS_SUCCESS
Submit GPU readback                0x00000000  STATUS_SUCCESS
    asking the context to signal the monitored fence to 507
D3DKMTSignalSynchronizationObjectFromGpu 0x00000000  STATUS_SUCCESS
D3DKMTWaitForSynchronizationObjectFromCpu 0x00000000  STATUS_SUCCESS
    the monitored fence reached 507 after 0 ms
D3DKMTLock2 [gpu-readback]         0x00000000  STATUS_SUCCESS
    locked at CPU VA 000001E85E2B0000
D3DKMTUnlock2 [gpu-readback]       0x00000000  STATUS_SUCCESS
D3DKMTLock2 [gpu-readback]         0x00000000  STATUS_SUCCESS
    locked at CPU VA 000001E85E2B0000
D3DKMTUnlock2 [gpu-readback]       0x00000000  STATUS_SUCCESS
D3DKMTLock2 [gpu-ib]               0x00000000  STATUS_SUCCESS
    locked at CPU VA 000001E85E2A0000
D3DKMTUnlock2 [gpu-ib]             0x00000000  STATUS_SUCCESS
Submit GPU readback                0x00000000  STATUS_SUCCESS
    asking the context to signal the monitored fence to 508
D3DKMTSignalSynchronizationObjectFromGpu 0x00000000  STATUS_SUCCESS
D3DKMTWaitForSynchronizationObjectFromCpu 0x00000000  STATUS_SUCCESS
    the monitored fence reached 508 after 0 ms
D3DKMTLock2 [gpu-readback]         0x00000000  STATUS_SUCCESS
    locked at CPU VA 000001E85E2B0000
D3DKMTUnlock2 [gpu-readback]       0x00000000  STATUS_SUCCESS
D3DKMTLock2 [gpu-readback]         0x00000000  STATUS_SUCCESS
    locked at CPU VA 000001E85E2B0000
D3DKMTUnlock2 [gpu-readback]       0x00000000  STATUS_SUCCESS
D3DKMTLock2 [gpu-ib]               0x00000000  STATUS_SUCCESS
    locked at CPU VA 000001E85E2A0000
D3DKMTUnlock2 [gpu-ib]             0x00000000  STATUS_SUCCESS
Submit GPU readback                0x00000000  STATUS_SUCCESS
    asking the context to signal the monitored fence to 509
D3DKMTSignalSynchronizationObjectFromGpu 0x00000000  STATUS_SUCCESS
D3DKMTWaitForSynchronizationObjectFromCpu 0x00000000  STATUS_SUCCESS
    the monitored fence reached 509 after 0 ms
D3DKMTLock2 [gpu-readback]         0x00000000  STATUS_SUCCESS
    locked at CPU VA 000001E85E2B0000
D3DKMTUnlock2 [gpu-readback]       0x00000000  STATUS_SUCCESS
D3DKMTLock2 [gpu-readback]         0x00000000  STATUS_SUCCESS
    locked at CPU VA 000001E85E2B0000
D3DKMTUnlock2 [gpu-readback]       0x00000000  STATUS_SUCCESS
D3DKMTLock2 [gpu-ib]               0x00000000  STATUS_SUCCESS
    locked at CPU VA 000001E85E2A0000
D3DKMTUnlock2 [gpu-ib]             0x00000000  STATUS_SUCCESS
Submit GPU readback                0x00000000  STATUS_SUCCESS
    asking the context to signal the monitored fence to 510
D3DKMTSignalSynchronizationObjectFromGpu 0x00000000  STATUS_SUCCESS
D3DKMTWaitForSynchronizationObjectFromCpu 0x00000000  STATUS_SUCCESS
    the monitored fence reached 510 after 0 ms
D3DKMTLock2 [gpu-readback]         0x00000000  STATUS_SUCCESS
    locked at CPU VA 000001E85E2B0000
D3DKMTUnlock2 [gpu-readback]       0x00000000  STATUS_SUCCESS
D3DKMTLock2 [gpu-readback]         0x00000000  STATUS_SUCCESS
    locked at CPU VA 000001E85E2B0000
D3DKMTUnlock2 [gpu-readback]       0x00000000  STATUS_SUCCESS
D3DKMTLock2 [gpu-ib]               0x00000000  STATUS_SUCCESS
    locked at CPU VA 000001E85E2A0000
D3DKMTUnlock2 [gpu-ib]             0x00000000  STATUS_SUCCESS
Submit GPU readback                0x00000000  STATUS_SUCCESS
    asking the context to signal the monitored fence to 511
D3DKMTSignalSynchronizationObjectFromGpu 0x00000000  STATUS_SUCCESS
D3DKMTWaitForSynchronizationObjectFromCpu 0x00000000  STATUS_SUCCESS
    the monitored fence reached 511 after 0 ms
D3DKMTLock2 [gpu-readback]         0x00000000  STATUS_SUCCESS
    locked at CPU VA 000001E85E2B0000
D3DKMTUnlock2 [gpu-readback]       0x00000000  STATUS_SUCCESS
D3DKMTLock2 [gpu-readback]         0x00000000  STATUS_SUCCESS
    locked at CPU VA 000001E85E2B0000
D3DKMTUnlock2 [gpu-readback]       0x00000000  STATUS_SUCCESS
D3DKMTLock2 [gpu-ib]               0x00000000  STATUS_SUCCESS
    locked at CPU VA 000001E85E2A0000
D3DKMTUnlock2 [gpu-ib]             0x00000000  STATUS_SUCCESS
Submit GPU readback                0x00000000  STATUS_SUCCESS
    asking the context to signal the monitored fence to 512
D3DKMTSignalSynchronizationObjectFromGpu 0x00000000  STATUS_SUCCESS
D3DKMTWaitForSynchronizationObjectFromCpu 0x00000000  STATUS_SUCCESS
    the monitored fence reached 512 after 0 ms
D3DKMTLock2 [gpu-readback]         0x00000000  STATUS_SUCCESS
    locked at CPU VA 000001E85E2B0000
D3DKMTUnlock2 [gpu-readback]       0x00000000  STATUS_SUCCESS
D3DKMTLock2 [gpu-readback]         0x00000000  STATUS_SUCCESS
    locked at CPU VA 000001E85E2B0000
D3DKMTUnlock2 [gpu-readback]       0x00000000  STATUS_SUCCESS
D3DKMTLock2 [gpu-ib]               0x00000000  STATUS_SUCCESS
    locked at CPU VA 000001E85E2A0000
D3DKMTUnlock2 [gpu-ib]             0x00000000  STATUS_SUCCESS
Submit GPU readback                0x00000000  STATUS_SUCCESS
    asking the context to signal the monitored fence to 513
D3DKMTSignalSynchronizationObjectFromGpu 0x00000000  STATUS_SUCCESS
D3DKMTWaitForSynchronizationObjectFromCpu 0x00000000  STATUS_SUCCESS
    the monitored fence reached 513 after 0 ms
D3DKMTLock2 [gpu-readback]         0x00000000  STATUS_SUCCESS
    locked at CPU VA 000001E85E2B0000
D3DKMTUnlock2 [gpu-readback]       0x00000000  STATUS_SUCCESS
D3DKMTLock2 [gpu-readback]         0x00000000  STATUS_SUCCESS
    locked at CPU VA 000001E85E2B0000
D3DKMTUnlock2 [gpu-readback]       0x00000000  STATUS_SUCCESS
D3DKMTLock2 [gpu-ib]               0x00000000  STATUS_SUCCESS
    locked at CPU VA 000001E85E2A0000
D3DKMTUnlock2 [gpu-ib]             0x00000000  STATUS_SUCCESS
Submit GPU readback                0x00000000  STATUS_SUCCESS
    asking the context to signal the monitored fence to 514
D3DKMTSignalSynchronizationObjectFromGpu 0x00000000  STATUS_SUCCESS
D3DKMTWaitForSynchronizationObjectFromCpu 0x00000000  STATUS_SUCCESS
    the monitored fence reached 514 after 0 ms
D3DKMTLock2 [gpu-readback]         0x00000000  STATUS_SUCCESS
    locked at CPU VA 000001E85E2B0000
D3DKMTUnlock2 [gpu-readback]       0x00000000  STATUS_SUCCESS
D3DKMTLock2 [gpu-readback]         0x00000000  STATUS_SUCCESS
    locked at CPU VA 000001E85E2B0000
D3DKMTUnlock2 [gpu-readback]       0x00000000  STATUS_SUCCESS
D3DKMTLock2 [gpu-ib]               0x00000000  STATUS_SUCCESS
    locked at CPU VA 000001E85E2A0000
D3DKMTUnlock2 [gpu-ib]             0x00000000  STATUS_SUCCESS
Submit GPU readback                0x00000000  STATUS_SUCCESS
    asking the context to signal the monitored fence to 515
D3DKMTSignalSynchronizationObjectFromGpu 0x00000000  STATUS_SUCCESS
D3DKMTWaitForSynchronizationObjectFromCpu 0x00000000  STATUS_SUCCESS
    the monitored fence reached 515 after 0 ms
D3DKMTLock2 [gpu-readback]         0x00000000  STATUS_SUCCESS
    locked at CPU VA 000001E85E2B0000
D3DKMTUnlock2 [gpu-readback]       0x00000000  STATUS_SUCCESS
D3DKMTLock2 [gpu-readback]         0x00000000  STATUS_SUCCESS
    locked at CPU VA 000001E85E2B0000
D3DKMTUnlock2 [gpu-readback]       0x00000000  STATUS_SUCCESS
D3DKMTLock2 [gpu-ib]               0x00000000  STATUS_SUCCESS
    locked at CPU VA 000001E85E2A0000
D3DKMTUnlock2 [gpu-ib]             0x00000000  STATUS_SUCCESS
Submit GPU readback                0x00000000  STATUS_SUCCESS
    asking the context to signal the monitored fence to 516
D3DKMTSignalSynchronizationObjectFromGpu 0x00000000  STATUS_SUCCESS
D3DKMTWaitForSynchronizationObjectFromCpu 0x00000000  STATUS_SUCCESS
    the monitored fence reached 516 after 0 ms
D3DKMTLock2 [gpu-readback]         0x00000000  STATUS_SUCCESS
    locked at CPU VA 000001E85E2B0000
D3DKMTUnlock2 [gpu-readback]       0x00000000  STATUS_SUCCESS
D3DKMTLock2 [gpu-readback]         0x00000000  STATUS_SUCCESS
    locked at CPU VA 000001E85E2B0000
D3DKMTUnlock2 [gpu-readback]       0x00000000  STATUS_SUCCESS
D3DKMTLock2 [gpu-ib]               0x00000000  STATUS_SUCCESS
    locked at CPU VA 000001E85E2A0000
D3DKMTUnlock2 [gpu-ib]             0x00000000  STATUS_SUCCESS
Submit GPU readback                0x00000000  STATUS_SUCCESS
    asking the context to signal the monitored fence to 517
D3DKMTSignalSynchronizationObjectFromGpu 0x00000000  STATUS_SUCCESS
D3DKMTWaitForSynchronizationObjectFromCpu 0x00000000  STATUS_SUCCESS
    the monitored fence reached 517 after 0 ms
D3DKMTLock2 [gpu-readback]         0x00000000  STATUS_SUCCESS
    locked at CPU VA 000001E85E2B0000
D3DKMTUnlock2 [gpu-readback]       0x00000000  STATUS_SUCCESS
D3DKMTLock2 [gpu-readback]         0x00000000  STATUS_SUCCESS
    locked at CPU VA 000001E85E2B0000
D3DKMTUnlock2 [gpu-readback]       0x00000000  STATUS_SUCCESS
D3DKMTLock2 [gpu-ib]               0x00000000  STATUS_SUCCESS
    locked at CPU VA 000001E85E2A0000
D3DKMTUnlock2 [gpu-ib]             0x00000000  STATUS_SUCCESS
Submit GPU readback                0x00000000  STATUS_SUCCESS
    asking the context to signal the monitored fence to 518
D3DKMTSignalSynchronizationObjectFromGpu 0x00000000  STATUS_SUCCESS
D3DKMTWaitForSynchronizationObjectFromCpu 0x00000000  STATUS_SUCCESS
    the monitored fence reached 518 after 0 ms
D3DKMTLock2 [gpu-readback]         0x00000000  STATUS_SUCCESS
    locked at CPU VA 000001E85E2B0000
D3DKMTUnlock2 [gpu-readback]       0x00000000  STATUS_SUCCESS
D3DKMTLock2 [gpu-readback]         0x00000000  STATUS_SUCCESS
    locked at CPU VA 000001E85E2B0000
D3DKMTUnlock2 [gpu-readback]       0x00000000  STATUS_SUCCESS
D3DKMTLock2 [gpu-ib]               0x00000000  STATUS_SUCCESS
    locked at CPU VA 000001E85E2A0000
D3DKMTUnlock2 [gpu-ib]             0x00000000  STATUS_SUCCESS
Submit GPU readback                0x00000000  STATUS_SUCCESS
    asking the context to signal the monitored fence to 519
D3DKMTSignalSynchronizationObjectFromGpu 0x00000000  STATUS_SUCCESS
D3DKMTWaitForSynchronizationObjectFromCpu 0x00000000  STATUS_SUCCESS
    the monitored fence reached 519 after 0 ms
D3DKMTLock2 [gpu-readback]         0x00000000  STATUS_SUCCESS
    locked at CPU VA 000001E85E2B0000
D3DKMTUnlock2 [gpu-readback]       0x00000000  STATUS_SUCCESS
D3DKMTLock2 [gpu-readback]         0x00000000  STATUS_SUCCESS
    locked at CPU VA 000001E85E2B0000
D3DKMTUnlock2 [gpu-readback]       0x00000000  STATUS_SUCCESS
D3DKMTLock2 [gpu-ib]               0x00000000  STATUS_SUCCESS
    locked at CPU VA 000001E85E2A0000
D3DKMTUnlock2 [gpu-ib]             0x00000000  STATUS_SUCCESS
Submit GPU readback                0x00000000  STATUS_SUCCESS
    asking the context to signal the monitored fence to 520
D3DKMTSignalSynchronizationObjectFromGpu 0x00000000  STATUS_SUCCESS
D3DKMTWaitForSynchronizationObjectFromCpu 0x00000000  STATUS_SUCCESS
    the monitored fence reached 520 after 0 ms
D3DKMTLock2 [gpu-readback]         0x00000000  STATUS_SUCCESS
    locked at CPU VA 000001E85E2B0000
D3DKMTUnlock2 [gpu-readback]       0x00000000  STATUS_SUCCESS
D3DKMTLock2 [gpu-readback]         0x00000000  STATUS_SUCCESS
    locked at CPU VA 000001E85E2B0000
D3DKMTUnlock2 [gpu-readback]       0x00000000  STATUS_SUCCESS
D3DKMTLock2 [gpu-ib]               0x00000000  STATUS_SUCCESS
    locked at CPU VA 000001E85E2A0000
D3DKMTUnlock2 [gpu-ib]             0x00000000  STATUS_SUCCESS
Submit GPU readback                0x00000000  STATUS_SUCCESS
    asking the context to signal the monitored fence to 521
D3DKMTSignalSynchronizationObjectFromGpu 0x00000000  STATUS_SUCCESS
D3DKMTWaitForSynchronizationObjectFromCpu 0x00000000  STATUS_SUCCESS
    the monitored fence reached 521 after 0 ms
D3DKMTLock2 [gpu-readback]         0x00000000  STATUS_SUCCESS
    locked at CPU VA 000001E85E2B0000
D3DKMTUnlock2 [gpu-readback]       0x00000000  STATUS_SUCCESS
D3DKMTLock2 [gpu-readback]         0x00000000  STATUS_SUCCESS
    locked at CPU VA 000001E85E2B0000
D3DKMTUnlock2 [gpu-readback]       0x00000000  STATUS_SUCCESS
D3DKMTLock2 [gpu-ib]               0x00000000  STATUS_SUCCESS
    locked at CPU VA 000001E85E2A0000
D3DKMTUnlock2 [gpu-ib]             0x00000000  STATUS_SUCCESS
Submit GPU readback                0x00000000  STATUS_SUCCESS
    asking the context to signal the monitored fence to 522
D3DKMTSignalSynchronizationObjectFromGpu 0x00000000  STATUS_SUCCESS
D3DKMTWaitForSynchronizationObjectFromCpu 0x00000000  STATUS_SUCCESS
    the monitored fence reached 522 after 0 ms
D3DKMTLock2 [gpu-readback]         0x00000000  STATUS_SUCCESS
    locked at CPU VA 000001E85E2B0000
D3DKMTUnlock2 [gpu-readback]       0x00000000  STATUS_SUCCESS
D3DKMTLock2 [gpu-readback]         0x00000000  STATUS_SUCCESS
    locked at CPU VA 000001E85E2B0000
D3DKMTUnlock2 [gpu-readback]       0x00000000  STATUS_SUCCESS
D3DKMTLock2 [gpu-ib]               0x00000000  STATUS_SUCCESS
    locked at CPU VA 000001E85E2A0000
D3DKMTUnlock2 [gpu-ib]             0x00000000  STATUS_SUCCESS
Submit GPU readback                0x00000000  STATUS_SUCCESS
    asking the context to signal the monitored fence to 523
D3DKMTSignalSynchronizationObjectFromGpu 0x00000000  STATUS_SUCCESS
D3DKMTWaitForSynchronizationObjectFromCpu 0x00000000  STATUS_SUCCESS
    the monitored fence reached 523 after 0 ms
D3DKMTLock2 [gpu-readback]         0x00000000  STATUS_SUCCESS
    locked at CPU VA 000001E85E2B0000
D3DKMTUnlock2 [gpu-readback]       0x00000000  STATUS_SUCCESS
D3DKMTLock2 [gpu-readback]         0x00000000  STATUS_SUCCESS
    locked at CPU VA 000001E85E2B0000
D3DKMTUnlock2 [gpu-readback]       0x00000000  STATUS_SUCCESS
D3DKMTLock2 [gpu-ib]               0x00000000  STATUS_SUCCESS
    locked at CPU VA 000001E85E2A0000
D3DKMTUnlock2 [gpu-ib]             0x00000000  STATUS_SUCCESS
Submit GPU readback                0x00000000  STATUS_SUCCESS
    asking the context to signal the monitored fence to 524
D3DKMTSignalSynchronizationObjectFromGpu 0x00000000  STATUS_SUCCESS
D3DKMTWaitForSynchronizationObjectFromCpu 0x00000000  STATUS_SUCCESS
    the monitored fence reached 524 after 0 ms
D3DKMTLock2 [gpu-readback]         0x00000000  STATUS_SUCCESS
    locked at CPU VA 000001E85E2B0000
D3DKMTUnlock2 [gpu-readback]       0x00000000  STATUS_SUCCESS
D3DKMTLock2 [gpu-readback]         0x00000000  STATUS_SUCCESS
    locked at CPU VA 000001E85E2B0000
D3DKMTUnlock2 [gpu-readback]       0x00000000  STATUS_SUCCESS
D3DKMTLock2 [gpu-ib]               0x00000000  STATUS_SUCCESS
    locked at CPU VA 000001E85E2A0000
D3DKMTUnlock2 [gpu-ib]             0x00000000  STATUS_SUCCESS
Submit GPU readback                0x00000000  STATUS_SUCCESS
    asking the context to signal the monitored fence to 525
D3DKMTSignalSynchronizationObjectFromGpu 0x00000000  STATUS_SUCCESS
D3DKMTWaitForSynchronizationObjectFromCpu 0x00000000  STATUS_SUCCESS
    the monitored fence reached 525 after 0 ms
D3DKMTLock2 [gpu-readback]         0x00000000  STATUS_SUCCESS
    locked at CPU VA 000001E85E2B0000
D3DKMTUnlock2 [gpu-readback]       0x00000000  STATUS_SUCCESS
D3DKMTLock2 [gpu-readback]         0x00000000  STATUS_SUCCESS
    locked at CPU VA 000001E85E2B0000
D3DKMTUnlock2 [gpu-readback]       0x00000000  STATUS_SUCCESS
D3DKMTLock2 [gpu-ib]               0x00000000  STATUS_SUCCESS
    locked at CPU VA 000001E85E2A0000
D3DKMTUnlock2 [gpu-ib]             0x00000000  STATUS_SUCCESS
Submit GPU readback                0x00000000  STATUS_SUCCESS
    asking the context to signal the monitored fence to 526
D3DKMTSignalSynchronizationObjectFromGpu 0x00000000  STATUS_SUCCESS
D3DKMTWaitForSynchronizationObjectFromCpu 0x00000000  STATUS_SUCCESS
    the monitored fence reached 526 after 0 ms
D3DKMTLock2 [gpu-readback]         0x00000000  STATUS_SUCCESS
    locked at CPU VA 000001E85E2B0000
D3DKMTUnlock2 [gpu-readback]       0x00000000  STATUS_SUCCESS
D3DKMTLock2 [gpu-readback]         0x00000000  STATUS_SUCCESS
    locked at CPU VA 000001E85E2B0000
D3DKMTUnlock2 [gpu-readback]       0x00000000  STATUS_SUCCESS
D3DKMTLock2 [gpu-ib]               0x00000000  STATUS_SUCCESS
    locked at CPU VA 000001E85E2A0000
D3DKMTUnlock2 [gpu-ib]             0x00000000  STATUS_SUCCESS
Submit GPU readback                0x00000000  STATUS_SUCCESS
    asking the context to signal the monitored fence to 527
D3DKMTSignalSynchronizationObjectFromGpu 0x00000000  STATUS_SUCCESS
D3DKMTWaitForSynchronizationObjectFromCpu 0x00000000  STATUS_SUCCESS
    the monitored fence reached 527 after 0 ms
D3DKMTLock2 [gpu-readback]         0x00000000  STATUS_SUCCESS
    locked at CPU VA 000001E85E2B0000
D3DKMTUnlock2 [gpu-readback]       0x00000000  STATUS_SUCCESS
D3DKMTLock2 [gpu-readback]         0x00000000  STATUS_SUCCESS
    locked at CPU VA 000001E85E2B0000
D3DKMTUnlock2 [gpu-readback]       0x00000000  STATUS_SUCCESS
D3DKMTLock2 [gpu-ib]               0x00000000  STATUS_SUCCESS
    locked at CPU VA 000001E85E2A0000
D3DKMTUnlock2 [gpu-ib]             0x00000000  STATUS_SUCCESS
Submit GPU readback                0x00000000  STATUS_SUCCESS
    asking the context to signal the monitored fence to 528
D3DKMTSignalSynchronizationObjectFromGpu 0x00000000  STATUS_SUCCESS
D3DKMTWaitForSynchronizationObjectFromCpu 0x00000000  STATUS_SUCCESS
    the monitored fence reached 528 after 0 ms
D3DKMTLock2 [gpu-readback]         0x00000000  STATUS_SUCCESS
    locked at CPU VA 000001E85E2B0000
D3DKMTUnlock2 [gpu-readback]       0x00000000  STATUS_SUCCESS
D3DKMTLock2 [gpu-readback]         0x00000000  STATUS_SUCCESS
    locked at CPU VA 000001E85E2B0000
D3DKMTUnlock2 [gpu-readback]       0x00000000  STATUS_SUCCESS
D3DKMTLock2 [gpu-ib]               0x00000000  STATUS_SUCCESS
    locked at CPU VA 000001E85E2A0000
D3DKMTUnlock2 [gpu-ib]             0x00000000  STATUS_SUCCESS
Submit GPU readback                0x00000000  STATUS_SUCCESS
    asking the context to signal the monitored fence to 529
D3DKMTSignalSynchronizationObjectFromGpu 0x00000000  STATUS_SUCCESS
D3DKMTWaitForSynchronizationObjectFromCpu 0x00000000  STATUS_SUCCESS
    the monitored fence reached 529 after 0 ms
D3DKMTLock2 [gpu-readback]         0x00000000  STATUS_SUCCESS
    locked at CPU VA 000001E85E2B0000
D3DKMTUnlock2 [gpu-readback]       0x00000000  STATUS_SUCCESS
D3DKMTLock2 [gpu-readback]         0x00000000  STATUS_SUCCESS
    locked at CPU VA 000001E85E2B0000
D3DKMTUnlock2 [gpu-readback]       0x00000000  STATUS_SUCCESS
D3DKMTLock2 [gpu-ib]               0x00000000  STATUS_SUCCESS
    locked at CPU VA 000001E85E2A0000
D3DKMTUnlock2 [gpu-ib]             0x00000000  STATUS_SUCCESS
Submit GPU readback                0x00000000  STATUS_SUCCESS
    asking the context to signal the monitored fence to 530
D3DKMTSignalSynchronizationObjectFromGpu 0x00000000  STATUS_SUCCESS
D3DKMTWaitForSynchronizationObjectFromCpu 0x00000000  STATUS_SUCCESS
    the monitored fence reached 530 after 0 ms
D3DKMTLock2 [gpu-readback]         0x00000000  STATUS_SUCCESS
    locked at CPU VA 000001E85E2B0000
D3DKMTUnlock2 [gpu-readback]       0x00000000  STATUS_SUCCESS
D3DKMTLock2 [gpu-readback]         0x00000000  STATUS_SUCCESS
    locked at CPU VA 000001E85E2B0000
D3DKMTUnlock2 [gpu-readback]       0x00000000  STATUS_SUCCESS
D3DKMTLock2 [gpu-ib]               0x00000000  STATUS_SUCCESS
    locked at CPU VA 000001E85E2A0000
D3DKMTUnlock2 [gpu-ib]             0x00000000  STATUS_SUCCESS
Submit GPU readback                0x00000000  STATUS_SUCCESS
    asking the context to signal the monitored fence to 531
D3DKMTSignalSynchronizationObjectFromGpu 0x00000000  STATUS_SUCCESS
D3DKMTWaitForSynchronizationObjectFromCpu 0x00000000  STATUS_SUCCESS
    the monitored fence reached 531 after 0 ms
D3DKMTLock2 [gpu-readback]         0x00000000  STATUS_SUCCESS
    locked at CPU VA 000001E85E2B0000
D3DKMTUnlock2 [gpu-readback]       0x00000000  STATUS_SUCCESS
D3DKMTLock2 [gpu-readback]         0x00000000  STATUS_SUCCESS
    locked at CPU VA 000001E85E2B0000
D3DKMTUnlock2 [gpu-readback]       0x00000000  STATUS_SUCCESS
D3DKMTLock2 [gpu-ib]               0x00000000  STATUS_SUCCESS
    locked at CPU VA 000001E85E2A0000
D3DKMTUnlock2 [gpu-ib]             0x00000000  STATUS_SUCCESS
Submit GPU readback                0x00000000  STATUS_SUCCESS
    asking the context to signal the monitored fence to 532
D3DKMTSignalSynchronizationObjectFromGpu 0x00000000  STATUS_SUCCESS
D3DKMTWaitForSynchronizationObjectFromCpu 0x00000000  STATUS_SUCCESS
    the monitored fence reached 532 after 0 ms
D3DKMTLock2 [gpu-readback]         0x00000000  STATUS_SUCCESS
    locked at CPU VA 000001E85E2B0000
D3DKMTUnlock2 [gpu-readback]       0x00000000  STATUS_SUCCESS
D3DKMTLock2 [gpu-readback]         0x00000000  STATUS_SUCCESS
    locked at CPU VA 000001E85E2B0000
D3DKMTUnlock2 [gpu-readback]       0x00000000  STATUS_SUCCESS
D3DKMTLock2 [gpu-ib]               0x00000000  STATUS_SUCCESS
    locked at CPU VA 000001E85E2A0000
D3DKMTUnlock2 [gpu-ib]             0x00000000  STATUS_SUCCESS
Submit GPU readback                0x00000000  STATUS_SUCCESS
    asking the context to signal the monitored fence to 533
D3DKMTSignalSynchronizationObjectFromGpu 0x00000000  STATUS_SUCCESS
D3DKMTWaitForSynchronizationObjectFromCpu 0x00000000  STATUS_SUCCESS
    the monitored fence reached 533 after 0 ms
D3DKMTLock2 [gpu-readback]         0x00000000  STATUS_SUCCESS
    locked at CPU VA 000001E85E2B0000
D3DKMTUnlock2 [gpu-readback]       0x00000000  STATUS_SUCCESS
D3DKMTLock2 [gpu-readback]         0x00000000  STATUS_SUCCESS
    locked at CPU VA 000001E85E2B0000
D3DKMTUnlock2 [gpu-readback]       0x00000000  STATUS_SUCCESS
D3DKMTLock2 [gpu-ib]               0x00000000  STATUS_SUCCESS
    locked at CPU VA 000001E85E2A0000
D3DKMTUnlock2 [gpu-ib]             0x00000000  STATUS_SUCCESS
Submit GPU readback                0x00000000  STATUS_SUCCESS
    asking the context to signal the monitored fence to 534
D3DKMTSignalSynchronizationObjectFromGpu 0x00000000  STATUS_SUCCESS
D3DKMTWaitForSynchronizationObjectFromCpu 0x00000000  STATUS_SUCCESS
    the monitored fence reached 534 after 0 ms
D3DKMTLock2 [gpu-readback]         0x00000000  STATUS_SUCCESS
    locked at CPU VA 000001E85E2B0000
D3DKMTUnlock2 [gpu-readback]       0x00000000  STATUS_SUCCESS
D3DKMTLock2 [gpu-readback]         0x00000000  STATUS_SUCCESS
    locked at CPU VA 000001E85E2B0000
D3DKMTUnlock2 [gpu-readback]       0x00000000  STATUS_SUCCESS
D3DKMTLock2 [gpu-ib]               0x00000000  STATUS_SUCCESS
    locked at CPU VA 000001E85E2A0000
D3DKMTUnlock2 [gpu-ib]             0x00000000  STATUS_SUCCESS
Submit GPU readback                0x00000000  STATUS_SUCCESS
    asking the context to signal the monitored fence to 535
D3DKMTSignalSynchronizationObjectFromGpu 0x00000000  STATUS_SUCCESS
D3DKMTWaitForSynchronizationObjectFromCpu 0x00000000  STATUS_SUCCESS
    the monitored fence reached 535 after 0 ms
D3DKMTLock2 [gpu-readback]         0x00000000  STATUS_SUCCESS
    locked at CPU VA 000001E85E2B0000
D3DKMTUnlock2 [gpu-readback]       0x00000000  STATUS_SUCCESS
D3DKMTLock2 [gpu-readback]         0x00000000  STATUS_SUCCESS
    locked at CPU VA 000001E85E2B0000
D3DKMTUnlock2 [gpu-readback]       0x00000000  STATUS_SUCCESS
D3DKMTLock2 [gpu-ib]               0x00000000  STATUS_SUCCESS
    locked at CPU VA 000001E85E2A0000
D3DKMTUnlock2 [gpu-ib]             0x00000000  STATUS_SUCCESS
Submit GPU readback                0x00000000  STATUS_SUCCESS
    asking the context to signal the monitored fence to 536
D3DKMTSignalSynchronizationObjectFromGpu 0x00000000  STATUS_SUCCESS
D3DKMTWaitForSynchronizationObjectFromCpu 0x00000000  STATUS_SUCCESS
    the monitored fence reached 536 after 0 ms
D3DKMTLock2 [gpu-readback]         0x00000000  STATUS_SUCCESS
    locked at CPU VA 000001E85E2B0000
D3DKMTUnlock2 [gpu-readback]       0x00000000  STATUS_SUCCESS
D3DKMTLock2 [gpu-readback]         0x00000000  STATUS_SUCCESS
    locked at CPU VA 000001E85E2B0000
D3DKMTUnlock2 [gpu-readback]       0x00000000  STATUS_SUCCESS
D3DKMTLock2 [gpu-ib]               0x00000000  STATUS_SUCCESS
    locked at CPU VA 000001E85E2A0000
D3DKMTUnlock2 [gpu-ib]             0x00000000  STATUS_SUCCESS
Submit GPU readback                0x00000000  STATUS_SUCCESS
    asking the context to signal the monitored fence to 537
D3DKMTSignalSynchronizationObjectFromGpu 0x00000000  STATUS_SUCCESS
D3DKMTWaitForSynchronizationObjectFromCpu 0x00000000  STATUS_SUCCESS
    the monitored fence reached 537 after 0 ms
D3DKMTLock2 [gpu-readback]         0x00000000  STATUS_SUCCESS
    locked at CPU VA 000001E85E2B0000
D3DKMTUnlock2 [gpu-readback]       0x00000000  STATUS_SUCCESS
D3DKMTLock2 [gpu-readback]         0x00000000  STATUS_SUCCESS
    locked at CPU VA 000001E85E2B0000
D3DKMTUnlock2 [gpu-readback]       0x00000000  STATUS_SUCCESS
D3DKMTLock2 [gpu-ib]               0x00000000  STATUS_SUCCESS
    locked at CPU VA 000001E85E2A0000
D3DKMTUnlock2 [gpu-ib]             0x00000000  STATUS_SUCCESS
Submit GPU readback                0x00000000  STATUS_SUCCESS
    asking the context to signal the monitored fence to 538
D3DKMTSignalSynchronizationObjectFromGpu 0x00000000  STATUS_SUCCESS
D3DKMTWaitForSynchronizationObjectFromCpu 0x00000000  STATUS_SUCCESS
    the monitored fence reached 538 after 0 ms
D3DKMTLock2 [gpu-readback]         0x00000000  STATUS_SUCCESS
    locked at CPU VA 000001E85E2B0000
D3DKMTUnlock2 [gpu-readback]       0x00000000  STATUS_SUCCESS
D3DKMTLock2 [gpu-readback]         0x00000000  STATUS_SUCCESS
    locked at CPU VA 000001E85E2B0000
D3DKMTUnlock2 [gpu-readback]       0x00000000  STATUS_SUCCESS
D3DKMTLock2 [gpu-ib]               0x00000000  STATUS_SUCCESS
    locked at CPU VA 000001E85E2A0000
D3DKMTUnlock2 [gpu-ib]             0x00000000  STATUS_SUCCESS
Submit GPU readback                0x00000000  STATUS_SUCCESS
    asking the context to signal the monitored fence to 539
D3DKMTSignalSynchronizationObjectFromGpu 0x00000000  STATUS_SUCCESS
D3DKMTWaitForSynchronizationObjectFromCpu 0x00000000  STATUS_SUCCESS
    the monitored fence reached 539 after 0 ms
D3DKMTLock2 [gpu-readback]         0x00000000  STATUS_SUCCESS
    locked at CPU VA 000001E85E2B0000
D3DKMTUnlock2 [gpu-readback]       0x00000000  STATUS_SUCCESS
D3DKMTLock2 [gpu-readback]         0x00000000  STATUS_SUCCESS
    locked at CPU VA 000001E85E2B0000
D3DKMTUnlock2 [gpu-readback]       0x00000000  STATUS_SUCCESS
D3DKMTLock2 [gpu-ib]               0x00000000  STATUS_SUCCESS
    locked at CPU VA 000001E85E2A0000
D3DKMTUnlock2 [gpu-ib]             0x00000000  STATUS_SUCCESS
Submit GPU readback                0x00000000  STATUS_SUCCESS
    asking the context to signal the monitored fence to 540
D3DKMTSignalSynchronizationObjectFromGpu 0x00000000  STATUS_SUCCESS
D3DKMTWaitForSynchronizationObjectFromCpu 0x00000000  STATUS_SUCCESS
    the monitored fence reached 540 after 0 ms
D3DKMTLock2 [gpu-readback]         0x00000000  STATUS_SUCCESS
    locked at CPU VA 000001E85E2B0000
D3DKMTUnlock2 [gpu-readback]       0x00000000  STATUS_SUCCESS
D3DKMTLock2 [gpu-readback]         0x00000000  STATUS_SUCCESS
    locked at CPU VA 000001E85E2B0000
D3DKMTUnlock2 [gpu-readback]       0x00000000  STATUS_SUCCESS
D3DKMTLock2 [gpu-ib]               0x00000000  STATUS_SUCCESS
    locked at CPU VA 000001E85E2A0000
D3DKMTUnlock2 [gpu-ib]             0x00000000  STATUS_SUCCESS
Submit GPU readback                0x00000000  STATUS_SUCCESS
    asking the context to signal the monitored fence to 541
D3DKMTSignalSynchronizationObjectFromGpu 0x00000000  STATUS_SUCCESS
D3DKMTWaitForSynchronizationObjectFromCpu 0x00000000  STATUS_SUCCESS
    the monitored fence reached 541 after 0 ms
D3DKMTLock2 [gpu-readback]         0x00000000  STATUS_SUCCESS
    locked at CPU VA 000001E85E2B0000
D3DKMTUnlock2 [gpu-readback]       0x00000000  STATUS_SUCCESS
D3DKMTLock2 [gpu-readback]         0x00000000  STATUS_SUCCESS
    locked at CPU VA 000001E85E2B0000
D3DKMTUnlock2 [gpu-readback]       0x00000000  STATUS_SUCCESS
D3DKMTLock2 [gpu-ib]               0x00000000  STATUS_SUCCESS
    locked at CPU VA 000001E85E2A0000
D3DKMTUnlock2 [gpu-ib]             0x00000000  STATUS_SUCCESS
Submit GPU readback                0x00000000  STATUS_SUCCESS
    asking the context to signal the monitored fence to 542
D3DKMTSignalSynchronizationObjectFromGpu 0x00000000  STATUS_SUCCESS
D3DKMTWaitForSynchronizationObjectFromCpu 0x00000000  STATUS_SUCCESS
    the monitored fence reached 542 after 0 ms
D3DKMTLock2 [gpu-readback]         0x00000000  STATUS_SUCCESS
    locked at CPU VA 000001E85E2B0000
D3DKMTUnlock2 [gpu-readback]       0x00000000  STATUS_SUCCESS
D3DKMTLock2 [gpu-readback]         0x00000000  STATUS_SUCCESS
    locked at CPU VA 000001E85E2B0000
D3DKMTUnlock2 [gpu-readback]       0x00000000  STATUS_SUCCESS
D3DKMTLock2 [gpu-ib]               0x00000000  STATUS_SUCCESS
    locked at CPU VA 000001E85E2A0000
D3DKMTUnlock2 [gpu-ib]             0x00000000  STATUS_SUCCESS
Submit GPU readback                0x00000000  STATUS_SUCCESS
    asking the context to signal the monitored fence to 543
D3DKMTSignalSynchronizationObjectFromGpu 0x00000000  STATUS_SUCCESS
D3DKMTWaitForSynchronizationObjectFromCpu 0x00000000  STATUS_SUCCESS
    the monitored fence reached 543 after 0 ms
D3DKMTLock2 [gpu-readback]         0x00000000  STATUS_SUCCESS
    locked at CPU VA 000001E85E2B0000
D3DKMTUnlock2 [gpu-readback]       0x00000000  STATUS_SUCCESS
D3DKMTLock2 [gpu-readback]         0x00000000  STATUS_SUCCESS
    locked at CPU VA 000001E85E2B0000
D3DKMTUnlock2 [gpu-readback]       0x00000000  STATUS_SUCCESS
D3DKMTLock2 [gpu-ib]               0x00000000  STATUS_SUCCESS
    locked at CPU VA 000001E85E2A0000
D3DKMTUnlock2 [gpu-ib]             0x00000000  STATUS_SUCCESS
Submit GPU readback                0x00000000  STATUS_SUCCESS
    asking the context to signal the monitored fence to 544
D3DKMTSignalSynchronizationObjectFromGpu 0x00000000  STATUS_SUCCESS
D3DKMTWaitForSynchronizationObjectFromCpu 0x00000000  STATUS_SUCCESS
    the monitored fence reached 544 after 0 ms
D3DKMTLock2 [gpu-readback]         0x00000000  STATUS_SUCCESS
    locked at CPU VA 000001E85E2B0000
D3DKMTUnlock2 [gpu-readback]       0x00000000  STATUS_SUCCESS
D3DKMTLock2 [gpu-readback]         0x00000000  STATUS_SUCCESS
    locked at CPU VA 000001E85E2B0000
D3DKMTUnlock2 [gpu-readback]       0x00000000  STATUS_SUCCESS
D3DKMTLock2 [gpu-ib]               0x00000000  STATUS_SUCCESS
    locked at CPU VA 000001E85E2A0000
D3DKMTUnlock2 [gpu-ib]             0x00000000  STATUS_SUCCESS
Submit GPU readback                0x00000000  STATUS_SUCCESS
    asking the context to signal the monitored fence to 545
D3DKMTSignalSynchronizationObjectFromGpu 0x00000000  STATUS_SUCCESS
D3DKMTWaitForSynchronizationObjectFromCpu 0x00000000  STATUS_SUCCESS
    the monitored fence reached 545 after 0 ms
D3DKMTLock2 [gpu-readback]         0x00000000  STATUS_SUCCESS
    locked at CPU VA 000001E85E2B0000
D3DKMTUnlock2 [gpu-readback]       0x00000000  STATUS_SUCCESS
D3DKMTLock2 [gpu-readback]         0x00000000  STATUS_SUCCESS
    locked at CPU VA 000001E85E2B0000
D3DKMTUnlock2 [gpu-readback]       0x00000000  STATUS_SUCCESS
D3DKMTLock2 [gpu-ib]               0x00000000  STATUS_SUCCESS
    locked at CPU VA 000001E85E2A0000
D3DKMTUnlock2 [gpu-ib]             0x00000000  STATUS_SUCCESS
Submit GPU readback                0x00000000  STATUS_SUCCESS
    asking the context to signal the monitored fence to 546
D3DKMTSignalSynchronizationObjectFromGpu 0x00000000  STATUS_SUCCESS
D3DKMTWaitForSynchronizationObjectFromCpu 0x00000000  STATUS_SUCCESS
    the monitored fence reached 546 after 0 ms
D3DKMTLock2 [gpu-readback]         0x00000000  STATUS_SUCCESS
    locked at CPU VA 000001E85E2B0000
D3DKMTUnlock2 [gpu-readback]       0x00000000  STATUS_SUCCESS
D3DKMTLock2 [gpu-readback]         0x00000000  STATUS_SUCCESS
    locked at CPU VA 000001E85E2B0000
D3DKMTUnlock2 [gpu-readback]       0x00000000  STATUS_SUCCESS
D3DKMTLock2 [gpu-ib]               0x00000000  STATUS_SUCCESS
    locked at CPU VA 000001E85E2A0000
D3DKMTUnlock2 [gpu-ib]             0x00000000  STATUS_SUCCESS
Submit GPU readback                0x00000000  STATUS_SUCCESS
    asking the context to signal the monitored fence to 547
D3DKMTSignalSynchronizationObjectFromGpu 0x00000000  STATUS_SUCCESS
D3DKMTWaitForSynchronizationObjectFromCpu 0x00000000  STATUS_SUCCESS
    the monitored fence reached 547 after 0 ms
D3DKMTLock2 [gpu-readback]         0x00000000  STATUS_SUCCESS
    locked at CPU VA 000001E85E2B0000
D3DKMTUnlock2 [gpu-readback]       0x00000000  STATUS_SUCCESS
D3DKMTLock2 [gpu-readback]         0x00000000  STATUS_SUCCESS
    locked at CPU VA 000001E85E2B0000
D3DKMTUnlock2 [gpu-readback]       0x00000000  STATUS_SUCCESS
D3DKMTLock2 [gpu-ib]               0x00000000  STATUS_SUCCESS
    locked at CPU VA 000001E85E2A0000
D3DKMTUnlock2 [gpu-ib]             0x00000000  STATUS_SUCCESS
Submit GPU readback                0x00000000  STATUS_SUCCESS
    asking the context to signal the monitored fence to 548
D3DKMTSignalSynchronizationObjectFromGpu 0x00000000  STATUS_SUCCESS
D3DKMTWaitForSynchronizationObjectFromCpu 0x00000000  STATUS_SUCCESS
    the monitored fence reached 548 after 0 ms
D3DKMTLock2 [gpu-readback]         0x00000000  STATUS_SUCCESS
    locked at CPU VA 000001E85E2B0000
D3DKMTUnlock2 [gpu-readback]       0x00000000  STATUS_SUCCESS
D3DKMTLock2 [gpu-readback]         0x00000000  STATUS_SUCCESS
    locked at CPU VA 000001E85E2B0000
D3DKMTUnlock2 [gpu-readback]       0x00000000  STATUS_SUCCESS
D3DKMTLock2 [gpu-ib]               0x00000000  STATUS_SUCCESS
    locked at CPU VA 000001E85E2A0000
D3DKMTUnlock2 [gpu-ib]             0x00000000  STATUS_SUCCESS
Submit GPU readback                0x00000000  STATUS_SUCCESS
    asking the context to signal the monitored fence to 549
D3DKMTSignalSynchronizationObjectFromGpu 0x00000000  STATUS_SUCCESS
D3DKMTWaitForSynchronizationObjectFromCpu 0x00000000  STATUS_SUCCESS
    the monitored fence reached 549 after 0 ms
D3DKMTLock2 [gpu-readback]         0x00000000  STATUS_SUCCESS
    locked at CPU VA 000001E85E2B0000
D3DKMTUnlock2 [gpu-readback]       0x00000000  STATUS_SUCCESS
D3DKMTLock2 [gpu-readback]         0x00000000  STATUS_SUCCESS
    locked at CPU VA 000001E85E2B0000
D3DKMTUnlock2 [gpu-readback]       0x00000000  STATUS_SUCCESS
D3DKMTLock2 [gpu-ib]               0x00000000  STATUS_SUCCESS
    locked at CPU VA 000001E85E2A0000
D3DKMTUnlock2 [gpu-ib]             0x00000000  STATUS_SUCCESS
Submit GPU readback                0x00000000  STATUS_SUCCESS
    asking the context to signal the monitored fence to 550
D3DKMTSignalSynchronizationObjectFromGpu 0x00000000  STATUS_SUCCESS
D3DKMTWaitForSynchronizationObjectFromCpu 0x00000000  STATUS_SUCCESS
    the monitored fence reached 550 after 0 ms
D3DKMTLock2 [gpu-readback]         0x00000000  STATUS_SUCCESS
    locked at CPU VA 000001E85E2B0000
D3DKMTUnlock2 [gpu-readback]       0x00000000  STATUS_SUCCESS
D3DKMTLock2 [gpu-readback]         0x00000000  STATUS_SUCCESS
    locked at CPU VA 000001E85E2B0000
D3DKMTUnlock2 [gpu-readback]       0x00000000  STATUS_SUCCESS
D3DKMTLock2 [gpu-ib]               0x00000000  STATUS_SUCCESS
    locked at CPU VA 000001E85E2A0000
D3DKMTUnlock2 [gpu-ib]             0x00000000  STATUS_SUCCESS
Submit GPU readback                0x00000000  STATUS_SUCCESS
    asking the context to signal the monitored fence to 551
D3DKMTSignalSynchronizationObjectFromGpu 0x00000000  STATUS_SUCCESS
D3DKMTWaitForSynchronizationObjectFromCpu 0x00000000  STATUS_SUCCESS
    the monitored fence reached 551 after 0 ms
D3DKMTLock2 [gpu-readback]         0x00000000  STATUS_SUCCESS
    locked at CPU VA 000001E85E2B0000
D3DKMTUnlock2 [gpu-readback]       0x00000000  STATUS_SUCCESS
D3DKMTLock2 [gpu-readback]         0x00000000  STATUS_SUCCESS
    locked at CPU VA 000001E85E2B0000
D3DKMTUnlock2 [gpu-readback]       0x00000000  STATUS_SUCCESS
D3DKMTLock2 [gpu-ib]               0x00000000  STATUS_SUCCESS
    locked at CPU VA 000001E85E2A0000
D3DKMTUnlock2 [gpu-ib]             0x00000000  STATUS_SUCCESS
Submit GPU readback                0x00000000  STATUS_SUCCESS
    asking the context to signal the monitored fence to 552
D3DKMTSignalSynchronizationObjectFromGpu 0x00000000  STATUS_SUCCESS
D3DKMTWaitForSynchronizationObjectFromCpu 0x00000000  STATUS_SUCCESS
    the monitored fence reached 552 after 0 ms
D3DKMTLock2 [gpu-readback]         0x00000000  STATUS_SUCCESS
    locked at CPU VA 000001E85E2B0000
D3DKMTUnlock2 [gpu-readback]       0x00000000  STATUS_SUCCESS
D3DKMTLock2 [gpu-readback]         0x00000000  STATUS_SUCCESS
    locked at CPU VA 000001E85E2B0000
D3DKMTUnlock2 [gpu-readback]       0x00000000  STATUS_SUCCESS
D3DKMTLock2 [gpu-ib]               0x00000000  STATUS_SUCCESS
    locked at CPU VA 000001E85E2A0000
D3DKMTUnlock2 [gpu-ib]             0x00000000  STATUS_SUCCESS
Submit GPU readback                0x00000000  STATUS_SUCCESS
    asking the context to signal the monitored fence to 553
D3DKMTSignalSynchronizationObjectFromGpu 0x00000000  STATUS_SUCCESS
D3DKMTWaitForSynchronizationObjectFromCpu 0x00000000  STATUS_SUCCESS
    the monitored fence reached 553 after 15 ms
D3DKMTLock2 [gpu-readback]         0x00000000  STATUS_SUCCESS
    locked at CPU VA 000001E85E2B0000
D3DKMTUnlock2 [gpu-readback]       0x00000000  STATUS_SUCCESS
D3DKMTLock2 [gpu-readback]         0x00000000  STATUS_SUCCESS
    locked at CPU VA 000001E85E2B0000
D3DKMTUnlock2 [gpu-readback]       0x00000000  STATUS_SUCCESS
D3DKMTLock2 [gpu-ib]               0x00000000  STATUS_SUCCESS
    locked at CPU VA 000001E85E2A0000
D3DKMTUnlock2 [gpu-ib]             0x00000000  STATUS_SUCCESS
Submit GPU readback                0x00000000  STATUS_SUCCESS
    asking the context to signal the monitored fence to 554
D3DKMTSignalSynchronizationObjectFromGpu 0x00000000  STATUS_SUCCESS
D3DKMTWaitForSynchronizationObjectFromCpu 0x00000000  STATUS_SUCCESS
    the monitored fence reached 554 after 0 ms
D3DKMTLock2 [gpu-readback]         0x00000000  STATUS_SUCCESS
    locked at CPU VA 000001E85E2B0000
D3DKMTUnlock2 [gpu-readback]       0x00000000  STATUS_SUCCESS
D3DKMTLock2 [gpu-readback]         0x00000000  STATUS_SUCCESS
    locked at CPU VA 000001E85E2B0000
D3DKMTUnlock2 [gpu-readback]       0x00000000  STATUS_SUCCESS
D3DKMTLock2 [gpu-ib]               0x00000000  STATUS_SUCCESS
    locked at CPU VA 000001E85E2A0000
D3DKMTUnlock2 [gpu-ib]             0x00000000  STATUS_SUCCESS
Submit GPU readback                0x00000000  STATUS_SUCCESS
    asking the context to signal the monitored fence to 555
D3DKMTSignalSynchronizationObjectFromGpu 0x00000000  STATUS_SUCCESS
D3DKMTWaitForSynchronizationObjectFromCpu 0x00000000  STATUS_SUCCESS
    the monitored fence reached 555 after 0 ms
D3DKMTLock2 [gpu-readback]         0x00000000  STATUS_SUCCESS
    locked at CPU VA 000001E85E2B0000
D3DKMTUnlock2 [gpu-readback]       0x00000000  STATUS_SUCCESS
D3DKMTLock2 [gpu-readback]         0x00000000  STATUS_SUCCESS
    locked at CPU VA 000001E85E2B0000
D3DKMTUnlock2 [gpu-readback]       0x00000000  STATUS_SUCCESS
D3DKMTLock2 [gpu-ib]               0x00000000  STATUS_SUCCESS
    locked at CPU VA 000001E85E2A0000
D3DKMTUnlock2 [gpu-ib]             0x00000000  STATUS_SUCCESS
Submit GPU readback                0x00000000  STATUS_SUCCESS
    asking the context to signal the monitored fence to 556
D3DKMTSignalSynchronizationObjectFromGpu 0x00000000  STATUS_SUCCESS
D3DKMTWaitForSynchronizationObjectFromCpu 0x00000000  STATUS_SUCCESS
    the monitored fence reached 556 after 15 ms
D3DKMTLock2 [gpu-readback]         0x00000000  STATUS_SUCCESS
    locked at CPU VA 000001E85E2B0000
D3DKMTUnlock2 [gpu-readback]       0x00000000  STATUS_SUCCESS
D3DKMTLock2 [gpu-readback]         0x00000000  STATUS_SUCCESS
    locked at CPU VA 000001E85E2B0000
D3DKMTUnlock2 [gpu-readback]       0x00000000  STATUS_SUCCESS
D3DKMTLock2 [gpu-ib]               0x00000000  STATUS_SUCCESS
    locked at CPU VA 000001E85E2A0000
D3DKMTUnlock2 [gpu-ib]             0x00000000  STATUS_SUCCESS
Submit GPU readback                0x00000000  STATUS_SUCCESS
    asking the context to signal the monitored fence to 557
D3DKMTSignalSynchronizationObjectFromGpu 0x00000000  STATUS_SUCCESS
D3DKMTWaitForSynchronizationObjectFromCpu 0x00000000  STATUS_SUCCESS
    the monitored fence reached 557 after 0 ms
D3DKMTLock2 [gpu-readback]         0x00000000  STATUS_SUCCESS
    locked at CPU VA 000001E85E2B0000
D3DKMTUnlock2 [gpu-readback]       0x00000000  STATUS_SUCCESS
D3DKMTLock2 [gpu-readback]         0x00000000  STATUS_SUCCESS
    locked at CPU VA 000001E85E2B0000
D3DKMTUnlock2 [gpu-readback]       0x00000000  STATUS_SUCCESS
D3DKMTLock2 [gpu-ib]               0x00000000  STATUS_SUCCESS
    locked at CPU VA 000001E85E2A0000
D3DKMTUnlock2 [gpu-ib]             0x00000000  STATUS_SUCCESS
Submit GPU readback                0x00000000  STATUS_SUCCESS
    asking the context to signal the monitored fence to 558
D3DKMTSignalSynchronizationObjectFromGpu 0x00000000  STATUS_SUCCESS
D3DKMTWaitForSynchronizationObjectFromCpu 0x00000000  STATUS_SUCCESS
    the monitored fence reached 558 after 0 ms
D3DKMTLock2 [gpu-readback]         0x00000000  STATUS_SUCCESS
    locked at CPU VA 000001E85E2B0000
D3DKMTUnlock2 [gpu-readback]       0x00000000  STATUS_SUCCESS
D3DKMTLock2 [gpu-readback]         0x00000000  STATUS_SUCCESS
    locked at CPU VA 000001E85E2B0000
D3DKMTUnlock2 [gpu-readback]       0x00000000  STATUS_SUCCESS
D3DKMTLock2 [gpu-ib]               0x00000000  STATUS_SUCCESS
    locked at CPU VA 000001E85E2A0000
D3DKMTUnlock2 [gpu-ib]             0x00000000  STATUS_SUCCESS
Submit GPU readback                0x00000000  STATUS_SUCCESS
    asking the context to signal the monitored fence to 559
D3DKMTSignalSynchronizationObjectFromGpu 0x00000000  STATUS_SUCCESS
D3DKMTWaitForSynchronizationObjectFromCpu 0x00000000  STATUS_SUCCESS
    the monitored fence reached 559 after 0 ms
D3DKMTLock2 [gpu-readback]         0x00000000  STATUS_SUCCESS
    locked at CPU VA 000001E85E2B0000
D3DKMTUnlock2 [gpu-readback]       0x00000000  STATUS_SUCCESS
D3DKMTLock2 [gpu-readback]         0x00000000  STATUS_SUCCESS
    locked at CPU VA 000001E85E2B0000
D3DKMTUnlock2 [gpu-readback]       0x00000000  STATUS_SUCCESS
D3DKMTLock2 [gpu-ib]               0x00000000  STATUS_SUCCESS
    locked at CPU VA 000001E85E2A0000
D3DKMTUnlock2 [gpu-ib]             0x00000000  STATUS_SUCCESS
Submit GPU readback                0x00000000  STATUS_SUCCESS
    asking the context to signal the monitored fence to 560
D3DKMTSignalSynchronizationObjectFromGpu 0x00000000  STATUS_SUCCESS
D3DKMTWaitForSynchronizationObjectFromCpu 0x00000000  STATUS_SUCCESS
    the monitored fence reached 560 after 0 ms
D3DKMTLock2 [gpu-readback]         0x00000000  STATUS_SUCCESS
    locked at CPU VA 000001E85E2B0000
D3DKMTUnlock2 [gpu-readback]       0x00000000  STATUS_SUCCESS
D3DKMTLock2 [gpu-readback]         0x00000000  STATUS_SUCCESS
    locked at CPU VA 000001E85E2B0000
D3DKMTUnlock2 [gpu-readback]       0x00000000  STATUS_SUCCESS
D3DKMTLock2 [gpu-ib]               0x00000000  STATUS_SUCCESS
    locked at CPU VA 000001E85E2A0000
D3DKMTUnlock2 [gpu-ib]             0x00000000  STATUS_SUCCESS
Submit GPU readback                0x00000000  STATUS_SUCCESS
    asking the context to signal the monitored fence to 561
D3DKMTSignalSynchronizationObjectFromGpu 0x00000000  STATUS_SUCCESS
D3DKMTWaitForSynchronizationObjectFromCpu 0x00000000  STATUS_SUCCESS
    the monitored fence reached 561 after 0 ms
D3DKMTLock2 [gpu-readback]         0x00000000  STATUS_SUCCESS
    locked at CPU VA 000001E85E2B0000
D3DKMTUnlock2 [gpu-readback]       0x00000000  STATUS_SUCCESS
D3DKMTLock2 [gpu-readback]         0x00000000  STATUS_SUCCESS
    locked at CPU VA 000001E85E2B0000
D3DKMTUnlock2 [gpu-readback]       0x00000000  STATUS_SUCCESS
D3DKMTLock2 [gpu-ib]               0x00000000  STATUS_SUCCESS
    locked at CPU VA 000001E85E2A0000
D3DKMTUnlock2 [gpu-ib]             0x00000000  STATUS_SUCCESS
Submit GPU readback                0x00000000  STATUS_SUCCESS
    asking the context to signal the monitored fence to 562
D3DKMTSignalSynchronizationObjectFromGpu 0x00000000  STATUS_SUCCESS
D3DKMTWaitForSynchronizationObjectFromCpu 0x00000000  STATUS_SUCCESS
    the monitored fence reached 562 after 0 ms
D3DKMTLock2 [gpu-readback]         0x00000000  STATUS_SUCCESS
    locked at CPU VA 000001E85E2B0000
D3DKMTUnlock2 [gpu-readback]       0x00000000  STATUS_SUCCESS
D3DKMTLock2 [gpu-readback]         0x00000000  STATUS_SUCCESS
    locked at CPU VA 000001E85E2B0000
D3DKMTUnlock2 [gpu-readback]       0x00000000  STATUS_SUCCESS
D3DKMTLock2 [gpu-ib]               0x00000000  STATUS_SUCCESS
    locked at CPU VA 000001E85E2A0000
D3DKMTUnlock2 [gpu-ib]             0x00000000  STATUS_SUCCESS
Submit GPU readback                0x00000000  STATUS_SUCCESS
    asking the context to signal the monitored fence to 563
D3DKMTSignalSynchronizationObjectFromGpu 0x00000000  STATUS_SUCCESS
D3DKMTWaitForSynchronizationObjectFromCpu 0x00000000  STATUS_SUCCESS
    the monitored fence reached 563 after 0 ms
D3DKMTLock2 [gpu-readback]         0x00000000  STATUS_SUCCESS
    locked at CPU VA 000001E85E2B0000
D3DKMTUnlock2 [gpu-readback]       0x00000000  STATUS_SUCCESS
D3DKMTLock2 [gpu-readback]         0x00000000  STATUS_SUCCESS
    locked at CPU VA 000001E85E2B0000
D3DKMTUnlock2 [gpu-readback]       0x00000000  STATUS_SUCCESS
D3DKMTLock2 [gpu-ib]               0x00000000  STATUS_SUCCESS
    locked at CPU VA 000001E85E2A0000
D3DKMTUnlock2 [gpu-ib]             0x00000000  STATUS_SUCCESS
Submit GPU readback                0x00000000  STATUS_SUCCESS
    asking the context to signal the monitored fence to 564
D3DKMTSignalSynchronizationObjectFromGpu 0x00000000  STATUS_SUCCESS
D3DKMTWaitForSynchronizationObjectFromCpu 0x00000000  STATUS_SUCCESS
    the monitored fence reached 564 after 0 ms
D3DKMTLock2 [gpu-readback]         0x00000000  STATUS_SUCCESS
    locked at CPU VA 000001E85E2B0000
D3DKMTUnlock2 [gpu-readback]       0x00000000  STATUS_SUCCESS
D3DKMTLock2 [gpu-readback]         0x00000000  STATUS_SUCCESS
    locked at CPU VA 000001E85E2B0000
D3DKMTUnlock2 [gpu-readback]       0x00000000  STATUS_SUCCESS
D3DKMTLock2 [gpu-ib]               0x00000000  STATUS_SUCCESS
    locked at CPU VA 000001E85E2A0000
D3DKMTUnlock2 [gpu-ib]             0x00000000  STATUS_SUCCESS
Submit GPU readback                0x00000000  STATUS_SUCCESS
    asking the context to signal the monitored fence to 565
D3DKMTSignalSynchronizationObjectFromGpu 0x00000000  STATUS_SUCCESS
D3DKMTWaitForSynchronizationObjectFromCpu 0x00000000  STATUS_SUCCESS
    the monitored fence reached 565 after 0 ms
D3DKMTLock2 [gpu-readback]         0x00000000  STATUS_SUCCESS
    locked at CPU VA 000001E85E2B0000
D3DKMTUnlock2 [gpu-readback]       0x00000000  STATUS_SUCCESS
D3DKMTLock2 [gpu-readback]         0x00000000  STATUS_SUCCESS
    locked at CPU VA 000001E85E2B0000
D3DKMTUnlock2 [gpu-readback]       0x00000000  STATUS_SUCCESS
D3DKMTLock2 [gpu-ib]               0x00000000  STATUS_SUCCESS
    locked at CPU VA 000001E85E2A0000
D3DKMTUnlock2 [gpu-ib]             0x00000000  STATUS_SUCCESS
Submit GPU readback                0x00000000  STATUS_SUCCESS
    asking the context to signal the monitored fence to 566
D3DKMTSignalSynchronizationObjectFromGpu 0x00000000  STATUS_SUCCESS
D3DKMTWaitForSynchronizationObjectFromCpu 0x00000000  STATUS_SUCCESS
    the monitored fence reached 566 after 0 ms
D3DKMTLock2 [gpu-readback]         0x00000000  STATUS_SUCCESS
    locked at CPU VA 000001E85E2B0000
D3DKMTUnlock2 [gpu-readback]       0x00000000  STATUS_SUCCESS
D3DKMTLock2 [gpu-readback]         0x00000000  STATUS_SUCCESS
    locked at CPU VA 000001E85E2B0000
D3DKMTUnlock2 [gpu-readback]       0x00000000  STATUS_SUCCESS
D3DKMTLock2 [gpu-ib]               0x00000000  STATUS_SUCCESS
    locked at CPU VA 000001E85E2A0000
D3DKMTUnlock2 [gpu-ib]             0x00000000  STATUS_SUCCESS
Submit GPU readback                0x00000000  STATUS_SUCCESS
    asking the context to signal the monitored fence to 567
D3DKMTSignalSynchronizationObjectFromGpu 0x00000000  STATUS_SUCCESS
D3DKMTWaitForSynchronizationObjectFromCpu 0x00000000  STATUS_SUCCESS
    the monitored fence reached 567 after 0 ms
D3DKMTLock2 [gpu-readback]         0x00000000  STATUS_SUCCESS
    locked at CPU VA 000001E85E2B0000
D3DKMTUnlock2 [gpu-readback]       0x00000000  STATUS_SUCCESS
D3DKMTLock2 [gpu-readback]         0x00000000  STATUS_SUCCESS
    locked at CPU VA 000001E85E2B0000
D3DKMTUnlock2 [gpu-readback]       0x00000000  STATUS_SUCCESS
D3DKMTLock2 [gpu-ib]               0x00000000  STATUS_SUCCESS
    locked at CPU VA 000001E85E2A0000
D3DKMTUnlock2 [gpu-ib]             0x00000000  STATUS_SUCCESS
Submit GPU readback                0x00000000  STATUS_SUCCESS
    asking the context to signal the monitored fence to 568
D3DKMTSignalSynchronizationObjectFromGpu 0x00000000  STATUS_SUCCESS
D3DKMTWaitForSynchronizationObjectFromCpu 0x00000000  STATUS_SUCCESS
    the monitored fence reached 568 after 0 ms
D3DKMTLock2 [gpu-readback]         0x00000000  STATUS_SUCCESS
    locked at CPU VA 000001E85E2B0000
D3DKMTUnlock2 [gpu-readback]       0x00000000  STATUS_SUCCESS
D3DKMTLock2 [gpu-readback]         0x00000000  STATUS_SUCCESS
    locked at CPU VA 000001E85E2B0000
D3DKMTUnlock2 [gpu-readback]       0x00000000  STATUS_SUCCESS
D3DKMTLock2 [gpu-ib]               0x00000000  STATUS_SUCCESS
    locked at CPU VA 000001E85E2A0000
D3DKMTUnlock2 [gpu-ib]             0x00000000  STATUS_SUCCESS
Submit GPU readback                0x00000000  STATUS_SUCCESS
    asking the context to signal the monitored fence to 569
D3DKMTSignalSynchronizationObjectFromGpu 0x00000000  STATUS_SUCCESS
D3DKMTWaitForSynchronizationObjectFromCpu 0x00000000  STATUS_SUCCESS
    the monitored fence reached 569 after 0 ms
D3DKMTLock2 [gpu-readback]         0x00000000  STATUS_SUCCESS
    locked at CPU VA 000001E85E2B0000
D3DKMTUnlock2 [gpu-readback]       0x00000000  STATUS_SUCCESS
D3DKMTLock2 [gpu-readback]         0x00000000  STATUS_SUCCESS
    locked at CPU VA 000001E85E2B0000
D3DKMTUnlock2 [gpu-readback]       0x00000000  STATUS_SUCCESS
D3DKMTLock2 [gpu-ib]               0x00000000  STATUS_SUCCESS
    locked at CPU VA 000001E85E2A0000
D3DKMTUnlock2 [gpu-ib]             0x00000000  STATUS_SUCCESS
Submit GPU readback                0x00000000  STATUS_SUCCESS
    asking the context to signal the monitored fence to 570
D3DKMTSignalSynchronizationObjectFromGpu 0x00000000  STATUS_SUCCESS
D3DKMTWaitForSynchronizationObjectFromCpu 0x00000000  STATUS_SUCCESS
    the monitored fence reached 570 after 0 ms
D3DKMTLock2 [gpu-readback]         0x00000000  STATUS_SUCCESS
    locked at CPU VA 000001E85E2B0000
D3DKMTUnlock2 [gpu-readback]       0x00000000  STATUS_SUCCESS
D3DKMTLock2 [gpu-readback]         0x00000000  STATUS_SUCCESS
    locked at CPU VA 000001E85E2B0000
D3DKMTUnlock2 [gpu-readback]       0x00000000  STATUS_SUCCESS
D3DKMTLock2 [gpu-ib]               0x00000000  STATUS_SUCCESS
    locked at CPU VA 000001E85E2A0000
D3DKMTUnlock2 [gpu-ib]             0x00000000  STATUS_SUCCESS
Submit GPU readback                0x00000000  STATUS_SUCCESS
    asking the context to signal the monitored fence to 571
D3DKMTSignalSynchronizationObjectFromGpu 0x00000000  STATUS_SUCCESS
D3DKMTWaitForSynchronizationObjectFromCpu 0x00000000  STATUS_SUCCESS
    the monitored fence reached 571 after 0 ms
D3DKMTLock2 [gpu-readback]         0x00000000  STATUS_SUCCESS
    locked at CPU VA 000001E85E2B0000
D3DKMTUnlock2 [gpu-readback]       0x00000000  STATUS_SUCCESS
D3DKMTLock2 [gpu-readback]         0x00000000  STATUS_SUCCESS
    locked at CPU VA 000001E85E2B0000
D3DKMTUnlock2 [gpu-readback]       0x00000000  STATUS_SUCCESS
D3DKMTLock2 [gpu-ib]               0x00000000  STATUS_SUCCESS
    locked at CPU VA 000001E85E2A0000
D3DKMTUnlock2 [gpu-ib]             0x00000000  STATUS_SUCCESS
Submit GPU readback                0x00000000  STATUS_SUCCESS
    asking the context to signal the monitored fence to 572
D3DKMTSignalSynchronizationObjectFromGpu 0x00000000  STATUS_SUCCESS
D3DKMTWaitForSynchronizationObjectFromCpu 0x00000000  STATUS_SUCCESS
    the monitored fence reached 572 after 0 ms
D3DKMTLock2 [gpu-readback]         0x00000000  STATUS_SUCCESS
    locked at CPU VA 000001E85E2B0000
D3DKMTUnlock2 [gpu-readback]       0x00000000  STATUS_SUCCESS
D3DKMTLock2 [gpu-readback]         0x00000000  STATUS_SUCCESS
    locked at CPU VA 000001E85E2B0000
D3DKMTUnlock2 [gpu-readback]       0x00000000  STATUS_SUCCESS
D3DKMTLock2 [gpu-ib]               0x00000000  STATUS_SUCCESS
    locked at CPU VA 000001E85E2A0000
D3DKMTUnlock2 [gpu-ib]             0x00000000  STATUS_SUCCESS
Submit GPU readback                0x00000000  STATUS_SUCCESS
    asking the context to signal the monitored fence to 573
D3DKMTSignalSynchronizationObjectFromGpu 0x00000000  STATUS_SUCCESS
D3DKMTWaitForSynchronizationObjectFromCpu 0x00000000  STATUS_SUCCESS
    the monitored fence reached 573 after 0 ms
D3DKMTLock2 [gpu-readback]         0x00000000  STATUS_SUCCESS
    locked at CPU VA 000001E85E2B0000
D3DKMTUnlock2 [gpu-readback]       0x00000000  STATUS_SUCCESS
D3DKMTLock2 [gpu-readback]         0x00000000  STATUS_SUCCESS
    locked at CPU VA 000001E85E2B0000
D3DKMTUnlock2 [gpu-readback]       0x00000000  STATUS_SUCCESS
D3DKMTLock2 [gpu-ib]               0x00000000  STATUS_SUCCESS
    locked at CPU VA 000001E85E2A0000
D3DKMTUnlock2 [gpu-ib]             0x00000000  STATUS_SUCCESS
Submit GPU readback                0x00000000  STATUS_SUCCESS
    asking the context to signal the monitored fence to 574
D3DKMTSignalSynchronizationObjectFromGpu 0x00000000  STATUS_SUCCESS
D3DKMTWaitForSynchronizationObjectFromCpu 0x00000000  STATUS_SUCCESS
    the monitored fence reached 574 after 0 ms
D3DKMTLock2 [gpu-readback]         0x00000000  STATUS_SUCCESS
    locked at CPU VA 000001E85E2B0000
D3DKMTUnlock2 [gpu-readback]       0x00000000  STATUS_SUCCESS
D3DKMTLock2 [gpu-readback]         0x00000000  STATUS_SUCCESS
    locked at CPU VA 000001E85E2B0000
D3DKMTUnlock2 [gpu-readback]       0x00000000  STATUS_SUCCESS
D3DKMTLock2 [gpu-ib]               0x00000000  STATUS_SUCCESS
    locked at CPU VA 000001E85E2A0000
D3DKMTUnlock2 [gpu-ib]             0x00000000  STATUS_SUCCESS
Submit GPU readback                0x00000000  STATUS_SUCCESS
    asking the context to signal the monitored fence to 575
D3DKMTSignalSynchronizationObjectFromGpu 0x00000000  STATUS_SUCCESS
D3DKMTWaitForSynchronizationObjectFromCpu 0x00000000  STATUS_SUCCESS
    the monitored fence reached 575 after 0 ms
D3DKMTLock2 [gpu-readback]         0x00000000  STATUS_SUCCESS
    locked at CPU VA 000001E85E2B0000
D3DKMTUnlock2 [gpu-readback]       0x00000000  STATUS_SUCCESS
D3DKMTLock2 [gpu-readback]         0x00000000  STATUS_SUCCESS
    locked at CPU VA 000001E85E2B0000
D3DKMTUnlock2 [gpu-readback]       0x00000000  STATUS_SUCCESS
D3DKMTLock2 [gpu-ib]               0x00000000  STATUS_SUCCESS
    locked at CPU VA 000001E85E2A0000
D3DKMTUnlock2 [gpu-ib]             0x00000000  STATUS_SUCCESS
Submit GPU readback                0x00000000  STATUS_SUCCESS
    asking the context to signal the monitored fence to 576
D3DKMTSignalSynchronizationObjectFromGpu 0x00000000  STATUS_SUCCESS
D3DKMTWaitForSynchronizationObjectFromCpu 0x00000000  STATUS_SUCCESS
    the monitored fence reached 576 after 0 ms
D3DKMTLock2 [gpu-readback]         0x00000000  STATUS_SUCCESS
    locked at CPU VA 000001E85E2B0000
D3DKMTUnlock2 [gpu-readback]       0x00000000  STATUS_SUCCESS
D3DKMTLock2 [gpu-readback]         0x00000000  STATUS_SUCCESS
    locked at CPU VA 000001E85E2B0000
D3DKMTUnlock2 [gpu-readback]       0x00000000  STATUS_SUCCESS
D3DKMTLock2 [gpu-ib]               0x00000000  STATUS_SUCCESS
    locked at CPU VA 000001E85E2A0000
D3DKMTUnlock2 [gpu-ib]             0x00000000  STATUS_SUCCESS
Submit GPU readback                0x00000000  STATUS_SUCCESS
    asking the context to signal the monitored fence to 577
D3DKMTSignalSynchronizationObjectFromGpu 0x00000000  STATUS_SUCCESS
D3DKMTWaitForSynchronizationObjectFromCpu 0x00000000  STATUS_SUCCESS
    the monitored fence reached 577 after 0 ms
D3DKMTLock2 [gpu-readback]         0x00000000  STATUS_SUCCESS
    locked at CPU VA 000001E85E2B0000
D3DKMTUnlock2 [gpu-readback]       0x00000000  STATUS_SUCCESS
D3DKMTLock2 [gpu-readback]         0x00000000  STATUS_SUCCESS
    locked at CPU VA 000001E85E2B0000
D3DKMTUnlock2 [gpu-readback]       0x00000000  STATUS_SUCCESS
D3DKMTLock2 [gpu-ib]               0x00000000  STATUS_SUCCESS
    locked at CPU VA 000001E85E2A0000
D3DKMTUnlock2 [gpu-ib]             0x00000000  STATUS_SUCCESS
Submit GPU readback                0x00000000  STATUS_SUCCESS
    asking the context to signal the monitored fence to 578
D3DKMTSignalSynchronizationObjectFromGpu 0x00000000  STATUS_SUCCESS
D3DKMTWaitForSynchronizationObjectFromCpu 0x00000000  STATUS_SUCCESS
    the monitored fence reached 578 after 0 ms
D3DKMTLock2 [gpu-readback]         0x00000000  STATUS_SUCCESS
    locked at CPU VA 000001E85E2B0000
D3DKMTUnlock2 [gpu-readback]       0x00000000  STATUS_SUCCESS
D3DKMTLock2 [gpu-readback]         0x00000000  STATUS_SUCCESS
    locked at CPU VA 000001E85E2B0000
D3DKMTUnlock2 [gpu-readback]       0x00000000  STATUS_SUCCESS
D3DKMTLock2 [gpu-ib]               0x00000000  STATUS_SUCCESS
    locked at CPU VA 000001E85E2A0000
D3DKMTUnlock2 [gpu-ib]             0x00000000  STATUS_SUCCESS
Submit GPU readback                0x00000000  STATUS_SUCCESS
    asking the context to signal the monitored fence to 579
D3DKMTSignalSynchronizationObjectFromGpu 0x00000000  STATUS_SUCCESS
D3DKMTWaitForSynchronizationObjectFromCpu 0x00000000  STATUS_SUCCESS
    the monitored fence reached 579 after 0 ms
D3DKMTLock2 [gpu-readback]         0x00000000  STATUS_SUCCESS
    locked at CPU VA 000001E85E2B0000
D3DKMTUnlock2 [gpu-readback]       0x00000000  STATUS_SUCCESS
D3DKMTLock2 [gpu-readback]         0x00000000  STATUS_SUCCESS
    locked at CPU VA 000001E85E2B0000
D3DKMTUnlock2 [gpu-readback]       0x00000000  STATUS_SUCCESS
D3DKMTLock2 [gpu-ib]               0x00000000  STATUS_SUCCESS
    locked at CPU VA 000001E85E2A0000
D3DKMTUnlock2 [gpu-ib]             0x00000000  STATUS_SUCCESS
Submit GPU readback                0x00000000  STATUS_SUCCESS
    asking the context to signal the monitored fence to 580
D3DKMTSignalSynchronizationObjectFromGpu 0x00000000  STATUS_SUCCESS
D3DKMTWaitForSynchronizationObjectFromCpu 0x00000000  STATUS_SUCCESS
    the monitored fence reached 580 after 0 ms
D3DKMTLock2 [gpu-readback]         0x00000000  STATUS_SUCCESS
    locked at CPU VA 000001E85E2B0000
D3DKMTUnlock2 [gpu-readback]       0x00000000  STATUS_SUCCESS
D3DKMTLock2 [gpu-readback]         0x00000000  STATUS_SUCCESS
    locked at CPU VA 000001E85E2B0000
D3DKMTUnlock2 [gpu-readback]       0x00000000  STATUS_SUCCESS
D3DKMTLock2 [gpu-ib]               0x00000000  STATUS_SUCCESS
    locked at CPU VA 000001E85E2A0000
D3DKMTUnlock2 [gpu-ib]             0x00000000  STATUS_SUCCESS
Submit GPU readback                0x00000000  STATUS_SUCCESS
    asking the context to signal the monitored fence to 581
D3DKMTSignalSynchronizationObjectFromGpu 0x00000000  STATUS_SUCCESS
D3DKMTWaitForSynchronizationObjectFromCpu 0x00000000  STATUS_SUCCESS
    the monitored fence reached 581 after 0 ms
D3DKMTLock2 [gpu-readback]         0x00000000  STATUS_SUCCESS
    locked at CPU VA 000001E85E2B0000
D3DKMTUnlock2 [gpu-readback]       0x00000000  STATUS_SUCCESS
D3DKMTLock2 [gpu-readback]         0x00000000  STATUS_SUCCESS
    locked at CPU VA 000001E85E2B0000
D3DKMTUnlock2 [gpu-readback]       0x00000000  STATUS_SUCCESS
D3DKMTLock2 [gpu-ib]               0x00000000  STATUS_SUCCESS
    locked at CPU VA 000001E85E2A0000
D3DKMTUnlock2 [gpu-ib]             0x00000000  STATUS_SUCCESS
Submit GPU readback                0x00000000  STATUS_SUCCESS
    asking the context to signal the monitored fence to 582
D3DKMTSignalSynchronizationObjectFromGpu 0x00000000  STATUS_SUCCESS
D3DKMTWaitForSynchronizationObjectFromCpu 0x00000000  STATUS_SUCCESS
    the monitored fence reached 582 after 0 ms
D3DKMTLock2 [gpu-readback]         0x00000000  STATUS_SUCCESS
    locked at CPU VA 000001E85E2B0000
D3DKMTUnlock2 [gpu-readback]       0x00000000  STATUS_SUCCESS
D3DKMTLock2 [gpu-readback]         0x00000000  STATUS_SUCCESS
    locked at CPU VA 000001E85E2B0000
D3DKMTUnlock2 [gpu-readback]       0x00000000  STATUS_SUCCESS
D3DKMTLock2 [gpu-ib]               0x00000000  STATUS_SUCCESS
    locked at CPU VA 000001E85E2A0000
D3DKMTUnlock2 [gpu-ib]             0x00000000  STATUS_SUCCESS
Submit GPU readback                0x00000000  STATUS_SUCCESS
    asking the context to signal the monitored fence to 583
D3DKMTSignalSynchronizationObjectFromGpu 0x00000000  STATUS_SUCCESS
D3DKMTWaitForSynchronizationObjectFromCpu 0x00000000  STATUS_SUCCESS
    the monitored fence reached 583 after 0 ms
D3DKMTLock2 [gpu-readback]         0x00000000  STATUS_SUCCESS
    locked at CPU VA 000001E85E2B0000
D3DKMTUnlock2 [gpu-readback]       0x00000000  STATUS_SUCCESS
D3DKMTLock2 [gpu-readback]         0x00000000  STATUS_SUCCESS
    locked at CPU VA 000001E85E2B0000
D3DKMTUnlock2 [gpu-readback]       0x00000000  STATUS_SUCCESS
D3DKMTLock2 [gpu-ib]               0x00000000  STATUS_SUCCESS
    locked at CPU VA 000001E85E2A0000
D3DKMTUnlock2 [gpu-ib]             0x00000000  STATUS_SUCCESS
Submit GPU readback                0x00000000  STATUS_SUCCESS
    asking the context to signal the monitored fence to 584
D3DKMTSignalSynchronizationObjectFromGpu 0x00000000  STATUS_SUCCESS
D3DKMTWaitForSynchronizationObjectFromCpu 0x00000000  STATUS_SUCCESS
    the monitored fence reached 584 after 0 ms
D3DKMTLock2 [gpu-readback]         0x00000000  STATUS_SUCCESS
    locked at CPU VA 000001E85E2B0000
D3DKMTUnlock2 [gpu-readback]       0x00000000  STATUS_SUCCESS
D3DKMTLock2 [gpu-readback]         0x00000000  STATUS_SUCCESS
    locked at CPU VA 000001E85E2B0000
D3DKMTUnlock2 [gpu-readback]       0x00000000  STATUS_SUCCESS
D3DKMTLock2 [gpu-ib]               0x00000000  STATUS_SUCCESS
    locked at CPU VA 000001E85E2A0000
D3DKMTUnlock2 [gpu-ib]             0x00000000  STATUS_SUCCESS
Submit GPU readback                0x00000000  STATUS_SUCCESS
    asking the context to signal the monitored fence to 585
D3DKMTSignalSynchronizationObjectFromGpu 0x00000000  STATUS_SUCCESS
D3DKMTWaitForSynchronizationObjectFromCpu 0x00000000  STATUS_SUCCESS
    the monitored fence reached 585 after 0 ms
D3DKMTLock2 [gpu-readback]         0x00000000  STATUS_SUCCESS
    locked at CPU VA 000001E85E2B0000
D3DKMTUnlock2 [gpu-readback]       0x00000000  STATUS_SUCCESS
D3DKMTLock2 [gpu-readback]         0x00000000  STATUS_SUCCESS
    locked at CPU VA 000001E85E2B0000
D3DKMTUnlock2 [gpu-readback]       0x00000000  STATUS_SUCCESS
D3DKMTLock2 [gpu-ib]               0x00000000  STATUS_SUCCESS
    locked at CPU VA 000001E85E2A0000
D3DKMTUnlock2 [gpu-ib]             0x00000000  STATUS_SUCCESS
Submit GPU readback                0x00000000  STATUS_SUCCESS
    asking the context to signal the monitored fence to 586
D3DKMTSignalSynchronizationObjectFromGpu 0x00000000  STATUS_SUCCESS
D3DKMTWaitForSynchronizationObjectFromCpu 0x00000000  STATUS_SUCCESS
    the monitored fence reached 586 after 0 ms
D3DKMTLock2 [gpu-readback]         0x00000000  STATUS_SUCCESS
    locked at CPU VA 000001E85E2B0000
D3DKMTUnlock2 [gpu-readback]       0x00000000  STATUS_SUCCESS
D3DKMTLock2 [gpu-readback]         0x00000000  STATUS_SUCCESS
    locked at CPU VA 000001E85E2B0000
D3DKMTUnlock2 [gpu-readback]       0x00000000  STATUS_SUCCESS
D3DKMTLock2 [gpu-ib]               0x00000000  STATUS_SUCCESS
    locked at CPU VA 000001E85E2A0000
D3DKMTUnlock2 [gpu-ib]             0x00000000  STATUS_SUCCESS
Submit GPU readback                0x00000000  STATUS_SUCCESS
    asking the context to signal the monitored fence to 587
D3DKMTSignalSynchronizationObjectFromGpu 0x00000000  STATUS_SUCCESS
D3DKMTWaitForSynchronizationObjectFromCpu 0x00000000  STATUS_SUCCESS
    the monitored fence reached 587 after 0 ms
D3DKMTLock2 [gpu-readback]         0x00000000  STATUS_SUCCESS
    locked at CPU VA 000001E85E2B0000
D3DKMTUnlock2 [gpu-readback]       0x00000000  STATUS_SUCCESS
D3DKMTLock2 [gpu-readback]         0x00000000  STATUS_SUCCESS
    locked at CPU VA 000001E85E2B0000
D3DKMTUnlock2 [gpu-readback]       0x00000000  STATUS_SUCCESS
D3DKMTLock2 [gpu-ib]               0x00000000  STATUS_SUCCESS
    locked at CPU VA 000001E85E2A0000
D3DKMTUnlock2 [gpu-ib]             0x00000000  STATUS_SUCCESS
Submit GPU readback                0x00000000  STATUS_SUCCESS
    asking the context to signal the monitored fence to 588
D3DKMTSignalSynchronizationObjectFromGpu 0x00000000  STATUS_SUCCESS
D3DKMTWaitForSynchronizationObjectFromCpu 0x00000000  STATUS_SUCCESS
    the monitored fence reached 588 after 0 ms
D3DKMTLock2 [gpu-readback]         0x00000000  STATUS_SUCCESS
    locked at CPU VA 000001E85E2B0000
D3DKMTUnlock2 [gpu-readback]       0x00000000  STATUS_SUCCESS
D3DKMTLock2 [gpu-readback]         0x00000000  STATUS_SUCCESS
    locked at CPU VA 000001E85E2B0000
D3DKMTUnlock2 [gpu-readback]       0x00000000  STATUS_SUCCESS
D3DKMTLock2 [gpu-ib]               0x00000000  STATUS_SUCCESS
    locked at CPU VA 000001E85E2A0000
D3DKMTUnlock2 [gpu-ib]             0x00000000  STATUS_SUCCESS
Submit GPU readback                0x00000000  STATUS_SUCCESS
    asking the context to signal the monitored fence to 589
D3DKMTSignalSynchronizationObjectFromGpu 0x00000000  STATUS_SUCCESS
D3DKMTWaitForSynchronizationObjectFromCpu 0x00000000  STATUS_SUCCESS
    the monitored fence reached 589 after 0 ms
D3DKMTLock2 [gpu-readback]         0x00000000  STATUS_SUCCESS
    locked at CPU VA 000001E85E2B0000
D3DKMTUnlock2 [gpu-readback]       0x00000000  STATUS_SUCCESS
D3DKMTLock2 [gpu-readback]         0x00000000  STATUS_SUCCESS
    locked at CPU VA 000001E85E2B0000
D3DKMTUnlock2 [gpu-readback]       0x00000000  STATUS_SUCCESS
D3DKMTLock2 [gpu-ib]               0x00000000  STATUS_SUCCESS
    locked at CPU VA 000001E85E2A0000
D3DKMTUnlock2 [gpu-ib]             0x00000000  STATUS_SUCCESS
Submit GPU readback                0x00000000  STATUS_SUCCESS
    asking the context to signal the monitored fence to 590
D3DKMTSignalSynchronizationObjectFromGpu 0x00000000  STATUS_SUCCESS
D3DKMTWaitForSynchronizationObjectFromCpu 0x00000000  STATUS_SUCCESS
    the monitored fence reached 590 after 0 ms
D3DKMTLock2 [gpu-readback]         0x00000000  STATUS_SUCCESS
    locked at CPU VA 000001E85E2B0000
D3DKMTUnlock2 [gpu-readback]       0x00000000  STATUS_SUCCESS
D3DKMTLock2 [gpu-readback]         0x00000000  STATUS_SUCCESS
    locked at CPU VA 000001E85E2B0000
D3DKMTUnlock2 [gpu-readback]       0x00000000  STATUS_SUCCESS
D3DKMTLock2 [gpu-ib]               0x00000000  STATUS_SUCCESS
    locked at CPU VA 000001E85E2A0000
D3DKMTUnlock2 [gpu-ib]             0x00000000  STATUS_SUCCESS
Submit GPU readback                0x00000000  STATUS_SUCCESS
    asking the context to signal the monitored fence to 591
D3DKMTSignalSynchronizationObjectFromGpu 0x00000000  STATUS_SUCCESS
D3DKMTWaitForSynchronizationObjectFromCpu 0x00000000  STATUS_SUCCESS
    the monitored fence reached 591 after 0 ms
D3DKMTLock2 [gpu-readback]         0x00000000  STATUS_SUCCESS
    locked at CPU VA 000001E85E2B0000
D3DKMTUnlock2 [gpu-readback]       0x00000000  STATUS_SUCCESS
D3DKMTLock2 [gpu-readback]         0x00000000  STATUS_SUCCESS
    locked at CPU VA 000001E85E2B0000
D3DKMTUnlock2 [gpu-readback]       0x00000000  STATUS_SUCCESS
D3DKMTLock2 [gpu-ib]               0x00000000  STATUS_SUCCESS
    locked at CPU VA 000001E85E2A0000
D3DKMTUnlock2 [gpu-ib]             0x00000000  STATUS_SUCCESS
Submit GPU readback                0x00000000  STATUS_SUCCESS
    asking the context to signal the monitored fence to 592
D3DKMTSignalSynchronizationObjectFromGpu 0x00000000  STATUS_SUCCESS
D3DKMTWaitForSynchronizationObjectFromCpu 0x00000000  STATUS_SUCCESS
    the monitored fence reached 592 after 0 ms
D3DKMTLock2 [gpu-readback]         0x00000000  STATUS_SUCCESS
    locked at CPU VA 000001E85E2B0000
D3DKMTUnlock2 [gpu-readback]       0x00000000  STATUS_SUCCESS
D3DKMTLock2 [gpu-readback]         0x00000000  STATUS_SUCCESS
    locked at CPU VA 000001E85E2B0000
D3DKMTUnlock2 [gpu-readback]       0x00000000  STATUS_SUCCESS
D3DKMTLock2 [gpu-ib]               0x00000000  STATUS_SUCCESS
    locked at CPU VA 000001E85E2A0000
D3DKMTUnlock2 [gpu-ib]             0x00000000  STATUS_SUCCESS
Submit GPU readback                0x00000000  STATUS_SUCCESS
    asking the context to signal the monitored fence to 593
D3DKMTSignalSynchronizationObjectFromGpu 0x00000000  STATUS_SUCCESS
D3DKMTWaitForSynchronizationObjectFromCpu 0x00000000  STATUS_SUCCESS
    the monitored fence reached 593 after 0 ms
D3DKMTLock2 [gpu-readback]         0x00000000  STATUS_SUCCESS
    locked at CPU VA 000001E85E2B0000
D3DKMTUnlock2 [gpu-readback]       0x00000000  STATUS_SUCCESS
D3DKMTLock2 [gpu-readback]         0x00000000  STATUS_SUCCESS
    locked at CPU VA 000001E85E2B0000
D3DKMTUnlock2 [gpu-readback]       0x00000000  STATUS_SUCCESS
D3DKMTLock2 [gpu-ib]               0x00000000  STATUS_SUCCESS
    locked at CPU VA 000001E85E2A0000
D3DKMTUnlock2 [gpu-ib]             0x00000000  STATUS_SUCCESS
Submit GPU readback                0x00000000  STATUS_SUCCESS
    asking the context to signal the monitored fence to 594
D3DKMTSignalSynchronizationObjectFromGpu 0x00000000  STATUS_SUCCESS
D3DKMTWaitForSynchronizationObjectFromCpu 0x00000000  STATUS_SUCCESS
    the monitored fence reached 594 after 0 ms
D3DKMTLock2 [gpu-readback]         0x00000000  STATUS_SUCCESS
    locked at CPU VA 000001E85E2B0000
D3DKMTUnlock2 [gpu-readback]       0x00000000  STATUS_SUCCESS
D3DKMTLock2 [gpu-readback]         0x00000000  STATUS_SUCCESS
    locked at CPU VA 000001E85E2B0000
D3DKMTUnlock2 [gpu-readback]       0x00000000  STATUS_SUCCESS
D3DKMTLock2 [gpu-ib]               0x00000000  STATUS_SUCCESS
    locked at CPU VA 000001E85E2A0000
D3DKMTUnlock2 [gpu-ib]             0x00000000  STATUS_SUCCESS
Submit GPU readback                0x00000000  STATUS_SUCCESS
    asking the context to signal the monitored fence to 595
D3DKMTSignalSynchronizationObjectFromGpu 0x00000000  STATUS_SUCCESS
D3DKMTWaitForSynchronizationObjectFromCpu 0x00000000  STATUS_SUCCESS
    the monitored fence reached 595 after 0 ms
D3DKMTLock2 [gpu-readback]         0x00000000  STATUS_SUCCESS
    locked at CPU VA 000001E85E2B0000
D3DKMTUnlock2 [gpu-readback]       0x00000000  STATUS_SUCCESS
D3DKMTLock2 [gpu-readback]         0x00000000  STATUS_SUCCESS
    locked at CPU VA 000001E85E2B0000
D3DKMTUnlock2 [gpu-readback]       0x00000000  STATUS_SUCCESS
D3DKMTLock2 [gpu-ib]               0x00000000  STATUS_SUCCESS
    locked at CPU VA 000001E85E2A0000
D3DKMTUnlock2 [gpu-ib]             0x00000000  STATUS_SUCCESS
Submit GPU readback                0x00000000  STATUS_SUCCESS
    asking the context to signal the monitored fence to 596
D3DKMTSignalSynchronizationObjectFromGpu 0x00000000  STATUS_SUCCESS
D3DKMTWaitForSynchronizationObjectFromCpu 0x00000000  STATUS_SUCCESS
    the monitored fence reached 596 after 0 ms
D3DKMTLock2 [gpu-readback]         0x00000000  STATUS_SUCCESS
    locked at CPU VA 000001E85E2B0000
D3DKMTUnlock2 [gpu-readback]       0x00000000  STATUS_SUCCESS
D3DKMTLock2 [gpu-readback]         0x00000000  STATUS_SUCCESS
    locked at CPU VA 000001E85E2B0000
D3DKMTUnlock2 [gpu-readback]       0x00000000  STATUS_SUCCESS
D3DKMTLock2 [gpu-ib]               0x00000000  STATUS_SUCCESS
    locked at CPU VA 000001E85E2A0000
D3DKMTUnlock2 [gpu-ib]             0x00000000  STATUS_SUCCESS
Submit GPU readback                0x00000000  STATUS_SUCCESS
    asking the context to signal the monitored fence to 597
D3DKMTSignalSynchronizationObjectFromGpu 0x00000000  STATUS_SUCCESS
D3DKMTWaitForSynchronizationObjectFromCpu 0x00000000  STATUS_SUCCESS
    the monitored fence reached 597 after 0 ms
D3DKMTLock2 [gpu-readback]         0x00000000  STATUS_SUCCESS
    locked at CPU VA 000001E85E2B0000
D3DKMTUnlock2 [gpu-readback]       0x00000000  STATUS_SUCCESS
D3DKMTLock2 [gpu-readback]         0x00000000  STATUS_SUCCESS
    locked at CPU VA 000001E85E2B0000
D3DKMTUnlock2 [gpu-readback]       0x00000000  STATUS_SUCCESS
D3DKMTLock2 [gpu-ib]               0x00000000  STATUS_SUCCESS
    locked at CPU VA 000001E85E2A0000
D3DKMTUnlock2 [gpu-ib]             0x00000000  STATUS_SUCCESS
Submit GPU readback                0x00000000  STATUS_SUCCESS
    asking the context to signal the monitored fence to 598
D3DKMTSignalSynchronizationObjectFromGpu 0x00000000  STATUS_SUCCESS
D3DKMTWaitForSynchronizationObjectFromCpu 0x00000000  STATUS_SUCCESS
    the monitored fence reached 598 after 0 ms
D3DKMTLock2 [gpu-readback]         0x00000000  STATUS_SUCCESS
    locked at CPU VA 000001E85E2B0000
D3DKMTUnlock2 [gpu-readback]       0x00000000  STATUS_SUCCESS
D3DKMTLock2 [gpu-readback]         0x00000000  STATUS_SUCCESS
    locked at CPU VA 000001E85E2B0000
D3DKMTUnlock2 [gpu-readback]       0x00000000  STATUS_SUCCESS
D3DKMTLock2 [gpu-ib]               0x00000000  STATUS_SUCCESS
    locked at CPU VA 000001E85E2A0000
D3DKMTUnlock2 [gpu-ib]             0x00000000  STATUS_SUCCESS
Submit GPU readback                0x00000000  STATUS_SUCCESS
    asking the context to signal the monitored fence to 599
D3DKMTSignalSynchronizationObjectFromGpu 0x00000000  STATUS_SUCCESS
D3DKMTWaitForSynchronizationObjectFromCpu 0x00000000  STATUS_SUCCESS
    the monitored fence reached 599 after 0 ms
D3DKMTLock2 [gpu-readback]         0x00000000  STATUS_SUCCESS
    locked at CPU VA 000001E85E2B0000
D3DKMTUnlock2 [gpu-readback]       0x00000000  STATUS_SUCCESS
D3DKMTLock2 [gpu-readback]         0x00000000  STATUS_SUCCESS
    locked at CPU VA 000001E85E2B0000
D3DKMTUnlock2 [gpu-readback]       0x00000000  STATUS_SUCCESS
D3DKMTLock2 [gpu-ib]               0x00000000  STATUS_SUCCESS
    locked at CPU VA 000001E85E2A0000
D3DKMTUnlock2 [gpu-ib]             0x00000000  STATUS_SUCCESS
Submit GPU readback                0x00000000  STATUS_SUCCESS
    asking the context to signal the monitored fence to 600
D3DKMTSignalSynchronizationObjectFromGpu 0x00000000  STATUS_SUCCESS
D3DKMTWaitForSynchronizationObjectFromCpu 0x00000000  STATUS_SUCCESS
    the monitored fence reached 600 after 0 ms
D3DKMTLock2 [gpu-readback]         0x00000000  STATUS_SUCCESS
    locked at CPU VA 000001E85E2B0000
D3DKMTUnlock2 [gpu-readback]       0x00000000  STATUS_SUCCESS
D3DKMTLock2 [gpu-readback]         0x00000000  STATUS_SUCCESS
    locked at CPU VA 000001E85E2B0000
D3DKMTUnlock2 [gpu-readback]       0x00000000  STATUS_SUCCESS
D3DKMTLock2 [gpu-ib]               0x00000000  STATUS_SUCCESS
    locked at CPU VA 000001E85E2A0000
D3DKMTUnlock2 [gpu-ib]             0x00000000  STATUS_SUCCESS
Submit GPU readback                0x00000000  STATUS_SUCCESS
    asking the context to signal the monitored fence to 601
D3DKMTSignalSynchronizationObjectFromGpu 0x00000000  STATUS_SUCCESS
D3DKMTWaitForSynchronizationObjectFromCpu 0x00000000  STATUS_SUCCESS
    the monitored fence reached 601 after 0 ms
D3DKMTLock2 [gpu-readback]         0x00000000  STATUS_SUCCESS
    locked at CPU VA 000001E85E2B0000
D3DKMTUnlock2 [gpu-readback]       0x00000000  STATUS_SUCCESS
D3DKMTLock2 [gpu-readback]         0x00000000  STATUS_SUCCESS
    locked at CPU VA 000001E85E2B0000
D3DKMTUnlock2 [gpu-readback]       0x00000000  STATUS_SUCCESS
D3DKMTLock2 [gpu-ib]               0x00000000  STATUS_SUCCESS
    locked at CPU VA 000001E85E2A0000
D3DKMTUnlock2 [gpu-ib]             0x00000000  STATUS_SUCCESS
Submit GPU readback                0x00000000  STATUS_SUCCESS
    asking the context to signal the monitored fence to 602
D3DKMTSignalSynchronizationObjectFromGpu 0x00000000  STATUS_SUCCESS
D3DKMTWaitForSynchronizationObjectFromCpu 0x00000000  STATUS_SUCCESS
    the monitored fence reached 602 after 0 ms
D3DKMTLock2 [gpu-readback]         0x00000000  STATUS_SUCCESS
    locked at CPU VA 000001E85E2B0000
D3DKMTUnlock2 [gpu-readback]       0x00000000  STATUS_SUCCESS
D3DKMTLock2 [gpu-readback]         0x00000000  STATUS_SUCCESS
    locked at CPU VA 000001E85E2B0000
D3DKMTUnlock2 [gpu-readback]       0x00000000  STATUS_SUCCESS
D3DKMTLock2 [gpu-ib]               0x00000000  STATUS_SUCCESS
    locked at CPU VA 000001E85E2A0000
D3DKMTUnlock2 [gpu-ib]             0x00000000  STATUS_SUCCESS
Submit GPU readback                0x00000000  STATUS_SUCCESS
    asking the context to signal the monitored fence to 603
D3DKMTSignalSynchronizationObjectFromGpu 0x00000000  STATUS_SUCCESS
D3DKMTWaitForSynchronizationObjectFromCpu 0x00000000  STATUS_SUCCESS
    the monitored fence reached 603 after 0 ms
D3DKMTLock2 [gpu-readback]         0x00000000  STATUS_SUCCESS
    locked at CPU VA 000001E85E2B0000
D3DKMTUnlock2 [gpu-readback]       0x00000000  STATUS_SUCCESS
D3DKMTLock2 [gpu-readback]         0x00000000  STATUS_SUCCESS
    locked at CPU VA 000001E85E2B0000
D3DKMTUnlock2 [gpu-readback]       0x00000000  STATUS_SUCCESS
D3DKMTLock2 [gpu-ib]               0x00000000  STATUS_SUCCESS
    locked at CPU VA 000001E85E2A0000
D3DKMTUnlock2 [gpu-ib]             0x00000000  STATUS_SUCCESS
Submit GPU readback                0x00000000  STATUS_SUCCESS
    asking the context to signal the monitored fence to 604
D3DKMTSignalSynchronizationObjectFromGpu 0x00000000  STATUS_SUCCESS
D3DKMTWaitForSynchronizationObjectFromCpu 0x00000000  STATUS_SUCCESS
    the monitored fence reached 604 after 0 ms
D3DKMTLock2 [gpu-readback]         0x00000000  STATUS_SUCCESS
    locked at CPU VA 000001E85E2B0000
D3DKMTUnlock2 [gpu-readback]       0x00000000  STATUS_SUCCESS
D3DKMTLock2 [gpu-readback]         0x00000000  STATUS_SUCCESS
    locked at CPU VA 000001E85E2B0000
D3DKMTUnlock2 [gpu-readback]       0x00000000  STATUS_SUCCESS
D3DKMTLock2 [gpu-ib]               0x00000000  STATUS_SUCCESS
    locked at CPU VA 000001E85E2A0000
D3DKMTUnlock2 [gpu-ib]             0x00000000  STATUS_SUCCESS
Submit GPU readback                0x00000000  STATUS_SUCCESS
    asking the context to signal the monitored fence to 605
D3DKMTSignalSynchronizationObjectFromGpu 0x00000000  STATUS_SUCCESS
D3DKMTWaitForSynchronizationObjectFromCpu 0x00000000  STATUS_SUCCESS
    the monitored fence reached 605 after 0 ms
D3DKMTLock2 [gpu-readback]         0x00000000  STATUS_SUCCESS
    locked at CPU VA 000001E85E2B0000
D3DKMTUnlock2 [gpu-readback]       0x00000000  STATUS_SUCCESS
D3DKMTLock2 [gpu-readback]         0x00000000  STATUS_SUCCESS
    locked at CPU VA 000001E85E2B0000
D3DKMTUnlock2 [gpu-readback]       0x00000000  STATUS_SUCCESS
D3DKMTLock2 [gpu-ib]               0x00000000  STATUS_SUCCESS
    locked at CPU VA 000001E85E2A0000
D3DKMTUnlock2 [gpu-ib]             0x00000000  STATUS_SUCCESS
Submit GPU readback                0x00000000  STATUS_SUCCESS
    asking the context to signal the monitored fence to 606
D3DKMTSignalSynchronizationObjectFromGpu 0x00000000  STATUS_SUCCESS
D3DKMTWaitForSynchronizationObjectFromCpu 0x00000000  STATUS_SUCCESS
    the monitored fence reached 606 after 0 ms
D3DKMTLock2 [gpu-readback]         0x00000000  STATUS_SUCCESS
    locked at CPU VA 000001E85E2B0000
D3DKMTUnlock2 [gpu-readback]       0x00000000  STATUS_SUCCESS
D3DKMTLock2 [gpu-readback]         0x00000000  STATUS_SUCCESS
    locked at CPU VA 000001E85E2B0000
D3DKMTUnlock2 [gpu-readback]       0x00000000  STATUS_SUCCESS
D3DKMTLock2 [gpu-ib]               0x00000000  STATUS_SUCCESS
    locked at CPU VA 000001E85E2A0000
D3DKMTUnlock2 [gpu-ib]             0x00000000  STATUS_SUCCESS
Submit GPU readback                0x00000000  STATUS_SUCCESS
    asking the context to signal the monitored fence to 607
D3DKMTSignalSynchronizationObjectFromGpu 0x00000000  STATUS_SUCCESS
D3DKMTWaitForSynchronizationObjectFromCpu 0x00000000  STATUS_SUCCESS
    the monitored fence reached 607 after 0 ms
D3DKMTLock2 [gpu-readback]         0x00000000  STATUS_SUCCESS
    locked at CPU VA 000001E85E2B0000
D3DKMTUnlock2 [gpu-readback]       0x00000000  STATUS_SUCCESS
D3DKMTLock2 [gpu-readback]         0x00000000  STATUS_SUCCESS
    locked at CPU VA 000001E85E2B0000
D3DKMTUnlock2 [gpu-readback]       0x00000000  STATUS_SUCCESS
D3DKMTLock2 [gpu-ib]               0x00000000  STATUS_SUCCESS
    locked at CPU VA 000001E85E2A0000
D3DKMTUnlock2 [gpu-ib]             0x00000000  STATUS_SUCCESS
Submit GPU readback                0x00000000  STATUS_SUCCESS
    asking the context to signal the monitored fence to 608
D3DKMTSignalSynchronizationObjectFromGpu 0x00000000  STATUS_SUCCESS
D3DKMTWaitForSynchronizationObjectFromCpu 0x00000000  STATUS_SUCCESS
    the monitored fence reached 608 after 0 ms
D3DKMTLock2 [gpu-readback]         0x00000000  STATUS_SUCCESS
    locked at CPU VA 000001E85E2B0000
D3DKMTUnlock2 [gpu-readback]       0x00000000  STATUS_SUCCESS
D3DKMTLock2 [gpu-readback]         0x00000000  STATUS_SUCCESS
    locked at CPU VA 000001E85E2B0000
D3DKMTUnlock2 [gpu-readback]       0x00000000  STATUS_SUCCESS
D3DKMTLock2 [gpu-ib]               0x00000000  STATUS_SUCCESS
    locked at CPU VA 000001E85E2A0000
D3DKMTUnlock2 [gpu-ib]             0x00000000  STATUS_SUCCESS
Submit GPU readback                0x00000000  STATUS_SUCCESS
    asking the context to signal the monitored fence to 609
D3DKMTSignalSynchronizationObjectFromGpu 0x00000000  STATUS_SUCCESS
D3DKMTWaitForSynchronizationObjectFromCpu 0x00000000  STATUS_SUCCESS
    the monitored fence reached 609 after 0 ms
D3DKMTLock2 [gpu-readback]         0x00000000  STATUS_SUCCESS
    locked at CPU VA 000001E85E2B0000
D3DKMTUnlock2 [gpu-readback]       0x00000000  STATUS_SUCCESS
D3DKMTLock2 [gpu-readback]         0x00000000  STATUS_SUCCESS
    locked at CPU VA 000001E85E2B0000
D3DKMTUnlock2 [gpu-readback]       0x00000000  STATUS_SUCCESS
D3DKMTLock2 [gpu-ib]               0x00000000  STATUS_SUCCESS
    locked at CPU VA 000001E85E2A0000
D3DKMTUnlock2 [gpu-ib]             0x00000000  STATUS_SUCCESS
Submit GPU readback                0x00000000  STATUS_SUCCESS
    asking the context to signal the monitored fence to 610
D3DKMTSignalSynchronizationObjectFromGpu 0x00000000  STATUS_SUCCESS
D3DKMTWaitForSynchronizationObjectFromCpu 0x00000000  STATUS_SUCCESS
    the monitored fence reached 610 after 0 ms
D3DKMTLock2 [gpu-readback]         0x00000000  STATUS_SUCCESS
    locked at CPU VA 000001E85E2B0000
D3DKMTUnlock2 [gpu-readback]       0x00000000  STATUS_SUCCESS
D3DKMTLock2 [gpu-readback]         0x00000000  STATUS_SUCCESS
    locked at CPU VA 000001E85E2B0000
D3DKMTUnlock2 [gpu-readback]       0x00000000  STATUS_SUCCESS
D3DKMTLock2 [gpu-ib]               0x00000000  STATUS_SUCCESS
    locked at CPU VA 000001E85E2A0000
D3DKMTUnlock2 [gpu-ib]             0x00000000  STATUS_SUCCESS
Submit GPU readback                0x00000000  STATUS_SUCCESS
    asking the context to signal the monitored fence to 611
D3DKMTSignalSynchronizationObjectFromGpu 0x00000000  STATUS_SUCCESS
D3DKMTWaitForSynchronizationObjectFromCpu 0x00000000  STATUS_SUCCESS
    the monitored fence reached 611 after 0 ms
D3DKMTLock2 [gpu-readback]         0x00000000  STATUS_SUCCESS
    locked at CPU VA 000001E85E2B0000
D3DKMTUnlock2 [gpu-readback]       0x00000000  STATUS_SUCCESS
D3DKMTLock2 [gpu-readback]         0x00000000  STATUS_SUCCESS
    locked at CPU VA 000001E85E2B0000
D3DKMTUnlock2 [gpu-readback]       0x00000000  STATUS_SUCCESS
D3DKMTLock2 [gpu-ib]               0x00000000  STATUS_SUCCESS
    locked at CPU VA 000001E85E2A0000
D3DKMTUnlock2 [gpu-ib]             0x00000000  STATUS_SUCCESS
Submit GPU readback                0x00000000  STATUS_SUCCESS
    asking the context to signal the monitored fence to 612
D3DKMTSignalSynchronizationObjectFromGpu 0x00000000  STATUS_SUCCESS
D3DKMTWaitForSynchronizationObjectFromCpu 0x00000000  STATUS_SUCCESS
    the monitored fence reached 612 after 0 ms
D3DKMTLock2 [gpu-readback]         0x00000000  STATUS_SUCCESS
    locked at CPU VA 000001E85E2B0000
D3DKMTUnlock2 [gpu-readback]       0x00000000  STATUS_SUCCESS
D3DKMTLock2 [gpu-readback]         0x00000000  STATUS_SUCCESS
    locked at CPU VA 000001E85E2B0000
D3DKMTUnlock2 [gpu-readback]       0x00000000  STATUS_SUCCESS
D3DKMTLock2 [gpu-ib]               0x00000000  STATUS_SUCCESS
    locked at CPU VA 000001E85E2A0000
D3DKMTUnlock2 [gpu-ib]             0x00000000  STATUS_SUCCESS
Submit GPU readback                0x00000000  STATUS_SUCCESS
    asking the context to signal the monitored fence to 613
D3DKMTSignalSynchronizationObjectFromGpu 0x00000000  STATUS_SUCCESS
D3DKMTWaitForSynchronizationObjectFromCpu 0x00000000  STATUS_SUCCESS
    the monitored fence reached 613 after 0 ms
D3DKMTLock2 [gpu-readback]         0x00000000  STATUS_SUCCESS
    locked at CPU VA 000001E85E2B0000
D3DKMTUnlock2 [gpu-readback]       0x00000000  STATUS_SUCCESS
D3DKMTLock2 [gpu-readback]         0x00000000  STATUS_SUCCESS
    locked at CPU VA 000001E85E2B0000
D3DKMTUnlock2 [gpu-readback]       0x00000000  STATUS_SUCCESS
D3DKMTLock2 [gpu-ib]               0x00000000  STATUS_SUCCESS
    locked at CPU VA 000001E85E2A0000
D3DKMTUnlock2 [gpu-ib]             0x00000000  STATUS_SUCCESS
Submit GPU readback                0x00000000  STATUS_SUCCESS
    asking the context to signal the monitored fence to 614
D3DKMTSignalSynchronizationObjectFromGpu 0x00000000  STATUS_SUCCESS
D3DKMTWaitForSynchronizationObjectFromCpu 0x00000000  STATUS_SUCCESS
    the monitored fence reached 614 after 0 ms
D3DKMTLock2 [gpu-readback]         0x00000000  STATUS_SUCCESS
    locked at CPU VA 000001E85E2B0000
D3DKMTUnlock2 [gpu-readback]       0x00000000  STATUS_SUCCESS
D3DKMTLock2 [gpu-readback]         0x00000000  STATUS_SUCCESS
    locked at CPU VA 000001E85E2B0000
D3DKMTUnlock2 [gpu-readback]       0x00000000  STATUS_SUCCESS
D3DKMTLock2 [gpu-ib]               0x00000000  STATUS_SUCCESS
    locked at CPU VA 000001E85E2A0000
D3DKMTUnlock2 [gpu-ib]             0x00000000  STATUS_SUCCESS
Submit GPU readback                0x00000000  STATUS_SUCCESS
    asking the context to signal the monitored fence to 615
D3DKMTSignalSynchronizationObjectFromGpu 0x00000000  STATUS_SUCCESS
D3DKMTWaitForSynchronizationObjectFromCpu 0x00000000  STATUS_SUCCESS
    the monitored fence reached 615 after 0 ms
D3DKMTLock2 [gpu-readback]         0x00000000  STATUS_SUCCESS
    locked at CPU VA 000001E85E2B0000
D3DKMTUnlock2 [gpu-readback]       0x00000000  STATUS_SUCCESS
D3DKMTLock2 [gpu-readback]         0x00000000  STATUS_SUCCESS
    locked at CPU VA 000001E85E2B0000
D3DKMTUnlock2 [gpu-readback]       0x00000000  STATUS_SUCCESS
D3DKMTLock2 [gpu-ib]               0x00000000  STATUS_SUCCESS
    locked at CPU VA 000001E85E2A0000
D3DKMTUnlock2 [gpu-ib]             0x00000000  STATUS_SUCCESS
Submit GPU readback                0x00000000  STATUS_SUCCESS
    asking the context to signal the monitored fence to 616
D3DKMTSignalSynchronizationObjectFromGpu 0x00000000  STATUS_SUCCESS
D3DKMTWaitForSynchronizationObjectFromCpu 0x00000000  STATUS_SUCCESS
    the monitored fence reached 616 after 0 ms
D3DKMTLock2 [gpu-readback]         0x00000000  STATUS_SUCCESS
    locked at CPU VA 000001E85E2B0000
D3DKMTUnlock2 [gpu-readback]       0x00000000  STATUS_SUCCESS
D3DKMTLock2 [gpu-readback]         0x00000000  STATUS_SUCCESS
    locked at CPU VA 000001E85E2B0000
D3DKMTUnlock2 [gpu-readback]       0x00000000  STATUS_SUCCESS
D3DKMTLock2 [gpu-ib]               0x00000000  STATUS_SUCCESS
    locked at CPU VA 000001E85E2A0000
D3DKMTUnlock2 [gpu-ib]             0x00000000  STATUS_SUCCESS
Submit GPU readback                0x00000000  STATUS_SUCCESS
    asking the context to signal the monitored fence to 617
D3DKMTSignalSynchronizationObjectFromGpu 0x00000000  STATUS_SUCCESS
D3DKMTWaitForSynchronizationObjectFromCpu 0x00000000  STATUS_SUCCESS
    the monitored fence reached 617 after 0 ms
D3DKMTLock2 [gpu-readback]         0x00000000  STATUS_SUCCESS
    locked at CPU VA 000001E85E2B0000
D3DKMTUnlock2 [gpu-readback]       0x00000000  STATUS_SUCCESS
D3DKMTLock2 [gpu-readback]         0x00000000  STATUS_SUCCESS
    locked at CPU VA 000001E85E2B0000
D3DKMTUnlock2 [gpu-readback]       0x00000000  STATUS_SUCCESS
D3DKMTLock2 [gpu-ib]               0x00000000  STATUS_SUCCESS
    locked at CPU VA 000001E85E2A0000
D3DKMTUnlock2 [gpu-ib]             0x00000000  STATUS_SUCCESS
Submit GPU readback                0x00000000  STATUS_SUCCESS
    asking the context to signal the monitored fence to 618
D3DKMTSignalSynchronizationObjectFromGpu 0x00000000  STATUS_SUCCESS
D3DKMTWaitForSynchronizationObjectFromCpu 0x00000000  STATUS_SUCCESS
    the monitored fence reached 618 after 0 ms
D3DKMTLock2 [gpu-readback]         0x00000000  STATUS_SUCCESS
    locked at CPU VA 000001E85E2B0000
D3DKMTUnlock2 [gpu-readback]       0x00000000  STATUS_SUCCESS
D3DKMTLock2 [gpu-readback]         0x00000000  STATUS_SUCCESS
    locked at CPU VA 000001E85E2B0000
D3DKMTUnlock2 [gpu-readback]       0x00000000  STATUS_SUCCESS
D3DKMTLock2 [gpu-ib]               0x00000000  STATUS_SUCCESS
    locked at CPU VA 000001E85E2A0000
D3DKMTUnlock2 [gpu-ib]             0x00000000  STATUS_SUCCESS
Submit GPU readback                0x00000000  STATUS_SUCCESS
    asking the context to signal the monitored fence to 619
D3DKMTSignalSynchronizationObjectFromGpu 0x00000000  STATUS_SUCCESS
D3DKMTWaitForSynchronizationObjectFromCpu 0x00000000  STATUS_SUCCESS
    the monitored fence reached 619 after 0 ms
D3DKMTLock2 [gpu-readback]         0x00000000  STATUS_SUCCESS
    locked at CPU VA 000001E85E2B0000
D3DKMTUnlock2 [gpu-readback]       0x00000000  STATUS_SUCCESS
D3DKMTLock2 [gpu-readback]         0x00000000  STATUS_SUCCESS
    locked at CPU VA 000001E85E2B0000
D3DKMTUnlock2 [gpu-readback]       0x00000000  STATUS_SUCCESS
D3DKMTLock2 [gpu-ib]               0x00000000  STATUS_SUCCESS
    locked at CPU VA 000001E85E2A0000
D3DKMTUnlock2 [gpu-ib]             0x00000000  STATUS_SUCCESS
Submit GPU readback                0x00000000  STATUS_SUCCESS
    asking the context to signal the monitored fence to 620
D3DKMTSignalSynchronizationObjectFromGpu 0x00000000  STATUS_SUCCESS
D3DKMTWaitForSynchronizationObjectFromCpu 0x00000000  STATUS_SUCCESS
    the monitored fence reached 620 after 0 ms
D3DKMTLock2 [gpu-readback]         0x00000000  STATUS_SUCCESS
    locked at CPU VA 000001E85E2B0000
D3DKMTUnlock2 [gpu-readback]       0x00000000  STATUS_SUCCESS
D3DKMTLock2 [gpu-readback]         0x00000000  STATUS_SUCCESS
    locked at CPU VA 000001E85E2B0000
D3DKMTUnlock2 [gpu-readback]       0x00000000  STATUS_SUCCESS
D3DKMTLock2 [gpu-ib]               0x00000000  STATUS_SUCCESS
    locked at CPU VA 000001E85E2A0000
D3DKMTUnlock2 [gpu-ib]             0x00000000  STATUS_SUCCESS
Submit GPU readback                0x00000000  STATUS_SUCCESS
    asking the context to signal the monitored fence to 621
D3DKMTSignalSynchronizationObjectFromGpu 0x00000000  STATUS_SUCCESS
D3DKMTWaitForSynchronizationObjectFromCpu 0x00000000  STATUS_SUCCESS
    the monitored fence reached 621 after 0 ms
D3DKMTLock2 [gpu-readback]         0x00000000  STATUS_SUCCESS
    locked at CPU VA 000001E85E2B0000
D3DKMTUnlock2 [gpu-readback]       0x00000000  STATUS_SUCCESS
D3DKMTLock2 [gpu-readback]         0x00000000  STATUS_SUCCESS
    locked at CPU VA 000001E85E2B0000
D3DKMTUnlock2 [gpu-readback]       0x00000000  STATUS_SUCCESS
D3DKMTLock2 [gpu-ib]               0x00000000  STATUS_SUCCESS
    locked at CPU VA 000001E85E2A0000
D3DKMTUnlock2 [gpu-ib]             0x00000000  STATUS_SUCCESS
Submit GPU readback                0x00000000  STATUS_SUCCESS
    asking the context to signal the monitored fence to 622
D3DKMTSignalSynchronizationObjectFromGpu 0x00000000  STATUS_SUCCESS
D3DKMTWaitForSynchronizationObjectFromCpu 0x00000000  STATUS_SUCCESS
    the monitored fence reached 622 after 0 ms
D3DKMTLock2 [gpu-readback]         0x00000000  STATUS_SUCCESS
    locked at CPU VA 000001E85E2B0000
D3DKMTUnlock2 [gpu-readback]       0x00000000  STATUS_SUCCESS
D3DKMTLock2 [gpu-readback]         0x00000000  STATUS_SUCCESS
    locked at CPU VA 000001E85E2B0000
D3DKMTUnlock2 [gpu-readback]       0x00000000  STATUS_SUCCESS
D3DKMTLock2 [gpu-ib]               0x00000000  STATUS_SUCCESS
    locked at CPU VA 000001E85E2A0000
D3DKMTUnlock2 [gpu-ib]             0x00000000  STATUS_SUCCESS
Submit GPU readback                0x00000000  STATUS_SUCCESS
    asking the context to signal the monitored fence to 623
D3DKMTSignalSynchronizationObjectFromGpu 0x00000000  STATUS_SUCCESS
D3DKMTWaitForSynchronizationObjectFromCpu 0x00000000  STATUS_SUCCESS
    the monitored fence reached 623 after 0 ms
D3DKMTLock2 [gpu-readback]         0x00000000  STATUS_SUCCESS
    locked at CPU VA 000001E85E2B0000
D3DKMTUnlock2 [gpu-readback]       0x00000000  STATUS_SUCCESS
D3DKMTLock2 [gpu-readback]         0x00000000  STATUS_SUCCESS
    locked at CPU VA 000001E85E2B0000
D3DKMTUnlock2 [gpu-readback]       0x00000000  STATUS_SUCCESS
D3DKMTLock2 [gpu-ib]               0x00000000  STATUS_SUCCESS
    locked at CPU VA 000001E85E2A0000
D3DKMTUnlock2 [gpu-ib]             0x00000000  STATUS_SUCCESS
Submit GPU readback                0x00000000  STATUS_SUCCESS
    asking the context to signal the monitored fence to 624
D3DKMTSignalSynchronizationObjectFromGpu 0x00000000  STATUS_SUCCESS
D3DKMTWaitForSynchronizationObjectFromCpu 0x00000000  STATUS_SUCCESS
    the monitored fence reached 624 after 0 ms
D3DKMTLock2 [gpu-readback]         0x00000000  STATUS_SUCCESS
    locked at CPU VA 000001E85E2B0000
D3DKMTUnlock2 [gpu-readback]       0x00000000  STATUS_SUCCESS
D3DKMTLock2 [gpu-readback]         0x00000000  STATUS_SUCCESS
    locked at CPU VA 000001E85E2B0000
D3DKMTUnlock2 [gpu-readback]       0x00000000  STATUS_SUCCESS
D3DKMTLock2 [gpu-ib]               0x00000000  STATUS_SUCCESS
    locked at CPU VA 000001E85E2A0000
D3DKMTUnlock2 [gpu-ib]             0x00000000  STATUS_SUCCESS
Submit GPU readback                0x00000000  STATUS_SUCCESS
    asking the context to signal the monitored fence to 625
D3DKMTSignalSynchronizationObjectFromGpu 0x00000000  STATUS_SUCCESS
D3DKMTWaitForSynchronizationObjectFromCpu 0x00000000  STATUS_SUCCESS
    the monitored fence reached 625 after 0 ms
D3DKMTLock2 [gpu-readback]         0x00000000  STATUS_SUCCESS
    locked at CPU VA 000001E85E2B0000
D3DKMTUnlock2 [gpu-readback]       0x00000000  STATUS_SUCCESS
D3DKMTLock2 [gpu-readback]         0x00000000  STATUS_SUCCESS
    locked at CPU VA 000001E85E2B0000
D3DKMTUnlock2 [gpu-readback]       0x00000000  STATUS_SUCCESS
D3DKMTLock2 [gpu-ib]               0x00000000  STATUS_SUCCESS
    locked at CPU VA 000001E85E2A0000
D3DKMTUnlock2 [gpu-ib]             0x00000000  STATUS_SUCCESS
Submit GPU readback                0x00000000  STATUS_SUCCESS
    asking the context to signal the monitored fence to 626
D3DKMTSignalSynchronizationObjectFromGpu 0x00000000  STATUS_SUCCESS
D3DKMTWaitForSynchronizationObjectFromCpu 0x00000000  STATUS_SUCCESS
    the monitored fence reached 626 after 0 ms
D3DKMTLock2 [gpu-readback]         0x00000000  STATUS_SUCCESS
    locked at CPU VA 000001E85E2B0000
D3DKMTUnlock2 [gpu-readback]       0x00000000  STATUS_SUCCESS
D3DKMTLock2 [gpu-readback]         0x00000000  STATUS_SUCCESS
    locked at CPU VA 000001E85E2B0000
D3DKMTUnlock2 [gpu-readback]       0x00000000  STATUS_SUCCESS
D3DKMTLock2 [gpu-ib]               0x00000000  STATUS_SUCCESS
    locked at CPU VA 000001E85E2A0000
D3DKMTUnlock2 [gpu-ib]             0x00000000  STATUS_SUCCESS
Submit GPU readback                0x00000000  STATUS_SUCCESS
    asking the context to signal the monitored fence to 627
D3DKMTSignalSynchronizationObjectFromGpu 0x00000000  STATUS_SUCCESS
D3DKMTWaitForSynchronizationObjectFromCpu 0x00000000  STATUS_SUCCESS
    the monitored fence reached 627 after 0 ms
D3DKMTLock2 [gpu-readback]         0x00000000  STATUS_SUCCESS
    locked at CPU VA 000001E85E2B0000
D3DKMTUnlock2 [gpu-readback]       0x00000000  STATUS_SUCCESS
D3DKMTLock2 [gpu-readback]         0x00000000  STATUS_SUCCESS
    locked at CPU VA 000001E85E2B0000
D3DKMTUnlock2 [gpu-readback]       0x00000000  STATUS_SUCCESS
D3DKMTLock2 [gpu-ib]               0x00000000  STATUS_SUCCESS
    locked at CPU VA 000001E85E2A0000
D3DKMTUnlock2 [gpu-ib]             0x00000000  STATUS_SUCCESS
Submit GPU readback                0x00000000  STATUS_SUCCESS
    asking the context to signal the monitored fence to 628
D3DKMTSignalSynchronizationObjectFromGpu 0x00000000  STATUS_SUCCESS
D3DKMTWaitForSynchronizationObjectFromCpu 0x00000000  STATUS_SUCCESS
    the monitored fence reached 628 after 0 ms
D3DKMTLock2 [gpu-readback]         0x00000000  STATUS_SUCCESS
    locked at CPU VA 000001E85E2B0000
D3DKMTUnlock2 [gpu-readback]       0x00000000  STATUS_SUCCESS
D3DKMTLock2 [gpu-readback]         0x00000000  STATUS_SUCCESS
    locked at CPU VA 000001E85E2B0000
D3DKMTUnlock2 [gpu-readback]       0x00000000  STATUS_SUCCESS
D3DKMTLock2 [gpu-ib]               0x00000000  STATUS_SUCCESS
    locked at CPU VA 000001E85E2A0000
D3DKMTUnlock2 [gpu-ib]             0x00000000  STATUS_SUCCESS
Submit GPU readback                0x00000000  STATUS_SUCCESS
    asking the context to signal the monitored fence to 629
D3DKMTSignalSynchronizationObjectFromGpu 0x00000000  STATUS_SUCCESS
D3DKMTWaitForSynchronizationObjectFromCpu 0x00000000  STATUS_SUCCESS
    the monitored fence reached 629 after 0 ms
D3DKMTLock2 [gpu-readback]         0x00000000  STATUS_SUCCESS
    locked at CPU VA 000001E85E2B0000
D3DKMTUnlock2 [gpu-readback]       0x00000000  STATUS_SUCCESS
D3DKMTLock2 [gpu-readback]         0x00000000  STATUS_SUCCESS
    locked at CPU VA 000001E85E2B0000
D3DKMTUnlock2 [gpu-readback]       0x00000000  STATUS_SUCCESS
D3DKMTLock2 [gpu-ib]               0x00000000  STATUS_SUCCESS
    locked at CPU VA 000001E85E2A0000
D3DKMTUnlock2 [gpu-ib]             0x00000000  STATUS_SUCCESS
Submit GPU readback                0x00000000  STATUS_SUCCESS
    asking the context to signal the monitored fence to 630
D3DKMTSignalSynchronizationObjectFromGpu 0x00000000  STATUS_SUCCESS
D3DKMTWaitForSynchronizationObjectFromCpu 0x00000000  STATUS_SUCCESS
    the monitored fence reached 630 after 0 ms
D3DKMTLock2 [gpu-readback]         0x00000000  STATUS_SUCCESS
    locked at CPU VA 000001E85E2B0000
D3DKMTUnlock2 [gpu-readback]       0x00000000  STATUS_SUCCESS
D3DKMTLock2 [gpu-readback]         0x00000000  STATUS_SUCCESS
    locked at CPU VA 000001E85E2B0000
D3DKMTUnlock2 [gpu-readback]       0x00000000  STATUS_SUCCESS
D3DKMTLock2 [gpu-ib]               0x00000000  STATUS_SUCCESS
    locked at CPU VA 000001E85E2A0000
D3DKMTUnlock2 [gpu-ib]             0x00000000  STATUS_SUCCESS
Submit GPU readback                0x00000000  STATUS_SUCCESS
    asking the context to signal the monitored fence to 631
D3DKMTSignalSynchronizationObjectFromGpu 0x00000000  STATUS_SUCCESS
D3DKMTWaitForSynchronizationObjectFromCpu 0x00000000  STATUS_SUCCESS
    the monitored fence reached 631 after 0 ms
D3DKMTLock2 [gpu-readback]         0x00000000  STATUS_SUCCESS
    locked at CPU VA 000001E85E2B0000
D3DKMTUnlock2 [gpu-readback]       0x00000000  STATUS_SUCCESS
D3DKMTLock2 [gpu-readback]         0x00000000  STATUS_SUCCESS
    locked at CPU VA 000001E85E2B0000
D3DKMTUnlock2 [gpu-readback]       0x00000000  STATUS_SUCCESS
D3DKMTLock2 [gpu-ib]               0x00000000  STATUS_SUCCESS
    locked at CPU VA 000001E85E2A0000
D3DKMTUnlock2 [gpu-ib]             0x00000000  STATUS_SUCCESS
Submit GPU readback                0x00000000  STATUS_SUCCESS
    asking the context to signal the monitored fence to 632
D3DKMTSignalSynchronizationObjectFromGpu 0x00000000  STATUS_SUCCESS
D3DKMTWaitForSynchronizationObjectFromCpu 0x00000000  STATUS_SUCCESS
    the monitored fence reached 632 after 0 ms
D3DKMTLock2 [gpu-readback]         0x00000000  STATUS_SUCCESS
    locked at CPU VA 000001E85E2B0000
D3DKMTUnlock2 [gpu-readback]       0x00000000  STATUS_SUCCESS
D3DKMTLock2 [gpu-readback]         0x00000000  STATUS_SUCCESS
    locked at CPU VA 000001E85E2B0000
D3DKMTUnlock2 [gpu-readback]       0x00000000  STATUS_SUCCESS
D3DKMTLock2 [gpu-ib]               0x00000000  STATUS_SUCCESS
    locked at CPU VA 000001E85E2A0000
D3DKMTUnlock2 [gpu-ib]             0x00000000  STATUS_SUCCESS
Submit GPU readback                0x00000000  STATUS_SUCCESS
    asking the context to signal the monitored fence to 633
D3DKMTSignalSynchronizationObjectFromGpu 0x00000000  STATUS_SUCCESS
D3DKMTWaitForSynchronizationObjectFromCpu 0x00000000  STATUS_SUCCESS
    the monitored fence reached 633 after 0 ms
D3DKMTLock2 [gpu-readback]         0x00000000  STATUS_SUCCESS
    locked at CPU VA 000001E85E2B0000
D3DKMTUnlock2 [gpu-readback]       0x00000000  STATUS_SUCCESS
D3DKMTLock2 [gpu-readback]         0x00000000  STATUS_SUCCESS
    locked at CPU VA 000001E85E2B0000
D3DKMTUnlock2 [gpu-readback]       0x00000000  STATUS_SUCCESS
D3DKMTLock2 [gpu-ib]               0x00000000  STATUS_SUCCESS
    locked at CPU VA 000001E85E2A0000
D3DKMTUnlock2 [gpu-ib]             0x00000000  STATUS_SUCCESS
Submit GPU readback                0x00000000  STATUS_SUCCESS
    asking the context to signal the monitored fence to 634
D3DKMTSignalSynchronizationObjectFromGpu 0x00000000  STATUS_SUCCESS
D3DKMTWaitForSynchronizationObjectFromCpu 0x00000000  STATUS_SUCCESS
    the monitored fence reached 634 after 0 ms
D3DKMTLock2 [gpu-readback]         0x00000000  STATUS_SUCCESS
    locked at CPU VA 000001E85E2B0000
D3DKMTUnlock2 [gpu-readback]       0x00000000  STATUS_SUCCESS
D3DKMTLock2 [gpu-readback]         0x00000000  STATUS_SUCCESS
    locked at CPU VA 000001E85E2B0000
D3DKMTUnlock2 [gpu-readback]       0x00000000  STATUS_SUCCESS
D3DKMTLock2 [gpu-ib]               0x00000000  STATUS_SUCCESS
    locked at CPU VA 000001E85E2A0000
D3DKMTUnlock2 [gpu-ib]             0x00000000  STATUS_SUCCESS
Submit GPU readback                0x00000000  STATUS_SUCCESS
    asking the context to signal the monitored fence to 635
D3DKMTSignalSynchronizationObjectFromGpu 0x00000000  STATUS_SUCCESS
D3DKMTWaitForSynchronizationObjectFromCpu 0x00000000  STATUS_SUCCESS
    the monitored fence reached 635 after 0 ms
D3DKMTLock2 [gpu-readback]         0x00000000  STATUS_SUCCESS
    locked at CPU VA 000001E85E2B0000
D3DKMTUnlock2 [gpu-readback]       0x00000000  STATUS_SUCCESS
D3DKMTLock2 [gpu-readback]         0x00000000  STATUS_SUCCESS
    locked at CPU VA 000001E85E2B0000
D3DKMTUnlock2 [gpu-readback]       0x00000000  STATUS_SUCCESS
D3DKMTLock2 [gpu-ib]               0x00000000  STATUS_SUCCESS
    locked at CPU VA 000001E85E2A0000
D3DKMTUnlock2 [gpu-ib]             0x00000000  STATUS_SUCCESS
Submit GPU readback                0x00000000  STATUS_SUCCESS
    asking the context to signal the monitored fence to 636
D3DKMTSignalSynchronizationObjectFromGpu 0x00000000  STATUS_SUCCESS
D3DKMTWaitForSynchronizationObjectFromCpu 0x00000000  STATUS_SUCCESS
    the monitored fence reached 636 after 0 ms
D3DKMTLock2 [gpu-readback]         0x00000000  STATUS_SUCCESS
    locked at CPU VA 000001E85E2B0000
D3DKMTUnlock2 [gpu-readback]       0x00000000  STATUS_SUCCESS
D3DKMTLock2 [gpu-readback]         0x00000000  STATUS_SUCCESS
    locked at CPU VA 000001E85E2B0000
D3DKMTUnlock2 [gpu-readback]       0x00000000  STATUS_SUCCESS
D3DKMTLock2 [gpu-ib]               0x00000000  STATUS_SUCCESS
    locked at CPU VA 000001E85E2A0000
D3DKMTUnlock2 [gpu-ib]             0x00000000  STATUS_SUCCESS
Submit GPU readback                0x00000000  STATUS_SUCCESS
    asking the context to signal the monitored fence to 637
D3DKMTSignalSynchronizationObjectFromGpu 0x00000000  STATUS_SUCCESS
D3DKMTWaitForSynchronizationObjectFromCpu 0x00000000  STATUS_SUCCESS
    the monitored fence reached 637 after 0 ms
D3DKMTLock2 [gpu-readback]         0x00000000  STATUS_SUCCESS
    locked at CPU VA 000001E85E2B0000
D3DKMTUnlock2 [gpu-readback]       0x00000000  STATUS_SUCCESS
D3DKMTLock2 [gpu-readback]         0x00000000  STATUS_SUCCESS
    locked at CPU VA 000001E85E2B0000
D3DKMTUnlock2 [gpu-readback]       0x00000000  STATUS_SUCCESS
D3DKMTLock2 [gpu-ib]               0x00000000  STATUS_SUCCESS
    locked at CPU VA 000001E85E2A0000
D3DKMTUnlock2 [gpu-ib]             0x00000000  STATUS_SUCCESS
Submit GPU readback                0x00000000  STATUS_SUCCESS
    asking the context to signal the monitored fence to 638
D3DKMTSignalSynchronizationObjectFromGpu 0x00000000  STATUS_SUCCESS
D3DKMTWaitForSynchronizationObjectFromCpu 0x00000000  STATUS_SUCCESS
    the monitored fence reached 638 after 0 ms
D3DKMTLock2 [gpu-readback]         0x00000000  STATUS_SUCCESS
    locked at CPU VA 000001E85E2B0000
D3DKMTUnlock2 [gpu-readback]       0x00000000  STATUS_SUCCESS
D3DKMTLock2 [gpu-readback]         0x00000000  STATUS_SUCCESS
    locked at CPU VA 000001E85E2B0000
D3DKMTUnlock2 [gpu-readback]       0x00000000  STATUS_SUCCESS
D3DKMTLock2 [gpu-ib]               0x00000000  STATUS_SUCCESS
    locked at CPU VA 000001E85E2A0000
D3DKMTUnlock2 [gpu-ib]             0x00000000  STATUS_SUCCESS
Submit GPU readback                0x00000000  STATUS_SUCCESS
    asking the context to signal the monitored fence to 639
D3DKMTSignalSynchronizationObjectFromGpu 0x00000000  STATUS_SUCCESS
D3DKMTWaitForSynchronizationObjectFromCpu 0x00000000  STATUS_SUCCESS
    the monitored fence reached 639 after 0 ms
D3DKMTLock2 [gpu-readback]         0x00000000  STATUS_SUCCESS
    locked at CPU VA 000001E85E2B0000
D3DKMTUnlock2 [gpu-readback]       0x00000000  STATUS_SUCCESS
D3DKMTLock2 [gpu-readback]         0x00000000  STATUS_SUCCESS
    locked at CPU VA 000001E85E2B0000
D3DKMTUnlock2 [gpu-readback]       0x00000000  STATUS_SUCCESS
D3DKMTLock2 [gpu-ib]               0x00000000  STATUS_SUCCESS
    locked at CPU VA 000001E85E2A0000
D3DKMTUnlock2 [gpu-ib]             0x00000000  STATUS_SUCCESS
Submit GPU readback                0x00000000  STATUS_SUCCESS
    asking the context to signal the monitored fence to 640
D3DKMTSignalSynchronizationObjectFromGpu 0x00000000  STATUS_SUCCESS
D3DKMTWaitForSynchronizationObjectFromCpu 0x00000000  STATUS_SUCCESS
    the monitored fence reached 640 after 0 ms
D3DKMTLock2 [gpu-readback]         0x00000000  STATUS_SUCCESS
    locked at CPU VA 000001E85E2B0000
D3DKMTUnlock2 [gpu-readback]       0x00000000  STATUS_SUCCESS
D3DKMTLock2 [gpu-readback]         0x00000000  STATUS_SUCCESS
    locked at CPU VA 000001E85E2B0000
D3DKMTUnlock2 [gpu-readback]       0x00000000  STATUS_SUCCESS
D3DKMTLock2 [gpu-ib]               0x00000000  STATUS_SUCCESS
    locked at CPU VA 000001E85E2A0000
D3DKMTUnlock2 [gpu-ib]             0x00000000  STATUS_SUCCESS
Submit GPU readback                0x00000000  STATUS_SUCCESS
    asking the context to signal the monitored fence to 641
D3DKMTSignalSynchronizationObjectFromGpu 0x00000000  STATUS_SUCCESS
D3DKMTWaitForSynchronizationObjectFromCpu 0x00000000  STATUS_SUCCESS
    the monitored fence reached 641 after 0 ms
D3DKMTLock2 [gpu-readback]         0x00000000  STATUS_SUCCESS
    locked at CPU VA 000001E85E2B0000
D3DKMTUnlock2 [gpu-readback]       0x00000000  STATUS_SUCCESS
D3DKMTLock2 [gpu-readback]         0x00000000  STATUS_SUCCESS
    locked at CPU VA 000001E85E2B0000
D3DKMTUnlock2 [gpu-readback]       0x00000000  STATUS_SUCCESS
D3DKMTLock2 [gpu-ib]               0x00000000  STATUS_SUCCESS
    locked at CPU VA 000001E85E2A0000
D3DKMTUnlock2 [gpu-ib]             0x00000000  STATUS_SUCCESS
Submit GPU readback                0x00000000  STATUS_SUCCESS
    asking the context to signal the monitored fence to 642
D3DKMTSignalSynchronizationObjectFromGpu 0x00000000  STATUS_SUCCESS
D3DKMTWaitForSynchronizationObjectFromCpu 0x00000000  STATUS_SUCCESS
    the monitored fence reached 642 after 0 ms
D3DKMTLock2 [gpu-readback]         0x00000000  STATUS_SUCCESS
    locked at CPU VA 000001E85E2B0000
D3DKMTUnlock2 [gpu-readback]       0x00000000  STATUS_SUCCESS
D3DKMTLock2 [gpu-readback]         0x00000000  STATUS_SUCCESS
    locked at CPU VA 000001E85E2B0000
D3DKMTUnlock2 [gpu-readback]       0x00000000  STATUS_SUCCESS
D3DKMTLock2 [gpu-ib]               0x00000000  STATUS_SUCCESS
    locked at CPU VA 000001E85E2A0000
D3DKMTUnlock2 [gpu-ib]             0x00000000  STATUS_SUCCESS
Submit GPU readback                0x00000000  STATUS_SUCCESS
    asking the context to signal the monitored fence to 643
D3DKMTSignalSynchronizationObjectFromGpu 0x00000000  STATUS_SUCCESS
D3DKMTWaitForSynchronizationObjectFromCpu 0x00000000  STATUS_SUCCESS
    the monitored fence reached 643 after 0 ms
D3DKMTLock2 [gpu-readback]         0x00000000  STATUS_SUCCESS
    locked at CPU VA 000001E85E2B0000
D3DKMTUnlock2 [gpu-readback]       0x00000000  STATUS_SUCCESS
D3DKMTLock2 [gpu-readback]         0x00000000  STATUS_SUCCESS
    locked at CPU VA 000001E85E2B0000
D3DKMTUnlock2 [gpu-readback]       0x00000000  STATUS_SUCCESS
D3DKMTLock2 [gpu-ib]               0x00000000  STATUS_SUCCESS
    locked at CPU VA 000001E85E2A0000
D3DKMTUnlock2 [gpu-ib]             0x00000000  STATUS_SUCCESS
Submit GPU readback                0x00000000  STATUS_SUCCESS
    asking the context to signal the monitored fence to 644
D3DKMTSignalSynchronizationObjectFromGpu 0x00000000  STATUS_SUCCESS
D3DKMTWaitForSynchronizationObjectFromCpu 0x00000000  STATUS_SUCCESS
    the monitored fence reached 644 after 0 ms
D3DKMTLock2 [gpu-readback]         0x00000000  STATUS_SUCCESS
    locked at CPU VA 000001E85E2B0000
D3DKMTUnlock2 [gpu-readback]       0x00000000  STATUS_SUCCESS
D3DKMTLock2 [gpu-readback]         0x00000000  STATUS_SUCCESS
    locked at CPU VA 000001E85E2B0000
D3DKMTUnlock2 [gpu-readback]       0x00000000  STATUS_SUCCESS
D3DKMTLock2 [gpu-ib]               0x00000000  STATUS_SUCCESS
    locked at CPU VA 000001E85E2A0000
D3DKMTUnlock2 [gpu-ib]             0x00000000  STATUS_SUCCESS
Submit GPU readback                0x00000000  STATUS_SUCCESS
    asking the context to signal the monitored fence to 645
D3DKMTSignalSynchronizationObjectFromGpu 0x00000000  STATUS_SUCCESS
D3DKMTWaitForSynchronizationObjectFromCpu 0x00000000  STATUS_SUCCESS
    the monitored fence reached 645 after 0 ms
D3DKMTLock2 [gpu-readback]         0x00000000  STATUS_SUCCESS
    locked at CPU VA 000001E85E2B0000
D3DKMTUnlock2 [gpu-readback]       0x00000000  STATUS_SUCCESS
D3DKMTLock2 [gpu-readback]         0x00000000  STATUS_SUCCESS
    locked at CPU VA 000001E85E2B0000
D3DKMTUnlock2 [gpu-readback]       0x00000000  STATUS_SUCCESS
D3DKMTLock2 [gpu-ib]               0x00000000  STATUS_SUCCESS
    locked at CPU VA 000001E85E2A0000
D3DKMTUnlock2 [gpu-ib]             0x00000000  STATUS_SUCCESS
Submit GPU readback                0x00000000  STATUS_SUCCESS
    asking the context to signal the monitored fence to 646
D3DKMTSignalSynchronizationObjectFromGpu 0x00000000  STATUS_SUCCESS
D3DKMTWaitForSynchronizationObjectFromCpu 0x00000000  STATUS_SUCCESS
    the monitored fence reached 646 after 0 ms
D3DKMTLock2 [gpu-readback]         0x00000000  STATUS_SUCCESS
    locked at CPU VA 000001E85E2B0000
D3DKMTUnlock2 [gpu-readback]       0x00000000  STATUS_SUCCESS
D3DKMTLock2 [gpu-readback]         0x00000000  STATUS_SUCCESS
    locked at CPU VA 000001E85E2B0000
D3DKMTUnlock2 [gpu-readback]       0x00000000  STATUS_SUCCESS
D3DKMTLock2 [gpu-ib]               0x00000000  STATUS_SUCCESS
    locked at CPU VA 000001E85E2A0000
D3DKMTUnlock2 [gpu-ib]             0x00000000  STATUS_SUCCESS
Submit GPU readback                0x00000000  STATUS_SUCCESS
    asking the context to signal the monitored fence to 647
D3DKMTSignalSynchronizationObjectFromGpu 0x00000000  STATUS_SUCCESS
D3DKMTWaitForSynchronizationObjectFromCpu 0x00000000  STATUS_SUCCESS
    the monitored fence reached 647 after 0 ms
D3DKMTLock2 [gpu-readback]         0x00000000  STATUS_SUCCESS
    locked at CPU VA 000001E85E2B0000
D3DKMTUnlock2 [gpu-readback]       0x00000000  STATUS_SUCCESS
D3DKMTLock2 [gpu-readback]         0x00000000  STATUS_SUCCESS
    locked at CPU VA 000001E85E2B0000
D3DKMTUnlock2 [gpu-readback]       0x00000000  STATUS_SUCCESS
D3DKMTLock2 [gpu-ib]               0x00000000  STATUS_SUCCESS
    locked at CPU VA 000001E85E2A0000
D3DKMTUnlock2 [gpu-ib]             0x00000000  STATUS_SUCCESS
Submit GPU readback                0x00000000  STATUS_SUCCESS
    asking the context to signal the monitored fence to 648
D3DKMTSignalSynchronizationObjectFromGpu 0x00000000  STATUS_SUCCESS
D3DKMTWaitForSynchronizationObjectFromCpu 0x00000000  STATUS_SUCCESS
    the monitored fence reached 648 after 0 ms
D3DKMTLock2 [gpu-readback]         0x00000000  STATUS_SUCCESS
    locked at CPU VA 000001E85E2B0000
D3DKMTUnlock2 [gpu-readback]       0x00000000  STATUS_SUCCESS
D3DKMTLock2 [gpu-readback]         0x00000000  STATUS_SUCCESS
    locked at CPU VA 000001E85E2B0000
D3DKMTUnlock2 [gpu-readback]       0x00000000  STATUS_SUCCESS
D3DKMTLock2 [gpu-ib]               0x00000000  STATUS_SUCCESS
    locked at CPU VA 000001E85E2A0000
D3DKMTUnlock2 [gpu-ib]             0x00000000  STATUS_SUCCESS
Submit GPU readback                0x00000000  STATUS_SUCCESS
    asking the context to signal the monitored fence to 649
D3DKMTSignalSynchronizationObjectFromGpu 0x00000000  STATUS_SUCCESS
D3DKMTWaitForSynchronizationObjectFromCpu 0x00000000  STATUS_SUCCESS
    the monitored fence reached 649 after 0 ms
D3DKMTLock2 [gpu-readback]         0x00000000  STATUS_SUCCESS
    locked at CPU VA 000001E85E2B0000
D3DKMTUnlock2 [gpu-readback]       0x00000000  STATUS_SUCCESS
D3DKMTLock2 [gpu-readback]         0x00000000  STATUS_SUCCESS
    locked at CPU VA 000001E85E2B0000
D3DKMTUnlock2 [gpu-readback]       0x00000000  STATUS_SUCCESS
D3DKMTLock2 [gpu-ib]               0x00000000  STATUS_SUCCESS
    locked at CPU VA 000001E85E2A0000
D3DKMTUnlock2 [gpu-ib]             0x00000000  STATUS_SUCCESS
Submit GPU readback                0x00000000  STATUS_SUCCESS
    asking the context to signal the monitored fence to 650
D3DKMTSignalSynchronizationObjectFromGpu 0x00000000  STATUS_SUCCESS
D3DKMTWaitForSynchronizationObjectFromCpu 0x00000000  STATUS_SUCCESS
    the monitored fence reached 650 after 0 ms
D3DKMTLock2 [gpu-readback]         0x00000000  STATUS_SUCCESS
    locked at CPU VA 000001E85E2B0000
D3DKMTUnlock2 [gpu-readback]       0x00000000  STATUS_SUCCESS
D3DKMTLock2 [gpu-readback]         0x00000000  STATUS_SUCCESS
    locked at CPU VA 000001E85E2B0000
D3DKMTUnlock2 [gpu-readback]       0x00000000  STATUS_SUCCESS
D3DKMTLock2 [gpu-ib]               0x00000000  STATUS_SUCCESS
    locked at CPU VA 000001E85E2A0000
D3DKMTUnlock2 [gpu-ib]             0x00000000  STATUS_SUCCESS
Submit GPU readback                0x00000000  STATUS_SUCCESS
    asking the context to signal the monitored fence to 651
D3DKMTSignalSynchronizationObjectFromGpu 0x00000000  STATUS_SUCCESS
D3DKMTWaitForSynchronizationObjectFromCpu 0x00000000  STATUS_SUCCESS
    the monitored fence reached 651 after 0 ms
D3DKMTLock2 [gpu-readback]         0x00000000  STATUS_SUCCESS
    locked at CPU VA 000001E85E2B0000
D3DKMTUnlock2 [gpu-readback]       0x00000000  STATUS_SUCCESS
D3DKMTLock2 [gpu-readback]         0x00000000  STATUS_SUCCESS
    locked at CPU VA 000001E85E2B0000
D3DKMTUnlock2 [gpu-readback]       0x00000000  STATUS_SUCCESS
D3DKMTLock2 [gpu-ib]               0x00000000  STATUS_SUCCESS
    locked at CPU VA 000001E85E2A0000
D3DKMTUnlock2 [gpu-ib]             0x00000000  STATUS_SUCCESS
Submit GPU readback                0x00000000  STATUS_SUCCESS
    asking the context to signal the monitored fence to 652
D3DKMTSignalSynchronizationObjectFromGpu 0x00000000  STATUS_SUCCESS
D3DKMTWaitForSynchronizationObjectFromCpu 0x00000000  STATUS_SUCCESS
    the monitored fence reached 652 after 0 ms
D3DKMTLock2 [gpu-readback]         0x00000000  STATUS_SUCCESS
    locked at CPU VA 000001E85E2B0000
D3DKMTUnlock2 [gpu-readback]       0x00000000  STATUS_SUCCESS
D3DKMTLock2 [gpu-readback]         0x00000000  STATUS_SUCCESS
    locked at CPU VA 000001E85E2B0000
D3DKMTUnlock2 [gpu-readback]       0x00000000  STATUS_SUCCESS
D3DKMTLock2 [gpu-ib]               0x00000000  STATUS_SUCCESS
    locked at CPU VA 000001E85E2A0000
D3DKMTUnlock2 [gpu-ib]             0x00000000  STATUS_SUCCESS
Submit GPU readback                0x00000000  STATUS_SUCCESS
    asking the context to signal the monitored fence to 653
D3DKMTSignalSynchronizationObjectFromGpu 0x00000000  STATUS_SUCCESS
D3DKMTWaitForSynchronizationObjectFromCpu 0x00000000  STATUS_SUCCESS
    the monitored fence reached 653 after 0 ms
D3DKMTLock2 [gpu-readback]         0x00000000  STATUS_SUCCESS
    locked at CPU VA 000001E85E2B0000
D3DKMTUnlock2 [gpu-readback]       0x00000000  STATUS_SUCCESS
D3DKMTLock2 [gpu-readback]         0x00000000  STATUS_SUCCESS
    locked at CPU VA 000001E85E2B0000
D3DKMTUnlock2 [gpu-readback]       0x00000000  STATUS_SUCCESS
D3DKMTLock2 [gpu-ib]               0x00000000  STATUS_SUCCESS
    locked at CPU VA 000001E85E2A0000
D3DKMTUnlock2 [gpu-ib]             0x00000000  STATUS_SUCCESS
Submit GPU readback                0x00000000  STATUS_SUCCESS
    asking the context to signal the monitored fence to 654
D3DKMTSignalSynchronizationObjectFromGpu 0x00000000  STATUS_SUCCESS
D3DKMTWaitForSynchronizationObjectFromCpu 0x00000000  STATUS_SUCCESS
    the monitored fence reached 654 after 0 ms
D3DKMTLock2 [gpu-readback]         0x00000000  STATUS_SUCCESS
    locked at CPU VA 000001E85E2B0000
D3DKMTUnlock2 [gpu-readback]       0x00000000  STATUS_SUCCESS
D3DKMTLock2 [gpu-readback]         0x00000000  STATUS_SUCCESS
    locked at CPU VA 000001E85E2B0000
D3DKMTUnlock2 [gpu-readback]       0x00000000  STATUS_SUCCESS
D3DKMTLock2 [gpu-ib]               0x00000000  STATUS_SUCCESS
    locked at CPU VA 000001E85E2A0000
D3DKMTUnlock2 [gpu-ib]             0x00000000  STATUS_SUCCESS
Submit GPU readback                0x00000000  STATUS_SUCCESS
    asking the context to signal the monitored fence to 655
D3DKMTSignalSynchronizationObjectFromGpu 0x00000000  STATUS_SUCCESS
D3DKMTWaitForSynchronizationObjectFromCpu 0x00000000  STATUS_SUCCESS
    the monitored fence reached 655 after 0 ms
D3DKMTLock2 [gpu-readback]         0x00000000  STATUS_SUCCESS
    locked at CPU VA 000001E85E2B0000
D3DKMTUnlock2 [gpu-readback]       0x00000000  STATUS_SUCCESS
D3DKMTLock2 [gpu-readback]         0x00000000  STATUS_SUCCESS
    locked at CPU VA 000001E85E2B0000
D3DKMTUnlock2 [gpu-readback]       0x00000000  STATUS_SUCCESS
D3DKMTLock2 [gpu-ib]               0x00000000  STATUS_SUCCESS
    locked at CPU VA 000001E85E2A0000
D3DKMTUnlock2 [gpu-ib]             0x00000000  STATUS_SUCCESS
Submit GPU readback                0x00000000  STATUS_SUCCESS
    asking the context to signal the monitored fence to 656
D3DKMTSignalSynchronizationObjectFromGpu 0x00000000  STATUS_SUCCESS
D3DKMTWaitForSynchronizationObjectFromCpu 0x00000000  STATUS_SUCCESS
    the monitored fence reached 656 after 0 ms
D3DKMTLock2 [gpu-readback]         0x00000000  STATUS_SUCCESS
    locked at CPU VA 000001E85E2B0000
D3DKMTUnlock2 [gpu-readback]       0x00000000  STATUS_SUCCESS
D3DKMTLock2 [gpu-readback]         0x00000000  STATUS_SUCCESS
    locked at CPU VA 000001E85E2B0000
D3DKMTUnlock2 [gpu-readback]       0x00000000  STATUS_SUCCESS
D3DKMTLock2 [gpu-ib]               0x00000000  STATUS_SUCCESS
    locked at CPU VA 000001E85E2A0000
D3DKMTUnlock2 [gpu-ib]             0x00000000  STATUS_SUCCESS
Submit GPU readback                0x00000000  STATUS_SUCCESS
    asking the context to signal the monitored fence to 657
D3DKMTSignalSynchronizationObjectFromGpu 0x00000000  STATUS_SUCCESS
D3DKMTWaitForSynchronizationObjectFromCpu 0x00000000  STATUS_SUCCESS
    the monitored fence reached 657 after 0 ms
D3DKMTLock2 [gpu-readback]         0x00000000  STATUS_SUCCESS
    locked at CPU VA 000001E85E2B0000
D3DKMTUnlock2 [gpu-readback]       0x00000000  STATUS_SUCCESS
D3DKMTLock2 [gpu-readback]         0x00000000  STATUS_SUCCESS
    locked at CPU VA 000001E85E2B0000
D3DKMTUnlock2 [gpu-readback]       0x00000000  STATUS_SUCCESS
D3DKMTLock2 [gpu-ib]               0x00000000  STATUS_SUCCESS
    locked at CPU VA 000001E85E2A0000
D3DKMTUnlock2 [gpu-ib]             0x00000000  STATUS_SUCCESS
Submit GPU readback                0x00000000  STATUS_SUCCESS
    asking the context to signal the monitored fence to 658
D3DKMTSignalSynchronizationObjectFromGpu 0x00000000  STATUS_SUCCESS
D3DKMTWaitForSynchronizationObjectFromCpu 0x00000000  STATUS_SUCCESS
    the monitored fence reached 658 after 0 ms
D3DKMTLock2 [gpu-readback]         0x00000000  STATUS_SUCCESS
    locked at CPU VA 000001E85E2B0000
D3DKMTUnlock2 [gpu-readback]       0x00000000  STATUS_SUCCESS
D3DKMTLock2 [gpu-readback]         0x00000000  STATUS_SUCCESS
    locked at CPU VA 000001E85E2B0000
D3DKMTUnlock2 [gpu-readback]       0x00000000  STATUS_SUCCESS
D3DKMTLock2 [gpu-ib]               0x00000000  STATUS_SUCCESS
    locked at CPU VA 000001E85E2A0000
D3DKMTUnlock2 [gpu-ib]             0x00000000  STATUS_SUCCESS
Submit GPU readback                0x00000000  STATUS_SUCCESS
    asking the context to signal the monitored fence to 659
D3DKMTSignalSynchronizationObjectFromGpu 0x00000000  STATUS_SUCCESS
D3DKMTWaitForSynchronizationObjectFromCpu 0x00000000  STATUS_SUCCESS
    the monitored fence reached 659 after 0 ms
D3DKMTLock2 [gpu-readback]         0x00000000  STATUS_SUCCESS
    locked at CPU VA 000001E85E2B0000
D3DKMTUnlock2 [gpu-readback]       0x00000000  STATUS_SUCCESS
D3DKMTLock2 [gpu-readback]         0x00000000  STATUS_SUCCESS
    locked at CPU VA 000001E85E2B0000
D3DKMTUnlock2 [gpu-readback]       0x00000000  STATUS_SUCCESS
D3DKMTLock2 [gpu-ib]               0x00000000  STATUS_SUCCESS
    locked at CPU VA 000001E85E2A0000
D3DKMTUnlock2 [gpu-ib]             0x00000000  STATUS_SUCCESS
Submit GPU readback                0x00000000  STATUS_SUCCESS
    asking the context to signal the monitored fence to 660
D3DKMTSignalSynchronizationObjectFromGpu 0x00000000  STATUS_SUCCESS
D3DKMTWaitForSynchronizationObjectFromCpu 0x00000000  STATUS_SUCCESS
    the monitored fence reached 660 after 0 ms
D3DKMTLock2 [gpu-readback]         0x00000000  STATUS_SUCCESS
    locked at CPU VA 000001E85E2B0000
D3DKMTUnlock2 [gpu-readback]       0x00000000  STATUS_SUCCESS
D3DKMTLock2 [gpu-readback]         0x00000000  STATUS_SUCCESS
    locked at CPU VA 000001E85E2B0000
D3DKMTUnlock2 [gpu-readback]       0x00000000  STATUS_SUCCESS
D3DKMTLock2 [gpu-ib]               0x00000000  STATUS_SUCCESS
    locked at CPU VA 000001E85E2A0000
D3DKMTUnlock2 [gpu-ib]             0x00000000  STATUS_SUCCESS
Submit GPU readback                0x00000000  STATUS_SUCCESS
    asking the context to signal the monitored fence to 661
D3DKMTSignalSynchronizationObjectFromGpu 0x00000000  STATUS_SUCCESS
D3DKMTWaitForSynchronizationObjectFromCpu 0x00000000  STATUS_SUCCESS
    the monitored fence reached 661 after 0 ms
D3DKMTLock2 [gpu-readback]         0x00000000  STATUS_SUCCESS
    locked at CPU VA 000001E85E2B0000
D3DKMTUnlock2 [gpu-readback]       0x00000000  STATUS_SUCCESS
D3DKMTLock2 [gpu-readback]         0x00000000  STATUS_SUCCESS
    locked at CPU VA 000001E85E2B0000
D3DKMTUnlock2 [gpu-readback]       0x00000000  STATUS_SUCCESS
D3DKMTLock2 [gpu-ib]               0x00000000  STATUS_SUCCESS
    locked at CPU VA 000001E85E2A0000
D3DKMTUnlock2 [gpu-ib]             0x00000000  STATUS_SUCCESS
Submit GPU readback                0x00000000  STATUS_SUCCESS
    asking the context to signal the monitored fence to 662
D3DKMTSignalSynchronizationObjectFromGpu 0x00000000  STATUS_SUCCESS
D3DKMTWaitForSynchronizationObjectFromCpu 0x00000000  STATUS_SUCCESS
    the monitored fence reached 662 after 0 ms
D3DKMTLock2 [gpu-readback]         0x00000000  STATUS_SUCCESS
    locked at CPU VA 000001E85E2B0000
D3DKMTUnlock2 [gpu-readback]       0x00000000  STATUS_SUCCESS
D3DKMTLock2 [gpu-readback]         0x00000000  STATUS_SUCCESS
    locked at CPU VA 000001E85E2B0000
D3DKMTUnlock2 [gpu-readback]       0x00000000  STATUS_SUCCESS
D3DKMTLock2 [gpu-ib]               0x00000000  STATUS_SUCCESS
    locked at CPU VA 000001E85E2A0000
D3DKMTUnlock2 [gpu-ib]             0x00000000  STATUS_SUCCESS
Submit GPU readback                0x00000000  STATUS_SUCCESS
    asking the context to signal the monitored fence to 663
D3DKMTSignalSynchronizationObjectFromGpu 0x00000000  STATUS_SUCCESS
D3DKMTWaitForSynchronizationObjectFromCpu 0x00000000  STATUS_SUCCESS
    the monitored fence reached 663 after 0 ms
D3DKMTLock2 [gpu-readback]         0x00000000  STATUS_SUCCESS
    locked at CPU VA 000001E85E2B0000
D3DKMTUnlock2 [gpu-readback]       0x00000000  STATUS_SUCCESS
D3DKMTLock2 [gpu-readback]         0x00000000  STATUS_SUCCESS
    locked at CPU VA 000001E85E2B0000
D3DKMTUnlock2 [gpu-readback]       0x00000000  STATUS_SUCCESS
D3DKMTLock2 [gpu-ib]               0x00000000  STATUS_SUCCESS
    locked at CPU VA 000001E85E2A0000
D3DKMTUnlock2 [gpu-ib]             0x00000000  STATUS_SUCCESS
Submit GPU readback                0x00000000  STATUS_SUCCESS
    asking the context to signal the monitored fence to 664
D3DKMTSignalSynchronizationObjectFromGpu 0x00000000  STATUS_SUCCESS
D3DKMTWaitForSynchronizationObjectFromCpu 0x00000000  STATUS_SUCCESS
    the monitored fence reached 664 after 0 ms
D3DKMTLock2 [gpu-readback]         0x00000000  STATUS_SUCCESS
    locked at CPU VA 000001E85E2B0000
D3DKMTUnlock2 [gpu-readback]       0x00000000  STATUS_SUCCESS
D3DKMTLock2 [gpu-readback]         0x00000000  STATUS_SUCCESS
    locked at CPU VA 000001E85E2B0000
D3DKMTUnlock2 [gpu-readback]       0x00000000  STATUS_SUCCESS
D3DKMTLock2 [gpu-ib]               0x00000000  STATUS_SUCCESS
    locked at CPU VA 000001E85E2A0000
D3DKMTUnlock2 [gpu-ib]             0x00000000  STATUS_SUCCESS
Submit GPU readback                0x00000000  STATUS_SUCCESS
    asking the context to signal the monitored fence to 665
D3DKMTSignalSynchronizationObjectFromGpu 0x00000000  STATUS_SUCCESS
D3DKMTWaitForSynchronizationObjectFromCpu 0x00000000  STATUS_SUCCESS
    the monitored fence reached 665 after 0 ms
D3DKMTLock2 [gpu-readback]         0x00000000  STATUS_SUCCESS
    locked at CPU VA 000001E85E2B0000
D3DKMTUnlock2 [gpu-readback]       0x00000000  STATUS_SUCCESS
D3DKMTLock2 [gpu-readback]         0x00000000  STATUS_SUCCESS
    locked at CPU VA 000001E85E2B0000
D3DKMTUnlock2 [gpu-readback]       0x00000000  STATUS_SUCCESS
D3DKMTLock2 [gpu-ib]               0x00000000  STATUS_SUCCESS
    locked at CPU VA 000001E85E2A0000
D3DKMTUnlock2 [gpu-ib]             0x00000000  STATUS_SUCCESS
Submit GPU readback                0x00000000  STATUS_SUCCESS
    asking the context to signal the monitored fence to 666
D3DKMTSignalSynchronizationObjectFromGpu 0x00000000  STATUS_SUCCESS
D3DKMTWaitForSynchronizationObjectFromCpu 0x00000000  STATUS_SUCCESS
    the monitored fence reached 666 after 0 ms
D3DKMTLock2 [gpu-readback]         0x00000000  STATUS_SUCCESS
    locked at CPU VA 000001E85E2B0000
D3DKMTUnlock2 [gpu-readback]       0x00000000  STATUS_SUCCESS
D3DKMTLock2 [gpu-readback]         0x00000000  STATUS_SUCCESS
    locked at CPU VA 000001E85E2B0000
D3DKMTUnlock2 [gpu-readback]       0x00000000  STATUS_SUCCESS
D3DKMTLock2 [gpu-ib]               0x00000000  STATUS_SUCCESS
    locked at CPU VA 000001E85E2A0000
D3DKMTUnlock2 [gpu-ib]             0x00000000  STATUS_SUCCESS
Submit GPU readback                0x00000000  STATUS_SUCCESS
    asking the context to signal the monitored fence to 667
D3DKMTSignalSynchronizationObjectFromGpu 0x00000000  STATUS_SUCCESS
D3DKMTWaitForSynchronizationObjectFromCpu 0x00000000  STATUS_SUCCESS
    the monitored fence reached 667 after 0 ms
D3DKMTLock2 [gpu-readback]         0x00000000  STATUS_SUCCESS
    locked at CPU VA 000001E85E2B0000
D3DKMTUnlock2 [gpu-readback]       0x00000000  STATUS_SUCCESS
D3DKMTLock2 [gpu-readback]         0x00000000  STATUS_SUCCESS
    locked at CPU VA 000001E85E2B0000
D3DKMTUnlock2 [gpu-readback]       0x00000000  STATUS_SUCCESS
D3DKMTLock2 [gpu-ib]               0x00000000  STATUS_SUCCESS
    locked at CPU VA 000001E85E2A0000
D3DKMTUnlock2 [gpu-ib]             0x00000000  STATUS_SUCCESS
Submit GPU readback                0x00000000  STATUS_SUCCESS
    asking the context to signal the monitored fence to 668
D3DKMTSignalSynchronizationObjectFromGpu 0x00000000  STATUS_SUCCESS
D3DKMTWaitForSynchronizationObjectFromCpu 0x00000000  STATUS_SUCCESS
    the monitored fence reached 668 after 0 ms
D3DKMTLock2 [gpu-readback]         0x00000000  STATUS_SUCCESS
    locked at CPU VA 000001E85E2B0000
D3DKMTUnlock2 [gpu-readback]       0x00000000  STATUS_SUCCESS
D3DKMTLock2 [gpu-readback]         0x00000000  STATUS_SUCCESS
    locked at CPU VA 000001E85E2B0000
D3DKMTUnlock2 [gpu-readback]       0x00000000  STATUS_SUCCESS
D3DKMTLock2 [gpu-ib]               0x00000000  STATUS_SUCCESS
    locked at CPU VA 000001E85E2A0000
D3DKMTUnlock2 [gpu-ib]             0x00000000  STATUS_SUCCESS
Submit GPU readback                0x00000000  STATUS_SUCCESS
    asking the context to signal the monitored fence to 669
D3DKMTSignalSynchronizationObjectFromGpu 0x00000000  STATUS_SUCCESS
D3DKMTWaitForSynchronizationObjectFromCpu 0x00000000  STATUS_SUCCESS
    the monitored fence reached 669 after 0 ms
D3DKMTLock2 [gpu-readback]         0x00000000  STATUS_SUCCESS
    locked at CPU VA 000001E85E2B0000
D3DKMTUnlock2 [gpu-readback]       0x00000000  STATUS_SUCCESS
D3DKMTLock2 [gpu-readback]         0x00000000  STATUS_SUCCESS
    locked at CPU VA 000001E85E2B0000
D3DKMTUnlock2 [gpu-readback]       0x00000000  STATUS_SUCCESS
D3DKMTLock2 [gpu-ib]               0x00000000  STATUS_SUCCESS
    locked at CPU VA 000001E85E2A0000
D3DKMTUnlock2 [gpu-ib]             0x00000000  STATUS_SUCCESS
Submit GPU readback                0x00000000  STATUS_SUCCESS
    asking the context to signal the monitored fence to 670
D3DKMTSignalSynchronizationObjectFromGpu 0x00000000  STATUS_SUCCESS
D3DKMTWaitForSynchronizationObjectFromCpu 0x00000000  STATUS_SUCCESS
    the monitored fence reached 670 after 0 ms
D3DKMTLock2 [gpu-readback]         0x00000000  STATUS_SUCCESS
    locked at CPU VA 000001E85E2B0000
D3DKMTUnlock2 [gpu-readback]       0x00000000  STATUS_SUCCESS
D3DKMTLock2 [gpu-readback]         0x00000000  STATUS_SUCCESS
    locked at CPU VA 000001E85E2B0000
D3DKMTUnlock2 [gpu-readback]       0x00000000  STATUS_SUCCESS
D3DKMTLock2 [gpu-ib]               0x00000000  STATUS_SUCCESS
    locked at CPU VA 000001E85E2A0000
D3DKMTUnlock2 [gpu-ib]             0x00000000  STATUS_SUCCESS
Submit GPU readback                0x00000000  STATUS_SUCCESS
    asking the context to signal the monitored fence to 671
D3DKMTSignalSynchronizationObjectFromGpu 0x00000000  STATUS_SUCCESS
D3DKMTWaitForSynchronizationObjectFromCpu 0x00000000  STATUS_SUCCESS
    the monitored fence reached 671 after 0 ms
D3DKMTLock2 [gpu-readback]         0x00000000  STATUS_SUCCESS
    locked at CPU VA 000001E85E2B0000
D3DKMTUnlock2 [gpu-readback]       0x00000000  STATUS_SUCCESS
D3DKMTLock2 [gpu-readback]         0x00000000  STATUS_SUCCESS
    locked at CPU VA 000001E85E2B0000
D3DKMTUnlock2 [gpu-readback]       0x00000000  STATUS_SUCCESS
D3DKMTLock2 [gpu-ib]               0x00000000  STATUS_SUCCESS
    locked at CPU VA 000001E85E2A0000
D3DKMTUnlock2 [gpu-ib]             0x00000000  STATUS_SUCCESS
Submit GPU readback                0x00000000  STATUS_SUCCESS
    asking the context to signal the monitored fence to 672
D3DKMTSignalSynchronizationObjectFromGpu 0x00000000  STATUS_SUCCESS
D3DKMTWaitForSynchronizationObjectFromCpu 0x00000000  STATUS_SUCCESS
    the monitored fence reached 672 after 0 ms
D3DKMTLock2 [gpu-readback]         0x00000000  STATUS_SUCCESS
    locked at CPU VA 000001E85E2B0000
D3DKMTUnlock2 [gpu-readback]       0x00000000  STATUS_SUCCESS
D3DKMTLock2 [gpu-readback]         0x00000000  STATUS_SUCCESS
    locked at CPU VA 000001E85E2B0000
D3DKMTUnlock2 [gpu-readback]       0x00000000  STATUS_SUCCESS
D3DKMTLock2 [gpu-ib]               0x00000000  STATUS_SUCCESS
    locked at CPU VA 000001E85E2A0000
D3DKMTUnlock2 [gpu-ib]             0x00000000  STATUS_SUCCESS
Submit GPU readback                0x00000000  STATUS_SUCCESS
    asking the context to signal the monitored fence to 673
D3DKMTSignalSynchronizationObjectFromGpu 0x00000000  STATUS_SUCCESS
D3DKMTWaitForSynchronizationObjectFromCpu 0x00000000  STATUS_SUCCESS
    the monitored fence reached 673 after 0 ms
D3DKMTLock2 [gpu-readback]         0x00000000  STATUS_SUCCESS
    locked at CPU VA 000001E85E2B0000
D3DKMTUnlock2 [gpu-readback]       0x00000000  STATUS_SUCCESS
D3DKMTLock2 [gpu-readback]         0x00000000  STATUS_SUCCESS
    locked at CPU VA 000001E85E2B0000
D3DKMTUnlock2 [gpu-readback]       0x00000000  STATUS_SUCCESS
D3DKMTLock2 [gpu-ib]               0x00000000  STATUS_SUCCESS
    locked at CPU VA 000001E85E2A0000
D3DKMTUnlock2 [gpu-ib]             0x00000000  STATUS_SUCCESS
Submit GPU readback                0x00000000  STATUS_SUCCESS
    asking the context to signal the monitored fence to 674
D3DKMTSignalSynchronizationObjectFromGpu 0x00000000  STATUS_SUCCESS
D3DKMTWaitForSynchronizationObjectFromCpu 0x00000000  STATUS_SUCCESS
    the monitored fence reached 674 after 0 ms
D3DKMTLock2 [gpu-readback]         0x00000000  STATUS_SUCCESS
    locked at CPU VA 000001E85E2B0000
D3DKMTUnlock2 [gpu-readback]       0x00000000  STATUS_SUCCESS
D3DKMTLock2 [gpu-readback]         0x00000000  STATUS_SUCCESS
    locked at CPU VA 000001E85E2B0000
D3DKMTUnlock2 [gpu-readback]       0x00000000  STATUS_SUCCESS
D3DKMTLock2 [gpu-ib]               0x00000000  STATUS_SUCCESS
    locked at CPU VA 000001E85E2A0000
D3DKMTUnlock2 [gpu-ib]             0x00000000  STATUS_SUCCESS
Submit GPU readback                0x00000000  STATUS_SUCCESS
    asking the context to signal the monitored fence to 675
D3DKMTSignalSynchronizationObjectFromGpu 0x00000000  STATUS_SUCCESS
D3DKMTWaitForSynchronizationObjectFromCpu 0x00000000  STATUS_SUCCESS
    the monitored fence reached 675 after 0 ms
D3DKMTLock2 [gpu-readback]         0x00000000  STATUS_SUCCESS
    locked at CPU VA 000001E85E2B0000
D3DKMTUnlock2 [gpu-readback]       0x00000000  STATUS_SUCCESS
D3DKMTLock2 [gpu-readback]         0x00000000  STATUS_SUCCESS
    locked at CPU VA 000001E85E2B0000
D3DKMTUnlock2 [gpu-readback]       0x00000000  STATUS_SUCCESS
D3DKMTLock2 [gpu-ib]               0x00000000  STATUS_SUCCESS
    locked at CPU VA 000001E85E2A0000
D3DKMTUnlock2 [gpu-ib]             0x00000000  STATUS_SUCCESS
Submit GPU readback                0x00000000  STATUS_SUCCESS
    asking the context to signal the monitored fence to 676
D3DKMTSignalSynchronizationObjectFromGpu 0x00000000  STATUS_SUCCESS
D3DKMTWaitForSynchronizationObjectFromCpu 0x00000000  STATUS_SUCCESS
    the monitored fence reached 676 after 0 ms
D3DKMTLock2 [gpu-readback]         0x00000000  STATUS_SUCCESS
    locked at CPU VA 000001E85E2B0000
D3DKMTUnlock2 [gpu-readback]       0x00000000  STATUS_SUCCESS
D3DKMTLock2 [gpu-readback]         0x00000000  STATUS_SUCCESS
    locked at CPU VA 000001E85E2B0000
D3DKMTUnlock2 [gpu-readback]       0x00000000  STATUS_SUCCESS
D3DKMTLock2 [gpu-ib]               0x00000000  STATUS_SUCCESS
    locked at CPU VA 000001E85E2A0000
D3DKMTUnlock2 [gpu-ib]             0x00000000  STATUS_SUCCESS
Submit GPU readback                0x00000000  STATUS_SUCCESS
    asking the context to signal the monitored fence to 677
D3DKMTSignalSynchronizationObjectFromGpu 0x00000000  STATUS_SUCCESS
D3DKMTWaitForSynchronizationObjectFromCpu 0x00000000  STATUS_SUCCESS
    the monitored fence reached 677 after 0 ms
D3DKMTLock2 [gpu-readback]         0x00000000  STATUS_SUCCESS
    locked at CPU VA 000001E85E2B0000
D3DKMTUnlock2 [gpu-readback]       0x00000000  STATUS_SUCCESS
D3DKMTLock2 [gpu-readback]         0x00000000  STATUS_SUCCESS
    locked at CPU VA 000001E85E2B0000
D3DKMTUnlock2 [gpu-readback]       0x00000000  STATUS_SUCCESS
D3DKMTLock2 [gpu-ib]               0x00000000  STATUS_SUCCESS
    locked at CPU VA 000001E85E2A0000
D3DKMTUnlock2 [gpu-ib]             0x00000000  STATUS_SUCCESS
Submit GPU readback                0x00000000  STATUS_SUCCESS
    asking the context to signal the monitored fence to 678
D3DKMTSignalSynchronizationObjectFromGpu 0x00000000  STATUS_SUCCESS
D3DKMTWaitForSynchronizationObjectFromCpu 0x00000000  STATUS_SUCCESS
    the monitored fence reached 678 after 0 ms
D3DKMTLock2 [gpu-readback]         0x00000000  STATUS_SUCCESS
    locked at CPU VA 000001E85E2B0000
D3DKMTUnlock2 [gpu-readback]       0x00000000  STATUS_SUCCESS
D3DKMTLock2 [gpu-readback]         0x00000000  STATUS_SUCCESS
    locked at CPU VA 000001E85E2B0000
D3DKMTUnlock2 [gpu-readback]       0x00000000  STATUS_SUCCESS
D3DKMTLock2 [gpu-ib]               0x00000000  STATUS_SUCCESS
    locked at CPU VA 000001E85E2A0000
D3DKMTUnlock2 [gpu-ib]             0x00000000  STATUS_SUCCESS
Submit GPU readback                0x00000000  STATUS_SUCCESS
    asking the context to signal the monitored fence to 679
D3DKMTSignalSynchronizationObjectFromGpu 0x00000000  STATUS_SUCCESS
D3DKMTWaitForSynchronizationObjectFromCpu 0x00000000  STATUS_SUCCESS
    the monitored fence reached 679 after 0 ms
D3DKMTLock2 [gpu-readback]         0x00000000  STATUS_SUCCESS
    locked at CPU VA 000001E85E2B0000
D3DKMTUnlock2 [gpu-readback]       0x00000000  STATUS_SUCCESS
D3DKMTLock2 [gpu-readback]         0x00000000  STATUS_SUCCESS
    locked at CPU VA 000001E85E2B0000
D3DKMTUnlock2 [gpu-readback]       0x00000000  STATUS_SUCCESS
D3DKMTLock2 [gpu-ib]               0x00000000  STATUS_SUCCESS
    locked at CPU VA 000001E85E2A0000
D3DKMTUnlock2 [gpu-ib]             0x00000000  STATUS_SUCCESS
Submit GPU readback                0x00000000  STATUS_SUCCESS
    asking the context to signal the monitored fence to 680
D3DKMTSignalSynchronizationObjectFromGpu 0x00000000  STATUS_SUCCESS
D3DKMTWaitForSynchronizationObjectFromCpu 0x00000000  STATUS_SUCCESS
    the monitored fence reached 680 after 0 ms
D3DKMTLock2 [gpu-readback]         0x00000000  STATUS_SUCCESS
    locked at CPU VA 000001E85E2B0000
D3DKMTUnlock2 [gpu-readback]       0x00000000  STATUS_SUCCESS
D3DKMTLock2 [gpu-readback]         0x00000000  STATUS_SUCCESS
    locked at CPU VA 000001E85E2B0000
D3DKMTUnlock2 [gpu-readback]       0x00000000  STATUS_SUCCESS
D3DKMTLock2 [gpu-ib]               0x00000000  STATUS_SUCCESS
    locked at CPU VA 000001E85E2A0000
D3DKMTUnlock2 [gpu-ib]             0x00000000  STATUS_SUCCESS
Submit GPU readback                0x00000000  STATUS_SUCCESS
    asking the context to signal the monitored fence to 681
D3DKMTSignalSynchronizationObjectFromGpu 0x00000000  STATUS_SUCCESS
D3DKMTWaitForSynchronizationObjectFromCpu 0x00000000  STATUS_SUCCESS
    the monitored fence reached 681 after 0 ms
D3DKMTLock2 [gpu-readback]         0x00000000  STATUS_SUCCESS
    locked at CPU VA 000001E85E2B0000
D3DKMTUnlock2 [gpu-readback]       0x00000000  STATUS_SUCCESS
D3DKMTLock2 [gpu-readback]         0x00000000  STATUS_SUCCESS
    locked at CPU VA 000001E85E2B0000
D3DKMTUnlock2 [gpu-readback]       0x00000000  STATUS_SUCCESS
D3DKMTLock2 [gpu-ib]               0x00000000  STATUS_SUCCESS
    locked at CPU VA 000001E85E2A0000
D3DKMTUnlock2 [gpu-ib]             0x00000000  STATUS_SUCCESS
Submit GPU readback                0x00000000  STATUS_SUCCESS
    asking the context to signal the monitored fence to 682
D3DKMTSignalSynchronizationObjectFromGpu 0x00000000  STATUS_SUCCESS
D3DKMTWaitForSynchronizationObjectFromCpu 0x00000000  STATUS_SUCCESS
    the monitored fence reached 682 after 0 ms
D3DKMTLock2 [gpu-readback]         0x00000000  STATUS_SUCCESS
    locked at CPU VA 000001E85E2B0000
D3DKMTUnlock2 [gpu-readback]       0x00000000  STATUS_SUCCESS
D3DKMTLock2 [gpu-readback]         0x00000000  STATUS_SUCCESS
    locked at CPU VA 000001E85E2B0000
D3DKMTUnlock2 [gpu-readback]       0x00000000  STATUS_SUCCESS
D3DKMTLock2 [gpu-ib]               0x00000000  STATUS_SUCCESS
    locked at CPU VA 000001E85E2A0000
D3DKMTUnlock2 [gpu-ib]             0x00000000  STATUS_SUCCESS
Submit GPU readback                0x00000000  STATUS_SUCCESS
    asking the context to signal the monitored fence to 683
D3DKMTSignalSynchronizationObjectFromGpu 0x00000000  STATUS_SUCCESS
D3DKMTWaitForSynchronizationObjectFromCpu 0x00000000  STATUS_SUCCESS
    the monitored fence reached 683 after 0 ms
D3DKMTLock2 [gpu-readback]         0x00000000  STATUS_SUCCESS
    locked at CPU VA 000001E85E2B0000
D3DKMTUnlock2 [gpu-readback]       0x00000000  STATUS_SUCCESS
D3DKMTLock2 [gpu-readback]         0x00000000  STATUS_SUCCESS
    locked at CPU VA 000001E85E2B0000
D3DKMTUnlock2 [gpu-readback]       0x00000000  STATUS_SUCCESS
D3DKMTLock2 [gpu-ib]               0x00000000  STATUS_SUCCESS
    locked at CPU VA 000001E85E2A0000
D3DKMTUnlock2 [gpu-ib]             0x00000000  STATUS_SUCCESS
Submit GPU readback                0x00000000  STATUS_SUCCESS
    asking the context to signal the monitored fence to 684
D3DKMTSignalSynchronizationObjectFromGpu 0x00000000  STATUS_SUCCESS
D3DKMTWaitForSynchronizationObjectFromCpu 0x00000000  STATUS_SUCCESS
    the monitored fence reached 684 after 0 ms
D3DKMTLock2 [gpu-readback]         0x00000000  STATUS_SUCCESS
    locked at CPU VA 000001E85E2B0000
D3DKMTUnlock2 [gpu-readback]       0x00000000  STATUS_SUCCESS
D3DKMTLock2 [gpu-readback]         0x00000000  STATUS_SUCCESS
    locked at CPU VA 000001E85E2B0000
D3DKMTUnlock2 [gpu-readback]       0x00000000  STATUS_SUCCESS
D3DKMTLock2 [gpu-ib]               0x00000000  STATUS_SUCCESS
    locked at CPU VA 000001E85E2A0000
D3DKMTUnlock2 [gpu-ib]             0x00000000  STATUS_SUCCESS
Submit GPU readback                0x00000000  STATUS_SUCCESS
    asking the context to signal the monitored fence to 685
D3DKMTSignalSynchronizationObjectFromGpu 0x00000000  STATUS_SUCCESS
D3DKMTWaitForSynchronizationObjectFromCpu 0x00000000  STATUS_SUCCESS
    the monitored fence reached 685 after 0 ms
D3DKMTLock2 [gpu-readback]         0x00000000  STATUS_SUCCESS
    locked at CPU VA 000001E85E2B0000
D3DKMTUnlock2 [gpu-readback]       0x00000000  STATUS_SUCCESS
D3DKMTLock2 [gpu-readback]         0x00000000  STATUS_SUCCESS
    locked at CPU VA 000001E85E2B0000
D3DKMTUnlock2 [gpu-readback]       0x00000000  STATUS_SUCCESS
D3DKMTLock2 [gpu-ib]               0x00000000  STATUS_SUCCESS
    locked at CPU VA 000001E85E2A0000
D3DKMTUnlock2 [gpu-ib]             0x00000000  STATUS_SUCCESS
Submit GPU readback                0x00000000  STATUS_SUCCESS
    asking the context to signal the monitored fence to 686
D3DKMTSignalSynchronizationObjectFromGpu 0x00000000  STATUS_SUCCESS
D3DKMTWaitForSynchronizationObjectFromCpu 0x00000000  STATUS_SUCCESS
    the monitored fence reached 686 after 16 ms
D3DKMTLock2 [gpu-readback]         0x00000000  STATUS_SUCCESS
    locked at CPU VA 000001E85E2B0000
D3DKMTUnlock2 [gpu-readback]       0x00000000  STATUS_SUCCESS
D3DKMTLock2 [gpu-readback]         0x00000000  STATUS_SUCCESS
    locked at CPU VA 000001E85E2B0000
D3DKMTUnlock2 [gpu-readback]       0x00000000  STATUS_SUCCESS
D3DKMTLock2 [gpu-ib]               0x00000000  STATUS_SUCCESS
    locked at CPU VA 000001E85E2A0000
D3DKMTUnlock2 [gpu-ib]             0x00000000  STATUS_SUCCESS
Submit GPU readback                0x00000000  STATUS_SUCCESS
    asking the context to signal the monitored fence to 687
D3DKMTSignalSynchronizationObjectFromGpu 0x00000000  STATUS_SUCCESS
D3DKMTWaitForSynchronizationObjectFromCpu 0x00000000  STATUS_SUCCESS
    the monitored fence reached 687 after 0 ms
D3DKMTLock2 [gpu-readback]         0x00000000  STATUS_SUCCESS
    locked at CPU VA 000001E85E2B0000
D3DKMTUnlock2 [gpu-readback]       0x00000000  STATUS_SUCCESS
D3DKMTLock2 [gpu-readback]         0x00000000  STATUS_SUCCESS
    locked at CPU VA 000001E85E2B0000
D3DKMTUnlock2 [gpu-readback]       0x00000000  STATUS_SUCCESS
D3DKMTLock2 [gpu-ib]               0x00000000  STATUS_SUCCESS
    locked at CPU VA 000001E85E2A0000
D3DKMTUnlock2 [gpu-ib]             0x00000000  STATUS_SUCCESS
Submit GPU readback                0x00000000  STATUS_SUCCESS
    asking the context to signal the monitored fence to 688
D3DKMTSignalSynchronizationObjectFromGpu 0x00000000  STATUS_SUCCESS
D3DKMTWaitForSynchronizationObjectFromCpu 0x00000000  STATUS_SUCCESS
    the monitored fence reached 688 after 0 ms
D3DKMTLock2 [gpu-readback]         0x00000000  STATUS_SUCCESS
    locked at CPU VA 000001E85E2B0000
D3DKMTUnlock2 [gpu-readback]       0x00000000  STATUS_SUCCESS
D3DKMTLock2 [gpu-readback]         0x00000000  STATUS_SUCCESS
    locked at CPU VA 000001E85E2B0000
D3DKMTUnlock2 [gpu-readback]       0x00000000  STATUS_SUCCESS
D3DKMTLock2 [gpu-ib]               0x00000000  STATUS_SUCCESS
    locked at CPU VA 000001E85E2A0000
D3DKMTUnlock2 [gpu-ib]             0x00000000  STATUS_SUCCESS
Submit GPU readback                0x00000000  STATUS_SUCCESS
    asking the context to signal the monitored fence to 689
D3DKMTSignalSynchronizationObjectFromGpu 0x00000000  STATUS_SUCCESS
D3DKMTWaitForSynchronizationObjectFromCpu 0x00000000  STATUS_SUCCESS
    the monitored fence reached 689 after 0 ms
D3DKMTLock2 [gpu-readback]         0x00000000  STATUS_SUCCESS
    locked at CPU VA 000001E85E2B0000
D3DKMTUnlock2 [gpu-readback]       0x00000000  STATUS_SUCCESS
D3DKMTLock2 [gpu-readback]         0x00000000  STATUS_SUCCESS
    locked at CPU VA 000001E85E2B0000
D3DKMTUnlock2 [gpu-readback]       0x00000000  STATUS_SUCCESS
D3DKMTLock2 [gpu-ib]               0x00000000  STATUS_SUCCESS
    locked at CPU VA 000001E85E2A0000
D3DKMTUnlock2 [gpu-ib]             0x00000000  STATUS_SUCCESS
Submit GPU readback                0x00000000  STATUS_SUCCESS
    asking the context to signal the monitored fence to 690
D3DKMTSignalSynchronizationObjectFromGpu 0x00000000  STATUS_SUCCESS
D3DKMTWaitForSynchronizationObjectFromCpu 0x00000000  STATUS_SUCCESS
    the monitored fence reached 690 after 0 ms
D3DKMTLock2 [gpu-readback]         0x00000000  STATUS_SUCCESS
    locked at CPU VA 000001E85E2B0000
D3DKMTUnlock2 [gpu-readback]       0x00000000  STATUS_SUCCESS
D3DKMTLock2 [gpu-readback]         0x00000000  STATUS_SUCCESS
    locked at CPU VA 000001E85E2B0000
D3DKMTUnlock2 [gpu-readback]       0x00000000  STATUS_SUCCESS
D3DKMTLock2 [gpu-ib]               0x00000000  STATUS_SUCCESS
    locked at CPU VA 000001E85E2A0000
D3DKMTUnlock2 [gpu-ib]             0x00000000  STATUS_SUCCESS
Submit GPU readback                0x00000000  STATUS_SUCCESS
    asking the context to signal the monitored fence to 691
D3DKMTSignalSynchronizationObjectFromGpu 0x00000000  STATUS_SUCCESS
D3DKMTWaitForSynchronizationObjectFromCpu 0x00000000  STATUS_SUCCESS
    the monitored fence reached 691 after 0 ms
D3DKMTLock2 [gpu-readback]         0x00000000  STATUS_SUCCESS
    locked at CPU VA 000001E85E2B0000
D3DKMTUnlock2 [gpu-readback]       0x00000000  STATUS_SUCCESS
D3DKMTLock2 [gpu-readback]         0x00000000  STATUS_SUCCESS
    locked at CPU VA 000001E85E2B0000
D3DKMTUnlock2 [gpu-readback]       0x00000000  STATUS_SUCCESS
D3DKMTLock2 [gpu-ib]               0x00000000  STATUS_SUCCESS
    locked at CPU VA 000001E85E2A0000
D3DKMTUnlock2 [gpu-ib]             0x00000000  STATUS_SUCCESS
Submit GPU readback                0x00000000  STATUS_SUCCESS
    asking the context to signal the monitored fence to 692
D3DKMTSignalSynchronizationObjectFromGpu 0x00000000  STATUS_SUCCESS
D3DKMTWaitForSynchronizationObjectFromCpu 0x00000000  STATUS_SUCCESS
    the monitored fence reached 692 after 0 ms
D3DKMTLock2 [gpu-readback]         0x00000000  STATUS_SUCCESS
    locked at CPU VA 000001E85E2B0000
D3DKMTUnlock2 [gpu-readback]       0x00000000  STATUS_SUCCESS
D3DKMTLock2 [gpu-readback]         0x00000000  STATUS_SUCCESS
    locked at CPU VA 000001E85E2B0000
D3DKMTUnlock2 [gpu-readback]       0x00000000  STATUS_SUCCESS
D3DKMTLock2 [gpu-ib]               0x00000000  STATUS_SUCCESS
    locked at CPU VA 000001E85E2A0000
D3DKMTUnlock2 [gpu-ib]             0x00000000  STATUS_SUCCESS
Submit GPU readback                0x00000000  STATUS_SUCCESS
    asking the context to signal the monitored fence to 693
D3DKMTSignalSynchronizationObjectFromGpu 0x00000000  STATUS_SUCCESS
D3DKMTWaitForSynchronizationObjectFromCpu 0x00000000  STATUS_SUCCESS
    the monitored fence reached 693 after 0 ms
D3DKMTLock2 [gpu-readback]         0x00000000  STATUS_SUCCESS
    locked at CPU VA 000001E85E2B0000
D3DKMTUnlock2 [gpu-readback]       0x00000000  STATUS_SUCCESS
D3DKMTLock2 [gpu-readback]         0x00000000  STATUS_SUCCESS
    locked at CPU VA 000001E85E2B0000
D3DKMTUnlock2 [gpu-readback]       0x00000000  STATUS_SUCCESS
D3DKMTLock2 [gpu-ib]               0x00000000  STATUS_SUCCESS
    locked at CPU VA 000001E85E2A0000
D3DKMTUnlock2 [gpu-ib]             0x00000000  STATUS_SUCCESS
Submit GPU readback                0x00000000  STATUS_SUCCESS
    asking the context to signal the monitored fence to 694
D3DKMTSignalSynchronizationObjectFromGpu 0x00000000  STATUS_SUCCESS
D3DKMTWaitForSynchronizationObjectFromCpu 0x00000000  STATUS_SUCCESS
    the monitored fence reached 694 after 0 ms
D3DKMTLock2 [gpu-readback]         0x00000000  STATUS_SUCCESS
    locked at CPU VA 000001E85E2B0000
D3DKMTUnlock2 [gpu-readback]       0x00000000  STATUS_SUCCESS
D3DKMTLock2 [gpu-readback]         0x00000000  STATUS_SUCCESS
    locked at CPU VA 000001E85E2B0000
D3DKMTUnlock2 [gpu-readback]       0x00000000  STATUS_SUCCESS
D3DKMTLock2 [gpu-ib]               0x00000000  STATUS_SUCCESS
    locked at CPU VA 000001E85E2A0000
D3DKMTUnlock2 [gpu-ib]             0x00000000  STATUS_SUCCESS
Submit GPU readback                0x00000000  STATUS_SUCCESS
    asking the context to signal the monitored fence to 695
D3DKMTSignalSynchronizationObjectFromGpu 0x00000000  STATUS_SUCCESS
D3DKMTWaitForSynchronizationObjectFromCpu 0x00000000  STATUS_SUCCESS
    the monitored fence reached 695 after 0 ms
D3DKMTLock2 [gpu-readback]         0x00000000  STATUS_SUCCESS
    locked at CPU VA 000001E85E2B0000
D3DKMTUnlock2 [gpu-readback]       0x00000000  STATUS_SUCCESS
D3DKMTLock2 [gpu-readback]         0x00000000  STATUS_SUCCESS
    locked at CPU VA 000001E85E2B0000
D3DKMTUnlock2 [gpu-readback]       0x00000000  STATUS_SUCCESS
D3DKMTLock2 [gpu-ib]               0x00000000  STATUS_SUCCESS
    locked at CPU VA 000001E85E2A0000
D3DKMTUnlock2 [gpu-ib]             0x00000000  STATUS_SUCCESS
Submit GPU readback                0x00000000  STATUS_SUCCESS
    asking the context to signal the monitored fence to 696
D3DKMTSignalSynchronizationObjectFromGpu 0x00000000  STATUS_SUCCESS
D3DKMTWaitForSynchronizationObjectFromCpu 0x00000000  STATUS_SUCCESS
    the monitored fence reached 696 after 0 ms
D3DKMTLock2 [gpu-readback]         0x00000000  STATUS_SUCCESS
    locked at CPU VA 000001E85E2B0000
D3DKMTUnlock2 [gpu-readback]       0x00000000  STATUS_SUCCESS
D3DKMTLock2 [gpu-readback]         0x00000000  STATUS_SUCCESS
    locked at CPU VA 000001E85E2B0000
D3DKMTUnlock2 [gpu-readback]       0x00000000  STATUS_SUCCESS
D3DKMTLock2 [gpu-ib]               0x00000000  STATUS_SUCCESS
    locked at CPU VA 000001E85E2A0000
D3DKMTUnlock2 [gpu-ib]             0x00000000  STATUS_SUCCESS
Submit GPU readback                0x00000000  STATUS_SUCCESS
    asking the context to signal the monitored fence to 697
D3DKMTSignalSynchronizationObjectFromGpu 0x00000000  STATUS_SUCCESS
D3DKMTWaitForSynchronizationObjectFromCpu 0x00000000  STATUS_SUCCESS
    the monitored fence reached 697 after 0 ms
D3DKMTLock2 [gpu-readback]         0x00000000  STATUS_SUCCESS
    locked at CPU VA 000001E85E2B0000
D3DKMTUnlock2 [gpu-readback]       0x00000000  STATUS_SUCCESS
D3DKMTLock2 [gpu-readback]         0x00000000  STATUS_SUCCESS
    locked at CPU VA 000001E85E2B0000
D3DKMTUnlock2 [gpu-readback]       0x00000000  STATUS_SUCCESS
D3DKMTLock2 [gpu-ib]               0x00000000  STATUS_SUCCESS
    locked at CPU VA 000001E85E2A0000
D3DKMTUnlock2 [gpu-ib]             0x00000000  STATUS_SUCCESS
Submit GPU readback                0x00000000  STATUS_SUCCESS
    asking the context to signal the monitored fence to 698
D3DKMTSignalSynchronizationObjectFromGpu 0x00000000  STATUS_SUCCESS
D3DKMTWaitForSynchronizationObjectFromCpu 0x00000000  STATUS_SUCCESS
    the monitored fence reached 698 after 0 ms
D3DKMTLock2 [gpu-readback]         0x00000000  STATUS_SUCCESS
    locked at CPU VA 000001E85E2B0000
D3DKMTUnlock2 [gpu-readback]       0x00000000  STATUS_SUCCESS
D3DKMTLock2 [gpu-readback]         0x00000000  STATUS_SUCCESS
    locked at CPU VA 000001E85E2B0000
D3DKMTUnlock2 [gpu-readback]       0x00000000  STATUS_SUCCESS
D3DKMTLock2 [gpu-ib]               0x00000000  STATUS_SUCCESS
    locked at CPU VA 000001E85E2A0000
D3DKMTUnlock2 [gpu-ib]             0x00000000  STATUS_SUCCESS
Submit GPU readback                0x00000000  STATUS_SUCCESS
    asking the context to signal the monitored fence to 699
D3DKMTSignalSynchronizationObjectFromGpu 0x00000000  STATUS_SUCCESS
D3DKMTWaitForSynchronizationObjectFromCpu 0x00000000  STATUS_SUCCESS
    the monitored fence reached 699 after 0 ms
D3DKMTLock2 [gpu-readback]         0x00000000  STATUS_SUCCESS
    locked at CPU VA 000001E85E2B0000
D3DKMTUnlock2 [gpu-readback]       0x00000000  STATUS_SUCCESS
D3DKMTLock2 [gpu-readback]         0x00000000  STATUS_SUCCESS
    locked at CPU VA 000001E85E2B0000
D3DKMTUnlock2 [gpu-readback]       0x00000000  STATUS_SUCCESS
D3DKMTLock2 [gpu-ib]               0x00000000  STATUS_SUCCESS
    locked at CPU VA 000001E85E2A0000
D3DKMTUnlock2 [gpu-ib]             0x00000000  STATUS_SUCCESS
Submit GPU readback                0x00000000  STATUS_SUCCESS
    asking the context to signal the monitored fence to 700
D3DKMTSignalSynchronizationObjectFromGpu 0x00000000  STATUS_SUCCESS
D3DKMTWaitForSynchronizationObjectFromCpu 0x00000000  STATUS_SUCCESS
    the monitored fence reached 700 after 0 ms
D3DKMTLock2 [gpu-readback]         0x00000000  STATUS_SUCCESS
    locked at CPU VA 000001E85E2B0000
D3DKMTUnlock2 [gpu-readback]       0x00000000  STATUS_SUCCESS
D3DKMTLock2 [gpu-readback]         0x00000000  STATUS_SUCCESS
    locked at CPU VA 000001E85E2B0000
D3DKMTUnlock2 [gpu-readback]       0x00000000  STATUS_SUCCESS
D3DKMTLock2 [gpu-ib]               0x00000000  STATUS_SUCCESS
    locked at CPU VA 000001E85E2A0000
D3DKMTUnlock2 [gpu-ib]             0x00000000  STATUS_SUCCESS
Submit GPU readback                0x00000000  STATUS_SUCCESS
    asking the context to signal the monitored fence to 701
D3DKMTSignalSynchronizationObjectFromGpu 0x00000000  STATUS_SUCCESS
D3DKMTWaitForSynchronizationObjectFromCpu 0x00000000  STATUS_SUCCESS
    the monitored fence reached 701 after 0 ms
D3DKMTLock2 [gpu-readback]         0x00000000  STATUS_SUCCESS
    locked at CPU VA 000001E85E2B0000
D3DKMTUnlock2 [gpu-readback]       0x00000000  STATUS_SUCCESS
D3DKMTLock2 [gpu-readback]         0x00000000  STATUS_SUCCESS
    locked at CPU VA 000001E85E2B0000
D3DKMTUnlock2 [gpu-readback]       0x00000000  STATUS_SUCCESS
D3DKMTLock2 [gpu-ib]               0x00000000  STATUS_SUCCESS
    locked at CPU VA 000001E85E2A0000
D3DKMTUnlock2 [gpu-ib]             0x00000000  STATUS_SUCCESS
Submit GPU readback                0x00000000  STATUS_SUCCESS
    asking the context to signal the monitored fence to 702
D3DKMTSignalSynchronizationObjectFromGpu 0x00000000  STATUS_SUCCESS
D3DKMTWaitForSynchronizationObjectFromCpu 0x00000000  STATUS_SUCCESS
    the monitored fence reached 702 after 0 ms
D3DKMTLock2 [gpu-readback]         0x00000000  STATUS_SUCCESS
    locked at CPU VA 000001E85E2B0000
D3DKMTUnlock2 [gpu-readback]       0x00000000  STATUS_SUCCESS
D3DKMTLock2 [gpu-readback]         0x00000000  STATUS_SUCCESS
    locked at CPU VA 000001E85E2B0000
D3DKMTUnlock2 [gpu-readback]       0x00000000  STATUS_SUCCESS
D3DKMTLock2 [gpu-ib]               0x00000000  STATUS_SUCCESS
    locked at CPU VA 000001E85E2A0000
D3DKMTUnlock2 [gpu-ib]             0x00000000  STATUS_SUCCESS
Submit GPU readback                0x00000000  STATUS_SUCCESS
    asking the context to signal the monitored fence to 703
D3DKMTSignalSynchronizationObjectFromGpu 0x00000000  STATUS_SUCCESS
D3DKMTWaitForSynchronizationObjectFromCpu 0x00000000  STATUS_SUCCESS
    the monitored fence reached 703 after 0 ms
D3DKMTLock2 [gpu-readback]         0x00000000  STATUS_SUCCESS
    locked at CPU VA 000001E85E2B0000
D3DKMTUnlock2 [gpu-readback]       0x00000000  STATUS_SUCCESS
D3DKMTLock2 [gpu-readback]         0x00000000  STATUS_SUCCESS
    locked at CPU VA 000001E85E2B0000
D3DKMTUnlock2 [gpu-readback]       0x00000000  STATUS_SUCCESS
D3DKMTLock2 [gpu-ib]               0x00000000  STATUS_SUCCESS
    locked at CPU VA 000001E85E2A0000
D3DKMTUnlock2 [gpu-ib]             0x00000000  STATUS_SUCCESS
Submit GPU readback                0x00000000  STATUS_SUCCESS
    asking the context to signal the monitored fence to 704
D3DKMTSignalSynchronizationObjectFromGpu 0x00000000  STATUS_SUCCESS
D3DKMTWaitForSynchronizationObjectFromCpu 0x00000000  STATUS_SUCCESS
    the monitored fence reached 704 after 0 ms
D3DKMTLock2 [gpu-readback]         0x00000000  STATUS_SUCCESS
    locked at CPU VA 000001E85E2B0000
D3DKMTUnlock2 [gpu-readback]       0x00000000  STATUS_SUCCESS
D3DKMTLock2 [gpu-readback]         0x00000000  STATUS_SUCCESS
    locked at CPU VA 000001E85E2B0000
D3DKMTUnlock2 [gpu-readback]       0x00000000  STATUS_SUCCESS
D3DKMTLock2 [gpu-ib]               0x00000000  STATUS_SUCCESS
    locked at CPU VA 000001E85E2A0000
D3DKMTUnlock2 [gpu-ib]             0x00000000  STATUS_SUCCESS
Submit GPU readback                0x00000000  STATUS_SUCCESS
    asking the context to signal the monitored fence to 705
D3DKMTSignalSynchronizationObjectFromGpu 0x00000000  STATUS_SUCCESS
D3DKMTWaitForSynchronizationObjectFromCpu 0x00000000  STATUS_SUCCESS
    the monitored fence reached 705 after 0 ms
D3DKMTLock2 [gpu-readback]         0x00000000  STATUS_SUCCESS
    locked at CPU VA 000001E85E2B0000
D3DKMTUnlock2 [gpu-readback]       0x00000000  STATUS_SUCCESS
D3DKMTLock2 [gpu-readback]         0x00000000  STATUS_SUCCESS
    locked at CPU VA 000001E85E2B0000
D3DKMTUnlock2 [gpu-readback]       0x00000000  STATUS_SUCCESS
D3DKMTLock2 [gpu-ib]               0x00000000  STATUS_SUCCESS
    locked at CPU VA 000001E85E2A0000
D3DKMTUnlock2 [gpu-ib]             0x00000000  STATUS_SUCCESS
Submit GPU readback                0x00000000  STATUS_SUCCESS
    asking the context to signal the monitored fence to 706
D3DKMTSignalSynchronizationObjectFromGpu 0x00000000  STATUS_SUCCESS
D3DKMTWaitForSynchronizationObjectFromCpu 0x00000000  STATUS_SUCCESS
    the monitored fence reached 706 after 0 ms
D3DKMTLock2 [gpu-readback]         0x00000000  STATUS_SUCCESS
    locked at CPU VA 000001E85E2B0000
D3DKMTUnlock2 [gpu-readback]       0x00000000  STATUS_SUCCESS
D3DKMTLock2 [gpu-readback]         0x00000000  STATUS_SUCCESS
    locked at CPU VA 000001E85E2B0000
D3DKMTUnlock2 [gpu-readback]       0x00000000  STATUS_SUCCESS
D3DKMTLock2 [gpu-ib]               0x00000000  STATUS_SUCCESS
    locked at CPU VA 000001E85E2A0000
D3DKMTUnlock2 [gpu-ib]             0x00000000  STATUS_SUCCESS
Submit GPU readback                0x00000000  STATUS_SUCCESS
    asking the context to signal the monitored fence to 707
D3DKMTSignalSynchronizationObjectFromGpu 0x00000000  STATUS_SUCCESS
D3DKMTWaitForSynchronizationObjectFromCpu 0x00000000  STATUS_SUCCESS
    the monitored fence reached 707 after 0 ms
D3DKMTLock2 [gpu-readback]         0x00000000  STATUS_SUCCESS
    locked at CPU VA 000001E85E2B0000
D3DKMTUnlock2 [gpu-readback]       0x00000000  STATUS_SUCCESS
D3DKMTLock2 [gpu-readback]         0x00000000  STATUS_SUCCESS
    locked at CPU VA 000001E85E2B0000
D3DKMTUnlock2 [gpu-readback]       0x00000000  STATUS_SUCCESS
D3DKMTLock2 [gpu-ib]               0x00000000  STATUS_SUCCESS
    locked at CPU VA 000001E85E2A0000
D3DKMTUnlock2 [gpu-ib]             0x00000000  STATUS_SUCCESS
Submit GPU readback                0x00000000  STATUS_SUCCESS
    asking the context to signal the monitored fence to 708
D3DKMTSignalSynchronizationObjectFromGpu 0x00000000  STATUS_SUCCESS
D3DKMTWaitForSynchronizationObjectFromCpu 0x00000000  STATUS_SUCCESS
    the monitored fence reached 708 after 0 ms
D3DKMTLock2 [gpu-readback]         0x00000000  STATUS_SUCCESS
    locked at CPU VA 000001E85E2B0000
D3DKMTUnlock2 [gpu-readback]       0x00000000  STATUS_SUCCESS
D3DKMTLock2 [gpu-readback]         0x00000000  STATUS_SUCCESS
    locked at CPU VA 000001E85E2B0000
D3DKMTUnlock2 [gpu-readback]       0x00000000  STATUS_SUCCESS
D3DKMTLock2 [gpu-ib]               0x00000000  STATUS_SUCCESS
    locked at CPU VA 000001E85E2A0000
D3DKMTUnlock2 [gpu-ib]             0x00000000  STATUS_SUCCESS
Submit GPU readback                0x00000000  STATUS_SUCCESS
    asking the context to signal the monitored fence to 709
D3DKMTSignalSynchronizationObjectFromGpu 0x00000000  STATUS_SUCCESS
D3DKMTWaitForSynchronizationObjectFromCpu 0x00000000  STATUS_SUCCESS
    the monitored fence reached 709 after 0 ms
D3DKMTLock2 [gpu-readback]         0x00000000  STATUS_SUCCESS
    locked at CPU VA 000001E85E2B0000
D3DKMTUnlock2 [gpu-readback]       0x00000000  STATUS_SUCCESS
D3DKMTLock2 [gpu-readback]         0x00000000  STATUS_SUCCESS
    locked at CPU VA 000001E85E2B0000
D3DKMTUnlock2 [gpu-readback]       0x00000000  STATUS_SUCCESS
D3DKMTLock2 [gpu-ib]               0x00000000  STATUS_SUCCESS
    locked at CPU VA 000001E85E2A0000
D3DKMTUnlock2 [gpu-ib]             0x00000000  STATUS_SUCCESS
Submit GPU readback                0x00000000  STATUS_SUCCESS
    asking the context to signal the monitored fence to 710
D3DKMTSignalSynchronizationObjectFromGpu 0x00000000  STATUS_SUCCESS
D3DKMTWaitForSynchronizationObjectFromCpu 0x00000000  STATUS_SUCCESS
    the monitored fence reached 710 after 0 ms
D3DKMTLock2 [gpu-readback]         0x00000000  STATUS_SUCCESS
    locked at CPU VA 000001E85E2B0000
D3DKMTUnlock2 [gpu-readback]       0x00000000  STATUS_SUCCESS
D3DKMTLock2 [gpu-readback]         0x00000000  STATUS_SUCCESS
    locked at CPU VA 000001E85E2B0000
D3DKMTUnlock2 [gpu-readback]       0x00000000  STATUS_SUCCESS
D3DKMTLock2 [gpu-ib]               0x00000000  STATUS_SUCCESS
    locked at CPU VA 000001E85E2A0000
D3DKMTUnlock2 [gpu-ib]             0x00000000  STATUS_SUCCESS
Submit GPU readback                0x00000000  STATUS_SUCCESS
    asking the context to signal the monitored fence to 711
D3DKMTSignalSynchronizationObjectFromGpu 0x00000000  STATUS_SUCCESS
D3DKMTWaitForSynchronizationObjectFromCpu 0x00000000  STATUS_SUCCESS
    the monitored fence reached 711 after 0 ms
D3DKMTLock2 [gpu-readback]         0x00000000  STATUS_SUCCESS
    locked at CPU VA 000001E85E2B0000
D3DKMTUnlock2 [gpu-readback]       0x00000000  STATUS_SUCCESS
D3DKMTLock2 [gpu-readback]         0x00000000  STATUS_SUCCESS
    locked at CPU VA 000001E85E2B0000
D3DKMTUnlock2 [gpu-readback]       0x00000000  STATUS_SUCCESS
D3DKMTLock2 [gpu-ib]               0x00000000  STATUS_SUCCESS
    locked at CPU VA 000001E85E2A0000
D3DKMTUnlock2 [gpu-ib]             0x00000000  STATUS_SUCCESS
Submit GPU readback                0x00000000  STATUS_SUCCESS
    asking the context to signal the monitored fence to 712
D3DKMTSignalSynchronizationObjectFromGpu 0x00000000  STATUS_SUCCESS
D3DKMTWaitForSynchronizationObjectFromCpu 0x00000000  STATUS_SUCCESS
    the monitored fence reached 712 after 0 ms
D3DKMTLock2 [gpu-readback]         0x00000000  STATUS_SUCCESS
    locked at CPU VA 000001E85E2B0000
D3DKMTUnlock2 [gpu-readback]       0x00000000  STATUS_SUCCESS
D3DKMTLock2 [gpu-readback]         0x00000000  STATUS_SUCCESS
    locked at CPU VA 000001E85E2B0000
D3DKMTUnlock2 [gpu-readback]       0x00000000  STATUS_SUCCESS
D3DKMTLock2 [gpu-ib]               0x00000000  STATUS_SUCCESS
    locked at CPU VA 000001E85E2A0000
D3DKMTUnlock2 [gpu-ib]             0x00000000  STATUS_SUCCESS
Submit GPU readback                0x00000000  STATUS_SUCCESS
    asking the context to signal the monitored fence to 713
D3DKMTSignalSynchronizationObjectFromGpu 0x00000000  STATUS_SUCCESS
D3DKMTWaitForSynchronizationObjectFromCpu 0x00000000  STATUS_SUCCESS
    the monitored fence reached 713 after 0 ms
D3DKMTLock2 [gpu-readback]         0x00000000  STATUS_SUCCESS
    locked at CPU VA 000001E85E2B0000
D3DKMTUnlock2 [gpu-readback]       0x00000000  STATUS_SUCCESS
D3DKMTLock2 [gpu-readback]         0x00000000  STATUS_SUCCESS
    locked at CPU VA 000001E85E2B0000
D3DKMTUnlock2 [gpu-readback]       0x00000000  STATUS_SUCCESS
D3DKMTLock2 [gpu-ib]               0x00000000  STATUS_SUCCESS
    locked at CPU VA 000001E85E2A0000
D3DKMTUnlock2 [gpu-ib]             0x00000000  STATUS_SUCCESS
Submit GPU readback                0x00000000  STATUS_SUCCESS
    asking the context to signal the monitored fence to 714
D3DKMTSignalSynchronizationObjectFromGpu 0x00000000  STATUS_SUCCESS
D3DKMTWaitForSynchronizationObjectFromCpu 0x00000000  STATUS_SUCCESS
    the monitored fence reached 714 after 0 ms
D3DKMTLock2 [gpu-readback]         0x00000000  STATUS_SUCCESS
    locked at CPU VA 000001E85E2B0000
D3DKMTUnlock2 [gpu-readback]       0x00000000  STATUS_SUCCESS
D3DKMTLock2 [gpu-readback]         0x00000000  STATUS_SUCCESS
    locked at CPU VA 000001E85E2B0000
D3DKMTUnlock2 [gpu-readback]       0x00000000  STATUS_SUCCESS
D3DKMTLock2 [gpu-ib]               0x00000000  STATUS_SUCCESS
    locked at CPU VA 000001E85E2A0000
D3DKMTUnlock2 [gpu-ib]             0x00000000  STATUS_SUCCESS
Submit GPU readback                0x00000000  STATUS_SUCCESS
    asking the context to signal the monitored fence to 715
D3DKMTSignalSynchronizationObjectFromGpu 0x00000000  STATUS_SUCCESS
D3DKMTWaitForSynchronizationObjectFromCpu 0x00000000  STATUS_SUCCESS
    the monitored fence reached 715 after 0 ms
D3DKMTLock2 [gpu-readback]         0x00000000  STATUS_SUCCESS
    locked at CPU VA 000001E85E2B0000
D3DKMTUnlock2 [gpu-readback]       0x00000000  STATUS_SUCCESS
D3DKMTLock2 [gpu-readback]         0x00000000  STATUS_SUCCESS
    locked at CPU VA 000001E85E2B0000
D3DKMTUnlock2 [gpu-readback]       0x00000000  STATUS_SUCCESS
D3DKMTLock2 [gpu-ib]               0x00000000  STATUS_SUCCESS
    locked at CPU VA 000001E85E2A0000
D3DKMTUnlock2 [gpu-ib]             0x00000000  STATUS_SUCCESS
Submit GPU readback                0x00000000  STATUS_SUCCESS
    asking the context to signal the monitored fence to 716
D3DKMTSignalSynchronizationObjectFromGpu 0x00000000  STATUS_SUCCESS
D3DKMTWaitForSynchronizationObjectFromCpu 0x00000000  STATUS_SUCCESS
    the monitored fence reached 716 after 0 ms
D3DKMTLock2 [gpu-readback]         0x00000000  STATUS_SUCCESS
    locked at CPU VA 000001E85E2B0000
D3DKMTUnlock2 [gpu-readback]       0x00000000  STATUS_SUCCESS
D3DKMTLock2 [gpu-readback]         0x00000000  STATUS_SUCCESS
    locked at CPU VA 000001E85E2B0000
D3DKMTUnlock2 [gpu-readback]       0x00000000  STATUS_SUCCESS
D3DKMTLock2 [gpu-ib]               0x00000000  STATUS_SUCCESS
    locked at CPU VA 000001E85E2A0000
D3DKMTUnlock2 [gpu-ib]             0x00000000  STATUS_SUCCESS
Submit GPU readback                0x00000000  STATUS_SUCCESS
    asking the context to signal the monitored fence to 717
D3DKMTSignalSynchronizationObjectFromGpu 0x00000000  STATUS_SUCCESS
D3DKMTWaitForSynchronizationObjectFromCpu 0x00000000  STATUS_SUCCESS
    the monitored fence reached 717 after 0 ms
D3DKMTLock2 [gpu-readback]         0x00000000  STATUS_SUCCESS
    locked at CPU VA 000001E85E2B0000
D3DKMTUnlock2 [gpu-readback]       0x00000000  STATUS_SUCCESS
D3DKMTLock2 [gpu-readback]         0x00000000  STATUS_SUCCESS
    locked at CPU VA 000001E85E2B0000
D3DKMTUnlock2 [gpu-readback]       0x00000000  STATUS_SUCCESS
D3DKMTLock2 [gpu-ib]               0x00000000  STATUS_SUCCESS
    locked at CPU VA 000001E85E2A0000
D3DKMTUnlock2 [gpu-ib]             0x00000000  STATUS_SUCCESS
Submit GPU readback                0x00000000  STATUS_SUCCESS
    asking the context to signal the monitored fence to 718
D3DKMTSignalSynchronizationObjectFromGpu 0x00000000  STATUS_SUCCESS
D3DKMTWaitForSynchronizationObjectFromCpu 0x00000000  STATUS_SUCCESS
    the monitored fence reached 718 after 0 ms
D3DKMTLock2 [gpu-readback]         0x00000000  STATUS_SUCCESS
    locked at CPU VA 000001E85E2B0000
D3DKMTUnlock2 [gpu-readback]       0x00000000  STATUS_SUCCESS
D3DKMTLock2 [gpu-readback]         0x00000000  STATUS_SUCCESS
    locked at CPU VA 000001E85E2B0000
D3DKMTUnlock2 [gpu-readback]       0x00000000  STATUS_SUCCESS
D3DKMTLock2 [gpu-ib]               0x00000000  STATUS_SUCCESS
    locked at CPU VA 000001E85E2A0000
D3DKMTUnlock2 [gpu-ib]             0x00000000  STATUS_SUCCESS
Submit GPU readback                0x00000000  STATUS_SUCCESS
    asking the context to signal the monitored fence to 719
D3DKMTSignalSynchronizationObjectFromGpu 0x00000000  STATUS_SUCCESS
D3DKMTWaitForSynchronizationObjectFromCpu 0x00000000  STATUS_SUCCESS
    the monitored fence reached 719 after 0 ms
D3DKMTLock2 [gpu-readback]         0x00000000  STATUS_SUCCESS
    locked at CPU VA 000001E85E2B0000
D3DKMTUnlock2 [gpu-readback]       0x00000000  STATUS_SUCCESS
D3DKMTLock2 [gpu-readback]         0x00000000  STATUS_SUCCESS
    locked at CPU VA 000001E85E2B0000
D3DKMTUnlock2 [gpu-readback]       0x00000000  STATUS_SUCCESS
D3DKMTLock2 [gpu-ib]               0x00000000  STATUS_SUCCESS
    locked at CPU VA 000001E85E2A0000
D3DKMTUnlock2 [gpu-ib]             0x00000000  STATUS_SUCCESS
Submit GPU readback                0x00000000  STATUS_SUCCESS
    asking the context to signal the monitored fence to 720
D3DKMTSignalSynchronizationObjectFromGpu 0x00000000  STATUS_SUCCESS
D3DKMTWaitForSynchronizationObjectFromCpu 0x00000000  STATUS_SUCCESS
    the monitored fence reached 720 after 0 ms
D3DKMTLock2 [gpu-readback]         0x00000000  STATUS_SUCCESS
    locked at CPU VA 000001E85E2B0000
D3DKMTUnlock2 [gpu-readback]       0x00000000  STATUS_SUCCESS
D3DKMTLock2 [gpu-readback]         0x00000000  STATUS_SUCCESS
    locked at CPU VA 000001E85E2B0000
D3DKMTUnlock2 [gpu-readback]       0x00000000  STATUS_SUCCESS
D3DKMTLock2 [gpu-ib]               0x00000000  STATUS_SUCCESS
    locked at CPU VA 000001E85E2A0000
D3DKMTUnlock2 [gpu-ib]             0x00000000  STATUS_SUCCESS
Submit GPU readback                0x00000000  STATUS_SUCCESS
    asking the context to signal the monitored fence to 721
D3DKMTSignalSynchronizationObjectFromGpu 0x00000000  STATUS_SUCCESS
D3DKMTWaitForSynchronizationObjectFromCpu 0x00000000  STATUS_SUCCESS
    the monitored fence reached 721 after 0 ms
D3DKMTLock2 [gpu-readback]         0x00000000  STATUS_SUCCESS
    locked at CPU VA 000001E85E2B0000
D3DKMTUnlock2 [gpu-readback]       0x00000000  STATUS_SUCCESS
D3DKMTLock2 [gpu-readback]         0x00000000  STATUS_SUCCESS
    locked at CPU VA 000001E85E2B0000
D3DKMTUnlock2 [gpu-readback]       0x00000000  STATUS_SUCCESS
D3DKMTLock2 [gpu-ib]               0x00000000  STATUS_SUCCESS
    locked at CPU VA 000001E85E2A0000
D3DKMTUnlock2 [gpu-ib]             0x00000000  STATUS_SUCCESS
Submit GPU readback                0x00000000  STATUS_SUCCESS
    asking the context to signal the monitored fence to 722
D3DKMTSignalSynchronizationObjectFromGpu 0x00000000  STATUS_SUCCESS
D3DKMTWaitForSynchronizationObjectFromCpu 0x00000000  STATUS_SUCCESS
    the monitored fence reached 722 after 0 ms
D3DKMTLock2 [gpu-readback]         0x00000000  STATUS_SUCCESS
    locked at CPU VA 000001E85E2B0000
D3DKMTUnlock2 [gpu-readback]       0x00000000  STATUS_SUCCESS
D3DKMTLock2 [gpu-readback]         0x00000000  STATUS_SUCCESS
    locked at CPU VA 000001E85E2B0000
D3DKMTUnlock2 [gpu-readback]       0x00000000  STATUS_SUCCESS
D3DKMTLock2 [gpu-ib]               0x00000000  STATUS_SUCCESS
    locked at CPU VA 000001E85E2A0000
D3DKMTUnlock2 [gpu-ib]             0x00000000  STATUS_SUCCESS
Submit GPU readback                0x00000000  STATUS_SUCCESS
    asking the context to signal the monitored fence to 723
D3DKMTSignalSynchronizationObjectFromGpu 0x00000000  STATUS_SUCCESS
D3DKMTWaitForSynchronizationObjectFromCpu 0x00000000  STATUS_SUCCESS
    the monitored fence reached 723 after 0 ms
D3DKMTLock2 [gpu-readback]         0x00000000  STATUS_SUCCESS
    locked at CPU VA 000001E85E2B0000
D3DKMTUnlock2 [gpu-readback]       0x00000000  STATUS_SUCCESS
D3DKMTLock2 [gpu-readback]         0x00000000  STATUS_SUCCESS
    locked at CPU VA 000001E85E2B0000
D3DKMTUnlock2 [gpu-readback]       0x00000000  STATUS_SUCCESS
D3DKMTLock2 [gpu-ib]               0x00000000  STATUS_SUCCESS
    locked at CPU VA 000001E85E2A0000
D3DKMTUnlock2 [gpu-ib]             0x00000000  STATUS_SUCCESS
Submit GPU readback                0x00000000  STATUS_SUCCESS
    asking the context to signal the monitored fence to 724
D3DKMTSignalSynchronizationObjectFromGpu 0x00000000  STATUS_SUCCESS
D3DKMTWaitForSynchronizationObjectFromCpu 0x00000000  STATUS_SUCCESS
    the monitored fence reached 724 after 0 ms
D3DKMTLock2 [gpu-readback]         0x00000000  STATUS_SUCCESS
    locked at CPU VA 000001E85E2B0000
D3DKMTUnlock2 [gpu-readback]       0x00000000  STATUS_SUCCESS
D3DKMTLock2 [gpu-readback]         0x00000000  STATUS_SUCCESS
    locked at CPU VA 000001E85E2B0000
D3DKMTUnlock2 [gpu-readback]       0x00000000  STATUS_SUCCESS
D3DKMTLock2 [gpu-ib]               0x00000000  STATUS_SUCCESS
    locked at CPU VA 000001E85E2A0000
D3DKMTUnlock2 [gpu-ib]             0x00000000  STATUS_SUCCESS
Submit GPU readback                0x00000000  STATUS_SUCCESS
    asking the context to signal the monitored fence to 725
D3DKMTSignalSynchronizationObjectFromGpu 0x00000000  STATUS_SUCCESS
D3DKMTWaitForSynchronizationObjectFromCpu 0x00000000  STATUS_SUCCESS
    the monitored fence reached 725 after 0 ms
D3DKMTLock2 [gpu-readback]         0x00000000  STATUS_SUCCESS
    locked at CPU VA 000001E85E2B0000
D3DKMTUnlock2 [gpu-readback]       0x00000000  STATUS_SUCCESS
D3DKMTLock2 [gpu-readback]         0x00000000  STATUS_SUCCESS
    locked at CPU VA 000001E85E2B0000
D3DKMTUnlock2 [gpu-readback]       0x00000000  STATUS_SUCCESS
D3DKMTLock2 [gpu-ib]               0x00000000  STATUS_SUCCESS
    locked at CPU VA 000001E85E2A0000
D3DKMTUnlock2 [gpu-ib]             0x00000000  STATUS_SUCCESS
Submit GPU readback                0x00000000  STATUS_SUCCESS
    asking the context to signal the monitored fence to 726
D3DKMTSignalSynchronizationObjectFromGpu 0x00000000  STATUS_SUCCESS
D3DKMTWaitForSynchronizationObjectFromCpu 0x00000000  STATUS_SUCCESS
    the monitored fence reached 726 after 0 ms
D3DKMTLock2 [gpu-readback]         0x00000000  STATUS_SUCCESS
    locked at CPU VA 000001E85E2B0000
D3DKMTUnlock2 [gpu-readback]       0x00000000  STATUS_SUCCESS
D3DKMTLock2 [gpu-readback]         0x00000000  STATUS_SUCCESS
    locked at CPU VA 000001E85E2B0000
D3DKMTUnlock2 [gpu-readback]       0x00000000  STATUS_SUCCESS
D3DKMTLock2 [gpu-ib]               0x00000000  STATUS_SUCCESS
    locked at CPU VA 000001E85E2A0000
D3DKMTUnlock2 [gpu-ib]             0x00000000  STATUS_SUCCESS
Submit GPU readback                0x00000000  STATUS_SUCCESS
    asking the context to signal the monitored fence to 727
D3DKMTSignalSynchronizationObjectFromGpu 0x00000000  STATUS_SUCCESS
D3DKMTWaitForSynchronizationObjectFromCpu 0x00000000  STATUS_SUCCESS
    the monitored fence reached 727 after 0 ms
D3DKMTLock2 [gpu-readback]         0x00000000  STATUS_SUCCESS
    locked at CPU VA 000001E85E2B0000
D3DKMTUnlock2 [gpu-readback]       0x00000000  STATUS_SUCCESS
D3DKMTLock2 [gpu-readback]         0x00000000  STATUS_SUCCESS
    locked at CPU VA 000001E85E2B0000
D3DKMTUnlock2 [gpu-readback]       0x00000000  STATUS_SUCCESS
D3DKMTLock2 [gpu-ib]               0x00000000  STATUS_SUCCESS
    locked at CPU VA 000001E85E2A0000
D3DKMTUnlock2 [gpu-ib]             0x00000000  STATUS_SUCCESS
Submit GPU readback                0x00000000  STATUS_SUCCESS
    asking the context to signal the monitored fence to 728
D3DKMTSignalSynchronizationObjectFromGpu 0x00000000  STATUS_SUCCESS
D3DKMTWaitForSynchronizationObjectFromCpu 0x00000000  STATUS_SUCCESS
    the monitored fence reached 728 after 0 ms
D3DKMTLock2 [gpu-readback]         0x00000000  STATUS_SUCCESS
    locked at CPU VA 000001E85E2B0000
D3DKMTUnlock2 [gpu-readback]       0x00000000  STATUS_SUCCESS
D3DKMTLock2 [gpu-readback]         0x00000000  STATUS_SUCCESS
    locked at CPU VA 000001E85E2B0000
D3DKMTUnlock2 [gpu-readback]       0x00000000  STATUS_SUCCESS
D3DKMTLock2 [gpu-ib]               0x00000000  STATUS_SUCCESS
    locked at CPU VA 000001E85E2A0000
D3DKMTUnlock2 [gpu-ib]             0x00000000  STATUS_SUCCESS
Submit GPU readback                0x00000000  STATUS_SUCCESS
    asking the context to signal the monitored fence to 729
D3DKMTSignalSynchronizationObjectFromGpu 0x00000000  STATUS_SUCCESS
D3DKMTWaitForSynchronizationObjectFromCpu 0x00000000  STATUS_SUCCESS
    the monitored fence reached 729 after 15 ms
D3DKMTLock2 [gpu-readback]         0x00000000  STATUS_SUCCESS
    locked at CPU VA 000001E85E2B0000
D3DKMTUnlock2 [gpu-readback]       0x00000000  STATUS_SUCCESS
D3DKMTLock2 [gpu-readback]         0x00000000  STATUS_SUCCESS
    locked at CPU VA 000001E85E2B0000
D3DKMTUnlock2 [gpu-readback]       0x00000000  STATUS_SUCCESS
D3DKMTLock2 [gpu-ib]               0x00000000  STATUS_SUCCESS
    locked at CPU VA 000001E85E2A0000
D3DKMTUnlock2 [gpu-ib]             0x00000000  STATUS_SUCCESS
Submit GPU readback                0x00000000  STATUS_SUCCESS
    asking the context to signal the monitored fence to 730
D3DKMTSignalSynchronizationObjectFromGpu 0x00000000  STATUS_SUCCESS
D3DKMTWaitForSynchronizationObjectFromCpu 0x00000000  STATUS_SUCCESS
    the monitored fence reached 730 after 0 ms
D3DKMTLock2 [gpu-readback]         0x00000000  STATUS_SUCCESS
    locked at CPU VA 000001E85E2B0000
D3DKMTUnlock2 [gpu-readback]       0x00000000  STATUS_SUCCESS
D3DKMTLock2 [gpu-readback]         0x00000000  STATUS_SUCCESS
    locked at CPU VA 000001E85E2B0000
D3DKMTUnlock2 [gpu-readback]       0x00000000  STATUS_SUCCESS
D3DKMTLock2 [gpu-ib]               0x00000000  STATUS_SUCCESS
    locked at CPU VA 000001E85E2A0000
D3DKMTUnlock2 [gpu-ib]             0x00000000  STATUS_SUCCESS
Submit GPU readback                0x00000000  STATUS_SUCCESS
    asking the context to signal the monitored fence to 731
D3DKMTSignalSynchronizationObjectFromGpu 0x00000000  STATUS_SUCCESS
D3DKMTWaitForSynchronizationObjectFromCpu 0x00000000  STATUS_SUCCESS
    the monitored fence reached 731 after 0 ms
D3DKMTLock2 [gpu-readback]         0x00000000  STATUS_SUCCESS
    locked at CPU VA 000001E85E2B0000
D3DKMTUnlock2 [gpu-readback]       0x00000000  STATUS_SUCCESS
D3DKMTLock2 [gpu-readback]         0x00000000  STATUS_SUCCESS
    locked at CPU VA 000001E85E2B0000
D3DKMTUnlock2 [gpu-readback]       0x00000000  STATUS_SUCCESS
D3DKMTLock2 [gpu-ib]               0x00000000  STATUS_SUCCESS
    locked at CPU VA 000001E85E2A0000
D3DKMTUnlock2 [gpu-ib]             0x00000000  STATUS_SUCCESS
Submit GPU readback                0x00000000  STATUS_SUCCESS
    asking the context to signal the monitored fence to 732
D3DKMTSignalSynchronizationObjectFromGpu 0x00000000  STATUS_SUCCESS
D3DKMTWaitForSynchronizationObjectFromCpu 0x00000000  STATUS_SUCCESS
    the monitored fence reached 732 after 0 ms
D3DKMTLock2 [gpu-readback]         0x00000000  STATUS_SUCCESS
    locked at CPU VA 000001E85E2B0000
D3DKMTUnlock2 [gpu-readback]       0x00000000  STATUS_SUCCESS
D3DKMTLock2 [gpu-readback]         0x00000000  STATUS_SUCCESS
    locked at CPU VA 000001E85E2B0000
D3DKMTUnlock2 [gpu-readback]       0x00000000  STATUS_SUCCESS
D3DKMTLock2 [gpu-ib]               0x00000000  STATUS_SUCCESS
    locked at CPU VA 000001E85E2A0000
D3DKMTUnlock2 [gpu-ib]             0x00000000  STATUS_SUCCESS
Submit GPU readback                0x00000000  STATUS_SUCCESS
    asking the context to signal the monitored fence to 733
D3DKMTSignalSynchronizationObjectFromGpu 0x00000000  STATUS_SUCCESS
D3DKMTWaitForSynchronizationObjectFromCpu 0x00000000  STATUS_SUCCESS
    the monitored fence reached 733 after 0 ms
D3DKMTLock2 [gpu-readback]         0x00000000  STATUS_SUCCESS
    locked at CPU VA 000001E85E2B0000
D3DKMTUnlock2 [gpu-readback]       0x00000000  STATUS_SUCCESS
D3DKMTLock2 [gpu-readback]         0x00000000  STATUS_SUCCESS
    locked at CPU VA 000001E85E2B0000
D3DKMTUnlock2 [gpu-readback]       0x00000000  STATUS_SUCCESS
D3DKMTLock2 [gpu-ib]               0x00000000  STATUS_SUCCESS
    locked at CPU VA 000001E85E2A0000
D3DKMTUnlock2 [gpu-ib]             0x00000000  STATUS_SUCCESS
Submit GPU readback                0x00000000  STATUS_SUCCESS
    asking the context to signal the monitored fence to 734
D3DKMTSignalSynchronizationObjectFromGpu 0x00000000  STATUS_SUCCESS
D3DKMTWaitForSynchronizationObjectFromCpu 0x00000000  STATUS_SUCCESS
    the monitored fence reached 734 after 0 ms
D3DKMTLock2 [gpu-readback]         0x00000000  STATUS_SUCCESS
    locked at CPU VA 000001E85E2B0000
D3DKMTUnlock2 [gpu-readback]       0x00000000  STATUS_SUCCESS
D3DKMTLock2 [gpu-readback]         0x00000000  STATUS_SUCCESS
    locked at CPU VA 000001E85E2B0000
D3DKMTUnlock2 [gpu-readback]       0x00000000  STATUS_SUCCESS
D3DKMTLock2 [gpu-ib]               0x00000000  STATUS_SUCCESS
    locked at CPU VA 000001E85E2A0000
D3DKMTUnlock2 [gpu-ib]             0x00000000  STATUS_SUCCESS
Submit GPU readback                0x00000000  STATUS_SUCCESS
    asking the context to signal the monitored fence to 735
D3DKMTSignalSynchronizationObjectFromGpu 0x00000000  STATUS_SUCCESS
D3DKMTWaitForSynchronizationObjectFromCpu 0x00000000  STATUS_SUCCESS
    the monitored fence reached 735 after 0 ms
D3DKMTLock2 [gpu-readback]         0x00000000  STATUS_SUCCESS
    locked at CPU VA 000001E85E2B0000
D3DKMTUnlock2 [gpu-readback]       0x00000000  STATUS_SUCCESS
D3DKMTLock2 [gpu-readback]         0x00000000  STATUS_SUCCESS
    locked at CPU VA 000001E85E2B0000
D3DKMTUnlock2 [gpu-readback]       0x00000000  STATUS_SUCCESS
D3DKMTLock2 [gpu-ib]               0x00000000  STATUS_SUCCESS
    locked at CPU VA 000001E85E2A0000
D3DKMTUnlock2 [gpu-ib]             0x00000000  STATUS_SUCCESS
Submit GPU readback                0x00000000  STATUS_SUCCESS
    asking the context to signal the monitored fence to 736
D3DKMTSignalSynchronizationObjectFromGpu 0x00000000  STATUS_SUCCESS
D3DKMTWaitForSynchronizationObjectFromCpu 0x00000000  STATUS_SUCCESS
    the monitored fence reached 736 after 0 ms
D3DKMTLock2 [gpu-readback]         0x00000000  STATUS_SUCCESS
    locked at CPU VA 000001E85E2B0000
D3DKMTUnlock2 [gpu-readback]       0x00000000  STATUS_SUCCESS
D3DKMTLock2 [gpu-readback]         0x00000000  STATUS_SUCCESS
    locked at CPU VA 000001E85E2B0000
D3DKMTUnlock2 [gpu-readback]       0x00000000  STATUS_SUCCESS
D3DKMTLock2 [gpu-ib]               0x00000000  STATUS_SUCCESS
    locked at CPU VA 000001E85E2A0000
D3DKMTUnlock2 [gpu-ib]             0x00000000  STATUS_SUCCESS
Submit GPU readback                0x00000000  STATUS_SUCCESS
    asking the context to signal the monitored fence to 737
D3DKMTSignalSynchronizationObjectFromGpu 0x00000000  STATUS_SUCCESS
D3DKMTWaitForSynchronizationObjectFromCpu 0x00000000  STATUS_SUCCESS
    the monitored fence reached 737 after 0 ms
D3DKMTLock2 [gpu-readback]         0x00000000  STATUS_SUCCESS
    locked at CPU VA 000001E85E2B0000
D3DKMTUnlock2 [gpu-readback]       0x00000000  STATUS_SUCCESS
D3DKMTLock2 [gpu-readback]         0x00000000  STATUS_SUCCESS
    locked at CPU VA 000001E85E2B0000
D3DKMTUnlock2 [gpu-readback]       0x00000000  STATUS_SUCCESS
D3DKMTLock2 [gpu-ib]               0x00000000  STATUS_SUCCESS
    locked at CPU VA 000001E85E2A0000
D3DKMTUnlock2 [gpu-ib]             0x00000000  STATUS_SUCCESS
Submit GPU readback                0x00000000  STATUS_SUCCESS
    asking the context to signal the monitored fence to 738
D3DKMTSignalSynchronizationObjectFromGpu 0x00000000  STATUS_SUCCESS
D3DKMTWaitForSynchronizationObjectFromCpu 0x00000000  STATUS_SUCCESS
    the monitored fence reached 738 after 0 ms
D3DKMTLock2 [gpu-readback]         0x00000000  STATUS_SUCCESS
    locked at CPU VA 000001E85E2B0000
D3DKMTUnlock2 [gpu-readback]       0x00000000  STATUS_SUCCESS
D3DKMTLock2 [gpu-readback]         0x00000000  STATUS_SUCCESS
    locked at CPU VA 000001E85E2B0000
D3DKMTUnlock2 [gpu-readback]       0x00000000  STATUS_SUCCESS
D3DKMTLock2 [gpu-ib]               0x00000000  STATUS_SUCCESS
    locked at CPU VA 000001E85E2A0000
D3DKMTUnlock2 [gpu-ib]             0x00000000  STATUS_SUCCESS
Submit GPU readback                0x00000000  STATUS_SUCCESS
    asking the context to signal the monitored fence to 739
D3DKMTSignalSynchronizationObjectFromGpu 0x00000000  STATUS_SUCCESS
D3DKMTWaitForSynchronizationObjectFromCpu 0x00000000  STATUS_SUCCESS
    the monitored fence reached 739 after 0 ms
D3DKMTLock2 [gpu-readback]         0x00000000  STATUS_SUCCESS
    locked at CPU VA 000001E85E2B0000
D3DKMTUnlock2 [gpu-readback]       0x00000000  STATUS_SUCCESS
D3DKMTLock2 [gpu-readback]         0x00000000  STATUS_SUCCESS
    locked at CPU VA 000001E85E2B0000
D3DKMTUnlock2 [gpu-readback]       0x00000000  STATUS_SUCCESS
D3DKMTLock2 [gpu-ib]               0x00000000  STATUS_SUCCESS
    locked at CPU VA 000001E85E2A0000
D3DKMTUnlock2 [gpu-ib]             0x00000000  STATUS_SUCCESS
Submit GPU readback                0x00000000  STATUS_SUCCESS
    asking the context to signal the monitored fence to 740
D3DKMTSignalSynchronizationObjectFromGpu 0x00000000  STATUS_SUCCESS
D3DKMTWaitForSynchronizationObjectFromCpu 0x00000000  STATUS_SUCCESS
    the monitored fence reached 740 after 0 ms
D3DKMTLock2 [gpu-readback]         0x00000000  STATUS_SUCCESS
    locked at CPU VA 000001E85E2B0000
D3DKMTUnlock2 [gpu-readback]       0x00000000  STATUS_SUCCESS
D3DKMTLock2 [gpu-readback]         0x00000000  STATUS_SUCCESS
    locked at CPU VA 000001E85E2B0000
D3DKMTUnlock2 [gpu-readback]       0x00000000  STATUS_SUCCESS
D3DKMTLock2 [gpu-ib]               0x00000000  STATUS_SUCCESS
    locked at CPU VA 000001E85E2A0000
D3DKMTUnlock2 [gpu-ib]             0x00000000  STATUS_SUCCESS
Submit GPU readback                0x00000000  STATUS_SUCCESS
    asking the context to signal the monitored fence to 741
D3DKMTSignalSynchronizationObjectFromGpu 0x00000000  STATUS_SUCCESS
D3DKMTWaitForSynchronizationObjectFromCpu 0x00000000  STATUS_SUCCESS
    the monitored fence reached 741 after 0 ms
D3DKMTLock2 [gpu-readback]         0x00000000  STATUS_SUCCESS
    locked at CPU VA 000001E85E2B0000
D3DKMTUnlock2 [gpu-readback]       0x00000000  STATUS_SUCCESS
D3DKMTLock2 [gpu-readback]         0x00000000  STATUS_SUCCESS
    locked at CPU VA 000001E85E2B0000
D3DKMTUnlock2 [gpu-readback]       0x00000000  STATUS_SUCCESS
D3DKMTLock2 [gpu-ib]               0x00000000  STATUS_SUCCESS
    locked at CPU VA 000001E85E2A0000
D3DKMTUnlock2 [gpu-ib]             0x00000000  STATUS_SUCCESS
Submit GPU readback                0x00000000  STATUS_SUCCESS
    asking the context to signal the monitored fence to 742
D3DKMTSignalSynchronizationObjectFromGpu 0x00000000  STATUS_SUCCESS
D3DKMTWaitForSynchronizationObjectFromCpu 0x00000000  STATUS_SUCCESS
    the monitored fence reached 742 after 0 ms
D3DKMTLock2 [gpu-readback]         0x00000000  STATUS_SUCCESS
    locked at CPU VA 000001E85E2B0000
D3DKMTUnlock2 [gpu-readback]       0x00000000  STATUS_SUCCESS
D3DKMTLock2 [gpu-readback]         0x00000000  STATUS_SUCCESS
    locked at CPU VA 000001E85E2B0000
D3DKMTUnlock2 [gpu-readback]       0x00000000  STATUS_SUCCESS
D3DKMTLock2 [gpu-ib]               0x00000000  STATUS_SUCCESS
    locked at CPU VA 000001E85E2A0000
D3DKMTUnlock2 [gpu-ib]             0x00000000  STATUS_SUCCESS
Submit GPU readback                0x00000000  STATUS_SUCCESS
    asking the context to signal the monitored fence to 743
D3DKMTSignalSynchronizationObjectFromGpu 0x00000000  STATUS_SUCCESS
D3DKMTWaitForSynchronizationObjectFromCpu 0x00000000  STATUS_SUCCESS
    the monitored fence reached 743 after 0 ms
D3DKMTLock2 [gpu-readback]         0x00000000  STATUS_SUCCESS
    locked at CPU VA 000001E85E2B0000
D3DKMTUnlock2 [gpu-readback]       0x00000000  STATUS_SUCCESS
D3DKMTLock2 [gpu-readback]         0x00000000  STATUS_SUCCESS
    locked at CPU VA 000001E85E2B0000
D3DKMTUnlock2 [gpu-readback]       0x00000000  STATUS_SUCCESS
D3DKMTLock2 [gpu-ib]               0x00000000  STATUS_SUCCESS
    locked at CPU VA 000001E85E2A0000
D3DKMTUnlock2 [gpu-ib]             0x00000000  STATUS_SUCCESS
Submit GPU readback                0x00000000  STATUS_SUCCESS
    asking the context to signal the monitored fence to 744
D3DKMTSignalSynchronizationObjectFromGpu 0x00000000  STATUS_SUCCESS
D3DKMTWaitForSynchronizationObjectFromCpu 0x00000000  STATUS_SUCCESS
    the monitored fence reached 744 after 0 ms
D3DKMTLock2 [gpu-readback]         0x00000000  STATUS_SUCCESS
    locked at CPU VA 000001E85E2B0000
D3DKMTUnlock2 [gpu-readback]       0x00000000  STATUS_SUCCESS
D3DKMTLock2 [gpu-readback]         0x00000000  STATUS_SUCCESS
    locked at CPU VA 000001E85E2B0000
D3DKMTUnlock2 [gpu-readback]       0x00000000  STATUS_SUCCESS
D3DKMTLock2 [gpu-ib]               0x00000000  STATUS_SUCCESS
    locked at CPU VA 000001E85E2A0000
D3DKMTUnlock2 [gpu-ib]             0x00000000  STATUS_SUCCESS
Submit GPU readback                0x00000000  STATUS_SUCCESS
    asking the context to signal the monitored fence to 745
D3DKMTSignalSynchronizationObjectFromGpu 0x00000000  STATUS_SUCCESS
D3DKMTWaitForSynchronizationObjectFromCpu 0x00000000  STATUS_SUCCESS
    the monitored fence reached 745 after 0 ms
D3DKMTLock2 [gpu-readback]         0x00000000  STATUS_SUCCESS
    locked at CPU VA 000001E85E2B0000
D3DKMTUnlock2 [gpu-readback]       0x00000000  STATUS_SUCCESS
D3DKMTLock2 [gpu-readback]         0x00000000  STATUS_SUCCESS
    locked at CPU VA 000001E85E2B0000
D3DKMTUnlock2 [gpu-readback]       0x00000000  STATUS_SUCCESS
D3DKMTLock2 [gpu-ib]               0x00000000  STATUS_SUCCESS
    locked at CPU VA 000001E85E2A0000
D3DKMTUnlock2 [gpu-ib]             0x00000000  STATUS_SUCCESS
Submit GPU readback                0x00000000  STATUS_SUCCESS
    asking the context to signal the monitored fence to 746
D3DKMTSignalSynchronizationObjectFromGpu 0x00000000  STATUS_SUCCESS
D3DKMTWaitForSynchronizationObjectFromCpu 0x00000000  STATUS_SUCCESS
    the monitored fence reached 746 after 0 ms
D3DKMTLock2 [gpu-readback]         0x00000000  STATUS_SUCCESS
    locked at CPU VA 000001E85E2B0000
D3DKMTUnlock2 [gpu-readback]       0x00000000  STATUS_SUCCESS
D3DKMTLock2 [gpu-readback]         0x00000000  STATUS_SUCCESS
    locked at CPU VA 000001E85E2B0000
D3DKMTUnlock2 [gpu-readback]       0x00000000  STATUS_SUCCESS
D3DKMTLock2 [gpu-ib]               0x00000000  STATUS_SUCCESS
    locked at CPU VA 000001E85E2A0000
D3DKMTUnlock2 [gpu-ib]             0x00000000  STATUS_SUCCESS
Submit GPU readback                0x00000000  STATUS_SUCCESS
    asking the context to signal the monitored fence to 747
D3DKMTSignalSynchronizationObjectFromGpu 0x00000000  STATUS_SUCCESS
D3DKMTWaitForSynchronizationObjectFromCpu 0x00000000  STATUS_SUCCESS
    the monitored fence reached 747 after 0 ms
D3DKMTLock2 [gpu-readback]         0x00000000  STATUS_SUCCESS
    locked at CPU VA 000001E85E2B0000
D3DKMTUnlock2 [gpu-readback]       0x00000000  STATUS_SUCCESS
D3DKMTLock2 [gpu-readback]         0x00000000  STATUS_SUCCESS
    locked at CPU VA 000001E85E2B0000
D3DKMTUnlock2 [gpu-readback]       0x00000000  STATUS_SUCCESS
D3DKMTLock2 [gpu-ib]               0x00000000  STATUS_SUCCESS
    locked at CPU VA 000001E85E2A0000
D3DKMTUnlock2 [gpu-ib]             0x00000000  STATUS_SUCCESS
Submit GPU readback                0x00000000  STATUS_SUCCESS
    asking the context to signal the monitored fence to 748
D3DKMTSignalSynchronizationObjectFromGpu 0x00000000  STATUS_SUCCESS
D3DKMTWaitForSynchronizationObjectFromCpu 0x00000000  STATUS_SUCCESS
    the monitored fence reached 748 after 0 ms
D3DKMTLock2 [gpu-readback]         0x00000000  STATUS_SUCCESS
    locked at CPU VA 000001E85E2B0000
D3DKMTUnlock2 [gpu-readback]       0x00000000  STATUS_SUCCESS
D3DKMTLock2 [gpu-readback]         0x00000000  STATUS_SUCCESS
    locked at CPU VA 000001E85E2B0000
D3DKMTUnlock2 [gpu-readback]       0x00000000  STATUS_SUCCESS
D3DKMTLock2 [gpu-ib]               0x00000000  STATUS_SUCCESS
    locked at CPU VA 000001E85E2A0000
D3DKMTUnlock2 [gpu-ib]             0x00000000  STATUS_SUCCESS
Submit GPU readback                0x00000000  STATUS_SUCCESS
    asking the context to signal the monitored fence to 749
D3DKMTSignalSynchronizationObjectFromGpu 0x00000000  STATUS_SUCCESS
D3DKMTWaitForSynchronizationObjectFromCpu 0x00000000  STATUS_SUCCESS
    the monitored fence reached 749 after 0 ms
D3DKMTLock2 [gpu-readback]         0x00000000  STATUS_SUCCESS
    locked at CPU VA 000001E85E2B0000
D3DKMTUnlock2 [gpu-readback]       0x00000000  STATUS_SUCCESS
D3DKMTLock2 [gpu-readback]         0x00000000  STATUS_SUCCESS
    locked at CPU VA 000001E85E2B0000
D3DKMTUnlock2 [gpu-readback]       0x00000000  STATUS_SUCCESS
D3DKMTLock2 [gpu-ib]               0x00000000  STATUS_SUCCESS
    locked at CPU VA 000001E85E2A0000
D3DKMTUnlock2 [gpu-ib]             0x00000000  STATUS_SUCCESS
Submit GPU readback                0x00000000  STATUS_SUCCESS
    asking the context to signal the monitored fence to 750
D3DKMTSignalSynchronizationObjectFromGpu 0x00000000  STATUS_SUCCESS
D3DKMTWaitForSynchronizationObjectFromCpu 0x00000000  STATUS_SUCCESS
    the monitored fence reached 750 after 0 ms
D3DKMTLock2 [gpu-readback]         0x00000000  STATUS_SUCCESS
    locked at CPU VA 000001E85E2B0000
D3DKMTUnlock2 [gpu-readback]       0x00000000  STATUS_SUCCESS
D3DKMTLock2 [gpu-readback]         0x00000000  STATUS_SUCCESS
    locked at CPU VA 000001E85E2B0000
D3DKMTUnlock2 [gpu-readback]       0x00000000  STATUS_SUCCESS
D3DKMTLock2 [gpu-ib]               0x00000000  STATUS_SUCCESS
    locked at CPU VA 000001E85E2A0000
D3DKMTUnlock2 [gpu-ib]             0x00000000  STATUS_SUCCESS
Submit GPU readback                0x00000000  STATUS_SUCCESS
    asking the context to signal the monitored fence to 751
D3DKMTSignalSynchronizationObjectFromGpu 0x00000000  STATUS_SUCCESS
D3DKMTWaitForSynchronizationObjectFromCpu 0x00000000  STATUS_SUCCESS
    the monitored fence reached 751 after 0 ms
D3DKMTLock2 [gpu-readback]         0x00000000  STATUS_SUCCESS
    locked at CPU VA 000001E85E2B0000
D3DKMTUnlock2 [gpu-readback]       0x00000000  STATUS_SUCCESS
D3DKMTLock2 [gpu-readback]         0x00000000  STATUS_SUCCESS
    locked at CPU VA 000001E85E2B0000
D3DKMTUnlock2 [gpu-readback]       0x00000000  STATUS_SUCCESS
D3DKMTLock2 [gpu-ib]               0x00000000  STATUS_SUCCESS
    locked at CPU VA 000001E85E2A0000
D3DKMTUnlock2 [gpu-ib]             0x00000000  STATUS_SUCCESS
Submit GPU readback                0x00000000  STATUS_SUCCESS
    asking the context to signal the monitored fence to 752
D3DKMTSignalSynchronizationObjectFromGpu 0x00000000  STATUS_SUCCESS
D3DKMTWaitForSynchronizationObjectFromCpu 0x00000000  STATUS_SUCCESS
    the monitored fence reached 752 after 0 ms
D3DKMTLock2 [gpu-readback]         0x00000000  STATUS_SUCCESS
    locked at CPU VA 000001E85E2B0000
D3DKMTUnlock2 [gpu-readback]       0x00000000  STATUS_SUCCESS
D3DKMTLock2 [gpu-readback]         0x00000000  STATUS_SUCCESS
    locked at CPU VA 000001E85E2B0000
D3DKMTUnlock2 [gpu-readback]       0x00000000  STATUS_SUCCESS
D3DKMTLock2 [gpu-ib]               0x00000000  STATUS_SUCCESS
    locked at CPU VA 000001E85E2A0000
D3DKMTUnlock2 [gpu-ib]             0x00000000  STATUS_SUCCESS
Submit GPU readback                0x00000000  STATUS_SUCCESS
    asking the context to signal the monitored fence to 753
D3DKMTSignalSynchronizationObjectFromGpu 0x00000000  STATUS_SUCCESS
D3DKMTWaitForSynchronizationObjectFromCpu 0x00000000  STATUS_SUCCESS
    the monitored fence reached 753 after 0 ms
D3DKMTLock2 [gpu-readback]         0x00000000  STATUS_SUCCESS
    locked at CPU VA 000001E85E2B0000
D3DKMTUnlock2 [gpu-readback]       0x00000000  STATUS_SUCCESS
D3DKMTLock2 [gpu-readback]         0x00000000  STATUS_SUCCESS
    locked at CPU VA 000001E85E2B0000
D3DKMTUnlock2 [gpu-readback]       0x00000000  STATUS_SUCCESS
D3DKMTLock2 [gpu-ib]               0x00000000  STATUS_SUCCESS
    locked at CPU VA 000001E85E2A0000
D3DKMTUnlock2 [gpu-ib]             0x00000000  STATUS_SUCCESS
Submit GPU readback                0x00000000  STATUS_SUCCESS
    asking the context to signal the monitored fence to 754
D3DKMTSignalSynchronizationObjectFromGpu 0x00000000  STATUS_SUCCESS
D3DKMTWaitForSynchronizationObjectFromCpu 0x00000000  STATUS_SUCCESS
    the monitored fence reached 754 after 0 ms
D3DKMTLock2 [gpu-readback]         0x00000000  STATUS_SUCCESS
    locked at CPU VA 000001E85E2B0000
D3DKMTUnlock2 [gpu-readback]       0x00000000  STATUS_SUCCESS
D3DKMTLock2 [gpu-readback]         0x00000000  STATUS_SUCCESS
    locked at CPU VA 000001E85E2B0000
D3DKMTUnlock2 [gpu-readback]       0x00000000  STATUS_SUCCESS
D3DKMTLock2 [gpu-ib]               0x00000000  STATUS_SUCCESS
    locked at CPU VA 000001E85E2A0000
D3DKMTUnlock2 [gpu-ib]             0x00000000  STATUS_SUCCESS
Submit GPU readback                0x00000000  STATUS_SUCCESS
    asking the context to signal the monitored fence to 755
D3DKMTSignalSynchronizationObjectFromGpu 0x00000000  STATUS_SUCCESS
D3DKMTWaitForSynchronizationObjectFromCpu 0x00000000  STATUS_SUCCESS
    the monitored fence reached 755 after 0 ms
D3DKMTLock2 [gpu-readback]         0x00000000  STATUS_SUCCESS
    locked at CPU VA 000001E85E2B0000
D3DKMTUnlock2 [gpu-readback]       0x00000000  STATUS_SUCCESS
D3DKMTLock2 [gpu-readback]         0x00000000  STATUS_SUCCESS
    locked at CPU VA 000001E85E2B0000
D3DKMTUnlock2 [gpu-readback]       0x00000000  STATUS_SUCCESS
D3DKMTLock2 [gpu-ib]               0x00000000  STATUS_SUCCESS
    locked at CPU VA 000001E85E2A0000
D3DKMTUnlock2 [gpu-ib]             0x00000000  STATUS_SUCCESS
Submit GPU readback                0x00000000  STATUS_SUCCESS
    asking the context to signal the monitored fence to 756
D3DKMTSignalSynchronizationObjectFromGpu 0x00000000  STATUS_SUCCESS
D3DKMTWaitForSynchronizationObjectFromCpu 0x00000000  STATUS_SUCCESS
    the monitored fence reached 756 after 0 ms
D3DKMTLock2 [gpu-readback]         0x00000000  STATUS_SUCCESS
    locked at CPU VA 000001E85E2B0000
D3DKMTUnlock2 [gpu-readback]       0x00000000  STATUS_SUCCESS
D3DKMTLock2 [gpu-readback]         0x00000000  STATUS_SUCCESS
    locked at CPU VA 000001E85E2B0000
D3DKMTUnlock2 [gpu-readback]       0x00000000  STATUS_SUCCESS
D3DKMTLock2 [gpu-ib]               0x00000000  STATUS_SUCCESS
    locked at CPU VA 000001E85E2A0000
D3DKMTUnlock2 [gpu-ib]             0x00000000  STATUS_SUCCESS
Submit GPU readback                0x00000000  STATUS_SUCCESS
    asking the context to signal the monitored fence to 757
D3DKMTSignalSynchronizationObjectFromGpu 0x00000000  STATUS_SUCCESS
D3DKMTWaitForSynchronizationObjectFromCpu 0x00000000  STATUS_SUCCESS
    the monitored fence reached 757 after 0 ms
D3DKMTLock2 [gpu-readback]         0x00000000  STATUS_SUCCESS
    locked at CPU VA 000001E85E2B0000
D3DKMTUnlock2 [gpu-readback]       0x00000000  STATUS_SUCCESS
D3DKMTLock2 [gpu-readback]         0x00000000  STATUS_SUCCESS
    locked at CPU VA 000001E85E2B0000
D3DKMTUnlock2 [gpu-readback]       0x00000000  STATUS_SUCCESS
D3DKMTLock2 [gpu-ib]               0x00000000  STATUS_SUCCESS
    locked at CPU VA 000001E85E2A0000
D3DKMTUnlock2 [gpu-ib]             0x00000000  STATUS_SUCCESS
Submit GPU readback                0x00000000  STATUS_SUCCESS
    asking the context to signal the monitored fence to 758
D3DKMTSignalSynchronizationObjectFromGpu 0x00000000  STATUS_SUCCESS
D3DKMTWaitForSynchronizationObjectFromCpu 0x00000000  STATUS_SUCCESS
    the monitored fence reached 758 after 0 ms
D3DKMTLock2 [gpu-readback]         0x00000000  STATUS_SUCCESS
    locked at CPU VA 000001E85E2B0000
D3DKMTUnlock2 [gpu-readback]       0x00000000  STATUS_SUCCESS
D3DKMTLock2 [gpu-readback]         0x00000000  STATUS_SUCCESS
    locked at CPU VA 000001E85E2B0000
D3DKMTUnlock2 [gpu-readback]       0x00000000  STATUS_SUCCESS
D3DKMTLock2 [gpu-ib]               0x00000000  STATUS_SUCCESS
    locked at CPU VA 000001E85E2A0000
D3DKMTUnlock2 [gpu-ib]             0x00000000  STATUS_SUCCESS
Submit GPU readback                0x00000000  STATUS_SUCCESS
    asking the context to signal the monitored fence to 759
D3DKMTSignalSynchronizationObjectFromGpu 0x00000000  STATUS_SUCCESS
D3DKMTWaitForSynchronizationObjectFromCpu 0x00000000  STATUS_SUCCESS
    the monitored fence reached 759 after 16 ms
D3DKMTLock2 [gpu-readback]         0x00000000  STATUS_SUCCESS
    locked at CPU VA 000001E85E2B0000
D3DKMTUnlock2 [gpu-readback]       0x00000000  STATUS_SUCCESS
D3DKMTLock2 [gpu-readback]         0x00000000  STATUS_SUCCESS
    locked at CPU VA 000001E85E2B0000
D3DKMTUnlock2 [gpu-readback]       0x00000000  STATUS_SUCCESS
D3DKMTLock2 [gpu-ib]               0x00000000  STATUS_SUCCESS
    locked at CPU VA 000001E85E2A0000
D3DKMTUnlock2 [gpu-ib]             0x00000000  STATUS_SUCCESS
Submit GPU readback                0x00000000  STATUS_SUCCESS
    asking the context to signal the monitored fence to 760
D3DKMTSignalSynchronizationObjectFromGpu 0x00000000  STATUS_SUCCESS
D3DKMTWaitForSynchronizationObjectFromCpu 0x00000000  STATUS_SUCCESS
    the monitored fence reached 760 after 0 ms
D3DKMTLock2 [gpu-readback]         0x00000000  STATUS_SUCCESS
    locked at CPU VA 000001E85E2B0000
D3DKMTUnlock2 [gpu-readback]       0x00000000  STATUS_SUCCESS
D3DKMTLock2 [gpu-readback]         0x00000000  STATUS_SUCCESS
    locked at CPU VA 000001E85E2B0000
D3DKMTUnlock2 [gpu-readback]       0x00000000  STATUS_SUCCESS
D3DKMTLock2 [gpu-ib]               0x00000000  STATUS_SUCCESS
    locked at CPU VA 000001E85E2A0000
D3DKMTUnlock2 [gpu-ib]             0x00000000  STATUS_SUCCESS
Submit GPU readback                0x00000000  STATUS_SUCCESS
    asking the context to signal the monitored fence to 761
D3DKMTSignalSynchronizationObjectFromGpu 0x00000000  STATUS_SUCCESS
D3DKMTWaitForSynchronizationObjectFromCpu 0x00000000  STATUS_SUCCESS
    the monitored fence reached 761 after 0 ms
D3DKMTLock2 [gpu-readback]         0x00000000  STATUS_SUCCESS
    locked at CPU VA 000001E85E2B0000
D3DKMTUnlock2 [gpu-readback]       0x00000000  STATUS_SUCCESS
D3DKMTLock2 [gpu-readback]         0x00000000  STATUS_SUCCESS
    locked at CPU VA 000001E85E2B0000
D3DKMTUnlock2 [gpu-readback]       0x00000000  STATUS_SUCCESS
D3DKMTLock2 [gpu-ib]               0x00000000  STATUS_SUCCESS
    locked at CPU VA 000001E85E2A0000
D3DKMTUnlock2 [gpu-ib]             0x00000000  STATUS_SUCCESS
Submit GPU readback                0x00000000  STATUS_SUCCESS
    asking the context to signal the monitored fence to 762
D3DKMTSignalSynchronizationObjectFromGpu 0x00000000  STATUS_SUCCESS
D3DKMTWaitForSynchronizationObjectFromCpu 0x00000000  STATUS_SUCCESS
    the monitored fence reached 762 after 0 ms
D3DKMTLock2 [gpu-readback]         0x00000000  STATUS_SUCCESS
    locked at CPU VA 000001E85E2B0000
D3DKMTUnlock2 [gpu-readback]       0x00000000  STATUS_SUCCESS
D3DKMTLock2 [gpu-readback]         0x00000000  STATUS_SUCCESS
    locked at CPU VA 000001E85E2B0000
D3DKMTUnlock2 [gpu-readback]       0x00000000  STATUS_SUCCESS
D3DKMTLock2 [gpu-ib]               0x00000000  STATUS_SUCCESS
    locked at CPU VA 000001E85E2A0000
D3DKMTUnlock2 [gpu-ib]             0x00000000  STATUS_SUCCESS
Submit GPU readback                0x00000000  STATUS_SUCCESS
    asking the context to signal the monitored fence to 763
D3DKMTSignalSynchronizationObjectFromGpu 0x00000000  STATUS_SUCCESS
D3DKMTWaitForSynchronizationObjectFromCpu 0x00000000  STATUS_SUCCESS
    the monitored fence reached 763 after 0 ms
D3DKMTLock2 [gpu-readback]         0x00000000  STATUS_SUCCESS
    locked at CPU VA 000001E85E2B0000
D3DKMTUnlock2 [gpu-readback]       0x00000000  STATUS_SUCCESS
D3DKMTLock2 [gpu-readback]         0x00000000  STATUS_SUCCESS
    locked at CPU VA 000001E85E2B0000
D3DKMTUnlock2 [gpu-readback]       0x00000000  STATUS_SUCCESS
D3DKMTLock2 [gpu-ib]               0x00000000  STATUS_SUCCESS
    locked at CPU VA 000001E85E2A0000
D3DKMTUnlock2 [gpu-ib]             0x00000000  STATUS_SUCCESS
Submit GPU readback                0x00000000  STATUS_SUCCESS
    asking the context to signal the monitored fence to 764
D3DKMTSignalSynchronizationObjectFromGpu 0x00000000  STATUS_SUCCESS
D3DKMTWaitForSynchronizationObjectFromCpu 0x00000000  STATUS_SUCCESS
    the monitored fence reached 764 after 0 ms
D3DKMTLock2 [gpu-readback]         0x00000000  STATUS_SUCCESS
    locked at CPU VA 000001E85E2B0000
D3DKMTUnlock2 [gpu-readback]       0x00000000  STATUS_SUCCESS
D3DKMTLock2 [gpu-readback]         0x00000000  STATUS_SUCCESS
    locked at CPU VA 000001E85E2B0000
D3DKMTUnlock2 [gpu-readback]       0x00000000  STATUS_SUCCESS
D3DKMTLock2 [gpu-ib]               0x00000000  STATUS_SUCCESS
    locked at CPU VA 000001E85E2A0000
D3DKMTUnlock2 [gpu-ib]             0x00000000  STATUS_SUCCESS
Submit GPU readback                0x00000000  STATUS_SUCCESS
    asking the context to signal the monitored fence to 765
D3DKMTSignalSynchronizationObjectFromGpu 0x00000000  STATUS_SUCCESS
D3DKMTWaitForSynchronizationObjectFromCpu 0x00000000  STATUS_SUCCESS
    the monitored fence reached 765 after 0 ms
D3DKMTLock2 [gpu-readback]         0x00000000  STATUS_SUCCESS
    locked at CPU VA 000001E85E2B0000
D3DKMTUnlock2 [gpu-readback]       0x00000000  STATUS_SUCCESS
D3DKMTLock2 [gpu-readback]         0x00000000  STATUS_SUCCESS
    locked at CPU VA 000001E85E2B0000
D3DKMTUnlock2 [gpu-readback]       0x00000000  STATUS_SUCCESS
D3DKMTLock2 [gpu-ib]               0x00000000  STATUS_SUCCESS
    locked at CPU VA 000001E85E2A0000
D3DKMTUnlock2 [gpu-ib]             0x00000000  STATUS_SUCCESS
Submit GPU readback                0x00000000  STATUS_SUCCESS
    asking the context to signal the monitored fence to 766
D3DKMTSignalSynchronizationObjectFromGpu 0x00000000  STATUS_SUCCESS
D3DKMTWaitForSynchronizationObjectFromCpu 0x00000000  STATUS_SUCCESS
    the monitored fence reached 766 after 0 ms
D3DKMTLock2 [gpu-readback]         0x00000000  STATUS_SUCCESS
    locked at CPU VA 000001E85E2B0000
D3DKMTUnlock2 [gpu-readback]       0x00000000  STATUS_SUCCESS
D3DKMTLock2 [gpu-readback]         0x00000000  STATUS_SUCCESS
    locked at CPU VA 000001E85E2B0000
D3DKMTUnlock2 [gpu-readback]       0x00000000  STATUS_SUCCESS
D3DKMTLock2 [gpu-ib]               0x00000000  STATUS_SUCCESS
    locked at CPU VA 000001E85E2A0000
D3DKMTUnlock2 [gpu-ib]             0x00000000  STATUS_SUCCESS
Submit GPU readback                0x00000000  STATUS_SUCCESS
    asking the context to signal the monitored fence to 767
D3DKMTSignalSynchronizationObjectFromGpu 0x00000000  STATUS_SUCCESS
D3DKMTWaitForSynchronizationObjectFromCpu 0x00000000  STATUS_SUCCESS
    the monitored fence reached 767 after 0 ms
D3DKMTLock2 [gpu-readback]         0x00000000  STATUS_SUCCESS
    locked at CPU VA 000001E85E2B0000
D3DKMTUnlock2 [gpu-readback]       0x00000000  STATUS_SUCCESS
D3DKMTLock2 [gpu-readback]         0x00000000  STATUS_SUCCESS
    locked at CPU VA 000001E85E2B0000
D3DKMTUnlock2 [gpu-readback]       0x00000000  STATUS_SUCCESS
D3DKMTLock2 [gpu-ib]               0x00000000  STATUS_SUCCESS
    locked at CPU VA 000001E85E2A0000
D3DKMTUnlock2 [gpu-ib]             0x00000000  STATUS_SUCCESS
Submit GPU readback                0x00000000  STATUS_SUCCESS
    asking the context to signal the monitored fence to 768
D3DKMTSignalSynchronizationObjectFromGpu 0x00000000  STATUS_SUCCESS
D3DKMTWaitForSynchronizationObjectFromCpu 0x00000000  STATUS_SUCCESS
    the monitored fence reached 768 after 0 ms
D3DKMTLock2 [gpu-readback]         0x00000000  STATUS_SUCCESS
    locked at CPU VA 000001E85E2B0000
D3DKMTUnlock2 [gpu-readback]       0x00000000  STATUS_SUCCESS
D3DKMTLock2 [gpu-readback]         0x00000000  STATUS_SUCCESS
    locked at CPU VA 000001E85E2B0000
D3DKMTUnlock2 [gpu-readback]       0x00000000  STATUS_SUCCESS
D3DKMTLock2 [gpu-ib]               0x00000000  STATUS_SUCCESS
    locked at CPU VA 000001E85E2A0000
D3DKMTUnlock2 [gpu-ib]             0x00000000  STATUS_SUCCESS
Submit GPU readback                0x00000000  STATUS_SUCCESS
    asking the context to signal the monitored fence to 769
D3DKMTSignalSynchronizationObjectFromGpu 0x00000000  STATUS_SUCCESS
D3DKMTWaitForSynchronizationObjectFromCpu 0x00000000  STATUS_SUCCESS
    the monitored fence reached 769 after 0 ms
D3DKMTLock2 [gpu-readback]         0x00000000  STATUS_SUCCESS
    locked at CPU VA 000001E85E2B0000
D3DKMTUnlock2 [gpu-readback]       0x00000000  STATUS_SUCCESS
D3DKMTLock2 [gpu-readback]         0x00000000  STATUS_SUCCESS
    locked at CPU VA 000001E85E2B0000
D3DKMTUnlock2 [gpu-readback]       0x00000000  STATUS_SUCCESS
D3DKMTLock2 [gpu-ib]               0x00000000  STATUS_SUCCESS
    locked at CPU VA 000001E85E2A0000
D3DKMTUnlock2 [gpu-ib]             0x00000000  STATUS_SUCCESS
Submit GPU readback                0x00000000  STATUS_SUCCESS
    asking the context to signal the monitored fence to 770
D3DKMTSignalSynchronizationObjectFromGpu 0x00000000  STATUS_SUCCESS
D3DKMTWaitForSynchronizationObjectFromCpu 0x00000000  STATUS_SUCCESS
    the monitored fence reached 770 after 0 ms
D3DKMTLock2 [gpu-readback]         0x00000000  STATUS_SUCCESS
    locked at CPU VA 000001E85E2B0000
D3DKMTUnlock2 [gpu-readback]       0x00000000  STATUS_SUCCESS
D3DKMTLock2 [gpu-readback]         0x00000000  STATUS_SUCCESS
    locked at CPU VA 000001E85E2B0000
D3DKMTUnlock2 [gpu-readback]       0x00000000  STATUS_SUCCESS
D3DKMTLock2 [gpu-ib]               0x00000000  STATUS_SUCCESS
    locked at CPU VA 000001E85E2A0000
D3DKMTUnlock2 [gpu-ib]             0x00000000  STATUS_SUCCESS
Submit GPU readback                0x00000000  STATUS_SUCCESS
    asking the context to signal the monitored fence to 771
D3DKMTSignalSynchronizationObjectFromGpu 0x00000000  STATUS_SUCCESS
D3DKMTWaitForSynchronizationObjectFromCpu 0x00000000  STATUS_SUCCESS
    the monitored fence reached 771 after 0 ms
D3DKMTLock2 [gpu-readback]         0x00000000  STATUS_SUCCESS
    locked at CPU VA 000001E85E2B0000
D3DKMTUnlock2 [gpu-readback]       0x00000000  STATUS_SUCCESS
D3DKMTLock2 [gpu-readback]         0x00000000  STATUS_SUCCESS
    locked at CPU VA 000001E85E2B0000
D3DKMTUnlock2 [gpu-readback]       0x00000000  STATUS_SUCCESS
D3DKMTLock2 [gpu-ib]               0x00000000  STATUS_SUCCESS
    locked at CPU VA 000001E85E2A0000
D3DKMTUnlock2 [gpu-ib]             0x00000000  STATUS_SUCCESS
Submit GPU readback                0x00000000  STATUS_SUCCESS
    asking the context to signal the monitored fence to 772
D3DKMTSignalSynchronizationObjectFromGpu 0x00000000  STATUS_SUCCESS
D3DKMTWaitForSynchronizationObjectFromCpu 0x00000000  STATUS_SUCCESS
    the monitored fence reached 772 after 0 ms
D3DKMTLock2 [gpu-readback]         0x00000000  STATUS_SUCCESS
    locked at CPU VA 000001E85E2B0000
D3DKMTUnlock2 [gpu-readback]       0x00000000  STATUS_SUCCESS
D3DKMTLock2 [gpu-readback]         0x00000000  STATUS_SUCCESS
    locked at CPU VA 000001E85E2B0000
D3DKMTUnlock2 [gpu-readback]       0x00000000  STATUS_SUCCESS
D3DKMTLock2 [gpu-ib]               0x00000000  STATUS_SUCCESS
    locked at CPU VA 000001E85E2A0000
D3DKMTUnlock2 [gpu-ib]             0x00000000  STATUS_SUCCESS
Submit GPU readback                0x00000000  STATUS_SUCCESS
    asking the context to signal the monitored fence to 773
D3DKMTSignalSynchronizationObjectFromGpu 0x00000000  STATUS_SUCCESS
D3DKMTWaitForSynchronizationObjectFromCpu 0x00000000  STATUS_SUCCESS
    the monitored fence reached 773 after 0 ms
D3DKMTLock2 [gpu-readback]         0x00000000  STATUS_SUCCESS
    locked at CPU VA 000001E85E2B0000
D3DKMTUnlock2 [gpu-readback]       0x00000000  STATUS_SUCCESS
D3DKMTLock2 [gpu-readback]         0x00000000  STATUS_SUCCESS
    locked at CPU VA 000001E85E2B0000
D3DKMTUnlock2 [gpu-readback]       0x00000000  STATUS_SUCCESS
D3DKMTLock2 [gpu-ib]               0x00000000  STATUS_SUCCESS
    locked at CPU VA 000001E85E2A0000
D3DKMTUnlock2 [gpu-ib]             0x00000000  STATUS_SUCCESS
Submit GPU readback                0x00000000  STATUS_SUCCESS
    asking the context to signal the monitored fence to 774
D3DKMTSignalSynchronizationObjectFromGpu 0x00000000  STATUS_SUCCESS
D3DKMTWaitForSynchronizationObjectFromCpu 0x00000000  STATUS_SUCCESS
    the monitored fence reached 774 after 0 ms
D3DKMTLock2 [gpu-readback]         0x00000000  STATUS_SUCCESS
    locked at CPU VA 000001E85E2B0000
D3DKMTUnlock2 [gpu-readback]       0x00000000  STATUS_SUCCESS
D3DKMTLock2 [gpu-readback]         0x00000000  STATUS_SUCCESS
    locked at CPU VA 000001E85E2B0000
D3DKMTUnlock2 [gpu-readback]       0x00000000  STATUS_SUCCESS
D3DKMTLock2 [gpu-ib]               0x00000000  STATUS_SUCCESS
    locked at CPU VA 000001E85E2A0000
D3DKMTUnlock2 [gpu-ib]             0x00000000  STATUS_SUCCESS
Submit GPU readback                0x00000000  STATUS_SUCCESS
    asking the context to signal the monitored fence to 775
D3DKMTSignalSynchronizationObjectFromGpu 0x00000000  STATUS_SUCCESS
D3DKMTWaitForSynchronizationObjectFromCpu 0x00000000  STATUS_SUCCESS
    the monitored fence reached 775 after 0 ms
D3DKMTLock2 [gpu-readback]         0x00000000  STATUS_SUCCESS
    locked at CPU VA 000001E85E2B0000
D3DKMTUnlock2 [gpu-readback]       0x00000000  STATUS_SUCCESS
D3DKMTLock2 [gpu-readback]         0x00000000  STATUS_SUCCESS
    locked at CPU VA 000001E85E2B0000
D3DKMTUnlock2 [gpu-readback]       0x00000000  STATUS_SUCCESS
D3DKMTLock2 [gpu-ib]               0x00000000  STATUS_SUCCESS
    locked at CPU VA 000001E85E2A0000
D3DKMTUnlock2 [gpu-ib]             0x00000000  STATUS_SUCCESS
Submit GPU readback                0x00000000  STATUS_SUCCESS
    asking the context to signal the monitored fence to 776
D3DKMTSignalSynchronizationObjectFromGpu 0x00000000  STATUS_SUCCESS
D3DKMTWaitForSynchronizationObjectFromCpu 0x00000000  STATUS_SUCCESS
    the monitored fence reached 776 after 0 ms
D3DKMTLock2 [gpu-readback]         0x00000000  STATUS_SUCCESS
    locked at CPU VA 000001E85E2B0000
D3DKMTUnlock2 [gpu-readback]       0x00000000  STATUS_SUCCESS
D3DKMTLock2 [gpu-readback]         0x00000000  STATUS_SUCCESS
    locked at CPU VA 000001E85E2B0000
D3DKMTUnlock2 [gpu-readback]       0x00000000  STATUS_SUCCESS
D3DKMTLock2 [gpu-ib]               0x00000000  STATUS_SUCCESS
    locked at CPU VA 000001E85E2A0000
D3DKMTUnlock2 [gpu-ib]             0x00000000  STATUS_SUCCESS
Submit GPU readback                0x00000000  STATUS_SUCCESS
    asking the context to signal the monitored fence to 777
D3DKMTSignalSynchronizationObjectFromGpu 0x00000000  STATUS_SUCCESS
D3DKMTWaitForSynchronizationObjectFromCpu 0x00000000  STATUS_SUCCESS
    the monitored fence reached 777 after 0 ms
D3DKMTLock2 [gpu-readback]         0x00000000  STATUS_SUCCESS
    locked at CPU VA 000001E85E2B0000
D3DKMTUnlock2 [gpu-readback]       0x00000000  STATUS_SUCCESS
D3DKMTLock2 [gpu-readback]         0x00000000  STATUS_SUCCESS
    locked at CPU VA 000001E85E2B0000
D3DKMTUnlock2 [gpu-readback]       0x00000000  STATUS_SUCCESS
D3DKMTLock2 [gpu-ib]               0x00000000  STATUS_SUCCESS
    locked at CPU VA 000001E85E2A0000
D3DKMTUnlock2 [gpu-ib]             0x00000000  STATUS_SUCCESS
Submit GPU readback                0x00000000  STATUS_SUCCESS
    asking the context to signal the monitored fence to 778
D3DKMTSignalSynchronizationObjectFromGpu 0x00000000  STATUS_SUCCESS
D3DKMTWaitForSynchronizationObjectFromCpu 0x00000000  STATUS_SUCCESS
    the monitored fence reached 778 after 0 ms
D3DKMTLock2 [gpu-readback]         0x00000000  STATUS_SUCCESS
    locked at CPU VA 000001E85E2B0000
D3DKMTUnlock2 [gpu-readback]       0x00000000  STATUS_SUCCESS
D3DKMTLock2 [gpu-readback]         0x00000000  STATUS_SUCCESS
    locked at CPU VA 000001E85E2B0000
D3DKMTUnlock2 [gpu-readback]       0x00000000  STATUS_SUCCESS
D3DKMTLock2 [gpu-ib]               0x00000000  STATUS_SUCCESS
    locked at CPU VA 000001E85E2A0000
D3DKMTUnlock2 [gpu-ib]             0x00000000  STATUS_SUCCESS
Submit GPU readback                0x00000000  STATUS_SUCCESS
    asking the context to signal the monitored fence to 779
D3DKMTSignalSynchronizationObjectFromGpu 0x00000000  STATUS_SUCCESS
D3DKMTWaitForSynchronizationObjectFromCpu 0x00000000  STATUS_SUCCESS
    the monitored fence reached 779 after 0 ms
D3DKMTLock2 [gpu-readback]         0x00000000  STATUS_SUCCESS
    locked at CPU VA 000001E85E2B0000
D3DKMTUnlock2 [gpu-readback]       0x00000000  STATUS_SUCCESS
D3DKMTLock2 [gpu-readback]         0x00000000  STATUS_SUCCESS
    locked at CPU VA 000001E85E2B0000
D3DKMTUnlock2 [gpu-readback]       0x00000000  STATUS_SUCCESS
D3DKMTLock2 [gpu-ib]               0x00000000  STATUS_SUCCESS
    locked at CPU VA 000001E85E2A0000
D3DKMTUnlock2 [gpu-ib]             0x00000000  STATUS_SUCCESS
Submit GPU readback                0x00000000  STATUS_SUCCESS
    asking the context to signal the monitored fence to 780
D3DKMTSignalSynchronizationObjectFromGpu 0x00000000  STATUS_SUCCESS
D3DKMTWaitForSynchronizationObjectFromCpu 0x00000000  STATUS_SUCCESS
    the monitored fence reached 780 after 0 ms
D3DKMTLock2 [gpu-readback]         0x00000000  STATUS_SUCCESS
    locked at CPU VA 000001E85E2B0000
D3DKMTUnlock2 [gpu-readback]       0x00000000  STATUS_SUCCESS
D3DKMTLock2 [gpu-readback]         0x00000000  STATUS_SUCCESS
    locked at CPU VA 000001E85E2B0000
D3DKMTUnlock2 [gpu-readback]       0x00000000  STATUS_SUCCESS
D3DKMTLock2 [gpu-ib]               0x00000000  STATUS_SUCCESS
    locked at CPU VA 000001E85E2A0000
D3DKMTUnlock2 [gpu-ib]             0x00000000  STATUS_SUCCESS
Submit GPU readback                0x00000000  STATUS_SUCCESS
    asking the context to signal the monitored fence to 781
D3DKMTSignalSynchronizationObjectFromGpu 0x00000000  STATUS_SUCCESS
D3DKMTWaitForSynchronizationObjectFromCpu 0x00000000  STATUS_SUCCESS
    the monitored fence reached 781 after 0 ms
D3DKMTLock2 [gpu-readback]         0x00000000  STATUS_SUCCESS
    locked at CPU VA 000001E85E2B0000
D3DKMTUnlock2 [gpu-readback]       0x00000000  STATUS_SUCCESS
D3DKMTLock2 [gpu-readback]         0x00000000  STATUS_SUCCESS
    locked at CPU VA 000001E85E2B0000
D3DKMTUnlock2 [gpu-readback]       0x00000000  STATUS_SUCCESS
D3DKMTLock2 [gpu-ib]               0x00000000  STATUS_SUCCESS
    locked at CPU VA 000001E85E2A0000
D3DKMTUnlock2 [gpu-ib]             0x00000000  STATUS_SUCCESS
Submit GPU readback                0x00000000  STATUS_SUCCESS
    asking the context to signal the monitored fence to 782
D3DKMTSignalSynchronizationObjectFromGpu 0x00000000  STATUS_SUCCESS
D3DKMTWaitForSynchronizationObjectFromCpu 0x00000000  STATUS_SUCCESS
    the monitored fence reached 782 after 0 ms
D3DKMTLock2 [gpu-readback]         0x00000000  STATUS_SUCCESS
    locked at CPU VA 000001E85E2B0000
D3DKMTUnlock2 [gpu-readback]       0x00000000  STATUS_SUCCESS
D3DKMTLock2 [gpu-readback]         0x00000000  STATUS_SUCCESS
    locked at CPU VA 000001E85E2B0000
D3DKMTUnlock2 [gpu-readback]       0x00000000  STATUS_SUCCESS
D3DKMTLock2 [gpu-ib]               0x00000000  STATUS_SUCCESS
    locked at CPU VA 000001E85E2A0000
D3DKMTUnlock2 [gpu-ib]             0x00000000  STATUS_SUCCESS
Submit GPU readback                0x00000000  STATUS_SUCCESS
    asking the context to signal the monitored fence to 783
D3DKMTSignalSynchronizationObjectFromGpu 0x00000000  STATUS_SUCCESS
D3DKMTWaitForSynchronizationObjectFromCpu 0x00000000  STATUS_SUCCESS
    the monitored fence reached 783 after 0 ms
D3DKMTLock2 [gpu-readback]         0x00000000  STATUS_SUCCESS
    locked at CPU VA 000001E85E2B0000
D3DKMTUnlock2 [gpu-readback]       0x00000000  STATUS_SUCCESS
D3DKMTLock2 [gpu-readback]         0x00000000  STATUS_SUCCESS
    locked at CPU VA 000001E85E2B0000
D3DKMTUnlock2 [gpu-readback]       0x00000000  STATUS_SUCCESS
D3DKMTLock2 [gpu-ib]               0x00000000  STATUS_SUCCESS
    locked at CPU VA 000001E85E2A0000
D3DKMTUnlock2 [gpu-ib]             0x00000000  STATUS_SUCCESS
Submit GPU readback                0x00000000  STATUS_SUCCESS
    asking the context to signal the monitored fence to 784
D3DKMTSignalSynchronizationObjectFromGpu 0x00000000  STATUS_SUCCESS
D3DKMTWaitForSynchronizationObjectFromCpu 0x00000000  STATUS_SUCCESS
    the monitored fence reached 784 after 0 ms
D3DKMTLock2 [gpu-readback]         0x00000000  STATUS_SUCCESS
    locked at CPU VA 000001E85E2B0000
D3DKMTUnlock2 [gpu-readback]       0x00000000  STATUS_SUCCESS
D3DKMTLock2 [gpu-readback]         0x00000000  STATUS_SUCCESS
    locked at CPU VA 000001E85E2B0000
D3DKMTUnlock2 [gpu-readback]       0x00000000  STATUS_SUCCESS
D3DKMTLock2 [gpu-ib]               0x00000000  STATUS_SUCCESS
    locked at CPU VA 000001E85E2A0000
D3DKMTUnlock2 [gpu-ib]             0x00000000  STATUS_SUCCESS
Submit GPU readback                0x00000000  STATUS_SUCCESS
    asking the context to signal the monitored fence to 785
D3DKMTSignalSynchronizationObjectFromGpu 0x00000000  STATUS_SUCCESS
D3DKMTWaitForSynchronizationObjectFromCpu 0x00000000  STATUS_SUCCESS
    the monitored fence reached 785 after 0 ms
D3DKMTLock2 [gpu-readback]         0x00000000  STATUS_SUCCESS
    locked at CPU VA 000001E85E2B0000
D3DKMTUnlock2 [gpu-readback]       0x00000000  STATUS_SUCCESS
D3DKMTLock2 [gpu-readback]         0x00000000  STATUS_SUCCESS
    locked at CPU VA 000001E85E2B0000
D3DKMTUnlock2 [gpu-readback]       0x00000000  STATUS_SUCCESS
D3DKMTLock2 [gpu-ib]               0x00000000  STATUS_SUCCESS
    locked at CPU VA 000001E85E2A0000
D3DKMTUnlock2 [gpu-ib]             0x00000000  STATUS_SUCCESS
Submit GPU readback                0x00000000  STATUS_SUCCESS
    asking the context to signal the monitored fence to 786
D3DKMTSignalSynchronizationObjectFromGpu 0x00000000  STATUS_SUCCESS
D3DKMTWaitForSynchronizationObjectFromCpu 0x00000000  STATUS_SUCCESS
    the monitored fence reached 786 after 0 ms
D3DKMTLock2 [gpu-readback]         0x00000000  STATUS_SUCCESS
    locked at CPU VA 000001E85E2B0000
D3DKMTUnlock2 [gpu-readback]       0x00000000  STATUS_SUCCESS
D3DKMTLock2 [gpu-readback]         0x00000000  STATUS_SUCCESS
    locked at CPU VA 000001E85E2B0000
D3DKMTUnlock2 [gpu-readback]       0x00000000  STATUS_SUCCESS
D3DKMTLock2 [gpu-ib]               0x00000000  STATUS_SUCCESS
    locked at CPU VA 000001E85E2A0000
D3DKMTUnlock2 [gpu-ib]             0x00000000  STATUS_SUCCESS
Submit GPU readback                0x00000000  STATUS_SUCCESS
    asking the context to signal the monitored fence to 787
D3DKMTSignalSynchronizationObjectFromGpu 0x00000000  STATUS_SUCCESS
D3DKMTWaitForSynchronizationObjectFromCpu 0x00000000  STATUS_SUCCESS
    the monitored fence reached 787 after 0 ms
D3DKMTLock2 [gpu-readback]         0x00000000  STATUS_SUCCESS
    locked at CPU VA 000001E85E2B0000
D3DKMTUnlock2 [gpu-readback]       0x00000000  STATUS_SUCCESS
D3DKMTLock2 [gpu-readback]         0x00000000  STATUS_SUCCESS
    locked at CPU VA 000001E85E2B0000
D3DKMTUnlock2 [gpu-readback]       0x00000000  STATUS_SUCCESS
D3DKMTLock2 [gpu-ib]               0x00000000  STATUS_SUCCESS
    locked at CPU VA 000001E85E2A0000
D3DKMTUnlock2 [gpu-ib]             0x00000000  STATUS_SUCCESS
Submit GPU readback                0x00000000  STATUS_SUCCESS
    asking the context to signal the monitored fence to 788
D3DKMTSignalSynchronizationObjectFromGpu 0x00000000  STATUS_SUCCESS
D3DKMTWaitForSynchronizationObjectFromCpu 0x00000000  STATUS_SUCCESS
    the monitored fence reached 788 after 0 ms
D3DKMTLock2 [gpu-readback]         0x00000000  STATUS_SUCCESS
    locked at CPU VA 000001E85E2B0000
D3DKMTUnlock2 [gpu-readback]       0x00000000  STATUS_SUCCESS
D3DKMTLock2 [gpu-readback]         0x00000000  STATUS_SUCCESS
    locked at CPU VA 000001E85E2B0000
D3DKMTUnlock2 [gpu-readback]       0x00000000  STATUS_SUCCESS
D3DKMTLock2 [gpu-ib]               0x00000000  STATUS_SUCCESS
    locked at CPU VA 000001E85E2A0000
D3DKMTUnlock2 [gpu-ib]             0x00000000  STATUS_SUCCESS
Submit GPU readback                0x00000000  STATUS_SUCCESS
    asking the context to signal the monitored fence to 789
D3DKMTSignalSynchronizationObjectFromGpu 0x00000000  STATUS_SUCCESS
D3DKMTWaitForSynchronizationObjectFromCpu 0x00000000  STATUS_SUCCESS
    the monitored fence reached 789 after 0 ms
D3DKMTLock2 [gpu-readback]         0x00000000  STATUS_SUCCESS
    locked at CPU VA 000001E85E2B0000
D3DKMTUnlock2 [gpu-readback]       0x00000000  STATUS_SUCCESS
D3DKMTLock2 [gpu-readback]         0x00000000  STATUS_SUCCESS
    locked at CPU VA 000001E85E2B0000
D3DKMTUnlock2 [gpu-readback]       0x00000000  STATUS_SUCCESS
D3DKMTLock2 [gpu-ib]               0x00000000  STATUS_SUCCESS
    locked at CPU VA 000001E85E2A0000
D3DKMTUnlock2 [gpu-ib]             0x00000000  STATUS_SUCCESS
Submit GPU readback                0x00000000  STATUS_SUCCESS
    asking the context to signal the monitored fence to 790
D3DKMTSignalSynchronizationObjectFromGpu 0x00000000  STATUS_SUCCESS
D3DKMTWaitForSynchronizationObjectFromCpu 0x00000000  STATUS_SUCCESS
    the monitored fence reached 790 after 0 ms
D3DKMTLock2 [gpu-readback]         0x00000000  STATUS_SUCCESS
    locked at CPU VA 000001E85E2B0000
D3DKMTUnlock2 [gpu-readback]       0x00000000  STATUS_SUCCESS
D3DKMTLock2 [gpu-readback]         0x00000000  STATUS_SUCCESS
    locked at CPU VA 000001E85E2B0000
D3DKMTUnlock2 [gpu-readback]       0x00000000  STATUS_SUCCESS
D3DKMTLock2 [gpu-ib]               0x00000000  STATUS_SUCCESS
    locked at CPU VA 000001E85E2A0000
D3DKMTUnlock2 [gpu-ib]             0x00000000  STATUS_SUCCESS
Submit GPU readback                0x00000000  STATUS_SUCCESS
    asking the context to signal the monitored fence to 791
D3DKMTSignalSynchronizationObjectFromGpu 0x00000000  STATUS_SUCCESS
D3DKMTWaitForSynchronizationObjectFromCpu 0x00000000  STATUS_SUCCESS
    the monitored fence reached 791 after 0 ms
D3DKMTLock2 [gpu-readback]         0x00000000  STATUS_SUCCESS
    locked at CPU VA 000001E85E2B0000
D3DKMTUnlock2 [gpu-readback]       0x00000000  STATUS_SUCCESS
D3DKMTLock2 [gpu-readback]         0x00000000  STATUS_SUCCESS
    locked at CPU VA 000001E85E2B0000
D3DKMTUnlock2 [gpu-readback]       0x00000000  STATUS_SUCCESS
D3DKMTLock2 [gpu-ib]               0x00000000  STATUS_SUCCESS
    locked at CPU VA 000001E85E2A0000
D3DKMTUnlock2 [gpu-ib]             0x00000000  STATUS_SUCCESS
Submit GPU readback                0x00000000  STATUS_SUCCESS
    asking the context to signal the monitored fence to 792
D3DKMTSignalSynchronizationObjectFromGpu 0x00000000  STATUS_SUCCESS
D3DKMTWaitForSynchronizationObjectFromCpu 0x00000000  STATUS_SUCCESS
    the monitored fence reached 792 after 0 ms
D3DKMTLock2 [gpu-readback]         0x00000000  STATUS_SUCCESS
    locked at CPU VA 000001E85E2B0000
D3DKMTUnlock2 [gpu-readback]       0x00000000  STATUS_SUCCESS
D3DKMTLock2 [gpu-readback]         0x00000000  STATUS_SUCCESS
    locked at CPU VA 000001E85E2B0000
D3DKMTUnlock2 [gpu-readback]       0x00000000  STATUS_SUCCESS
D3DKMTLock2 [gpu-ib]               0x00000000  STATUS_SUCCESS
    locked at CPU VA 000001E85E2A0000
D3DKMTUnlock2 [gpu-ib]             0x00000000  STATUS_SUCCESS
Submit GPU readback                0x00000000  STATUS_SUCCESS
    asking the context to signal the monitored fence to 793
D3DKMTSignalSynchronizationObjectFromGpu 0x00000000  STATUS_SUCCESS
D3DKMTWaitForSynchronizationObjectFromCpu 0x00000000  STATUS_SUCCESS
    the monitored fence reached 793 after 0 ms
D3DKMTLock2 [gpu-readback]         0x00000000  STATUS_SUCCESS
    locked at CPU VA 000001E85E2B0000
D3DKMTUnlock2 [gpu-readback]       0x00000000  STATUS_SUCCESS
D3DKMTLock2 [gpu-readback]         0x00000000  STATUS_SUCCESS
    locked at CPU VA 000001E85E2B0000
D3DKMTUnlock2 [gpu-readback]       0x00000000  STATUS_SUCCESS
D3DKMTLock2 [gpu-ib]               0x00000000  STATUS_SUCCESS
    locked at CPU VA 000001E85E2A0000
D3DKMTUnlock2 [gpu-ib]             0x00000000  STATUS_SUCCESS
Submit GPU readback                0x00000000  STATUS_SUCCESS
    asking the context to signal the monitored fence to 794
D3DKMTSignalSynchronizationObjectFromGpu 0x00000000  STATUS_SUCCESS
D3DKMTWaitForSynchronizationObjectFromCpu 0x00000000  STATUS_SUCCESS
    the monitored fence reached 794 after 0 ms
D3DKMTLock2 [gpu-readback]         0x00000000  STATUS_SUCCESS
    locked at CPU VA 000001E85E2B0000
D3DKMTUnlock2 [gpu-readback]       0x00000000  STATUS_SUCCESS
D3DKMTLock2 [gpu-readback]         0x00000000  STATUS_SUCCESS
    locked at CPU VA 000001E85E2B0000
D3DKMTUnlock2 [gpu-readback]       0x00000000  STATUS_SUCCESS
D3DKMTLock2 [gpu-ib]               0x00000000  STATUS_SUCCESS
    locked at CPU VA 000001E85E2A0000
D3DKMTUnlock2 [gpu-ib]             0x00000000  STATUS_SUCCESS
Submit GPU readback                0x00000000  STATUS_SUCCESS
    asking the context to signal the monitored fence to 795
D3DKMTSignalSynchronizationObjectFromGpu 0x00000000  STATUS_SUCCESS
D3DKMTWaitForSynchronizationObjectFromCpu 0x00000000  STATUS_SUCCESS
    the monitored fence reached 795 after 0 ms
D3DKMTLock2 [gpu-readback]         0x00000000  STATUS_SUCCESS
    locked at CPU VA 000001E85E2B0000
D3DKMTUnlock2 [gpu-readback]       0x00000000  STATUS_SUCCESS
D3DKMTLock2 [gpu-readback]         0x00000000  STATUS_SUCCESS
    locked at CPU VA 000001E85E2B0000
D3DKMTUnlock2 [gpu-readback]       0x00000000  STATUS_SUCCESS
D3DKMTLock2 [gpu-ib]               0x00000000  STATUS_SUCCESS
    locked at CPU VA 000001E85E2A0000
D3DKMTUnlock2 [gpu-ib]             0x00000000  STATUS_SUCCESS
Submit GPU readback                0x00000000  STATUS_SUCCESS
    asking the context to signal the monitored fence to 796
D3DKMTSignalSynchronizationObjectFromGpu 0x00000000  STATUS_SUCCESS
D3DKMTWaitForSynchronizationObjectFromCpu 0x00000000  STATUS_SUCCESS
    the monitored fence reached 796 after 0 ms
D3DKMTLock2 [gpu-readback]         0x00000000  STATUS_SUCCESS
    locked at CPU VA 000001E85E2B0000
D3DKMTUnlock2 [gpu-readback]       0x00000000  STATUS_SUCCESS
D3DKMTLock2 [gpu-readback]         0x00000000  STATUS_SUCCESS
    locked at CPU VA 000001E85E2B0000
D3DKMTUnlock2 [gpu-readback]       0x00000000  STATUS_SUCCESS
D3DKMTLock2 [gpu-ib]               0x00000000  STATUS_SUCCESS
    locked at CPU VA 000001E85E2A0000
D3DKMTUnlock2 [gpu-ib]             0x00000000  STATUS_SUCCESS
Submit GPU readback                0x00000000  STATUS_SUCCESS
    asking the context to signal the monitored fence to 797
D3DKMTSignalSynchronizationObjectFromGpu 0x00000000  STATUS_SUCCESS
D3DKMTWaitForSynchronizationObjectFromCpu 0x00000000  STATUS_SUCCESS
    the monitored fence reached 797 after 0 ms
D3DKMTLock2 [gpu-readback]         0x00000000  STATUS_SUCCESS
    locked at CPU VA 000001E85E2B0000
D3DKMTUnlock2 [gpu-readback]       0x00000000  STATUS_SUCCESS
D3DKMTLock2 [gpu-readback]         0x00000000  STATUS_SUCCESS
    locked at CPU VA 000001E85E2B0000
D3DKMTUnlock2 [gpu-readback]       0x00000000  STATUS_SUCCESS
D3DKMTLock2 [gpu-ib]               0x00000000  STATUS_SUCCESS
    locked at CPU VA 000001E85E2A0000
D3DKMTUnlock2 [gpu-ib]             0x00000000  STATUS_SUCCESS
Submit GPU readback                0x00000000  STATUS_SUCCESS
    asking the context to signal the monitored fence to 798
D3DKMTSignalSynchronizationObjectFromGpu 0x00000000  STATUS_SUCCESS
D3DKMTWaitForSynchronizationObjectFromCpu 0x00000000  STATUS_SUCCESS
    the monitored fence reached 798 after 0 ms
D3DKMTLock2 [gpu-readback]         0x00000000  STATUS_SUCCESS
    locked at CPU VA 000001E85E2B0000
D3DKMTUnlock2 [gpu-readback]       0x00000000  STATUS_SUCCESS
D3DKMTLock2 [gpu-readback]         0x00000000  STATUS_SUCCESS
    locked at CPU VA 000001E85E2B0000
D3DKMTUnlock2 [gpu-readback]       0x00000000  STATUS_SUCCESS
D3DKMTLock2 [gpu-ib]               0x00000000  STATUS_SUCCESS
    locked at CPU VA 000001E85E2A0000
D3DKMTUnlock2 [gpu-ib]             0x00000000  STATUS_SUCCESS
Submit GPU readback                0x00000000  STATUS_SUCCESS
    asking the context to signal the monitored fence to 799
D3DKMTSignalSynchronizationObjectFromGpu 0x00000000  STATUS_SUCCESS
D3DKMTWaitForSynchronizationObjectFromCpu 0x00000000  STATUS_SUCCESS
    the monitored fence reached 799 after 0 ms
D3DKMTLock2 [gpu-readback]         0x00000000  STATUS_SUCCESS
    locked at CPU VA 000001E85E2B0000
D3DKMTUnlock2 [gpu-readback]       0x00000000  STATUS_SUCCESS
D3DKMTLock2 [gpu-readback]         0x00000000  STATUS_SUCCESS
    locked at CPU VA 000001E85E2B0000
D3DKMTUnlock2 [gpu-readback]       0x00000000  STATUS_SUCCESS
D3DKMTLock2 [gpu-ib]               0x00000000  STATUS_SUCCESS
    locked at CPU VA 000001E85E2A0000
D3DKMTUnlock2 [gpu-ib]             0x00000000  STATUS_SUCCESS
Submit GPU readback                0x00000000  STATUS_SUCCESS
    asking the context to signal the monitored fence to 800
D3DKMTSignalSynchronizationObjectFromGpu 0x00000000  STATUS_SUCCESS
D3DKMTWaitForSynchronizationObjectFromCpu 0x00000000  STATUS_SUCCESS
    the monitored fence reached 800 after 0 ms
D3DKMTLock2 [gpu-readback]         0x00000000  STATUS_SUCCESS
    locked at CPU VA 000001E85E2B0000
D3DKMTUnlock2 [gpu-readback]       0x00000000  STATUS_SUCCESS
D3DKMTLock2 [gpu-readback]         0x00000000  STATUS_SUCCESS
    locked at CPU VA 000001E85E2B0000
D3DKMTUnlock2 [gpu-readback]       0x00000000  STATUS_SUCCESS
D3DKMTLock2 [gpu-ib]               0x00000000  STATUS_SUCCESS
    locked at CPU VA 000001E85E2A0000
D3DKMTUnlock2 [gpu-ib]             0x00000000  STATUS_SUCCESS
Submit GPU readback                0x00000000  STATUS_SUCCESS
    asking the context to signal the monitored fence to 801
D3DKMTSignalSynchronizationObjectFromGpu 0x00000000  STATUS_SUCCESS
D3DKMTWaitForSynchronizationObjectFromCpu 0x00000000  STATUS_SUCCESS
    the monitored fence reached 801 after 0 ms
D3DKMTLock2 [gpu-readback]         0x00000000  STATUS_SUCCESS
    locked at CPU VA 000001E85E2B0000
D3DKMTUnlock2 [gpu-readback]       0x00000000  STATUS_SUCCESS
D3DKMTLock2 [gpu-readback]         0x00000000  STATUS_SUCCESS
    locked at CPU VA 000001E85E2B0000
D3DKMTUnlock2 [gpu-readback]       0x00000000  STATUS_SUCCESS
D3DKMTLock2 [gpu-ib]               0x00000000  STATUS_SUCCESS
    locked at CPU VA 000001E85E2A0000
D3DKMTUnlock2 [gpu-ib]             0x00000000  STATUS_SUCCESS
Submit GPU readback                0x00000000  STATUS_SUCCESS
    asking the context to signal the monitored fence to 802
D3DKMTSignalSynchronizationObjectFromGpu 0x00000000  STATUS_SUCCESS
D3DKMTWaitForSynchronizationObjectFromCpu 0x00000000  STATUS_SUCCESS
    the monitored fence reached 802 after 0 ms
D3DKMTLock2 [gpu-readback]         0x00000000  STATUS_SUCCESS
    locked at CPU VA 000001E85E2B0000
D3DKMTUnlock2 [gpu-readback]       0x00000000  STATUS_SUCCESS
D3DKMTLock2 [gpu-readback]         0x00000000  STATUS_SUCCESS
    locked at CPU VA 000001E85E2B0000
D3DKMTUnlock2 [gpu-readback]       0x00000000  STATUS_SUCCESS
D3DKMTLock2 [gpu-ib]               0x00000000  STATUS_SUCCESS
    locked at CPU VA 000001E85E2A0000
D3DKMTUnlock2 [gpu-ib]             0x00000000  STATUS_SUCCESS
Submit GPU readback                0x00000000  STATUS_SUCCESS
    asking the context to signal the monitored fence to 803
D3DKMTSignalSynchronizationObjectFromGpu 0x00000000  STATUS_SUCCESS
D3DKMTWaitForSynchronizationObjectFromCpu 0x00000000  STATUS_SUCCESS
    the monitored fence reached 803 after 0 ms
D3DKMTLock2 [gpu-readback]         0x00000000  STATUS_SUCCESS
    locked at CPU VA 000001E85E2B0000
D3DKMTUnlock2 [gpu-readback]       0x00000000  STATUS_SUCCESS
D3DKMTLock2 [gpu-readback]         0x00000000  STATUS_SUCCESS
    locked at CPU VA 000001E85E2B0000
D3DKMTUnlock2 [gpu-readback]       0x00000000  STATUS_SUCCESS
D3DKMTLock2 [gpu-ib]               0x00000000  STATUS_SUCCESS
    locked at CPU VA 000001E85E2A0000
D3DKMTUnlock2 [gpu-ib]             0x00000000  STATUS_SUCCESS
Submit GPU readback                0x00000000  STATUS_SUCCESS
    asking the context to signal the monitored fence to 804
D3DKMTSignalSynchronizationObjectFromGpu 0x00000000  STATUS_SUCCESS
D3DKMTWaitForSynchronizationObjectFromCpu 0x00000000  STATUS_SUCCESS
    the monitored fence reached 804 after 0 ms
D3DKMTLock2 [gpu-readback]         0x00000000  STATUS_SUCCESS
    locked at CPU VA 000001E85E2B0000
D3DKMTUnlock2 [gpu-readback]       0x00000000  STATUS_SUCCESS
D3DKMTLock2 [gpu-readback]         0x00000000  STATUS_SUCCESS
    locked at CPU VA 000001E85E2B0000
D3DKMTUnlock2 [gpu-readback]       0x00000000  STATUS_SUCCESS
D3DKMTLock2 [gpu-ib]               0x00000000  STATUS_SUCCESS
    locked at CPU VA 000001E85E2A0000
D3DKMTUnlock2 [gpu-ib]             0x00000000  STATUS_SUCCESS
Submit GPU readback                0x00000000  STATUS_SUCCESS
    asking the context to signal the monitored fence to 805
D3DKMTSignalSynchronizationObjectFromGpu 0x00000000  STATUS_SUCCESS
D3DKMTWaitForSynchronizationObjectFromCpu 0x00000000  STATUS_SUCCESS
    the monitored fence reached 805 after 0 ms
D3DKMTLock2 [gpu-readback]         0x00000000  STATUS_SUCCESS
    locked at CPU VA 000001E85E2B0000
D3DKMTUnlock2 [gpu-readback]       0x00000000  STATUS_SUCCESS
D3DKMTLock2 [gpu-readback]         0x00000000  STATUS_SUCCESS
    locked at CPU VA 000001E85E2B0000
D3DKMTUnlock2 [gpu-readback]       0x00000000  STATUS_SUCCESS
D3DKMTLock2 [gpu-ib]               0x00000000  STATUS_SUCCESS
    locked at CPU VA 000001E85E2A0000
D3DKMTUnlock2 [gpu-ib]             0x00000000  STATUS_SUCCESS
Submit GPU readback                0x00000000  STATUS_SUCCESS
    asking the context to signal the monitored fence to 806
D3DKMTSignalSynchronizationObjectFromGpu 0x00000000  STATUS_SUCCESS
D3DKMTWaitForSynchronizationObjectFromCpu 0x00000000  STATUS_SUCCESS
    the monitored fence reached 806 after 0 ms
D3DKMTLock2 [gpu-readback]         0x00000000  STATUS_SUCCESS
    locked at CPU VA 000001E85E2B0000
D3DKMTUnlock2 [gpu-readback]       0x00000000  STATUS_SUCCESS
D3DKMTLock2 [gpu-readback]         0x00000000  STATUS_SUCCESS
    locked at CPU VA 000001E85E2B0000
D3DKMTUnlock2 [gpu-readback]       0x00000000  STATUS_SUCCESS
D3DKMTLock2 [gpu-ib]               0x00000000  STATUS_SUCCESS
    locked at CPU VA 000001E85E2A0000
D3DKMTUnlock2 [gpu-ib]             0x00000000  STATUS_SUCCESS
Submit GPU readback                0x00000000  STATUS_SUCCESS
    asking the context to signal the monitored fence to 807
D3DKMTSignalSynchronizationObjectFromGpu 0x00000000  STATUS_SUCCESS
D3DKMTWaitForSynchronizationObjectFromCpu 0x00000000  STATUS_SUCCESS
    the monitored fence reached 807 after 0 ms
D3DKMTLock2 [gpu-readback]         0x00000000  STATUS_SUCCESS
    locked at CPU VA 000001E85E2B0000
D3DKMTUnlock2 [gpu-readback]       0x00000000  STATUS_SUCCESS
D3DKMTLock2 [gpu-readback]         0x00000000  STATUS_SUCCESS
    locked at CPU VA 000001E85E2B0000
D3DKMTUnlock2 [gpu-readback]       0x00000000  STATUS_SUCCESS
D3DKMTLock2 [gpu-ib]               0x00000000  STATUS_SUCCESS
    locked at CPU VA 000001E85E2A0000
D3DKMTUnlock2 [gpu-ib]             0x00000000  STATUS_SUCCESS
Submit GPU readback                0x00000000  STATUS_SUCCESS
    asking the context to signal the monitored fence to 808
D3DKMTSignalSynchronizationObjectFromGpu 0x00000000  STATUS_SUCCESS
D3DKMTWaitForSynchronizationObjectFromCpu 0x00000000  STATUS_SUCCESS
    the monitored fence reached 808 after 0 ms
D3DKMTLock2 [gpu-readback]         0x00000000  STATUS_SUCCESS
    locked at CPU VA 000001E85E2B0000
D3DKMTUnlock2 [gpu-readback]       0x00000000  STATUS_SUCCESS
D3DKMTLock2 [gpu-readback]         0x00000000  STATUS_SUCCESS
    locked at CPU VA 000001E85E2B0000
D3DKMTUnlock2 [gpu-readback]       0x00000000  STATUS_SUCCESS
D3DKMTLock2 [gpu-ib]               0x00000000  STATUS_SUCCESS
    locked at CPU VA 000001E85E2A0000
D3DKMTUnlock2 [gpu-ib]             0x00000000  STATUS_SUCCESS
Submit GPU readback                0x00000000  STATUS_SUCCESS
    asking the context to signal the monitored fence to 809
D3DKMTSignalSynchronizationObjectFromGpu 0x00000000  STATUS_SUCCESS
D3DKMTWaitForSynchronizationObjectFromCpu 0x00000000  STATUS_SUCCESS
    the monitored fence reached 809 after 0 ms
D3DKMTLock2 [gpu-readback]         0x00000000  STATUS_SUCCESS
    locked at CPU VA 000001E85E2B0000
D3DKMTUnlock2 [gpu-readback]       0x00000000  STATUS_SUCCESS
D3DKMTLock2 [gpu-readback]         0x00000000  STATUS_SUCCESS
    locked at CPU VA 000001E85E2B0000
D3DKMTUnlock2 [gpu-readback]       0x00000000  STATUS_SUCCESS
D3DKMTLock2 [gpu-ib]               0x00000000  STATUS_SUCCESS
    locked at CPU VA 000001E85E2A0000
D3DKMTUnlock2 [gpu-ib]             0x00000000  STATUS_SUCCESS
Submit GPU readback                0x00000000  STATUS_SUCCESS
    asking the context to signal the monitored fence to 810
D3DKMTSignalSynchronizationObjectFromGpu 0x00000000  STATUS_SUCCESS
D3DKMTWaitForSynchronizationObjectFromCpu 0x00000000  STATUS_SUCCESS
    the monitored fence reached 810 after 0 ms
D3DKMTLock2 [gpu-readback]         0x00000000  STATUS_SUCCESS
    locked at CPU VA 000001E85E2B0000
D3DKMTUnlock2 [gpu-readback]       0x00000000  STATUS_SUCCESS
D3DKMTLock2 [gpu-readback]         0x00000000  STATUS_SUCCESS
    locked at CPU VA 000001E85E2B0000
D3DKMTUnlock2 [gpu-readback]       0x00000000  STATUS_SUCCESS
D3DKMTLock2 [gpu-ib]               0x00000000  STATUS_SUCCESS
    locked at CPU VA 000001E85E2A0000
D3DKMTUnlock2 [gpu-ib]             0x00000000  STATUS_SUCCESS
Submit GPU readback                0x00000000  STATUS_SUCCESS
    asking the context to signal the monitored fence to 811
D3DKMTSignalSynchronizationObjectFromGpu 0x00000000  STATUS_SUCCESS
D3DKMTWaitForSynchronizationObjectFromCpu 0x00000000  STATUS_SUCCESS
    the monitored fence reached 811 after 0 ms
D3DKMTLock2 [gpu-readback]         0x00000000  STATUS_SUCCESS
    locked at CPU VA 000001E85E2B0000
D3DKMTUnlock2 [gpu-readback]       0x00000000  STATUS_SUCCESS
D3DKMTLock2 [gpu-readback]         0x00000000  STATUS_SUCCESS
    locked at CPU VA 000001E85E2B0000
D3DKMTUnlock2 [gpu-readback]       0x00000000  STATUS_SUCCESS
D3DKMTLock2 [gpu-ib]               0x00000000  STATUS_SUCCESS
    locked at CPU VA 000001E85E2A0000
D3DKMTUnlock2 [gpu-ib]             0x00000000  STATUS_SUCCESS
Submit GPU readback                0x00000000  STATUS_SUCCESS
    asking the context to signal the monitored fence to 812
D3DKMTSignalSynchronizationObjectFromGpu 0x00000000  STATUS_SUCCESS
D3DKMTWaitForSynchronizationObjectFromCpu 0x00000000  STATUS_SUCCESS
    the monitored fence reached 812 after 0 ms
D3DKMTLock2 [gpu-readback]         0x00000000  STATUS_SUCCESS
    locked at CPU VA 000001E85E2B0000
D3DKMTUnlock2 [gpu-readback]       0x00000000  STATUS_SUCCESS
D3DKMTLock2 [gpu-readback]         0x00000000  STATUS_SUCCESS
    locked at CPU VA 000001E85E2B0000
D3DKMTUnlock2 [gpu-readback]       0x00000000  STATUS_SUCCESS
D3DKMTLock2 [gpu-ib]               0x00000000  STATUS_SUCCESS
    locked at CPU VA 000001E85E2A0000
D3DKMTUnlock2 [gpu-ib]             0x00000000  STATUS_SUCCESS
Submit GPU readback                0x00000000  STATUS_SUCCESS
    asking the context to signal the monitored fence to 813
D3DKMTSignalSynchronizationObjectFromGpu 0x00000000  STATUS_SUCCESS
D3DKMTWaitForSynchronizationObjectFromCpu 0x00000000  STATUS_SUCCESS
    the monitored fence reached 813 after 0 ms
D3DKMTLock2 [gpu-readback]         0x00000000  STATUS_SUCCESS
    locked at CPU VA 000001E85E2B0000
D3DKMTUnlock2 [gpu-readback]       0x00000000  STATUS_SUCCESS
D3DKMTLock2 [gpu-readback]         0x00000000  STATUS_SUCCESS
    locked at CPU VA 000001E85E2B0000
D3DKMTUnlock2 [gpu-readback]       0x00000000  STATUS_SUCCESS
D3DKMTLock2 [gpu-ib]               0x00000000  STATUS_SUCCESS
    locked at CPU VA 000001E85E2A0000
D3DKMTUnlock2 [gpu-ib]             0x00000000  STATUS_SUCCESS
Submit GPU readback                0x00000000  STATUS_SUCCESS
    asking the context to signal the monitored fence to 814
D3DKMTSignalSynchronizationObjectFromGpu 0x00000000  STATUS_SUCCESS
D3DKMTWaitForSynchronizationObjectFromCpu 0x00000000  STATUS_SUCCESS
    the monitored fence reached 814 after 0 ms
D3DKMTLock2 [gpu-readback]         0x00000000  STATUS_SUCCESS
    locked at CPU VA 000001E85E2B0000
D3DKMTUnlock2 [gpu-readback]       0x00000000  STATUS_SUCCESS
D3DKMTLock2 [gpu-readback]         0x00000000  STATUS_SUCCESS
    locked at CPU VA 000001E85E2B0000
D3DKMTUnlock2 [gpu-readback]       0x00000000  STATUS_SUCCESS
D3DKMTLock2 [gpu-ib]               0x00000000  STATUS_SUCCESS
    locked at CPU VA 000001E85E2A0000
D3DKMTUnlock2 [gpu-ib]             0x00000000  STATUS_SUCCESS
Submit GPU readback                0x00000000  STATUS_SUCCESS
    asking the context to signal the monitored fence to 815
D3DKMTSignalSynchronizationObjectFromGpu 0x00000000  STATUS_SUCCESS
D3DKMTWaitForSynchronizationObjectFromCpu 0x00000000  STATUS_SUCCESS
    the monitored fence reached 815 after 0 ms
D3DKMTLock2 [gpu-readback]         0x00000000  STATUS_SUCCESS
    locked at CPU VA 000001E85E2B0000
D3DKMTUnlock2 [gpu-readback]       0x00000000  STATUS_SUCCESS
D3DKMTLock2 [gpu-readback]         0x00000000  STATUS_SUCCESS
    locked at CPU VA 000001E85E2B0000
D3DKMTUnlock2 [gpu-readback]       0x00000000  STATUS_SUCCESS
D3DKMTLock2 [gpu-ib]               0x00000000  STATUS_SUCCESS
    locked at CPU VA 000001E85E2A0000
D3DKMTUnlock2 [gpu-ib]             0x00000000  STATUS_SUCCESS
Submit GPU readback                0x00000000  STATUS_SUCCESS
    asking the context to signal the monitored fence to 816
D3DKMTSignalSynchronizationObjectFromGpu 0x00000000  STATUS_SUCCESS
D3DKMTWaitForSynchronizationObjectFromCpu 0x00000000  STATUS_SUCCESS
    the monitored fence reached 816 after 0 ms
D3DKMTLock2 [gpu-readback]         0x00000000  STATUS_SUCCESS
    locked at CPU VA 000001E85E2B0000
D3DKMTUnlock2 [gpu-readback]       0x00000000  STATUS_SUCCESS
D3DKMTLock2 [gpu-readback]         0x00000000  STATUS_SUCCESS
    locked at CPU VA 000001E85E2B0000
D3DKMTUnlock2 [gpu-readback]       0x00000000  STATUS_SUCCESS
D3DKMTLock2 [gpu-ib]               0x00000000  STATUS_SUCCESS
    locked at CPU VA 000001E85E2A0000
D3DKMTUnlock2 [gpu-ib]             0x00000000  STATUS_SUCCESS
Submit GPU readback                0x00000000  STATUS_SUCCESS
    asking the context to signal the monitored fence to 817
D3DKMTSignalSynchronizationObjectFromGpu 0x00000000  STATUS_SUCCESS
D3DKMTWaitForSynchronizationObjectFromCpu 0x00000000  STATUS_SUCCESS
    the monitored fence reached 817 after 0 ms
D3DKMTLock2 [gpu-readback]         0x00000000  STATUS_SUCCESS
    locked at CPU VA 000001E85E2B0000
D3DKMTUnlock2 [gpu-readback]       0x00000000  STATUS_SUCCESS
D3DKMTLock2 [gpu-readback]         0x00000000  STATUS_SUCCESS
    locked at CPU VA 000001E85E2B0000
D3DKMTUnlock2 [gpu-readback]       0x00000000  STATUS_SUCCESS
D3DKMTLock2 [gpu-ib]               0x00000000  STATUS_SUCCESS
    locked at CPU VA 000001E85E2A0000
D3DKMTUnlock2 [gpu-ib]             0x00000000  STATUS_SUCCESS
Submit GPU readback                0x00000000  STATUS_SUCCESS
    asking the context to signal the monitored fence to 818
D3DKMTSignalSynchronizationObjectFromGpu 0x00000000  STATUS_SUCCESS
D3DKMTWaitForSynchronizationObjectFromCpu 0x00000000  STATUS_SUCCESS
    the monitored fence reached 818 after 0 ms
D3DKMTLock2 [gpu-readback]         0x00000000  STATUS_SUCCESS
    locked at CPU VA 000001E85E2B0000
D3DKMTUnlock2 [gpu-readback]       0x00000000  STATUS_SUCCESS
D3DKMTLock2 [gpu-readback]         0x00000000  STATUS_SUCCESS
    locked at CPU VA 000001E85E2B0000
D3DKMTUnlock2 [gpu-readback]       0x00000000  STATUS_SUCCESS
D3DKMTLock2 [gpu-ib]               0x00000000  STATUS_SUCCESS
    locked at CPU VA 000001E85E2A0000
D3DKMTUnlock2 [gpu-ib]             0x00000000  STATUS_SUCCESS
Submit GPU readback                0x00000000  STATUS_SUCCESS
    asking the context to signal the monitored fence to 819
D3DKMTSignalSynchronizationObjectFromGpu 0x00000000  STATUS_SUCCESS
D3DKMTWaitForSynchronizationObjectFromCpu 0x00000000  STATUS_SUCCESS
    the monitored fence reached 819 after 0 ms
D3DKMTLock2 [gpu-readback]         0x00000000  STATUS_SUCCESS
    locked at CPU VA 000001E85E2B0000
D3DKMTUnlock2 [gpu-readback]       0x00000000  STATUS_SUCCESS
D3DKMTLock2 [gpu-readback]         0x00000000  STATUS_SUCCESS
    locked at CPU VA 000001E85E2B0000
D3DKMTUnlock2 [gpu-readback]       0x00000000  STATUS_SUCCESS
D3DKMTLock2 [gpu-ib]               0x00000000  STATUS_SUCCESS
    locked at CPU VA 000001E85E2A0000
D3DKMTUnlock2 [gpu-ib]             0x00000000  STATUS_SUCCESS
Submit GPU readback                0x00000000  STATUS_SUCCESS
    asking the context to signal the monitored fence to 820
D3DKMTSignalSynchronizationObjectFromGpu 0x00000000  STATUS_SUCCESS
D3DKMTWaitForSynchronizationObjectFromCpu 0x00000000  STATUS_SUCCESS
    the monitored fence reached 820 after 0 ms
D3DKMTLock2 [gpu-readback]         0x00000000  STATUS_SUCCESS
    locked at CPU VA 000001E85E2B0000
D3DKMTUnlock2 [gpu-readback]       0x00000000  STATUS_SUCCESS
D3DKMTLock2 [gpu-readback]         0x00000000  STATUS_SUCCESS
    locked at CPU VA 000001E85E2B0000
D3DKMTUnlock2 [gpu-readback]       0x00000000  STATUS_SUCCESS
D3DKMTLock2 [gpu-ib]               0x00000000  STATUS_SUCCESS
    locked at CPU VA 000001E85E2A0000
D3DKMTUnlock2 [gpu-ib]             0x00000000  STATUS_SUCCESS
Submit GPU readback                0x00000000  STATUS_SUCCESS
    asking the context to signal the monitored fence to 821
D3DKMTSignalSynchronizationObjectFromGpu 0x00000000  STATUS_SUCCESS
D3DKMTWaitForSynchronizationObjectFromCpu 0x00000000  STATUS_SUCCESS
    the monitored fence reached 821 after 0 ms
D3DKMTLock2 [gpu-readback]         0x00000000  STATUS_SUCCESS
    locked at CPU VA 000001E85E2B0000
D3DKMTUnlock2 [gpu-readback]       0x00000000  STATUS_SUCCESS
D3DKMTLock2 [gpu-readback]         0x00000000  STATUS_SUCCESS
    locked at CPU VA 000001E85E2B0000
D3DKMTUnlock2 [gpu-readback]       0x00000000  STATUS_SUCCESS
D3DKMTLock2 [gpu-ib]               0x00000000  STATUS_SUCCESS
    locked at CPU VA 000001E85E2A0000
D3DKMTUnlock2 [gpu-ib]             0x00000000  STATUS_SUCCESS
Submit GPU readback                0x00000000  STATUS_SUCCESS
    asking the context to signal the monitored fence to 822
D3DKMTSignalSynchronizationObjectFromGpu 0x00000000  STATUS_SUCCESS
D3DKMTWaitForSynchronizationObjectFromCpu 0x00000000  STATUS_SUCCESS
    the monitored fence reached 822 after 0 ms
D3DKMTLock2 [gpu-readback]         0x00000000  STATUS_SUCCESS
    locked at CPU VA 000001E85E2B0000
D3DKMTUnlock2 [gpu-readback]       0x00000000  STATUS_SUCCESS
D3DKMTLock2 [gpu-readback]         0x00000000  STATUS_SUCCESS
    locked at CPU VA 000001E85E2B0000
D3DKMTUnlock2 [gpu-readback]       0x00000000  STATUS_SUCCESS
D3DKMTLock2 [gpu-ib]               0x00000000  STATUS_SUCCESS
    locked at CPU VA 000001E85E2A0000
D3DKMTUnlock2 [gpu-ib]             0x00000000  STATUS_SUCCESS
Submit GPU readback                0x00000000  STATUS_SUCCESS
    asking the context to signal the monitored fence to 823
D3DKMTSignalSynchronizationObjectFromGpu 0x00000000  STATUS_SUCCESS
D3DKMTWaitForSynchronizationObjectFromCpu 0x00000000  STATUS_SUCCESS
    the monitored fence reached 823 after 0 ms
D3DKMTLock2 [gpu-readback]         0x00000000  STATUS_SUCCESS
    locked at CPU VA 000001E85E2B0000
D3DKMTUnlock2 [gpu-readback]       0x00000000  STATUS_SUCCESS
D3DKMTLock2 [gpu-readback]         0x00000000  STATUS_SUCCESS
    locked at CPU VA 000001E85E2B0000
D3DKMTUnlock2 [gpu-readback]       0x00000000  STATUS_SUCCESS
D3DKMTLock2 [gpu-ib]               0x00000000  STATUS_SUCCESS
    locked at CPU VA 000001E85E2A0000
D3DKMTUnlock2 [gpu-ib]             0x00000000  STATUS_SUCCESS
Submit GPU readback                0x00000000  STATUS_SUCCESS
    asking the context to signal the monitored fence to 824
D3DKMTSignalSynchronizationObjectFromGpu 0x00000000  STATUS_SUCCESS
D3DKMTWaitForSynchronizationObjectFromCpu 0x00000000  STATUS_SUCCESS
    the monitored fence reached 824 after 0 ms
D3DKMTLock2 [gpu-readback]         0x00000000  STATUS_SUCCESS
    locked at CPU VA 000001E85E2B0000
D3DKMTUnlock2 [gpu-readback]       0x00000000  STATUS_SUCCESS
D3DKMTLock2 [gpu-readback]         0x00000000  STATUS_SUCCESS
    locked at CPU VA 000001E85E2B0000
D3DKMTUnlock2 [gpu-readback]       0x00000000  STATUS_SUCCESS
D3DKMTLock2 [gpu-ib]               0x00000000  STATUS_SUCCESS
    locked at CPU VA 000001E85E2A0000
D3DKMTUnlock2 [gpu-ib]             0x00000000  STATUS_SUCCESS
Submit GPU readback                0x00000000  STATUS_SUCCESS
    asking the context to signal the monitored fence to 825
D3DKMTSignalSynchronizationObjectFromGpu 0x00000000  STATUS_SUCCESS
D3DKMTWaitForSynchronizationObjectFromCpu 0x00000000  STATUS_SUCCESS
    the monitored fence reached 825 after 0 ms
D3DKMTLock2 [gpu-readback]         0x00000000  STATUS_SUCCESS
    locked at CPU VA 000001E85E2B0000
D3DKMTUnlock2 [gpu-readback]       0x00000000  STATUS_SUCCESS
D3DKMTLock2 [gpu-readback]         0x00000000  STATUS_SUCCESS
    locked at CPU VA 000001E85E2B0000
D3DKMTUnlock2 [gpu-readback]       0x00000000  STATUS_SUCCESS
D3DKMTLock2 [gpu-ib]               0x00000000  STATUS_SUCCESS
    locked at CPU VA 000001E85E2A0000
D3DKMTUnlock2 [gpu-ib]             0x00000000  STATUS_SUCCESS
Submit GPU readback                0x00000000  STATUS_SUCCESS
    asking the context to signal the monitored fence to 826
D3DKMTSignalSynchronizationObjectFromGpu 0x00000000  STATUS_SUCCESS
D3DKMTWaitForSynchronizationObjectFromCpu 0x00000000  STATUS_SUCCESS
    the monitored fence reached 826 after 0 ms
D3DKMTLock2 [gpu-readback]         0x00000000  STATUS_SUCCESS
    locked at CPU VA 000001E85E2B0000
D3DKMTUnlock2 [gpu-readback]       0x00000000  STATUS_SUCCESS
D3DKMTLock2 [gpu-readback]         0x00000000  STATUS_SUCCESS
    locked at CPU VA 000001E85E2B0000
D3DKMTUnlock2 [gpu-readback]       0x00000000  STATUS_SUCCESS
D3DKMTLock2 [gpu-ib]               0x00000000  STATUS_SUCCESS
    locked at CPU VA 000001E85E2A0000
D3DKMTUnlock2 [gpu-ib]             0x00000000  STATUS_SUCCESS
Submit GPU readback                0x00000000  STATUS_SUCCESS
    asking the context to signal the monitored fence to 827
D3DKMTSignalSynchronizationObjectFromGpu 0x00000000  STATUS_SUCCESS
D3DKMTWaitForSynchronizationObjectFromCpu 0x00000000  STATUS_SUCCESS
    the monitored fence reached 827 after 0 ms
D3DKMTLock2 [gpu-readback]         0x00000000  STATUS_SUCCESS
    locked at CPU VA 000001E85E2B0000
D3DKMTUnlock2 [gpu-readback]       0x00000000  STATUS_SUCCESS
D3DKMTLock2 [gpu-readback]         0x00000000  STATUS_SUCCESS
    locked at CPU VA 000001E85E2B0000
D3DKMTUnlock2 [gpu-readback]       0x00000000  STATUS_SUCCESS
D3DKMTLock2 [gpu-ib]               0x00000000  STATUS_SUCCESS
    locked at CPU VA 000001E85E2A0000
D3DKMTUnlock2 [gpu-ib]             0x00000000  STATUS_SUCCESS
Submit GPU readback                0x00000000  STATUS_SUCCESS
    asking the context to signal the monitored fence to 828
D3DKMTSignalSynchronizationObjectFromGpu 0x00000000  STATUS_SUCCESS
D3DKMTWaitForSynchronizationObjectFromCpu 0x00000000  STATUS_SUCCESS
    the monitored fence reached 828 after 0 ms
D3DKMTLock2 [gpu-readback]         0x00000000  STATUS_SUCCESS
    locked at CPU VA 000001E85E2B0000
D3DKMTUnlock2 [gpu-readback]       0x00000000  STATUS_SUCCESS
D3DKMTLock2 [gpu-readback]         0x00000000  STATUS_SUCCESS
    locked at CPU VA 000001E85E2B0000
D3DKMTUnlock2 [gpu-readback]       0x00000000  STATUS_SUCCESS
D3DKMTLock2 [gpu-ib]               0x00000000  STATUS_SUCCESS
    locked at CPU VA 000001E85E2A0000
D3DKMTUnlock2 [gpu-ib]             0x00000000  STATUS_SUCCESS
Submit GPU readback                0x00000000  STATUS_SUCCESS
    asking the context to signal the monitored fence to 829
D3DKMTSignalSynchronizationObjectFromGpu 0x00000000  STATUS_SUCCESS
D3DKMTWaitForSynchronizationObjectFromCpu 0x00000000  STATUS_SUCCESS
    the monitored fence reached 829 after 0 ms
D3DKMTLock2 [gpu-readback]         0x00000000  STATUS_SUCCESS
    locked at CPU VA 000001E85E2B0000
D3DKMTUnlock2 [gpu-readback]       0x00000000  STATUS_SUCCESS
D3DKMTLock2 [gpu-readback]         0x00000000  STATUS_SUCCESS
    locked at CPU VA 000001E85E2B0000
D3DKMTUnlock2 [gpu-readback]       0x00000000  STATUS_SUCCESS
D3DKMTLock2 [gpu-ib]               0x00000000  STATUS_SUCCESS
    locked at CPU VA 000001E85E2A0000
D3DKMTUnlock2 [gpu-ib]             0x00000000  STATUS_SUCCESS
Submit GPU readback                0x00000000  STATUS_SUCCESS
    asking the context to signal the monitored fence to 830
D3DKMTSignalSynchronizationObjectFromGpu 0x00000000  STATUS_SUCCESS
D3DKMTWaitForSynchronizationObjectFromCpu 0x00000000  STATUS_SUCCESS
    the monitored fence reached 830 after 0 ms
D3DKMTLock2 [gpu-readback]         0x00000000  STATUS_SUCCESS
    locked at CPU VA 000001E85E2B0000
D3DKMTUnlock2 [gpu-readback]       0x00000000  STATUS_SUCCESS
D3DKMTLock2 [gpu-readback]         0x00000000  STATUS_SUCCESS
    locked at CPU VA 000001E85E2B0000
D3DKMTUnlock2 [gpu-readback]       0x00000000  STATUS_SUCCESS
D3DKMTLock2 [gpu-ib]               0x00000000  STATUS_SUCCESS
    locked at CPU VA 000001E85E2A0000
D3DKMTUnlock2 [gpu-ib]             0x00000000  STATUS_SUCCESS
Submit GPU readback                0x00000000  STATUS_SUCCESS
    asking the context to signal the monitored fence to 831
D3DKMTSignalSynchronizationObjectFromGpu 0x00000000  STATUS_SUCCESS
D3DKMTWaitForSynchronizationObjectFromCpu 0x00000000  STATUS_SUCCESS
    the monitored fence reached 831 after 0 ms
D3DKMTLock2 [gpu-readback]         0x00000000  STATUS_SUCCESS
    locked at CPU VA 000001E85E2B0000
D3DKMTUnlock2 [gpu-readback]       0x00000000  STATUS_SUCCESS
D3DKMTLock2 [gpu-readback]         0x00000000  STATUS_SUCCESS
    locked at CPU VA 000001E85E2B0000
D3DKMTUnlock2 [gpu-readback]       0x00000000  STATUS_SUCCESS
D3DKMTLock2 [gpu-ib]               0x00000000  STATUS_SUCCESS
    locked at CPU VA 000001E85E2A0000
D3DKMTUnlock2 [gpu-ib]             0x00000000  STATUS_SUCCESS
Submit GPU readback                0x00000000  STATUS_SUCCESS
    asking the context to signal the monitored fence to 832
D3DKMTSignalSynchronizationObjectFromGpu 0x00000000  STATUS_SUCCESS
D3DKMTWaitForSynchronizationObjectFromCpu 0x00000000  STATUS_SUCCESS
    the monitored fence reached 832 after 0 ms
D3DKMTLock2 [gpu-readback]         0x00000000  STATUS_SUCCESS
    locked at CPU VA 000001E85E2B0000
D3DKMTUnlock2 [gpu-readback]       0x00000000  STATUS_SUCCESS
D3DKMTLock2 [gpu-readback]         0x00000000  STATUS_SUCCESS
    locked at CPU VA 000001E85E2B0000
D3DKMTUnlock2 [gpu-readback]       0x00000000  STATUS_SUCCESS
D3DKMTLock2 [gpu-ib]               0x00000000  STATUS_SUCCESS
    locked at CPU VA 000001E85E2A0000
D3DKMTUnlock2 [gpu-ib]             0x00000000  STATUS_SUCCESS
Submit GPU readback                0x00000000  STATUS_SUCCESS
    asking the context to signal the monitored fence to 833
D3DKMTSignalSynchronizationObjectFromGpu 0x00000000  STATUS_SUCCESS
D3DKMTWaitForSynchronizationObjectFromCpu 0x00000000  STATUS_SUCCESS
    the monitored fence reached 833 after 0 ms
D3DKMTLock2 [gpu-readback]         0x00000000  STATUS_SUCCESS
    locked at CPU VA 000001E85E2B0000
D3DKMTUnlock2 [gpu-readback]       0x00000000  STATUS_SUCCESS
D3DKMTLock2 [gpu-readback]         0x00000000  STATUS_SUCCESS
    locked at CPU VA 000001E85E2B0000
D3DKMTUnlock2 [gpu-readback]       0x00000000  STATUS_SUCCESS
D3DKMTLock2 [gpu-ib]               0x00000000  STATUS_SUCCESS
    locked at CPU VA 000001E85E2A0000
D3DKMTUnlock2 [gpu-ib]             0x00000000  STATUS_SUCCESS
Submit GPU readback                0x00000000  STATUS_SUCCESS
    asking the context to signal the monitored fence to 834
D3DKMTSignalSynchronizationObjectFromGpu 0x00000000  STATUS_SUCCESS
D3DKMTWaitForSynchronizationObjectFromCpu 0x00000000  STATUS_SUCCESS
    the monitored fence reached 834 after 0 ms
D3DKMTLock2 [gpu-readback]         0x00000000  STATUS_SUCCESS
    locked at CPU VA 000001E85E2B0000
D3DKMTUnlock2 [gpu-readback]       0x00000000  STATUS_SUCCESS
D3DKMTLock2 [gpu-readback]         0x00000000  STATUS_SUCCESS
    locked at CPU VA 000001E85E2B0000
D3DKMTUnlock2 [gpu-readback]       0x00000000  STATUS_SUCCESS
D3DKMTLock2 [gpu-ib]               0x00000000  STATUS_SUCCESS
    locked at CPU VA 000001E85E2A0000
D3DKMTUnlock2 [gpu-ib]             0x00000000  STATUS_SUCCESS
Submit GPU readback                0x00000000  STATUS_SUCCESS
    asking the context to signal the monitored fence to 835
D3DKMTSignalSynchronizationObjectFromGpu 0x00000000  STATUS_SUCCESS
D3DKMTWaitForSynchronizationObjectFromCpu 0x00000000  STATUS_SUCCESS
    the monitored fence reached 835 after 0 ms
D3DKMTLock2 [gpu-readback]         0x00000000  STATUS_SUCCESS
    locked at CPU VA 000001E85E2B0000
D3DKMTUnlock2 [gpu-readback]       0x00000000  STATUS_SUCCESS
D3DKMTLock2 [gpu-readback]         0x00000000  STATUS_SUCCESS
    locked at CPU VA 000001E85E2B0000
D3DKMTUnlock2 [gpu-readback]       0x00000000  STATUS_SUCCESS
D3DKMTLock2 [gpu-ib]               0x00000000  STATUS_SUCCESS
    locked at CPU VA 000001E85E2A0000
D3DKMTUnlock2 [gpu-ib]             0x00000000  STATUS_SUCCESS
Submit GPU readback                0x00000000  STATUS_SUCCESS
    asking the context to signal the monitored fence to 836
D3DKMTSignalSynchronizationObjectFromGpu 0x00000000  STATUS_SUCCESS
D3DKMTWaitForSynchronizationObjectFromCpu 0x00000000  STATUS_SUCCESS
    the monitored fence reached 836 after 0 ms
D3DKMTLock2 [gpu-readback]         0x00000000  STATUS_SUCCESS
    locked at CPU VA 000001E85E2B0000
D3DKMTUnlock2 [gpu-readback]       0x00000000  STATUS_SUCCESS
D3DKMTLock2 [gpu-readback]         0x00000000  STATUS_SUCCESS
    locked at CPU VA 000001E85E2B0000
D3DKMTUnlock2 [gpu-readback]       0x00000000  STATUS_SUCCESS
D3DKMTLock2 [gpu-ib]               0x00000000  STATUS_SUCCESS
    locked at CPU VA 000001E85E2A0000
D3DKMTUnlock2 [gpu-ib]             0x00000000  STATUS_SUCCESS
Submit GPU readback                0x00000000  STATUS_SUCCESS
    asking the context to signal the monitored fence to 837
D3DKMTSignalSynchronizationObjectFromGpu 0x00000000  STATUS_SUCCESS
D3DKMTWaitForSynchronizationObjectFromCpu 0x00000000  STATUS_SUCCESS
    the monitored fence reached 837 after 0 ms
D3DKMTLock2 [gpu-readback]         0x00000000  STATUS_SUCCESS
    locked at CPU VA 000001E85E2B0000
D3DKMTUnlock2 [gpu-readback]       0x00000000  STATUS_SUCCESS
D3DKMTLock2 [gpu-readback]         0x00000000  STATUS_SUCCESS
    locked at CPU VA 000001E85E2B0000
D3DKMTUnlock2 [gpu-readback]       0x00000000  STATUS_SUCCESS
D3DKMTLock2 [gpu-ib]               0x00000000  STATUS_SUCCESS
    locked at CPU VA 000001E85E2A0000
D3DKMTUnlock2 [gpu-ib]             0x00000000  STATUS_SUCCESS
Submit GPU readback                0x00000000  STATUS_SUCCESS
    asking the context to signal the monitored fence to 838
D3DKMTSignalSynchronizationObjectFromGpu 0x00000000  STATUS_SUCCESS
D3DKMTWaitForSynchronizationObjectFromCpu 0x00000000  STATUS_SUCCESS
    the monitored fence reached 838 after 0 ms
D3DKMTLock2 [gpu-readback]         0x00000000  STATUS_SUCCESS
    locked at CPU VA 000001E85E2B0000
D3DKMTUnlock2 [gpu-readback]       0x00000000  STATUS_SUCCESS
D3DKMTLock2 [gpu-readback]         0x00000000  STATUS_SUCCESS
    locked at CPU VA 000001E85E2B0000
D3DKMTUnlock2 [gpu-readback]       0x00000000  STATUS_SUCCESS
D3DKMTLock2 [gpu-ib]               0x00000000  STATUS_SUCCESS
    locked at CPU VA 000001E85E2A0000
D3DKMTUnlock2 [gpu-ib]             0x00000000  STATUS_SUCCESS
Submit GPU readback                0x00000000  STATUS_SUCCESS
    asking the context to signal the monitored fence to 839
D3DKMTSignalSynchronizationObjectFromGpu 0x00000000  STATUS_SUCCESS
D3DKMTWaitForSynchronizationObjectFromCpu 0x00000000  STATUS_SUCCESS
    the monitored fence reached 839 after 0 ms
D3DKMTLock2 [gpu-readback]         0x00000000  STATUS_SUCCESS
    locked at CPU VA 000001E85E2B0000
D3DKMTUnlock2 [gpu-readback]       0x00000000  STATUS_SUCCESS
D3DKMTLock2 [gpu-readback]         0x00000000  STATUS_SUCCESS
    locked at CPU VA 000001E85E2B0000
D3DKMTUnlock2 [gpu-readback]       0x00000000  STATUS_SUCCESS
D3DKMTLock2 [gpu-ib]               0x00000000  STATUS_SUCCESS
    locked at CPU VA 000001E85E2A0000
D3DKMTUnlock2 [gpu-ib]             0x00000000  STATUS_SUCCESS
Submit GPU readback                0x00000000  STATUS_SUCCESS
    asking the context to signal the monitored fence to 840
D3DKMTSignalSynchronizationObjectFromGpu 0x00000000  STATUS_SUCCESS
D3DKMTWaitForSynchronizationObjectFromCpu 0x00000000  STATUS_SUCCESS
    the monitored fence reached 840 after 0 ms
D3DKMTLock2 [gpu-readback]         0x00000000  STATUS_SUCCESS
    locked at CPU VA 000001E85E2B0000
D3DKMTUnlock2 [gpu-readback]       0x00000000  STATUS_SUCCESS
D3DKMTLock2 [gpu-readback]         0x00000000  STATUS_SUCCESS
    locked at CPU VA 000001E85E2B0000
D3DKMTUnlock2 [gpu-readback]       0x00000000  STATUS_SUCCESS
D3DKMTLock2 [gpu-ib]               0x00000000  STATUS_SUCCESS
    locked at CPU VA 000001E85E2A0000
D3DKMTUnlock2 [gpu-ib]             0x00000000  STATUS_SUCCESS
Submit GPU readback                0x00000000  STATUS_SUCCESS
    asking the context to signal the monitored fence to 841
D3DKMTSignalSynchronizationObjectFromGpu 0x00000000  STATUS_SUCCESS
D3DKMTWaitForSynchronizationObjectFromCpu 0x00000000  STATUS_SUCCESS
    the monitored fence reached 841 after 0 ms
D3DKMTLock2 [gpu-readback]         0x00000000  STATUS_SUCCESS
    locked at CPU VA 000001E85E2B0000
D3DKMTUnlock2 [gpu-readback]       0x00000000  STATUS_SUCCESS
D3DKMTLock2 [gpu-readback]         0x00000000  STATUS_SUCCESS
    locked at CPU VA 000001E85E2B0000
D3DKMTUnlock2 [gpu-readback]       0x00000000  STATUS_SUCCESS
D3DKMTLock2 [gpu-ib]               0x00000000  STATUS_SUCCESS
    locked at CPU VA 000001E85E2A0000
D3DKMTUnlock2 [gpu-ib]             0x00000000  STATUS_SUCCESS
Submit GPU readback                0x00000000  STATUS_SUCCESS
    asking the context to signal the monitored fence to 842
D3DKMTSignalSynchronizationObjectFromGpu 0x00000000  STATUS_SUCCESS
D3DKMTWaitForSynchronizationObjectFromCpu 0x00000000  STATUS_SUCCESS
    the monitored fence reached 842 after 0 ms
D3DKMTLock2 [gpu-readback]         0x00000000  STATUS_SUCCESS
    locked at CPU VA 000001E85E2B0000
D3DKMTUnlock2 [gpu-readback]       0x00000000  STATUS_SUCCESS
D3DKMTLock2 [gpu-readback]         0x00000000  STATUS_SUCCESS
    locked at CPU VA 000001E85E2B0000
D3DKMTUnlock2 [gpu-readback]       0x00000000  STATUS_SUCCESS
D3DKMTLock2 [gpu-ib]               0x00000000  STATUS_SUCCESS
    locked at CPU VA 000001E85E2A0000
D3DKMTUnlock2 [gpu-ib]             0x00000000  STATUS_SUCCESS
Submit GPU readback                0x00000000  STATUS_SUCCESS
    asking the context to signal the monitored fence to 843
D3DKMTSignalSynchronizationObjectFromGpu 0x00000000  STATUS_SUCCESS
D3DKMTWaitForSynchronizationObjectFromCpu 0x00000000  STATUS_SUCCESS
    the monitored fence reached 843 after 0 ms
D3DKMTLock2 [gpu-readback]         0x00000000  STATUS_SUCCESS
    locked at CPU VA 000001E85E2B0000
D3DKMTUnlock2 [gpu-readback]       0x00000000  STATUS_SUCCESS
D3DKMTLock2 [gpu-readback]         0x00000000  STATUS_SUCCESS
    locked at CPU VA 000001E85E2B0000
D3DKMTUnlock2 [gpu-readback]       0x00000000  STATUS_SUCCESS
D3DKMTLock2 [gpu-ib]               0x00000000  STATUS_SUCCESS
    locked at CPU VA 000001E85E2A0000
D3DKMTUnlock2 [gpu-ib]             0x00000000  STATUS_SUCCESS
Submit GPU readback                0x00000000  STATUS_SUCCESS
    asking the context to signal the monitored fence to 844
D3DKMTSignalSynchronizationObjectFromGpu 0x00000000  STATUS_SUCCESS
D3DKMTWaitForSynchronizationObjectFromCpu 0x00000000  STATUS_SUCCESS
    the monitored fence reached 844 after 0 ms
D3DKMTLock2 [gpu-readback]         0x00000000  STATUS_SUCCESS
    locked at CPU VA 000001E85E2B0000
D3DKMTUnlock2 [gpu-readback]       0x00000000  STATUS_SUCCESS
D3DKMTLock2 [gpu-readback]         0x00000000  STATUS_SUCCESS
    locked at CPU VA 000001E85E2B0000
D3DKMTUnlock2 [gpu-readback]       0x00000000  STATUS_SUCCESS
D3DKMTLock2 [gpu-ib]               0x00000000  STATUS_SUCCESS
    locked at CPU VA 000001E85E2A0000
D3DKMTUnlock2 [gpu-ib]             0x00000000  STATUS_SUCCESS
Submit GPU readback                0x00000000  STATUS_SUCCESS
    asking the context to signal the monitored fence to 845
D3DKMTSignalSynchronizationObjectFromGpu 0x00000000  STATUS_SUCCESS
D3DKMTWaitForSynchronizationObjectFromCpu 0x00000000  STATUS_SUCCESS
    the monitored fence reached 845 after 0 ms
D3DKMTLock2 [gpu-readback]         0x00000000  STATUS_SUCCESS
    locked at CPU VA 000001E85E2B0000
D3DKMTUnlock2 [gpu-readback]       0x00000000  STATUS_SUCCESS
D3DKMTLock2 [gpu-readback]         0x00000000  STATUS_SUCCESS
    locked at CPU VA 000001E85E2B0000
D3DKMTUnlock2 [gpu-readback]       0x00000000  STATUS_SUCCESS
D3DKMTLock2 [gpu-ib]               0x00000000  STATUS_SUCCESS
    locked at CPU VA 000001E85E2A0000
D3DKMTUnlock2 [gpu-ib]             0x00000000  STATUS_SUCCESS
Submit GPU readback                0x00000000  STATUS_SUCCESS
    asking the context to signal the monitored fence to 846
D3DKMTSignalSynchronizationObjectFromGpu 0x00000000  STATUS_SUCCESS
D3DKMTWaitForSynchronizationObjectFromCpu 0x00000000  STATUS_SUCCESS
    the monitored fence reached 846 after 0 ms
D3DKMTLock2 [gpu-readback]         0x00000000  STATUS_SUCCESS
    locked at CPU VA 000001E85E2B0000
D3DKMTUnlock2 [gpu-readback]       0x00000000  STATUS_SUCCESS
D3DKMTLock2 [gpu-readback]         0x00000000  STATUS_SUCCESS
    locked at CPU VA 000001E85E2B0000
D3DKMTUnlock2 [gpu-readback]       0x00000000  STATUS_SUCCESS
D3DKMTLock2 [gpu-ib]               0x00000000  STATUS_SUCCESS
    locked at CPU VA 000001E85E2A0000
D3DKMTUnlock2 [gpu-ib]             0x00000000  STATUS_SUCCESS
Submit GPU readback                0x00000000  STATUS_SUCCESS
    asking the context to signal the monitored fence to 847
D3DKMTSignalSynchronizationObjectFromGpu 0x00000000  STATUS_SUCCESS
D3DKMTWaitForSynchronizationObjectFromCpu 0x00000000  STATUS_SUCCESS
    the monitored fence reached 847 after 0 ms
D3DKMTLock2 [gpu-readback]         0x00000000  STATUS_SUCCESS
    locked at CPU VA 000001E85E2B0000
D3DKMTUnlock2 [gpu-readback]       0x00000000  STATUS_SUCCESS
D3DKMTLock2 [gpu-readback]         0x00000000  STATUS_SUCCESS
    locked at CPU VA 000001E85E2B0000
D3DKMTUnlock2 [gpu-readback]       0x00000000  STATUS_SUCCESS
D3DKMTLock2 [gpu-ib]               0x00000000  STATUS_SUCCESS
    locked at CPU VA 000001E85E2A0000
D3DKMTUnlock2 [gpu-ib]             0x00000000  STATUS_SUCCESS
Submit GPU readback                0x00000000  STATUS_SUCCESS
    asking the context to signal the monitored fence to 848
D3DKMTSignalSynchronizationObjectFromGpu 0x00000000  STATUS_SUCCESS
D3DKMTWaitForSynchronizationObjectFromCpu 0x00000000  STATUS_SUCCESS
    the monitored fence reached 848 after 0 ms
D3DKMTLock2 [gpu-readback]         0x00000000  STATUS_SUCCESS
    locked at CPU VA 000001E85E2B0000
D3DKMTUnlock2 [gpu-readback]       0x00000000  STATUS_SUCCESS
D3DKMTLock2 [gpu-readback]         0x00000000  STATUS_SUCCESS
    locked at CPU VA 000001E85E2B0000
D3DKMTUnlock2 [gpu-readback]       0x00000000  STATUS_SUCCESS
D3DKMTLock2 [gpu-ib]               0x00000000  STATUS_SUCCESS
    locked at CPU VA 000001E85E2A0000
D3DKMTUnlock2 [gpu-ib]             0x00000000  STATUS_SUCCESS
Submit GPU readback                0x00000000  STATUS_SUCCESS
    asking the context to signal the monitored fence to 849
D3DKMTSignalSynchronizationObjectFromGpu 0x00000000  STATUS_SUCCESS
D3DKMTWaitForSynchronizationObjectFromCpu 0x00000000  STATUS_SUCCESS
    the monitored fence reached 849 after 0 ms
D3DKMTLock2 [gpu-readback]         0x00000000  STATUS_SUCCESS
    locked at CPU VA 000001E85E2B0000
D3DKMTUnlock2 [gpu-readback]       0x00000000  STATUS_SUCCESS
D3DKMTLock2 [gpu-readback]         0x00000000  STATUS_SUCCESS
    locked at CPU VA 000001E85E2B0000
D3DKMTUnlock2 [gpu-readback]       0x00000000  STATUS_SUCCESS
D3DKMTLock2 [gpu-ib]               0x00000000  STATUS_SUCCESS
    locked at CPU VA 000001E85E2A0000
D3DKMTUnlock2 [gpu-ib]             0x00000000  STATUS_SUCCESS
Submit GPU readback                0x00000000  STATUS_SUCCESS
    asking the context to signal the monitored fence to 850
D3DKMTSignalSynchronizationObjectFromGpu 0x00000000  STATUS_SUCCESS
D3DKMTWaitForSynchronizationObjectFromCpu 0x00000000  STATUS_SUCCESS
    the monitored fence reached 850 after 0 ms
D3DKMTLock2 [gpu-readback]         0x00000000  STATUS_SUCCESS
    locked at CPU VA 000001E85E2B0000
D3DKMTUnlock2 [gpu-readback]       0x00000000  STATUS_SUCCESS
D3DKMTLock2 [gpu-readback]         0x00000000  STATUS_SUCCESS
    locked at CPU VA 000001E85E2B0000
D3DKMTUnlock2 [gpu-readback]       0x00000000  STATUS_SUCCESS
D3DKMTLock2 [gpu-ib]               0x00000000  STATUS_SUCCESS
    locked at CPU VA 000001E85E2A0000
D3DKMTUnlock2 [gpu-ib]             0x00000000  STATUS_SUCCESS
Submit GPU readback                0x00000000  STATUS_SUCCESS
    asking the context to signal the monitored fence to 851
D3DKMTSignalSynchronizationObjectFromGpu 0x00000000  STATUS_SUCCESS
D3DKMTWaitForSynchronizationObjectFromCpu 0x00000000  STATUS_SUCCESS
    the monitored fence reached 851 after 0 ms
D3DKMTLock2 [gpu-readback]         0x00000000  STATUS_SUCCESS
    locked at CPU VA 000001E85E2B0000
D3DKMTUnlock2 [gpu-readback]       0x00000000  STATUS_SUCCESS
D3DKMTLock2 [gpu-readback]         0x00000000  STATUS_SUCCESS
    locked at CPU VA 000001E85E2B0000
D3DKMTUnlock2 [gpu-readback]       0x00000000  STATUS_SUCCESS
D3DKMTLock2 [gpu-ib]               0x00000000  STATUS_SUCCESS
    locked at CPU VA 000001E85E2A0000
D3DKMTUnlock2 [gpu-ib]             0x00000000  STATUS_SUCCESS
Submit GPU readback                0x00000000  STATUS_SUCCESS
    asking the context to signal the monitored fence to 852
D3DKMTSignalSynchronizationObjectFromGpu 0x00000000  STATUS_SUCCESS
D3DKMTWaitForSynchronizationObjectFromCpu 0x00000000  STATUS_SUCCESS
    the monitored fence reached 852 after 0 ms
D3DKMTLock2 [gpu-readback]         0x00000000  STATUS_SUCCESS
    locked at CPU VA 000001E85E2B0000
D3DKMTUnlock2 [gpu-readback]       0x00000000  STATUS_SUCCESS
D3DKMTLock2 [gpu-readback]         0x00000000  STATUS_SUCCESS
    locked at CPU VA 000001E85E2B0000
D3DKMTUnlock2 [gpu-readback]       0x00000000  STATUS_SUCCESS
D3DKMTLock2 [gpu-ib]               0x00000000  STATUS_SUCCESS
    locked at CPU VA 000001E85E2A0000
D3DKMTUnlock2 [gpu-ib]             0x00000000  STATUS_SUCCESS
Submit GPU readback                0x00000000  STATUS_SUCCESS
    asking the context to signal the monitored fence to 853
D3DKMTSignalSynchronizationObjectFromGpu 0x00000000  STATUS_SUCCESS
D3DKMTWaitForSynchronizationObjectFromCpu 0x00000000  STATUS_SUCCESS
    the monitored fence reached 853 after 0 ms
D3DKMTLock2 [gpu-readback]         0x00000000  STATUS_SUCCESS
    locked at CPU VA 000001E85E2B0000
D3DKMTUnlock2 [gpu-readback]       0x00000000  STATUS_SUCCESS
D3DKMTLock2 [gpu-readback]         0x00000000  STATUS_SUCCESS
    locked at CPU VA 000001E85E2B0000
D3DKMTUnlock2 [gpu-readback]       0x00000000  STATUS_SUCCESS
D3DKMTLock2 [gpu-ib]               0x00000000  STATUS_SUCCESS
    locked at CPU VA 000001E85E2A0000
D3DKMTUnlock2 [gpu-ib]             0x00000000  STATUS_SUCCESS
Submit GPU readback                0x00000000  STATUS_SUCCESS
    asking the context to signal the monitored fence to 854
D3DKMTSignalSynchronizationObjectFromGpu 0x00000000  STATUS_SUCCESS
D3DKMTWaitForSynchronizationObjectFromCpu 0x00000000  STATUS_SUCCESS
    the monitored fence reached 854 after 0 ms
D3DKMTLock2 [gpu-readback]         0x00000000  STATUS_SUCCESS
    locked at CPU VA 000001E85E2B0000
D3DKMTUnlock2 [gpu-readback]       0x00000000  STATUS_SUCCESS
D3DKMTLock2 [gpu-readback]         0x00000000  STATUS_SUCCESS
    locked at CPU VA 000001E85E2B0000
D3DKMTUnlock2 [gpu-readback]       0x00000000  STATUS_SUCCESS
D3DKMTLock2 [gpu-ib]               0x00000000  STATUS_SUCCESS
    locked at CPU VA 000001E85E2A0000
D3DKMTUnlock2 [gpu-ib]             0x00000000  STATUS_SUCCESS
Submit GPU readback                0x00000000  STATUS_SUCCESS
    asking the context to signal the monitored fence to 855
D3DKMTSignalSynchronizationObjectFromGpu 0x00000000  STATUS_SUCCESS
D3DKMTWaitForSynchronizationObjectFromCpu 0x00000000  STATUS_SUCCESS
    the monitored fence reached 855 after 0 ms
D3DKMTLock2 [gpu-readback]         0x00000000  STATUS_SUCCESS
    locked at CPU VA 000001E85E2B0000
D3DKMTUnlock2 [gpu-readback]       0x00000000  STATUS_SUCCESS
D3DKMTLock2 [gpu-readback]         0x00000000  STATUS_SUCCESS
    locked at CPU VA 000001E85E2B0000
D3DKMTUnlock2 [gpu-readback]       0x00000000  STATUS_SUCCESS
D3DKMTLock2 [gpu-ib]               0x00000000  STATUS_SUCCESS
    locked at CPU VA 000001E85E2A0000
D3DKMTUnlock2 [gpu-ib]             0x00000000  STATUS_SUCCESS
Submit GPU readback                0x00000000  STATUS_SUCCESS
    asking the context to signal the monitored fence to 856
D3DKMTSignalSynchronizationObjectFromGpu 0x00000000  STATUS_SUCCESS
D3DKMTWaitForSynchronizationObjectFromCpu 0x00000000  STATUS_SUCCESS
    the monitored fence reached 856 after 0 ms
D3DKMTLock2 [gpu-readback]         0x00000000  STATUS_SUCCESS
    locked at CPU VA 000001E85E2B0000
D3DKMTUnlock2 [gpu-readback]       0x00000000  STATUS_SUCCESS
D3DKMTLock2 [gpu-readback]         0x00000000  STATUS_SUCCESS
    locked at CPU VA 000001E85E2B0000
D3DKMTUnlock2 [gpu-readback]       0x00000000  STATUS_SUCCESS
D3DKMTLock2 [gpu-ib]               0x00000000  STATUS_SUCCESS
    locked at CPU VA 000001E85E2A0000
D3DKMTUnlock2 [gpu-ib]             0x00000000  STATUS_SUCCESS
Submit GPU readback                0x00000000  STATUS_SUCCESS
    asking the context to signal the monitored fence to 857
D3DKMTSignalSynchronizationObjectFromGpu 0x00000000  STATUS_SUCCESS
D3DKMTWaitForSynchronizationObjectFromCpu 0x00000000  STATUS_SUCCESS
    the monitored fence reached 857 after 0 ms
D3DKMTLock2 [gpu-readback]         0x00000000  STATUS_SUCCESS
    locked at CPU VA 000001E85E2B0000
D3DKMTUnlock2 [gpu-readback]       0x00000000  STATUS_SUCCESS
D3DKMTLock2 [gpu-readback]         0x00000000  STATUS_SUCCESS
    locked at CPU VA 000001E85E2B0000
D3DKMTUnlock2 [gpu-readback]       0x00000000  STATUS_SUCCESS
D3DKMTLock2 [gpu-ib]               0x00000000  STATUS_SUCCESS
    locked at CPU VA 000001E85E2A0000
D3DKMTUnlock2 [gpu-ib]             0x00000000  STATUS_SUCCESS
Submit GPU readback                0x00000000  STATUS_SUCCESS
    asking the context to signal the monitored fence to 858
D3DKMTSignalSynchronizationObjectFromGpu 0x00000000  STATUS_SUCCESS
D3DKMTWaitForSynchronizationObjectFromCpu 0x00000000  STATUS_SUCCESS
    the monitored fence reached 858 after 0 ms
D3DKMTLock2 [gpu-readback]         0x00000000  STATUS_SUCCESS
    locked at CPU VA 000001E85E2B0000
D3DKMTUnlock2 [gpu-readback]       0x00000000  STATUS_SUCCESS
D3DKMTLock2 [gpu-readback]         0x00000000  STATUS_SUCCESS
    locked at CPU VA 000001E85E2B0000
D3DKMTUnlock2 [gpu-readback]       0x00000000  STATUS_SUCCESS
D3DKMTLock2 [gpu-ib]               0x00000000  STATUS_SUCCESS
    locked at CPU VA 000001E85E2A0000
D3DKMTUnlock2 [gpu-ib]             0x00000000  STATUS_SUCCESS
Submit GPU readback                0x00000000  STATUS_SUCCESS
    asking the context to signal the monitored fence to 859
D3DKMTSignalSynchronizationObjectFromGpu 0x00000000  STATUS_SUCCESS
D3DKMTWaitForSynchronizationObjectFromCpu 0x00000000  STATUS_SUCCESS
    the monitored fence reached 859 after 0 ms
D3DKMTLock2 [gpu-readback]         0x00000000  STATUS_SUCCESS
    locked at CPU VA 000001E85E2B0000
D3DKMTUnlock2 [gpu-readback]       0x00000000  STATUS_SUCCESS
D3DKMTLock2 [gpu-readback]         0x00000000  STATUS_SUCCESS
    locked at CPU VA 000001E85E2B0000
D3DKMTUnlock2 [gpu-readback]       0x00000000  STATUS_SUCCESS
D3DKMTLock2 [gpu-ib]               0x00000000  STATUS_SUCCESS
    locked at CPU VA 000001E85E2A0000
D3DKMTUnlock2 [gpu-ib]             0x00000000  STATUS_SUCCESS
Submit GPU readback                0x00000000  STATUS_SUCCESS
    asking the context to signal the monitored fence to 860
D3DKMTSignalSynchronizationObjectFromGpu 0x00000000  STATUS_SUCCESS
D3DKMTWaitForSynchronizationObjectFromCpu 0x00000000  STATUS_SUCCESS
    the monitored fence reached 860 after 0 ms
D3DKMTLock2 [gpu-readback]         0x00000000  STATUS_SUCCESS
    locked at CPU VA 000001E85E2B0000
D3DKMTUnlock2 [gpu-readback]       0x00000000  STATUS_SUCCESS
D3DKMTLock2 [gpu-readback]         0x00000000  STATUS_SUCCESS
    locked at CPU VA 000001E85E2B0000
D3DKMTUnlock2 [gpu-readback]       0x00000000  STATUS_SUCCESS
D3DKMTLock2 [gpu-ib]               0x00000000  STATUS_SUCCESS
    locked at CPU VA 000001E85E2A0000
D3DKMTUnlock2 [gpu-ib]             0x00000000  STATUS_SUCCESS
Submit GPU readback                0x00000000  STATUS_SUCCESS
    asking the context to signal the monitored fence to 861
D3DKMTSignalSynchronizationObjectFromGpu 0x00000000  STATUS_SUCCESS
D3DKMTWaitForSynchronizationObjectFromCpu 0x00000000  STATUS_SUCCESS
    the monitored fence reached 861 after 0 ms
D3DKMTLock2 [gpu-readback]         0x00000000  STATUS_SUCCESS
    locked at CPU VA 000001E85E2B0000
D3DKMTUnlock2 [gpu-readback]       0x00000000  STATUS_SUCCESS
D3DKMTLock2 [gpu-readback]         0x00000000  STATUS_SUCCESS
    locked at CPU VA 000001E85E2B0000
D3DKMTUnlock2 [gpu-readback]       0x00000000  STATUS_SUCCESS
D3DKMTLock2 [gpu-ib]               0x00000000  STATUS_SUCCESS
    locked at CPU VA 000001E85E2A0000
D3DKMTUnlock2 [gpu-ib]             0x00000000  STATUS_SUCCESS
Submit GPU readback                0x00000000  STATUS_SUCCESS
    asking the context to signal the monitored fence to 862
D3DKMTSignalSynchronizationObjectFromGpu 0x00000000  STATUS_SUCCESS
D3DKMTWaitForSynchronizationObjectFromCpu 0x00000000  STATUS_SUCCESS
    the monitored fence reached 862 after 0 ms
D3DKMTLock2 [gpu-readback]         0x00000000  STATUS_SUCCESS
    locked at CPU VA 000001E85E2B0000
D3DKMTUnlock2 [gpu-readback]       0x00000000  STATUS_SUCCESS
D3DKMTLock2 [gpu-readback]         0x00000000  STATUS_SUCCESS
    locked at CPU VA 000001E85E2B0000
D3DKMTUnlock2 [gpu-readback]       0x00000000  STATUS_SUCCESS
D3DKMTLock2 [gpu-ib]               0x00000000  STATUS_SUCCESS
    locked at CPU VA 000001E85E2A0000
D3DKMTUnlock2 [gpu-ib]             0x00000000  STATUS_SUCCESS
Submit GPU readback                0x00000000  STATUS_SUCCESS
    asking the context to signal the monitored fence to 863
D3DKMTSignalSynchronizationObjectFromGpu 0x00000000  STATUS_SUCCESS
D3DKMTWaitForSynchronizationObjectFromCpu 0x00000000  STATUS_SUCCESS
    the monitored fence reached 863 after 0 ms
D3DKMTLock2 [gpu-readback]         0x00000000  STATUS_SUCCESS
    locked at CPU VA 000001E85E2B0000
D3DKMTUnlock2 [gpu-readback]       0x00000000  STATUS_SUCCESS
D3DKMTLock2 [gpu-readback]         0x00000000  STATUS_SUCCESS
    locked at CPU VA 000001E85E2B0000
D3DKMTUnlock2 [gpu-readback]       0x00000000  STATUS_SUCCESS
D3DKMTLock2 [gpu-ib]               0x00000000  STATUS_SUCCESS
    locked at CPU VA 000001E85E2A0000
D3DKMTUnlock2 [gpu-ib]             0x00000000  STATUS_SUCCESS
Submit GPU readback                0x00000000  STATUS_SUCCESS
    asking the context to signal the monitored fence to 864
D3DKMTSignalSynchronizationObjectFromGpu 0x00000000  STATUS_SUCCESS
D3DKMTWaitForSynchronizationObjectFromCpu 0x00000000  STATUS_SUCCESS
    the monitored fence reached 864 after 0 ms
D3DKMTLock2 [gpu-readback]         0x00000000  STATUS_SUCCESS
    locked at CPU VA 000001E85E2B0000
D3DKMTUnlock2 [gpu-readback]       0x00000000  STATUS_SUCCESS
D3DKMTLock2 [gpu-readback]         0x00000000  STATUS_SUCCESS
    locked at CPU VA 000001E85E2B0000
D3DKMTUnlock2 [gpu-readback]       0x00000000  STATUS_SUCCESS
D3DKMTLock2 [gpu-ib]               0x00000000  STATUS_SUCCESS
    locked at CPU VA 000001E85E2A0000
D3DKMTUnlock2 [gpu-ib]             0x00000000  STATUS_SUCCESS
Submit GPU readback                0x00000000  STATUS_SUCCESS
    asking the context to signal the monitored fence to 865
D3DKMTSignalSynchronizationObjectFromGpu 0x00000000  STATUS_SUCCESS
D3DKMTWaitForSynchronizationObjectFromCpu 0x00000000  STATUS_SUCCESS
    the monitored fence reached 865 after 0 ms
D3DKMTLock2 [gpu-readback]         0x00000000  STATUS_SUCCESS
    locked at CPU VA 000001E85E2B0000
D3DKMTUnlock2 [gpu-readback]       0x00000000  STATUS_SUCCESS
D3DKMTLock2 [gpu-readback]         0x00000000  STATUS_SUCCESS
    locked at CPU VA 000001E85E2B0000
D3DKMTUnlock2 [gpu-readback]       0x00000000  STATUS_SUCCESS
D3DKMTLock2 [gpu-ib]               0x00000000  STATUS_SUCCESS
    locked at CPU VA 000001E85E2A0000
D3DKMTUnlock2 [gpu-ib]             0x00000000  STATUS_SUCCESS
Submit GPU readback                0x00000000  STATUS_SUCCESS
    asking the context to signal the monitored fence to 866
D3DKMTSignalSynchronizationObjectFromGpu 0x00000000  STATUS_SUCCESS
D3DKMTWaitForSynchronizationObjectFromCpu 0x00000000  STATUS_SUCCESS
    the monitored fence reached 866 after 0 ms
D3DKMTLock2 [gpu-readback]         0x00000000  STATUS_SUCCESS
    locked at CPU VA 000001E85E2B0000
D3DKMTUnlock2 [gpu-readback]       0x00000000  STATUS_SUCCESS
D3DKMTLock2 [gpu-readback]         0x00000000  STATUS_SUCCESS
    locked at CPU VA 000001E85E2B0000
D3DKMTUnlock2 [gpu-readback]       0x00000000  STATUS_SUCCESS
D3DKMTLock2 [gpu-ib]               0x00000000  STATUS_SUCCESS
    locked at CPU VA 000001E85E2A0000
D3DKMTUnlock2 [gpu-ib]             0x00000000  STATUS_SUCCESS
Submit GPU readback                0x00000000  STATUS_SUCCESS
    asking the context to signal the monitored fence to 867
D3DKMTSignalSynchronizationObjectFromGpu 0x00000000  STATUS_SUCCESS
D3DKMTWaitForSynchronizationObjectFromCpu 0x00000000  STATUS_SUCCESS
    the monitored fence reached 867 after 0 ms
D3DKMTLock2 [gpu-readback]         0x00000000  STATUS_SUCCESS
    locked at CPU VA 000001E85E2B0000
D3DKMTUnlock2 [gpu-readback]       0x00000000  STATUS_SUCCESS
D3DKMTLock2 [gpu-readback]         0x00000000  STATUS_SUCCESS
    locked at CPU VA 000001E85E2B0000
D3DKMTUnlock2 [gpu-readback]       0x00000000  STATUS_SUCCESS
D3DKMTLock2 [gpu-ib]               0x00000000  STATUS_SUCCESS
    locked at CPU VA 000001E85E2A0000
D3DKMTUnlock2 [gpu-ib]             0x00000000  STATUS_SUCCESS
Submit GPU readback                0x00000000  STATUS_SUCCESS
    asking the context to signal the monitored fence to 868
D3DKMTSignalSynchronizationObjectFromGpu 0x00000000  STATUS_SUCCESS
D3DKMTWaitForSynchronizationObjectFromCpu 0x00000000  STATUS_SUCCESS
    the monitored fence reached 868 after 0 ms
D3DKMTLock2 [gpu-readback]         0x00000000  STATUS_SUCCESS
    locked at CPU VA 000001E85E2B0000
D3DKMTUnlock2 [gpu-readback]       0x00000000  STATUS_SUCCESS
D3DKMTLock2 [gpu-readback]         0x00000000  STATUS_SUCCESS
    locked at CPU VA 000001E85E2B0000
D3DKMTUnlock2 [gpu-readback]       0x00000000  STATUS_SUCCESS
D3DKMTLock2 [gpu-ib]               0x00000000  STATUS_SUCCESS
    locked at CPU VA 000001E85E2A0000
D3DKMTUnlock2 [gpu-ib]             0x00000000  STATUS_SUCCESS
Submit GPU readback                0x00000000  STATUS_SUCCESS
    asking the context to signal the monitored fence to 869
D3DKMTSignalSynchronizationObjectFromGpu 0x00000000  STATUS_SUCCESS
D3DKMTWaitForSynchronizationObjectFromCpu 0x00000000  STATUS_SUCCESS
    the monitored fence reached 869 after 0 ms
D3DKMTLock2 [gpu-readback]         0x00000000  STATUS_SUCCESS
    locked at CPU VA 000001E85E2B0000
D3DKMTUnlock2 [gpu-readback]       0x00000000  STATUS_SUCCESS
D3DKMTLock2 [gpu-readback]         0x00000000  STATUS_SUCCESS
    locked at CPU VA 000001E85E2B0000
D3DKMTUnlock2 [gpu-readback]       0x00000000  STATUS_SUCCESS
D3DKMTLock2 [gpu-ib]               0x00000000  STATUS_SUCCESS
    locked at CPU VA 000001E85E2A0000
D3DKMTUnlock2 [gpu-ib]             0x00000000  STATUS_SUCCESS
Submit GPU readback                0x00000000  STATUS_SUCCESS
    asking the context to signal the monitored fence to 870
D3DKMTSignalSynchronizationObjectFromGpu 0x00000000  STATUS_SUCCESS
D3DKMTWaitForSynchronizationObjectFromCpu 0x00000000  STATUS_SUCCESS
    the monitored fence reached 870 after 0 ms
D3DKMTLock2 [gpu-readback]         0x00000000  STATUS_SUCCESS
    locked at CPU VA 000001E85E2B0000
D3DKMTUnlock2 [gpu-readback]       0x00000000  STATUS_SUCCESS
D3DKMTLock2 [gpu-readback]         0x00000000  STATUS_SUCCESS
    locked at CPU VA 000001E85E2B0000
D3DKMTUnlock2 [gpu-readback]       0x00000000  STATUS_SUCCESS
D3DKMTLock2 [gpu-ib]               0x00000000  STATUS_SUCCESS
    locked at CPU VA 000001E85E2A0000
D3DKMTUnlock2 [gpu-ib]             0x00000000  STATUS_SUCCESS
Submit GPU readback                0x00000000  STATUS_SUCCESS
    asking the context to signal the monitored fence to 871
D3DKMTSignalSynchronizationObjectFromGpu 0x00000000  STATUS_SUCCESS
D3DKMTWaitForSynchronizationObjectFromCpu 0x00000000  STATUS_SUCCESS
    the monitored fence reached 871 after 0 ms
D3DKMTLock2 [gpu-readback]         0x00000000  STATUS_SUCCESS
    locked at CPU VA 000001E85E2B0000
D3DKMTUnlock2 [gpu-readback]       0x00000000  STATUS_SUCCESS
D3DKMTLock2 [gpu-readback]         0x00000000  STATUS_SUCCESS
    locked at CPU VA 000001E85E2B0000
D3DKMTUnlock2 [gpu-readback]       0x00000000  STATUS_SUCCESS
D3DKMTLock2 [gpu-ib]               0x00000000  STATUS_SUCCESS
    locked at CPU VA 000001E85E2A0000
D3DKMTUnlock2 [gpu-ib]             0x00000000  STATUS_SUCCESS
Submit GPU readback                0x00000000  STATUS_SUCCESS
    asking the context to signal the monitored fence to 872
D3DKMTSignalSynchronizationObjectFromGpu 0x00000000  STATUS_SUCCESS
D3DKMTWaitForSynchronizationObjectFromCpu 0x00000000  STATUS_SUCCESS
    the monitored fence reached 872 after 0 ms
D3DKMTLock2 [gpu-readback]         0x00000000  STATUS_SUCCESS
    locked at CPU VA 000001E85E2B0000
D3DKMTUnlock2 [gpu-readback]       0x00000000  STATUS_SUCCESS
D3DKMTLock2 [gpu-readback]         0x00000000  STATUS_SUCCESS
    locked at CPU VA 000001E85E2B0000
D3DKMTUnlock2 [gpu-readback]       0x00000000  STATUS_SUCCESS
D3DKMTLock2 [gpu-ib]               0x00000000  STATUS_SUCCESS
    locked at CPU VA 000001E85E2A0000
D3DKMTUnlock2 [gpu-ib]             0x00000000  STATUS_SUCCESS
Submit GPU readback                0x00000000  STATUS_SUCCESS
    asking the context to signal the monitored fence to 873
D3DKMTSignalSynchronizationObjectFromGpu 0x00000000  STATUS_SUCCESS
D3DKMTWaitForSynchronizationObjectFromCpu 0x00000000  STATUS_SUCCESS
    the monitored fence reached 873 after 0 ms
D3DKMTLock2 [gpu-readback]         0x00000000  STATUS_SUCCESS
    locked at CPU VA 000001E85E2B0000
D3DKMTUnlock2 [gpu-readback]       0x00000000  STATUS_SUCCESS
D3DKMTLock2 [gpu-readback]         0x00000000  STATUS_SUCCESS
    locked at CPU VA 000001E85E2B0000
D3DKMTUnlock2 [gpu-readback]       0x00000000  STATUS_SUCCESS
D3DKMTLock2 [gpu-ib]               0x00000000  STATUS_SUCCESS
    locked at CPU VA 000001E85E2A0000
D3DKMTUnlock2 [gpu-ib]             0x00000000  STATUS_SUCCESS
Submit GPU readback                0x00000000  STATUS_SUCCESS
    asking the context to signal the monitored fence to 874
D3DKMTSignalSynchronizationObjectFromGpu 0x00000000  STATUS_SUCCESS
D3DKMTWaitForSynchronizationObjectFromCpu 0x00000000  STATUS_SUCCESS
    the monitored fence reached 874 after 0 ms
D3DKMTLock2 [gpu-readback]         0x00000000  STATUS_SUCCESS
    locked at CPU VA 000001E85E2B0000
D3DKMTUnlock2 [gpu-readback]       0x00000000  STATUS_SUCCESS
D3DKMTLock2 [gpu-readback]         0x00000000  STATUS_SUCCESS
    locked at CPU VA 000001E85E2B0000
D3DKMTUnlock2 [gpu-readback]       0x00000000  STATUS_SUCCESS
D3DKMTLock2 [gpu-ib]               0x00000000  STATUS_SUCCESS
    locked at CPU VA 000001E85E2A0000
D3DKMTUnlock2 [gpu-ib]             0x00000000  STATUS_SUCCESS
Submit GPU readback                0x00000000  STATUS_SUCCESS
    asking the context to signal the monitored fence to 875
D3DKMTSignalSynchronizationObjectFromGpu 0x00000000  STATUS_SUCCESS
D3DKMTWaitForSynchronizationObjectFromCpu 0x00000000  STATUS_SUCCESS
    the monitored fence reached 875 after 0 ms
D3DKMTLock2 [gpu-readback]         0x00000000  STATUS_SUCCESS
    locked at CPU VA 000001E85E2B0000
D3DKMTUnlock2 [gpu-readback]       0x00000000  STATUS_SUCCESS
D3DKMTLock2 [gpu-readback]         0x00000000  STATUS_SUCCESS
    locked at CPU VA 000001E85E2B0000
D3DKMTUnlock2 [gpu-readback]       0x00000000  STATUS_SUCCESS
D3DKMTLock2 [gpu-ib]               0x00000000  STATUS_SUCCESS
    locked at CPU VA 000001E85E2A0000
D3DKMTUnlock2 [gpu-ib]             0x00000000  STATUS_SUCCESS
Submit GPU readback                0x00000000  STATUS_SUCCESS
    asking the context to signal the monitored fence to 876
D3DKMTSignalSynchronizationObjectFromGpu 0x00000000  STATUS_SUCCESS
D3DKMTWaitForSynchronizationObjectFromCpu 0x00000000  STATUS_SUCCESS
    the monitored fence reached 876 after 0 ms
D3DKMTLock2 [gpu-readback]         0x00000000  STATUS_SUCCESS
    locked at CPU VA 000001E85E2B0000
D3DKMTUnlock2 [gpu-readback]       0x00000000  STATUS_SUCCESS
D3DKMTLock2 [gpu-readback]         0x00000000  STATUS_SUCCESS
    locked at CPU VA 000001E85E2B0000
D3DKMTUnlock2 [gpu-readback]       0x00000000  STATUS_SUCCESS
D3DKMTLock2 [gpu-ib]               0x00000000  STATUS_SUCCESS
    locked at CPU VA 000001E85E2A0000
D3DKMTUnlock2 [gpu-ib]             0x00000000  STATUS_SUCCESS
Submit GPU readback                0x00000000  STATUS_SUCCESS
    asking the context to signal the monitored fence to 877
D3DKMTSignalSynchronizationObjectFromGpu 0x00000000  STATUS_SUCCESS
D3DKMTWaitForSynchronizationObjectFromCpu 0x00000000  STATUS_SUCCESS
    the monitored fence reached 877 after 0 ms
D3DKMTLock2 [gpu-readback]         0x00000000  STATUS_SUCCESS
    locked at CPU VA 000001E85E2B0000
D3DKMTUnlock2 [gpu-readback]       0x00000000  STATUS_SUCCESS
D3DKMTLock2 [gpu-readback]         0x00000000  STATUS_SUCCESS
    locked at CPU VA 000001E85E2B0000
D3DKMTUnlock2 [gpu-readback]       0x00000000  STATUS_SUCCESS
D3DKMTLock2 [gpu-ib]               0x00000000  STATUS_SUCCESS
    locked at CPU VA 000001E85E2A0000
D3DKMTUnlock2 [gpu-ib]             0x00000000  STATUS_SUCCESS
Submit GPU readback                0x00000000  STATUS_SUCCESS
    asking the context to signal the monitored fence to 878
D3DKMTSignalSynchronizationObjectFromGpu 0x00000000  STATUS_SUCCESS
D3DKMTWaitForSynchronizationObjectFromCpu 0x00000000  STATUS_SUCCESS
    the monitored fence reached 878 after 0 ms
D3DKMTLock2 [gpu-readback]         0x00000000  STATUS_SUCCESS
    locked at CPU VA 000001E85E2B0000
D3DKMTUnlock2 [gpu-readback]       0x00000000  STATUS_SUCCESS
D3DKMTLock2 [gpu-readback]         0x00000000  STATUS_SUCCESS
    locked at CPU VA 000001E85E2B0000
D3DKMTUnlock2 [gpu-readback]       0x00000000  STATUS_SUCCESS
D3DKMTLock2 [gpu-ib]               0x00000000  STATUS_SUCCESS
    locked at CPU VA 000001E85E2A0000
D3DKMTUnlock2 [gpu-ib]             0x00000000  STATUS_SUCCESS
Submit GPU readback                0x00000000  STATUS_SUCCESS
    asking the context to signal the monitored fence to 879
D3DKMTSignalSynchronizationObjectFromGpu 0x00000000  STATUS_SUCCESS
D3DKMTWaitForSynchronizationObjectFromCpu 0x00000000  STATUS_SUCCESS
    the monitored fence reached 879 after 0 ms
D3DKMTLock2 [gpu-readback]         0x00000000  STATUS_SUCCESS
    locked at CPU VA 000001E85E2B0000
D3DKMTUnlock2 [gpu-readback]       0x00000000  STATUS_SUCCESS
D3DKMTLock2 [gpu-readback]         0x00000000  STATUS_SUCCESS
    locked at CPU VA 000001E85E2B0000
D3DKMTUnlock2 [gpu-readback]       0x00000000  STATUS_SUCCESS
D3DKMTLock2 [gpu-ib]               0x00000000  STATUS_SUCCESS
    locked at CPU VA 000001E85E2A0000
D3DKMTUnlock2 [gpu-ib]             0x00000000  STATUS_SUCCESS
Submit GPU readback                0x00000000  STATUS_SUCCESS
    asking the context to signal the monitored fence to 880
D3DKMTSignalSynchronizationObjectFromGpu 0x00000000  STATUS_SUCCESS
D3DKMTWaitForSynchronizationObjectFromCpu 0x00000000  STATUS_SUCCESS
    the monitored fence reached 880 after 0 ms
D3DKMTLock2 [gpu-readback]         0x00000000  STATUS_SUCCESS
    locked at CPU VA 000001E85E2B0000
D3DKMTUnlock2 [gpu-readback]       0x00000000  STATUS_SUCCESS
D3DKMTLock2 [gpu-readback]         0x00000000  STATUS_SUCCESS
    locked at CPU VA 000001E85E2B0000
D3DKMTUnlock2 [gpu-readback]       0x00000000  STATUS_SUCCESS
D3DKMTLock2 [gpu-ib]               0x00000000  STATUS_SUCCESS
    locked at CPU VA 000001E85E2A0000
D3DKMTUnlock2 [gpu-ib]             0x00000000  STATUS_SUCCESS
Submit GPU readback                0x00000000  STATUS_SUCCESS
    asking the context to signal the monitored fence to 881
D3DKMTSignalSynchronizationObjectFromGpu 0x00000000  STATUS_SUCCESS
D3DKMTWaitForSynchronizationObjectFromCpu 0x00000000  STATUS_SUCCESS
    the monitored fence reached 881 after 0 ms
D3DKMTLock2 [gpu-readback]         0x00000000  STATUS_SUCCESS
    locked at CPU VA 000001E85E2B0000
D3DKMTUnlock2 [gpu-readback]       0x00000000  STATUS_SUCCESS
D3DKMTLock2 [gpu-readback]         0x00000000  STATUS_SUCCESS
    locked at CPU VA 000001E85E2B0000
D3DKMTUnlock2 [gpu-readback]       0x00000000  STATUS_SUCCESS
D3DKMTLock2 [gpu-ib]               0x00000000  STATUS_SUCCESS
    locked at CPU VA 000001E85E2A0000
D3DKMTUnlock2 [gpu-ib]             0x00000000  STATUS_SUCCESS
Submit GPU readback                0x00000000  STATUS_SUCCESS
    asking the context to signal the monitored fence to 882
D3DKMTSignalSynchronizationObjectFromGpu 0x00000000  STATUS_SUCCESS
D3DKMTWaitForSynchronizationObjectFromCpu 0x00000000  STATUS_SUCCESS
    the monitored fence reached 882 after 0 ms
D3DKMTLock2 [gpu-readback]         0x00000000  STATUS_SUCCESS
    locked at CPU VA 000001E85E2B0000
D3DKMTUnlock2 [gpu-readback]       0x00000000  STATUS_SUCCESS
D3DKMTLock2 [gpu-readback]         0x00000000  STATUS_SUCCESS
    locked at CPU VA 000001E85E2B0000
D3DKMTUnlock2 [gpu-readback]       0x00000000  STATUS_SUCCESS
D3DKMTLock2 [gpu-ib]               0x00000000  STATUS_SUCCESS
    locked at CPU VA 000001E85E2A0000
D3DKMTUnlock2 [gpu-ib]             0x00000000  STATUS_SUCCESS
Submit GPU readback                0x00000000  STATUS_SUCCESS
    asking the context to signal the monitored fence to 883
D3DKMTSignalSynchronizationObjectFromGpu 0x00000000  STATUS_SUCCESS
D3DKMTWaitForSynchronizationObjectFromCpu 0x00000000  STATUS_SUCCESS
    the monitored fence reached 883 after 0 ms
D3DKMTLock2 [gpu-readback]         0x00000000  STATUS_SUCCESS
    locked at CPU VA 000001E85E2B0000
D3DKMTUnlock2 [gpu-readback]       0x00000000  STATUS_SUCCESS
D3DKMTLock2 [gpu-readback]         0x00000000  STATUS_SUCCESS
    locked at CPU VA 000001E85E2B0000
D3DKMTUnlock2 [gpu-readback]       0x00000000  STATUS_SUCCESS
D3DKMTLock2 [gpu-ib]               0x00000000  STATUS_SUCCESS
    locked at CPU VA 000001E85E2A0000
D3DKMTUnlock2 [gpu-ib]             0x00000000  STATUS_SUCCESS
Submit GPU readback                0x00000000  STATUS_SUCCESS
    asking the context to signal the monitored fence to 884
D3DKMTSignalSynchronizationObjectFromGpu 0x00000000  STATUS_SUCCESS
D3DKMTWaitForSynchronizationObjectFromCpu 0x00000000  STATUS_SUCCESS
    the monitored fence reached 884 after 0 ms
D3DKMTLock2 [gpu-readback]         0x00000000  STATUS_SUCCESS
    locked at CPU VA 000001E85E2B0000
D3DKMTUnlock2 [gpu-readback]       0x00000000  STATUS_SUCCESS
D3DKMTLock2 [gpu-readback]         0x00000000  STATUS_SUCCESS
    locked at CPU VA 000001E85E2B0000
D3DKMTUnlock2 [gpu-readback]       0x00000000  STATUS_SUCCESS
D3DKMTLock2 [gpu-ib]               0x00000000  STATUS_SUCCESS
    locked at CPU VA 000001E85E2A0000
D3DKMTUnlock2 [gpu-ib]             0x00000000  STATUS_SUCCESS
Submit GPU readback                0x00000000  STATUS_SUCCESS
    asking the context to signal the monitored fence to 885
D3DKMTSignalSynchronizationObjectFromGpu 0x00000000  STATUS_SUCCESS
D3DKMTWaitForSynchronizationObjectFromCpu 0x00000000  STATUS_SUCCESS
    the monitored fence reached 885 after 0 ms
D3DKMTLock2 [gpu-readback]         0x00000000  STATUS_SUCCESS
    locked at CPU VA 000001E85E2B0000
D3DKMTUnlock2 [gpu-readback]       0x00000000  STATUS_SUCCESS
D3DKMTLock2 [gpu-readback]         0x00000000  STATUS_SUCCESS
    locked at CPU VA 000001E85E2B0000
D3DKMTUnlock2 [gpu-readback]       0x00000000  STATUS_SUCCESS
D3DKMTLock2 [gpu-ib]               0x00000000  STATUS_SUCCESS
    locked at CPU VA 000001E85E2A0000
D3DKMTUnlock2 [gpu-ib]             0x00000000  STATUS_SUCCESS
Submit GPU readback                0x00000000  STATUS_SUCCESS
    asking the context to signal the monitored fence to 886
D3DKMTSignalSynchronizationObjectFromGpu 0x00000000  STATUS_SUCCESS
D3DKMTWaitForSynchronizationObjectFromCpu 0x00000000  STATUS_SUCCESS
    the monitored fence reached 886 after 0 ms
D3DKMTLock2 [gpu-readback]         0x00000000  STATUS_SUCCESS
    locked at CPU VA 000001E85E2B0000
D3DKMTUnlock2 [gpu-readback]       0x00000000  STATUS_SUCCESS
D3DKMTLock2 [gpu-readback]         0x00000000  STATUS_SUCCESS
    locked at CPU VA 000001E85E2B0000
D3DKMTUnlock2 [gpu-readback]       0x00000000  STATUS_SUCCESS
D3DKMTLock2 [gpu-ib]               0x00000000  STATUS_SUCCESS
    locked at CPU VA 000001E85E2A0000
D3DKMTUnlock2 [gpu-ib]             0x00000000  STATUS_SUCCESS
Submit GPU readback                0x00000000  STATUS_SUCCESS
    asking the context to signal the monitored fence to 887
D3DKMTSignalSynchronizationObjectFromGpu 0x00000000  STATUS_SUCCESS
D3DKMTWaitForSynchronizationObjectFromCpu 0x00000000  STATUS_SUCCESS
    the monitored fence reached 887 after 0 ms
D3DKMTLock2 [gpu-readback]         0x00000000  STATUS_SUCCESS
    locked at CPU VA 000001E85E2B0000
D3DKMTUnlock2 [gpu-readback]       0x00000000  STATUS_SUCCESS
D3DKMTLock2 [gpu-readback]         0x00000000  STATUS_SUCCESS
    locked at CPU VA 000001E85E2B0000
D3DKMTUnlock2 [gpu-readback]       0x00000000  STATUS_SUCCESS
D3DKMTLock2 [gpu-ib]               0x00000000  STATUS_SUCCESS
    locked at CPU VA 000001E85E2A0000
D3DKMTUnlock2 [gpu-ib]             0x00000000  STATUS_SUCCESS
Submit GPU readback                0x00000000  STATUS_SUCCESS
    asking the context to signal the monitored fence to 888
D3DKMTSignalSynchronizationObjectFromGpu 0x00000000  STATUS_SUCCESS
D3DKMTWaitForSynchronizationObjectFromCpu 0x00000000  STATUS_SUCCESS
    the monitored fence reached 888 after 0 ms
D3DKMTLock2 [gpu-readback]         0x00000000  STATUS_SUCCESS
    locked at CPU VA 000001E85E2B0000
D3DKMTUnlock2 [gpu-readback]       0x00000000  STATUS_SUCCESS
D3DKMTLock2 [gpu-readback]         0x00000000  STATUS_SUCCESS
    locked at CPU VA 000001E85E2B0000
D3DKMTUnlock2 [gpu-readback]       0x00000000  STATUS_SUCCESS
D3DKMTLock2 [gpu-ib]               0x00000000  STATUS_SUCCESS
    locked at CPU VA 000001E85E2A0000
D3DKMTUnlock2 [gpu-ib]             0x00000000  STATUS_SUCCESS
Submit GPU readback                0x00000000  STATUS_SUCCESS
    asking the context to signal the monitored fence to 889
D3DKMTSignalSynchronizationObjectFromGpu 0x00000000  STATUS_SUCCESS
D3DKMTWaitForSynchronizationObjectFromCpu 0x00000000  STATUS_SUCCESS
    the monitored fence reached 889 after 0 ms
D3DKMTLock2 [gpu-readback]         0x00000000  STATUS_SUCCESS
    locked at CPU VA 000001E85E2B0000
D3DKMTUnlock2 [gpu-readback]       0x00000000  STATUS_SUCCESS
D3DKMTLock2 [gpu-readback]         0x00000000  STATUS_SUCCESS
    locked at CPU VA 000001E85E2B0000
D3DKMTUnlock2 [gpu-readback]       0x00000000  STATUS_SUCCESS
D3DKMTLock2 [gpu-ib]               0x00000000  STATUS_SUCCESS
    locked at CPU VA 000001E85E2A0000
D3DKMTUnlock2 [gpu-ib]             0x00000000  STATUS_SUCCESS
Submit GPU readback                0x00000000  STATUS_SUCCESS
    asking the context to signal the monitored fence to 890
D3DKMTSignalSynchronizationObjectFromGpu 0x00000000  STATUS_SUCCESS
D3DKMTWaitForSynchronizationObjectFromCpu 0x00000000  STATUS_SUCCESS
    the monitored fence reached 890 after 0 ms
D3DKMTLock2 [gpu-readback]         0x00000000  STATUS_SUCCESS
    locked at CPU VA 000001E85E2B0000
D3DKMTUnlock2 [gpu-readback]       0x00000000  STATUS_SUCCESS
D3DKMTLock2 [gpu-readback]         0x00000000  STATUS_SUCCESS
    locked at CPU VA 000001E85E2B0000
D3DKMTUnlock2 [gpu-readback]       0x00000000  STATUS_SUCCESS
D3DKMTLock2 [gpu-ib]               0x00000000  STATUS_SUCCESS
    locked at CPU VA 000001E85E2A0000
D3DKMTUnlock2 [gpu-ib]             0x00000000  STATUS_SUCCESS
Submit GPU readback                0x00000000  STATUS_SUCCESS
    asking the context to signal the monitored fence to 891
D3DKMTSignalSynchronizationObjectFromGpu 0x00000000  STATUS_SUCCESS
D3DKMTWaitForSynchronizationObjectFromCpu 0x00000000  STATUS_SUCCESS
    the monitored fence reached 891 after 0 ms
D3DKMTLock2 [gpu-readback]         0x00000000  STATUS_SUCCESS
    locked at CPU VA 000001E85E2B0000
D3DKMTUnlock2 [gpu-readback]       0x00000000  STATUS_SUCCESS
D3DKMTLock2 [gpu-readback]         0x00000000  STATUS_SUCCESS
    locked at CPU VA 000001E85E2B0000
D3DKMTUnlock2 [gpu-readback]       0x00000000  STATUS_SUCCESS
D3DKMTLock2 [gpu-ib]               0x00000000  STATUS_SUCCESS
    locked at CPU VA 000001E85E2A0000
D3DKMTUnlock2 [gpu-ib]             0x00000000  STATUS_SUCCESS
Submit GPU readback                0x00000000  STATUS_SUCCESS
    asking the context to signal the monitored fence to 892
D3DKMTSignalSynchronizationObjectFromGpu 0x00000000  STATUS_SUCCESS
D3DKMTWaitForSynchronizationObjectFromCpu 0x00000000  STATUS_SUCCESS
    the monitored fence reached 892 after 0 ms
D3DKMTLock2 [gpu-readback]         0x00000000  STATUS_SUCCESS
    locked at CPU VA 000001E85E2B0000
D3DKMTUnlock2 [gpu-readback]       0x00000000  STATUS_SUCCESS
D3DKMTLock2 [gpu-readback]         0x00000000  STATUS_SUCCESS
    locked at CPU VA 000001E85E2B0000
D3DKMTUnlock2 [gpu-readback]       0x00000000  STATUS_SUCCESS
D3DKMTLock2 [gpu-ib]               0x00000000  STATUS_SUCCESS
    locked at CPU VA 000001E85E2A0000
D3DKMTUnlock2 [gpu-ib]             0x00000000  STATUS_SUCCESS
Submit GPU readback                0x00000000  STATUS_SUCCESS
    asking the context to signal the monitored fence to 893
D3DKMTSignalSynchronizationObjectFromGpu 0x00000000  STATUS_SUCCESS
D3DKMTWaitForSynchronizationObjectFromCpu 0x00000000  STATUS_SUCCESS
    the monitored fence reached 893 after 0 ms
D3DKMTLock2 [gpu-readback]         0x00000000  STATUS_SUCCESS
    locked at CPU VA 000001E85E2B0000
D3DKMTUnlock2 [gpu-readback]       0x00000000  STATUS_SUCCESS
D3DKMTLock2 [gpu-readback]         0x00000000  STATUS_SUCCESS
    locked at CPU VA 000001E85E2B0000
D3DKMTUnlock2 [gpu-readback]       0x00000000  STATUS_SUCCESS
D3DKMTLock2 [gpu-ib]               0x00000000  STATUS_SUCCESS
    locked at CPU VA 000001E85E2A0000
D3DKMTUnlock2 [gpu-ib]             0x00000000  STATUS_SUCCESS
Submit GPU readback                0x00000000  STATUS_SUCCESS
    asking the context to signal the monitored fence to 894
D3DKMTSignalSynchronizationObjectFromGpu 0x00000000  STATUS_SUCCESS
D3DKMTWaitForSynchronizationObjectFromCpu 0x00000000  STATUS_SUCCESS
    the monitored fence reached 894 after 0 ms
D3DKMTLock2 [gpu-readback]         0x00000000  STATUS_SUCCESS
    locked at CPU VA 000001E85E2B0000
D3DKMTUnlock2 [gpu-readback]       0x00000000  STATUS_SUCCESS
D3DKMTLock2 [gpu-readback]         0x00000000  STATUS_SUCCESS
    locked at CPU VA 000001E85E2B0000
D3DKMTUnlock2 [gpu-readback]       0x00000000  STATUS_SUCCESS
D3DKMTLock2 [gpu-ib]               0x00000000  STATUS_SUCCESS
    locked at CPU VA 000001E85E2A0000
D3DKMTUnlock2 [gpu-ib]             0x00000000  STATUS_SUCCESS
Submit GPU readback                0x00000000  STATUS_SUCCESS
    asking the context to signal the monitored fence to 895
D3DKMTSignalSynchronizationObjectFromGpu 0x00000000  STATUS_SUCCESS
D3DKMTWaitForSynchronizationObjectFromCpu 0x00000000  STATUS_SUCCESS
    the monitored fence reached 895 after 0 ms
D3DKMTLock2 [gpu-readback]         0x00000000  STATUS_SUCCESS
    locked at CPU VA 000001E85E2B0000
D3DKMTUnlock2 [gpu-readback]       0x00000000  STATUS_SUCCESS
D3DKMTLock2 [gpu-readback]         0x00000000  STATUS_SUCCESS
    locked at CPU VA 000001E85E2B0000
D3DKMTUnlock2 [gpu-readback]       0x00000000  STATUS_SUCCESS
D3DKMTLock2 [gpu-ib]               0x00000000  STATUS_SUCCESS
    locked at CPU VA 000001E85E2A0000
D3DKMTUnlock2 [gpu-ib]             0x00000000  STATUS_SUCCESS
Submit GPU readback                0x00000000  STATUS_SUCCESS
    asking the context to signal the monitored fence to 896
D3DKMTSignalSynchronizationObjectFromGpu 0x00000000  STATUS_SUCCESS
D3DKMTWaitForSynchronizationObjectFromCpu 0x00000000  STATUS_SUCCESS
    the monitored fence reached 896 after 0 ms
D3DKMTLock2 [gpu-readback]         0x00000000  STATUS_SUCCESS
    locked at CPU VA 000001E85E2B0000
D3DKMTUnlock2 [gpu-readback]       0x00000000  STATUS_SUCCESS
D3DKMTLock2 [gpu-readback]         0x00000000  STATUS_SUCCESS
    locked at CPU VA 000001E85E2B0000
D3DKMTUnlock2 [gpu-readback]       0x00000000  STATUS_SUCCESS
D3DKMTLock2 [gpu-ib]               0x00000000  STATUS_SUCCESS
    locked at CPU VA 000001E85E2A0000
D3DKMTUnlock2 [gpu-ib]             0x00000000  STATUS_SUCCESS
Submit GPU readback                0x00000000  STATUS_SUCCESS
    asking the context to signal the monitored fence to 897
D3DKMTSignalSynchronizationObjectFromGpu 0x00000000  STATUS_SUCCESS
D3DKMTWaitForSynchronizationObjectFromCpu 0x00000000  STATUS_SUCCESS
    the monitored fence reached 897 after 0 ms
D3DKMTLock2 [gpu-readback]         0x00000000  STATUS_SUCCESS
    locked at CPU VA 000001E85E2B0000
D3DKMTUnlock2 [gpu-readback]       0x00000000  STATUS_SUCCESS
D3DKMTLock2 [gpu-readback]         0x00000000  STATUS_SUCCESS
    locked at CPU VA 000001E85E2B0000
D3DKMTUnlock2 [gpu-readback]       0x00000000  STATUS_SUCCESS
D3DKMTLock2 [gpu-ib]               0x00000000  STATUS_SUCCESS
    locked at CPU VA 000001E85E2A0000
D3DKMTUnlock2 [gpu-ib]             0x00000000  STATUS_SUCCESS
Submit GPU readback                0x00000000  STATUS_SUCCESS
    asking the context to signal the monitored fence to 898
D3DKMTSignalSynchronizationObjectFromGpu 0x00000000  STATUS_SUCCESS
D3DKMTWaitForSynchronizationObjectFromCpu 0x00000000  STATUS_SUCCESS
    the monitored fence reached 898 after 0 ms
D3DKMTLock2 [gpu-readback]         0x00000000  STATUS_SUCCESS
    locked at CPU VA 000001E85E2B0000
D3DKMTUnlock2 [gpu-readback]       0x00000000  STATUS_SUCCESS
D3DKMTLock2 [gpu-readback]         0x00000000  STATUS_SUCCESS
    locked at CPU VA 000001E85E2B0000
D3DKMTUnlock2 [gpu-readback]       0x00000000  STATUS_SUCCESS
D3DKMTLock2 [gpu-ib]               0x00000000  STATUS_SUCCESS
    locked at CPU VA 000001E85E2A0000
D3DKMTUnlock2 [gpu-ib]             0x00000000  STATUS_SUCCESS
Submit GPU readback                0x00000000  STATUS_SUCCESS
    asking the context to signal the monitored fence to 899
D3DKMTSignalSynchronizationObjectFromGpu 0x00000000  STATUS_SUCCESS
D3DKMTWaitForSynchronizationObjectFromCpu 0x00000000  STATUS_SUCCESS
    the monitored fence reached 899 after 0 ms
D3DKMTLock2 [gpu-readback]         0x00000000  STATUS_SUCCESS
    locked at CPU VA 000001E85E2B0000
D3DKMTUnlock2 [gpu-readback]       0x00000000  STATUS_SUCCESS
D3DKMTLock2 [gpu-readback]         0x00000000  STATUS_SUCCESS
    locked at CPU VA 000001E85E2B0000
D3DKMTUnlock2 [gpu-readback]       0x00000000  STATUS_SUCCESS
D3DKMTLock2 [gpu-ib]               0x00000000  STATUS_SUCCESS
    locked at CPU VA 000001E85E2A0000
D3DKMTUnlock2 [gpu-ib]             0x00000000  STATUS_SUCCESS
Submit GPU readback                0x00000000  STATUS_SUCCESS
    asking the context to signal the monitored fence to 900
D3DKMTSignalSynchronizationObjectFromGpu 0x00000000  STATUS_SUCCESS
D3DKMTWaitForSynchronizationObjectFromCpu 0x00000000  STATUS_SUCCESS
    the monitored fence reached 900 after 0 ms
D3DKMTLock2 [gpu-readback]         0x00000000  STATUS_SUCCESS
    locked at CPU VA 000001E85E2B0000
D3DKMTUnlock2 [gpu-readback]       0x00000000  STATUS_SUCCESS
D3DKMTLock2 [gpu-readback]         0x00000000  STATUS_SUCCESS
    locked at CPU VA 000001E85E2B0000
D3DKMTUnlock2 [gpu-readback]       0x00000000  STATUS_SUCCESS
D3DKMTLock2 [gpu-ib]               0x00000000  STATUS_SUCCESS
    locked at CPU VA 000001E85E2A0000
D3DKMTUnlock2 [gpu-ib]             0x00000000  STATUS_SUCCESS
Submit GPU readback                0x00000000  STATUS_SUCCESS
    asking the context to signal the monitored fence to 901
D3DKMTSignalSynchronizationObjectFromGpu 0x00000000  STATUS_SUCCESS
D3DKMTWaitForSynchronizationObjectFromCpu 0x00000000  STATUS_SUCCESS
    the monitored fence reached 901 after 0 ms
D3DKMTLock2 [gpu-readback]         0x00000000  STATUS_SUCCESS
    locked at CPU VA 000001E85E2B0000
D3DKMTUnlock2 [gpu-readback]       0x00000000  STATUS_SUCCESS
D3DKMTLock2 [gpu-readback]         0x00000000  STATUS_SUCCESS
    locked at CPU VA 000001E85E2B0000
D3DKMTUnlock2 [gpu-readback]       0x00000000  STATUS_SUCCESS
D3DKMTLock2 [gpu-ib]               0x00000000  STATUS_SUCCESS
    locked at CPU VA 000001E85E2A0000
D3DKMTUnlock2 [gpu-ib]             0x00000000  STATUS_SUCCESS
Submit GPU readback                0x00000000  STATUS_SUCCESS
    asking the context to signal the monitored fence to 902
D3DKMTSignalSynchronizationObjectFromGpu 0x00000000  STATUS_SUCCESS
D3DKMTWaitForSynchronizationObjectFromCpu 0x00000000  STATUS_SUCCESS
    the monitored fence reached 902 after 0 ms
D3DKMTLock2 [gpu-readback]         0x00000000  STATUS_SUCCESS
    locked at CPU VA 000001E85E2B0000
D3DKMTUnlock2 [gpu-readback]       0x00000000  STATUS_SUCCESS
D3DKMTLock2 [gpu-readback]         0x00000000  STATUS_SUCCESS
    locked at CPU VA 000001E85E2B0000
D3DKMTUnlock2 [gpu-readback]       0x00000000  STATUS_SUCCESS
D3DKMTLock2 [gpu-ib]               0x00000000  STATUS_SUCCESS
    locked at CPU VA 000001E85E2A0000
D3DKMTUnlock2 [gpu-ib]             0x00000000  STATUS_SUCCESS
Submit GPU readback                0x00000000  STATUS_SUCCESS
    asking the context to signal the monitored fence to 903
D3DKMTSignalSynchronizationObjectFromGpu 0x00000000  STATUS_SUCCESS
D3DKMTWaitForSynchronizationObjectFromCpu 0x00000000  STATUS_SUCCESS
    the monitored fence reached 903 after 0 ms
D3DKMTLock2 [gpu-readback]         0x00000000  STATUS_SUCCESS
    locked at CPU VA 000001E85E2B0000
D3DKMTUnlock2 [gpu-readback]       0x00000000  STATUS_SUCCESS
D3DKMTLock2 [gpu-readback]         0x00000000  STATUS_SUCCESS
    locked at CPU VA 000001E85E2B0000
D3DKMTUnlock2 [gpu-readback]       0x00000000  STATUS_SUCCESS
D3DKMTLock2 [gpu-ib]               0x00000000  STATUS_SUCCESS
    locked at CPU VA 000001E85E2A0000
D3DKMTUnlock2 [gpu-ib]             0x00000000  STATUS_SUCCESS
Submit GPU readback                0x00000000  STATUS_SUCCESS
    asking the context to signal the monitored fence to 904
D3DKMTSignalSynchronizationObjectFromGpu 0x00000000  STATUS_SUCCESS
D3DKMTWaitForSynchronizationObjectFromCpu 0x00000000  STATUS_SUCCESS
    the monitored fence reached 904 after 0 ms
D3DKMTLock2 [gpu-readback]         0x00000000  STATUS_SUCCESS
    locked at CPU VA 000001E85E2B0000
D3DKMTUnlock2 [gpu-readback]       0x00000000  STATUS_SUCCESS
D3DKMTLock2 [gpu-readback]         0x00000000  STATUS_SUCCESS
    locked at CPU VA 000001E85E2B0000
D3DKMTUnlock2 [gpu-readback]       0x00000000  STATUS_SUCCESS
D3DKMTLock2 [gpu-ib]               0x00000000  STATUS_SUCCESS
    locked at CPU VA 000001E85E2A0000
D3DKMTUnlock2 [gpu-ib]             0x00000000  STATUS_SUCCESS
Submit GPU readback                0x00000000  STATUS_SUCCESS
    asking the context to signal the monitored fence to 905
D3DKMTSignalSynchronizationObjectFromGpu 0x00000000  STATUS_SUCCESS
D3DKMTWaitForSynchronizationObjectFromCpu 0x00000000  STATUS_SUCCESS
    the monitored fence reached 905 after 0 ms
D3DKMTLock2 [gpu-readback]         0x00000000  STATUS_SUCCESS
    locked at CPU VA 000001E85E2B0000
D3DKMTUnlock2 [gpu-readback]       0x00000000  STATUS_SUCCESS
D3DKMTLock2 [gpu-readback]         0x00000000  STATUS_SUCCESS
    locked at CPU VA 000001E85E2B0000
D3DKMTUnlock2 [gpu-readback]       0x00000000  STATUS_SUCCESS
D3DKMTLock2 [gpu-ib]               0x00000000  STATUS_SUCCESS
    locked at CPU VA 000001E85E2A0000
D3DKMTUnlock2 [gpu-ib]             0x00000000  STATUS_SUCCESS
Submit GPU readback                0x00000000  STATUS_SUCCESS
    asking the context to signal the monitored fence to 906
D3DKMTSignalSynchronizationObjectFromGpu 0x00000000  STATUS_SUCCESS
D3DKMTWaitForSynchronizationObjectFromCpu 0x00000000  STATUS_SUCCESS
    the monitored fence reached 906 after 0 ms
D3DKMTLock2 [gpu-readback]         0x00000000  STATUS_SUCCESS
    locked at CPU VA 000001E85E2B0000
D3DKMTUnlock2 [gpu-readback]       0x00000000  STATUS_SUCCESS
D3DKMTLock2 [gpu-readback]         0x00000000  STATUS_SUCCESS
    locked at CPU VA 000001E85E2B0000
D3DKMTUnlock2 [gpu-readback]       0x00000000  STATUS_SUCCESS
D3DKMTLock2 [gpu-ib]               0x00000000  STATUS_SUCCESS
    locked at CPU VA 000001E85E2A0000
D3DKMTUnlock2 [gpu-ib]             0x00000000  STATUS_SUCCESS
Submit GPU readback                0x00000000  STATUS_SUCCESS
    asking the context to signal the monitored fence to 907
D3DKMTSignalSynchronizationObjectFromGpu 0x00000000  STATUS_SUCCESS
D3DKMTWaitForSynchronizationObjectFromCpu 0x00000000  STATUS_SUCCESS
    the monitored fence reached 907 after 0 ms
D3DKMTLock2 [gpu-readback]         0x00000000  STATUS_SUCCESS
    locked at CPU VA 000001E85E2B0000
D3DKMTUnlock2 [gpu-readback]       0x00000000  STATUS_SUCCESS
D3DKMTLock2 [gpu-readback]         0x00000000  STATUS_SUCCESS
    locked at CPU VA 000001E85E2B0000
D3DKMTUnlock2 [gpu-readback]       0x00000000  STATUS_SUCCESS
D3DKMTLock2 [gpu-ib]               0x00000000  STATUS_SUCCESS
    locked at CPU VA 000001E85E2A0000
D3DKMTUnlock2 [gpu-ib]             0x00000000  STATUS_SUCCESS
Submit GPU readback                0x00000000  STATUS_SUCCESS
    asking the context to signal the monitored fence to 908
D3DKMTSignalSynchronizationObjectFromGpu 0x00000000  STATUS_SUCCESS
D3DKMTWaitForSynchronizationObjectFromCpu 0x00000000  STATUS_SUCCESS
    the monitored fence reached 908 after 0 ms
D3DKMTLock2 [gpu-readback]         0x00000000  STATUS_SUCCESS
    locked at CPU VA 000001E85E2B0000
D3DKMTUnlock2 [gpu-readback]       0x00000000  STATUS_SUCCESS
D3DKMTLock2 [gpu-readback]         0x00000000  STATUS_SUCCESS
    locked at CPU VA 000001E85E2B0000
D3DKMTUnlock2 [gpu-readback]       0x00000000  STATUS_SUCCESS
D3DKMTLock2 [gpu-ib]               0x00000000  STATUS_SUCCESS
    locked at CPU VA 000001E85E2A0000
D3DKMTUnlock2 [gpu-ib]             0x00000000  STATUS_SUCCESS
Submit GPU readback                0x00000000  STATUS_SUCCESS
    asking the context to signal the monitored fence to 909
D3DKMTSignalSynchronizationObjectFromGpu 0x00000000  STATUS_SUCCESS
D3DKMTWaitForSynchronizationObjectFromCpu 0x00000000  STATUS_SUCCESS
    the monitored fence reached 909 after 0 ms
D3DKMTLock2 [gpu-readback]         0x00000000  STATUS_SUCCESS
    locked at CPU VA 000001E85E2B0000
D3DKMTUnlock2 [gpu-readback]       0x00000000  STATUS_SUCCESS
D3DKMTLock2 [gpu-readback]         0x00000000  STATUS_SUCCESS
    locked at CPU VA 000001E85E2B0000
D3DKMTUnlock2 [gpu-readback]       0x00000000  STATUS_SUCCESS
D3DKMTLock2 [gpu-ib]               0x00000000  STATUS_SUCCESS
    locked at CPU VA 000001E85E2A0000
D3DKMTUnlock2 [gpu-ib]             0x00000000  STATUS_SUCCESS
Submit GPU readback                0x00000000  STATUS_SUCCESS
    asking the context to signal the monitored fence to 910
D3DKMTSignalSynchronizationObjectFromGpu 0x00000000  STATUS_SUCCESS
D3DKMTWaitForSynchronizationObjectFromCpu 0x00000000  STATUS_SUCCESS
    the monitored fence reached 910 after 0 ms
D3DKMTLock2 [gpu-readback]         0x00000000  STATUS_SUCCESS
    locked at CPU VA 000001E85E2B0000
D3DKMTUnlock2 [gpu-readback]       0x00000000  STATUS_SUCCESS
D3DKMTLock2 [gpu-readback]         0x00000000  STATUS_SUCCESS
    locked at CPU VA 000001E85E2B0000
D3DKMTUnlock2 [gpu-readback]       0x00000000  STATUS_SUCCESS
D3DKMTLock2 [gpu-ib]               0x00000000  STATUS_SUCCESS
    locked at CPU VA 000001E85E2A0000
D3DKMTUnlock2 [gpu-ib]             0x00000000  STATUS_SUCCESS
Submit GPU readback                0x00000000  STATUS_SUCCESS
    asking the context to signal the monitored fence to 911
D3DKMTSignalSynchronizationObjectFromGpu 0x00000000  STATUS_SUCCESS
D3DKMTWaitForSynchronizationObjectFromCpu 0x00000000  STATUS_SUCCESS
    the monitored fence reached 911 after 0 ms
D3DKMTLock2 [gpu-readback]         0x00000000  STATUS_SUCCESS
    locked at CPU VA 000001E85E2B0000
D3DKMTUnlock2 [gpu-readback]       0x00000000  STATUS_SUCCESS
D3DKMTLock2 [gpu-readback]         0x00000000  STATUS_SUCCESS
    locked at CPU VA 000001E85E2B0000
D3DKMTUnlock2 [gpu-readback]       0x00000000  STATUS_SUCCESS
D3DKMTLock2 [gpu-ib]               0x00000000  STATUS_SUCCESS
    locked at CPU VA 000001E85E2A0000
D3DKMTUnlock2 [gpu-ib]             0x00000000  STATUS_SUCCESS
Submit GPU readback                0x00000000  STATUS_SUCCESS
    asking the context to signal the monitored fence to 912
D3DKMTSignalSynchronizationObjectFromGpu 0x00000000  STATUS_SUCCESS
D3DKMTWaitForSynchronizationObjectFromCpu 0x00000000  STATUS_SUCCESS
    the monitored fence reached 912 after 0 ms
D3DKMTLock2 [gpu-readback]         0x00000000  STATUS_SUCCESS
    locked at CPU VA 000001E85E2B0000
D3DKMTUnlock2 [gpu-readback]       0x00000000  STATUS_SUCCESS
D3DKMTLock2 [gpu-readback]         0x00000000  STATUS_SUCCESS
    locked at CPU VA 000001E85E2B0000
D3DKMTUnlock2 [gpu-readback]       0x00000000  STATUS_SUCCESS
D3DKMTLock2 [gpu-ib]               0x00000000  STATUS_SUCCESS
    locked at CPU VA 000001E85E2A0000
D3DKMTUnlock2 [gpu-ib]             0x00000000  STATUS_SUCCESS
Submit GPU readback                0x00000000  STATUS_SUCCESS
    asking the context to signal the monitored fence to 913
D3DKMTSignalSynchronizationObjectFromGpu 0x00000000  STATUS_SUCCESS
D3DKMTWaitForSynchronizationObjectFromCpu 0x00000000  STATUS_SUCCESS
    the monitored fence reached 913 after 0 ms
D3DKMTLock2 [gpu-readback]         0x00000000  STATUS_SUCCESS
    locked at CPU VA 000001E85E2B0000
D3DKMTUnlock2 [gpu-readback]       0x00000000  STATUS_SUCCESS
D3DKMTLock2 [gpu-readback]         0x00000000  STATUS_SUCCESS
    locked at CPU VA 000001E85E2B0000
D3DKMTUnlock2 [gpu-readback]       0x00000000  STATUS_SUCCESS
D3DKMTLock2 [gpu-ib]               0x00000000  STATUS_SUCCESS
    locked at CPU VA 000001E85E2A0000
D3DKMTUnlock2 [gpu-ib]             0x00000000  STATUS_SUCCESS
Submit GPU readback                0x00000000  STATUS_SUCCESS
    asking the context to signal the monitored fence to 914
D3DKMTSignalSynchronizationObjectFromGpu 0x00000000  STATUS_SUCCESS
D3DKMTWaitForSynchronizationObjectFromCpu 0x00000000  STATUS_SUCCESS
    the monitored fence reached 914 after 0 ms
D3DKMTLock2 [gpu-readback]         0x00000000  STATUS_SUCCESS
    locked at CPU VA 000001E85E2B0000
D3DKMTUnlock2 [gpu-readback]       0x00000000  STATUS_SUCCESS
D3DKMTLock2 [gpu-readback]         0x00000000  STATUS_SUCCESS
    locked at CPU VA 000001E85E2B0000
D3DKMTUnlock2 [gpu-readback]       0x00000000  STATUS_SUCCESS
D3DKMTLock2 [gpu-ib]               0x00000000  STATUS_SUCCESS
    locked at CPU VA 000001E85E2A0000
D3DKMTUnlock2 [gpu-ib]             0x00000000  STATUS_SUCCESS
Submit GPU readback                0x00000000  STATUS_SUCCESS
    asking the context to signal the monitored fence to 915
D3DKMTSignalSynchronizationObjectFromGpu 0x00000000  STATUS_SUCCESS
D3DKMTWaitForSynchronizationObjectFromCpu 0x00000000  STATUS_SUCCESS
    the monitored fence reached 915 after 0 ms
D3DKMTLock2 [gpu-readback]         0x00000000  STATUS_SUCCESS
    locked at CPU VA 000001E85E2B0000
D3DKMTUnlock2 [gpu-readback]       0x00000000  STATUS_SUCCESS
D3DKMTLock2 [gpu-readback]         0x00000000  STATUS_SUCCESS
    locked at CPU VA 000001E85E2B0000
D3DKMTUnlock2 [gpu-readback]       0x00000000  STATUS_SUCCESS
D3DKMTLock2 [gpu-ib]               0x00000000  STATUS_SUCCESS
    locked at CPU VA 000001E85E2A0000
D3DKMTUnlock2 [gpu-ib]             0x00000000  STATUS_SUCCESS
Submit GPU readback                0x00000000  STATUS_SUCCESS
    asking the context to signal the monitored fence to 916
D3DKMTSignalSynchronizationObjectFromGpu 0x00000000  STATUS_SUCCESS
D3DKMTWaitForSynchronizationObjectFromCpu 0x00000000  STATUS_SUCCESS
    the monitored fence reached 916 after 0 ms
D3DKMTLock2 [gpu-readback]         0x00000000  STATUS_SUCCESS
    locked at CPU VA 000001E85E2B0000
D3DKMTUnlock2 [gpu-readback]       0x00000000  STATUS_SUCCESS
D3DKMTLock2 [gpu-readback]         0x00000000  STATUS_SUCCESS
    locked at CPU VA 000001E85E2B0000
D3DKMTUnlock2 [gpu-readback]       0x00000000  STATUS_SUCCESS
D3DKMTLock2 [gpu-ib]               0x00000000  STATUS_SUCCESS
    locked at CPU VA 000001E85E2A0000
D3DKMTUnlock2 [gpu-ib]             0x00000000  STATUS_SUCCESS
Submit GPU readback                0x00000000  STATUS_SUCCESS
    asking the context to signal the monitored fence to 917
D3DKMTSignalSynchronizationObjectFromGpu 0x00000000  STATUS_SUCCESS
D3DKMTWaitForSynchronizationObjectFromCpu 0x00000000  STATUS_SUCCESS
    the monitored fence reached 917 after 0 ms
D3DKMTLock2 [gpu-readback]         0x00000000  STATUS_SUCCESS
    locked at CPU VA 000001E85E2B0000
D3DKMTUnlock2 [gpu-readback]       0x00000000  STATUS_SUCCESS
D3DKMTLock2 [gpu-readback]         0x00000000  STATUS_SUCCESS
    locked at CPU VA 000001E85E2B0000
D3DKMTUnlock2 [gpu-readback]       0x00000000  STATUS_SUCCESS
D3DKMTLock2 [gpu-ib]               0x00000000  STATUS_SUCCESS
    locked at CPU VA 000001E85E2A0000
D3DKMTUnlock2 [gpu-ib]             0x00000000  STATUS_SUCCESS
Submit GPU readback                0x00000000  STATUS_SUCCESS
    asking the context to signal the monitored fence to 918
D3DKMTSignalSynchronizationObjectFromGpu 0x00000000  STATUS_SUCCESS
D3DKMTWaitForSynchronizationObjectFromCpu 0x00000000  STATUS_SUCCESS
    the monitored fence reached 918 after 0 ms
D3DKMTLock2 [gpu-readback]         0x00000000  STATUS_SUCCESS
    locked at CPU VA 000001E85E2B0000
D3DKMTUnlock2 [gpu-readback]       0x00000000  STATUS_SUCCESS
D3DKMTLock2 [gpu-readback]         0x00000000  STATUS_SUCCESS
    locked at CPU VA 000001E85E2B0000
D3DKMTUnlock2 [gpu-readback]       0x00000000  STATUS_SUCCESS
D3DKMTLock2 [gpu-ib]               0x00000000  STATUS_SUCCESS
    locked at CPU VA 000001E85E2A0000
D3DKMTUnlock2 [gpu-ib]             0x00000000  STATUS_SUCCESS
Submit GPU readback                0x00000000  STATUS_SUCCESS
    asking the context to signal the monitored fence to 919
D3DKMTSignalSynchronizationObjectFromGpu 0x00000000  STATUS_SUCCESS
D3DKMTWaitForSynchronizationObjectFromCpu 0x00000000  STATUS_SUCCESS
    the monitored fence reached 919 after 0 ms
D3DKMTLock2 [gpu-readback]         0x00000000  STATUS_SUCCESS
    locked at CPU VA 000001E85E2B0000
D3DKMTUnlock2 [gpu-readback]       0x00000000  STATUS_SUCCESS
D3DKMTLock2 [gpu-readback]         0x00000000  STATUS_SUCCESS
    locked at CPU VA 000001E85E2B0000
D3DKMTUnlock2 [gpu-readback]       0x00000000  STATUS_SUCCESS
D3DKMTLock2 [gpu-ib]               0x00000000  STATUS_SUCCESS
    locked at CPU VA 000001E85E2A0000
D3DKMTUnlock2 [gpu-ib]             0x00000000  STATUS_SUCCESS
Submit GPU readback                0x00000000  STATUS_SUCCESS
    asking the context to signal the monitored fence to 920
D3DKMTSignalSynchronizationObjectFromGpu 0x00000000  STATUS_SUCCESS
D3DKMTWaitForSynchronizationObjectFromCpu 0x00000000  STATUS_SUCCESS
    the monitored fence reached 920 after 0 ms
D3DKMTLock2 [gpu-readback]         0x00000000  STATUS_SUCCESS
    locked at CPU VA 000001E85E2B0000
D3DKMTUnlock2 [gpu-readback]       0x00000000  STATUS_SUCCESS
D3DKMTLock2 [gpu-readback]         0x00000000  STATUS_SUCCESS
    locked at CPU VA 000001E85E2B0000
D3DKMTUnlock2 [gpu-readback]       0x00000000  STATUS_SUCCESS
D3DKMTLock2 [gpu-ib]               0x00000000  STATUS_SUCCESS
    locked at CPU VA 000001E85E2A0000
D3DKMTUnlock2 [gpu-ib]             0x00000000  STATUS_SUCCESS
Submit GPU readback                0x00000000  STATUS_SUCCESS
    asking the context to signal the monitored fence to 921
D3DKMTSignalSynchronizationObjectFromGpu 0x00000000  STATUS_SUCCESS
D3DKMTWaitForSynchronizationObjectFromCpu 0x00000000  STATUS_SUCCESS
    the monitored fence reached 921 after 0 ms
D3DKMTLock2 [gpu-readback]         0x00000000  STATUS_SUCCESS
    locked at CPU VA 000001E85E2B0000
D3DKMTUnlock2 [gpu-readback]       0x00000000  STATUS_SUCCESS
D3DKMTLock2 [gpu-readback]         0x00000000  STATUS_SUCCESS
    locked at CPU VA 000001E85E2B0000
D3DKMTUnlock2 [gpu-readback]       0x00000000  STATUS_SUCCESS
D3DKMTLock2 [gpu-ib]               0x00000000  STATUS_SUCCESS
    locked at CPU VA 000001E85E2A0000
D3DKMTUnlock2 [gpu-ib]             0x00000000  STATUS_SUCCESS
Submit GPU readback                0x00000000  STATUS_SUCCESS
    asking the context to signal the monitored fence to 922
D3DKMTSignalSynchronizationObjectFromGpu 0x00000000  STATUS_SUCCESS
D3DKMTWaitForSynchronizationObjectFromCpu 0x00000000  STATUS_SUCCESS
    the monitored fence reached 922 after 0 ms
D3DKMTLock2 [gpu-readback]         0x00000000  STATUS_SUCCESS
    locked at CPU VA 000001E85E2B0000
D3DKMTUnlock2 [gpu-readback]       0x00000000  STATUS_SUCCESS
D3DKMTLock2 [gpu-readback]         0x00000000  STATUS_SUCCESS
    locked at CPU VA 000001E85E2B0000
D3DKMTUnlock2 [gpu-readback]       0x00000000  STATUS_SUCCESS
D3DKMTLock2 [gpu-ib]               0x00000000  STATUS_SUCCESS
    locked at CPU VA 000001E85E2A0000
D3DKMTUnlock2 [gpu-ib]             0x00000000  STATUS_SUCCESS
Submit GPU readback                0x00000000  STATUS_SUCCESS
    asking the context to signal the monitored fence to 923
D3DKMTSignalSynchronizationObjectFromGpu 0x00000000  STATUS_SUCCESS
D3DKMTWaitForSynchronizationObjectFromCpu 0x00000000  STATUS_SUCCESS
    the monitored fence reached 923 after 0 ms
D3DKMTLock2 [gpu-readback]         0x00000000  STATUS_SUCCESS
    locked at CPU VA 000001E85E2B0000
D3DKMTUnlock2 [gpu-readback]       0x00000000  STATUS_SUCCESS
D3DKMTLock2 [gpu-readback]         0x00000000  STATUS_SUCCESS
    locked at CPU VA 000001E85E2B0000
D3DKMTUnlock2 [gpu-readback]       0x00000000  STATUS_SUCCESS
D3DKMTLock2 [gpu-ib]               0x00000000  STATUS_SUCCESS
    locked at CPU VA 000001E85E2A0000
D3DKMTUnlock2 [gpu-ib]             0x00000000  STATUS_SUCCESS
Submit GPU readback                0x00000000  STATUS_SUCCESS
    asking the context to signal the monitored fence to 924
D3DKMTSignalSynchronizationObjectFromGpu 0x00000000  STATUS_SUCCESS
D3DKMTWaitForSynchronizationObjectFromCpu 0x00000000  STATUS_SUCCESS
    the monitored fence reached 924 after 0 ms
D3DKMTLock2 [gpu-readback]         0x00000000  STATUS_SUCCESS
    locked at CPU VA 000001E85E2B0000
D3DKMTUnlock2 [gpu-readback]       0x00000000  STATUS_SUCCESS
D3DKMTLock2 [gpu-readback]         0x00000000  STATUS_SUCCESS
    locked at CPU VA 000001E85E2B0000
D3DKMTUnlock2 [gpu-readback]       0x00000000  STATUS_SUCCESS
D3DKMTLock2 [gpu-ib]               0x00000000  STATUS_SUCCESS
    locked at CPU VA 000001E85E2A0000
D3DKMTUnlock2 [gpu-ib]             0x00000000  STATUS_SUCCESS
Submit GPU readback                0x00000000  STATUS_SUCCESS
    asking the context to signal the monitored fence to 925
D3DKMTSignalSynchronizationObjectFromGpu 0x00000000  STATUS_SUCCESS
D3DKMTWaitForSynchronizationObjectFromCpu 0x00000000  STATUS_SUCCESS
    the monitored fence reached 925 after 0 ms
D3DKMTLock2 [gpu-readback]         0x00000000  STATUS_SUCCESS
    locked at CPU VA 000001E85E2B0000
D3DKMTUnlock2 [gpu-readback]       0x00000000  STATUS_SUCCESS
D3DKMTLock2 [gpu-readback]         0x00000000  STATUS_SUCCESS
    locked at CPU VA 000001E85E2B0000
D3DKMTUnlock2 [gpu-readback]       0x00000000  STATUS_SUCCESS
D3DKMTLock2 [gpu-ib]               0x00000000  STATUS_SUCCESS
    locked at CPU VA 000001E85E2A0000
D3DKMTUnlock2 [gpu-ib]             0x00000000  STATUS_SUCCESS
Submit GPU readback                0x00000000  STATUS_SUCCESS
    asking the context to signal the monitored fence to 926
D3DKMTSignalSynchronizationObjectFromGpu 0x00000000  STATUS_SUCCESS
D3DKMTWaitForSynchronizationObjectFromCpu 0x00000000  STATUS_SUCCESS
    the monitored fence reached 926 after 0 ms
D3DKMTLock2 [gpu-readback]         0x00000000  STATUS_SUCCESS
    locked at CPU VA 000001E85E2B0000
D3DKMTUnlock2 [gpu-readback]       0x00000000  STATUS_SUCCESS
D3DKMTLock2 [gpu-readback]         0x00000000  STATUS_SUCCESS
    locked at CPU VA 000001E85E2B0000
D3DKMTUnlock2 [gpu-readback]       0x00000000  STATUS_SUCCESS
D3DKMTLock2 [gpu-ib]               0x00000000  STATUS_SUCCESS
    locked at CPU VA 000001E85E2A0000
D3DKMTUnlock2 [gpu-ib]             0x00000000  STATUS_SUCCESS
Submit GPU readback                0x00000000  STATUS_SUCCESS
    asking the context to signal the monitored fence to 927
D3DKMTSignalSynchronizationObjectFromGpu 0x00000000  STATUS_SUCCESS
D3DKMTWaitForSynchronizationObjectFromCpu 0x00000000  STATUS_SUCCESS
    the monitored fence reached 927 after 0 ms
D3DKMTLock2 [gpu-readback]         0x00000000  STATUS_SUCCESS
    locked at CPU VA 000001E85E2B0000
D3DKMTUnlock2 [gpu-readback]       0x00000000  STATUS_SUCCESS
D3DKMTLock2 [gpu-readback]         0x00000000  STATUS_SUCCESS
    locked at CPU VA 000001E85E2B0000
D3DKMTUnlock2 [gpu-readback]       0x00000000  STATUS_SUCCESS
D3DKMTLock2 [gpu-ib]               0x00000000  STATUS_SUCCESS
    locked at CPU VA 000001E85E2A0000
D3DKMTUnlock2 [gpu-ib]             0x00000000  STATUS_SUCCESS
Submit GPU readback                0x00000000  STATUS_SUCCESS
    asking the context to signal the monitored fence to 928
D3DKMTSignalSynchronizationObjectFromGpu 0x00000000  STATUS_SUCCESS
D3DKMTWaitForSynchronizationObjectFromCpu 0x00000000  STATUS_SUCCESS
    the monitored fence reached 928 after 0 ms
D3DKMTLock2 [gpu-readback]         0x00000000  STATUS_SUCCESS
    locked at CPU VA 000001E85E2B0000
D3DKMTUnlock2 [gpu-readback]       0x00000000  STATUS_SUCCESS
D3DKMTLock2 [gpu-readback]         0x00000000  STATUS_SUCCESS
    locked at CPU VA 000001E85E2B0000
D3DKMTUnlock2 [gpu-readback]       0x00000000  STATUS_SUCCESS
D3DKMTLock2 [gpu-ib]               0x00000000  STATUS_SUCCESS
    locked at CPU VA 000001E85E2A0000
D3DKMTUnlock2 [gpu-ib]             0x00000000  STATUS_SUCCESS
Submit GPU readback                0x00000000  STATUS_SUCCESS
    asking the context to signal the monitored fence to 929
D3DKMTSignalSynchronizationObjectFromGpu 0x00000000  STATUS_SUCCESS
D3DKMTWaitForSynchronizationObjectFromCpu 0x00000000  STATUS_SUCCESS
    the monitored fence reached 929 after 0 ms
D3DKMTLock2 [gpu-readback]         0x00000000  STATUS_SUCCESS
    locked at CPU VA 000001E85E2B0000
D3DKMTUnlock2 [gpu-readback]       0x00000000  STATUS_SUCCESS
D3DKMTLock2 [gpu-readback]         0x00000000  STATUS_SUCCESS
    locked at CPU VA 000001E85E2B0000
D3DKMTUnlock2 [gpu-readback]       0x00000000  STATUS_SUCCESS
D3DKMTLock2 [gpu-ib]               0x00000000  STATUS_SUCCESS
    locked at CPU VA 000001E85E2A0000
D3DKMTUnlock2 [gpu-ib]             0x00000000  STATUS_SUCCESS
Submit GPU readback                0x00000000  STATUS_SUCCESS
    asking the context to signal the monitored fence to 930
D3DKMTSignalSynchronizationObjectFromGpu 0x00000000  STATUS_SUCCESS
D3DKMTWaitForSynchronizationObjectFromCpu 0x00000000  STATUS_SUCCESS
    the monitored fence reached 930 after 0 ms
D3DKMTLock2 [gpu-readback]         0x00000000  STATUS_SUCCESS
    locked at CPU VA 000001E85E2B0000
D3DKMTUnlock2 [gpu-readback]       0x00000000  STATUS_SUCCESS
D3DKMTLock2 [gpu-readback]         0x00000000  STATUS_SUCCESS
    locked at CPU VA 000001E85E2B0000
D3DKMTUnlock2 [gpu-readback]       0x00000000  STATUS_SUCCESS
D3DKMTLock2 [gpu-ib]               0x00000000  STATUS_SUCCESS
    locked at CPU VA 000001E85E2A0000
D3DKMTUnlock2 [gpu-ib]             0x00000000  STATUS_SUCCESS
Submit GPU readback                0x00000000  STATUS_SUCCESS
    asking the context to signal the monitored fence to 931
D3DKMTSignalSynchronizationObjectFromGpu 0x00000000  STATUS_SUCCESS
D3DKMTWaitForSynchronizationObjectFromCpu 0x00000000  STATUS_SUCCESS
    the monitored fence reached 931 after 0 ms
D3DKMTLock2 [gpu-readback]         0x00000000  STATUS_SUCCESS
    locked at CPU VA 000001E85E2B0000
D3DKMTUnlock2 [gpu-readback]       0x00000000  STATUS_SUCCESS
D3DKMTLock2 [gpu-readback]         0x00000000  STATUS_SUCCESS
    locked at CPU VA 000001E85E2B0000
D3DKMTUnlock2 [gpu-readback]       0x00000000  STATUS_SUCCESS
D3DKMTLock2 [gpu-ib]               0x00000000  STATUS_SUCCESS
    locked at CPU VA 000001E85E2A0000
D3DKMTUnlock2 [gpu-ib]             0x00000000  STATUS_SUCCESS
Submit GPU readback                0x00000000  STATUS_SUCCESS
    asking the context to signal the monitored fence to 932
D3DKMTSignalSynchronizationObjectFromGpu 0x00000000  STATUS_SUCCESS
D3DKMTWaitForSynchronizationObjectFromCpu 0x00000000  STATUS_SUCCESS
    the monitored fence reached 932 after 0 ms
D3DKMTLock2 [gpu-readback]         0x00000000  STATUS_SUCCESS
    locked at CPU VA 000001E85E2B0000
D3DKMTUnlock2 [gpu-readback]       0x00000000  STATUS_SUCCESS
D3DKMTLock2 [gpu-readback]         0x00000000  STATUS_SUCCESS
    locked at CPU VA 000001E85E2B0000
D3DKMTUnlock2 [gpu-readback]       0x00000000  STATUS_SUCCESS
D3DKMTLock2 [gpu-ib]               0x00000000  STATUS_SUCCESS
    locked at CPU VA 000001E85E2A0000
D3DKMTUnlock2 [gpu-ib]             0x00000000  STATUS_SUCCESS
Submit GPU readback                0x00000000  STATUS_SUCCESS
    asking the context to signal the monitored fence to 933
D3DKMTSignalSynchronizationObjectFromGpu 0x00000000  STATUS_SUCCESS
D3DKMTWaitForSynchronizationObjectFromCpu 0x00000000  STATUS_SUCCESS
    the monitored fence reached 933 after 0 ms
D3DKMTLock2 [gpu-readback]         0x00000000  STATUS_SUCCESS
    locked at CPU VA 000001E85E2B0000
D3DKMTUnlock2 [gpu-readback]       0x00000000  STATUS_SUCCESS
D3DKMTLock2 [gpu-readback]         0x00000000  STATUS_SUCCESS
    locked at CPU VA 000001E85E2B0000
D3DKMTUnlock2 [gpu-readback]       0x00000000  STATUS_SUCCESS
D3DKMTLock2 [gpu-ib]               0x00000000  STATUS_SUCCESS
    locked at CPU VA 000001E85E2A0000
D3DKMTUnlock2 [gpu-ib]             0x00000000  STATUS_SUCCESS
Submit GPU readback                0x00000000  STATUS_SUCCESS
    asking the context to signal the monitored fence to 934
D3DKMTSignalSynchronizationObjectFromGpu 0x00000000  STATUS_SUCCESS
D3DKMTWaitForSynchronizationObjectFromCpu 0x00000000  STATUS_SUCCESS
    the monitored fence reached 934 after 0 ms
D3DKMTLock2 [gpu-readback]         0x00000000  STATUS_SUCCESS
    locked at CPU VA 000001E85E2B0000
D3DKMTUnlock2 [gpu-readback]       0x00000000  STATUS_SUCCESS
D3DKMTLock2 [gpu-readback]         0x00000000  STATUS_SUCCESS
    locked at CPU VA 000001E85E2B0000
D3DKMTUnlock2 [gpu-readback]       0x00000000  STATUS_SUCCESS
D3DKMTLock2 [gpu-ib]               0x00000000  STATUS_SUCCESS
    locked at CPU VA 000001E85E2A0000
D3DKMTUnlock2 [gpu-ib]             0x00000000  STATUS_SUCCESS
Submit GPU readback                0x00000000  STATUS_SUCCESS
    asking the context to signal the monitored fence to 935
D3DKMTSignalSynchronizationObjectFromGpu 0x00000000  STATUS_SUCCESS
D3DKMTWaitForSynchronizationObjectFromCpu 0x00000000  STATUS_SUCCESS
    the monitored fence reached 935 after 0 ms
D3DKMTLock2 [gpu-readback]         0x00000000  STATUS_SUCCESS
    locked at CPU VA 000001E85E2B0000
D3DKMTUnlock2 [gpu-readback]       0x00000000  STATUS_SUCCESS
D3DKMTLock2 [gpu-readback]         0x00000000  STATUS_SUCCESS
    locked at CPU VA 000001E85E2B0000
D3DKMTUnlock2 [gpu-readback]       0x00000000  STATUS_SUCCESS
D3DKMTLock2 [gpu-ib]               0x00000000  STATUS_SUCCESS
    locked at CPU VA 000001E85E2A0000
D3DKMTUnlock2 [gpu-ib]             0x00000000  STATUS_SUCCESS
Submit GPU readback                0x00000000  STATUS_SUCCESS
    asking the context to signal the monitored fence to 936
D3DKMTSignalSynchronizationObjectFromGpu 0x00000000  STATUS_SUCCESS
D3DKMTWaitForSynchronizationObjectFromCpu 0x00000000  STATUS_SUCCESS
    the monitored fence reached 936 after 0 ms
D3DKMTLock2 [gpu-readback]         0x00000000  STATUS_SUCCESS
    locked at CPU VA 000001E85E2B0000
D3DKMTUnlock2 [gpu-readback]       0x00000000  STATUS_SUCCESS
D3DKMTLock2 [gpu-readback]         0x00000000  STATUS_SUCCESS
    locked at CPU VA 000001E85E2B0000
D3DKMTUnlock2 [gpu-readback]       0x00000000  STATUS_SUCCESS
D3DKMTLock2 [gpu-ib]               0x00000000  STATUS_SUCCESS
    locked at CPU VA 000001E85E2A0000
D3DKMTUnlock2 [gpu-ib]             0x00000000  STATUS_SUCCESS
Submit GPU readback                0x00000000  STATUS_SUCCESS
    asking the context to signal the monitored fence to 937
D3DKMTSignalSynchronizationObjectFromGpu 0x00000000  STATUS_SUCCESS
D3DKMTWaitForSynchronizationObjectFromCpu 0x00000000  STATUS_SUCCESS
    the monitored fence reached 937 after 0 ms
D3DKMTLock2 [gpu-readback]         0x00000000  STATUS_SUCCESS
    locked at CPU VA 000001E85E2B0000
D3DKMTUnlock2 [gpu-readback]       0x00000000  STATUS_SUCCESS
D3DKMTLock2 [gpu-readback]         0x00000000  STATUS_SUCCESS
    locked at CPU VA 000001E85E2B0000
D3DKMTUnlock2 [gpu-readback]       0x00000000  STATUS_SUCCESS
D3DKMTLock2 [gpu-ib]               0x00000000  STATUS_SUCCESS
    locked at CPU VA 000001E85E2A0000
D3DKMTUnlock2 [gpu-ib]             0x00000000  STATUS_SUCCESS
Submit GPU readback                0x00000000  STATUS_SUCCESS
    asking the context to signal the monitored fence to 938
D3DKMTSignalSynchronizationObjectFromGpu 0x00000000  STATUS_SUCCESS
D3DKMTWaitForSynchronizationObjectFromCpu 0x00000000  STATUS_SUCCESS
    the monitored fence reached 938 after 0 ms
D3DKMTLock2 [gpu-readback]         0x00000000  STATUS_SUCCESS
    locked at CPU VA 000001E85E2B0000
D3DKMTUnlock2 [gpu-readback]       0x00000000  STATUS_SUCCESS
D3DKMTLock2 [gpu-readback]         0x00000000  STATUS_SUCCESS
    locked at CPU VA 000001E85E2B0000
D3DKMTUnlock2 [gpu-readback]       0x00000000  STATUS_SUCCESS
D3DKMTLock2 [gpu-ib]               0x00000000  STATUS_SUCCESS
    locked at CPU VA 000001E85E2A0000
D3DKMTUnlock2 [gpu-ib]             0x00000000  STATUS_SUCCESS
Submit GPU readback                0x00000000  STATUS_SUCCESS
    asking the context to signal the monitored fence to 939
D3DKMTSignalSynchronizationObjectFromGpu 0x00000000  STATUS_SUCCESS
D3DKMTWaitForSynchronizationObjectFromCpu 0x00000000  STATUS_SUCCESS
    the monitored fence reached 939 after 0 ms
D3DKMTLock2 [gpu-readback]         0x00000000  STATUS_SUCCESS
    locked at CPU VA 000001E85E2B0000
D3DKMTUnlock2 [gpu-readback]       0x00000000  STATUS_SUCCESS
D3DKMTLock2 [gpu-readback]         0x00000000  STATUS_SUCCESS
    locked at CPU VA 000001E85E2B0000
D3DKMTUnlock2 [gpu-readback]       0x00000000  STATUS_SUCCESS
D3DKMTLock2 [gpu-ib]               0x00000000  STATUS_SUCCESS
    locked at CPU VA 000001E85E2A0000
D3DKMTUnlock2 [gpu-ib]             0x00000000  STATUS_SUCCESS
Submit GPU readback                0x00000000  STATUS_SUCCESS
    asking the context to signal the monitored fence to 940
D3DKMTSignalSynchronizationObjectFromGpu 0x00000000  STATUS_SUCCESS
D3DKMTWaitForSynchronizationObjectFromCpu 0x00000000  STATUS_SUCCESS
    the monitored fence reached 940 after 0 ms
D3DKMTLock2 [gpu-readback]         0x00000000  STATUS_SUCCESS
    locked at CPU VA 000001E85E2B0000
D3DKMTUnlock2 [gpu-readback]       0x00000000  STATUS_SUCCESS
D3DKMTLock2 [gpu-readback]         0x00000000  STATUS_SUCCESS
    locked at CPU VA 000001E85E2B0000
D3DKMTUnlock2 [gpu-readback]       0x00000000  STATUS_SUCCESS
D3DKMTLock2 [gpu-ib]               0x00000000  STATUS_SUCCESS
    locked at CPU VA 000001E85E2A0000
D3DKMTUnlock2 [gpu-ib]             0x00000000  STATUS_SUCCESS
Submit GPU readback                0x00000000  STATUS_SUCCESS
    asking the context to signal the monitored fence to 941
D3DKMTSignalSynchronizationObjectFromGpu 0x00000000  STATUS_SUCCESS
D3DKMTWaitForSynchronizationObjectFromCpu 0x00000000  STATUS_SUCCESS
    the monitored fence reached 941 after 0 ms
D3DKMTLock2 [gpu-readback]         0x00000000  STATUS_SUCCESS
    locked at CPU VA 000001E85E2B0000
D3DKMTUnlock2 [gpu-readback]       0x00000000  STATUS_SUCCESS
D3DKMTLock2 [gpu-readback]         0x00000000  STATUS_SUCCESS
    locked at CPU VA 000001E85E2B0000
D3DKMTUnlock2 [gpu-readback]       0x00000000  STATUS_SUCCESS
D3DKMTLock2 [gpu-ib]               0x00000000  STATUS_SUCCESS
    locked at CPU VA 000001E85E2A0000
D3DKMTUnlock2 [gpu-ib]             0x00000000  STATUS_SUCCESS
Submit GPU readback                0x00000000  STATUS_SUCCESS
    asking the context to signal the monitored fence to 942
D3DKMTSignalSynchronizationObjectFromGpu 0x00000000  STATUS_SUCCESS
D3DKMTWaitForSynchronizationObjectFromCpu 0x00000000  STATUS_SUCCESS
    the monitored fence reached 942 after 0 ms
D3DKMTLock2 [gpu-readback]         0x00000000  STATUS_SUCCESS
    locked at CPU VA 000001E85E2B0000
D3DKMTUnlock2 [gpu-readback]       0x00000000  STATUS_SUCCESS
D3DKMTLock2 [gpu-readback]         0x00000000  STATUS_SUCCESS
    locked at CPU VA 000001E85E2B0000
D3DKMTUnlock2 [gpu-readback]       0x00000000  STATUS_SUCCESS
D3DKMTLock2 [gpu-ib]               0x00000000  STATUS_SUCCESS
    locked at CPU VA 000001E85E2A0000
D3DKMTUnlock2 [gpu-ib]             0x00000000  STATUS_SUCCESS
Submit GPU readback                0x00000000  STATUS_SUCCESS
    asking the context to signal the monitored fence to 943
D3DKMTSignalSynchronizationObjectFromGpu 0x00000000  STATUS_SUCCESS
D3DKMTWaitForSynchronizationObjectFromCpu 0x00000000  STATUS_SUCCESS
    the monitored fence reached 943 after 0 ms
D3DKMTLock2 [gpu-readback]         0x00000000  STATUS_SUCCESS
    locked at CPU VA 000001E85E2B0000
D3DKMTUnlock2 [gpu-readback]       0x00000000  STATUS_SUCCESS
D3DKMTLock2 [gpu-readback]         0x00000000  STATUS_SUCCESS
    locked at CPU VA 000001E85E2B0000
D3DKMTUnlock2 [gpu-readback]       0x00000000  STATUS_SUCCESS
D3DKMTLock2 [gpu-ib]               0x00000000  STATUS_SUCCESS
    locked at CPU VA 000001E85E2A0000
D3DKMTUnlock2 [gpu-ib]             0x00000000  STATUS_SUCCESS
Submit GPU readback                0x00000000  STATUS_SUCCESS
    asking the context to signal the monitored fence to 944
D3DKMTSignalSynchronizationObjectFromGpu 0x00000000  STATUS_SUCCESS
D3DKMTWaitForSynchronizationObjectFromCpu 0x00000000  STATUS_SUCCESS
    the monitored fence reached 944 after 0 ms
D3DKMTLock2 [gpu-readback]         0x00000000  STATUS_SUCCESS
    locked at CPU VA 000001E85E2B0000
D3DKMTUnlock2 [gpu-readback]       0x00000000  STATUS_SUCCESS
D3DKMTLock2 [gpu-readback]         0x00000000  STATUS_SUCCESS
    locked at CPU VA 000001E85E2B0000
D3DKMTUnlock2 [gpu-readback]       0x00000000  STATUS_SUCCESS
D3DKMTLock2 [gpu-ib]               0x00000000  STATUS_SUCCESS
    locked at CPU VA 000001E85E2A0000
D3DKMTUnlock2 [gpu-ib]             0x00000000  STATUS_SUCCESS
Submit GPU readback                0x00000000  STATUS_SUCCESS
    asking the context to signal the monitored fence to 945
D3DKMTSignalSynchronizationObjectFromGpu 0x00000000  STATUS_SUCCESS
D3DKMTWaitForSynchronizationObjectFromCpu 0x00000000  STATUS_SUCCESS
    the monitored fence reached 945 after 0 ms
D3DKMTLock2 [gpu-readback]         0x00000000  STATUS_SUCCESS
    locked at CPU VA 000001E85E2B0000
D3DKMTUnlock2 [gpu-readback]       0x00000000  STATUS_SUCCESS
D3DKMTLock2 [gpu-readback]         0x00000000  STATUS_SUCCESS
    locked at CPU VA 000001E85E2B0000
D3DKMTUnlock2 [gpu-readback]       0x00000000  STATUS_SUCCESS
D3DKMTLock2 [gpu-ib]               0x00000000  STATUS_SUCCESS
    locked at CPU VA 000001E85E2A0000
D3DKMTUnlock2 [gpu-ib]             0x00000000  STATUS_SUCCESS
Submit GPU readback                0x00000000  STATUS_SUCCESS
    asking the context to signal the monitored fence to 946
D3DKMTSignalSynchronizationObjectFromGpu 0x00000000  STATUS_SUCCESS
D3DKMTWaitForSynchronizationObjectFromCpu 0x00000000  STATUS_SUCCESS
    the monitored fence reached 946 after 0 ms
D3DKMTLock2 [gpu-readback]         0x00000000  STATUS_SUCCESS
    locked at CPU VA 000001E85E2B0000
D3DKMTUnlock2 [gpu-readback]       0x00000000  STATUS_SUCCESS
D3DKMTLock2 [gpu-readback]         0x00000000  STATUS_SUCCESS
    locked at CPU VA 000001E85E2B0000
D3DKMTUnlock2 [gpu-readback]       0x00000000  STATUS_SUCCESS
D3DKMTLock2 [gpu-ib]               0x00000000  STATUS_SUCCESS
    locked at CPU VA 000001E85E2A0000
D3DKMTUnlock2 [gpu-ib]             0x00000000  STATUS_SUCCESS
Submit GPU readback                0x00000000  STATUS_SUCCESS
    asking the context to signal the monitored fence to 947
D3DKMTSignalSynchronizationObjectFromGpu 0x00000000  STATUS_SUCCESS
D3DKMTWaitForSynchronizationObjectFromCpu 0x00000000  STATUS_SUCCESS
    the monitored fence reached 947 after 0 ms
D3DKMTLock2 [gpu-readback]         0x00000000  STATUS_SUCCESS
    locked at CPU VA 000001E85E2B0000
D3DKMTUnlock2 [gpu-readback]       0x00000000  STATUS_SUCCESS
D3DKMTLock2 [gpu-readback]         0x00000000  STATUS_SUCCESS
    locked at CPU VA 000001E85E2B0000
D3DKMTUnlock2 [gpu-readback]       0x00000000  STATUS_SUCCESS
D3DKMTLock2 [gpu-ib]               0x00000000  STATUS_SUCCESS
    locked at CPU VA 000001E85E2A0000
D3DKMTUnlock2 [gpu-ib]             0x00000000  STATUS_SUCCESS
Submit GPU readback                0x00000000  STATUS_SUCCESS
    asking the context to signal the monitored fence to 948
D3DKMTSignalSynchronizationObjectFromGpu 0x00000000  STATUS_SUCCESS
D3DKMTWaitForSynchronizationObjectFromCpu 0x00000000  STATUS_SUCCESS
    the monitored fence reached 948 after 0 ms
D3DKMTLock2 [gpu-readback]         0x00000000  STATUS_SUCCESS
    locked at CPU VA 000001E85E2B0000
D3DKMTUnlock2 [gpu-readback]       0x00000000  STATUS_SUCCESS
D3DKMTLock2 [gpu-readback]         0x00000000  STATUS_SUCCESS
    locked at CPU VA 000001E85E2B0000
D3DKMTUnlock2 [gpu-readback]       0x00000000  STATUS_SUCCESS
D3DKMTLock2 [gpu-ib]               0x00000000  STATUS_SUCCESS
    locked at CPU VA 000001E85E2A0000
D3DKMTUnlock2 [gpu-ib]             0x00000000  STATUS_SUCCESS
Submit GPU readback                0x00000000  STATUS_SUCCESS
    asking the context to signal the monitored fence to 949
D3DKMTSignalSynchronizationObjectFromGpu 0x00000000  STATUS_SUCCESS
D3DKMTWaitForSynchronizationObjectFromCpu 0x00000000  STATUS_SUCCESS
    the monitored fence reached 949 after 0 ms
D3DKMTLock2 [gpu-readback]         0x00000000  STATUS_SUCCESS
    locked at CPU VA 000001E85E2B0000
D3DKMTUnlock2 [gpu-readback]       0x00000000  STATUS_SUCCESS
D3DKMTLock2 [gpu-readback]         0x00000000  STATUS_SUCCESS
    locked at CPU VA 000001E85E2B0000
D3DKMTUnlock2 [gpu-readback]       0x00000000  STATUS_SUCCESS
D3DKMTLock2 [gpu-ib]               0x00000000  STATUS_SUCCESS
    locked at CPU VA 000001E85E2A0000
D3DKMTUnlock2 [gpu-ib]             0x00000000  STATUS_SUCCESS
Submit GPU readback                0x00000000  STATUS_SUCCESS
    asking the context to signal the monitored fence to 950
D3DKMTSignalSynchronizationObjectFromGpu 0x00000000  STATUS_SUCCESS
D3DKMTWaitForSynchronizationObjectFromCpu 0x00000000  STATUS_SUCCESS
    the monitored fence reached 950 after 0 ms
D3DKMTLock2 [gpu-readback]         0x00000000  STATUS_SUCCESS
    locked at CPU VA 000001E85E2B0000
D3DKMTUnlock2 [gpu-readback]       0x00000000  STATUS_SUCCESS
D3DKMTLock2 [gpu-readback]         0x00000000  STATUS_SUCCESS
    locked at CPU VA 000001E85E2B0000
D3DKMTUnlock2 [gpu-readback]       0x00000000  STATUS_SUCCESS
D3DKMTLock2 [gpu-ib]               0x00000000  STATUS_SUCCESS
    locked at CPU VA 000001E85E2A0000
D3DKMTUnlock2 [gpu-ib]             0x00000000  STATUS_SUCCESS
Submit GPU readback                0x00000000  STATUS_SUCCESS
    asking the context to signal the monitored fence to 951
D3DKMTSignalSynchronizationObjectFromGpu 0x00000000  STATUS_SUCCESS
D3DKMTWaitForSynchronizationObjectFromCpu 0x00000000  STATUS_SUCCESS
    the monitored fence reached 951 after 0 ms
D3DKMTLock2 [gpu-readback]         0x00000000  STATUS_SUCCESS
    locked at CPU VA 000001E85E2B0000
D3DKMTUnlock2 [gpu-readback]       0x00000000  STATUS_SUCCESS
D3DKMTLock2 [gpu-readback]         0x00000000  STATUS_SUCCESS
    locked at CPU VA 000001E85E2B0000
D3DKMTUnlock2 [gpu-readback]       0x00000000  STATUS_SUCCESS
D3DKMTLock2 [gpu-ib]               0x00000000  STATUS_SUCCESS
    locked at CPU VA 000001E85E2A0000
D3DKMTUnlock2 [gpu-ib]             0x00000000  STATUS_SUCCESS
Submit GPU readback                0x00000000  STATUS_SUCCESS
    asking the context to signal the monitored fence to 952
D3DKMTSignalSynchronizationObjectFromGpu 0x00000000  STATUS_SUCCESS
D3DKMTWaitForSynchronizationObjectFromCpu 0x00000000  STATUS_SUCCESS
    the monitored fence reached 952 after 0 ms
D3DKMTLock2 [gpu-readback]         0x00000000  STATUS_SUCCESS
    locked at CPU VA 000001E85E2B0000
D3DKMTUnlock2 [gpu-readback]       0x00000000  STATUS_SUCCESS
D3DKMTLock2 [gpu-readback]         0x00000000  STATUS_SUCCESS
    locked at CPU VA 000001E85E2B0000
D3DKMTUnlock2 [gpu-readback]       0x00000000  STATUS_SUCCESS
D3DKMTLock2 [gpu-ib]               0x00000000  STATUS_SUCCESS
    locked at CPU VA 000001E85E2A0000
D3DKMTUnlock2 [gpu-ib]             0x00000000  STATUS_SUCCESS
Submit GPU readback                0x00000000  STATUS_SUCCESS
    asking the context to signal the monitored fence to 953
D3DKMTSignalSynchronizationObjectFromGpu 0x00000000  STATUS_SUCCESS
D3DKMTWaitForSynchronizationObjectFromCpu 0x00000000  STATUS_SUCCESS
    the monitored fence reached 953 after 0 ms
D3DKMTLock2 [gpu-readback]         0x00000000  STATUS_SUCCESS
    locked at CPU VA 000001E85E2B0000
D3DKMTUnlock2 [gpu-readback]       0x00000000  STATUS_SUCCESS
D3DKMTLock2 [gpu-readback]         0x00000000  STATUS_SUCCESS
    locked at CPU VA 000001E85E2B0000
D3DKMTUnlock2 [gpu-readback]       0x00000000  STATUS_SUCCESS
D3DKMTLock2 [gpu-ib]               0x00000000  STATUS_SUCCESS
    locked at CPU VA 000001E85E2A0000
D3DKMTUnlock2 [gpu-ib]             0x00000000  STATUS_SUCCESS
Submit GPU readback                0x00000000  STATUS_SUCCESS
    asking the context to signal the monitored fence to 954
D3DKMTSignalSynchronizationObjectFromGpu 0x00000000  STATUS_SUCCESS
D3DKMTWaitForSynchronizationObjectFromCpu 0x00000000  STATUS_SUCCESS
    the monitored fence reached 954 after 0 ms
D3DKMTLock2 [gpu-readback]         0x00000000  STATUS_SUCCESS
    locked at CPU VA 000001E85E2B0000
D3DKMTUnlock2 [gpu-readback]       0x00000000  STATUS_SUCCESS
D3DKMTLock2 [gpu-readback]         0x00000000  STATUS_SUCCESS
    locked at CPU VA 000001E85E2B0000
D3DKMTUnlock2 [gpu-readback]       0x00000000  STATUS_SUCCESS
D3DKMTLock2 [gpu-ib]               0x00000000  STATUS_SUCCESS
    locked at CPU VA 000001E85E2A0000
D3DKMTUnlock2 [gpu-ib]             0x00000000  STATUS_SUCCESS
Submit GPU readback                0x00000000  STATUS_SUCCESS
    asking the context to signal the monitored fence to 955
D3DKMTSignalSynchronizationObjectFromGpu 0x00000000  STATUS_SUCCESS
D3DKMTWaitForSynchronizationObjectFromCpu 0x00000000  STATUS_SUCCESS
    the monitored fence reached 955 after 0 ms
D3DKMTLock2 [gpu-readback]         0x00000000  STATUS_SUCCESS
    locked at CPU VA 000001E85E2B0000
D3DKMTUnlock2 [gpu-readback]       0x00000000  STATUS_SUCCESS
D3DKMTLock2 [gpu-readback]         0x00000000  STATUS_SUCCESS
    locked at CPU VA 000001E85E2B0000
D3DKMTUnlock2 [gpu-readback]       0x00000000  STATUS_SUCCESS
D3DKMTLock2 [gpu-ib]               0x00000000  STATUS_SUCCESS
    locked at CPU VA 000001E85E2A0000
D3DKMTUnlock2 [gpu-ib]             0x00000000  STATUS_SUCCESS
Submit GPU readback                0x00000000  STATUS_SUCCESS
    asking the context to signal the monitored fence to 956
D3DKMTSignalSynchronizationObjectFromGpu 0x00000000  STATUS_SUCCESS
D3DKMTWaitForSynchronizationObjectFromCpu 0x00000000  STATUS_SUCCESS
    the monitored fence reached 956 after 0 ms
D3DKMTLock2 [gpu-readback]         0x00000000  STATUS_SUCCESS
    locked at CPU VA 000001E85E2B0000
D3DKMTUnlock2 [gpu-readback]       0x00000000  STATUS_SUCCESS
D3DKMTLock2 [gpu-readback]         0x00000000  STATUS_SUCCESS
    locked at CPU VA 000001E85E2B0000
D3DKMTUnlock2 [gpu-readback]       0x00000000  STATUS_SUCCESS
D3DKMTLock2 [gpu-ib]               0x00000000  STATUS_SUCCESS
    locked at CPU VA 000001E85E2A0000
D3DKMTUnlock2 [gpu-ib]             0x00000000  STATUS_SUCCESS
Submit GPU readback                0x00000000  STATUS_SUCCESS
    asking the context to signal the monitored fence to 957
D3DKMTSignalSynchronizationObjectFromGpu 0x00000000  STATUS_SUCCESS
D3DKMTWaitForSynchronizationObjectFromCpu 0x00000000  STATUS_SUCCESS
    the monitored fence reached 957 after 0 ms
D3DKMTLock2 [gpu-readback]         0x00000000  STATUS_SUCCESS
    locked at CPU VA 000001E85E2B0000
D3DKMTUnlock2 [gpu-readback]       0x00000000  STATUS_SUCCESS
D3DKMTLock2 [gpu-readback]         0x00000000  STATUS_SUCCESS
    locked at CPU VA 000001E85E2B0000
D3DKMTUnlock2 [gpu-readback]       0x00000000  STATUS_SUCCESS
D3DKMTLock2 [gpu-ib]               0x00000000  STATUS_SUCCESS
    locked at CPU VA 000001E85E2A0000
D3DKMTUnlock2 [gpu-ib]             0x00000000  STATUS_SUCCESS
Submit GPU readback                0x00000000  STATUS_SUCCESS
    asking the context to signal the monitored fence to 958
D3DKMTSignalSynchronizationObjectFromGpu 0x00000000  STATUS_SUCCESS
D3DKMTWaitForSynchronizationObjectFromCpu 0x00000000  STATUS_SUCCESS
    the monitored fence reached 958 after 0 ms
D3DKMTLock2 [gpu-readback]         0x00000000  STATUS_SUCCESS
    locked at CPU VA 000001E85E2B0000
D3DKMTUnlock2 [gpu-readback]       0x00000000  STATUS_SUCCESS
D3DKMTLock2 [gpu-readback]         0x00000000  STATUS_SUCCESS
    locked at CPU VA 000001E85E2B0000
D3DKMTUnlock2 [gpu-readback]       0x00000000  STATUS_SUCCESS
D3DKMTLock2 [gpu-ib]               0x00000000  STATUS_SUCCESS
    locked at CPU VA 000001E85E2A0000
D3DKMTUnlock2 [gpu-ib]             0x00000000  STATUS_SUCCESS
Submit GPU readback                0x00000000  STATUS_SUCCESS
    asking the context to signal the monitored fence to 959
D3DKMTSignalSynchronizationObjectFromGpu 0x00000000  STATUS_SUCCESS
D3DKMTWaitForSynchronizationObjectFromCpu 0x00000000  STATUS_SUCCESS
    the monitored fence reached 959 after 0 ms
D3DKMTLock2 [gpu-readback]         0x00000000  STATUS_SUCCESS
    locked at CPU VA 000001E85E2B0000
D3DKMTUnlock2 [gpu-readback]       0x00000000  STATUS_SUCCESS
D3DKMTLock2 [gpu-readback]         0x00000000  STATUS_SUCCESS
    locked at CPU VA 000001E85E2B0000
D3DKMTUnlock2 [gpu-readback]       0x00000000  STATUS_SUCCESS
D3DKMTLock2 [gpu-ib]               0x00000000  STATUS_SUCCESS
    locked at CPU VA 000001E85E2A0000
D3DKMTUnlock2 [gpu-ib]             0x00000000  STATUS_SUCCESS
Submit GPU readback                0x00000000  STATUS_SUCCESS
    asking the context to signal the monitored fence to 960
D3DKMTSignalSynchronizationObjectFromGpu 0x00000000  STATUS_SUCCESS
D3DKMTWaitForSynchronizationObjectFromCpu 0x00000000  STATUS_SUCCESS
    the monitored fence reached 960 after 0 ms
D3DKMTLock2 [gpu-readback]         0x00000000  STATUS_SUCCESS
    locked at CPU VA 000001E85E2B0000
D3DKMTUnlock2 [gpu-readback]       0x00000000  STATUS_SUCCESS
D3DKMTLock2 [gpu-readback]         0x00000000  STATUS_SUCCESS
    locked at CPU VA 000001E85E2B0000
D3DKMTUnlock2 [gpu-readback]       0x00000000  STATUS_SUCCESS
D3DKMTLock2 [gpu-ib]               0x00000000  STATUS_SUCCESS
    locked at CPU VA 000001E85E2A0000
D3DKMTUnlock2 [gpu-ib]             0x00000000  STATUS_SUCCESS
Submit GPU readback                0x00000000  STATUS_SUCCESS
    asking the context to signal the monitored fence to 961
D3DKMTSignalSynchronizationObjectFromGpu 0x00000000  STATUS_SUCCESS
D3DKMTWaitForSynchronizationObjectFromCpu 0x00000000  STATUS_SUCCESS
    the monitored fence reached 961 after 0 ms
D3DKMTLock2 [gpu-readback]         0x00000000  STATUS_SUCCESS
    locked at CPU VA 000001E85E2B0000
D3DKMTUnlock2 [gpu-readback]       0x00000000  STATUS_SUCCESS
D3DKMTLock2 [gpu-readback]         0x00000000  STATUS_SUCCESS
    locked at CPU VA 000001E85E2B0000
D3DKMTUnlock2 [gpu-readback]       0x00000000  STATUS_SUCCESS
D3DKMTLock2 [gpu-ib]               0x00000000  STATUS_SUCCESS
    locked at CPU VA 000001E85E2A0000
D3DKMTUnlock2 [gpu-ib]             0x00000000  STATUS_SUCCESS
Submit GPU readback                0x00000000  STATUS_SUCCESS
    asking the context to signal the monitored fence to 962
D3DKMTSignalSynchronizationObjectFromGpu 0x00000000  STATUS_SUCCESS
D3DKMTWaitForSynchronizationObjectFromCpu 0x00000000  STATUS_SUCCESS
    the monitored fence reached 962 after 0 ms
D3DKMTLock2 [gpu-readback]         0x00000000  STATUS_SUCCESS
    locked at CPU VA 000001E85E2B0000
D3DKMTUnlock2 [gpu-readback]       0x00000000  STATUS_SUCCESS
D3DKMTLock2 [gpu-readback]         0x00000000  STATUS_SUCCESS
    locked at CPU VA 000001E85E2B0000
D3DKMTUnlock2 [gpu-readback]       0x00000000  STATUS_SUCCESS
D3DKMTLock2 [gpu-ib]               0x00000000  STATUS_SUCCESS
    locked at CPU VA 000001E85E2A0000
D3DKMTUnlock2 [gpu-ib]             0x00000000  STATUS_SUCCESS
Submit GPU readback                0x00000000  STATUS_SUCCESS
    asking the context to signal the monitored fence to 963
D3DKMTSignalSynchronizationObjectFromGpu 0x00000000  STATUS_SUCCESS
D3DKMTWaitForSynchronizationObjectFromCpu 0x00000000  STATUS_SUCCESS
    the monitored fence reached 963 after 0 ms
D3DKMTLock2 [gpu-readback]         0x00000000  STATUS_SUCCESS
    locked at CPU VA 000001E85E2B0000
D3DKMTUnlock2 [gpu-readback]       0x00000000  STATUS_SUCCESS
D3DKMTLock2 [gpu-readback]         0x00000000  STATUS_SUCCESS
    locked at CPU VA 000001E85E2B0000
D3DKMTUnlock2 [gpu-readback]       0x00000000  STATUS_SUCCESS
D3DKMTLock2 [gpu-ib]               0x00000000  STATUS_SUCCESS
    locked at CPU VA 000001E85E2A0000
D3DKMTUnlock2 [gpu-ib]             0x00000000  STATUS_SUCCESS
Submit GPU readback                0x00000000  STATUS_SUCCESS
    asking the context to signal the monitored fence to 964
D3DKMTSignalSynchronizationObjectFromGpu 0x00000000  STATUS_SUCCESS
D3DKMTWaitForSynchronizationObjectFromCpu 0x00000000  STATUS_SUCCESS
    the monitored fence reached 964 after 0 ms
D3DKMTLock2 [gpu-readback]         0x00000000  STATUS_SUCCESS
    locked at CPU VA 000001E85E2B0000
D3DKMTUnlock2 [gpu-readback]       0x00000000  STATUS_SUCCESS
D3DKMTLock2 [gpu-readback]         0x00000000  STATUS_SUCCESS
    locked at CPU VA 000001E85E2B0000
D3DKMTUnlock2 [gpu-readback]       0x00000000  STATUS_SUCCESS
D3DKMTLock2 [gpu-ib]               0x00000000  STATUS_SUCCESS
    locked at CPU VA 000001E85E2A0000
D3DKMTUnlock2 [gpu-ib]             0x00000000  STATUS_SUCCESS
Submit GPU readback                0x00000000  STATUS_SUCCESS
    asking the context to signal the monitored fence to 965
D3DKMTSignalSynchronizationObjectFromGpu 0x00000000  STATUS_SUCCESS
D3DKMTWaitForSynchronizationObjectFromCpu 0x00000000  STATUS_SUCCESS
    the monitored fence reached 965 after 0 ms
D3DKMTLock2 [gpu-readback]         0x00000000  STATUS_SUCCESS
    locked at CPU VA 000001E85E2B0000
D3DKMTUnlock2 [gpu-readback]       0x00000000  STATUS_SUCCESS
D3DKMTLock2 [gpu-readback]         0x00000000  STATUS_SUCCESS
    locked at CPU VA 000001E85E2B0000
D3DKMTUnlock2 [gpu-readback]       0x00000000  STATUS_SUCCESS
D3DKMTLock2 [gpu-ib]               0x00000000  STATUS_SUCCESS
    locked at CPU VA 000001E85E2A0000
D3DKMTUnlock2 [gpu-ib]             0x00000000  STATUS_SUCCESS
Submit GPU readback                0x00000000  STATUS_SUCCESS
    asking the context to signal the monitored fence to 966
D3DKMTSignalSynchronizationObjectFromGpu 0x00000000  STATUS_SUCCESS
D3DKMTWaitForSynchronizationObjectFromCpu 0x00000000  STATUS_SUCCESS
    the monitored fence reached 966 after 0 ms
D3DKMTLock2 [gpu-readback]         0x00000000  STATUS_SUCCESS
    locked at CPU VA 000001E85E2B0000
D3DKMTUnlock2 [gpu-readback]       0x00000000  STATUS_SUCCESS
D3DKMTLock2 [gpu-readback]         0x00000000  STATUS_SUCCESS
    locked at CPU VA 000001E85E2B0000
D3DKMTUnlock2 [gpu-readback]       0x00000000  STATUS_SUCCESS
D3DKMTLock2 [gpu-ib]               0x00000000  STATUS_SUCCESS
    locked at CPU VA 000001E85E2A0000
D3DKMTUnlock2 [gpu-ib]             0x00000000  STATUS_SUCCESS
Submit GPU readback                0x00000000  STATUS_SUCCESS
    asking the context to signal the monitored fence to 967
D3DKMTSignalSynchronizationObjectFromGpu 0x00000000  STATUS_SUCCESS
D3DKMTWaitForSynchronizationObjectFromCpu 0x00000000  STATUS_SUCCESS
    the monitored fence reached 967 after 0 ms
D3DKMTLock2 [gpu-readback]         0x00000000  STATUS_SUCCESS
    locked at CPU VA 000001E85E2B0000
D3DKMTUnlock2 [gpu-readback]       0x00000000  STATUS_SUCCESS
D3DKMTLock2 [gpu-readback]         0x00000000  STATUS_SUCCESS
    locked at CPU VA 000001E85E2B0000
D3DKMTUnlock2 [gpu-readback]       0x00000000  STATUS_SUCCESS
D3DKMTLock2 [gpu-ib]               0x00000000  STATUS_SUCCESS
    locked at CPU VA 000001E85E2A0000
D3DKMTUnlock2 [gpu-ib]             0x00000000  STATUS_SUCCESS
Submit GPU readback                0x00000000  STATUS_SUCCESS
    asking the context to signal the monitored fence to 968
D3DKMTSignalSynchronizationObjectFromGpu 0x00000000  STATUS_SUCCESS
D3DKMTWaitForSynchronizationObjectFromCpu 0x00000000  STATUS_SUCCESS
    the monitored fence reached 968 after 0 ms
D3DKMTLock2 [gpu-readback]         0x00000000  STATUS_SUCCESS
    locked at CPU VA 000001E85E2B0000
D3DKMTUnlock2 [gpu-readback]       0x00000000  STATUS_SUCCESS
D3DKMTLock2 [gpu-readback]         0x00000000  STATUS_SUCCESS
    locked at CPU VA 000001E85E2B0000
D3DKMTUnlock2 [gpu-readback]       0x00000000  STATUS_SUCCESS
D3DKMTLock2 [gpu-ib]               0x00000000  STATUS_SUCCESS
    locked at CPU VA 000001E85E2A0000
D3DKMTUnlock2 [gpu-ib]             0x00000000  STATUS_SUCCESS
Submit GPU readback                0x00000000  STATUS_SUCCESS
    asking the context to signal the monitored fence to 969
D3DKMTSignalSynchronizationObjectFromGpu 0x00000000  STATUS_SUCCESS
D3DKMTWaitForSynchronizationObjectFromCpu 0x00000000  STATUS_SUCCESS
    the monitored fence reached 969 after 0 ms
D3DKMTLock2 [gpu-readback]         0x00000000  STATUS_SUCCESS
    locked at CPU VA 000001E85E2B0000
D3DKMTUnlock2 [gpu-readback]       0x00000000  STATUS_SUCCESS
D3DKMTLock2 [gpu-readback]         0x00000000  STATUS_SUCCESS
    locked at CPU VA 000001E85E2B0000
D3DKMTUnlock2 [gpu-readback]       0x00000000  STATUS_SUCCESS
D3DKMTLock2 [gpu-ib]               0x00000000  STATUS_SUCCESS
    locked at CPU VA 000001E85E2A0000
D3DKMTUnlock2 [gpu-ib]             0x00000000  STATUS_SUCCESS
Submit GPU readback                0x00000000  STATUS_SUCCESS
    asking the context to signal the monitored fence to 970
D3DKMTSignalSynchronizationObjectFromGpu 0x00000000  STATUS_SUCCESS
D3DKMTWaitForSynchronizationObjectFromCpu 0x00000000  STATUS_SUCCESS
    the monitored fence reached 970 after 0 ms
D3DKMTLock2 [gpu-readback]         0x00000000  STATUS_SUCCESS
    locked at CPU VA 000001E85E2B0000
D3DKMTUnlock2 [gpu-readback]       0x00000000  STATUS_SUCCESS
D3DKMTLock2 [gpu-readback]         0x00000000  STATUS_SUCCESS
    locked at CPU VA 000001E85E2B0000
D3DKMTUnlock2 [gpu-readback]       0x00000000  STATUS_SUCCESS
D3DKMTLock2 [gpu-ib]               0x00000000  STATUS_SUCCESS
    locked at CPU VA 000001E85E2A0000
D3DKMTUnlock2 [gpu-ib]             0x00000000  STATUS_SUCCESS
Submit GPU readback                0x00000000  STATUS_SUCCESS
    asking the context to signal the monitored fence to 971
D3DKMTSignalSynchronizationObjectFromGpu 0x00000000  STATUS_SUCCESS
D3DKMTWaitForSynchronizationObjectFromCpu 0x00000000  STATUS_SUCCESS
    the monitored fence reached 971 after 0 ms
D3DKMTLock2 [gpu-readback]         0x00000000  STATUS_SUCCESS
    locked at CPU VA 000001E85E2B0000
D3DKMTUnlock2 [gpu-readback]       0x00000000  STATUS_SUCCESS
D3DKMTLock2 [gpu-readback]         0x00000000  STATUS_SUCCESS
    locked at CPU VA 000001E85E2B0000
D3DKMTUnlock2 [gpu-readback]       0x00000000  STATUS_SUCCESS
D3DKMTLock2 [gpu-ib]               0x00000000  STATUS_SUCCESS
    locked at CPU VA 000001E85E2A0000
D3DKMTUnlock2 [gpu-ib]             0x00000000  STATUS_SUCCESS
Submit GPU readback                0x00000000  STATUS_SUCCESS
    asking the context to signal the monitored fence to 972
D3DKMTSignalSynchronizationObjectFromGpu 0x00000000  STATUS_SUCCESS
D3DKMTWaitForSynchronizationObjectFromCpu 0x00000000  STATUS_SUCCESS
    the monitored fence reached 972 after 0 ms
D3DKMTLock2 [gpu-readback]         0x00000000  STATUS_SUCCESS
    locked at CPU VA 000001E85E2B0000
D3DKMTUnlock2 [gpu-readback]       0x00000000  STATUS_SUCCESS
D3DKMTLock2 [gpu-readback]         0x00000000  STATUS_SUCCESS
    locked at CPU VA 000001E85E2B0000
D3DKMTUnlock2 [gpu-readback]       0x00000000  STATUS_SUCCESS
D3DKMTLock2 [gpu-ib]               0x00000000  STATUS_SUCCESS
    locked at CPU VA 000001E85E2A0000
D3DKMTUnlock2 [gpu-ib]             0x00000000  STATUS_SUCCESS
Submit GPU readback                0x00000000  STATUS_SUCCESS
    asking the context to signal the monitored fence to 973
D3DKMTSignalSynchronizationObjectFromGpu 0x00000000  STATUS_SUCCESS
D3DKMTWaitForSynchronizationObjectFromCpu 0x00000000  STATUS_SUCCESS
    the monitored fence reached 973 after 0 ms
D3DKMTLock2 [gpu-readback]         0x00000000  STATUS_SUCCESS
    locked at CPU VA 000001E85E2B0000
D3DKMTUnlock2 [gpu-readback]       0x00000000  STATUS_SUCCESS
D3DKMTLock2 [gpu-readback]         0x00000000  STATUS_SUCCESS
    locked at CPU VA 000001E85E2B0000
D3DKMTUnlock2 [gpu-readback]       0x00000000  STATUS_SUCCESS
D3DKMTLock2 [gpu-ib]               0x00000000  STATUS_SUCCESS
    locked at CPU VA 000001E85E2A0000
D3DKMTUnlock2 [gpu-ib]             0x00000000  STATUS_SUCCESS
Submit GPU readback                0x00000000  STATUS_SUCCESS
    asking the context to signal the monitored fence to 974
D3DKMTSignalSynchronizationObjectFromGpu 0x00000000  STATUS_SUCCESS
D3DKMTWaitForSynchronizationObjectFromCpu 0x00000000  STATUS_SUCCESS
    the monitored fence reached 974 after 0 ms
D3DKMTLock2 [gpu-readback]         0x00000000  STATUS_SUCCESS
    locked at CPU VA 000001E85E2B0000
D3DKMTUnlock2 [gpu-readback]       0x00000000  STATUS_SUCCESS
D3DKMTLock2 [gpu-readback]         0x00000000  STATUS_SUCCESS
    locked at CPU VA 000001E85E2B0000
D3DKMTUnlock2 [gpu-readback]       0x00000000  STATUS_SUCCESS
D3DKMTLock2 [gpu-ib]               0x00000000  STATUS_SUCCESS
    locked at CPU VA 000001E85E2A0000
D3DKMTUnlock2 [gpu-ib]             0x00000000  STATUS_SUCCESS
Submit GPU readback                0x00000000  STATUS_SUCCESS
    asking the context to signal the monitored fence to 975
D3DKMTSignalSynchronizationObjectFromGpu 0x00000000  STATUS_SUCCESS
D3DKMTWaitForSynchronizationObjectFromCpu 0x00000000  STATUS_SUCCESS
    the monitored fence reached 975 after 0 ms
D3DKMTLock2 [gpu-readback]         0x00000000  STATUS_SUCCESS
    locked at CPU VA 000001E85E2B0000
D3DKMTUnlock2 [gpu-readback]       0x00000000  STATUS_SUCCESS
D3DKMTLock2 [gpu-readback]         0x00000000  STATUS_SUCCESS
    locked at CPU VA 000001E85E2B0000
D3DKMTUnlock2 [gpu-readback]       0x00000000  STATUS_SUCCESS
D3DKMTLock2 [gpu-ib]               0x00000000  STATUS_SUCCESS
    locked at CPU VA 000001E85E2A0000
D3DKMTUnlock2 [gpu-ib]             0x00000000  STATUS_SUCCESS
Submit GPU readback                0x00000000  STATUS_SUCCESS
    asking the context to signal the monitored fence to 976
D3DKMTSignalSynchronizationObjectFromGpu 0x00000000  STATUS_SUCCESS
D3DKMTWaitForSynchronizationObjectFromCpu 0x00000000  STATUS_SUCCESS
    the monitored fence reached 976 after 0 ms
D3DKMTLock2 [gpu-readback]         0x00000000  STATUS_SUCCESS
    locked at CPU VA 000001E85E2B0000
D3DKMTUnlock2 [gpu-readback]       0x00000000  STATUS_SUCCESS
D3DKMTLock2 [gpu-readback]         0x00000000  STATUS_SUCCESS
    locked at CPU VA 000001E85E2B0000
D3DKMTUnlock2 [gpu-readback]       0x00000000  STATUS_SUCCESS
D3DKMTLock2 [gpu-ib]               0x00000000  STATUS_SUCCESS
    locked at CPU VA 000001E85E2A0000
D3DKMTUnlock2 [gpu-ib]             0x00000000  STATUS_SUCCESS
Submit GPU readback                0x00000000  STATUS_SUCCESS
    asking the context to signal the monitored fence to 977
D3DKMTSignalSynchronizationObjectFromGpu 0x00000000  STATUS_SUCCESS
D3DKMTWaitForSynchronizationObjectFromCpu 0x00000000  STATUS_SUCCESS
    the monitored fence reached 977 after 0 ms
D3DKMTLock2 [gpu-readback]         0x00000000  STATUS_SUCCESS
    locked at CPU VA 000001E85E2B0000
D3DKMTUnlock2 [gpu-readback]       0x00000000  STATUS_SUCCESS
D3DKMTLock2 [gpu-readback]         0x00000000  STATUS_SUCCESS
    locked at CPU VA 000001E85E2B0000
D3DKMTUnlock2 [gpu-readback]       0x00000000  STATUS_SUCCESS
D3DKMTLock2 [gpu-ib]               0x00000000  STATUS_SUCCESS
    locked at CPU VA 000001E85E2A0000
D3DKMTUnlock2 [gpu-ib]             0x00000000  STATUS_SUCCESS
Submit GPU readback                0x00000000  STATUS_SUCCESS
    asking the context to signal the monitored fence to 978
D3DKMTSignalSynchronizationObjectFromGpu 0x00000000  STATUS_SUCCESS
D3DKMTWaitForSynchronizationObjectFromCpu 0x00000000  STATUS_SUCCESS
    the monitored fence reached 978 after 0 ms
D3DKMTLock2 [gpu-readback]         0x00000000  STATUS_SUCCESS
    locked at CPU VA 000001E85E2B0000
D3DKMTUnlock2 [gpu-readback]       0x00000000  STATUS_SUCCESS
D3DKMTLock2 [gpu-readback]         0x00000000  STATUS_SUCCESS
    locked at CPU VA 000001E85E2B0000
D3DKMTUnlock2 [gpu-readback]       0x00000000  STATUS_SUCCESS
D3DKMTLock2 [gpu-ib]               0x00000000  STATUS_SUCCESS
    locked at CPU VA 000001E85E2A0000
D3DKMTUnlock2 [gpu-ib]             0x00000000  STATUS_SUCCESS
Submit GPU readback                0x00000000  STATUS_SUCCESS
    asking the context to signal the monitored fence to 979
D3DKMTSignalSynchronizationObjectFromGpu 0x00000000  STATUS_SUCCESS
D3DKMTWaitForSynchronizationObjectFromCpu 0x00000000  STATUS_SUCCESS
    the monitored fence reached 979 after 0 ms
D3DKMTLock2 [gpu-readback]         0x00000000  STATUS_SUCCESS
    locked at CPU VA 000001E85E2B0000
D3DKMTUnlock2 [gpu-readback]       0x00000000  STATUS_SUCCESS
D3DKMTLock2 [gpu-readback]         0x00000000  STATUS_SUCCESS
    locked at CPU VA 000001E85E2B0000
D3DKMTUnlock2 [gpu-readback]       0x00000000  STATUS_SUCCESS
D3DKMTLock2 [gpu-ib]               0x00000000  STATUS_SUCCESS
    locked at CPU VA 000001E85E2A0000
D3DKMTUnlock2 [gpu-ib]             0x00000000  STATUS_SUCCESS
Submit GPU readback                0x00000000  STATUS_SUCCESS
    asking the context to signal the monitored fence to 980
D3DKMTSignalSynchronizationObjectFromGpu 0x00000000  STATUS_SUCCESS
D3DKMTWaitForSynchronizationObjectFromCpu 0x00000000  STATUS_SUCCESS
    the monitored fence reached 980 after 0 ms
D3DKMTLock2 [gpu-readback]         0x00000000  STATUS_SUCCESS
    locked at CPU VA 000001E85E2B0000
D3DKMTUnlock2 [gpu-readback]       0x00000000  STATUS_SUCCESS
D3DKMTLock2 [gpu-readback]         0x00000000  STATUS_SUCCESS
    locked at CPU VA 000001E85E2B0000
D3DKMTUnlock2 [gpu-readback]       0x00000000  STATUS_SUCCESS
D3DKMTLock2 [gpu-ib]               0x00000000  STATUS_SUCCESS
    locked at CPU VA 000001E85E2A0000
D3DKMTUnlock2 [gpu-ib]             0x00000000  STATUS_SUCCESS
Submit GPU readback                0x00000000  STATUS_SUCCESS
    asking the context to signal the monitored fence to 981
D3DKMTSignalSynchronizationObjectFromGpu 0x00000000  STATUS_SUCCESS
D3DKMTWaitForSynchronizationObjectFromCpu 0x00000000  STATUS_SUCCESS
    the monitored fence reached 981 after 0 ms
D3DKMTLock2 [gpu-readback]         0x00000000  STATUS_SUCCESS
    locked at CPU VA 000001E85E2B0000
D3DKMTUnlock2 [gpu-readback]       0x00000000  STATUS_SUCCESS
D3DKMTLock2 [gpu-readback]         0x00000000  STATUS_SUCCESS
    locked at CPU VA 000001E85E2B0000
D3DKMTUnlock2 [gpu-readback]       0x00000000  STATUS_SUCCESS
D3DKMTLock2 [gpu-ib]               0x00000000  STATUS_SUCCESS
    locked at CPU VA 000001E85E2A0000
D3DKMTUnlock2 [gpu-ib]             0x00000000  STATUS_SUCCESS
Submit GPU readback                0x00000000  STATUS_SUCCESS
    asking the context to signal the monitored fence to 982
D3DKMTSignalSynchronizationObjectFromGpu 0x00000000  STATUS_SUCCESS
D3DKMTWaitForSynchronizationObjectFromCpu 0x00000000  STATUS_SUCCESS
    the monitored fence reached 982 after 0 ms
D3DKMTLock2 [gpu-readback]         0x00000000  STATUS_SUCCESS
    locked at CPU VA 000001E85E2B0000
D3DKMTUnlock2 [gpu-readback]       0x00000000  STATUS_SUCCESS
D3DKMTLock2 [gpu-readback]         0x00000000  STATUS_SUCCESS
    locked at CPU VA 000001E85E2B0000
D3DKMTUnlock2 [gpu-readback]       0x00000000  STATUS_SUCCESS
D3DKMTLock2 [gpu-ib]               0x00000000  STATUS_SUCCESS
    locked at CPU VA 000001E85E2A0000
D3DKMTUnlock2 [gpu-ib]             0x00000000  STATUS_SUCCESS
Submit GPU readback                0x00000000  STATUS_SUCCESS
    asking the context to signal the monitored fence to 983
D3DKMTSignalSynchronizationObjectFromGpu 0x00000000  STATUS_SUCCESS
D3DKMTWaitForSynchronizationObjectFromCpu 0x00000000  STATUS_SUCCESS
    the monitored fence reached 983 after 0 ms
D3DKMTLock2 [gpu-readback]         0x00000000  STATUS_SUCCESS
    locked at CPU VA 000001E85E2B0000
D3DKMTUnlock2 [gpu-readback]       0x00000000  STATUS_SUCCESS
D3DKMTLock2 [gpu-readback]         0x00000000  STATUS_SUCCESS
    locked at CPU VA 000001E85E2B0000
D3DKMTUnlock2 [gpu-readback]       0x00000000  STATUS_SUCCESS
D3DKMTLock2 [gpu-ib]               0x00000000  STATUS_SUCCESS
    locked at CPU VA 000001E85E2A0000
D3DKMTUnlock2 [gpu-ib]             0x00000000  STATUS_SUCCESS
Submit GPU readback                0x00000000  STATUS_SUCCESS
    asking the context to signal the monitored fence to 984
D3DKMTSignalSynchronizationObjectFromGpu 0x00000000  STATUS_SUCCESS
D3DKMTWaitForSynchronizationObjectFromCpu 0x00000000  STATUS_SUCCESS
    the monitored fence reached 984 after 0 ms
D3DKMTLock2 [gpu-readback]         0x00000000  STATUS_SUCCESS
    locked at CPU VA 000001E85E2B0000
D3DKMTUnlock2 [gpu-readback]       0x00000000  STATUS_SUCCESS
D3DKMTLock2 [gpu-readback]         0x00000000  STATUS_SUCCESS
    locked at CPU VA 000001E85E2B0000
D3DKMTUnlock2 [gpu-readback]       0x00000000  STATUS_SUCCESS
D3DKMTLock2 [gpu-ib]               0x00000000  STATUS_SUCCESS
    locked at CPU VA 000001E85E2A0000
D3DKMTUnlock2 [gpu-ib]             0x00000000  STATUS_SUCCESS
Submit GPU readback                0x00000000  STATUS_SUCCESS
    asking the context to signal the monitored fence to 985
D3DKMTSignalSynchronizationObjectFromGpu 0x00000000  STATUS_SUCCESS
D3DKMTWaitForSynchronizationObjectFromCpu 0x00000000  STATUS_SUCCESS
    the monitored fence reached 985 after 0 ms
D3DKMTLock2 [gpu-readback]         0x00000000  STATUS_SUCCESS
    locked at CPU VA 000001E85E2B0000
D3DKMTUnlock2 [gpu-readback]       0x00000000  STATUS_SUCCESS
D3DKMTLock2 [gpu-readback]         0x00000000  STATUS_SUCCESS
    locked at CPU VA 000001E85E2B0000
D3DKMTUnlock2 [gpu-readback]       0x00000000  STATUS_SUCCESS
D3DKMTLock2 [gpu-ib]               0x00000000  STATUS_SUCCESS
    locked at CPU VA 000001E85E2A0000
D3DKMTUnlock2 [gpu-ib]             0x00000000  STATUS_SUCCESS
Submit GPU readback                0x00000000  STATUS_SUCCESS
    asking the context to signal the monitored fence to 986
D3DKMTSignalSynchronizationObjectFromGpu 0x00000000  STATUS_SUCCESS
D3DKMTWaitForSynchronizationObjectFromCpu 0x00000000  STATUS_SUCCESS
    the monitored fence reached 986 after 0 ms
D3DKMTLock2 [gpu-readback]         0x00000000  STATUS_SUCCESS
    locked at CPU VA 000001E85E2B0000
D3DKMTUnlock2 [gpu-readback]       0x00000000  STATUS_SUCCESS
D3DKMTLock2 [gpu-readback]         0x00000000  STATUS_SUCCESS
    locked at CPU VA 000001E85E2B0000
D3DKMTUnlock2 [gpu-readback]       0x00000000  STATUS_SUCCESS
D3DKMTLock2 [gpu-ib]               0x00000000  STATUS_SUCCESS
    locked at CPU VA 000001E85E2A0000
D3DKMTUnlock2 [gpu-ib]             0x00000000  STATUS_SUCCESS
Submit GPU readback                0x00000000  STATUS_SUCCESS
    asking the context to signal the monitored fence to 987
D3DKMTSignalSynchronizationObjectFromGpu 0x00000000  STATUS_SUCCESS
D3DKMTWaitForSynchronizationObjectFromCpu 0x00000000  STATUS_SUCCESS
    the monitored fence reached 987 after 0 ms
D3DKMTLock2 [gpu-readback]         0x00000000  STATUS_SUCCESS
    locked at CPU VA 000001E85E2B0000
D3DKMTUnlock2 [gpu-readback]       0x00000000  STATUS_SUCCESS
D3DKMTLock2 [gpu-readback]         0x00000000  STATUS_SUCCESS
    locked at CPU VA 000001E85E2B0000
D3DKMTUnlock2 [gpu-readback]       0x00000000  STATUS_SUCCESS
D3DKMTLock2 [gpu-ib]               0x00000000  STATUS_SUCCESS
    locked at CPU VA 000001E85E2A0000
D3DKMTUnlock2 [gpu-ib]             0x00000000  STATUS_SUCCESS
Submit GPU readback                0x00000000  STATUS_SUCCESS
    asking the context to signal the monitored fence to 988
D3DKMTSignalSynchronizationObjectFromGpu 0x00000000  STATUS_SUCCESS
D3DKMTWaitForSynchronizationObjectFromCpu 0x00000000  STATUS_SUCCESS
    the monitored fence reached 988 after 0 ms
D3DKMTLock2 [gpu-readback]         0x00000000  STATUS_SUCCESS
    locked at CPU VA 000001E85E2B0000
D3DKMTUnlock2 [gpu-readback]       0x00000000  STATUS_SUCCESS
D3DKMTLock2 [gpu-readback]         0x00000000  STATUS_SUCCESS
    locked at CPU VA 000001E85E2B0000
D3DKMTUnlock2 [gpu-readback]       0x00000000  STATUS_SUCCESS
D3DKMTLock2 [gpu-ib]               0x00000000  STATUS_SUCCESS
    locked at CPU VA 000001E85E2A0000
D3DKMTUnlock2 [gpu-ib]             0x00000000  STATUS_SUCCESS
Submit GPU readback                0x00000000  STATUS_SUCCESS
    asking the context to signal the monitored fence to 989
D3DKMTSignalSynchronizationObjectFromGpu 0x00000000  STATUS_SUCCESS
D3DKMTWaitForSynchronizationObjectFromCpu 0x00000000  STATUS_SUCCESS
    the monitored fence reached 989 after 0 ms
D3DKMTLock2 [gpu-readback]         0x00000000  STATUS_SUCCESS
    locked at CPU VA 000001E85E2B0000
D3DKMTUnlock2 [gpu-readback]       0x00000000  STATUS_SUCCESS
D3DKMTLock2 [gpu-readback]         0x00000000  STATUS_SUCCESS
    locked at CPU VA 000001E85E2B0000
D3DKMTUnlock2 [gpu-readback]       0x00000000  STATUS_SUCCESS
D3DKMTLock2 [gpu-ib]               0x00000000  STATUS_SUCCESS
    locked at CPU VA 000001E85E2A0000
D3DKMTUnlock2 [gpu-ib]             0x00000000  STATUS_SUCCESS
Submit GPU readback                0x00000000  STATUS_SUCCESS
    asking the context to signal the monitored fence to 990
D3DKMTSignalSynchronizationObjectFromGpu 0x00000000  STATUS_SUCCESS
D3DKMTWaitForSynchronizationObjectFromCpu 0x00000000  STATUS_SUCCESS
    the monitored fence reached 990 after 0 ms
D3DKMTLock2 [gpu-readback]         0x00000000  STATUS_SUCCESS
    locked at CPU VA 000001E85E2B0000
D3DKMTUnlock2 [gpu-readback]       0x00000000  STATUS_SUCCESS
D3DKMTLock2 [gpu-readback]         0x00000000  STATUS_SUCCESS
    locked at CPU VA 000001E85E2B0000
D3DKMTUnlock2 [gpu-readback]       0x00000000  STATUS_SUCCESS
D3DKMTLock2 [gpu-ib]               0x00000000  STATUS_SUCCESS
    locked at CPU VA 000001E85E2A0000
D3DKMTUnlock2 [gpu-ib]             0x00000000  STATUS_SUCCESS
Submit GPU readback                0x00000000  STATUS_SUCCESS
    asking the context to signal the monitored fence to 991
D3DKMTSignalSynchronizationObjectFromGpu 0x00000000  STATUS_SUCCESS
D3DKMTWaitForSynchronizationObjectFromCpu 0x00000000  STATUS_SUCCESS
    the monitored fence reached 991 after 0 ms
D3DKMTLock2 [gpu-readback]         0x00000000  STATUS_SUCCESS
    locked at CPU VA 000001E85E2B0000
D3DKMTUnlock2 [gpu-readback]       0x00000000  STATUS_SUCCESS
D3DKMTLock2 [gpu-readback]         0x00000000  STATUS_SUCCESS
    locked at CPU VA 000001E85E2B0000
D3DKMTUnlock2 [gpu-readback]       0x00000000  STATUS_SUCCESS
D3DKMTLock2 [gpu-ib]               0x00000000  STATUS_SUCCESS
    locked at CPU VA 000001E85E2A0000
D3DKMTUnlock2 [gpu-ib]             0x00000000  STATUS_SUCCESS
Submit GPU readback                0x00000000  STATUS_SUCCESS
    asking the context to signal the monitored fence to 992
D3DKMTSignalSynchronizationObjectFromGpu 0x00000000  STATUS_SUCCESS
D3DKMTWaitForSynchronizationObjectFromCpu 0x00000000  STATUS_SUCCESS
    the monitored fence reached 992 after 0 ms
D3DKMTLock2 [gpu-readback]         0x00000000  STATUS_SUCCESS
    locked at CPU VA 000001E85E2B0000
D3DKMTUnlock2 [gpu-readback]       0x00000000  STATUS_SUCCESS
D3DKMTLock2 [gpu-readback]         0x00000000  STATUS_SUCCESS
    locked at CPU VA 000001E85E2B0000
D3DKMTUnlock2 [gpu-readback]       0x00000000  STATUS_SUCCESS
D3DKMTLock2 [gpu-ib]               0x00000000  STATUS_SUCCESS
    locked at CPU VA 000001E85E2A0000
D3DKMTUnlock2 [gpu-ib]             0x00000000  STATUS_SUCCESS
Submit GPU readback                0x00000000  STATUS_SUCCESS
    asking the context to signal the monitored fence to 993
D3DKMTSignalSynchronizationObjectFromGpu 0x00000000  STATUS_SUCCESS
D3DKMTWaitForSynchronizationObjectFromCpu 0x00000000  STATUS_SUCCESS
    the monitored fence reached 993 after 0 ms
D3DKMTLock2 [gpu-readback]         0x00000000  STATUS_SUCCESS
    locked at CPU VA 000001E85E2B0000
D3DKMTUnlock2 [gpu-readback]       0x00000000  STATUS_SUCCESS
D3DKMTLock2 [gpu-readback]         0x00000000  STATUS_SUCCESS
    locked at CPU VA 000001E85E2B0000
D3DKMTUnlock2 [gpu-readback]       0x00000000  STATUS_SUCCESS
D3DKMTLock2 [gpu-ib]               0x00000000  STATUS_SUCCESS
    locked at CPU VA 000001E85E2A0000
D3DKMTUnlock2 [gpu-ib]             0x00000000  STATUS_SUCCESS
Submit GPU readback                0x00000000  STATUS_SUCCESS
    asking the context to signal the monitored fence to 994
D3DKMTSignalSynchronizationObjectFromGpu 0x00000000  STATUS_SUCCESS
D3DKMTWaitForSynchronizationObjectFromCpu 0x00000000  STATUS_SUCCESS
    the monitored fence reached 994 after 0 ms
D3DKMTLock2 [gpu-readback]         0x00000000  STATUS_SUCCESS
    locked at CPU VA 000001E85E2B0000
D3DKMTUnlock2 [gpu-readback]       0x00000000  STATUS_SUCCESS
D3DKMTLock2 [gpu-readback]         0x00000000  STATUS_SUCCESS
    locked at CPU VA 000001E85E2B0000
D3DKMTUnlock2 [gpu-readback]       0x00000000  STATUS_SUCCESS
D3DKMTLock2 [gpu-ib]               0x00000000  STATUS_SUCCESS
    locked at CPU VA 000001E85E2A0000
D3DKMTUnlock2 [gpu-ib]             0x00000000  STATUS_SUCCESS
Submit GPU readback                0x00000000  STATUS_SUCCESS
    asking the context to signal the monitored fence to 995
D3DKMTSignalSynchronizationObjectFromGpu 0x00000000  STATUS_SUCCESS
D3DKMTWaitForSynchronizationObjectFromCpu 0x00000000  STATUS_SUCCESS
    the monitored fence reached 995 after 0 ms
D3DKMTLock2 [gpu-readback]         0x00000000  STATUS_SUCCESS
    locked at CPU VA 000001E85E2B0000
D3DKMTUnlock2 [gpu-readback]       0x00000000  STATUS_SUCCESS
D3DKMTLock2 [gpu-readback]         0x00000000  STATUS_SUCCESS
    locked at CPU VA 000001E85E2B0000
D3DKMTUnlock2 [gpu-readback]       0x00000000  STATUS_SUCCESS
D3DKMTLock2 [gpu-ib]               0x00000000  STATUS_SUCCESS
    locked at CPU VA 000001E85E2A0000
D3DKMTUnlock2 [gpu-ib]             0x00000000  STATUS_SUCCESS
Submit GPU readback                0x00000000  STATUS_SUCCESS
    asking the context to signal the monitored fence to 996
D3DKMTSignalSynchronizationObjectFromGpu 0x00000000  STATUS_SUCCESS
D3DKMTWaitForSynchronizationObjectFromCpu 0x00000000  STATUS_SUCCESS
    the monitored fence reached 996 after 0 ms
D3DKMTLock2 [gpu-readback]         0x00000000  STATUS_SUCCESS
    locked at CPU VA 000001E85E2B0000
D3DKMTUnlock2 [gpu-readback]       0x00000000  STATUS_SUCCESS
D3DKMTLock2 [gpu-readback]         0x00000000  STATUS_SUCCESS
    locked at CPU VA 000001E85E2B0000
D3DKMTUnlock2 [gpu-readback]       0x00000000  STATUS_SUCCESS
D3DKMTLock2 [gpu-ib]               0x00000000  STATUS_SUCCESS
    locked at CPU VA 000001E85E2A0000
D3DKMTUnlock2 [gpu-ib]             0x00000000  STATUS_SUCCESS
Submit GPU readback                0x00000000  STATUS_SUCCESS
    asking the context to signal the monitored fence to 997
D3DKMTSignalSynchronizationObjectFromGpu 0x00000000  STATUS_SUCCESS
D3DKMTWaitForSynchronizationObjectFromCpu 0x00000000  STATUS_SUCCESS
    the monitored fence reached 997 after 0 ms
D3DKMTLock2 [gpu-readback]         0x00000000  STATUS_SUCCESS
    locked at CPU VA 000001E85E2B0000
D3DKMTUnlock2 [gpu-readback]       0x00000000  STATUS_SUCCESS
D3DKMTLock2 [gpu-readback]         0x00000000  STATUS_SUCCESS
    locked at CPU VA 000001E85E2B0000
D3DKMTUnlock2 [gpu-readback]       0x00000000  STATUS_SUCCESS
D3DKMTLock2 [gpu-ib]               0x00000000  STATUS_SUCCESS
    locked at CPU VA 000001E85E2A0000
D3DKMTUnlock2 [gpu-ib]             0x00000000  STATUS_SUCCESS
Submit GPU readback                0x00000000  STATUS_SUCCESS
    asking the context to signal the monitored fence to 998
D3DKMTSignalSynchronizationObjectFromGpu 0x00000000  STATUS_SUCCESS
D3DKMTWaitForSynchronizationObjectFromCpu 0x00000000  STATUS_SUCCESS
    the monitored fence reached 998 after 0 ms
D3DKMTLock2 [gpu-readback]         0x00000000  STATUS_SUCCESS
    locked at CPU VA 000001E85E2B0000
D3DKMTUnlock2 [gpu-readback]       0x00000000  STATUS_SUCCESS
D3DKMTLock2 [gpu-readback]         0x00000000  STATUS_SUCCESS
    locked at CPU VA 000001E85E2B0000
D3DKMTUnlock2 [gpu-readback]       0x00000000  STATUS_SUCCESS
D3DKMTLock2 [gpu-ib]               0x00000000  STATUS_SUCCESS
    locked at CPU VA 000001E85E2A0000
D3DKMTUnlock2 [gpu-ib]             0x00000000  STATUS_SUCCESS
Submit GPU readback                0x00000000  STATUS_SUCCESS
    asking the context to signal the monitored fence to 999
D3DKMTSignalSynchronizationObjectFromGpu 0x00000000  STATUS_SUCCESS
D3DKMTWaitForSynchronizationObjectFromCpu 0x00000000  STATUS_SUCCESS
    the monitored fence reached 999 after 0 ms
D3DKMTLock2 [gpu-readback]         0x00000000  STATUS_SUCCESS
    locked at CPU VA 000001E85E2B0000
D3DKMTUnlock2 [gpu-readback]       0x00000000  STATUS_SUCCESS
D3DKMTLock2 [gpu-readback]         0x00000000  STATUS_SUCCESS
    locked at CPU VA 000001E85E2B0000
D3DKMTUnlock2 [gpu-readback]       0x00000000  STATUS_SUCCESS
D3DKMTLock2 [gpu-ib]               0x00000000  STATUS_SUCCESS
    locked at CPU VA 000001E85E2A0000
D3DKMTUnlock2 [gpu-ib]             0x00000000  STATUS_SUCCESS
Submit GPU readback                0x00000000  STATUS_SUCCESS
    asking the context to signal the monitored fence to 1000
D3DKMTSignalSynchronizationObjectFromGpu 0x00000000  STATUS_SUCCESS
D3DKMTWaitForSynchronizationObjectFromCpu 0x00000000  STATUS_SUCCESS
    the monitored fence reached 1000 after 0 ms
D3DKMTLock2 [gpu-readback]         0x00000000  STATUS_SUCCESS
    locked at CPU VA 000001E85E2B0000
D3DKMTUnlock2 [gpu-readback]       0x00000000  STATUS_SUCCESS
D3DKMTLock2 [gpu-readback]         0x00000000  STATUS_SUCCESS
    locked at CPU VA 000001E85E2B0000
D3DKMTUnlock2 [gpu-readback]       0x00000000  STATUS_SUCCESS
D3DKMTLock2 [gpu-ib]               0x00000000  STATUS_SUCCESS
    locked at CPU VA 000001E85E2A0000
D3DKMTUnlock2 [gpu-ib]             0x00000000  STATUS_SUCCESS
Submit GPU readback                0x00000000  STATUS_SUCCESS
    asking the context to signal the monitored fence to 1001
D3DKMTSignalSynchronizationObjectFromGpu 0x00000000  STATUS_SUCCESS
D3DKMTWaitForSynchronizationObjectFromCpu 0x00000000  STATUS_SUCCESS
    the monitored fence reached 1001 after 0 ms
D3DKMTLock2 [gpu-readback]         0x00000000  STATUS_SUCCESS
    locked at CPU VA 000001E85E2B0000
D3DKMTUnlock2 [gpu-readback]       0x00000000  STATUS_SUCCESS
D3DKMTLock2 [gpu-readback]         0x00000000  STATUS_SUCCESS
    locked at CPU VA 000001E85E2B0000
D3DKMTUnlock2 [gpu-readback]       0x00000000  STATUS_SUCCESS
D3DKMTLock2 [gpu-ib]               0x00000000  STATUS_SUCCESS
    locked at CPU VA 000001E85E2A0000
D3DKMTUnlock2 [gpu-ib]             0x00000000  STATUS_SUCCESS
Submit GPU readback                0x00000000  STATUS_SUCCESS
    asking the context to signal the monitored fence to 1002
D3DKMTSignalSynchronizationObjectFromGpu 0x00000000  STATUS_SUCCESS
D3DKMTWaitForSynchronizationObjectFromCpu 0x00000000  STATUS_SUCCESS
    the monitored fence reached 1002 after 0 ms
D3DKMTLock2 [gpu-readback]         0x00000000  STATUS_SUCCESS
    locked at CPU VA 000001E85E2B0000
D3DKMTUnlock2 [gpu-readback]       0x00000000  STATUS_SUCCESS
D3DKMTLock2 [gpu-readback]         0x00000000  STATUS_SUCCESS
    locked at CPU VA 000001E85E2B0000
D3DKMTUnlock2 [gpu-readback]       0x00000000  STATUS_SUCCESS
D3DKMTLock2 [gpu-ib]               0x00000000  STATUS_SUCCESS
    locked at CPU VA 000001E85E2A0000
D3DKMTUnlock2 [gpu-ib]             0x00000000  STATUS_SUCCESS
Submit GPU readback                0x00000000  STATUS_SUCCESS
    asking the context to signal the monitored fence to 1003
D3DKMTSignalSynchronizationObjectFromGpu 0x00000000  STATUS_SUCCESS
D3DKMTWaitForSynchronizationObjectFromCpu 0x00000000  STATUS_SUCCESS
    the monitored fence reached 1003 after 0 ms
D3DKMTLock2 [gpu-readback]         0x00000000  STATUS_SUCCESS
    locked at CPU VA 000001E85E2B0000
D3DKMTUnlock2 [gpu-readback]       0x00000000  STATUS_SUCCESS
D3DKMTLock2 [gpu-readback]         0x00000000  STATUS_SUCCESS
    locked at CPU VA 000001E85E2B0000
D3DKMTUnlock2 [gpu-readback]       0x00000000  STATUS_SUCCESS
D3DKMTLock2 [gpu-ib]               0x00000000  STATUS_SUCCESS
    locked at CPU VA 000001E85E2A0000
D3DKMTUnlock2 [gpu-ib]             0x00000000  STATUS_SUCCESS
Submit GPU readback                0x00000000  STATUS_SUCCESS
    asking the context to signal the monitored fence to 1004
D3DKMTSignalSynchronizationObjectFromGpu 0x00000000  STATUS_SUCCESS
D3DKMTWaitForSynchronizationObjectFromCpu 0x00000000  STATUS_SUCCESS
    the monitored fence reached 1004 after 0 ms
D3DKMTLock2 [gpu-readback]         0x00000000  STATUS_SUCCESS
    locked at CPU VA 000001E85E2B0000
D3DKMTUnlock2 [gpu-readback]       0x00000000  STATUS_SUCCESS
D3DKMTLock2 [gpu-readback]         0x00000000  STATUS_SUCCESS
    locked at CPU VA 000001E85E2B0000
D3DKMTUnlock2 [gpu-readback]       0x00000000  STATUS_SUCCESS
D3DKMTLock2 [gpu-ib]               0x00000000  STATUS_SUCCESS
    locked at CPU VA 000001E85E2A0000
D3DKMTUnlock2 [gpu-ib]             0x00000000  STATUS_SUCCESS
Submit GPU readback                0x00000000  STATUS_SUCCESS
    asking the context to signal the monitored fence to 1005
D3DKMTSignalSynchronizationObjectFromGpu 0x00000000  STATUS_SUCCESS
D3DKMTWaitForSynchronizationObjectFromCpu 0x00000000  STATUS_SUCCESS
    the monitored fence reached 1005 after 0 ms
D3DKMTLock2 [gpu-readback]         0x00000000  STATUS_SUCCESS
    locked at CPU VA 000001E85E2B0000
D3DKMTUnlock2 [gpu-readback]       0x00000000  STATUS_SUCCESS
D3DKMTLock2 [gpu-readback]         0x00000000  STATUS_SUCCESS
    locked at CPU VA 000001E85E2B0000
D3DKMTUnlock2 [gpu-readback]       0x00000000  STATUS_SUCCESS
D3DKMTLock2 [gpu-ib]               0x00000000  STATUS_SUCCESS
    locked at CPU VA 000001E85E2A0000
D3DKMTUnlock2 [gpu-ib]             0x00000000  STATUS_SUCCESS
Submit GPU readback                0x00000000  STATUS_SUCCESS
    asking the context to signal the monitored fence to 1006
D3DKMTSignalSynchronizationObjectFromGpu 0x00000000  STATUS_SUCCESS
D3DKMTWaitForSynchronizationObjectFromCpu 0x00000000  STATUS_SUCCESS
    the monitored fence reached 1006 after 0 ms
D3DKMTLock2 [gpu-readback]         0x00000000  STATUS_SUCCESS
    locked at CPU VA 000001E85E2B0000
D3DKMTUnlock2 [gpu-readback]       0x00000000  STATUS_SUCCESS
D3DKMTLock2 [gpu-readback]         0x00000000  STATUS_SUCCESS
    locked at CPU VA 000001E85E2B0000
D3DKMTUnlock2 [gpu-readback]       0x00000000  STATUS_SUCCESS
D3DKMTLock2 [gpu-ib]               0x00000000  STATUS_SUCCESS
    locked at CPU VA 000001E85E2A0000
D3DKMTUnlock2 [gpu-ib]             0x00000000  STATUS_SUCCESS
Submit GPU readback                0x00000000  STATUS_SUCCESS
    asking the context to signal the monitored fence to 1007
D3DKMTSignalSynchronizationObjectFromGpu 0x00000000  STATUS_SUCCESS
D3DKMTWaitForSynchronizationObjectFromCpu 0x00000000  STATUS_SUCCESS
    the monitored fence reached 1007 after 0 ms
D3DKMTLock2 [gpu-readback]         0x00000000  STATUS_SUCCESS
    locked at CPU VA 000001E85E2B0000
D3DKMTUnlock2 [gpu-readback]       0x00000000  STATUS_SUCCESS
D3DKMTLock2 [gpu-readback]         0x00000000  STATUS_SUCCESS
    locked at CPU VA 000001E85E2B0000
D3DKMTUnlock2 [gpu-readback]       0x00000000  STATUS_SUCCESS
D3DKMTLock2 [gpu-ib]               0x00000000  STATUS_SUCCESS
    locked at CPU VA 000001E85E2A0000
D3DKMTUnlock2 [gpu-ib]             0x00000000  STATUS_SUCCESS
Submit GPU readback                0x00000000  STATUS_SUCCESS
    asking the context to signal the monitored fence to 1008
D3DKMTSignalSynchronizationObjectFromGpu 0x00000000  STATUS_SUCCESS
D3DKMTWaitForSynchronizationObjectFromCpu 0x00000000  STATUS_SUCCESS
    the monitored fence reached 1008 after 0 ms
D3DKMTLock2 [gpu-readback]         0x00000000  STATUS_SUCCESS
    locked at CPU VA 000001E85E2B0000
D3DKMTUnlock2 [gpu-readback]       0x00000000  STATUS_SUCCESS
D3DKMTLock2 [gpu-readback]         0x00000000  STATUS_SUCCESS
    locked at CPU VA 000001E85E2B0000
D3DKMTUnlock2 [gpu-readback]       0x00000000  STATUS_SUCCESS
D3DKMTLock2 [gpu-ib]               0x00000000  STATUS_SUCCESS
    locked at CPU VA 000001E85E2A0000
D3DKMTUnlock2 [gpu-ib]             0x00000000  STATUS_SUCCESS
Submit GPU readback                0x00000000  STATUS_SUCCESS
    asking the context to signal the monitored fence to 1009
D3DKMTSignalSynchronizationObjectFromGpu 0x00000000  STATUS_SUCCESS
D3DKMTWaitForSynchronizationObjectFromCpu 0x00000000  STATUS_SUCCESS
    the monitored fence reached 1009 after 0 ms
D3DKMTLock2 [gpu-readback]         0x00000000  STATUS_SUCCESS
    locked at CPU VA 000001E85E2B0000
D3DKMTUnlock2 [gpu-readback]       0x00000000  STATUS_SUCCESS
D3DKMTLock2 [gpu-readback]         0x00000000  STATUS_SUCCESS
    locked at CPU VA 000001E85E2B0000
D3DKMTUnlock2 [gpu-readback]       0x00000000  STATUS_SUCCESS
D3DKMTLock2 [gpu-ib]               0x00000000  STATUS_SUCCESS
    locked at CPU VA 000001E85E2A0000
D3DKMTUnlock2 [gpu-ib]             0x00000000  STATUS_SUCCESS
Submit GPU readback                0x00000000  STATUS_SUCCESS
    asking the context to signal the monitored fence to 1010
D3DKMTSignalSynchronizationObjectFromGpu 0x00000000  STATUS_SUCCESS
D3DKMTWaitForSynchronizationObjectFromCpu 0x00000000  STATUS_SUCCESS
    the monitored fence reached 1010 after 0 ms
D3DKMTLock2 [gpu-readback]         0x00000000  STATUS_SUCCESS
    locked at CPU VA 000001E85E2B0000
D3DKMTUnlock2 [gpu-readback]       0x00000000  STATUS_SUCCESS
D3DKMTLock2 [gpu-readback]         0x00000000  STATUS_SUCCESS
    locked at CPU VA 000001E85E2B0000
D3DKMTUnlock2 [gpu-readback]       0x00000000  STATUS_SUCCESS
D3DKMTLock2 [gpu-ib]               0x00000000  STATUS_SUCCESS
    locked at CPU VA 000001E85E2A0000
D3DKMTUnlock2 [gpu-ib]             0x00000000  STATUS_SUCCESS
Submit GPU readback                0x00000000  STATUS_SUCCESS
    asking the context to signal the monitored fence to 1011
D3DKMTSignalSynchronizationObjectFromGpu 0x00000000  STATUS_SUCCESS
D3DKMTWaitForSynchronizationObjectFromCpu 0x00000000  STATUS_SUCCESS
    the monitored fence reached 1011 after 0 ms
D3DKMTLock2 [gpu-readback]         0x00000000  STATUS_SUCCESS
    locked at CPU VA 000001E85E2B0000
D3DKMTUnlock2 [gpu-readback]       0x00000000  STATUS_SUCCESS
D3DKMTLock2 [gpu-readback]         0x00000000  STATUS_SUCCESS
    locked at CPU VA 000001E85E2B0000
D3DKMTUnlock2 [gpu-readback]       0x00000000  STATUS_SUCCESS
D3DKMTLock2 [gpu-ib]               0x00000000  STATUS_SUCCESS
    locked at CPU VA 000001E85E2A0000
D3DKMTUnlock2 [gpu-ib]             0x00000000  STATUS_SUCCESS
Submit GPU readback                0x00000000  STATUS_SUCCESS
    asking the context to signal the monitored fence to 1012
D3DKMTSignalSynchronizationObjectFromGpu 0x00000000  STATUS_SUCCESS
D3DKMTWaitForSynchronizationObjectFromCpu 0x00000000  STATUS_SUCCESS
    the monitored fence reached 1012 after 0 ms
D3DKMTLock2 [gpu-readback]         0x00000000  STATUS_SUCCESS
    locked at CPU VA 000001E85E2B0000
D3DKMTUnlock2 [gpu-readback]       0x00000000  STATUS_SUCCESS
D3DKMTLock2 [gpu-readback]         0x00000000  STATUS_SUCCESS
    locked at CPU VA 000001E85E2B0000
D3DKMTUnlock2 [gpu-readback]       0x00000000  STATUS_SUCCESS
D3DKMTLock2 [gpu-ib]               0x00000000  STATUS_SUCCESS
    locked at CPU VA 000001E85E2A0000
D3DKMTUnlock2 [gpu-ib]             0x00000000  STATUS_SUCCESS
Submit GPU readback                0x00000000  STATUS_SUCCESS
    asking the context to signal the monitored fence to 1013
D3DKMTSignalSynchronizationObjectFromGpu 0x00000000  STATUS_SUCCESS
D3DKMTWaitForSynchronizationObjectFromCpu 0x00000000  STATUS_SUCCESS
    the monitored fence reached 1013 after 0 ms
D3DKMTLock2 [gpu-readback]         0x00000000  STATUS_SUCCESS
    locked at CPU VA 000001E85E2B0000
D3DKMTUnlock2 [gpu-readback]       0x00000000  STATUS_SUCCESS
D3DKMTLock2 [gpu-readback]         0x00000000  STATUS_SUCCESS
    locked at CPU VA 000001E85E2B0000
D3DKMTUnlock2 [gpu-readback]       0x00000000  STATUS_SUCCESS
D3DKMTLock2 [gpu-ib]               0x00000000  STATUS_SUCCESS
    locked at CPU VA 000001E85E2A0000
D3DKMTUnlock2 [gpu-ib]             0x00000000  STATUS_SUCCESS
Submit GPU readback                0x00000000  STATUS_SUCCESS
    asking the context to signal the monitored fence to 1014
D3DKMTSignalSynchronizationObjectFromGpu 0x00000000  STATUS_SUCCESS
D3DKMTWaitForSynchronizationObjectFromCpu 0x00000000  STATUS_SUCCESS
    the monitored fence reached 1014 after 0 ms
D3DKMTLock2 [gpu-readback]         0x00000000  STATUS_SUCCESS
    locked at CPU VA 000001E85E2B0000
D3DKMTUnlock2 [gpu-readback]       0x00000000  STATUS_SUCCESS
D3DKMTLock2 [gpu-readback]         0x00000000  STATUS_SUCCESS
    locked at CPU VA 000001E85E2B0000
D3DKMTUnlock2 [gpu-readback]       0x00000000  STATUS_SUCCESS
D3DKMTLock2 [gpu-ib]               0x00000000  STATUS_SUCCESS
    locked at CPU VA 000001E85E2A0000
D3DKMTUnlock2 [gpu-ib]             0x00000000  STATUS_SUCCESS
Submit GPU readback                0x00000000  STATUS_SUCCESS
    asking the context to signal the monitored fence to 1015
D3DKMTSignalSynchronizationObjectFromGpu 0x00000000  STATUS_SUCCESS
D3DKMTWaitForSynchronizationObjectFromCpu 0x00000000  STATUS_SUCCESS
    the monitored fence reached 1015 after 0 ms
D3DKMTLock2 [gpu-readback]         0x00000000  STATUS_SUCCESS
    locked at CPU VA 000001E85E2B0000
D3DKMTUnlock2 [gpu-readback]       0x00000000  STATUS_SUCCESS
D3DKMTLock2 [gpu-readback]         0x00000000  STATUS_SUCCESS
    locked at CPU VA 000001E85E2B0000
D3DKMTUnlock2 [gpu-readback]       0x00000000  STATUS_SUCCESS
D3DKMTLock2 [gpu-ib]               0x00000000  STATUS_SUCCESS
    locked at CPU VA 000001E85E2A0000
D3DKMTUnlock2 [gpu-ib]             0x00000000  STATUS_SUCCESS
Submit GPU readback                0x00000000  STATUS_SUCCESS
    asking the context to signal the monitored fence to 1016
D3DKMTSignalSynchronizationObjectFromGpu 0x00000000  STATUS_SUCCESS
D3DKMTWaitForSynchronizationObjectFromCpu 0x00000000  STATUS_SUCCESS
    the monitored fence reached 1016 after 0 ms
D3DKMTLock2 [gpu-readback]         0x00000000  STATUS_SUCCESS
    locked at CPU VA 000001E85E2B0000
D3DKMTUnlock2 [gpu-readback]       0x00000000  STATUS_SUCCESS
D3DKMTLock2 [gpu-readback]         0x00000000  STATUS_SUCCESS
    locked at CPU VA 000001E85E2B0000
D3DKMTUnlock2 [gpu-readback]       0x00000000  STATUS_SUCCESS
D3DKMTLock2 [gpu-ib]               0x00000000  STATUS_SUCCESS
    locked at CPU VA 000001E85E2A0000
D3DKMTUnlock2 [gpu-ib]             0x00000000  STATUS_SUCCESS
Submit GPU readback                0x00000000  STATUS_SUCCESS
    asking the context to signal the monitored fence to 1017
D3DKMTSignalSynchronizationObjectFromGpu 0x00000000  STATUS_SUCCESS
D3DKMTWaitForSynchronizationObjectFromCpu 0x00000000  STATUS_SUCCESS
    the monitored fence reached 1017 after 0 ms
D3DKMTLock2 [gpu-readback]         0x00000000  STATUS_SUCCESS
    locked at CPU VA 000001E85E2B0000
D3DKMTUnlock2 [gpu-readback]       0x00000000  STATUS_SUCCESS
D3DKMTLock2 [gpu-readback]         0x00000000  STATUS_SUCCESS
    locked at CPU VA 000001E85E2B0000
D3DKMTUnlock2 [gpu-readback]       0x00000000  STATUS_SUCCESS
D3DKMTLock2 [gpu-ib]               0x00000000  STATUS_SUCCESS
    locked at CPU VA 000001E85E2A0000
D3DKMTUnlock2 [gpu-ib]             0x00000000  STATUS_SUCCESS
Submit GPU readback                0x00000000  STATUS_SUCCESS
    asking the context to signal the monitored fence to 1018
D3DKMTSignalSynchronizationObjectFromGpu 0x00000000  STATUS_SUCCESS
D3DKMTWaitForSynchronizationObjectFromCpu 0x00000000  STATUS_SUCCESS
    the monitored fence reached 1018 after 0 ms
D3DKMTLock2 [gpu-readback]         0x00000000  STATUS_SUCCESS
    locked at CPU VA 000001E85E2B0000
D3DKMTUnlock2 [gpu-readback]       0x00000000  STATUS_SUCCESS
D3DKMTLock2 [gpu-readback]         0x00000000  STATUS_SUCCESS
    locked at CPU VA 000001E85E2B0000
D3DKMTUnlock2 [gpu-readback]       0x00000000  STATUS_SUCCESS
D3DKMTLock2 [gpu-ib]               0x00000000  STATUS_SUCCESS
    locked at CPU VA 000001E85E2A0000
D3DKMTUnlock2 [gpu-ib]             0x00000000  STATUS_SUCCESS
Submit GPU readback                0x00000000  STATUS_SUCCESS
    asking the context to signal the monitored fence to 1019
D3DKMTSignalSynchronizationObjectFromGpu 0x00000000  STATUS_SUCCESS
D3DKMTWaitForSynchronizationObjectFromCpu 0x00000000  STATUS_SUCCESS
    the monitored fence reached 1019 after 0 ms
D3DKMTLock2 [gpu-readback]         0x00000000  STATUS_SUCCESS
    locked at CPU VA 000001E85E2B0000
D3DKMTUnlock2 [gpu-readback]       0x00000000  STATUS_SUCCESS
D3DKMTLock2 [gpu-readback]         0x00000000  STATUS_SUCCESS
    locked at CPU VA 000001E85E2B0000
D3DKMTUnlock2 [gpu-readback]       0x00000000  STATUS_SUCCESS
D3DKMTLock2 [gpu-ib]               0x00000000  STATUS_SUCCESS
    locked at CPU VA 000001E85E2A0000
D3DKMTUnlock2 [gpu-ib]             0x00000000  STATUS_SUCCESS
Submit GPU readback                0x00000000  STATUS_SUCCESS
    asking the context to signal the monitored fence to 1020
D3DKMTSignalSynchronizationObjectFromGpu 0x00000000  STATUS_SUCCESS
D3DKMTWaitForSynchronizationObjectFromCpu 0x00000000  STATUS_SUCCESS
    the monitored fence reached 1020 after 0 ms
D3DKMTLock2 [gpu-readback]         0x00000000  STATUS_SUCCESS
    locked at CPU VA 000001E85E2B0000
D3DKMTUnlock2 [gpu-readback]       0x00000000  STATUS_SUCCESS
D3DKMTLock2 [gpu-readback]         0x00000000  STATUS_SUCCESS
    locked at CPU VA 000001E85E2B0000
D3DKMTUnlock2 [gpu-readback]       0x00000000  STATUS_SUCCESS
D3DKMTLock2 [gpu-ib]               0x00000000  STATUS_SUCCESS
    locked at CPU VA 000001E85E2A0000
D3DKMTUnlock2 [gpu-ib]             0x00000000  STATUS_SUCCESS
Submit GPU readback                0x00000000  STATUS_SUCCESS
    asking the context to signal the monitored fence to 1021
D3DKMTSignalSynchronizationObjectFromGpu 0x00000000  STATUS_SUCCESS
D3DKMTWaitForSynchronizationObjectFromCpu 0x00000000  STATUS_SUCCESS
    the monitored fence reached 1021 after 0 ms
D3DKMTLock2 [gpu-readback]         0x00000000  STATUS_SUCCESS
    locked at CPU VA 000001E85E2B0000
D3DKMTUnlock2 [gpu-readback]       0x00000000  STATUS_SUCCESS
D3DKMTLock2 [gpu-readback]         0x00000000  STATUS_SUCCESS
    locked at CPU VA 000001E85E2B0000
D3DKMTUnlock2 [gpu-readback]       0x00000000  STATUS_SUCCESS
D3DKMTLock2 [gpu-ib]               0x00000000  STATUS_SUCCESS
    locked at CPU VA 000001E85E2A0000
D3DKMTUnlock2 [gpu-ib]             0x00000000  STATUS_SUCCESS
Submit GPU readback                0x00000000  STATUS_SUCCESS
    asking the context to signal the monitored fence to 1022
D3DKMTSignalSynchronizationObjectFromGpu 0x00000000  STATUS_SUCCESS
D3DKMTWaitForSynchronizationObjectFromCpu 0x00000000  STATUS_SUCCESS
    the monitored fence reached 1022 after 0 ms
D3DKMTLock2 [gpu-readback]         0x00000000  STATUS_SUCCESS
    locked at CPU VA 000001E85E2B0000
D3DKMTUnlock2 [gpu-readback]       0x00000000  STATUS_SUCCESS
D3DKMTLock2 [gpu-readback]         0x00000000  STATUS_SUCCESS
    locked at CPU VA 000001E85E2B0000
D3DKMTUnlock2 [gpu-readback]       0x00000000  STATUS_SUCCESS
D3DKMTLock2 [gpu-ib]               0x00000000  STATUS_SUCCESS
    locked at CPU VA 000001E85E2A0000
D3DKMTUnlock2 [gpu-ib]             0x00000000  STATUS_SUCCESS
Submit GPU readback                0x00000000  STATUS_SUCCESS
    asking the context to signal the monitored fence to 1023
D3DKMTSignalSynchronizationObjectFromGpu 0x00000000  STATUS_SUCCESS
D3DKMTWaitForSynchronizationObjectFromCpu 0x00000000  STATUS_SUCCESS
    the monitored fence reached 1023 after 0 ms
D3DKMTLock2 [gpu-readback]         0x00000000  STATUS_SUCCESS
    locked at CPU VA 000001E85E2B0000
D3DKMTUnlock2 [gpu-readback]       0x00000000  STATUS_SUCCESS
D3DKMTLock2 [gpu-readback]         0x00000000  STATUS_SUCCESS
    locked at CPU VA 000001E85E2B0000
D3DKMTUnlock2 [gpu-readback]       0x00000000  STATUS_SUCCESS
D3DKMTLock2 [gpu-ib]               0x00000000  STATUS_SUCCESS
    locked at CPU VA 000001E85E2A0000
D3DKMTUnlock2 [gpu-ib]             0x00000000  STATUS_SUCCESS
Submit GPU readback                0x00000000  STATUS_SUCCESS
    asking the context to signal the monitored fence to 1024
D3DKMTSignalSynchronizationObjectFromGpu 0x00000000  STATUS_SUCCESS
D3DKMTWaitForSynchronizationObjectFromCpu 0x00000000  STATUS_SUCCESS
    the monitored fence reached 1024 after 0 ms
D3DKMTLock2 [gpu-readback]         0x00000000  STATUS_SUCCESS
    locked at CPU VA 000001E85E2B0000
D3DKMTUnlock2 [gpu-readback]       0x00000000  STATUS_SUCCESS
GPU_READBACK bytes=1073741824 all_words_match=1 fence=1024
CYCLE 1 BEGIN
Evict                              0x00000000  STATUS_SUCCESS
CreateAllocation2 BC2A [pressure]  0x00000000  STATUS_SUCCESS
    mapping 262144 page(s) of 0x40000000 bytes at base 0x0000000000000000
D3DKMTMapGpuVirtualAddress [pressure] 0x00000103  STATUS_PENDING
    VirtualAddress 0x0000000040121000 (asked 0x0000000000000000, honoured), PagingFenceValue 7007
    paging fence for MapGpuVirtualAddress reached 7007 (waited for 7007)
D3DKMTMakeResident [pressure]      0x00000103  STATUS_PENDING
    NumAllocations back 1, PagingFenceValue 7008, NumBytesToTrim 0
    STATUS_PENDING: the fence below is the completion
    paging fence for MakeResident reached 7008 (waited for 7008)
D3DKMTLock2 [pressure]             0x00000000  STATUS_SUCCESS
    locked at CPU VA 000001E8602A0000
PATTERN pressure bytes=1073741824 write=1 mismatches=0 word_hash=CE7649ACD4222325
D3DKMTUnlock2 [pressure]           0x00000000  STATUS_SUCCESS
QueryAllocationResidency [preserved] 0x00000000  STATUS_SUCCESS
RESIDENCY after-pressure value=3
D3DKMTFreeGpuVirtualAddress [pressure] 0x00000000  STATUS_SUCCESS
D3DKMTDestroyAllocation2 [pressure] 0x00000000  STATUS_SUCCESS
D3DKMTMakeResident [preserved]     0x00000103  STATUS_PENDING
    NumAllocations back 1, PagingFenceValue 7009, NumBytesToTrim 0
    STATUS_PENDING: the fence below is the completion
    TIMEOUT waiting for the MakeResident paging fence: 7008, wanted 7009, after 5000 ms
D3DKMTFreeGpuVirtualAddress [gpu-readback] 0x00000000  STATUS_SUCCESS
D3DKMTDestroyAllocation2 [gpu-readback] 0x00000000  STATUS_SUCCESS
-- teardown
D3DKMTDestroySynchronizationObject 0x00000000  STATUS_SUCCESS
D3DKMTDestroyContext               0x00000000  STATUS_SUCCESS
D3DKMTFreeGpuVirtualAddress [gpu-ib] 0x00000000  STATUS_SUCCESS
D3DKMTDestroyAllocation2 [gpu-ib]  0x00000000  STATUS_SUCCESS
D3DKMTFreeGpuVirtualAddress [preserved] 0x00000000  STATUS_SUCCESS
D3DKMTDestroyAllocation2 [preserved] 0x00000000  STATUS_SUCCESS
D3DKMTDestroyPagingQueue           0x00000000  STATUS_SUCCESS
D3DKMTDestroyDevice                0x00000000  STATUS_SUCCESS
D3DKMTCloseAdapter                 0x00000000  STATUS_SUCCESS
GPU_RESIDENCY_RESULT FAIL; physical relocation requires paging trace
