firmware=cyan_skillfish2_me.bin bytes=263424 sha256=D4ED4D968DE0D7720F7C8215D42FDAE727BF99CDF43CEE6F8F864DC2584B17E2
firmware=cyan_skillfish2_mec2.bin bytes=268592 sha256=B1C1F843A8FAAA2DE537D6BA05052A3776B5A1B73F8A3C3F5ED9D568489776A4
firmware=cyan_skillfish2_sdma1.bin bytes=33792 sha256=BD1C0B0F6A6A4F17EDE034F2C844B6553FC444E08915C7BB500C09FDE59D6255
firmware=cyan_skillfish2_pfp.bin bytes=263424 sha256=50E56DC1913571FF589425D2B059BDDFC5E8A2B4BC22D3EB78CAC75D1E0479A1
firmware=cyan_skillfish2_ce.bin bytes=263296 sha256=5946EFBF7E46CCFE7E9F965DA56C35B1187469D1C1A49C8A9EFF433EB3AB4723
firmware=cyan_skillfish2_mec.bin bytes=268592 sha256=B1C1F843A8FAAA2DE537D6BA05052A3776B5A1B73F8A3C3F5ED9D568489776A4
firmware=cyan_skillfish2_sdma.bin bytes=33792 sha256=15D0D3626DA7F2513F03B13BB7E02EEEECCAB276276AE27D0B6067B5F25E9E95
firmware=cyan_skillfish2_rlc.bin bytes=25344 sha256=20ACEFDB6128A36275F4382425A109A7C9927F6053EAB685BB51164FF1D18CFB
driver_version=0.7.127.1
installed_sha256=476858800F28A5C103E43FECCC8595C6042BA2479EE18FCFCC3D9FD313953E90
boot_before=2026-09-24T11:44:14
smu GetGfxFrequency  msg=0x37 param=0 (0x0) ... response=0x01 value=1000 (0x000003E8)
smu GetGfxVid        msg=0x38 param=0 (0x0) ... response=0x01 value=116 (0x00000074)
clock verified: 1000 MHz, VID 116 (request 820 mV)
12:23:16 Tctl 68.0 C (raw 751B0FEF)

UnconfirmedStarts = 0


EnableMmio           : 1
EnableMmioWrite      : 0
EnableVram           : 1
EnableVramWrite      : 1
EnableGart           : 1
EnablePsp            : 1
EnableGfx            : 1
EnableIh             : 1
EnableFullWddm       : 1
EnableGpuVa          : 1
EnableGpuSubmit      : 1
EnablePresentBlit    : 1
EnableDcnWrite       : 0
EnablePagingNode     : 1
EnableVidPnFlip      : 0
EnableRlcReloadReset : 0
UnconfirmedStarts    : 0
KeepLog              : 1



disable_begin=2026-09-24T12:23:16
Microsoft PnP Utility

Disabling device:          PCI\VEN_1002&DEV_13FE&SUBSYS_00001022&REV_00\[instance-redacted]
Device disabled successfully.

enable_begin=2026-09-24T12:23:23
Microsoft PnP Utility

Enabling device:          PCI\VEN_1002&DEV_13FE&SUBSYS_00001022&REV_00\[instance-redacted]
Device enabled successfully.



Status  : OK
Problem : CM_PROB_NONE





EnableFullWddm    : 0
LastStage         : 50
StageHistory      : 10 20 30 31 32 33 34 35 39 50 
UnconfirmedStarts : 1



# adapter    BC-250 GPU (bc250kmd, display-only, lab build)
# hardware   PCI\VEN_1002&DEV_13FE&SUBSYS_00001022&REV_00
[interface identity redacted]
D3DKMTOpenAdapterFromDeviceName -> 0x00000000 STATUS_SUCCESS
# adapter    handle 0x40000000 luid 00000000-01CAAD1C
D3DKMTEscape(D3DKMT_ESCAPE_DRIVERPRIVATE, BC250_ESCAPE_GET_INFO) -> 0x00000000 STATUS_SUCCESS
version      0x0007007F (milestone 7 revision 127)
last stage   50 first CommitVidPn
mode         1920x1200 pitch 7680 format 22 (FULL WDDM TABLE)
presents     0
counters     blits 0, flips 2 (the full table's own present counters; both stay 0 in display-only mode)
gates        mmio open, mmio writes off, vram open, vram writes on, gart open, psp open, gfx open, ih open
log          1321 lines since this driver load, 297 lost to the wrap, 0 dropped above DISPATCH_LEVEL; ring 1024 lines of which the first 256 are kept; table FULL WDDM (the gate was open at DriverEntry)
     0      0.003 stage 10
     1      0.004 gate: EnableFullWddm 1 (one shot: closed again on disk)
     2      0.005 stage 20
     3      0.175 stage 30
     4      0.178 stage 31
     5      0.179 stage 32
     6      0.179 post display 1920x1200 pitch 7680 format 22 target 2424833
     7      0.180 stage 33
     8      0.181 stage 34
     9      0.181 interrupt resource 1: message, vector 0x80, flags 0x3
    10      0.181 mmio: BAR5 at 0xFE800000 mapped, writes off, dcn writes off, vidpn flip off
    11      0.181 vram: 0x270000000 + 0x200000000, MC 0xF400000000, BAR0 0xC0000000 + 0x10000000, writes allowed
    12      0.181 fb sample mapped: phys 0xC0000000 first 0x00000000 mid 0x00000000
    13      0.181 fb sample physical: 0x270000000 first 0x00000000 mid 0x00000000
    14      0.182 gart: ready, dummy page at 0x26FFFA000
    15      0.182 psp: ready
    16      0.182 gpumem: ready, doorbells at 0xD0000000
    17      0.182 gfx: ready, GPU submission allowed, paging node allowed
    18      0.182 ih: ready
    19      0.199 vidmm: logical paging state 515 tables, 1031 slots, 4767344 bytes reserved
    20      0.207 vidmm: table segment 3 at physical 0x45E150000 + 0xFEB0000, host memory below 0x270000000, updates are WRITTEN
    21      0.207 startup: entering interrupt connection
    22      0.210 startup: entering firmware preparation
    23      0.215 gfx: CP_ME_CNTL 0x15000000, CP_MEC_CNTL 0x50000000, SDMA0/1_F32_CNTL 0x1 0x1
    24      0.215 gfx: unpublished translation bootstrap entered with engines halted
    25      0.215 gfx: RLC before-gart-initialization CNTL 0x00000000 read 0x00000000 STATUS2 0x00000008 read 0x00000000
    26      0.215 gfx: GRBM before-gart-initialization STATUS 0x00003028 read 0x00000000
    27      0.215 startup: entering GART initialization
    28      0.229 gart: startup startup-after-gfxhub-enable sample 0x00000000 fault 0x00000000
    29      0.229 gfx: RLC startup-after-gfxhub-enable CNTL 0x00000000 read 0x00000000 STATUS2 0x00000008 read 0x00000000
    30      0.229 gfx: GRBM startup-after-gfxhub-enable STATUS 0x00003028 read 0x00000000
    31      0.230 gart: startup startup-after-mmhub-enable sample 0x00000000 fault 0x00000000
    32      0.230 gfx: RLC startup-after-mmhub-enable CNTL 0x00000000 read 0x00000000 STATUS2 0x00000008 read 0x00000000
    33      0.230 gfx: GRBM startup-after-mmhub-enable STATUS 0x00003028 read 0x00000000
    34      0.230 gart: startup startup-after-fault-defaults sample 0x00000000 fault 0x00000000
    35      0.230 gfx: RLC startup-after-fault-defaults CNTL 0x00000000 read 0x00000000 STATUS2 0x00000008 read 0x00000000
    36      0.230 gfx: GRBM startup-after-fault-defaults STATUS 0x00003028 read 0x00000000
    37      0.230 gart: startup bootstrap-after-mmhub-flush sample 0x00000000 fault 0x00000000
    38      0.230 gfx: RLC bootstrap-after-mmhub-flush CNTL 0x00000000 read 0x00000000 STATUS2 0x00000008 read 0x00000000
    39      0.230 gfx: GRBM bootstrap-after-mmhub-flush STATUS 0x00003028 read 0x00000000
    40      0.230 gart: op 1 -> 0x00000000 (-), result 0, 284 writes, fault offset 0x00000
    41      0.230 gfx: RLC before-psp CNTL 0x00000000 read 0x00000000 STATUS2 0x00000008 read 0x00000000
    42      0.230 gfx: GRBM before-psp STATUS 0x00003028 read 0x00000000
    43      0.230 startup: entering PSP initialization
    44      0.282 gfx: RLC before-psp-ring-create CNTL 0x00000000 read 0x00000000 STATUS2 0x00000008 read 0x00000000
    45      0.282 gfx: GRBM before-psp-ring-create STATUS 0x00003028 read 0x00000000
    46      0.305 gfx: RLC after-psp-ring-create CNTL 0x00000000 read 0x00000000 STATUS2 0x00000008 read 0x00000000
    47      0.305 gfx: GRBM after-psp-ring-create STATUS 0x00003028 read 0x00000000
    48      0.305 amdgpu[0]: reserve 0x400000 from 0xf5ff800000 for PSP TMR

    49      0.305 psp: command 1 (id 5, type 0, 4194304 bytes): rc 0, status 0x0, 269 us, in TMR at 0x0
    50      0.305 gfx: RLC after-psp-command CNTL 0x00000000 read 0x00000000 STATUS2 0x00000008 read 0x00000000
    51      0.305 gfx: GRBM after-psp-command STATUS 0x00003028 read 0x00000000
    52      0.307 psp: command 2 (id 6, type 9, 33536 bytes): rc 0, status 0x0, 1905 us, in TMR at 0x0
    53      0.307 gfx: RLC after-psp-command CNTL 0x00000000 read 0x00000000 STATUS2 0x01000008 read 0x00000000
    54      0.307 gfx: GRBM after-psp-command STATUS 0x00003028 read 0x00000000
    55      0.309 psp: command 3 (id 6, type 10, 33536 bytes): rc 0, status 0x0, 1940 us, in TMR at 0x0
    56      0.309 gfx: RLC after-psp-command CNTL 0x00000000 read 0x00000000 STATUS2 0x01000008 read 0x00000000
    57      0.309 gfx: GRBM after-psp-command STATUS 0x00003028 read 0x00000000
    58      0.315 psp: command 4 (id 6, type 3, 263040 bytes): rc 0, status 0x0, 5913 us, in TMR at 0xF5FF842000
    59      0.315 gfx: RLC after-psp-command CNTL 0x00000000 read 0x00000000 STATUS2 0x01000008 read 0x00000000
    60      0.315 gfx: GRBM after-psp-command STATUS 0x00003028 read 0x00000000
    61      0.320 psp: command 5 (id 6, type 2, 263168 bytes): rc 0, status 0x0, 5912 us, in TMR at 0xF5FF883000
    62      0.320 gfx: RLC after-psp-command CNTL 0x00000000 read 0x00000000 STATUS2 0x01000008 read 0x00000000
    63      0.320 gfx: GRBM after-psp-command STATUS 0x00003028 read 0x00000000
    64      0.326 psp: command 6 (id 6, type 1, 263168 bytes): rc 0, status 0x0, 5912 us, in TMR at 0xF5FF8C4000
    65      0.326 gfx: RLC after-psp-command CNTL 0x00000000 read 0x00000000 STATUS2 0x01000008 read 0x00000000
    66      0.326 gfx: GRBM after-psp-command STATUS 0x00003028 read 0x00000000
    67      0.332 psp: command 7 (id 6, type 4, 267440 bytes): rc 0, status 0x0, 5963 us, in TMR at 0xF5FF800000
    68      0.332 gfx: RLC after-psp-command CNTL 0x00000000 read 0x00000000 STATUS2 0x01000008 read 0x00000000
    69      0.332 gfx: GRBM after-psp-command STATUS 0x00003028 read 0x00000000
    70      0.332 psp: command 8 (id 6, type 5, 896 bytes): rc 0, status 0x0, 130 us, in TMR at 0x0
    71      0.332 gfx: RLC after-psp-command CNTL 0x00000000 read 0x00000000 STATUS2 0x01000008 read 0x00000000
    72      0.332 gfx: GRBM after-psp-command STATUS 0x00003028 read 0x00000000
    73      0.338 psp: command 9 (id 6, type 4, 267440 bytes): rc 0, status 0x0, 5962 us, in TMR at 0xF5FF800000
    74      0.338 gfx: RLC after-psp-command CNTL 0x00000000 read 0x00000000 STATUS2 0x01000008 read 0x00000000
    75      0.338 gfx: GRBM after-psp-command STATUS 0x00003028 read 0x00000000
    76      0.338 psp: command 10 (id 6, type 6, 896 bytes): rc 0, status 0x0, 130 us, in TMR at 0x0
    77      0.338 gfx: RLC after-psp-command CNTL 0x00000000 read 0x00000000 STATUS2 0x01000008 read 0x00000000
    78      0.338 gfx: GRBM after-psp-command STATUS 0x00003028 read 0x00000000
    79      0.340 psp: command 11 (id 6, type 8, 25088 bytes): rc 0, status 0x0, 1739 us, in TMR at 0x0
    80      0.340 gfx: RLC after-psp-command CNTL 0x00000000 read 0x00000000 STATUS2 0x01000008 read 0x00000000
    81      0.340 gfx: GRBM after-psp-command STATUS 0x00003028 read 0x00000000
    82      0.340 psp: op 1 -> 0x00000000, result 0, 15 writes, 11 of 11 commands
    83      0.340 gfx: RLC after-psp CNTL 0x00000000 read 0x00000000 STATUS2 0x01000008 read 0x00000000
    84      0.340 gfx: GRBM after-psp STATUS 0x00003028 read 0x00000000
    85      0.340 startup: entering IH initialization
    86      0.344 ih: init: rc 0, 18 writes
    87      0.344 ih: op 1 -> 0x00000000, result 0, 19 writes; 0 interrupt routine calls, 0 ours, 0 DPCs, 0 vectors; status idle 1 input_idle 1 bif_interrupt_line 0
    88      0.344 startup: entering GFX initialization
    89      0.347 startup: entering GFX stage 1
    90      0.351 gfx: RLC startup policy pp_gfxoff 0
    91      0.354 gfx: stage 1 (doorbell aperture): rc 0, 49 writes so far, 1 us
    92      0.354 gfx: op 1 to stage 1 -> 0x00000000, result 0, 49 writes, 0 doorbells
    93      0.357 startup: entering GFX stage 2
    94      0.360 gfx: stage 2 (golden registers): rc 0, 34 writes so far, 26 us
    95      0.360 gfx: op 1 to stage 2 -> 0x00000000, result 0, 34 writes, 0 doorbells
    96      0.362 startup: entering GFX stage 3
    97      0.365 gfx: stage 3 (GRBM CAM probe): rc 0, 3 writes so far, 3 us
    98      0.365 gfx: op 1 to stage 3 -> 0x00000000, result 0, 3 writes, 0 doorbells
    99      0.367 startup: entering GFX stage 4
   100      0.370 gfx: stage 4 (constants): rc 0, 157 writes so far, 77 us
   101      0.370 gfx: op 1 to stage 4 -> 0x00000000, result 0, 157 writes, 0 doorbells
   102      0.372 startup: entering GFX stage 5
   103      0.375 startup: RLC boundary acquire-paging-lock
   104      0.378 startup: RLC boundary acquire-gart-lock
   105      0.380 startup: RLC boundary locks-acquired
   106      0.383 startup: RLC boundary before-rlc-resume
   107      0.386 startup: RLC boundary after-rlc-resume
   108      0.388 startup: RLC boundary before-gfx-visibility
   109      0.391 gpumem: GFXHUB after-invalidate-request sample 0x00F80001 fault 0x00000000
   110      0.393 startup: visibility observer returned after-invalidate-request
   111      0.396 gpumem: GFXHUB after-invalidate-request-read sample 0x00F80001 fault 0x00000000
   112      0.399 startup: visibility observer returned after-invalidate-request-read
   113      0.401 gpumem: GFXHUB after-invalidate-ack sample 0x00000001 fault 0x00000000
   114      0.404 startup: visibility observer returned after-invalidate-ack
   115      0.407 startup: visibility GFX returned 0, entering MMHUB
   116      0.410 startup: visibility MMHUB returned 0
   117      0.412 gpumem: startup GFX translations committed after RLC, before CP
   118      0.415 gfx: RLC after-bootstrap-translation-commit CNTL 0x00000001 read 0x00000000 STATUS2 0x00000008 read 0x00000000
   119      0.415 gfx: GRBM after-bootstrap-translation-commit STATUS 0x00003028 read 0x00000000
   120      0.415 startup: visibility publication observer returned
   121      0.418 startup: RLC boundary after-gfx-visibility
   122      0.421 gfx: stage 5 (RLC): rc 0, 11 writes so far, 37585 us
   123      0.421 gfx: op 1 to stage 5 -> 0x00000000, result 0, 11 writes, 0 doorbells
   124      0.424 startup: entering GFX stage 6
   125      0.426 startup: entering CP step 1
   126      0.429 startup: CP1 checkpoint acquire-paging-lock
   127      0.432 startup: CP1 checkpoint acquire-gart-lock
   128      0.434 startup: CP1 checkpoint locks-acquired
   129      0.437 amdgpu[0]: CP resume kiq-init begin

   130      0.437 startup: CP1 checkpoint scheduler
   131      0.440 startup: CP1 checkpoint scheduler-read
   132      0.443 startup: CP1 checkpoint scheduler-write
   133      0.446 startup: CP1 checkpoint scheduler-done
   134      0.449 startup: CP1 checkpoint clear-mqd
   135      0.452 startup: CP1 checkpoint select-queue
   136      0.455 startup: CP1 checkpoint build-mqd
   137      0.459 startup: CP1 checkpoint disable-wptr-poll
   138      0.461 startup: CP1 checkpoint read-active
   139      0.464 startup: CP1 checkpoint program-hqd
   140      0.466 startup: CP1 checkpoint activate-hqd
   141      0.469 startup: CP1 checkpoint restore-selection
   142      0.472 startup: CP1 checkpoint complete
   143      0.475 amdgpu[0]: CP resume kiq-init end result=0

   144      0.475 gfx: CP step 1: rc 0, 27 writes, 37532 us
   145      0.475 gfx: op 1 to stage 6 -> 0x00000000, result 0, 27 writes, 0 doorbells
   146      0.475 startup: CP step 1 returned 0x00000000 result 0
   147      0.477 startup: entering CP step 2
   148      0.480 amdgpu[0]: CP resume compute-unhalt begin

   149      0.481 amdgpu[0]: CP resume compute-unhalt end

   150      0.481 amdgpu[0]: CP resume kcq-init ring=0 begin

   151      0.481 amdgpu[0]: CP resume kcq-init ring=0 end result=0

   152      0.481 amdgpu[0]: CP resume kcq-init ring=1 begin

   153      0.481 amdgpu[0]: CP resume kcq-init ring=1 end result=0

   154      0.481 amdgpu[0]: CP resume kcq-init ring=2 begin

   155      0.481 amdgpu[0]: CP resume kcq-init ring=2 end result=0

   156      0.481 amdgpu[0]: CP resume kcq-init ring=3 begin

   157      0.481 amdgpu[0]: CP resume kcq-init ring=3 end result=0

   158      0.481 amdgpu[0]: CP resume kcq-init ring=4 begin

   159      0.481 amdgpu[0]: CP resume kcq-init ring=4 end result=0

   160      0.481 amdgpu[0]: CP resume kcq-init ring=5 begin

   161      0.481 amdgpu[0]: CP resume kcq-init ring=5 end result=0

   162      0.481 amdgpu[0]: CP resume kcq-init ring=6 begin

   163      0.481 amdgpu[0]: CP resume kcq-init ring=6 end result=0

   164      0.481 amdgpu[0]: CP resume kcq-init ring=7 begin

   165      0.481 amdgpu[0]: CP resume kcq-init ring=7 end result=0

   166      0.481 gfx: CP step 2: rc 0, 17 writes, 344 us
   167      0.481 gfx: op 1 to stage 6 -> 0x00000000, result 0, 17 writes, 0 doorbells
   168      0.481 startup: CP step 2 returned 0x00000000 result 0
   169      0.484 startup: entering CP step 3
   170      0.487 amdgpu[0]: CP resume kcq-enable begin

   171      0.487 amdgpu[0]: CP resume kcq-enable end result=0

   172      0.487 gfx: CP step 3: rc 0, 1 writes, 63 us
   173      0.487 gfx: op 1 to stage 6 -> 0x00000000, result 0, 1 writes, 2 doorbells
   174      0.487 startup: CP step 3 returned 0x00000000 result 0
   175      0.490 startup: entering CP step 4
   176      0.493 amdgpu[0]: CP resume kgq-init ring=0 begin

   177      0.493 amdgpu[0]: CP resume kgq-init ring=0 end result=0

   178      0.493 gfx: CP step 4: rc 0, 4 writes, 48 us
   179      0.493 gfx: op 1 to stage 6 -> 0x00000000, result 0, 4 writes, 0 doorbells
   180      0.493 startup: CP step 4 returned 0x00000000 result 0
   181      0.497 startup: entering CP step 5
   182      0.500 amdgpu[0]: CP resume kgq-enable begin

   183      0.500 amdgpu[0]: CP resume kgq-enable end result=0

   184      0.500 gfx: CP step 5: rc 0, 1 writes, 33 us
   185      0.500 gfx: op 1 to stage 6 -> 0x00000000, result 0, 1 writes, 2 doorbells
   186      0.500 startup: CP step 5 returned 0x00000000 result 0
   187      0.504 startup: entering CP step 6
   188      0.507 amdgpu[0]: CP resume gfx-start begin

   189      0.507 amdgpu[0]: CP resume gfx-start end result=0

   190      0.507 gfx: CP step 6: rc 0, 3 writes, 53 us
   191      0.507 gfx: op 1 to stage 6 -> 0x00000000, result 0, 3 writes, 1 doorbells
   192      0.507 startup: CP step 6 returned 0x00000000 result 0
   193      0.510 startup: entering CP step 7
   194      0.513 amdgpu[0]: CP resume gfx-test ring=0 begin

   195      0.513 amdgpu[0]: CP resume gfx-test ring=0 end result=0

   196      0.513 gfx: CP step 7: rc 0, 1 writes, 27 us
   197      0.513 gfx: op 1 to stage 6 -> 0x00000000, result 0, 1 writes, 1 doorbells
   198      0.513 startup: CP step 7 returned 0x00000000 result 0
   199      0.516 startup: entering CP step 8
   200      0.519 amdgpu[0]: CP resume compute-test ring=0 begin

   201      0.519 amdgpu[0]: CP resume compute-test ring=0 end result=0

   202      0.519 amdgpu[0]: CP resume compute-test ring=1 begin

   203      0.519 amdgpu[0]: CP resume compute-test ring=1 end result=0

   204      0.519 amdgpu[0]: CP resume compute-test ring=2 begin

   205      0.519 amdgpu[0]: CP resume compute-test ring=2 end result=0

   206      0.519 amdgpu[0]: CP resume compute-test ring=3 begin

   207      0.519 amdgpu[0]: CP resume compute-test ring=3 end result=0

   208      0.519 amdgpu[0]: CP resume compute-test ring=4 begin

   209      0.519 amdgpu[0]: CP resume compute-test ring=4 end result=0

   210      0.519 amdgpu[0]: CP resume compute-test ring=5 begin

   211      0.519 amdgpu[0]: CP resume compute-test ring=5 end result=0

   212      0.519 amdgpu[0]: CP resume compute-test ring=6 begin

   213      0.519 amdgpu[0]: CP resume compute-test ring=6 end result=0

   214      0.519 amdgpu[0]: CP resume compute-test ring=7 begin

   215      0.520 amdgpu[0]: CP resume compute-test ring=7 end result=0

   216      0.520 gfx: CP step 8: rc 0, 8 writes, 164 us
   217      0.520 gfx: op 1 to stage 6 -> 0x00000000, result 0, 8 writes, 8 doorbells
   218      0.520 startup: CP step 8 returned 0x00000000 result 0
   219      0.526 startup: entering GFX stage 7
   220      0.529 gfx: stage 7 (SDMA): rc 0, 93 writes so far, 204 us
   221      0.529 gfx: op 1 to stage 7 -> 0x00000000, result 0, 93 writes, 2 doorbells
   222      0.532 startup: entering GFX stage 8
   223      0.535 gfx: stage 8 (interrupt sources): rc 0, 35 writes so far, 25 us
   224      0.535 gfx: paging node ready, SDMA0 doorbell 0x200, per-buffer private commands
   225      0.535 gfx: op 1 to stage 8 -> 0x00000000, result 0, 35 writes, 0 doorbells
   226      0.540 startup: both engines ready
   227      0.543 startup: attempted 0xF completed 0xF status 0x00000000 ready 1 unwind 0 quarantine 0
   228      0.543 wddm: GPU initialized before adapter admission
   229      0.543 wddm: callbacks sync 1 notify 1 queuedpc 1 notifydpc 1, interface 312 of 312 bytes
   230      0.543 stage 35
   231      0.544 stage 39
   232      0.544 wddm: display QueryChildRelations call 1 detail 0x38 -> 0x00000000
   233      0.544 wddm: DRIVERCAPS into 576 bytes: wddm 8192 sched 0x45 mm 0x60 flip 0x12 slots 0 tdr 1 dflip 1 rot 1
   234      0.544 wddm: QueryAdapterInfo type 1 in 0 out 576 -> 0x00000000
   235      0.544 wddm: QueryAdapterInfo type 15 in 4 out 20 -> 0xC00000BB
   236      0.545 wddm: QueryAdapterInfo type 47 in 0 out 4 -> 0xC00000BB
   237      0.545 wddm: QueryAdapterInfo type 13 in 4 out 24 -> 0x00000000
   238      0.545 wddm: QueryAdapterInfo type 14 in 4 out 20 -> 0x00000000
   239      0.545 wddm: QueryAdapterInfo type 14 in 4 out 20 -> 0x00000000
   240      0.545 wddm: QueryAdapterInfo type 14 in 4 out 20 -> 0x00000000
   241      0.545 wddm: QueryAdapterInfo type 14 in 4 out 20 -> 0x00000000
   242      0.545 wddm: GetNodeMetadata node 0 adapter 0
   243      0.545 wddm: GetNodeMetadata node 1 adapter 0
   244      0.545 wddm: QUERYSEGMENT4 pass 1: 3 segment(s)
   245      0.545 wddm: QUERYSEGMENT4 pass 2: 3 segment(s), stride 104, paging buffer segment 0, 65536 bytes
   246      0.545 wddm: segment 1 flags 0x00080404 gpu 0xF4008D0000 cpu 0x2708D0000 size 0x1ED880000
   247      0.546 wddm: QueryAdapterInfo type 16 in 0 out 4 -> 0xC00000BB
   248      0.547 wddm: CreateProcess flags 0x00000001 pasids 1
   249      0.547 wddm: CreateDevice flags 0x00000001 pasid 0
   250      0.547 wddm: CreateDevice flags 0x00000001 pasid 0
   251      0.600 wddm: capture reservation ready 22020400 bytes
   252      0.600 wddm: CreateContext node 1 engine 0x1 flags 0x00000005 private 0
   253      0.600 wddm: CreateContext answered dma 4096 bytes segment set 0x2, lists 256/0, caps 0x00000001
   254      0.602 wddm: BuildPagingBuffer operation 11 segment 0, 65536 bytes free, pass offset 0
   255      0.602 vidmm: table physical cache query pa 0x45E153000 status 0xC0000141 type 6; retained map requests NC; borrowed VA attributes unproven
   553      1.347 amdgpu[2]: ring alloc of 16 dwords exceeds max_dw 13

   554      1.347 gfx: paging submit, 1005 dwords from private buffer at 0x0, seq 152
   555      1.348 amdgpu[2]: ring alloc of 16 dwords exceeds max_dw 13

   556      1.348 gfx: paging submit, 1005 dwords from private buffer at 0x0, seq 153
   557      1.348 amdgpu[2]: ring alloc of 16 dwords exceeds max_dw 13

   558      1.348 gfx: paging submit, 1005 dwords from private buffer at 0x0, seq 154
   559      1.349 gfx: paging submit, 800 dwords from private buffer at 0x0, seq 155
   560      1.349 gfx: paging submit, 198 dwords from private buffer at 0xC80, seq 156
   561      1.350 gfx: paging submit, 16 dwords from private buffer at 0xF98, seq 157
   562      1.350 gfx: paging submit, 974 dwords from private buffer at 0x0, seq 158
   563      1.350 gfx: paging submit, 1006 dwords from private buffer at 0x0, seq 159
   564      1.350 gfx: paging submit, 1004 dwords from private buffer at 0x0, seq 160
   565      1.351 gfx: paging submit, 1004 dwords from private buffer at 0x0, seq 161
   566      1.351 gfx: paging submit, 653 dwords from private buffer at 0x0, seq 162
   567      1.351 gfx: paging submit, 974 dwords from private buffer at 0x0, seq 163
   568      1.351 gfx: paging submit, 76 dwords from private buffer at 0x0, seq 164
   569      1.351 gfx: paging submit, 928 dwords from private buffer at 0x130, seq 165
   570      1.352 gfx: paging submit, 124 dwords from private buffer at 0x0, seq 166
   571      1.352 gfx: paging submit, 880 dwords from private buffer at 0x1F0, seq 167
   572      1.352 gfx: paging submit, 172 dwords from private buffer at 0x0, seq 168
   573      1.352 gfx: paging submit, 832 dwords from private buffer at 0x2B0, seq 169
   574      1.353 gfx: paging submit, 220 dwords from private buffer at 0x0, seq 170
   575      1.353 gfx: paging submit, 784 dwords from private buffer at 0x370, seq 171
   576      1.353 gfx: paging submit, 321 dwords from private buffer at 0x0, seq 172
   577      1.360 wddm: CreateAllocation 1 allocations, flags 1 resource yes
   578      1.360 wddm: OpenAllocation [0] handle 0x40004500 private 32 bytes -> FFFFAE085C3929B0 (GetHandleData said 0000000000000000)
   579      1.360 wddm: OpenAllocation 1 allocations flags 0x00000001
   580      1.360 gfx: paging submit, 688 dwords from private buffer at 0x504, seq 173
   581      1.361 gfx: paging submit, 159 dwords from private buffer at 0x0, seq 174
   582      1.361 gfx: paging submit, 848 dwords from private buffer at 0x27C, seq 175
   583      1.362 gfx: paging submit, 1004 dwords from private buffer at 0x0, seq 176
   584      1.362 gfx: paging submit, 1004 dwords from private buffer at 0x0, seq 177
   585      1.363 gfx: paging submit, 1004 dwords from private buffer at 0x0, seq 178
   586      1.363 amdgpu[2]: ring alloc of 16 dwords exceeds max_dw 12

   587      1.363 gfx: paging submit, 1006 dwords from private buffer at 0x0, seq 179
   588      1.363 amdgpu[2]: ring alloc of 16 dwords exceeds max_dw 13

   589      1.363 gfx: paging submit, 1005 dwords from private buffer at 0x0, seq 180
   590      1.363 amdgpu[2]: ring alloc of 16 dwords exceeds max_dw 13

   591      1.363 gfx: paging submit, 1005 dwords from private buffer at 0x0, seq 181
   592      1.364 amdgpu[2]: ring alloc of 16 dwords exceeds max_dw 13

   593      1.364 gfx: paging submit, 1005 dwords from private buffer at 0x0, seq 182
   594      1.364 amdgpu[2]: ring alloc of 16 dwords exceeds max_dw 13

   595      1.364 gfx: paging submit, 1005 dwords from private buffer at 0x0, seq 183
   596      1.364 amdgpu[2]: ring alloc of 16 dwords exceeds max_dw 13

   597      1.364 gfx: paging submit, 1005 dwords from private buffer at 0x0, seq 184
   598      1.365 amdgpu[2]: ring alloc of 16 dwords exceeds max_dw 13

   599      1.365 gfx: paging submit, 1005 dwords from private buffer at 0x0, seq 185
   600      1.365 amdgpu[2]: ring alloc of 16 dwords exceeds max_dw 13

   601      1.365 gfx: paging submit, 1005 dwords from private buffer at 0x0, seq 186
   602      1.365 amdgpu[2]: ring alloc of 16 dwords exceeds max_dw 13

   603      1.365 gfx: paging submit, 1005 dwords from private buffer at 0x0, seq 187
   604      1.366 amdgpu[2]: ring alloc of 16 dwords exceeds max_dw 13

   605      1.366 gfx: paging submit, 1005 dwords from private buffer at 0x0, seq 188
   606      1.366 amdgpu[2]: ring alloc of 16 dwords exceeds max_dw 13

   607      1.366 gfx: paging submit, 1005 dwords from private buffer at 0x0, seq 189
   608      1.367 gfx: paging submit, 975 dwords from private buffer at 0x0, seq 190
   609      1.367 gfx: paging submit, 32 dwords from private buffer at 0xF3C, seq 191
   610      1.367 gfx: paging submit, 1008 dwords from private buffer at 0x0, seq 192
   611      1.368 gfx: paging submit, 1004 dwords from private buffer at 0x0, seq 193
   612      1.368 gfx: paging submit, 1004 dwords from private buffer at 0x0, seq 194
   613      1.368 gfx: paging submit, 1004 dwords from private buffer at 0x0, seq 195
   614      1.368 gfx: paging submit, 974 dwords from private buffer at 0x0, seq 196
   615      1.368 gfx: paging submit, 461 dwords from private buffer at 0x0, seq 197
   616      1.369 gfx: paging submit, 544 dwords from private buffer at 0x734, seq 198
   617      1.369 gfx: paging submit, 508 dwords from private buffer at 0x0, seq 199
   618      1.369 gfx: paging submit, 496 dwords from private buffer at 0x7F0, seq 200
   619      1.370 gfx: paging submit, 556 dwords from private buffer at 0x0, seq 201
   620      1.370 gfx: paging submit, 448 dwords from private buffer at 0x8B0, seq 202
   621      1.370 gfx: paging submit, 604 dwords from private buffer at 0x0, seq 203
   622      1.370 gfx: paging submit, 400 dwords from private buffer at 0x970, seq 204
   623      1.370 gfx: paging submit, 703 dwords from private buffer at 0x0, seq 205
   624      1.376 wddm: software vsync off after 42 ticks
   625      1.377 wddm: display SetVidPnSourceVisibility call 2 detail 0x0 -> 0x00000000
   626      1.478 wddm: display SetVidPnSourceVisibility call 3 detail 0x0 -> 0x00000000
   627      1.478 wddm: BuildPagingBuffer operation 2 segment 0, 62724 bytes free, pass offset 0
   628      1.478 gfx: paging submit, 304 dwords from private buffer at 0xAFC, seq 206
   629      1.478 gfx: paging submit, 1016 dwords from private buffer at 0x0, seq 207
   630      1.478 gfx: paging submit, 199 dwords from private buffer at 0x0, seq 208
   631      1.478 gfx: paging submit, 15 dwords from private buffer at 0x31C, seq 209
   632      1.478 wddm: CloseAllocation 1 allocations
   633      1.478 wddm: DestroyAllocation 1 allocations
   634      1.478 wddm: BuildPagingBuffer operation 2 segment 0, 64680 bytes free, pass offset 0
   635      1.479 gfx: paging submit, 39 dwords from private buffer at 0x358, seq 210
   636      1.479 gfx: paging submit, 15 dwords from private buffer at 0x3F4, seq 211
   637      1.479 wddm: CloseAllocation 1 allocations
   638      1.479 wddm: DestroyAllocation 1 allocations
   639      1.498 gfx: paging submit, 736 dwords from private buffer at 0x430, seq 212
   640      1.499 gfx: paging submit, 1004 dwords from private buffer at 0x0, seq 213
   641      1.499 gfx: paging submit, 1004 dwords from private buffer at 0x0, seq 214
   642      1.500 gfx: paging submit, 1004 dwords from private buffer at 0x0, seq 215
   643      1.500 gfx: paging submit, 1006 dwords from private buffer at 0x0, seq 216
   644      1.501 gfx: paging submit, 1016 dwords from private buffer at 0x0, seq 217
   645      1.501 gfx: paging submit, 1004 dwords from private buffer at 0x0, seq 218
   646      1.502 gfx: paging submit, 1004 dwords from private buffer at 0x0, seq 219
   647      1.502 gfx: paging submit, 1004 dwords from private buffer at 0x0, seq 220
   648      1.502 wddm: BuildPagingBuffer operation 8 segment 0, 63540 bytes free, pass offset 0
   649      1.506 amdgpu[2]: ring alloc of 96 dwords exceeds max_dw 0

   650      1.507 wddm: capture reserved token 0x80000001 bytes 9216000 pages 2250 identities 4500 linear 0
   651      1.507 wddm: BuildPagingBuffer operation 8 segment 0, 65536 bytes free, pass offset 2147483649
   652      1.507 gfx: paging submit, 997 dwords from private buffer at 0x0, seq 221
   653      1.507 gfx: paging submit, 996 dwords from private buffer at 0x0, seq 222
   654      1.507 wddm: BuildPagingBuffer operation 8 segment 0, 65536 bytes free, pass offset 2147483649
   655      1.507 gfx: paging submit, 996 dwords from private buffer at 0x0, seq 223
   656      1.507 wddm: BuildPagingBuffer operation 8 segment 0, 65536 bytes free, pass offset 2147483649
   657      1.507 gfx: paging submit, 996 dwords from private buffer at 0x0, seq 224
   658      1.508 gfx: paging submit, 996 dwords from private buffer at 0x0, seq 225
   659      1.508 gfx: paging submit, 996 dwords from private buffer at 0x0, seq 226
   660      1.508 gfx: paging submit, 996 dwords from private buffer at 0x0, seq 227
   661      1.508 gfx: paging submit, 996 dwords from private buffer at 0x0, seq 228
   662      1.509 gfx: paging submit, 996 dwords from private buffer at 0x0, seq 229
   663      1.509 gfx: paging submit, 996 dwords from private buffer at 0x0, seq 230
   664      1.509 gfx: paging submit, 996 dwords from private buffer at 0x0, seq 231
   665      1.509 gfx: paging submit, 996 dwords from private buffer at 0x0, seq 232
   666      1.510 gfx: paging submit, 996 dwords from private buffer at 0x0, seq 233
   667      1.510 gfx: paging submit, 996 dwords from private buffer at 0x0, seq 234
   668      1.510 gfx: paging submit, 996 dwords from private buffer at 0x0, seq 235
   669      1.510 gfx: paging submit, 996 dwords from private buffer at 0x0, seq 236
   670      1.511 gfx: paging submit, 996 dwords from private buffer at 0x0, seq 237
   671      1.511 gfx: paging submit, 996 dwords from private buffer at 0x0, seq 238
   672      1.511 gfx: paging submit, 996 dwords from private buffer at 0x0, seq 239
   673      1.512 gfx: paging submit, 996 dwords from private buffer at 0x0, seq 240
   674      1.512 gfx: paging submit, 996 dwords from private buffer at 0x0, seq 241
   675      1.512 gfx: paging submit, 996 dwords from private buffer at 0x0, seq 242
   676      1.512 gfx: paging submit, 996 dwords from private buffer at 0x0, seq 243
   677      1.513 gfx: paging submit, 996 dwords from private buffer at 0x0, seq 244
   678      1.513 gfx: paging submit, 996 dwords from private buffer at 0x0, seq 245
   679      1.513 gfx: paging submit, 996 dwords from private buffer at 0x0, seq 246
   680      1.513 gfx: paging submit, 996 dwords from private buffer at 0x0, seq 247
   681      1.514 gfx: paging submit, 996 dwords from private buffer at 0x0, seq 248
   682      1.514 gfx: paging submit, 996 dwords from private buffer at 0x0, seq 249
   683      1.514 gfx: paging submit, 996 dwords from private buffer at 0x0, seq 250
   684      1.515 gfx: paging submit, 996 dwords from private buffer at 0x0, seq 251
   685      1.515 gfx: paging submit, 996 dwords from private buffer at 0x0, seq 252
   686      1.515 gfx: paging submit, 996 dwords from private buffer at 0x0, seq 253
   687      1.515 gfx: paging submit, 996 dwords from private buffer at 0x0, seq 254
   688      1.516 gfx: paging submit, 996 dwords from private buffer at 0x0, seq 255
   689      1.516 gfx: paging submit, 996 dwords from private buffer at 0x0, seq 256
   690      1.516 gfx: paging submit, 996 dwords from private buffer at 0x0, seq 257
   691      1.516 gfx: paging submit, 996 dwords from private buffer at 0x0, seq 258
   692      1.517 gfx: paging submit, 996 dwords from private buffer at 0x0, seq 259
   693      1.517 gfx: paging submit, 996 dwords from private buffer at 0x0, seq 260
   694      1.517 gfx: paging submit, 996 dwords from private buffer at 0x0, seq 261
   695      1.517 gfx: paging submit, 996 dwords from private buffer at 0x0, seq 262
   696      1.518 gfx: paging submit, 996 dwords from private buffer at 0x0, seq 263
   697      1.518 gfx: paging submit, 996 dwords from private buffer at 0x0, seq 264
   698      1.518 gfx: paging submit, 996 dwords from private buffer at 0x0, seq 265
   699      1.519 gfx: paging submit, 996 dwords from private buffer at 0x0, seq 266
   700      1.519 gfx: paging submit, 996 dwords from private buffer at 0x0, seq 267
   701      1.519 gfx: paging submit, 996 dwords from private buffer at 0x0, seq 268
   702      1.519 gfx: paging submit, 996 dwords from private buffer at 0x0, seq 269
   703      1.520 gfx: paging submit, 996 dwords from private buffer at 0x0, seq 270
   704      1.520 gfx: paging submit, 996 dwords from private buffer at 0x0, seq 271
   705      1.520 gfx: paging submit, 996 dwords from private buffer at 0x0, seq 272
   706      1.520 gfx: paging submit, 996 dwords from private buffer at 0x0, seq 273
   707      1.521 gfx: paging submit, 996 dwords from private buffer at 0x0, seq 274
   708      1.521 gfx: paging submit, 996 dwords from private buffer at 0x0, seq 275
   709      1.521 gfx: paging submit, 996 dwords from private buffer at 0x0, seq 276
   710      1.521 gfx: paging submit, 996 dwords from private buffer at 0x0, seq 277
   711      1.522 gfx: paging submit, 996 dwords from private buffer at 0x0, seq 278
   712      1.522 gfx: paging submit, 996 dwords from private buffer at 0x0, seq 279
   713      1.522 gfx: paging submit, 996 dwords from private buffer at 0x0, seq 280
   714      1.522 gfx: paging submit, 996 dwords from private buffer at 0x0, seq 281
   715      1.523 gfx: paging submit, 996 dwords from private buffer at 0x0, seq 282
   716      1.523 gfx: paging submit, 996 dwords from private buffer at 0x0, seq 283
   717      1.523 gfx: paging submit, 996 dwords from private buffer at 0x0, seq 284
   718      1.524 gfx: paging submit, 996 dwords from private buffer at 0x0, seq 285
   719      1.524 gfx: paging submit, 996 dwords from private buffer at 0x0, seq 286
   720      1.524 gfx: paging submit, 996 dwords from private buffer at 0x0, seq 287
   721      1.524 gfx: paging submit, 996 dwords from private buffer at 0x0, seq 288
   722      1.525 gfx: paging submit, 996 dwords from private buffer at 0x0, seq 289
   723      1.525 gfx: paging submit, 996 dwords from private buffer at 0x0, seq 290
   724      1.525 gfx: paging submit, 996 dwords from private buffer at 0x0, seq 291
   725      1.525 gfx: paging submit, 996 dwords from private buffer at 0x0, seq 292
   726      1.526 gfx: paging submit, 996 dwords from private buffer at 0x0, seq 293
   727      1.526 gfx: paging submit, 996 dwords from private buffer at 0x0, seq 294
   728      1.526 gfx: paging submit, 996 dwords from private buffer at 0x0, seq 295
   729      1.526 gfx: paging submit, 996 dwords from private buffer at 0x0, seq 296
   730      1.527 gfx: paging submit, 996 dwords from private buffer at 0x0, seq 297
   731      1.527 gfx: paging submit, 996 dwords from private buffer at 0x0, seq 298
   732      1.527 gfx: paging submit, 996 dwords from private buffer at 0x0, seq 299
   733      1.528 gfx: paging submit, 996 dwords from private buffer at 0x0, seq 300
   734      1.528 gfx: paging submit, 996 dwords from private buffer at 0x0, seq 301
   735      1.528 gfx: paging submit, 996 dwords from private buffer at 0x0, seq 302
   736      1.528 gfx: paging submit, 996 dwords from private buffer at 0x0, seq 303
   737      1.529 gfx: paging submit, 996 dwords from private buffer at 0x0, seq 304
   738      1.529 gfx: paging submit, 996 dwords from private buffer at 0x0, seq 305
   739      1.529 gfx: paging submit, 996 dwords from private buffer at 0x0, seq 306
   740      1.529 gfx: paging submit, 996 dwords from private buffer at 0x0, seq 307
   741      1.530 gfx: paging submit, 996 dwords from private buffer at 0x0, seq 308
   742      1.530 gfx: paging submit, 996 dwords from private buffer at 0x0, seq 309
   743      1.530 gfx: paging submit, 996 dwords from private buffer at 0x0, seq 310
   744      1.531 gfx: paging submit, 996 dwords from private buffer at 0x0, seq 311
   745      1.531 gfx: paging submit, 996 dwords from private buffer at 0x0, seq 312
   746      1.531 gfx: paging submit, 996 dwords from private buffer at 0x0, seq 313
   747      1.531 gfx: paging submit, 996 dwords from private buffer at 0x0, seq 314
   748      1.532 gfx: paging submit, 996 dwords from private buffer at 0x0, seq 315
   749      1.532 gfx: paging submit, 996 dwords from private buffer at 0x0, seq 316
   750      1.532 gfx: paging submit, 996 dwords from private buffer at 0x0, seq 317
   751      1.532 gfx: paging submit, 996 dwords from private buffer at 0x0, seq 318
   752      1.533 gfx: paging submit, 996 dwords from private buffer at 0x0, seq 319
   753      1.533 gfx: paging submit, 996 dwords from private buffer at 0x0, seq 320
   754      1.533 gfx: paging submit, 996 dwords from private buffer at 0x0, seq 321
   755      1.533 gfx: paging submit, 996 dwords from private buffer at 0x0, seq 322
   756      1.534 gfx: paging submit, 996 dwords from private buffer at 0x0, seq 323
   757      1.534 gfx: paging submit, 996 dwords from private buffer at 0x0, seq 324
   758      1.534 gfx: paging submit, 996 dwords from private buffer at 0x0, seq 325
   759      1.534 gfx: paging submit, 996 dwords from private buffer at 0x0, seq 326
   760      1.535 gfx: paging submit, 996 dwords from private buffer at 0x0, seq 327
   761      1.535 gfx: paging submit, 996 dwords from private buffer at 0x0, seq 328
   762      1.535 gfx: paging submit, 996 dwords from private buffer at 0x0, seq 329
   763      1.536 gfx: paging submit, 996 dwords from private buffer at 0x0, seq 330
   764      1.536 gfx: paging submit, 996 dwords from private buffer at 0x0, seq 331
   765      1.536 gfx: paging submit, 996 dwords from private buffer at 0x0, seq 332
   766      1.536 gfx: paging submit, 996 dwords from private buffer at 0x0, seq 333
   767      1.537 gfx: paging submit, 996 dwords from private buffer at 0x0, seq 334
   768      1.537 gfx: paging submit, 996 dwords from private buffer at 0x0, seq 335
   769      1.537 gfx: paging submit, 996 dwords from private buffer at 0x0, seq 336
   770      1.538 gfx: paging submit, 996 dwords from private buffer at 0x0, seq 337
   771      1.538 gfx: paging submit, 996 dwords from private buffer at 0x0, seq 338
   772      1.538 gfx: paging submit, 996 dwords from private buffer at 0x0, seq 339
   773      1.538 gfx: paging submit, 996 dwords from private buffer at 0x0, seq 340
   774      1.539 gfx: paging submit, 996 dwords from private buffer at 0x0, seq 341
   775      1.539 gfx: paging submit, 996 dwords from private buffer at 0x0, seq 342
   776      1.539 gfx: paging submit, 996 dwords from private buffer at 0x0, seq 343
   777      1.539 gfx: paging submit, 996 dwords from private buffer at 0x0, seq 344
   778      1.540 gfx: paging submit, 996 dwords from private buffer at 0x0, seq 345
   779      1.540 gfx: paging submit, 996 dwords from private buffer at 0x0, seq 346
   780      1.540 gfx: paging submit, 996 dwords from private buffer at 0x0, seq 347
   781      1.540 gfx: paging submit, 996 dwords from private buffer at 0x0, seq 348
   782      1.541 gfx: paging submit, 996 dwords from private buffer at 0x0, seq 349
   783      1.541 gfx: paging submit, 996 dwords from private buffer at 0x0, seq 350
   784      1.541 gfx: paging submit, 996 dwords from private buffer at 0x0, seq 351
   785      1.542 gfx: paging submit, 996 dwords from private buffer at 0x0, seq 352
   786      1.542 gfx: paging submit, 996 dwords from private buffer at 0x0, seq 353
   787      1.542 gfx: paging submit, 996 dwords from private buffer at 0x0, seq 354
   788      1.542 gfx: paging submit, 996 dwords from private buffer at 0x0, seq 355
   789      1.543 gfx: paging submit, 996 dwords from private buffer at 0x0, seq 356
   790      1.543 gfx: paging submit, 996 dwords from private buffer at 0x0, seq 357
   791      1.543 gfx: paging submit, 996 dwords from private buffer at 0x0, seq 358
   792      1.543 gfx: paging submit, 996 dwords from private buffer at 0x0, seq 359
   793      1.544 gfx: paging submit, 996 dwords from private buffer at 0x0, seq 360
   794      1.544 gfx: paging submit, 996 dwords from private buffer at 0x0, seq 361
   795      1.544 gfx: paging submit, 996 dwords from private buffer at 0x0, seq 362
   796      1.544 gfx: paging submit, 996 dwords from private buffer at 0x0, seq 363
   797      1.545 gfx: paging submit, 996 dwords from private buffer at 0x0, seq 364
   798      1.545 gfx: paging submit, 996 dwords from private buffer at 0x0, seq 365
   799      1.545 gfx: paging submit, 996 dwords from private buffer at 0x0, seq 366
   800      1.546 gfx: paging submit, 996 dwords from private buffer at 0x0, seq 367
   801      1.546 gfx: paging submit, 996 dwords from private buffer at 0x0, seq 368
   802      1.546 gfx: paging submit, 996 dwords from private buffer at 0x0, seq 369
   803      1.546 gfx: paging submit, 996 dwords from private buffer at 0x0, seq 370
   804      1.547 gfx: paging submit, 996 dwords from private buffer at 0x0, seq 371
   805      1.547 gfx: paging submit, 996 dwords from private buffer at 0x0, seq 372
   806      1.547 gfx: paging submit, 996 dwords from private buffer at 0x0, seq 373
   807      1.547 gfx: paging submit, 996 dwords from private buffer at 0x0, seq 374
   808      1.548 gfx: paging submit, 996 dwords from private buffer at 0x0, seq 375
   809      1.548 gfx: paging submit, 996 dwords from private buffer at 0x0, seq 376
   810      1.548 gfx: paging submit, 996 dwords from private buffer at 0x0, seq 377
   811      1.549 gfx: paging submit, 996 dwords from private buffer at 0x0, seq 378
   812      1.549 gfx: paging submit, 996 dwords from private buffer at 0x0, seq 379
   813      1.549 gfx: paging submit, 996 dwords from private buffer at 0x0, seq 380
   814      1.549 gfx: paging submit, 996 dwords from private buffer at 0x0, seq 381
   815      1.550 gfx: paging submit, 996 dwords from private buffer at 0x0, seq 382
   816      1.550 gfx: paging submit, 996 dwords from private buffer at 0x0, seq 383
   817      1.550 gfx: paging submit, 996 dwords from private buffer at 0x0, seq 384
   818      1.550 gfx: paging submit, 996 dwords from private buffer at 0x0, seq 385
   819      1.551 gfx: paging submit, 996 dwords from private buffer at 0x0, seq 386
   820      1.551 gfx: paging submit, 996 dwords from private buffer at 0x0, seq 387
   821      1.551 gfx: paging submit, 996 dwords from private buffer at 0x0, seq 388
   822      1.551 gfx: paging submit, 996 dwords from private buffer at 0x0, seq 389
   823      1.552 gfx: paging submit, 996 dwords from private buffer at 0x0, seq 390
   824      1.552 gfx: paging submit, 996 dwords from private buffer at 0x0, seq 391
   825      1.552 gfx: paging submit, 996 dwords from private buffer at 0x0, seq 392
   826      1.552 gfx: paging submit, 996 dwords from private buffer at 0x0, seq 393
   827      1.553 gfx: paging submit, 996 dwords from private buffer at 0x0, seq 394
   828      1.553 gfx: paging submit, 996 dwords from private buffer at 0x0, seq 395
   829      1.553 gfx: paging submit, 996 dwords from private buffer at 0x0, seq 396
   830      1.554 gfx: paging submit, 996 dwords from private buffer at 0x0, seq 397
   831      1.554 gfx: paging submit, 996 dwords from private buffer at 0x0, seq 398
   832      1.554 gfx: paging submit, 996 dwords from private buffer at 0x0, seq 399
   833      1.554 gfx: paging submit, 996 dwords from private buffer at 0x0, seq 400
   834      1.555 gfx: paging submit, 996 dwords from private buffer at 0x0, seq 401
   835      1.555 gfx: paging submit, 996 dwords from private buffer at 0x0, seq 402
   836      1.555 gfx: paging submit, 996 dwords from private buffer at 0x0, seq 403
   837      1.555 gfx: paging submit, 996 dwords from private buffer at 0x0, seq 404
   838      1.556 gfx: paging submit, 996 dwords from private buffer at 0x0, seq 405
   839      1.556 gfx: paging submit, 996 dwords from private buffer at 0x0, seq 406
   840      1.556 gfx: paging submit, 996 dwords from private buffer at 0x0, seq 407
   841      1.557 gfx: paging submit, 996 dwords from private buffer at 0x0, seq 408
   842      1.559 gfx: paging submit, 16 dwords from private buffer at 0xF90, seq 409
   843      1.560 gfx: paging submit, 974 dwords from private buffer at 0x0, seq 410
   844      1.560 gfx: paging submit, 1006 dwords from private buffer at 0x0, seq 411
   845      1.560 gfx: paging submit, 1004 dwords from private buffer at 0x0, seq 412
   846      1.561 gfx: paging submit, 1004 dwords from private buffer at 0x0, seq 413
   847      1.561 gfx: paging submit, 1005 dwords from private buffer at 0x0, seq 414
   848      1.561 gfx: paging submit, 1016 dwords from private buffer at 0x0, seq 415
   849      1.561 gfx: paging submit, 1004 dwords from private buffer at 0x0, seq 416
   850      1.562 gfx: paging submit, 1004 dwords from private buffer at 0x0, seq 417
   851      1.562 gfx: paging submit, 1004 dwords from private buffer at 0x0, seq 418
   852      1.562 gfx: paging submit, 275 dwords from private buffer at 0x0, seq 419
   853      1.562 gfx: paging submit, 853 dwords from private buffer at 0x0, seq 420
   854      1.562 gfx: paging submit, 15 dwords from private buffer at 0xD54, seq 421
   855      1.587 gfx: paging submit, 144 dwords from private buffer at 0xD90, seq 422
   856      1.588 gfx: paging submit, 1004 dwords from private buffer at 0x0, seq 423
   857      1.589 gfx: paging submit, 1004 dwords from private buffer at 0x0, seq 424
   858      1.589 gfx: paging submit, 974 dwords from private buffer at 0x0, seq 425
   859      1.589 gfx: paging submit, 1004 dwords from private buffer at 0x0, seq 426
   860      1.590 gfx: paging submit, 1006 dwords from private buffer at 0x0, seq 427
   861      1.590 gfx: paging submit, 1016 dwords from private buffer at 0x0, seq 428
   862      1.592 gfx: paging submit, 1004 dwords from private buffer at 0x0, seq 429
   863      1.593 gfx: paging submit, 1004 dwords from private buffer at 0x0, seq 430
   864      1.593 gfx: paging submit, 1004 dwords from private buffer at 0x0, seq 431
   865      1.597 amdgpu[2]: ring alloc of 96 dwords exceeds max_dw 0

   866      1.597 wddm: capture reserved token 0x80000002 bytes 9216000 pages 2250 identities 4500 linear 0
   867      1.597 gfx: paging submit, 961 dwords from private buffer at 0x0, seq 432
   868      1.598 gfx: paging submit, 996 dwords from private buffer at 0x0, seq 433
   869      1.598 gfx: paging submit, 996 dwords from private buffer at 0x0, seq 434
   870      1.598 gfx: paging submit, 996 dwords from private buffer at 0x0, seq 435
   871      1.598 gfx: paging submit, 996 dwords from private buffer at 0x0, seq 436
   872      1.599 gfx: paging submit, 996 dwords from private buffer at 0x0, seq 437
   873      1.599 gfx: paging submit, 996 dwords from private buffer at 0x0, seq 438
   874      1.599 gfx: paging submit, 996 dwords from private buffer at 0x0, seq 439
   875      1.599 gfx: paging submit, 996 dwords from private buffer at 0x0, seq 440
   876      1.600 gfx: paging submit, 996 dwords from private buffer at 0x0, seq 441
   877      1.600 gfx: paging submit, 996 dwords from private buffer at 0x0, seq 442
   878      1.600 gfx: paging submit, 996 dwords from private buffer at 0x0, seq 443
   879      1.601 gfx: paging submit, 996 dwords from private buffer at 0x0, seq 444
   880      1.601 gfx: paging submit, 996 dwords from private buffer at 0x0, seq 445
   881      1.601 gfx: paging submit, 996 dwords from private buffer at 0x0, seq 446
   882      1.601 gfx: paging submit, 996 dwords from private buffer at 0x0, seq 447
   883      1.602 gfx: paging submit, 996 dwords from private buffer at 0x0, seq 448
   884      1.602 gfx: paging submit, 996 dwords from private buffer at 0x0, seq 449
   885      1.602 gfx: paging submit, 996 dwords from private buffer at 0x0, seq 450
   886      1.602 gfx: paging submit, 996 dwords from private buffer at 0x0, seq 451
   887      1.603 gfx: paging submit, 996 dwords from private buffer at 0x0, seq 452
   888      1.603 gfx: paging submit, 996 dwords from private buffer at 0x0, seq 453
   889      1.603 gfx: paging submit, 996 dwords from private buffer at 0x0, seq 454
   890      1.603 gfx: paging submit, 996 dwords from private buffer at 0x0, seq 455
   891      1.604 gfx: paging submit, 996 dwords from private buffer at 0x0, seq 456
   892      1.604 gfx: paging submit, 996 dwords from private buffer at 0x0, seq 457
   893      1.604 gfx: paging submit, 996 dwords from private buffer at 0x0, seq 458
   894      1.605 gfx: paging submit, 996 dwords from private buffer at 0x0, seq 459
   895      1.605 gfx: paging submit, 996 dwords from private buffer at 0x0, seq 460
   896      1.605 gfx: paging submit, 996 dwords from private buffer at 0x0, seq 461
   897      1.605 gfx: paging submit, 996 dwords from private buffer at 0x0, seq 462
   898      1.606 gfx: paging submit, 996 dwords from private buffer at 0x0, seq 463
   899      1.606 gfx: paging submit, 996 dwords from private buffer at 0x0, seq 464
   900      1.606 gfx: paging submit, 996 dwords from private buffer at 0x0, seq 465
   901      1.606 gfx: paging submit, 996 dwords from private buffer at 0x0, seq 466
   902      1.607 gfx: paging submit, 996 dwords from private buffer at 0x0, seq 467
   903      1.607 gfx: paging submit, 996 dwords from private buffer at 0x0, seq 468
   904      1.607 gfx: paging submit, 996 dwords from private buffer at 0x0, seq 469
   905      1.608 gfx: paging submit, 996 dwords from private buffer at 0x0, seq 470
   906      1.608 gfx: paging submit, 996 dwords from private buffer at 0x0, seq 471
   907      1.608 gfx: paging submit, 996 dwords from private buffer at 0x0, seq 472
   908      1.608 gfx: paging submit, 996 dwords from private buffer at 0x0, seq 473
   909      1.609 gfx: paging submit, 996 dwords from private buffer at 0x0, seq 474
   910      1.609 gfx: paging submit, 996 dwords from private buffer at 0x0, seq 475
   911      1.609 gfx: paging submit, 996 dwords from private buffer at 0x0, seq 476
   912      1.609 gfx: paging submit, 996 dwords from private buffer at 0x0, seq 477
   913      1.610 gfx: paging submit, 996 dwords from private buffer at 0x0, seq 478
   914      1.610 gfx: paging submit, 996 dwords from private buffer at 0x0, seq 479
   915      1.610 gfx: paging submit, 996 dwords from private buffer at 0x0, seq 480
   916      1.611 gfx: paging submit, 996 dwords from private buffer at 0x0, seq 481
   917      1.611 gfx: paging submit, 996 dwords from private buffer at 0x0, seq 482
   918      1.611 gfx: paging submit, 996 dwords from private buffer at 0x0, seq 483
   919      1.611 gfx: paging submit, 996 dwords from private buffer at 0x0, seq 484
   920      1.612 gfx: paging submit, 996 dwords from private buffer at 0x0, seq 485
   921      1.612 gfx: paging submit, 996 dwords from private buffer at 0x0, seq 486
   922      1.612 gfx: paging submit, 996 dwords from private buffer at 0x0, seq 487
   923      1.612 gfx: paging submit, 996 dwords from private buffer at 0x0, seq 488
   924      1.613 gfx: paging submit, 996 dwords from private buffer at 0x0, seq 489
   925      1.613 gfx: paging submit, 996 dwords from private buffer at 0x0, seq 490
   926      1.613 gfx: paging submit, 996 dwords from private buffer at 0x0, seq 491
   927      1.613 gfx: paging submit, 996 dwords from private buffer at 0x0, seq 492
   928      1.614 gfx: paging submit, 996 dwords from private buffer at 0x0, seq 493
   929      1.614 gfx: paging submit, 996 dwords from private buffer at 0x0, seq 494
   930      1.614 gfx: paging submit, 996 dwords from private buffer at 0x0, seq 495
   931      1.614 gfx: paging submit, 996 dwords from private buffer at 0x0, seq 496
   932      1.614 gfx: paging submit, 996 dwords from private buffer at 0x0, seq 497
   933      1.615 gfx: paging submit, 996 dwords from private buffer at 0x0, seq 498
   934      1.615 gfx: paging submit, 996 dwords from private buffer at 0x0, seq 499
   935      1.615 gfx: paging submit, 996 dwords from private buffer at 0x0, seq 500
   936      1.615 gfx: paging submit, 996 dwords from private buffer at 0x0, seq 501
   937      1.616 gfx: paging submit, 996 dwords from private buffer at 0x0, seq 502
   938      1.616 gfx: paging submit, 996 dwords from private buffer at 0x0, seq 503
   939      1.616 gfx: paging submit, 996 dwords from private buffer at 0x0, seq 504
   940      1.617 gfx: paging submit, 996 dwords from private buffer at 0x0, seq 505
   941      1.617 gfx: paging submit, 996 dwords from private buffer at 0x0, seq 506
   942      1.617 gfx: paging submit, 996 dwords from private buffer at 0x0, seq 507
   943      1.617 gfx: paging submit, 996 dwords from private buffer at 0x0, seq 508
   944      1.618 gfx: paging submit, 996 dwords from private buffer at 0x0, seq 509
   945      1.618 gfx: paging submit, 996 dwords from private buffer at 0x0, seq 510
   946      1.618 gfx: paging submit, 996 dwords from private buffer at 0x0, seq 511
   947      1.618 gfx: paging submit, 996 dwords from private buffer at 0x0, seq 512
   948      1.619 gfx: paging submit, 996 dwords from private buffer at 0x0, seq 513
   949      1.619 gfx: paging submit, 996 dwords from private buffer at 0x0, seq 514
   950      1.619 gfx: paging submit, 996 dwords from private buffer at 0x0, seq 515
   951      1.620 gfx: paging submit, 996 dwords from private buffer at 0x0, seq 516
   952      1.620 gfx: paging submit, 996 dwords from private buffer at 0x0, seq 517
   953      1.620 gfx: paging submit, 996 dwords from private buffer at 0x0, seq 518
   954      1.620 gfx: paging submit, 996 dwords from private buffer at 0x0, seq 519
   955      1.621 gfx: paging submit, 996 dwords from private buffer at 0x0, seq 520
   956      1.621 gfx: paging submit, 996 dwords from private buffer at 0x0, seq 521
   957      1.621 gfx: paging submit, 996 dwords from private buffer at 0x0, seq 522
   958      1.621 gfx: paging submit, 996 dwords from private buffer at 0x0, seq 523
   959      1.622 gfx: paging submit, 996 dwords from private buffer at 0x0, seq 524
   960      1.622 gfx: paging submit, 996 dwords from private buffer at 0x0, seq 525
   961      1.622 gfx: paging submit, 996 dwords from private buffer at 0x0, seq 526
   962      1.623 gfx: paging submit, 996 dwords from private buffer at 0x0, seq 527
   963      1.623 gfx: paging submit, 996 dwords from private buffer at 0x0, seq 528
   964      1.623 gfx: paging submit, 996 dwords from private buffer at 0x0, seq 529
   965      1.623 gfx: paging submit, 996 dwords from private buffer at 0x0, seq 530
   966      1.624 gfx: paging submit, 996 dwords from private buffer at 0x0, seq 531
   967      1.624 gfx: paging submit, 996 dwords from private buffer at 0x0, seq 532
   968      1.624 gfx: paging submit, 996 dwords from private buffer at 0x0, seq 533
   969      1.624 gfx: paging submit, 996 dwords from private buffer at 0x0, seq 534
   970      1.625 gfx: paging submit, 996 dwords from private buffer at 0x0, seq 535
   971      1.625 gfx: paging submit, 996 dwords from private buffer at 0x0, seq 536
   972      1.625 gfx: paging submit, 996 dwords from private buffer at 0x0, seq 537
   973      1.626 gfx: paging submit, 996 dwords from private buffer at 0x0, seq 538
   974      1.626 gfx: paging submit, 996 dwords from private buffer at 0x0, seq 539
   975      1.626 gfx: paging submit, 996 dwords from private buffer at 0x0, seq 540
   976      1.626 gfx: paging submit, 996 dwords from private buffer at 0x0, seq 541
   977      1.627 gfx: paging submit, 996 dwords from private buffer at 0x0, seq 542
   978      1.627 gfx: paging submit, 996 dwords from private buffer at 0x0, seq 543
   979      1.627 gfx: paging submit, 996 dwords from private buffer at 0x0, seq 544
   980      1.627 gfx: paging submit, 996 dwords from private buffer at 0x0, seq 545
   981      1.628 gfx: paging submit, 996 dwords from private buffer at 0x0, seq 546
   982      1.628 gfx: paging submit, 996 dwords from private buffer at 0x0, seq 547
   983      1.628 gfx: paging submit, 996 dwords from private buffer at 0x0, seq 548
   984      1.628 gfx: paging submit, 996 dwords from private buffer at 0x0, seq 549
   985      1.629 gfx: paging submit, 996 dwords from private buffer at 0x0, seq 550
   986      1.629 gfx: paging submit, 996 dwords from private buffer at 0x0, seq 551
   987      1.629 gfx: paging submit, 996 dwords from private buffer at 0x0, seq 552
   988      1.630 gfx: paging submit, 996 dwords from private buffer at 0x0, seq 553
   989      1.630 gfx: paging submit, 996 dwords from private buffer at 0x0, seq 554
   990      1.630 gfx: paging submit, 996 dwords from private buffer at 0x0, seq 555
   991      1.630 gfx: paging submit, 996 dwords from private buffer at 0x0, seq 556
   992      1.631 gfx: paging submit, 996 dwords from private buffer at 0x0, seq 557
   993      1.631 gfx: paging submit, 996 dwords from private buffer at 0x0, seq 558
   994      1.631 gfx: paging submit, 996 dwords from private buffer at 0x0, seq 559
   995      1.631 gfx: paging submit, 996 dwords from private buffer at 0x0, seq 560
   996      1.632 gfx: paging submit, 996 dwords from private buffer at 0x0, seq 561
   997      1.632 gfx: paging submit, 996 dwords from private buffer at 0x0, seq 562
   998      1.632 gfx: paging submit, 996 dwords from private buffer at 0x0, seq 563
   999      1.633 gfx: paging submit, 996 dwords from private buffer at 0x0, seq 564
  1000      1.633 gfx: paging submit, 996 dwords from private buffer at 0x0, seq 565
  1001      1.633 gfx: paging submit, 996 dwords from private buffer at 0x0, seq 566
  1002      1.633 gfx: paging submit, 996 dwords from private buffer at 0x0, seq 567
  1003      1.634 gfx: paging submit, 996 dwords from private buffer at 0x0, seq 568
  1004      1.634 gfx: paging submit, 996 dwords from private buffer at 0x0, seq 569
  1005      1.634 gfx: paging submit, 996 dwords from private buffer at 0x0, seq 570
  1006      1.634 gfx: paging submit, 996 dwords from private buffer at 0x0, seq 571
  1007      1.635 gfx: paging submit, 996 dwords from private buffer at 0x0, seq 572
  1008      1.635 gfx: paging submit, 996 dwords from private buffer at 0x0, seq 573
  1009      1.635 gfx: paging submit, 996 dwords from private buffer at 0x0, seq 574
  1010      1.636 gfx: paging submit, 996 dwords from private buffer at 0x0, seq 575
  1011      1.636 gfx: paging submit, 996 dwords from private buffer at 0x0, seq 576
  1012      1.636 gfx: paging submit, 996 dwords from private buffer at 0x0, seq 577
  1013      1.636 gfx: paging submit, 996 dwords from private buffer at 0x0, seq 578
  1014      1.637 gfx: paging submit, 996 dwords from private buffer at 0x0, seq 579
  1015      1.637 gfx: paging submit, 996 dwords from private buffer at 0x0, seq 580
  1016      1.637 gfx: paging submit, 996 dwords from private buffer at 0x0, seq 581
  1017      1.638 gfx: paging submit, 996 dwords from private buffer at 0x0, seq 582
  1018      1.638 gfx: paging submit, 996 dwords from private buffer at 0x0, seq 583
  1019      1.638 gfx: paging submit, 996 dwords from private buffer at 0x0, seq 584
  1020      1.638 gfx: paging submit, 996 dwords from private buffer at 0x0, seq 585
  1021      1.639 gfx: paging submit, 996 dwords from private buffer at 0x0, seq 586
  1022      1.639 gfx: paging submit, 996 dwords from private buffer at 0x0, seq 587
  1023      1.639 gfx: paging submit, 996 dwords from private buffer at 0x0, seq 588
  1024      1.639 gfx: paging submit, 996 dwords from private buffer at 0x0, seq 589
  1025      1.640 gfx: paging submit, 996 dwords from private buffer at 0x0, seq 590
  1026      1.640 gfx: paging submit, 996 dwords from private buffer at 0x0, seq 591
  1027      1.640 gfx: paging submit, 996 dwords from private buffer at 0x0, seq 592
  1028      1.641 gfx: paging submit, 996 dwords from private buffer at 0x0, seq 593
  1029      1.641 gfx: paging submit, 996 dwords from private buffer at 0x0, seq 594
  1030      1.641 gfx: paging submit, 996 dwords from private buffer at 0x0, seq 595
  1031      1.641 gfx: paging submit, 996 dwords from private buffer at 0x0, seq 596
  1032      1.642 gfx: paging submit, 996 dwords from private buffer at 0x0, seq 597
  1033      1.642 gfx: paging submit, 996 dwords from private buffer at 0x0, seq 598
  1034      1.642 gfx: paging submit, 996 dwords from private buffer at 0x0, seq 599
  1035      1.642 gfx: paging submit, 996 dwords from private buffer at 0x0, seq 600
  1036      1.643 gfx: paging submit, 996 dwords from private buffer at 0x0, seq 601
  1037      1.643 gfx: paging submit, 996 dwords from private buffer at 0x0, seq 602
  1038      1.643 gfx: paging submit, 996 dwords from private buffer at 0x0, seq 603
  1039      1.644 gfx: paging submit, 996 dwords from private buffer at 0x0, seq 604
  1040      1.644 gfx: paging submit, 996 dwords from private buffer at 0x0, seq 605
  1041      1.644 gfx: paging submit, 996 dwords from private buffer at 0x0, seq 606
  1042      1.644 gfx: paging submit, 996 dwords from private buffer at 0x0, seq 607
  1043      1.644 gfx: paging submit, 996 dwords from private buffer at 0x0, seq 608
  1044      1.645 gfx: paging submit, 996 dwords from private buffer at 0x0, seq 609
  1045      1.645 gfx: paging submit, 996 dwords from private buffer at 0x0, seq 610
  1046      1.645 gfx: paging submit, 996 dwords from private buffer at 0x0, seq 611
  1047      1.646 gfx: paging submit, 996 dwords from private buffer at 0x0, seq 612
  1048      1.646 gfx: paging submit, 996 dwords from private buffer at 0x0, seq 613
  1049      1.646 gfx: paging submit, 996 dwords from private buffer at 0x0, seq 614
  1050      1.646 gfx: paging submit, 996 dwords from private buffer at 0x0, seq 615
  1051      1.647 gfx: paging submit, 996 dwords from private buffer at 0x0, seq 616
  1052      1.647 gfx: paging submit, 996 dwords from private buffer at 0x0, seq 617
  1053      1.647 gfx: paging submit, 996 dwords from private buffer at 0x0, seq 618
  1054      1.647 gfx: paging submit, 664 dwords from private buffer at 0x0, seq 619
  1055      1.652 gfx: paging submit, 352 dwords from private buffer at 0xA60, seq 620
  1056      1.652 gfx: paging submit, 1004 dwords from private buffer at 0x0, seq 621
  1057      1.652 gfx: paging submit, 1004 dwords from private buffer at 0x0, seq 622
  1058      1.652 gfx: paging submit, 1004 dwords from private buffer at 0x0, seq 623
  1059      1.653 gfx: paging submit, 1004 dwords from private buffer at 0x0, seq 624
  1060      1.653 gfx: paging submit, 1017 dwords from private buffer at 0x0, seq 625
  1061      1.653 gfx: paging submit, 1004 dwords from private buffer at 0x0, seq 626
  1062      1.653 gfx: paging submit, 974 dwords from private buffer at 0x0, seq 627
  1063      1.653 gfx: paging submit, 1004 dwords from private buffer at 0x0, seq 628
  1064      1.654 gfx: paging submit, 929 dwords from private buffer at 0x0, seq 629
  1065      1.654 gfx: paging submit, 80 dwords from private buffer at 0xE84, seq 630
  1066      1.654 gfx: paging submit, 752 dwords from private buffer at 0x0, seq 631
  1067      1.654 gfx: paging submit, 256 dwords from private buffer at 0xBC0, seq 632
  1068      1.655 gfx: paging submit, 796 dwords from private buffer at 0x0, seq 633
  1069      1.655 gfx: paging submit, 208 dwords from private buffer at 0xC70, seq 634
  1070      1.655 gfx: paging submit, 844 dwords from private buffer at 0x0, seq 635
  1071      1.655 gfx: paging submit, 160 dwords from private buffer at 0xD30, seq 636
  1072      1.655 gfx: paging submit, 892 dwords from private buffer at 0x0, seq 637
  1073      1.655 gfx: paging submit, 112 dwords from private buffer at 0xDF0, seq 638
  1074      1.656 gfx: paging submit, 991 dwords from private buffer at 0x0, seq 639
  1075      1.656 wddm: DescribeAllocation 1920x1200 format 21
  1076      1.656 wddm: SetVidPnSourceAddress segment 1 address 0xF4008D0000 flags 0x00000001 (firmware framebuffer 0xC0000000)
  1077      1.656 wddm: software vsync on, 16 ms period, target 2424833
  1078      1.656 wddm: display SetVidPnSourceVisibility call 4 detail 0x0 -> 0x00000000
  1079      1.656 wddm: DestroyContext
  1080      1.661 gfx: paging submit, 16 dwords from private buffer at 0xF7C, seq 640
  1081      1.661 gfx: paging submit, 485 dwords from private buffer at 0x0, seq 641
  1082      1.661 gfx: paging submit, 15 dwords from private buffer at 0x794, seq 642
  1083      1.661 wddm: CloseAllocation 1 allocations
  1084      1.661 wddm: DestroyAllocation 1 allocations
  1085      1.663 gfx: paging submit, 512 dwords from private buffer at 0x7D0, seq 643
  1086      1.663 gfx: paging submit, 393 dwords from private buffer at 0x0, seq 644
  1087      1.663 gfx: paging submit, 15 dwords from private buffer at 0x624, seq 645
  1088      1.663 wddm: CloseAllocation 1 allocations
  1089      1.663 wddm: DestroyAllocation 1 allocations
  1090      1.665 gfx: paging submit, 273 dwords from private buffer at 0x660, seq 646
  1091      1.665 gfx: paging submit, 15 dwords from private buffer at 0xAA4, seq 647
  1092      1.665 wddm: CloseAllocation 1 allocations
  1093      1.665 wddm: DestroyAllocation 1 allocations
  1094      1.667 wddm: CreateAllocation 1 allocations, flags 1 resource yes
  1095      1.667 wddm: OpenAllocation [0] handle 0x80002640 private 32 bytes -> FFFFAE085C390E10 (GetHandleData said 0000000000000000)
  1096      1.667 wddm: OpenAllocation 1 allocations flags 0x00000001
  1097      1.668 gfx: paging submit, 320 dwords from private buffer at 0xAE0, seq 648
  1098      1.668 gfx: paging submit, 1004 dwords from private buffer at 0x0, seq 649
  1099      1.668 gfx: paging submit, 1004 dwords from private buffer at 0x0, seq 650
  1100      1.669 gfx: paging submit, 1004 dwords from private buffer at 0x0, seq 651
  1101      1.669 gfx: paging submit, 1004 dwords from private buffer at 0x0, seq 652
  1102      1.669 amdgpu[2]: ring alloc of 16 dwords exceeds max_dw 14

  1103      1.669 gfx: paging submit, 1004 dwords from private buffer at 0x0, seq 653
  1104      1.669 amdgpu[2]: ring alloc of 16 dwords exceeds max_dw 13

  1105      1.669 gfx: paging submit, 1005 dwords from private buffer at 0x0, seq 654
  1106      1.670 amdgpu[2]: ring alloc of 16 dwords exceeds max_dw 13

  1107      1.670 gfx: paging submit, 1005 dwords from private buffer at 0x0, seq 655
  1108      1.670 amdgpu[2]: ring alloc of 16 dwords exceeds max_dw 13

  1109      1.670 gfx: paging submit, 1005 dwords from private buffer at 0x0, seq 656
  1110      1.671 amdgpu[2]: ring alloc of 16 dwords exceeds max_dw 13

  1111      1.671 gfx: paging submit, 1005 dwords from private buffer at 0x0, seq 657
  1112      1.671 amdgpu[2]: ring alloc of 16 dwords exceeds max_dw 13

  1113      1.671 gfx: paging submit, 1005 dwords from private buffer at 0x0, seq 658
  1114      1.671 amdgpu[2]: ring alloc of 16 dwords exceeds max_dw 13

  1115      1.671 gfx: paging submit, 1005 dwords from private buffer at 0x0, seq 659
  1116      1.672 amdgpu[2]: ring alloc of 16 dwords exceeds max_dw 13

  1117      1.672 gfx: paging submit, 1005 dwords from private buffer at 0x0, seq 660
  1118      1.672 amdgpu[2]: ring alloc of 16 dwords exceeds max_dw 13

  1119      1.672 gfx: paging submit, 1005 dwords from private buffer at 0x0, seq 661
  1120      1.673 amdgpu[2]: ring alloc of 16 dwords exceeds max_dw 13

  1121      1.673 gfx: paging submit, 1005 dwords from private buffer at 0x0, seq 662
  1122      1.673 amdgpu[2]: ring alloc of 16 dwords exceeds max_dw 13

  1123      1.673 gfx: paging submit, 1005 dwords from private buffer at 0x0, seq 663
  1124      1.674 gfx: paging submit, 515 dwords from private buffer at 0x0, seq 664
  1125      1.676 gfx: paging submit, 494 dwords from private buffer at 0x80C, seq 665
  1126      1.676 gfx: paging submit, 1004 dwords from private buffer at 0x0, seq 666
  1127      1.676 gfx: paging submit, 974 dwords from private buffer at 0x0, seq 667
  1128      1.676 gfx: paging submit, 1004 dwords from private buffer at 0x0, seq 668
  1129      1.677 gfx: paging submit, 1004 dwords from private buffer at 0x0, seq 669
  1130      1.677 gfx: paging submit, 589 dwords from private buffer at 0x0, seq 670
  1131      1.677 gfx: paging submit, 416 dwords from private buffer at 0x934, seq 671
  1132      1.678 gfx: paging submit, 636 dwords from private buffer at 0x0, seq 672
  1133      1.678 gfx: paging submit, 368 dwords from private buffer at 0x9F0, seq 673
  1134      1.678 gfx: paging submit, 684 dwords from private buffer at 0x0, seq 674
  1135      1.679 gfx: paging submit, 320 dwords from private buffer at 0xAB0, seq 675
  1136      1.679 gfx: paging submit, 732 dwords from private buffer at 0x0, seq 676
  1137      1.679 gfx: paging submit, 272 dwords from private buffer at 0xB70, seq 677
  1138      1.680 gfx: paging submit, 780 dwords from private buffer at 0x0, seq 678
  1139      1.680 gfx: paging submit, 224 dwords from private buffer at 0xC30, seq 679
  1140      1.680 gfx: paging submit, 881 dwords from private buffer at 0x0, seq 680
  1141      1.686 wddm: CreateAllocation 1 allocations, flags 1 resource yes
  1142      1.686 wddm: OpenAllocation [0] handle 0x800026C0 private 32 bytes -> FFFFAE085C390A00 (GetHandleData said 0000000000000000)
  1143      1.686 wddm: OpenAllocation 1 allocations flags 0x00000001
  1144      1.687 gfx: paging submit, 128 dwords from private buffer at 0xDC4, seq 681
  1145      1.687 gfx: paging submit, 1004 dwords from private buffer at 0x0, seq 682
  1146      1.688 gfx: paging submit, 1004 dwords from private buffer at 0x0, seq 683
  1147      1.688 gfx: paging submit, 974 dwords from private buffer at 0x0, seq 684
  1148      1.689 gfx: paging submit, 1004 dwords from private buffer at 0x0, seq 685
  1149      1.690 amdgpu[2]: ring alloc of 16 dwords exceeds max_dw 12

  1150      1.690 gfx: paging submit, 1006 dwords from private buffer at 0x0, seq 686
  1151      1.690 amdgpu[2]: ring alloc of 16 dwords exceeds max_dw 13

  1152      1.690 gfx: paging submit, 1005 dwords from private buffer at 0x0, seq 687
  1153      1.691 amdgpu[2]: ring alloc of 16 dwords exceeds max_dw 13

  1154      1.691 gfx: paging submit, 1005 dwords from private buffer at 0x0, seq 688
  1155      1.691 amdgpu[2]: ring alloc of 16 dwords exceeds max_dw 13

  1156      1.691 gfx: paging submit, 1005 dwords from private buffer at 0x0, seq 689
  1157      1.692 amdgpu[2]: ring alloc of 16 dwords exceeds max_dw 13

  1158      1.692 gfx: paging submit, 1005 dwords from private buffer at 0x0, seq 690
  1159      1.692 amdgpu[2]: ring alloc of 16 dwords exceeds max_dw 13

  1160      1.692 gfx: paging submit, 1005 dwords from private buffer at 0x0, seq 691
  1161      1.692 amdgpu[2]: ring alloc of 16 dwords exceeds max_dw 13

  1162      1.693 gfx: paging submit, 1005 dwords from private buffer at 0x0, seq 692
  1163      1.693 amdgpu[2]: ring alloc of 16 dwords exceeds max_dw 13

  1164      1.693 gfx: paging submit, 1005 dwords from private buffer at 0x0, seq 693
  1165      1.693 amdgpu[2]: ring alloc of 16 dwords exceeds max_dw 13

  1166      1.693 gfx: paging submit, 1005 dwords from private buffer at 0x0, seq 694
  1167      1.694 amdgpu[2]: ring alloc of 16 dwords exceeds max_dw 13

  1168      1.694 gfx: paging submit, 1005 dwords from private buffer at 0x0, seq 695
  1169      1.694 amdgpu[2]: ring alloc of 16 dwords exceeds max_dw 13

  1170      1.694 gfx: paging submit, 1005 dwords from private buffer at 0x0, seq 696
  1171      1.696 gfx: paging submit, 735 dwords from private buffer at 0x0, seq 697
  1172      1.697 gfx: paging submit, 272 dwords from private buffer at 0xB7C, seq 698
  1173      1.697 gfx: paging submit, 1004 dwords from private buffer at 0x0, seq 699
  1174      1.697 gfx: paging submit, 1004 dwords from private buffer at 0x0, seq 700
  1175      1.698 gfx: paging submit, 1004 dwords from private buffer at 0x0, seq 701
  1176      1.698 gfx: paging submit, 1004 dwords from private buffer at 0x0, seq 702
  1177      1.698 gfx: paging submit, 367 dwords from private buffer at 0x0, seq 703
  1178      1.698 gfx: paging submit, 638 dwords from private buffer at 0x5BC, seq 704
  1179      1.699 gfx: paging submit, 428 dwords from private buffer at 0x0, seq 705
  1180      1.699 gfx: paging submit, 576 dwords from private buffer at 0x6B0, seq 706
  1181      1.699 gfx: paging submit, 476 dwords from private buffer at 0x0, seq 707
  1182      1.700 gfx: paging submit, 528 dwords from private buffer at 0x770, seq 708
  1183      1.700 gfx: paging submit, 524 dwords from private buffer at 0x0, seq 709
  1184      1.700 gfx: paging submit, 480 dwords from private buffer at 0x830, seq 710
  1185      1.701 gfx: paging submit, 572 dwords from private buffer at 0x0, seq 711
  1186      1.701 gfx: paging submit, 432 dwords from private buffer at 0x8F0, seq 712
  1187      1.701 gfx: paging submit, 673 dwords from private buffer at 0x0, seq 713
  1188      1.702 wddm: DestroyDevice
  1189      1.707 wddm: DescribeAllocation 1920x1200 format 21
  1190      1.707 wddm: SetVidPnSourceAddress segment 1 address 0xF4008D0000 flags 0x00000001 (firmware framebuffer 0xC0000000)
  1191      1.707 wddm: display SetVidPnSourceVisibility call 5 detail 0x0 -> 0x00000000
  1192      1.711 wddm: DestroyProcess
  1193      1.727 wddm: CreateProcess flags 0x00000000 pasids 1
  1194      1.727 wddm: CreateDevice flags 0x00000000 pasid 0
  1195      1.728 wddm: CreateContext node 0 engine 0x1 flags 0x00000004 private 0
  1196      1.728 wddm: CreateContext answered dma 4096 bytes segment set 0x2, lists 256/0, caps 0x00000001
  1197      3.003 wddm: DescribeAllocation 1920x1200 format 21
  1198      3.003 wddm: Present flags 0x0000000C source 0 dest 0, 1 sub-rectangles, 0 DMA bytes free
  1199      3.003 wddm: Present list FFFF8005BF501E40 (context list 256), private 0000000000000000/0, driver data 0
  1200      3.003 wddm: Present list q0-3  0000000000000000 0000000000000000 0000000000000000 0000000000000000
  1201      3.003 wddm: Present list q4-7  FFFFAE085C390E10 0000000002338000 FFFFFFFFFFFFFFFF 000000000000FFFF
  1202      3.003 wddm: Present list q8-11 0000000000000000 0000000000000000 0000000000000000 0000000000000000
  1203      3.003 wddm: Present dst (0,0)-(0,0) src (0,0)-(0,0) va 0x0
  1204      3.027 gfx: paging submit, 334 dwords from private buffer at 0xA84, seq 714
  1205      3.027 gfx: paging submit, 732 dwords from private buffer at 0x0, seq 715
  1206      3.027 gfx: paging submit, 286 dwords from private buffer at 0xB70, seq 716
  1207      3.027 gfx: paging submit, 1004 dwords from private buffer at 0x0, seq 717
  1208      3.027 gfx: paging submit, 1004 dwords from private buffer at 0x0, seq 718
  1209      3.027 gfx: paging submit, 1004 dwords from private buffer at 0x0, seq 719
  1210      3.027 gfx: paging submit, 939 dwords from private buffer at 0x0, seq 720
  1211      3.194 gfx: paging submit, 64 dwords from private buffer at 0xEAC, seq 721
  1212      3.194 gfx: paging submit, 974 dwords from private buffer at 0x0, seq 722
  1213      3.196 gfx: paging submit, 39 dwords from private buffer at 0x0, seq 723
  1214      3.196 gfx: paging submit, 974 dwords from private buffer at 0x9C, seq 724
  1215      3.196 gfx: paging submit, 74 dwords from private buffer at 0x0, seq 725
  1216      3.196 gfx: paging submit, 938 dwords from private buffer at 0x128, seq 726
  1217      3.196 gfx: paging submit, 159 dwords from private buffer at 0x0, seq 727
  1218      3.200 wddm: CreateDevice flags 0x00000000 pasid 0
  1219      3.200 wddm: CreateContext node 0 engine 0x1 flags 0x00000004 private 0
  1220      3.200 wddm: CreateContext answered dma 4096 bytes segment set 0x2, lists 256/0, caps 0x00000001
  1221      3.744 gfx: paging submit, 125 dwords from private buffer at 0x27C, seq 728
  1222      3.746 gfx: paging submit, 110 dwords from private buffer at 0x470, seq 729
  1223      3.746 gfx: paging submit, 624 dwords from private buffer at 0x628, seq 730
  1224      3.746 gfx: paging submit, 428 dwords from private buffer at 0x0, seq 731
  1225      3.746 gfx: paging submit, 590 dwords from private buffer at 0x6B0, seq 732
  1226      3.746 gfx: paging submit, 509 dwords from private buffer at 0x0, seq 733
  1227      4.485 wddm: DescribeAllocation 1920x1200 format 21
  1228      4.485 wddm: Present flags 0x0000000C source 0 dest 0, 1 sub-rectangles, 0 DMA bytes free
  1229      4.485 wddm: Present list FFFF8005BF501E40 (context list 256), private 0000000000000000/0, driver data 0
  1230      4.485 wddm: Present list q0-3  0000000000000000 0000000000000000 0000000000000000 0000000000000000
  1231      4.485 wddm: Present list q4-7  FFFFAE085C390E10 0000000002338000 FFFFFFFFFFFFFFFF 000000000000FFFF
  1232      4.485 wddm: Present list q8-11 0000000000000000 0000000000000000 0000000000000000 0000000000000000
  1233      4.485 wddm: Present dst (0,0)-(0,0) src (0,0)-(0,0) va 0x0
  1234      4.663 gfx: paging submit, 496 dwords from private buffer at 0x7F4, seq 734
  1235      4.663 gfx: paging submit, 135 dwords from private buffer at 0x0, seq 735
  1236      4.663 gfx: paging submit, 602 dwords from private buffer at 0x21C, seq 736
  1237      4.663 gfx: paging submit, 272 dwords from private buffer at 0xB84, seq 737
  1238      4.665 gfx: paging submit, 780 dwords from private buffer at 0x0, seq 738
  1239      4.665 gfx: paging submit, 224 dwords from private buffer at 0xC30, seq 739
  1240      4.665 gfx: paging submit, 875 dwords from private buffer at 0x0, seq 740
  1241      5.890 wddm: DescribeAllocation 1920x1200 format 21
  1242      5.890 wddm: Present flags 0x0000000C source 0 dest 0, 1 sub-rectangles, 0 DMA bytes free
  1243      5.890 wddm: Present list FFFF8005BF501E40 (context list 256), private 0000000000000000/0, driver data 0
  1244      5.890 wddm: Present list q0-3  0000000000000000 0000000000000000 0000000000000000 0000000000000000
  1245      5.890 wddm: Present list q4-7  FFFFAE085C390E10 0000000002338000 FFFFFFFFFFFFFFFF 000000000000FFFF
  1246      5.890 wddm: Present list q8-11 0000000000000000 0000000000000000 0000000000000000 0000000000000000
  1247      5.890 wddm: Present dst (0,0)-(0,0) src (0,0)-(0,0) va 0x0
  1248      7.247 wddm: Present flags 0x0000000C source 0 dest 0, 1 sub-rectangles, 0 DMA bytes free
  1249      7.247 wddm: Present list FFFF8005BF501E40 (context list 256), private 0000000000000000/0, driver data 0
  1250      7.247 wddm: Present list q0-3  0000000000000000 0000000000000000 0000000000000000 0000000000000000
  1251      7.247 wddm: Present list q4-7  FFFFAE085C390E10 0000000002338000 FFFFFFFFFFFFFFFF 000000000000FFFF
  1252      7.247 wddm: Present list q8-11 0000000000000000 0000000000000000 0000000000000000 0000000000000000
  1253      7.247 wddm: Present dst (0,0)-(0,0) src (0,0)-(0,0) va 0x0
  1254      8.256 wddm summary: ---- DDI calls: name, count, first log line ----
  1255      8.256 wddm summary: QueryAdapterInfo                   12  first at 234
  1256      8.256 wddm summary: GetNodeMetadata                     2  first at 242
  1257      8.256 wddm summary: CreateDevice                        8  first at 249
  1258      8.256 wddm summary: DestroyDevice                       1  first at 1188
  1259      8.256 wddm summary: CreateContext                       6  first at 252
  1260      8.256 wddm summary: DestroyContext                      1  first at 1079
  1261      8.256 wddm summary: CreateProcess                       5  first at 248
  1262      8.256 wddm summary: DestroyProcess                      1  first at 1192
  1263      8.256 wddm summary: SetRootPageTable                    1  first at 274
  1264      8.256 wddm summary: CreateAllocation                   10  first at 311
  1265      8.256 wddm summary: DestroyAllocation                   5  first at 633
  1266      8.256 wddm summary: DescribeAllocation                  9  first at 366
  1267      8.256 wddm summary: GetStandardAllocationDriverData      4  first at 309
  1268      8.256 wddm summary: OpenAllocation                     12  first at 313
  1269      8.256 wddm summary: CloseAllocation                     5  first at 632
  1270      8.256 wddm summary: BuildPagingBuffer                1981  first at 254
  1271      8.256 wddm summary: SubmitCommandVirtual              740  first at 294
  1272      8.256 wddm summary: Present                             4  first at 1198
  1273      8.256 wddm summary: SetVidPnSourceAddress               7  first at 418
  1274      8.256 wddm summary: ControlInterrupt                    1  first at 422
  1275      8.256 wddm summary: ---- QueryAdapterInfo types: type, count, first log line ----
  1276      8.256 wddm summary: adapter info type   1       1  first at 234
  1277      8.256 wddm summary: adapter info type  15       1  first at 235
  1278      8.256 wddm summary: adapter info type  47       1  first at 236
  1279      8.256 wddm summary: adapter info type  13       1  first at 237
  1280      8.256 wddm summary: adapter info type  14       4  first at 238
  1281      8.256 wddm summary: adapter info type  11       2  first at 245
  1282      8.256 wddm summary: adapter info type  10       1  first at 247
  1283      8.256 wddm summary: adapter info type  16       1  first at 247
  1284      8.256 wddm summary: capture plans reserved 2 heap 0
  1285      8.256 wddm summary: capture context peaks plans 1 reserved-bytes 189304
  1286      8.256 wddm summary: ---- BuildPagingBuffer operations: operation, count, first log line ----
  1287      8.256 wddm summary: paging operation  11    1450  first at 254
  1288      8.256 wddm summary: paging operation  12      55  first at 302
  1289      8.256 wddm summary: paging operation   9      98  first at 321
  1290      8.256 wddm summary: paging operation   2       2  first at 627
  1291      8.256 wddm summary: paging operation   8     376  first at 648
  1292      8.256 wddm summary: objects created/destroyed: dev 8/1 ctx 6/1 proc 5/1 alloc 10/5, 36 alive
  1293      8.256 wddm summary: allocations opened/closed: 12/5 calls
  1294      8.256 wddm summary: submissions 0 physical + 740 virtual, 0 preemptions, last completed fence 740
  1295      8.256 wddm summary: node 0 hardware: 0 submitted, 0 completed, 0 timeouts, 0 refused
  1296      8.256 wddm summary: umd: 0 allocs (0 refused), 0 contexts, 0 submits on the ring, 0 not run
  1297      8.256 wddm profile: umd calls 0, elapsed ticks 0, QPC frequency 10000000
  1298      8.256 wddm profile: probe enabled 0, calls 0, elapsed ticks 0 (included in umd)
  1299      8.256 wddm summary: node 1 (paging, open): 740 hardware submitted, 740 completed, 0 timeouts, 0 refused
  1300      8.256 wddm summary: SubmitCommandVirtual by node: 0: 0, 1: 740, 0 private-buffer refusals
  1301      8.256 wddm summary: BuildPagingBuffer: 2 transfers, 98 fills, 92160000 bytes, 651 insufficient-buffer
  1302      8.256 wddm summary: aperture map batches 0, unmap batches 0
  1303      8.256 wddm summary: paging TLB invalidations 55, PTE update batches 418
  1304      8.256 wddm summary: paging unsupported (not ready/no root/no translation/system memory/not contiguous) 0/0/0/0/0
  1305      8.256 wddm summary: presents 4, flips 2 of 7 address calls (4 arrived above DISPATCH_LEVEL)
  1306      8.256 wddm summary: blit gate open, 0 blits, 0 skips, 0 sources translated contiguous
  1307      8.256 wddm summary: blit destination: 0 to the flipped surface, 0 to the POST framebuffer (0 a failed-mapping fallback), 0 scanout remaps (0 failed), last blit 0 row
  1308      8.256 wddm summary: widest blit 0 rows
  1309      8.256 wddm summary: last blit reading 0, 0x0 pitch 0, 0 rectangles, source physical 0x0
  1310      8.256 wddm summary: vsync enabled, 454 ticks, 437 reported to dxgkrnl
  1311      8.256 wddm summary: vidpn flip closed: 0 hardware flips, 0 refused, 0 hardware vsyncs armed 0 acked 0 refused 0 deferred (flip still pending)
  1312      8.256 wddm summary: no TDR (ResetEngine, ResetFromTimeout and RestartFromTimeout were never called)
  1313      8.256 wddm summary: CollectDbgInfo called 0 time(s) since the driver was loaded
  1314      8.256 vidmm summary: level 0: 1024 calls, 262656 entries, 512 valid
  1315      8.256 vidmm summary: level 1: 2 calls, 1024 entries, 512 valid
  1316      8.256 vidmm summary: level 2: 1 calls, 512 entries, 2 valid
  1317      8.256 vidmm summary: level 3: 1 calls, 512 entries, 1 valid
  1318      8.256 vidmm summary: system leaf encoding coherent 0 noncoherent 16684 snoop mismatches 0
  1319      8.256 vidmm summary: 1028 cpu-virtual calls, 0 gpu-physical calls
  1320      8.256 vidmm summary: 264704 entries written (EnableGpuVa open), 0 refused, 0 bad calls, 1 roots
             1024 lines printed
log          1321 lines since this driver load, 297 lost to the wrap, 0 dropped above DISPATCH_LEVEL; ring 1024 lines of which the first 256 are kept; table FULL WDDM (the gate was open at DriverEntry)
     0      0.003 stage 10
     1      0.004 gate: EnableFullWddm 1 (one shot: closed again on disk)
     2      0.005 stage 20
     3      0.175 stage 30
     4      0.178 stage 31
     5      0.179 stage 32
     6      0.179 post display 1920x1200 pitch 7680 format 22 target 2424833
     7      0.180 stage 33
     8      0.181 stage 34
     9      0.181 interrupt resource 1: message, vector 0x80, flags 0x3
    10      0.181 mmio: BAR5 at 0xFE800000 mapped, writes off, dcn writes off, vidpn flip off
    11      0.181 vram: 0x270000000 + 0x200000000, MC 0xF400000000, BAR0 0xC0000000 + 0x10000000, writes allowed
    12      0.181 fb sample mapped: phys 0xC0000000 first 0x00000000 mid 0x00000000
    13      0.181 fb sample physical: 0x270000000 first 0x00000000 mid 0x00000000
    14      0.182 gart: ready, dummy page at 0x26FFFA000
    15      0.182 psp: ready
    16      0.182 gpumem: ready, doorbells at 0xD0000000
    17      0.182 gfx: ready, GPU submission allowed, paging node allowed
    18      0.182 ih: ready
    19      0.199 vidmm: logical paging state 515 tables, 1031 slots, 4767344 bytes reserved
    20      0.207 vidmm: table segment 3 at physical 0x45E150000 + 0xFEB0000, host memory below 0x270000000, updates are WRITTEN
    21      0.207 startup: entering interrupt connection
    22      0.210 startup: entering firmware preparation
    23      0.215 gfx: CP_ME_CNTL 0x15000000, CP_MEC_CNTL 0x50000000, SDMA0/1_F32_CNTL 0x1 0x1
    24      0.215 gfx: unpublished translation bootstrap entered with engines halted
    25      0.215 gfx: RLC before-gart-initialization CNTL 0x00000000 read 0x00000000 STATUS2 0x00000008 read 0x00000000
    26      0.215 gfx: GRBM before-gart-initialization STATUS 0x00003028 read 0x00000000
    27      0.215 startup: entering GART initialization
    28      0.229 gart: startup startup-after-gfxhub-enable sample 0x00000000 fault 0x00000000
    29      0.229 gfx: RLC startup-after-gfxhub-enable CNTL 0x00000000 read 0x00000000 STATUS2 0x00000008 read 0x00000000
    30      0.229 gfx: GRBM startup-after-gfxhub-enable STATUS 0x00003028 read 0x00000000
    31      0.230 gart: startup startup-after-mmhub-enable sample 0x00000000 fault 0x00000000
    32      0.230 gfx: RLC startup-after-mmhub-enable CNTL 0x00000000 read 0x00000000 STATUS2 0x00000008 read 0x00000000
    33      0.230 gfx: GRBM startup-after-mmhub-enable STATUS 0x00003028 read 0x00000000
    34      0.230 gart: startup startup-after-fault-defaults sample 0x00000000 fault 0x00000000
    35      0.230 gfx: RLC startup-after-fault-defaults CNTL 0x00000000 read 0x00000000 STATUS2 0x00000008 read 0x00000000
    36      0.230 gfx: GRBM startup-after-fault-defaults STATUS 0x00003028 read 0x00000000
    37      0.230 gart: startup bootstrap-after-mmhub-flush sample 0x00000000 fault 0x00000000
    38      0.230 gfx: RLC bootstrap-after-mmhub-flush CNTL 0x00000000 read 0x00000000 STATUS2 0x00000008 read 0x00000000
    39      0.230 gfx: GRBM bootstrap-after-mmhub-flush STATUS 0x00003028 read 0x00000000
    40      0.230 gart: op 1 -> 0x00000000 (-), result 0, 284 writes, fault offset 0x00000
    41      0.230 gfx: RLC before-psp CNTL 0x00000000 read 0x00000000 STATUS2 0x00000008 read 0x00000000
    42      0.230 gfx: GRBM before-psp STATUS 0x00003028 read 0x00000000
    43      0.230 startup: entering PSP initialization
    44      0.282 gfx: RLC before-psp-ring-create CNTL 0x00000000 read 0x00000000 STATUS2 0x00000008 read 0x00000000
    45      0.282 gfx: GRBM before-psp-ring-create STATUS 0x00003028 read 0x00000000
    46      0.305 gfx: RLC after-psp-ring-create CNTL 0x00000000 read 0x00000000 STATUS2 0x00000008 read 0x00000000
    47      0.305 gfx: GRBM after-psp-ring-create STATUS 0x00003028 read 0x00000000
    48      0.305 amdgpu[0]: reserve 0x400000 from 0xf5ff800000 for PSP TMR

    49      0.305 psp: command 1 (id 5, type 0, 4194304 bytes): rc 0, status 0x0, 269 us, in TMR at 0x0
    50      0.305 gfx: RLC after-psp-command CNTL 0x00000000 read 0x00000000 STATUS2 0x00000008 read 0x00000000
    51      0.305 gfx: GRBM after-psp-command STATUS 0x00003028 read 0x00000000
    52      0.307 psp: command 2 (id 6, type 9, 33536 bytes): rc 0, status 0x0, 1905 us, in TMR at 0x0
    53      0.307 gfx: RLC after-psp-command CNTL 0x00000000 read 0x00000000 STATUS2 0x01000008 read 0x00000000
    54      0.307 gfx: GRBM after-psp-command STATUS 0x00003028 read 0x00000000
    55      0.309 psp: command 3 (id 6, type 10, 33536 bytes): rc 0, status 0x0, 1940 us, in TMR at 0x0
    56      0.309 gfx: RLC after-psp-command CNTL 0x00000000 read 0x00000000 STATUS2 0x01000008 read 0x00000000
    57      0.309 gfx: GRBM after-psp-command STATUS 0x00003028 read 0x00000000
    58      0.315 psp: command 4 (id 6, type 3, 263040 bytes): rc 0, status 0x0, 5913 us, in TMR at 0xF5FF842000
    59      0.315 gfx: RLC after-psp-command CNTL 0x00000000 read 0x00000000 STATUS2 0x01000008 read 0x00000000
    60      0.315 gfx: GRBM after-psp-command STATUS 0x00003028 read 0x00000000
    61      0.320 psp: command 5 (id 6, type 2, 263168 bytes): rc 0, status 0x0, 5912 us, in TMR at 0xF5FF883000
    62      0.320 gfx: RLC after-psp-command CNTL 0x00000000 read 0x00000000 STATUS2 0x01000008 read 0x00000000
    63      0.320 gfx: GRBM after-psp-command STATUS 0x00003028 read 0x00000000
    64      0.326 psp: command 6 (id 6, type 1, 263168 bytes): rc 0, status 0x0, 5912 us, in TMR at 0xF5FF8C4000
    65      0.326 gfx: RLC after-psp-command CNTL 0x00000000 read 0x00000000 STATUS2 0x01000008 read 0x00000000
    66      0.326 gfx: GRBM after-psp-command STATUS 0x00003028 read 0x00000000
    67      0.332 psp: command 7 (id 6, type 4, 267440 bytes): rc 0, status 0x0, 5963 us, in TMR at 0xF5FF800000
    68      0.332 gfx: RLC after-psp-command CNTL 0x00000000 read 0x00000000 STATUS2 0x01000008 read 0x00000000
    69      0.332 gfx: GRBM after-psp-command STATUS 0x00003028 read 0x00000000
    70      0.332 psp: command 8 (id 6, type 5, 896 bytes): rc 0, status 0x0, 130 us, in TMR at 0x0
    71      0.332 gfx: RLC after-psp-command CNTL 0x00000000 read 0x00000000 STATUS2 0x01000008 read 0x00000000
    72      0.332 gfx: GRBM after-psp-command STATUS 0x00003028 read 0x00000000
    73      0.338 psp: command 9 (id 6, type 4, 267440 bytes): rc 0, status 0x0, 5962 us, in TMR at 0xF5FF800000
    74      0.338 gfx: RLC after-psp-command CNTL 0x00000000 read 0x00000000 STATUS2 0x01000008 read 0x00000000
    75      0.338 gfx: GRBM after-psp-command STATUS 0x00003028 read 0x00000000
    76      0.338 psp: command 10 (id 6, type 6, 896 bytes): rc 0, status 0x0, 130 us, in TMR at 0x0
    77      0.338 gfx: RLC after-psp-command CNTL 0x00000000 read 0x00000000 STATUS2 0x01000008 read 0x00000000
    78      0.338 gfx: GRBM after-psp-command STATUS 0x00003028 read 0x00000000
    79      0.340 psp: command 11 (id 6, type 8, 25088 bytes): rc 0, status 0x0, 1739 us, in TMR at 0x0
    80      0.340 gfx: RLC after-psp-command CNTL 0x00000000 read 0x00000000 STATUS2 0x01000008 read 0x00000000
    81      0.340 gfx: GRBM after-psp-command STATUS 0x00003028 read 0x00000000
    82      0.340 psp: op 1 -> 0x00000000, result 0, 15 writes, 11 of 11 commands
    83      0.340 gfx: RLC after-psp CNTL 0x00000000 read 0x00000000 STATUS2 0x01000008 read 0x00000000
    84      0.340 gfx: GRBM after-psp STATUS 0x00003028 read 0x00000000
    85      0.340 startup: entering IH initialization
    86      0.344 ih: init: rc 0, 18 writes
    87      0.344 ih: op 1 -> 0x00000000, result 0, 19 writes; 0 interrupt routine calls, 0 ours, 0 DPCs, 0 vectors; status idle 1 input_idle 1 bif_interrupt_line 0
    88      0.344 startup: entering GFX initialization
    89      0.347 startup: entering GFX stage 1
    90      0.351 gfx: RLC startup policy pp_gfxoff 0
    91      0.354 gfx: stage 1 (doorbell aperture): rc 0, 49 writes so far, 1 us
    92      0.354 gfx: op 1 to stage 1 -> 0x00000000, result 0, 49 writes, 0 doorbells
    93      0.357 startup: entering GFX stage 2
    94      0.360 gfx: stage 2 (golden registers): rc 0, 34 writes so far, 26 us
    95      0.360 gfx: op 1 to stage 2 -> 0x00000000, result 0, 34 writes, 0 doorbells
    96      0.362 startup: entering GFX stage 3
    97      0.365 gfx: stage 3 (GRBM CAM probe): rc 0, 3 writes so far, 3 us
    98      0.365 gfx: op 1 to stage 3 -> 0x00000000, result 0, 3 writes, 0 doorbells
    99      0.367 startup: entering GFX stage 4
   100      0.370 gfx: stage 4 (constants): rc 0, 157 writes so far, 77 us
   101      0.370 gfx: op 1 to stage 4 -> 0x00000000, result 0, 157 writes, 0 doorbells
   102      0.372 startup: entering GFX stage 5
   103      0.375 startup: RLC boundary acquire-paging-lock
   104      0.378 startup: RLC boundary acquire-gart-lock
   105      0.380 startup: RLC boundary locks-acquired
   106      0.383 startup: RLC boundary before-rlc-resume
   107      0.386 startup: RLC boundary after-rlc-resume
   108      0.388 startup: RLC boundary before-gfx-visibility
   109      0.391 gpumem: GFXHUB after-invalidate-request sample 0x00F80001 fault 0x00000000
   110      0.393 startup: visibility observer returned after-invalidate-request
   111      0.396 gpumem: GFXHUB after-invalidate-request-read sample 0x00F80001 fault 0x00000000
   112      0.399 startup: visibility observer returned after-invalidate-request-read
   113      0.401 gpumem: GFXHUB after-invalidate-ack sample 0x00000001 fault 0x00000000
   114      0.404 startup: visibility observer returned after-invalidate-ack
   115      0.407 startup: visibility GFX returned 0, entering MMHUB
   116      0.410 startup: visibility MMHUB returned 0
   117      0.412 gpumem: startup GFX translations committed after RLC, before CP
   118      0.415 gfx: RLC after-bootstrap-translation-commit CNTL 0x00000001 read 0x00000000 STATUS2 0x00000008 read 0x00000000
   119      0.415 gfx: GRBM after-bootstrap-translation-commit STATUS 0x00003028 read 0x00000000
   120      0.415 startup: visibility publication observer returned
   121      0.418 startup: RLC boundary after-gfx-visibility
   122      0.421 gfx: stage 5 (RLC): rc 0, 11 writes so far, 37585 us
   123      0.421 gfx: op 1 to stage 5 -> 0x00000000, result 0, 11 writes, 0 doorbells
   124      0.424 startup: entering GFX stage 6
   125      0.426 startup: entering CP step 1
   126      0.429 startup: CP1 checkpoint acquire-paging-lock
   127      0.432 startup: CP1 checkpoint acquire-gart-lock
   128      0.434 startup: CP1 checkpoint locks-acquired
   129      0.437 amdgpu[0]: CP resume kiq-init begin

   130      0.437 startup: CP1 checkpoint scheduler
   131      0.440 startup: CP1 checkpoint scheduler-read
   132      0.443 startup: CP1 checkpoint scheduler-write
   133      0.446 startup: CP1 checkpoint scheduler-done
   134      0.449 startup: CP1 checkpoint clear-mqd
   135      0.452 startup: CP1 checkpoint select-queue
   136      0.455 startup: CP1 checkpoint build-mqd
   137      0.459 startup: CP1 checkpoint disable-wptr-poll
   138      0.461 startup: CP1 checkpoint read-active
   139      0.464 startup: CP1 checkpoint program-hqd
   140      0.466 startup: CP1 checkpoint activate-hqd
   141      0.469 startup: CP1 checkpoint restore-selection
   142      0.472 startup: CP1 checkpoint complete
   143      0.475 amdgpu[0]: CP resume kiq-init end result=0

   144      0.475 gfx: CP step 1: rc 0, 27 writes, 37532 us
   145      0.475 gfx: op 1 to stage 6 -> 0x00000000, result 0, 27 writes, 0 doorbells
   146      0.475 startup: CP step 1 returned 0x00000000 result 0
   147      0.477 startup: entering CP step 2
   148      0.480 amdgpu[0]: CP resume compute-unhalt begin

   149      0.481 amdgpu[0]: CP resume compute-unhalt end

   150      0.481 amdgpu[0]: CP resume kcq-init ring=0 begin

   151      0.481 amdgpu[0]: CP resume kcq-init ring=0 end result=0

   152      0.481 amdgpu[0]: CP resume kcq-init ring=1 begin

   153      0.481 amdgpu[0]: CP resume kcq-init ring=1 end result=0

   154      0.481 amdgpu[0]: CP resume kcq-init ring=2 begin

   155      0.481 amdgpu[0]: CP resume kcq-init ring=2 end result=0

   156      0.481 amdgpu[0]: CP resume kcq-init ring=3 begin

   157      0.481 amdgpu[0]: CP resume kcq-init ring=3 end result=0

   158      0.481 amdgpu[0]: CP resume kcq-init ring=4 begin

   159      0.481 amdgpu[0]: CP resume kcq-init ring=4 end result=0

   160      0.481 amdgpu[0]: CP resume kcq-init ring=5 begin

   161      0.481 amdgpu[0]: CP resume kcq-init ring=5 end result=0

   162      0.481 amdgpu[0]: CP resume kcq-init ring=6 begin

   163      0.481 amdgpu[0]: CP resume kcq-init ring=6 end result=0

   164      0.481 amdgpu[0]: CP resume kcq-init ring=7 begin

   165      0.481 amdgpu[0]: CP resume kcq-init ring=7 end result=0

   166      0.481 gfx: CP step 2: rc 0, 17 writes, 344 us
   167      0.481 gfx: op 1 to stage 6 -> 0x00000000, result 0, 17 writes, 0 doorbells
   168      0.481 startup: CP step 2 returned 0x00000000 result 0
   169      0.484 startup: entering CP step 3
   170      0.487 amdgpu[0]: CP resume kcq-enable begin

   171      0.487 amdgpu[0]: CP resume kcq-enable end result=0

   172      0.487 gfx: CP step 3: rc 0, 1 writes, 63 us
   173      0.487 gfx: op 1 to stage 6 -> 0x00000000, result 0, 1 writes, 2 doorbells
   174      0.487 startup: CP step 3 returned 0x00000000 result 0
   175      0.490 startup: entering CP step 4
   176      0.493 amdgpu[0]: CP resume kgq-init ring=0 begin

   177      0.493 amdgpu[0]: CP resume kgq-init ring=0 end result=0

   178      0.493 gfx: CP step 4: rc 0, 4 writes, 48 us
   179      0.493 gfx: op 1 to stage 6 -> 0x00000000, result 0, 4 writes, 0 doorbells
   180      0.493 startup: CP step 4 returned 0x00000000 result 0
   181      0.497 startup: entering CP step 5
   182      0.500 amdgpu[0]: CP resume kgq-enable begin

   183      0.500 amdgpu[0]: CP resume kgq-enable end result=0

   184      0.500 gfx: CP step 5: rc 0, 1 writes, 33 us
   185      0.500 gfx: op 1 to stage 6 -> 0x00000000, result 0, 1 writes, 2 doorbells
   186      0.500 startup: CP step 5 returned 0x00000000 result 0
   187      0.504 startup: entering CP step 6
   188      0.507 amdgpu[0]: CP resume gfx-start begin

   189      0.507 amdgpu[0]: CP resume gfx-start end result=0

   190      0.507 gfx: CP step 6: rc 0, 3 writes, 53 us
   191      0.507 gfx: op 1 to stage 6 -> 0x00000000, result 0, 3 writes, 1 doorbells
   192      0.507 startup: CP step 6 returned 0x00000000 result 0
   193      0.510 startup: entering CP step 7
   194      0.513 amdgpu[0]: CP resume gfx-test ring=0 begin

   195      0.513 amdgpu[0]: CP resume gfx-test ring=0 end result=0

   196      0.513 gfx: CP step 7: rc 0, 1 writes, 27 us
   197      0.513 gfx: op 1 to stage 6 -> 0x00000000, result 0, 1 writes, 1 doorbells
   198      0.513 startup: CP step 7 returned 0x00000000 result 0
   199      0.516 startup: entering CP step 8
   200      0.519 amdgpu[0]: CP resume compute-test ring=0 begin

   201      0.519 amdgpu[0]: CP resume compute-test ring=0 end result=0

   202      0.519 amdgpu[0]: CP resume compute-test ring=1 begin

   203      0.519 amdgpu[0]: CP resume compute-test ring=1 end result=0

   204      0.519 amdgpu[0]: CP resume compute-test ring=2 begin

   205      0.519 amdgpu[0]: CP resume compute-test ring=2 end result=0

   206      0.519 amdgpu[0]: CP resume compute-test ring=3 begin

   207      0.519 amdgpu[0]: CP resume compute-test ring=3 end result=0

   208      0.519 amdgpu[0]: CP resume compute-test ring=4 begin

   209      0.519 amdgpu[0]: CP resume compute-test ring=4 end result=0

   210      0.519 amdgpu[0]: CP resume compute-test ring=5 begin

   211      0.519 amdgpu[0]: CP resume compute-test ring=5 end result=0

   212      0.519 amdgpu[0]: CP resume compute-test ring=6 begin

   213      0.519 amdgpu[0]: CP resume compute-test ring=6 end result=0

   214      0.519 amdgpu[0]: CP resume compute-test ring=7 begin

   215      0.520 amdgpu[0]: CP resume compute-test ring=7 end result=0

   216      0.520 gfx: CP step 8: rc 0, 8 writes, 164 us
   217      0.520 gfx: op 1 to stage 6 -> 0x00000000, result 0, 8 writes, 8 doorbells
   218      0.520 startup: CP step 8 returned 0x00000000 result 0
   219      0.526 startup: entering GFX stage 7
   220      0.529 gfx: stage 7 (SDMA): rc 0, 93 writes so far, 204 us
   221      0.529 gfx: op 1 to stage 7 -> 0x00000000, result 0, 93 writes, 2 doorbells
   222      0.532 startup: entering GFX stage 8
   223      0.535 gfx: stage 8 (interrupt sources): rc 0, 35 writes so far, 25 us
   224      0.535 gfx: paging node ready, SDMA0 doorbell 0x200, per-buffer private commands
   225      0.535 gfx: op 1 to stage 8 -> 0x00000000, result 0, 35 writes, 0 doorbells
   226      0.540 startup: both engines ready
   227      0.543 startup: attempted 0xF completed 0xF status 0x00000000 ready 1 unwind 0 quarantine 0
   228      0.543 wddm: GPU initialized before adapter admission
   229      0.543 wddm: callbacks sync 1 notify 1 queuedpc 1 notifydpc 1, interface 312 of 312 bytes
   230      0.543 stage 35
   231      0.544 stage 39
   232      0.544 wddm: display QueryChildRelations call 1 detail 0x38 -> 0x00000000
   233      0.544 wddm: DRIVERCAPS into 576 bytes: wddm 8192 sched 0x45 mm 0x60 flip 0x12 slots 0 tdr 1 dflip 1 rot 1
   234      0.544 wddm: QueryAdapterInfo type 1 in 0 out 576 -> 0x00000000
   235      0.544 wddm: QueryAdapterInfo type 15 in 4 out 20 -> 0xC00000BB
   236      0.545 wddm: QueryAdapterInfo type 47 in 0 out 4 -> 0xC00000BB
   237      0.545 wddm: QueryAdapterInfo type 13 in 4 out 24 -> 0x00000000
   238      0.545 wddm: QueryAdapterInfo type 14 in 4 out 20 -> 0x00000000
   239      0.545 wddm: QueryAdapterInfo type 14 in 4 out 20 -> 0x00000000
   240      0.545 wddm: QueryAdapterInfo type 14 in 4 out 20 -> 0x00000000
   241      0.545 wddm: QueryAdapterInfo type 14 in 4 out 20 -> 0x00000000
   242      0.545 wddm: GetNodeMetadata node 0 adapter 0
   243      0.545 wddm: GetNodeMetadata node 1 adapter 0
   244      0.545 wddm: QUERYSEGMENT4 pass 1: 3 segment(s)
   245      0.545 wddm: QUERYSEGMENT4 pass 2: 3 segment(s), stride 104, paging buffer segment 0, 65536 bytes
   246      0.545 wddm: segment 1 flags 0x00080404 gpu 0xF4008D0000 cpu 0x2708D0000 size 0x1ED880000
   247      0.546 wddm: QueryAdapterInfo type 16 in 0 out 4 -> 0xC00000BB
   248      0.547 wddm: CreateProcess flags 0x00000001 pasids 1
   249      0.547 wddm: CreateDevice flags 0x00000001 pasid 0
   250      0.547 wddm: CreateDevice flags 0x00000001 pasid 0
   251      0.600 wddm: capture reservation ready 22020400 bytes
   252      0.600 wddm: CreateContext node 1 engine 0x1 flags 0x00000005 private 0
   253      0.600 wddm: CreateContext answered dma 4096 bytes segment set 0x2, lists 256/0, caps 0x00000001
   254      0.602 wddm: BuildPagingBuffer operation 11 segment 0, 65536 bytes free, pass offset 0
   255      0.602 vidmm: table physical cache query pa 0x45E153000 status 0xC0000141 type 6; retained map requests NC; borrowed VA attributes unproven
   553      1.347 amdgpu[2]: ring alloc of 16 dwords exceeds max_dw 13

   554      1.347 gfx: paging submit, 1005 dwords from private buffer at 0x0, seq 152
   555      1.348 amdgpu[2]: ring alloc of 16 dwords exceeds max_dw 13

   556      1.348 gfx: paging submit, 1005 dwords from private buffer at 0x0, seq 153
   557      1.348 amdgpu[2]: ring alloc of 16 dwords exceeds max_dw 13

   558      1.348 gfx: paging submit, 1005 dwords from private buffer at 0x0, seq 154
   559      1.349 gfx: paging submit, 800 dwords from private buffer at 0x0, seq 155
   560      1.349 gfx: paging submit, 198 dwords from private buffer at 0xC80, seq 156
   561      1.350 gfx: paging submit, 16 dwords from private buffer at 0xF98, seq 157
   562      1.350 gfx: paging submit, 974 dwords from private buffer at 0x0, seq 158
   563      1.350 gfx: paging submit, 1006 dwords from private buffer at 0x0, seq 159
   564      1.350 gfx: paging submit, 1004 dwords from private buffer at 0x0, seq 160
   565      1.351 gfx: paging submit, 1004 dwords from private buffer at 0x0, seq 161
   566      1.351 gfx: paging submit, 653 dwords from private buffer at 0x0, seq 162
   567      1.351 gfx: paging submit, 974 dwords from private buffer at 0x0, seq 163
   568      1.351 gfx: paging submit, 76 dwords from private buffer at 0x0, seq 164
   569      1.351 gfx: paging submit, 928 dwords from private buffer at 0x130, seq 165
   570      1.352 gfx: paging submit, 124 dwords from private buffer at 0x0, seq 166
   571      1.352 gfx: paging submit, 880 dwords from private buffer at 0x1F0, seq 167
   572      1.352 gfx: paging submit, 172 dwords from private buffer at 0x0, seq 168
   573      1.352 gfx: paging submit, 832 dwords from private buffer at 0x2B0, seq 169
   574      1.353 gfx: paging submit, 220 dwords from private buffer at 0x0, seq 170
   575      1.353 gfx: paging submit, 784 dwords from private buffer at 0x370, seq 171
   576      1.353 gfx: paging submit, 321 dwords from private buffer at 0x0, seq 172
   577      1.360 wddm: CreateAllocation 1 allocations, flags 1 resource yes
   578      1.360 wddm: OpenAllocation [0] handle 0x40004500 private 32 bytes -> FFFFAE085C3929B0 (GetHandleData said 0000000000000000)
   579      1.360 wddm: OpenAllocation 1 allocations flags 0x00000001
   580      1.360 gfx: paging submit, 688 dwords from private buffer at 0x504, seq 173
   581      1.361 gfx: paging submit, 159 dwords from private buffer at 0x0, seq 174
   582      1.361 gfx: paging submit, 848 dwords from private buffer at 0x27C, seq 175
   583      1.362 gfx: paging submit, 1004 dwords from private buffer at 0x0, seq 176
   584      1.362 gfx: paging submit, 1004 dwords from private buffer at 0x0, seq 177
   585      1.363 gfx: paging submit, 1004 dwords from private buffer at 0x0, seq 178
   586      1.363 amdgpu[2]: ring alloc of 16 dwords exceeds max_dw 12

   587      1.363 gfx: paging submit, 1006 dwords from private buffer at 0x0, seq 179
   588      1.363 amdgpu[2]: ring alloc of 16 dwords exceeds max_dw 13

   589      1.363 gfx: paging submit, 1005 dwords from private buffer at 0x0, seq 180
   590      1.363 amdgpu[2]: ring alloc of 16 dwords exceeds max_dw 13

   591      1.363 gfx: paging submit, 1005 dwords from private buffer at 0x0, seq 181
   592      1.364 amdgpu[2]: ring alloc of 16 dwords exceeds max_dw 13

   593      1.364 gfx: paging submit, 1005 dwords from private buffer at 0x0, seq 182
   594      1.364 amdgpu[2]: ring alloc of 16 dwords exceeds max_dw 13

   595      1.364 gfx: paging submit, 1005 dwords from private buffer at 0x0, seq 183
   596      1.364 amdgpu[2]: ring alloc of 16 dwords exceeds max_dw 13

   597      1.364 gfx: paging submit, 1005 dwords from private buffer at 0x0, seq 184
   598      1.365 amdgpu[2]: ring alloc of 16 dwords exceeds max_dw 13

   599      1.365 gfx: paging submit, 1005 dwords from private buffer at 0x0, seq 185
   600      1.365 amdgpu[2]: ring alloc of 16 dwords exceeds max_dw 13

   601      1.365 gfx: paging submit, 1005 dwords from private buffer at 0x0, seq 186
   602      1.365 amdgpu[2]: ring alloc of 16 dwords exceeds max_dw 13

   603      1.365 gfx: paging submit, 1005 dwords from private buffer at 0x0, seq 187
   604      1.366 amdgpu[2]: ring alloc of 16 dwords exceeds max_dw 13

   605      1.366 gfx: paging submit, 1005 dwords from private buffer at 0x0, seq 188
   606      1.366 amdgpu[2]: ring alloc of 16 dwords exceeds max_dw 13

   607      1.366 gfx: paging submit, 1005 dwords from private buffer at 0x0, seq 189
   608      1.367 gfx: paging submit, 975 dwords from private buffer at 0x0, seq 190
   609      1.367 gfx: paging submit, 32 dwords from private buffer at 0xF3C, seq 191
   610      1.367 gfx: paging submit, 1008 dwords from private buffer at 0x0, seq 192
   611      1.368 gfx: paging submit, 1004 dwords from private buffer at 0x0, seq 193
   612      1.368 gfx: paging submit, 1004 dwords from private buffer at 0x0, seq 194
   613      1.368 gfx: paging submit, 1004 dwords from private buffer at 0x0, seq 195
   614      1.368 gfx: paging submit, 974 dwords from private buffer at 0x0, seq 196
   615      1.368 gfx: paging submit, 461 dwords from private buffer at 0x0, seq 197
   616      1.369 gfx: paging submit, 544 dwords from private buffer at 0x734, seq 198
   617      1.369 gfx: paging submit, 508 dwords from private buffer at 0x0, seq 199
   618      1.369 gfx: paging submit, 496 dwords from private buffer at 0x7F0, seq 200
   619      1.370 gfx: paging submit, 556 dwords from private buffer at 0x0, seq 201
   620      1.370 gfx: paging submit, 448 dwords from private buffer at 0x8B0, seq 202
   621      1.370 gfx: paging submit, 604 dwords from private buffer at 0x0, seq 203
   622      1.370 gfx: paging submit, 400 dwords from private buffer at 0x970, seq 204
   623      1.370 gfx: paging submit, 703 dwords from private buffer at 0x0, seq 205
   624      1.376 wddm: software vsync off after 42 ticks
   625      1.377 wddm: display SetVidPnSourceVisibility call 2 detail 0x0 -> 0x00000000
   626      1.478 wddm: display SetVidPnSourceVisibility call 3 detail 0x0 -> 0x00000000
   627      1.478 wddm: BuildPagingBuffer operation 2 segment 0, 62724 bytes free, pass offset 0
   628      1.478 gfx: paging submit, 304 dwords from private buffer at 0xAFC, seq 206
   629      1.478 gfx: paging submit, 1016 dwords from private buffer at 0x0, seq 207
   630      1.478 gfx: paging submit, 199 dwords from private buffer at 0x0, seq 208
   631      1.478 gfx: paging submit, 15 dwords from private buffer at 0x31C, seq 209
   632      1.478 wddm: CloseAllocation 1 allocations
   633      1.478 wddm: DestroyAllocation 1 allocations
   634      1.478 wddm: BuildPagingBuffer operation 2 segment 0, 64680 bytes free, pass offset 0
   635      1.479 gfx: paging submit, 39 dwords from private buffer at 0x358, seq 210
   636      1.479 gfx: paging submit, 15 dwords from private buffer at 0x3F4, seq 211
   637      1.479 wddm: CloseAllocation 1 allocations
   638      1.479 wddm: DestroyAllocation 1 allocations
   639      1.498 gfx: paging submit, 736 dwords from private buffer at 0x430, seq 212
   640      1.499 gfx: paging submit, 1004 dwords from private buffer at 0x0, seq 213
   641      1.499 gfx: paging submit, 1004 dwords from private buffer at 0x0, seq 214
   642      1.500 gfx: paging submit, 1004 dwords from private buffer at 0x0, seq 215
   643      1.500 gfx: paging submit, 1006 dwords from private buffer at 0x0, seq 216
   644      1.501 gfx: paging submit, 1016 dwords from private buffer at 0x0, seq 217
   645      1.501 gfx: paging submit, 1004 dwords from private buffer at 0x0, seq 218
   646      1.502 gfx: paging submit, 1004 dwords from private buffer at 0x0, seq 219
   647      1.502 gfx: paging submit, 1004 dwords from private buffer at 0x0, seq 220
   648      1.502 wddm: BuildPagingBuffer operation 8 segment 0, 63540 bytes free, pass offset 0
   649      1.506 amdgpu[2]: ring alloc of 96 dwords exceeds max_dw 0

   650      1.507 wddm: capture reserved token 0x80000001 bytes 9216000 pages 2250 identities 4500 linear 0
   651      1.507 wddm: BuildPagingBuffer operation 8 segment 0, 65536 bytes free, pass offset 2147483649
   652      1.507 gfx: paging submit, 997 dwords from private buffer at 0x0, seq 221
   653      1.507 gfx: paging submit, 996 dwords from private buffer at 0x0, seq 222
   654      1.507 wddm: BuildPagingBuffer operation 8 segment 0, 65536 bytes free, pass offset 2147483649
   655      1.507 gfx: paging submit, 996 dwords from private buffer at 0x0, seq 223
   656      1.507 wddm: BuildPagingBuffer operation 8 segment 0, 65536 bytes free, pass offset 2147483649
   657      1.507 gfx: paging submit, 996 dwords from private buffer at 0x0, seq 224
   658      1.508 gfx: paging submit, 996 dwords from private buffer at 0x0, seq 225
   659      1.508 gfx: paging submit, 996 dwords from private buffer at 0x0, seq 226
   660      1.508 gfx: paging submit, 996 dwords from private buffer at 0x0, seq 227
   661      1.508 gfx: paging submit, 996 dwords from private buffer at 0x0, seq 228
   662      1.509 gfx: paging submit, 996 dwords from private buffer at 0x0, seq 229
   663      1.509 gfx: paging submit, 996 dwords from private buffer at 0x0, seq 230
   664      1.509 gfx: paging submit, 996 dwords from private buffer at 0x0, seq 231
   665      1.509 gfx: paging submit, 996 dwords from private buffer at 0x0, seq 232
   666      1.510 gfx: paging submit, 996 dwords from private buffer at 0x0, seq 233
   667      1.510 gfx: paging submit, 996 dwords from private buffer at 0x0, seq 234
   668      1.510 gfx: paging submit, 996 dwords from private buffer at 0x0, seq 235
   669      1.510 gfx: paging submit, 996 dwords from private buffer at 0x0, seq 236
   670      1.511 gfx: paging submit, 996 dwords from private buffer at 0x0, seq 237
   671      1.511 gfx: paging submit, 996 dwords from private buffer at 0x0, seq 238
   672      1.511 gfx: paging submit, 996 dwords from private buffer at 0x0, seq 239
   673      1.512 gfx: paging submit, 996 dwords from private buffer at 0x0, seq 240
   674      1.512 gfx: paging submit, 996 dwords from private buffer at 0x0, seq 241
   675      1.512 gfx: paging submit, 996 dwords from private buffer at 0x0, seq 242
   676      1.512 gfx: paging submit, 996 dwords from private buffer at 0x0, seq 243
   677      1.513 gfx: paging submit, 996 dwords from private buffer at 0x0, seq 244
   678      1.513 gfx: paging submit, 996 dwords from private buffer at 0x0, seq 245
   679      1.513 gfx: paging submit, 996 dwords from private buffer at 0x0, seq 246
   680      1.513 gfx: paging submit, 996 dwords from private buffer at 0x0, seq 247
   681      1.514 gfx: paging submit, 996 dwords from private buffer at 0x0, seq 248
   682      1.514 gfx: paging submit, 996 dwords from private buffer at 0x0, seq 249
   683      1.514 gfx: paging submit, 996 dwords from private buffer at 0x0, seq 250
   684      1.515 gfx: paging submit, 996 dwords from private buffer at 0x0, seq 251
   685      1.515 gfx: paging submit, 996 dwords from private buffer at 0x0, seq 252
   686      1.515 gfx: paging submit, 996 dwords from private buffer at 0x0, seq 253
   687      1.515 gfx: paging submit, 996 dwords from private buffer at 0x0, seq 254
   688      1.516 gfx: paging submit, 996 dwords from private buffer at 0x0, seq 255
   689      1.516 gfx: paging submit, 996 dwords from private buffer at 0x0, seq 256
   690      1.516 gfx: paging submit, 996 dwords from private buffer at 0x0, seq 257
   691      1.516 gfx: paging submit, 996 dwords from private buffer at 0x0, seq 258
   692      1.517 gfx: paging submit, 996 dwords from private buffer at 0x0, seq 259
   693      1.517 gfx: paging submit, 996 dwords from private buffer at 0x0, seq 260
   694      1.517 gfx: paging submit, 996 dwords from private buffer at 0x0, seq 261
   695      1.517 gfx: paging submit, 996 dwords from private buffer at 0x0, seq 262
   696      1.518 gfx: paging submit, 996 dwords from private buffer at 0x0, seq 263
   697      1.518 gfx: paging submit, 996 dwords from private buffer at 0x0, seq 264
   698      1.518 gfx: paging submit, 996 dwords from private buffer at 0x0, seq 265
   699      1.519 gfx: paging submit, 996 dwords from private buffer at 0x0, seq 266
   700      1.519 gfx: paging submit, 996 dwords from private buffer at 0x0, seq 267
   701      1.519 gfx: paging submit, 996 dwords from private buffer at 0x0, seq 268
   702      1.519 gfx: paging submit, 996 dwords from private buffer at 0x0, seq 269
   703      1.520 gfx: paging submit, 996 dwords from private buffer at 0x0, seq 270
   704      1.520 gfx: paging submit, 996 dwords from private buffer at 0x0, seq 271
   705      1.520 gfx: paging submit, 996 dwords from private buffer at 0x0, seq 272
   706      1.520 gfx: paging submit, 996 dwords from private buffer at 0x0, seq 273
   707      1.521 gfx: paging submit, 996 dwords from private buffer at 0x0, seq 274
   708      1.521 gfx: paging submit, 996 dwords from private buffer at 0x0, seq 275
   709      1.521 gfx: paging submit, 996 dwords from private buffer at 0x0, seq 276
   710      1.521 gfx: paging submit, 996 dwords from private buffer at 0x0, seq 277
   711      1.522 gfx: paging submit, 996 dwords from private buffer at 0x0, seq 278
   712      1.522 gfx: paging submit, 996 dwords from private buffer at 0x0, seq 279
   713      1.522 gfx: paging submit, 996 dwords from private buffer at 0x0, seq 280
   714      1.522 gfx: paging submit, 996 dwords from private buffer at 0x0, seq 281
   715      1.523 gfx: paging submit, 996 dwords from private buffer at 0x0, seq 282
   716      1.523 gfx: paging submit, 996 dwords from private buffer at 0x0, seq 283
   717      1.523 gfx: paging submit, 996 dwords from private buffer at 0x0, seq 284
   718      1.524 gfx: paging submit, 996 dwords from private buffer at 0x0, seq 285
   719      1.524 gfx: paging submit, 996 dwords from private buffer at 0x0, seq 286
   720      1.524 gfx: paging submit, 996 dwords from private buffer at 0x0, seq 287
   721      1.524 gfx: paging submit, 996 dwords from private buffer at 0x0, seq 288
   722      1.525 gfx: paging submit, 996 dwords from private buffer at 0x0, seq 289
   723      1.525 gfx: paging submit, 996 dwords from private buffer at 0x0, seq 290
   724      1.525 gfx: paging submit, 996 dwords from private buffer at 0x0, seq 291
   725      1.525 gfx: paging submit, 996 dwords from private buffer at 0x0, seq 292
   726      1.526 gfx: paging submit, 996 dwords from private buffer at 0x0, seq 293
   727      1.526 gfx: paging submit, 996 dwords from private buffer at 0x0, seq 294
   728      1.526 gfx: paging submit, 996 dwords from private buffer at 0x0, seq 295
   729      1.526 gfx: paging submit, 996 dwords from private buffer at 0x0, seq 296
   730      1.527 gfx: paging submit, 996 dwords from private buffer at 0x0, seq 297
   731      1.527 gfx: paging submit, 996 dwords from private buffer at 0x0, seq 298
   732      1.527 gfx: paging submit, 996 dwords from private buffer at 0x0, seq 299
   733      1.528 gfx: paging submit, 996 dwords from private buffer at 0x0, seq 300
   734      1.528 gfx: paging submit, 996 dwords from private buffer at 0x0, seq 301
   735      1.528 gfx: paging submit, 996 dwords from private buffer at 0x0, seq 302
   736      1.528 gfx: paging submit, 996 dwords from private buffer at 0x0, seq 303
   737      1.529 gfx: paging submit, 996 dwords from private buffer at 0x0, seq 304
   738      1.529 gfx: paging submit, 996 dwords from private buffer at 0x0, seq 305
   739      1.529 gfx: paging submit, 996 dwords from private buffer at 0x0, seq 306
   740      1.529 gfx: paging submit, 996 dwords from private buffer at 0x0, seq 307
   741      1.530 gfx: paging submit, 996 dwords from private buffer at 0x0, seq 308
   742      1.530 gfx: paging submit, 996 dwords from private buffer at 0x0, seq 309
   743      1.530 gfx: paging submit, 996 dwords from private buffer at 0x0, seq 310
   744      1.531 gfx: paging submit, 996 dwords from private buffer at 0x0, seq 311
   745      1.531 gfx: paging submit, 996 dwords from private buffer at 0x0, seq 312
   746      1.531 gfx: paging submit, 996 dwords from private buffer at 0x0, seq 313
   747      1.531 gfx: paging submit, 996 dwords from private buffer at 0x0, seq 314
   748      1.532 gfx: paging submit, 996 dwords from private buffer at 0x0, seq 315
   749      1.532 gfx: paging submit, 996 dwords from private buffer at 0x0, seq 316
   750      1.532 gfx: paging submit, 996 dwords from private buffer at 0x0, seq 317
   751      1.532 gfx: paging submit, 996 dwords from private buffer at 0x0, seq 318
   752      1.533 gfx: paging submit, 996 dwords from private buffer at 0x0, seq 319
   753      1.533 gfx: paging submit, 996 dwords from private buffer at 0x0, seq 320
   754      1.533 gfx: paging submit, 996 dwords from private buffer at 0x0, seq 321
   755      1.533 gfx: paging submit, 996 dwords from private buffer at 0x0, seq 322
   756      1.534 gfx: paging submit, 996 dwords from private buffer at 0x0, seq 323
   757      1.534 gfx: paging submit, 996 dwords from private buffer at 0x0, seq 324
   758      1.534 gfx: paging submit, 996 dwords from private buffer at 0x0, seq 325
   759      1.534 gfx: paging submit, 996 dwords from private buffer at 0x0, seq 326
   760      1.535 gfx: paging submit, 996 dwords from private buffer at 0x0, seq 327
   761      1.535 gfx: paging submit, 996 dwords from private buffer at 0x0, seq 328
   762      1.535 gfx: paging submit, 996 dwords from private buffer at 0x0, seq 329
   763      1.536 gfx: paging submit, 996 dwords from private buffer at 0x0, seq 330
   764      1.536 gfx: paging submit, 996 dwords from private buffer at 0x0, seq 331
   765      1.536 gfx: paging submit, 996 dwords from private buffer at 0x0, seq 332
   766      1.536 gfx: paging submit, 996 dwords from private buffer at 0x0, seq 333
   767      1.537 gfx: paging submit, 996 dwords from private buffer at 0x0, seq 334
   768      1.537 gfx: paging submit, 996 dwords from private buffer at 0x0, seq 335
   769      1.537 gfx: paging submit, 996 dwords from private buffer at 0x0, seq 336
   770      1.538 gfx: paging submit, 996 dwords from private buffer at 0x0, seq 337
   771      1.538 gfx: paging submit, 996 dwords from private buffer at 0x0, seq 338
   772      1.538 gfx: paging submit, 996 dwords from private buffer at 0x0, seq 339
   773      1.538 gfx: paging submit, 996 dwords from private buffer at 0x0, seq 340
   774      1.539 gfx: paging submit, 996 dwords from private buffer at 0x0, seq 341
   775      1.539 gfx: paging submit, 996 dwords from private buffer at 0x0, seq 342
   776      1.539 gfx: paging submit, 996 dwords from private buffer at 0x0, seq 343
   777      1.539 gfx: paging submit, 996 dwords from private buffer at 0x0, seq 344
   778      1.540 gfx: paging submit, 996 dwords from private buffer at 0x0, seq 345
   779      1.540 gfx: paging submit, 996 dwords from private buffer at 0x0, seq 346
   780      1.540 gfx: paging submit, 996 dwords from private buffer at 0x0, seq 347
   781      1.540 gfx: paging submit, 996 dwords from private buffer at 0x0, seq 348
   782      1.541 gfx: paging submit, 996 dwords from private buffer at 0x0, seq 349
   783      1.541 gfx: paging submit, 996 dwords from private buffer at 0x0, seq 350
   784      1.541 gfx: paging submit, 996 dwords from private buffer at 0x0, seq 351
   785      1.542 gfx: paging submit, 996 dwords from private buffer at 0x0, seq 352
   786      1.542 gfx: paging submit, 996 dwords from private buffer at 0x0, seq 353
   787      1.542 gfx: paging submit, 996 dwords from private buffer at 0x0, seq 354
   788      1.542 gfx: paging submit, 996 dwords from private buffer at 0x0, seq 355
   789      1.543 gfx: paging submit, 996 dwords from private buffer at 0x0, seq 356
   790      1.543 gfx: paging submit, 996 dwords from private buffer at 0x0, seq 357
   791      1.543 gfx: paging submit, 996 dwords from private buffer at 0x0, seq 358
   792      1.543 gfx: paging submit, 996 dwords from private buffer at 0x0, seq 359
   793      1.544 gfx: paging submit, 996 dwords from private buffer at 0x0, seq 360
   794      1.544 gfx: paging submit, 996 dwords from private buffer at 0x0, seq 361
   795      1.544 gfx: paging submit, 996 dwords from private buffer at 0x0, seq 362
   796      1.544 gfx: paging submit, 996 dwords from private buffer at 0x0, seq 363
   797      1.545 gfx: paging submit, 996 dwords from private buffer at 0x0, seq 364
   798      1.545 gfx: paging submit, 996 dwords from private buffer at 0x0, seq 365
   799      1.545 gfx: paging submit, 996 dwords from private buffer at 0x0, seq 366
   800      1.546 gfx: paging submit, 996 dwords from private buffer at 0x0, seq 367
   801      1.546 gfx: paging submit, 996 dwords from private buffer at 0x0, seq 368
   802      1.546 gfx: paging submit, 996 dwords from private buffer at 0x0, seq 369
   803      1.546 gfx: paging submit, 996 dwords from private buffer at 0x0, seq 370
   804      1.547 gfx: paging submit, 996 dwords from private buffer at 0x0, seq 371
   805      1.547 gfx: paging submit, 996 dwords from private buffer at 0x0, seq 372
   806      1.547 gfx: paging submit, 996 dwords from private buffer at 0x0, seq 373
   807      1.547 gfx: paging submit, 996 dwords from private buffer at 0x0, seq 374
   808      1.548 gfx: paging submit, 996 dwords from private buffer at 0x0, seq 375
   809      1.548 gfx: paging submit, 996 dwords from private buffer at 0x0, seq 376
   810      1.548 gfx: paging submit, 996 dwords from private buffer at 0x0, seq 377
   811      1.549 gfx: paging submit, 996 dwords from private buffer at 0x0, seq 378
   812      1.549 gfx: paging submit, 996 dwords from private buffer at 0x0, seq 379
   813      1.549 gfx: paging submit, 996 dwords from private buffer at 0x0, seq 380
   814      1.549 gfx: paging submit, 996 dwords from private buffer at 0x0, seq 381
   815      1.550 gfx: paging submit, 996 dwords from private buffer at 0x0, seq 382
   816      1.550 gfx: paging submit, 996 dwords from private buffer at 0x0, seq 383
   817      1.550 gfx: paging submit, 996 dwords from private buffer at 0x0, seq 384
   818      1.550 gfx: paging submit, 996 dwords from private buffer at 0x0, seq 385
   819      1.551 gfx: paging submit, 996 dwords from private buffer at 0x0, seq 386
   820      1.551 gfx: paging submit, 996 dwords from private buffer at 0x0, seq 387
   821      1.551 gfx: paging submit, 996 dwords from private buffer at 0x0, seq 388
   822      1.551 gfx: paging submit, 996 dwords from private buffer at 0x0, seq 389
   823      1.552 gfx: paging submit, 996 dwords from private buffer at 0x0, seq 390
   824      1.552 gfx: paging submit, 996 dwords from private buffer at 0x0, seq 391
   825      1.552 gfx: paging submit, 996 dwords from private buffer at 0x0, seq 392
   826      1.552 gfx: paging submit, 996 dwords from private buffer at 0x0, seq 393
   827      1.553 gfx: paging submit, 996 dwords from private buffer at 0x0, seq 394
   828      1.553 gfx: paging submit, 996 dwords from private buffer at 0x0, seq 395
   829      1.553 gfx: paging submit, 996 dwords from private buffer at 0x0, seq 396
   830      1.554 gfx: paging submit, 996 dwords from private buffer at 0x0, seq 397
   831      1.554 gfx: paging submit, 996 dwords from private buffer at 0x0, seq 398
   832      1.554 gfx: paging submit, 996 dwords from private buffer at 0x0, seq 399
   833      1.554 gfx: paging submit, 996 dwords from private buffer at 0x0, seq 400
   834      1.555 gfx: paging submit, 996 dwords from private buffer at 0x0, seq 401
   835      1.555 gfx: paging submit, 996 dwords from private buffer at 0x0, seq 402
   836      1.555 gfx: paging submit, 996 dwords from private buffer at 0x0, seq 403
   837      1.555 gfx: paging submit, 996 dwords from private buffer at 0x0, seq 404
   838      1.556 gfx: paging submit, 996 dwords from private buffer at 0x0, seq 405
   839      1.556 gfx: paging submit, 996 dwords from private buffer at 0x0, seq 406
   840      1.556 gfx: paging submit, 996 dwords from private buffer at 0x0, seq 407
   841      1.557 gfx: paging submit, 996 dwords from private buffer at 0x0, seq 408
   842      1.559 gfx: paging submit, 16 dwords from private buffer at 0xF90, seq 409
   843      1.560 gfx: paging submit, 974 dwords from private buffer at 0x0, seq 410
   844      1.560 gfx: paging submit, 1006 dwords from private buffer at 0x0, seq 411
   845      1.560 gfx: paging submit, 1004 dwords from private buffer at 0x0, seq 412
   846      1.561 gfx: paging submit, 1004 dwords from private buffer at 0x0, seq 413
   847      1.561 gfx: paging submit, 1005 dwords from private buffer at 0x0, seq 414
   848      1.561 gfx: paging submit, 1016 dwords from private buffer at 0x0, seq 415
   849      1.561 gfx: paging submit, 1004 dwords from private buffer at 0x0, seq 416
   850      1.562 gfx: paging submit, 1004 dwords from private buffer at 0x0, seq 417
   851      1.562 gfx: paging submit, 1004 dwords from private buffer at 0x0, seq 418
   852      1.562 gfx: paging submit, 275 dwords from private buffer at 0x0, seq 419
   853      1.562 gfx: paging submit, 853 dwords from private buffer at 0x0, seq 420
   854      1.562 gfx: paging submit, 15 dwords from private buffer at 0xD54, seq 421
   855      1.587 gfx: paging submit, 144 dwords from private buffer at 0xD90, seq 422
   856      1.588 gfx: paging submit, 1004 dwords from private buffer at 0x0, seq 423
   857      1.589 gfx: paging submit, 1004 dwords from private buffer at 0x0, seq 424
   858      1.589 gfx: paging submit, 974 dwords from private buffer at 0x0, seq 425
   859      1.589 gfx: paging submit, 1004 dwords from private buffer at 0x0, seq 426
   860      1.590 gfx: paging submit, 1006 dwords from private buffer at 0x0, seq 427
   861      1.590 gfx: paging submit, 1016 dwords from private buffer at 0x0, seq 428
   862      1.592 gfx: paging submit, 1004 dwords from private buffer at 0x0, seq 429
   863      1.593 gfx: paging submit, 1004 dwords from private buffer at 0x0, seq 430
   864      1.593 gfx: paging submit, 1004 dwords from private buffer at 0x0, seq 431
   865      1.597 amdgpu[2]: ring alloc of 96 dwords exceeds max_dw 0

   866      1.597 wddm: capture reserved token 0x80000002 bytes 9216000 pages 2250 identities 4500 linear 0
   867      1.597 gfx: paging submit, 961 dwords from private buffer at 0x0, seq 432
   868      1.598 gfx: paging submit, 996 dwords from private buffer at 0x0, seq 433
   869      1.598 gfx: paging submit, 996 dwords from private buffer at 0x0, seq 434
   870      1.598 gfx: paging submit, 996 dwords from private buffer at 0x0, seq 435
   871      1.598 gfx: paging submit, 996 dwords from private buffer at 0x0, seq 436
   872      1.599 gfx: paging submit, 996 dwords from private buffer at 0x0, seq 437
   873      1.599 gfx: paging submit, 996 dwords from private buffer at 0x0, seq 438
   874      1.599 gfx: paging submit, 996 dwords from private buffer at 0x0, seq 439
   875      1.599 gfx: paging submit, 996 dwords from private buffer at 0x0, seq 440
   876      1.600 gfx: paging submit, 996 dwords from private buffer at 0x0, seq 441
   877      1.600 gfx: paging submit, 996 dwords from private buffer at 0x0, seq 442
   878      1.600 gfx: paging submit, 996 dwords from private buffer at 0x0, seq 443
   879      1.601 gfx: paging submit, 996 dwords from private buffer at 0x0, seq 444
   880      1.601 gfx: paging submit, 996 dwords from private buffer at 0x0, seq 445
   881      1.601 gfx: paging submit, 996 dwords from private buffer at 0x0, seq 446
   882      1.601 gfx: paging submit, 996 dwords from private buffer at 0x0, seq 447
   883      1.602 gfx: paging submit, 996 dwords from private buffer at 0x0, seq 448
   884      1.602 gfx: paging submit, 996 dwords from private buffer at 0x0, seq 449
   885      1.602 gfx: paging submit, 996 dwords from private buffer at 0x0, seq 450
   886      1.602 gfx: paging submit, 996 dwords from private buffer at 0x0, seq 451
   887      1.603 gfx: paging submit, 996 dwords from private buffer at 0x0, seq 452
   888      1.603 gfx: paging submit, 996 dwords from private buffer at 0x0, seq 453
   889      1.603 gfx: paging submit, 996 dwords from private buffer at 0x0, seq 454
   890      1.603 gfx: paging submit, 996 dwords from private buffer at 0x0, seq 455
   891      1.604 gfx: paging submit, 996 dwords from private buffer at 0x0, seq 456
   892      1.604 gfx: paging submit, 996 dwords from private buffer at 0x0, seq 457
   893      1.604 gfx: paging submit, 996 dwords from private buffer at 0x0, seq 458
   894      1.605 gfx: paging submit, 996 dwords from private buffer at 0x0, seq 459
   895      1.605 gfx: paging submit, 996 dwords from private buffer at 0x0, seq 460
   896      1.605 gfx: paging submit, 996 dwords from private buffer at 0x0, seq 461
   897      1.605 gfx: paging submit, 996 dwords from private buffer at 0x0, seq 462
   898      1.606 gfx: paging submit, 996 dwords from private buffer at 0x0, seq 463
   899      1.606 gfx: paging submit, 996 dwords from private buffer at 0x0, seq 464
   900      1.606 gfx: paging submit, 996 dwords from private buffer at 0x0, seq 465
   901      1.606 gfx: paging submit, 996 dwords from private buffer at 0x0, seq 466
   902      1.607 gfx: paging submit, 996 dwords from private buffer at 0x0, seq 467
   903      1.607 gfx: paging submit, 996 dwords from private buffer at 0x0, seq 468
   904      1.607 gfx: paging submit, 996 dwords from private buffer at 0x0, seq 469
   905      1.608 gfx: paging submit, 996 dwords from private buffer at 0x0, seq 470
   906      1.608 gfx: paging submit, 996 dwords from private buffer at 0x0, seq 471
   907      1.608 gfx: paging submit, 996 dwords from private buffer at 0x0, seq 472
   908      1.608 gfx: paging submit, 996 dwords from private buffer at 0x0, seq 473
   909      1.609 gfx: paging submit, 996 dwords from private buffer at 0x0, seq 474
   910      1.609 gfx: paging submit, 996 dwords from private buffer at 0x0, seq 475
   911      1.609 gfx: paging submit, 996 dwords from private buffer at 0x0, seq 476
   912      1.609 gfx: paging submit, 996 dwords from private buffer at 0x0, seq 477
   913      1.610 gfx: paging submit, 996 dwords from private buffer at 0x0, seq 478
   914      1.610 gfx: paging submit, 996 dwords from private buffer at 0x0, seq 479
   915      1.610 gfx: paging submit, 996 dwords from private buffer at 0x0, seq 480
   916      1.611 gfx: paging submit, 996 dwords from private buffer at 0x0, seq 481
   917      1.611 gfx: paging submit, 996 dwords from private buffer at 0x0, seq 482
   918      1.611 gfx: paging submit, 996 dwords from private buffer at 0x0, seq 483
   919      1.611 gfx: paging submit, 996 dwords from private buffer at 0x0, seq 484
   920      1.612 gfx: paging submit, 996 dwords from private buffer at 0x0, seq 485
   921      1.612 gfx: paging submit, 996 dwords from private buffer at 0x0, seq 486
   922      1.612 gfx: paging submit, 996 dwords from private buffer at 0x0, seq 487
   923      1.612 gfx: paging submit, 996 dwords from private buffer at 0x0, seq 488
   924      1.613 gfx: paging submit, 996 dwords from private buffer at 0x0, seq 489
   925      1.613 gfx: paging submit, 996 dwords from private buffer at 0x0, seq 490
   926      1.613 gfx: paging submit, 996 dwords from private buffer at 0x0, seq 491
   927      1.613 gfx: paging submit, 996 dwords from private buffer at 0x0, seq 492
   928      1.614 gfx: paging submit, 996 dwords from private buffer at 0x0, seq 493
   929      1.614 gfx: paging submit, 996 dwords from private buffer at 0x0, seq 494
   930      1.614 gfx: paging submit, 996 dwords from private buffer at 0x0, seq 495
   931      1.614 gfx: paging submit, 996 dwords from private buffer at 0x0, seq 496
   932      1.614 gfx: paging submit, 996 dwords from private buffer at 0x0, seq 497
   933      1.615 gfx: paging submit, 996 dwords from private buffer at 0x0, seq 498
   934      1.615 gfx: paging submit, 996 dwords from private buffer at 0x0, seq 499
   935      1.615 gfx: paging submit, 996 dwords from private buffer at 0x0, seq 500
   936      1.615 gfx: paging submit, 996 dwords from private buffer at 0x0, seq 501
   937      1.616 gfx: paging submit, 996 dwords from private buffer at 0x0, seq 502
   938      1.616 gfx: paging submit, 996 dwords from private buffer at 0x0, seq 503
   939      1.616 gfx: paging submit, 996 dwords from private buffer at 0x0, seq 504
   940      1.617 gfx: paging submit, 996 dwords from private buffer at 0x0, seq 505
   941      1.617 gfx: paging submit, 996 dwords from private buffer at 0x0, seq 506
   942      1.617 gfx: paging submit, 996 dwords from private buffer at 0x0, seq 507
   943      1.617 gfx: paging submit, 996 dwords from private buffer at 0x0, seq 508
   944      1.618 gfx: paging submit, 996 dwords from private buffer at 0x0, seq 509
   945      1.618 gfx: paging submit, 996 dwords from private buffer at 0x0, seq 510
   946      1.618 gfx: paging submit, 996 dwords from private buffer at 0x0, seq 511
   947      1.618 gfx: paging submit, 996 dwords from private buffer at 0x0, seq 512
   948      1.619 gfx: paging submit, 996 dwords from private buffer at 0x0, seq 513
   949      1.619 gfx: paging submit, 996 dwords from private buffer at 0x0, seq 514
   950      1.619 gfx: paging submit, 996 dwords from private buffer at 0x0, seq 515
   951      1.620 gfx: paging submit, 996 dwords from private buffer at 0x0, seq 516
   952      1.620 gfx: paging submit, 996 dwords from private buffer at 0x0, seq 517
   953      1.620 gfx: paging submit, 996 dwords from private buffer at 0x0, seq 518
   954      1.620 gfx: paging submit, 996 dwords from private buffer at 0x0, seq 519
   955      1.621 gfx: paging submit, 996 dwords from private buffer at 0x0, seq 520
   956      1.621 gfx: paging submit, 996 dwords from private buffer at 0x0, seq 521
   957      1.621 gfx: paging submit, 996 dwords from private buffer at 0x0, seq 522
   958      1.621 gfx: paging submit, 996 dwords from private buffer at 0x0, seq 523
   959      1.622 gfx: paging submit, 996 dwords from private buffer at 0x0, seq 524
   960      1.622 gfx: paging submit, 996 dwords from private buffer at 0x0, seq 525
   961      1.622 gfx: paging submit, 996 dwords from private buffer at 0x0, seq 526
   962      1.623 gfx: paging submit, 996 dwords from private buffer at 0x0, seq 527
   963      1.623 gfx: paging submit, 996 dwords from private buffer at 0x0, seq 528
   964      1.623 gfx: paging submit, 996 dwords from private buffer at 0x0, seq 529
   965      1.623 gfx: paging submit, 996 dwords from private buffer at 0x0, seq 530
   966      1.624 gfx: paging submit, 996 dwords from private buffer at 0x0, seq 531
   967      1.624 gfx: paging submit, 996 dwords from private buffer at 0x0, seq 532
   968      1.624 gfx: paging submit, 996 dwords from private buffer at 0x0, seq 533
   969      1.624 gfx: paging submit, 996 dwords from private buffer at 0x0, seq 534
   970      1.625 gfx: paging submit, 996 dwords from private buffer at 0x0, seq 535
   971      1.625 gfx: paging submit, 996 dwords from private buffer at 0x0, seq 536
   972      1.625 gfx: paging submit, 996 dwords from private buffer at 0x0, seq 537
   973      1.626 gfx: paging submit, 996 dwords from private buffer at 0x0, seq 538
   974      1.626 gfx: paging submit, 996 dwords from private buffer at 0x0, seq 539
   975      1.626 gfx: paging submit, 996 dwords from private buffer at 0x0, seq 540
   976      1.626 gfx: paging submit, 996 dwords from private buffer at 0x0, seq 541
   977      1.627 gfx: paging submit, 996 dwords from private buffer at 0x0, seq 542
   978      1.627 gfx: paging submit, 996 dwords from private buffer at 0x0, seq 543
   979      1.627 gfx: paging submit, 996 dwords from private buffer at 0x0, seq 544
   980      1.627 gfx: paging submit, 996 dwords from private buffer at 0x0, seq 545
   981      1.628 gfx: paging submit, 996 dwords from private buffer at 0x0, seq 546
   982      1.628 gfx: paging submit, 996 dwords from private buffer at 0x0, seq 547
   983      1.628 gfx: paging submit, 996 dwords from private buffer at 0x0, seq 548
   984      1.628 gfx: paging submit, 996 dwords from private buffer at 0x0, seq 549
   985      1.629 gfx: paging submit, 996 dwords from private buffer at 0x0, seq 550
   986      1.629 gfx: paging submit, 996 dwords from private buffer at 0x0, seq 551
   987      1.629 gfx: paging submit, 996 dwords from private buffer at 0x0, seq 552
   988      1.630 gfx: paging submit, 996 dwords from private buffer at 0x0, seq 553
   989      1.630 gfx: paging submit, 996 dwords from private buffer at 0x0, seq 554
   990      1.630 gfx: paging submit, 996 dwords from private buffer at 0x0, seq 555
   991      1.630 gfx: paging submit, 996 dwords from private buffer at 0x0, seq 556
   992      1.631 gfx: paging submit, 996 dwords from private buffer at 0x0, seq 557
   993      1.631 gfx: paging submit, 996 dwords from private buffer at 0x0, seq 558
   994      1.631 gfx: paging submit, 996 dwords from private buffer at 0x0, seq 559
   995      1.631 gfx: paging submit, 996 dwords from private buffer at 0x0, seq 560
   996      1.632 gfx: paging submit, 996 dwords from private buffer at 0x0, seq 561
   997      1.632 gfx: paging submit, 996 dwords from private buffer at 0x0, seq 562
   998      1.632 gfx: paging submit, 996 dwords from private buffer at 0x0, seq 563
   999      1.633 gfx: paging submit, 996 dwords from private buffer at 0x0, seq 564
  1000      1.633 gfx: paging submit, 996 dwords from private buffer at 0x0, seq 565
  1001      1.633 gfx: paging submit, 996 dwords from private buffer at 0x0, seq 566
  1002      1.633 gfx: paging submit, 996 dwords from private buffer at 0x0, seq 567
  1003      1.634 gfx: paging submit, 996 dwords from private buffer at 0x0, seq 568
  1004      1.634 gfx: paging submit, 996 dwords from private buffer at 0x0, seq 569
  1005      1.634 gfx: paging submit, 996 dwords from private buffer at 0x0, seq 570
  1006      1.634 gfx: paging submit, 996 dwords from private buffer at 0x0, seq 571
  1007      1.635 gfx: paging submit, 996 dwords from private buffer at 0x0, seq 572
  1008      1.635 gfx: paging submit, 996 dwords from private buffer at 0x0, seq 573
  1009      1.635 gfx: paging submit, 996 dwords from private buffer at 0x0, seq 574
  1010      1.636 gfx: paging submit, 996 dwords from private buffer at 0x0, seq 575
  1011      1.636 gfx: paging submit, 996 dwords from private buffer at 0x0, seq 576
  1012      1.636 gfx: paging submit, 996 dwords from private buffer at 0x0, seq 577
  1013      1.636 gfx: paging submit, 996 dwords from private buffer at 0x0, seq 578
  1014      1.637 gfx: paging submit, 996 dwords from private buffer at 0x0, seq 579
  1015      1.637 gfx: paging submit, 996 dwords from private buffer at 0x0, seq 580
  1016      1.637 gfx: paging submit, 996 dwords from private buffer at 0x0, seq 581
  1017      1.638 gfx: paging submit, 996 dwords from private buffer at 0x0, seq 582
  1018      1.638 gfx: paging submit, 996 dwords from private buffer at 0x0, seq 583
  1019      1.638 gfx: paging submit, 996 dwords from private buffer at 0x0, seq 584
  1020      1.638 gfx: paging submit, 996 dwords from private buffer at 0x0, seq 585
  1021      1.639 gfx: paging submit, 996 dwords from private buffer at 0x0, seq 586
  1022      1.639 gfx: paging submit, 996 dwords from private buffer at 0x0, seq 587
  1023      1.639 gfx: paging submit, 996 dwords from private buffer at 0x0, seq 588
  1024      1.639 gfx: paging submit, 996 dwords from private buffer at 0x0, seq 589
  1025      1.640 gfx: paging submit, 996 dwords from private buffer at 0x0, seq 590
  1026      1.640 gfx: paging submit, 996 dwords from private buffer at 0x0, seq 591
  1027      1.640 gfx: paging submit, 996 dwords from private buffer at 0x0, seq 592
  1028      1.641 gfx: paging submit, 996 dwords from private buffer at 0x0, seq 593
  1029      1.641 gfx: paging submit, 996 dwords from private buffer at 0x0, seq 594
  1030      1.641 gfx: paging submit, 996 dwords from private buffer at 0x0, seq 595
  1031      1.641 gfx: paging submit, 996 dwords from private buffer at 0x0, seq 596
  1032      1.642 gfx: paging submit, 996 dwords from private buffer at 0x0, seq 597
  1033      1.642 gfx: paging submit, 996 dwords from private buffer at 0x0, seq 598
  1034      1.642 gfx: paging submit, 996 dwords from private buffer at 0x0, seq 599
  1035      1.642 gfx: paging submit, 996 dwords from private buffer at 0x0, seq 600
  1036      1.643 gfx: paging submit, 996 dwords from private buffer at 0x0, seq 601
  1037      1.643 gfx: paging submit, 996 dwords from private buffer at 0x0, seq 602
  1038      1.643 gfx: paging submit, 996 dwords from private buffer at 0x0, seq 603
  1039      1.644 gfx: paging submit, 996 dwords from private buffer at 0x0, seq 604
  1040      1.644 gfx: paging submit, 996 dwords from private buffer at 0x0, seq 605
  1041      1.644 gfx: paging submit, 996 dwords from private buffer at 0x0, seq 606
  1042      1.644 gfx: paging submit, 996 dwords from private buffer at 0x0, seq 607
  1043      1.644 gfx: paging submit, 996 dwords from private buffer at 0x0, seq 608
  1044      1.645 gfx: paging submit, 996 dwords from private buffer at 0x0, seq 609
  1045      1.645 gfx: paging submit, 996 dwords from private buffer at 0x0, seq 610
  1046      1.645 gfx: paging submit, 996 dwords from private buffer at 0x0, seq 611
  1047      1.646 gfx: paging submit, 996 dwords from private buffer at 0x0, seq 612
  1048      1.646 gfx: paging submit, 996 dwords from private buffer at 0x0, seq 613
  1049      1.646 gfx: paging submit, 996 dwords from private buffer at 0x0, seq 614
  1050      1.646 gfx: paging submit, 996 dwords from private buffer at 0x0, seq 615
  1051      1.647 gfx: paging submit, 996 dwords from private buffer at 0x0, seq 616
  1052      1.647 gfx: paging submit, 996 dwords from private buffer at 0x0, seq 617
  1053      1.647 gfx: paging submit, 996 dwords from private buffer at 0x0, seq 618
  1054      1.647 gfx: paging submit, 664 dwords from private buffer at 0x0, seq 619
  1055      1.652 gfx: paging submit, 352 dwords from private buffer at 0xA60, seq 620
  1056      1.652 gfx: paging submit, 1004 dwords from private buffer at 0x0, seq 621
  1057      1.652 gfx: paging submit, 1004 dwords from private buffer at 0x0, seq 622
  1058      1.652 gfx: paging submit, 1004 dwords from private buffer at 0x0, seq 623
  1059      1.653 gfx: paging submit, 1004 dwords from private buffer at 0x0, seq 624
  1060      1.653 gfx: paging submit, 1017 dwords from private buffer at 0x0, seq 625
  1061      1.653 gfx: paging submit, 1004 dwords from private buffer at 0x0, seq 626
  1062      1.653 gfx: paging submit, 974 dwords from private buffer at 0x0, seq 627
  1063      1.653 gfx: paging submit, 1004 dwords from private buffer at 0x0, seq 628
  1064      1.654 gfx: paging submit, 929 dwords from private buffer at 0x0, seq 629
  1065      1.654 gfx: paging submit, 80 dwords from private buffer at 0xE84, seq 630
  1066      1.654 gfx: paging submit, 752 dwords from private buffer at 0x0, seq 631
  1067      1.654 gfx: paging submit, 256 dwords from private buffer at 0xBC0, seq 632
  1068      1.655 gfx: paging submit, 796 dwords from private buffer at 0x0, seq 633
  1069      1.655 gfx: paging submit, 208 dwords from private buffer at 0xC70, seq 634
  1070      1.655 gfx: paging submit, 844 dwords from private buffer at 0x0, seq 635
  1071      1.655 gfx: paging submit, 160 dwords from private buffer at 0xD30, seq 636
  1072      1.655 gfx: paging submit, 892 dwords from private buffer at 0x0, seq 637
  1073      1.655 gfx: paging submit, 112 dwords from private buffer at 0xDF0, seq 638
  1074      1.656 gfx: paging submit, 991 dwords from private buffer at 0x0, seq 639
  1075      1.656 wddm: DescribeAllocation 1920x1200 format 21
  1076      1.656 wddm: SetVidPnSourceAddress segment 1 address 0xF4008D0000 flags 0x00000001 (firmware framebuffer 0xC0000000)
  1077      1.656 wddm: software vsync on, 16 ms period, target 2424833
  1078      1.656 wddm: display SetVidPnSourceVisibility call 4 detail 0x0 -> 0x00000000
  1079      1.656 wddm: DestroyContext
  1080      1.661 gfx: paging submit, 16 dwords from private buffer at 0xF7C, seq 640
  1081      1.661 gfx: paging submit, 485 dwords from private buffer at 0x0, seq 641
  1082      1.661 gfx: paging submit, 15 dwords from private buffer at 0x794, seq 642
  1083      1.661 wddm: CloseAllocation 1 allocations
  1084      1.661 wddm: DestroyAllocation 1 allocations
  1085      1.663 gfx: paging submit, 512 dwords from private buffer at 0x7D0, seq 643
  1086      1.663 gfx: paging submit, 393 dwords from private buffer at 0x0, seq 644
  1087      1.663 gfx: paging submit, 15 dwords from private buffer at 0x624, seq 645
  1088      1.663 wddm: CloseAllocation 1 allocations
  1089      1.663 wddm: DestroyAllocation 1 allocations
  1090      1.665 gfx: paging submit, 273 dwords from private buffer at 0x660, seq 646
  1091      1.665 gfx: paging submit, 15 dwords from private buffer at 0xAA4, seq 647
  1092      1.665 wddm: CloseAllocation 1 allocations
  1093      1.665 wddm: DestroyAllocation 1 allocations
  1094      1.667 wddm: CreateAllocation 1 allocations, flags 1 resource yes
  1095      1.667 wddm: OpenAllocation [0] handle 0x80002640 private 32 bytes -> FFFFAE085C390E10 (GetHandleData said 0000000000000000)
  1096      1.667 wddm: OpenAllocation 1 allocations flags 0x00000001
  1097      1.668 gfx: paging submit, 320 dwords from private buffer at 0xAE0, seq 648
  1098      1.668 gfx: paging submit, 1004 dwords from private buffer at 0x0, seq 649
  1099      1.668 gfx: paging submit, 1004 dwords from private buffer at 0x0, seq 650
  1100      1.669 gfx: paging submit, 1004 dwords from private buffer at 0x0, seq 651
  1101      1.669 gfx: paging submit, 1004 dwords from private buffer at 0x0, seq 652
  1102      1.669 amdgpu[2]: ring alloc of 16 dwords exceeds max_dw 14

  1103      1.669 gfx: paging submit, 1004 dwords from private buffer at 0x0, seq 653
  1104      1.669 amdgpu[2]: ring alloc of 16 dwords exceeds max_dw 13

  1105      1.669 gfx: paging submit, 1005 dwords from private buffer at 0x0, seq 654
  1106      1.670 amdgpu[2]: ring alloc of 16 dwords exceeds max_dw 13

  1107      1.670 gfx: paging submit, 1005 dwords from private buffer at 0x0, seq 655
  1108      1.670 amdgpu[2]: ring alloc of 16 dwords exceeds max_dw 13

  1109      1.670 gfx: paging submit, 1005 dwords from private buffer at 0x0, seq 656
  1110      1.671 amdgpu[2]: ring alloc of 16 dwords exceeds max_dw 13

  1111      1.671 gfx: paging submit, 1005 dwords from private buffer at 0x0, seq 657
  1112      1.671 amdgpu[2]: ring alloc of 16 dwords exceeds max_dw 13

  1113      1.671 gfx: paging submit, 1005 dwords from private buffer at 0x0, seq 658
  1114      1.671 amdgpu[2]: ring alloc of 16 dwords exceeds max_dw 13

  1115      1.671 gfx: paging submit, 1005 dwords from private buffer at 0x0, seq 659
  1116      1.672 amdgpu[2]: ring alloc of 16 dwords exceeds max_dw 13

  1117      1.672 gfx: paging submit, 1005 dwords from private buffer at 0x0, seq 660
  1118      1.672 amdgpu[2]: ring alloc of 16 dwords exceeds max_dw 13

  1119      1.672 gfx: paging submit, 1005 dwords from private buffer at 0x0, seq 661
  1120      1.673 amdgpu[2]: ring alloc of 16 dwords exceeds max_dw 13

  1121      1.673 gfx: paging submit, 1005 dwords from private buffer at 0x0, seq 662
  1122      1.673 amdgpu[2]: ring alloc of 16 dwords exceeds max_dw 13

  1123      1.673 gfx: paging submit, 1005 dwords from private buffer at 0x0, seq 663
  1124      1.674 gfx: paging submit, 515 dwords from private buffer at 0x0, seq 664
  1125      1.676 gfx: paging submit, 494 dwords from private buffer at 0x80C, seq 665
  1126      1.676 gfx: paging submit, 1004 dwords from private buffer at 0x0, seq 666
  1127      1.676 gfx: paging submit, 974 dwords from private buffer at 0x0, seq 667
  1128      1.676 gfx: paging submit, 1004 dwords from private buffer at 0x0, seq 668
  1129      1.677 gfx: paging submit, 1004 dwords from private buffer at 0x0, seq 669
  1130      1.677 gfx: paging submit, 589 dwords from private buffer at 0x0, seq 670
  1131      1.677 gfx: paging submit, 416 dwords from private buffer at 0x934, seq 671
  1132      1.678 gfx: paging submit, 636 dwords from private buffer at 0x0, seq 672
  1133      1.678 gfx: paging submit, 368 dwords from private buffer at 0x9F0, seq 673
  1134      1.678 gfx: paging submit, 684 dwords from private buffer at 0x0, seq 674
  1135      1.679 gfx: paging submit, 320 dwords from private buffer at 0xAB0, seq 675
  1136      1.679 gfx: paging submit, 732 dwords from private buffer at 0x0, seq 676
  1137      1.679 gfx: paging submit, 272 dwords from private buffer at 0xB70, seq 677
  1138      1.680 gfx: paging submit, 780 dwords from private buffer at 0x0, seq 678
  1139      1.680 gfx: paging submit, 224 dwords from private buffer at 0xC30, seq 679
  1140      1.680 gfx: paging submit, 881 dwords from private buffer at 0x0, seq 680
  1141      1.686 wddm: CreateAllocation 1 allocations, flags 1 resource yes
  1142      1.686 wddm: OpenAllocation [0] handle 0x800026C0 private 32 bytes -> FFFFAE085C390A00 (GetHandleData said 0000000000000000)
  1143      1.686 wddm: OpenAllocation 1 allocations flags 0x00000001
  1144      1.687 gfx: paging submit, 128 dwords from private buffer at 0xDC4, seq 681
  1145      1.687 gfx: paging submit, 1004 dwords from private buffer at 0x0, seq 682
  1146      1.688 gfx: paging submit, 1004 dwords from private buffer at 0x0, seq 683
  1147      1.688 gfx: paging submit, 974 dwords from private buffer at 0x0, seq 684
  1148      1.689 gfx: paging submit, 1004 dwords from private buffer at 0x0, seq 685
  1149      1.690 amdgpu[2]: ring alloc of 16 dwords exceeds max_dw 12

  1150      1.690 gfx: paging submit, 1006 dwords from private buffer at 0x0, seq 686
  1151      1.690 amdgpu[2]: ring alloc of 16 dwords exceeds max_dw 13

  1152      1.690 gfx: paging submit, 1005 dwords from private buffer at 0x0, seq 687
  1153      1.691 amdgpu[2]: ring alloc of 16 dwords exceeds max_dw 13

  1154      1.691 gfx: paging submit, 1005 dwords from private buffer at 0x0, seq 688
  1155      1.691 amdgpu[2]: ring alloc of 16 dwords exceeds max_dw 13

  1156      1.691 gfx: paging submit, 1005 dwords from private buffer at 0x0, seq 689
  1157      1.692 amdgpu[2]: ring alloc of 16 dwords exceeds max_dw 13

  1158      1.692 gfx: paging submit, 1005 dwords from private buffer at 0x0, seq 690
  1159      1.692 amdgpu[2]: ring alloc of 16 dwords exceeds max_dw 13

  1160      1.692 gfx: paging submit, 1005 dwords from private buffer at 0x0, seq 691
  1161      1.692 amdgpu[2]: ring alloc of 16 dwords exceeds max_dw 13

  1162      1.693 gfx: paging submit, 1005 dwords from private buffer at 0x0, seq 692
  1163      1.693 amdgpu[2]: ring alloc of 16 dwords exceeds max_dw 13

  1164      1.693 gfx: paging submit, 1005 dwords from private buffer at 0x0, seq 693
  1165      1.693 amdgpu[2]: ring alloc of 16 dwords exceeds max_dw 13

  1166      1.693 gfx: paging submit, 1005 dwords from private buffer at 0x0, seq 694
  1167      1.694 amdgpu[2]: ring alloc of 16 dwords exceeds max_dw 13

  1168      1.694 gfx: paging submit, 1005 dwords from private buffer at 0x0, seq 695
  1169      1.694 amdgpu[2]: ring alloc of 16 dwords exceeds max_dw 13

  1170      1.694 gfx: paging submit, 1005 dwords from private buffer at 0x0, seq 696
  1171      1.696 gfx: paging submit, 735 dwords from private buffer at 0x0, seq 697
  1172      1.697 gfx: paging submit, 272 dwords from private buffer at 0xB7C, seq 698
  1173      1.697 gfx: paging submit, 1004 dwords from private buffer at 0x0, seq 699
  1174      1.697 gfx: paging submit, 1004 dwords from private buffer at 0x0, seq 700
  1175      1.698 gfx: paging submit, 1004 dwords from private buffer at 0x0, seq 701
  1176      1.698 gfx: paging submit, 1004 dwords from private buffer at 0x0, seq 702
  1177      1.698 gfx: paging submit, 367 dwords from private buffer at 0x0, seq 703
  1178      1.698 gfx: paging submit, 638 dwords from private buffer at 0x5BC, seq 704
  1179      1.699 gfx: paging submit, 428 dwords from private buffer at 0x0, seq 705
  1180      1.699 gfx: paging submit, 576 dwords from private buffer at 0x6B0, seq 706
  1181      1.699 gfx: paging submit, 476 dwords from private buffer at 0x0, seq 707
  1182      1.700 gfx: paging submit, 528 dwords from private buffer at 0x770, seq 708
  1183      1.700 gfx: paging submit, 524 dwords from private buffer at 0x0, seq 709
  1184      1.700 gfx: paging submit, 480 dwords from private buffer at 0x830, seq 710
  1185      1.701 gfx: paging submit, 572 dwords from private buffer at 0x0, seq 711
  1186      1.701 gfx: paging submit, 432 dwords from private buffer at 0x8F0, seq 712
  1187      1.701 gfx: paging submit, 673 dwords from private buffer at 0x0, seq 713
  1188      1.702 wddm: DestroyDevice
  1189      1.707 wddm: DescribeAllocation 1920x1200 format 21
  1190      1.707 wddm: SetVidPnSourceAddress segment 1 address 0xF4008D0000 flags 0x00000001 (firmware framebuffer 0xC0000000)
  1191      1.707 wddm: display SetVidPnSourceVisibility call 5 detail 0x0 -> 0x00000000
  1192      1.711 wddm: DestroyProcess
  1193      1.727 wddm: CreateProcess flags 0x00000000 pasids 1
  1194      1.727 wddm: CreateDevice flags 0x00000000 pasid 0
  1195      1.728 wddm: CreateContext node 0 engine 0x1 flags 0x00000004 private 0
  1196      1.728 wddm: CreateContext answered dma 4096 bytes segment set 0x2, lists 256/0, caps 0x00000001
  1197      3.003 wddm: DescribeAllocation 1920x1200 format 21
  1198      3.003 wddm: Present flags 0x0000000C source 0 dest 0, 1 sub-rectangles, 0 DMA bytes free
  1199      3.003 wddm: Present list FFFF8005BF501E40 (context list 256), private 0000000000000000/0, driver data 0
  1200      3.003 wddm: Present list q0-3  0000000000000000 0000000000000000 0000000000000000 0000000000000000
  1201      3.003 wddm: Present list q4-7  FFFFAE085C390E10 0000000002338000 FFFFFFFFFFFFFFFF 000000000000FFFF
  1202      3.003 wddm: Present list q8-11 0000000000000000 0000000000000000 0000000000000000 0000000000000000
  1203      3.003 wddm: Present dst (0,0)-(0,0) src (0,0)-(0,0) va 0x0
  1204      3.027 gfx: paging submit, 334 dwords from private buffer at 0xA84, seq 714
  1205      3.027 gfx: paging submit, 732 dwords from private buffer at 0x0, seq 715
  1206      3.027 gfx: paging submit, 286 dwords from private buffer at 0xB70, seq 716
  1207      3.027 gfx: paging submit, 1004 dwords from private buffer at 0x0, seq 717
  1208      3.027 gfx: paging submit, 1004 dwords from private buffer at 0x0, seq 718
  1209      3.027 gfx: paging submit, 1004 dwords from private buffer at 0x0, seq 719
  1210      3.027 gfx: paging submit, 939 dwords from private buffer at 0x0, seq 720
  1211      3.194 gfx: paging submit, 64 dwords from private buffer at 0xEAC, seq 721
  1212      3.194 gfx: paging submit, 974 dwords from private buffer at 0x0, seq 722
  1213      3.196 gfx: paging submit, 39 dwords from private buffer at 0x0, seq 723
  1214      3.196 gfx: paging submit, 974 dwords from private buffer at 0x9C, seq 724
  1215      3.196 gfx: paging submit, 74 dwords from private buffer at 0x0, seq 725
  1216      3.196 gfx: paging submit, 938 dwords from private buffer at 0x128, seq 726
  1217      3.196 gfx: paging submit, 159 dwords from private buffer at 0x0, seq 727
  1218      3.200 wddm: CreateDevice flags 0x00000000 pasid 0
  1219      3.200 wddm: CreateContext node 0 engine 0x1 flags 0x00000004 private 0
  1220      3.200 wddm: CreateContext answered dma 4096 bytes segment set 0x2, lists 256/0, caps 0x00000001
  1221      3.744 gfx: paging submit, 125 dwords from private buffer at 0x27C, seq 728
  1222      3.746 gfx: paging submit, 110 dwords from private buffer at 0x470, seq 729
  1223      3.746 gfx: paging submit, 624 dwords from private buffer at 0x628, seq 730
  1224      3.746 gfx: paging submit, 428 dwords from private buffer at 0x0, seq 731
  1225      3.746 gfx: paging submit, 590 dwords from private buffer at 0x6B0, seq 732
  1226      3.746 gfx: paging submit, 509 dwords from private buffer at 0x0, seq 733
  1227      4.485 wddm: DescribeAllocation 1920x1200 format 21
  1228      4.485 wddm: Present flags 0x0000000C source 0 dest 0, 1 sub-rectangles, 0 DMA bytes free
  1229      4.485 wddm: Present list FFFF8005BF501E40 (context list 256), private 0000000000000000/0, driver data 0
  1230      4.485 wddm: Present list q0-3  0000000000000000 0000000000000000 0000000000000000 0000000000000000
  1231      4.485 wddm: Present list q4-7  FFFFAE085C390E10 0000000002338000 FFFFFFFFFFFFFFFF 000000000000FFFF
  1232      4.485 wddm: Present list q8-11 0000000000000000 0000000000000000 0000000000000000 0000000000000000
  1233      4.485 wddm: Present dst (0,0)-(0,0) src (0,0)-(0,0) va 0x0
  1234      4.663 gfx: paging submit, 496 dwords from private buffer at 0x7F4, seq 734
  1235      4.663 gfx: paging submit, 135 dwords from private buffer at 0x0, seq 735
  1236      4.663 gfx: paging submit, 602 dwords from private buffer at 0x21C, seq 736
  1237      4.663 gfx: paging submit, 272 dwords from private buffer at 0xB84, seq 737
  1238      4.665 gfx: paging submit, 780 dwords from private buffer at 0x0, seq 738
  1239      4.665 gfx: paging submit, 224 dwords from private buffer at 0xC30, seq 739
  1240      4.665 gfx: paging submit, 875 dwords from private buffer at 0x0, seq 740
  1241      5.890 wddm: DescribeAllocation 1920x1200 format 21
  1242      5.890 wddm: Present flags 0x0000000C source 0 dest 0, 1 sub-rectangles, 0 DMA bytes free
  1243      5.890 wddm: Present list FFFF8005BF501E40 (context list 256), private 0000000000000000/0, driver data 0
  1244      5.890 wddm: Present list q0-3  0000000000000000 0000000000000000 0000000000000000 0000000000000000
  1245      5.890 wddm: Present list q4-7  FFFFAE085C390E10 0000000002338000 FFFFFFFFFFFFFFFF 000000000000FFFF
  1246      5.890 wddm: Present list q8-11 0000000000000000 0000000000000000 0000000000000000 0000000000000000
  1247      5.890 wddm: Present dst (0,0)-(0,0) src (0,0)-(0,0) va 0x0
  1248      7.247 wddm: Present flags 0x0000000C source 0 dest 0, 1 sub-rectangles, 0 DMA bytes free
  1249      7.247 wddm: Present list FFFF8005BF501E40 (context list 256), private 0000000000000000/0, driver data 0
  1250      7.247 wddm: Present list q0-3  0000000000000000 0000000000000000 0000000000000000 0000000000000000
  1251      7.247 wddm: Present list q4-7  FFFFAE085C390E10 0000000002338000 FFFFFFFFFFFFFFFF 000000000000FFFF
  1252      7.247 wddm: Present list q8-11 0000000000000000 0000000000000000 0000000000000000 0000000000000000
  1253      7.247 wddm: Present dst (0,0)-(0,0) src (0,0)-(0,0) va 0x0
  1254      8.256 wddm summary: ---- DDI calls: name, count, first log line ----
  1255      8.256 wddm summary: QueryAdapterInfo                   12  first at 234
  1256      8.256 wddm summary: GetNodeMetadata                     2  first at 242
  1257      8.256 wddm summary: CreateDevice                        8  first at 249
  1258      8.256 wddm summary: DestroyDevice                       1  first at 1188
  1259      8.256 wddm summary: CreateContext                       6  first at 252
  1260      8.256 wddm summary: DestroyContext                      1  first at 1079
  1261      8.256 wddm summary: CreateProcess                       5  first at 248
  1262      8.256 wddm summary: DestroyProcess                      1  first at 1192
  1263      8.256 wddm summary: SetRootPageTable                    1  first at 274
  1264      8.256 wddm summary: CreateAllocation                   10  first at 311
  1265      8.256 wddm summary: DestroyAllocation                   5  first at 633
  1266      8.256 wddm summary: DescribeAllocation                  9  first at 366
  1267      8.256 wddm summary: GetStandardAllocationDriverData      4  first at 309
  1268      8.256 wddm summary: OpenAllocation                     12  first at 313
  1269      8.256 wddm summary: CloseAllocation                     5  first at 632
  1270      8.256 wddm summary: BuildPagingBuffer                1981  first at 254
  1271      8.256 wddm summary: SubmitCommandVirtual              740  first at 294
  1272      8.256 wddm summary: Present                             4  first at 1198
  1273      8.256 wddm summary: SetVidPnSourceAddress               7  first at 418
  1274      8.256 wddm summary: ControlInterrupt                    1  first at 422
  1275      8.256 wddm summary: ---- QueryAdapterInfo types: type, count, first log line ----
  1276      8.256 wddm summary: adapter info type   1       1  first at 234
  1277      8.256 wddm summary: adapter info type  15       1  first at 235
  1278      8.256 wddm summary: adapter info type  47       1  first at 236
  1279      8.256 wddm summary: adapter info type  13       1  first at 237
  1280      8.256 wddm summary: adapter info type  14       4  first at 238
  1281      8.256 wddm summary: adapter info type  11       2  first at 245
  1282      8.256 wddm summary: adapter info type  10       1  first at 247
  1283      8.256 wddm summary: adapter info type  16       1  first at 247
  1284      8.256 wddm summary: capture plans reserved 2 heap 0
  1285      8.256 wddm summary: capture context peaks plans 1 reserved-bytes 189304
  1286      8.256 wddm summary: ---- BuildPagingBuffer operations: operation, count, first log line ----
  1287      8.256 wddm summary: paging operation  11    1450  first at 254
  1288      8.256 wddm summary: paging operation  12      55  first at 302
  1289      8.256 wddm summary: paging operation   9      98  first at 321
  1290      8.256 wddm summary: paging operation   2       2  first at 627
  1291      8.256 wddm summary: paging operation   8     376  first at 648
  1292      8.256 wddm summary: objects created/destroyed: dev 8/1 ctx 6/1 proc 5/1 alloc 10/5, 36 alive
  1293      8.256 wddm summary: allocations opened/closed: 12/5 calls
  1294      8.256 wddm summary: submissions 0 physical + 740 virtual, 0 preemptions, last completed fence 740
  1295      8.256 wddm summary: node 0 hardware: 0 submitted, 0 completed, 0 timeouts, 0 refused
  1296      8.256 wddm summary: umd: 0 allocs (0 refused), 0 contexts, 0 submits on the ring, 0 not run
  1297      8.256 wddm profile: umd calls 0, elapsed ticks 0, QPC frequency 10000000
  1298      8.256 wddm profile: probe enabled 0, calls 0, elapsed ticks 0 (included in umd)
  1299      8.256 wddm summary: node 1 (paging, open): 740 hardware submitted, 740 completed, 0 timeouts, 0 refused
  1300      8.256 wddm summary: SubmitCommandVirtual by node: 0: 0, 1: 740, 0 private-buffer refusals
  1301      8.256 wddm summary: BuildPagingBuffer: 2 transfers, 98 fills, 92160000 bytes, 651 insufficient-buffer
  1302      8.256 wddm summary: aperture map batches 0, unmap batches 0
  1303      8.256 wddm summary: paging TLB invalidations 55, PTE update batches 418
  1304      8.256 wddm summary: paging unsupported (not ready/no root/no translation/system memory/not contiguous) 0/0/0/0/0
  1305      8.256 wddm summary: presents 4, flips 2 of 7 address calls (4 arrived above DISPATCH_LEVEL)
  1306      8.256 wddm summary: blit gate open, 0 blits, 0 skips, 0 sources translated contiguous
  1307      8.256 wddm summary: blit destination: 0 to the flipped surface, 0 to the POST framebuffer (0 a failed-mapping fallback), 0 scanout remaps (0 failed), last blit 0 row
  1308      8.256 wddm summary: widest blit 0 rows
  1309      8.256 wddm summary: last blit reading 0, 0x0 pitch 0, 0 rectangles, source physical 0x0
  1310      8.256 wddm summary: vsync enabled, 454 ticks, 437 reported to dxgkrnl
  1311      8.256 wddm summary: vidpn flip closed: 0 hardware flips, 0 refused, 0 hardware vsyncs armed 0 acked 0 refused 0 deferred (flip still pending)
  1312      8.256 wddm summary: no TDR (ResetEngine, ResetFromTimeout and RestartFromTimeout were never called)
  1313      8.256 wddm summary: CollectDbgInfo called 0 time(s) since the driver was loaded
  1314      8.256 vidmm summary: level 0: 1024 calls, 262656 entries, 512 valid
  1315      8.256 vidmm summary: level 1: 2 calls, 1024 entries, 512 valid
  1316      8.256 vidmm summary: level 2: 1 calls, 512 entries, 2 valid
  1317      8.256 vidmm summary: level 3: 1 calls, 512 entries, 1 valid
  1318      8.256 vidmm summary: system leaf encoding coherent 0 noncoherent 16684 snoop mismatches 0
  1319      8.256 vidmm summary: 1028 cpu-virtual calls, 0 gpu-physical calls
  1320      8.256 vidmm summary: 264704 entries written (EnableGpuVa open), 0 refused, 0 bad calls, 1 roots
             1024 lines printed
boot_after=2026-09-24T11:44:14
full_start_script_complete
fbdump       rows 0..63 of 1200, address 0x270000000
fbdump       rows 64..127 of 1200, address 0x270078000
fbdump       rows 128..191 of 1200, address 0x2700F0000
fbdump       rows 192..255 of 1200, address 0x270168000
fbdump       rows 256..319 of 1200, address 0x2701E0000
fbdump       rows 320..383 of 1200, address 0x270258000
fbdump       rows 384..447 of 1200, address 0x2702D0000
fbdump       rows 448..511 of 1200, address 0x270348000
fbdump       rows 512..575 of 1200, address 0x2703C0000
fbdump       rows 576..639 of 1200, address 0x270438000
fbdump       rows 640..703 of 1200, address 0x2704B0000
fbdump       rows 704..767 of 1200, address 0x270528000
fbdump       rows 768..831 of 1200, address 0x2705A0000
fbdump       rows 832..895 of 1200, address 0x270618000
fbdump       rows 896..959 of 1200, address 0x270690000
fbdump       rows 960..1023 of 1200, address 0x270708000
fbdump       rows 1024..1087 of 1200, address 0x270780000
fbdump       rows 1088..1151 of 1200, address 0x2707F8000
fbdump       rows 1152..1199 of 1200, address 0x270870000
wrote C:\BC250\m13\mesa-start07127\scanout12.bmp: 1920x1200, 7680 bytes/row, 9216000 bytes total
fbdump       rows 0..63 of 1200, address 0x270000000
fbdump       rows 64..127 of 1200, address 0x270078000
fbdump       rows 128..191 of 1200, address 0x2700F0000
fbdump       rows 192..255 of 1200, address 0x270168000
fbdump       rows 256..319 of 1200, address 0x2701E0000
fbdump       rows 320..383 of 1200, address 0x270258000
fbdump       rows 384..447 of 1200, address 0x2702D0000
fbdump       rows 448..511 of 1200, address 0x270348000
fbdump       rows 512..575 of 1200, address 0x2703C0000
fbdump       rows 576..639 of 1200, address 0x270438000
fbdump       rows 640..703 of 1200, address 0x2704B0000
fbdump       rows 704..767 of 1200, address 0x270528000
fbdump       rows 768..831 of 1200, address 0x2705A0000
fbdump       rows 832..895 of 1200, address 0x270618000
fbdump       rows 896..959 of 1200, address 0x270690000
fbdump       rows 960..1023 of 1200, address 0x270708000
fbdump       rows 1024..1087 of 1200, address 0x270780000
fbdump       rows 1088..1151 of 1200, address 0x2707F8000
fbdump       rows 1152..1199 of 1200, address 0x270870000
wrote C:\BC250\m13\mesa-start07127\scanout32.bmp: 1920x1200, 7680 bytes/row, 9216000 bytes total
log          2335 lines since this driver load, 1311 lost to the wrap, 0 dropped above DISPATCH_LEVEL; ring 1024 lines of which the first 256 are kept; table FULL WDDM (the gate was open at DriverEntry)
     0      0.003 stage 10
     1      0.004 gate: EnableFullWddm 1 (one shot: closed again on disk)
     2      0.005 stage 20
     3      0.175 stage 30
     4      0.178 stage 31
     5      0.179 stage 32
     6      0.179 post display 1920x1200 pitch 7680 format 22 target 2424833
     7      0.180 stage 33
     8      0.181 stage 34
     9      0.181 interrupt resource 1: message, vector 0x80, flags 0x3
    10      0.181 mmio: BAR5 at 0xFE800000 mapped, writes off, dcn writes off, vidpn flip off
    11      0.181 vram: 0x270000000 + 0x200000000, MC 0xF400000000, BAR0 0xC0000000 + 0x10000000, writes allowed
    12      0.181 fb sample mapped: phys 0xC0000000 first 0x00000000 mid 0x00000000
    13      0.181 fb sample physical: 0x270000000 first 0x00000000 mid 0x00000000
    14      0.182 gart: ready, dummy page at 0x26FFFA000
    15      0.182 psp: ready
    16      0.182 gpumem: ready, doorbells at 0xD0000000
    17      0.182 gfx: ready, GPU submission allowed, paging node allowed
    18      0.182 ih: ready
    19      0.199 vidmm: logical paging state 515 tables, 1031 slots, 4767344 bytes reserved
    20      0.207 vidmm: table segment 3 at physical 0x45E150000 + 0xFEB0000, host memory below 0x270000000, updates are WRITTEN
    21      0.207 startup: entering interrupt connection
    22      0.210 startup: entering firmware preparation
    23      0.215 gfx: CP_ME_CNTL 0x15000000, CP_MEC_CNTL 0x50000000, SDMA0/1_F32_CNTL 0x1 0x1
    24      0.215 gfx: unpublished translation bootstrap entered with engines halted
    25      0.215 gfx: RLC before-gart-initialization CNTL 0x00000000 read 0x00000000 STATUS2 0x00000008 read 0x00000000
    26      0.215 gfx: GRBM before-gart-initialization STATUS 0x00003028 read 0x00000000
    27      0.215 startup: entering GART initialization
    28      0.229 gart: startup startup-after-gfxhub-enable sample 0x00000000 fault 0x00000000
    29      0.229 gfx: RLC startup-after-gfxhub-enable CNTL 0x00000000 read 0x00000000 STATUS2 0x00000008 read 0x00000000
    30      0.229 gfx: GRBM startup-after-gfxhub-enable STATUS 0x00003028 read 0x00000000
    31      0.230 gart: startup startup-after-mmhub-enable sample 0x00000000 fault 0x00000000
    32      0.230 gfx: RLC startup-after-mmhub-enable CNTL 0x00000000 read 0x00000000 STATUS2 0x00000008 read 0x00000000
    33      0.230 gfx: GRBM startup-after-mmhub-enable STATUS 0x00003028 read 0x00000000
    34      0.230 gart: startup startup-after-fault-defaults sample 0x00000000 fault 0x00000000
    35      0.230 gfx: RLC startup-after-fault-defaults CNTL 0x00000000 read 0x00000000 STATUS2 0x00000008 read 0x00000000
    36      0.230 gfx: GRBM startup-after-fault-defaults STATUS 0x00003028 read 0x00000000
    37      0.230 gart: startup bootstrap-after-mmhub-flush sample 0x00000000 fault 0x00000000
    38      0.230 gfx: RLC bootstrap-after-mmhub-flush CNTL 0x00000000 read 0x00000000 STATUS2 0x00000008 read 0x00000000
    39      0.230 gfx: GRBM bootstrap-after-mmhub-flush STATUS 0x00003028 read 0x00000000
    40      0.230 gart: op 1 -> 0x00000000 (-), result 0, 284 writes, fault offset 0x00000
    41      0.230 gfx: RLC before-psp CNTL 0x00000000 read 0x00000000 STATUS2 0x00000008 read 0x00000000
    42      0.230 gfx: GRBM before-psp STATUS 0x00003028 read 0x00000000
    43      0.230 startup: entering PSP initialization
    44      0.282 gfx: RLC before-psp-ring-create CNTL 0x00000000 read 0x00000000 STATUS2 0x00000008 read 0x00000000
    45      0.282 gfx: GRBM before-psp-ring-create STATUS 0x00003028 read 0x00000000
    46      0.305 gfx: RLC after-psp-ring-create CNTL 0x00000000 read 0x00000000 STATUS2 0x00000008 read 0x00000000
    47      0.305 gfx: GRBM after-psp-ring-create STATUS 0x00003028 read 0x00000000
    48      0.305 amdgpu[0]: reserve 0x400000 from 0xf5ff800000 for PSP TMR

    49      0.305 psp: command 1 (id 5, type 0, 4194304 bytes): rc 0, status 0x0, 269 us, in TMR at 0x0
    50      0.305 gfx: RLC after-psp-command CNTL 0x00000000 read 0x00000000 STATUS2 0x00000008 read 0x00000000
    51      0.305 gfx: GRBM after-psp-command STATUS 0x00003028 read 0x00000000
    52      0.307 psp: command 2 (id 6, type 9, 33536 bytes): rc 0, status 0x0, 1905 us, in TMR at 0x0
    53      0.307 gfx: RLC after-psp-command CNTL 0x00000000 read 0x00000000 STATUS2 0x01000008 read 0x00000000
    54      0.307 gfx: GRBM after-psp-command STATUS 0x00003028 read 0x00000000
    55      0.309 psp: command 3 (id 6, type 10, 33536 bytes): rc 0, status 0x0, 1940 us, in TMR at 0x0
    56      0.309 gfx: RLC after-psp-command CNTL 0x00000000 read 0x00000000 STATUS2 0x01000008 read 0x00000000
    57      0.309 gfx: GRBM after-psp-command STATUS 0x00003028 read 0x00000000
    58      0.315 psp: command 4 (id 6, type 3, 263040 bytes): rc 0, status 0x0, 5913 us, in TMR at 0xF5FF842000
    59      0.315 gfx: RLC after-psp-command CNTL 0x00000000 read 0x00000000 STATUS2 0x01000008 read 0x00000000
    60      0.315 gfx: GRBM after-psp-command STATUS 0x00003028 read 0x00000000
    61      0.320 psp: command 5 (id 6, type 2, 263168 bytes): rc 0, status 0x0, 5912 us, in TMR at 0xF5FF883000
    62      0.320 gfx: RLC after-psp-command CNTL 0x00000000 read 0x00000000 STATUS2 0x01000008 read 0x00000000
    63      0.320 gfx: GRBM after-psp-command STATUS 0x00003028 read 0x00000000
    64      0.326 psp: command 6 (id 6, type 1, 263168 bytes): rc 0, status 0x0, 5912 us, in TMR at 0xF5FF8C4000
    65      0.326 gfx: RLC after-psp-command CNTL 0x00000000 read 0x00000000 STATUS2 0x01000008 read 0x00000000
    66      0.326 gfx: GRBM after-psp-command STATUS 0x00003028 read 0x00000000
    67      0.332 psp: command 7 (id 6, type 4, 267440 bytes): rc 0, status 0x0, 5963 us, in TMR at 0xF5FF800000
    68      0.332 gfx: RLC after-psp-command CNTL 0x00000000 read 0x00000000 STATUS2 0x01000008 read 0x00000000
    69      0.332 gfx: GRBM after-psp-command STATUS 0x00003028 read 0x00000000
    70      0.332 psp: command 8 (id 6, type 5, 896 bytes): rc 0, status 0x0, 130 us, in TMR at 0x0
    71      0.332 gfx: RLC after-psp-command CNTL 0x00000000 read 0x00000000 STATUS2 0x01000008 read 0x00000000
    72      0.332 gfx: GRBM after-psp-command STATUS 0x00003028 read 0x00000000
    73      0.338 psp: command 9 (id 6, type 4, 267440 bytes): rc 0, status 0x0, 5962 us, in TMR at 0xF5FF800000
    74      0.338 gfx: RLC after-psp-command CNTL 0x00000000 read 0x00000000 STATUS2 0x01000008 read 0x00000000
    75      0.338 gfx: GRBM after-psp-command STATUS 0x00003028 read 0x00000000
    76      0.338 psp: command 10 (id 6, type 6, 896 bytes): rc 0, status 0x0, 130 us, in TMR at 0x0
    77      0.338 gfx: RLC after-psp-command CNTL 0x00000000 read 0x00000000 STATUS2 0x01000008 read 0x00000000
    78      0.338 gfx: GRBM after-psp-command STATUS 0x00003028 read 0x00000000
    79      0.340 psp: command 11 (id 6, type 8, 25088 bytes): rc 0, status 0x0, 1739 us, in TMR at 0x0
    80      0.340 gfx: RLC after-psp-command CNTL 0x00000000 read 0x00000000 STATUS2 0x01000008 read 0x00000000
    81      0.340 gfx: GRBM after-psp-command STATUS 0x00003028 read 0x00000000
    82      0.340 psp: op 1 -> 0x00000000, result 0, 15 writes, 11 of 11 commands
    83      0.340 gfx: RLC after-psp CNTL 0x00000000 read 0x00000000 STATUS2 0x01000008 read 0x00000000
    84      0.340 gfx: GRBM after-psp STATUS 0x00003028 read 0x00000000
    85      0.340 startup: entering IH initialization
    86      0.344 ih: init: rc 0, 18 writes
    87      0.344 ih: op 1 -> 0x00000000, result 0, 19 writes; 0 interrupt routine calls, 0 ours, 0 DPCs, 0 vectors; status idle 1 input_idle 1 bif_interrupt_line 0
    88      0.344 startup: entering GFX initialization
    89      0.347 startup: entering GFX stage 1
    90      0.351 gfx: RLC startup policy pp_gfxoff 0
    91      0.354 gfx: stage 1 (doorbell aperture): rc 0, 49 writes so far, 1 us
    92      0.354 gfx: op 1 to stage 1 -> 0x00000000, result 0, 49 writes, 0 doorbells
    93      0.357 startup: entering GFX stage 2
    94      0.360 gfx: stage 2 (golden registers): rc 0, 34 writes so far, 26 us
    95      0.360 gfx: op 1 to stage 2 -> 0x00000000, result 0, 34 writes, 0 doorbells
    96      0.362 startup: entering GFX stage 3
    97      0.365 gfx: stage 3 (GRBM CAM probe): rc 0, 3 writes so far, 3 us
    98      0.365 gfx: op 1 to stage 3 -> 0x00000000, result 0, 3 writes, 0 doorbells
    99      0.367 startup: entering GFX stage 4
   100      0.370 gfx: stage 4 (constants): rc 0, 157 writes so far, 77 us
   101      0.370 gfx: op 1 to stage 4 -> 0x00000000, result 0, 157 writes, 0 doorbells
   102      0.372 startup: entering GFX stage 5
   103      0.375 startup: RLC boundary acquire-paging-lock
   104      0.378 startup: RLC boundary acquire-gart-lock
   105      0.380 startup: RLC boundary locks-acquired
   106      0.383 startup: RLC boundary before-rlc-resume
   107      0.386 startup: RLC boundary after-rlc-resume
   108      0.388 startup: RLC boundary before-gfx-visibility
   109      0.391 gpumem: GFXHUB after-invalidate-request sample 0x00F80001 fault 0x00000000
   110      0.393 startup: visibility observer returned after-invalidate-request
   111      0.396 gpumem: GFXHUB after-invalidate-request-read sample 0x00F80001 fault 0x00000000
   112      0.399 startup: visibility observer returned after-invalidate-request-read
   113      0.401 gpumem: GFXHUB after-invalidate-ack sample 0x00000001 fault 0x00000000
   114      0.404 startup: visibility observer returned after-invalidate-ack
   115      0.407 startup: visibility GFX returned 0, entering MMHUB
   116      0.410 startup: visibility MMHUB returned 0
   117      0.412 gpumem: startup GFX translations committed after RLC, before CP
   118      0.415 gfx: RLC after-bootstrap-translation-commit CNTL 0x00000001 read 0x00000000 STATUS2 0x00000008 read 0x00000000
   119      0.415 gfx: GRBM after-bootstrap-translation-commit STATUS 0x00003028 read 0x00000000
   120      0.415 startup: visibility publication observer returned
   121      0.418 startup: RLC boundary after-gfx-visibility
   122      0.421 gfx: stage 5 (RLC): rc 0, 11 writes so far, 37585 us
   123      0.421 gfx: op 1 to stage 5 -> 0x00000000, result 0, 11 writes, 0 doorbells
   124      0.424 startup: entering GFX stage 6
   125      0.426 startup: entering CP step 1
   126      0.429 startup: CP1 checkpoint acquire-paging-lock
   127      0.432 startup: CP1 checkpoint acquire-gart-lock
   128      0.434 startup: CP1 checkpoint locks-acquired
   129      0.437 amdgpu[0]: CP resume kiq-init begin

   130      0.437 startup: CP1 checkpoint scheduler
   131      0.440 startup: CP1 checkpoint scheduler-read
   132      0.443 startup: CP1 checkpoint scheduler-write
   133      0.446 startup: CP1 checkpoint scheduler-done
   134      0.449 startup: CP1 checkpoint clear-mqd
   135      0.452 startup: CP1 checkpoint select-queue
   136      0.455 startup: CP1 checkpoint build-mqd
   137      0.459 startup: CP1 checkpoint disable-wptr-poll
   138      0.461 startup: CP1 checkpoint read-active
   139      0.464 startup: CP1 checkpoint program-hqd
   140      0.466 startup: CP1 checkpoint activate-hqd
   141      0.469 startup: CP1 checkpoint restore-selection
   142      0.472 startup: CP1 checkpoint complete
   143      0.475 amdgpu[0]: CP resume kiq-init end result=0

   144      0.475 gfx: CP step 1: rc 0, 27 writes, 37532 us
   145      0.475 gfx: op 1 to stage 6 -> 0x00000000, result 0, 27 writes, 0 doorbells
   146      0.475 startup: CP step 1 returned 0x00000000 result 0
   147      0.477 startup: entering CP step 2
   148      0.480 amdgpu[0]: CP resume compute-unhalt begin

   149      0.481 amdgpu[0]: CP resume compute-unhalt end

   150      0.481 amdgpu[0]: CP resume kcq-init ring=0 begin

   151      0.481 amdgpu[0]: CP resume kcq-init ring=0 end result=0

   152      0.481 amdgpu[0]: CP resume kcq-init ring=1 begin

   153      0.481 amdgpu[0]: CP resume kcq-init ring=1 end result=0

   154      0.481 amdgpu[0]: CP resume kcq-init ring=2 begin

   155      0.481 amdgpu[0]: CP resume kcq-init ring=2 end result=0

   156      0.481 amdgpu[0]: CP resume kcq-init ring=3 begin

   157      0.481 amdgpu[0]: CP resume kcq-init ring=3 end result=0

   158      0.481 amdgpu[0]: CP resume kcq-init ring=4 begin

   159      0.481 amdgpu[0]: CP resume kcq-init ring=4 end result=0

   160      0.481 amdgpu[0]: CP resume kcq-init ring=5 begin

   161      0.481 amdgpu[0]: CP resume kcq-init ring=5 end result=0

   162      0.481 amdgpu[0]: CP resume kcq-init ring=6 begin

   163      0.481 amdgpu[0]: CP resume kcq-init ring=6 end result=0

   164      0.481 amdgpu[0]: CP resume kcq-init ring=7 begin

   165      0.481 amdgpu[0]: CP resume kcq-init ring=7 end result=0

   166      0.481 gfx: CP step 2: rc 0, 17 writes, 344 us
   167      0.481 gfx: op 1 to stage 6 -> 0x00000000, result 0, 17 writes, 0 doorbells
   168      0.481 startup: CP step 2 returned 0x00000000 result 0
   169      0.484 startup: entering CP step 3
   170      0.487 amdgpu[0]: CP resume kcq-enable begin

   171      0.487 amdgpu[0]: CP resume kcq-enable end result=0

   172      0.487 gfx: CP step 3: rc 0, 1 writes, 63 us
   173      0.487 gfx: op 1 to stage 6 -> 0x00000000, result 0, 1 writes, 2 doorbells
   174      0.487 startup: CP step 3 returned 0x00000000 result 0
   175      0.490 startup: entering CP step 4
   176      0.493 amdgpu[0]: CP resume kgq-init ring=0 begin

   177      0.493 amdgpu[0]: CP resume kgq-init ring=0 end result=0

   178      0.493 gfx: CP step 4: rc 0, 4 writes, 48 us
   179      0.493 gfx: op 1 to stage 6 -> 0x00000000, result 0, 4 writes, 0 doorbells
   180      0.493 startup: CP step 4 returned 0x00000000 result 0
   181      0.497 startup: entering CP step 5
   182      0.500 amdgpu[0]: CP resume kgq-enable begin

   183      0.500 amdgpu[0]: CP resume kgq-enable end result=0

   184      0.500 gfx: CP step 5: rc 0, 1 writes, 33 us
   185      0.500 gfx: op 1 to stage 6 -> 0x00000000, result 0, 1 writes, 2 doorbells
   186      0.500 startup: CP step 5 returned 0x00000000 result 0
   187      0.504 startup: entering CP step 6
   188      0.507 amdgpu[0]: CP resume gfx-start begin

   189      0.507 amdgpu[0]: CP resume gfx-start end result=0

   190      0.507 gfx: CP step 6: rc 0, 3 writes, 53 us
   191      0.507 gfx: op 1 to stage 6 -> 0x00000000, result 0, 3 writes, 1 doorbells
   192      0.507 startup: CP step 6 returned 0x00000000 result 0
   193      0.510 startup: entering CP step 7
   194      0.513 amdgpu[0]: CP resume gfx-test ring=0 begin

   195      0.513 amdgpu[0]: CP resume gfx-test ring=0 end result=0

   196      0.513 gfx: CP step 7: rc 0, 1 writes, 27 us
   197      0.513 gfx: op 1 to stage 6 -> 0x00000000, result 0, 1 writes, 1 doorbells
   198      0.513 startup: CP step 7 returned 0x00000000 result 0
   199      0.516 startup: entering CP step 8
   200      0.519 amdgpu[0]: CP resume compute-test ring=0 begin

   201      0.519 amdgpu[0]: CP resume compute-test ring=0 end result=0

   202      0.519 amdgpu[0]: CP resume compute-test ring=1 begin

   203      0.519 amdgpu[0]: CP resume compute-test ring=1 end result=0

   204      0.519 amdgpu[0]: CP resume compute-test ring=2 begin

   205      0.519 amdgpu[0]: CP resume compute-test ring=2 end result=0

   206      0.519 amdgpu[0]: CP resume compute-test ring=3 begin

   207      0.519 amdgpu[0]: CP resume compute-test ring=3 end result=0

   208      0.519 amdgpu[0]: CP resume compute-test ring=4 begin

   209      0.519 amdgpu[0]: CP resume compute-test ring=4 end result=0

   210      0.519 amdgpu[0]: CP resume compute-test ring=5 begin

   211      0.519 amdgpu[0]: CP resume compute-test ring=5 end result=0

   212      0.519 amdgpu[0]: CP resume compute-test ring=6 begin

   213      0.519 amdgpu[0]: CP resume compute-test ring=6 end result=0

   214      0.519 amdgpu[0]: CP resume compute-test ring=7 begin

   215      0.520 amdgpu[0]: CP resume compute-test ring=7 end result=0

   216      0.520 gfx: CP step 8: rc 0, 8 writes, 164 us
   217      0.520 gfx: op 1 to stage 6 -> 0x00000000, result 0, 8 writes, 8 doorbells
   218      0.520 startup: CP step 8 returned 0x00000000 result 0
   219      0.526 startup: entering GFX stage 7
   220      0.529 gfx: stage 7 (SDMA): rc 0, 93 writes so far, 204 us
   221      0.529 gfx: op 1 to stage 7 -> 0x00000000, result 0, 93 writes, 2 doorbells
   222      0.532 startup: entering GFX stage 8
   223      0.535 gfx: stage 8 (interrupt sources): rc 0, 35 writes so far, 25 us
   224      0.535 gfx: paging node ready, SDMA0 doorbell 0x200, per-buffer private commands
   225      0.535 gfx: op 1 to stage 8 -> 0x00000000, result 0, 35 writes, 0 doorbells
   226      0.540 startup: both engines ready
   227      0.543 startup: attempted 0xF completed 0xF status 0x00000000 ready 1 unwind 0 quarantine 0
   228      0.543 wddm: GPU initialized before adapter admission
   229      0.543 wddm: callbacks sync 1 notify 1 queuedpc 1 notifydpc 1, interface 312 of 312 bytes
   230      0.543 stage 35
   231      0.544 stage 39
   232      0.544 wddm: display QueryChildRelations call 1 detail 0x38 -> 0x00000000
   233      0.544 wddm: DRIVERCAPS into 576 bytes: wddm 8192 sched 0x45 mm 0x60 flip 0x12 slots 0 tdr 1 dflip 1 rot 1
   234      0.544 wddm: QueryAdapterInfo type 1 in 0 out 576 -> 0x00000000
   235      0.544 wddm: QueryAdapterInfo type 15 in 4 out 20 -> 0xC00000BB
   236      0.545 wddm: QueryAdapterInfo type 47 in 0 out 4 -> 0xC00000BB
   237      0.545 wddm: QueryAdapterInfo type 13 in 4 out 24 -> 0x00000000
   238      0.545 wddm: QueryAdapterInfo type 14 in 4 out 20 -> 0x00000000
   239      0.545 wddm: QueryAdapterInfo type 14 in 4 out 20 -> 0x00000000
   240      0.545 wddm: QueryAdapterInfo type 14 in 4 out 20 -> 0x00000000
   241      0.545 wddm: QueryAdapterInfo type 14 in 4 out 20 -> 0x00000000
   242      0.545 wddm: GetNodeMetadata node 0 adapter 0
   243      0.545 wddm: GetNodeMetadata node 1 adapter 0
   244      0.545 wddm: QUERYSEGMENT4 pass 1: 3 segment(s)
   245      0.545 wddm: QUERYSEGMENT4 pass 2: 3 segment(s), stride 104, paging buffer segment 0, 65536 bytes
   246      0.545 wddm: segment 1 flags 0x00080404 gpu 0xF4008D0000 cpu 0x2708D0000 size 0x1ED880000
   247      0.546 wddm: QueryAdapterInfo type 16 in 0 out 4 -> 0xC00000BB
   248      0.547 wddm: CreateProcess flags 0x00000001 pasids 1
   249      0.547 wddm: CreateDevice flags 0x00000001 pasid 0
   250      0.547 wddm: CreateDevice flags 0x00000001 pasid 0
   251      0.600 wddm: capture reservation ready 22020400 bytes
   252      0.600 wddm: CreateContext node 1 engine 0x1 flags 0x00000005 private 0
   253      0.600 wddm: CreateContext answered dma 4096 bytes segment set 0x2, lists 256/0, caps 0x00000001
   254      0.602 wddm: BuildPagingBuffer operation 11 segment 0, 65536 bytes free, pass offset 0
   255      0.602 vidmm: table physical cache query pa 0x45E153000 status 0xC0000141 type 6; retained map requests NC; borrowed VA attributes unproven
  1567      9.735 gfx: paging submit, 1005 dwords from private buffer at 0x0, seq 883
  1568      9.737 gfx: paging submit, 975 dwords from private buffer at 0x0, seq 884
  1569      9.737 gfx: paging submit, 32 dwords from private buffer at 0xF3C, seq 885
  1570      9.737 gfx: paging submit, 840 dwords from private buffer at 0x0, seq 886
  1571      9.737 gfx: paging submit, 176 dwords from private buffer at 0xD20, seq 887
  1572      9.737 gfx: paging submit, 1004 dwords from private buffer at 0x0, seq 888
  1573      9.737 gfx: paging submit, 1004 dwords from private buffer at 0x0, seq 889
  1574      9.737 gfx: paging submit, 1004 dwords from private buffer at 0x0, seq 890
  1575      9.739 gfx: paging submit, 974 dwords from private buffer at 0x0, seq 891
  1576      9.739 gfx: paging submit, 493 dwords from private buffer at 0x0, seq 892
  1577      9.739 gfx: paging submit, 512 dwords from private buffer at 0x7B4, seq 893
  1578      9.739 gfx: paging submit, 540 dwords from private buffer at 0x0, seq 894
  1579      9.739 gfx: paging submit, 464 dwords from private buffer at 0x870, seq 895
  1580      9.739 gfx: paging submit, 588 dwords from private buffer at 0x0, seq 896
  1581      9.739 gfx: paging submit, 416 dwords from private buffer at 0x930, seq 897
  1582      9.739 gfx: paging submit, 636 dwords from private buffer at 0x0, seq 898
  1583      9.739 gfx: paging submit, 368 dwords from private buffer at 0x9F0, seq 899
  1584      9.739 gfx: paging submit, 735 dwords from private buffer at 0x0, seq 900
  1585      9.747 gfx: paging submit, 272 dwords from private buffer at 0xB7C, seq 901
  1586      9.747 gfx: paging submit, 211 dwords from private buffer at 0x0, seq 902
  1587      9.749 gfx: paging submit, 800 dwords from private buffer at 0x34C, seq 903
  1588      9.749 gfx: paging submit, 1004 dwords from private buffer at 0x0, seq 904
  1589      9.749 gfx: paging submit, 1004 dwords from private buffer at 0x0, seq 905
  1590      9.749 gfx: paging submit, 1004 dwords from private buffer at 0x0, seq 906
  1591      9.749 amdgpu[2]: ring alloc of 16 dwords exceeds max_dw 14

  1592      9.749 gfx: paging submit, 1004 dwords from private buffer at 0x0, seq 907
  1593      9.751 amdgpu[2]: ring alloc of 16 dwords exceeds max_dw 13

  1594      9.751 gfx: paging submit, 1005 dwords from private buffer at 0x0, seq 908
  1595      9.751 amdgpu[2]: ring alloc of 16 dwords exceeds max_dw 13

  1596      9.751 gfx: paging submit, 1005 dwords from private buffer at 0x0, seq 909
  1597      9.751 amdgpu[2]: ring alloc of 16 dwords exceeds max_dw 13

  1598      9.751 gfx: paging submit, 1005 dwords from private buffer at 0x0, seq 910
  1599      9.751 amdgpu[2]: ring alloc of 16 dwords exceeds max_dw 13

  1600      9.751 gfx: paging submit, 1005 dwords from private buffer at 0x0, seq 911
  1601      9.751 amdgpu[2]: ring alloc of 16 dwords exceeds max_dw 13

  1602      9.751 gfx: paging submit, 1005 dwords from private buffer at 0x0, seq 912
  1603      9.753 amdgpu[2]: ring alloc of 16 dwords exceeds max_dw 13

  1604      9.753 gfx: paging submit, 1005 dwords from private buffer at 0x0, seq 913
  1605      9.753 amdgpu[2]: ring alloc of 16 dwords exceeds max_dw 13

  1606      9.753 gfx: paging submit, 1005 dwords from private buffer at 0x0, seq 914
  1607      9.753 amdgpu[2]: ring alloc of 16 dwords exceeds max_dw 13

  1608      9.753 gfx: paging submit, 1005 dwords from private buffer at 0x0, seq 915
  1609      9.753 amdgpu[2]: ring alloc of 16 dwords exceeds max_dw 13

  1610      9.753 gfx: paging submit, 1005 dwords from private buffer at 0x0, seq 916
  1611      9.753 amdgpu[2]: ring alloc of 16 dwords exceeds max_dw 13

  1612      9.753 gfx: paging submit, 1005 dwords from private buffer at 0x0, seq 917
  1613      9.755 amdgpu[2]: ring alloc of 16 dwords exceeds max_dw 13

  1614      9.755 gfx: paging submit, 1005 dwords from private buffer at 0x0, seq 918
  1615      9.755 gfx: paging submit, 20 dwords from private buffer at 0x0, seq 919
  1616      9.755 gfx: paging submit, 998 dwords from private buffer at 0x50, seq 920
  1617      9.755 gfx: paging submit, 1004 dwords from private buffer at 0x0, seq 921
  1618      9.757 gfx: paging submit, 1004 dwords from private buffer at 0x0, seq 922
  1619      9.757 gfx: paging submit, 1004 dwords from private buffer at 0x0, seq 923
  1620      9.757 gfx: paging submit, 1004 dwords from private buffer at 0x0, seq 924
  1621      9.757 gfx: paging submit, 95 dwords from private buffer at 0x0, seq 925
  1622      9.757 gfx: paging submit, 912 dwords from private buffer at 0x17C, seq 926
  1623      9.757 gfx: paging submit, 140 dwords from private buffer at 0x0, seq 927
  1624      9.757 gfx: paging submit, 864 dwords from private buffer at 0x230, seq 928
  1625      9.759 gfx: paging submit, 188 dwords from private buffer at 0x0, seq 929
  1626      9.759 gfx: paging submit, 816 dwords from private buffer at 0x2F0, seq 930
  1627      9.759 gfx: paging submit, 236 dwords from private buffer at 0x0, seq 931
  1628      9.759 gfx: paging submit, 770 dwords from private buffer at 0x3B0, seq 932
  1629      9.759 gfx: paging submit, 333 dwords from private buffer at 0x0, seq 933
  1630      9.767 gfx: paging submit, 65 dwords from private buffer at 0x534, seq 934
  1631      9.767 gfx: paging submit, 608 dwords from private buffer at 0x638, seq 935
  1632      9.767 gfx: paging submit, 1004 dwords from private buffer at 0x0, seq 936
  1633      9.769 gfx: paging submit, 1004 dwords from private buffer at 0x0, seq 937
  1634      9.769 gfx: paging submit, 1004 dwords from private buffer at 0x0, seq 938
  1635      9.769 gfx: paging submit, 1004 dwords from private buffer at 0x0, seq 939
  1636      9.769 amdgpu[2]: ring alloc of 16 dwords exceeds max_dw 12

  1637      9.769 gfx: paging submit, 1006 dwords from private buffer at 0x0, seq 940
  1638      9.769 amdgpu[2]: ring alloc of 16 dwords exceeds max_dw 13

  1639      9.769 gfx: paging submit, 1005 dwords from private buffer at 0x0, seq 941
  1640      9.769 amdgpu[2]: ring alloc of 16 dwords exceeds max_dw 13

  1641      9.771 gfx: paging submit, 1005 dwords from private buffer at 0x0, seq 942
  1642      9.771 amdgpu[2]: ring alloc of 16 dwords exceeds max_dw 13

  1643      9.771 gfx: paging submit, 1005 dwords from private buffer at 0x0, seq 943
  1644      9.771 amdgpu[2]: ring alloc of 16 dwords exceeds max_dw 13

  1645      9.771 gfx: paging submit, 1005 dwords from private buffer at 0x0, seq 944
  1646      9.771 amdgpu[2]: ring alloc of 16 dwords exceeds max_dw 13

  1647      9.771 gfx: paging submit, 1005 dwords from private buffer at 0x0, seq 945
  1648      9.771 amdgpu[2]: ring alloc of 16 dwords exceeds max_dw 13

  1649      9.771 gfx: paging submit, 1005 dwords from private buffer at 0x0, seq 946
  1650      9.771 amdgpu[2]: ring alloc of 16 dwords exceeds max_dw 13

  1651      9.771 gfx: paging submit, 1005 dwords from private buffer at 0x0, seq 947
  1652      9.773 amdgpu[2]: ring alloc of 16 dwords exceeds max_dw 13

  1653      9.773 gfx: paging submit, 1005 dwords from private buffer at 0x0, seq 948
  1654      9.773 amdgpu[2]: ring alloc of 16 dwords exceeds max_dw 13

  1655      9.773 gfx: paging submit, 1005 dwords from private buffer at 0x0, seq 949
  1656      9.773 amdgpu[2]: ring alloc of 16 dwords exceeds max_dw 13

  1657      9.773 gfx: paging submit, 1005 dwords from private buffer at 0x0, seq 950
  1658      9.773 gfx: paging submit, 225 dwords from private buffer at 0x0, seq 951
  1659      9.775 gfx: paging submit, 50 dwords from private buffer at 0x384, seq 952
  1660      9.775 gfx: paging submit, 736 dwords from private buffer at 0x44C, seq 953
  1661      9.775 gfx: paging submit, 974 dwords from private buffer at 0x0, seq 954
  1662      9.775 gfx: paging submit, 1006 dwords from private buffer at 0x0, seq 955
  1663      9.775 gfx: paging submit, 1004 dwords from private buffer at 0x0, seq 956
  1664      9.775 gfx: paging submit, 1004 dwords from private buffer at 0x0, seq 957
  1665      9.775 gfx: paging submit, 653 dwords from private buffer at 0x0, seq 958
  1666      9.775 gfx: paging submit, 316 dwords from private buffer at 0x0, seq 959
  1667      9.775 gfx: paging submit, 688 dwords from private buffer at 0x4F0, seq 960
  1668      9.777 gfx: paging submit, 364 dwords from private buffer at 0x0, seq 961
  1669      9.777 gfx: paging submit, 640 dwords from private buffer at 0x5B0, seq 962
  1670      9.777 gfx: paging submit, 412 dwords from private buffer at 0x0, seq 963
  1671      9.777 gfx: paging submit, 592 dwords from private buffer at 0x670, seq 964
  1672      9.777 gfx: paging submit, 460 dwords from private buffer at 0x0, seq 965
  1673      9.777 gfx: paging submit, 544 dwords from private buffer at 0x730, seq 966
  1674      9.777 gfx: paging submit, 561 dwords from private buffer at 0x0, seq 967
  1675      9.791 wddm: software vsync off after 549 ticks
  1676      9.891 wddm: BuildPagingBuffer operation 2 segment 0, 63292 bytes free, pass offset 0
  1677      9.891 gfx: paging submit, 448 dwords from private buffer at 0x8C4, seq 968
  1678      9.891 gfx: paging submit, 1016 dwords from private buffer at 0x0, seq 969
  1679      9.891 gfx: paging submit, 55 dwords from private buffer at 0x0, seq 970
  1680      9.891 gfx: paging submit, 15 dwords from private buffer at 0xDC, seq 971
  1681      9.891 gfx: paging submit, 39 dwords from private buffer at 0x118, seq 972
  1682      9.891 gfx: paging submit, 15 dwords from private buffer at 0x1B4, seq 973
  1683      9.895 gfx: paging submit, 880 dwords from private buffer at 0x1F0, seq 974
  1684      9.895 gfx: paging submit, 1004 dwords from private buffer at 0x0, seq 975
  1685      9.895 gfx: paging submit, 1004 dwords from private buffer at 0x0, seq 976
  1686      9.895 gfx: paging submit, 1004 dwords from private buffer at 0x0, seq 977
  1687      9.895 gfx: paging submit, 1006 dwords from private buffer at 0x0, seq 978
  1688      9.897 gfx: paging submit, 1016 dwords from private buffer at 0x0, seq 979
  1689      9.897 gfx: paging submit, 1004 dwords from private buffer at 0x0, seq 980
  1690      9.897 gfx: paging submit, 1004 dwords from private buffer at 0x0, seq 981
  1691      9.897 gfx: paging submit, 1004 dwords from private buffer at 0x0, seq 982
  1692      9.901 amdgpu[2]: ring alloc of 96 dwords exceeds max_dw 0

  1693      9.901 wddm: capture reserved token 0x80000003 bytes 9216000 pages 2250 identities 4500 linear 0
  1694      9.901 gfx: paging submit, 936 dwords from private buffer at 0x0, seq 983
  1695      9.901 gfx: paging submit, 996 dwords from private buffer at 0x0, seq 984
  1696      9.901 gfx: paging submit, 996 dwords from private buffer at 0x0, seq 985
  1697      9.901 gfx: paging submit, 996 dwords from private buffer at 0x0, seq 986
  1698      9.901 gfx: paging submit, 996 dwords from private buffer at 0x0, seq 987
  1699      9.901 gfx: paging submit, 996 dwords from private buffer at 0x0, seq 988
  1700      9.903 gfx: paging submit, 996 dwords from private buffer at 0x0, seq 989
  1701      9.903 gfx: paging submit, 996 dwords from private buffer at 0x0, seq 990
  1702      9.903 gfx: paging submit, 996 dwords from private buffer at 0x0, seq 991
  1703      9.903 gfx: paging submit, 996 dwords from private buffer at 0x0, seq 992
  1704      9.903 gfx: paging submit, 996 dwords from private buffer at 0x0, seq 993
  1705      9.903 gfx: paging submit, 996 dwords from private buffer at 0x0, seq 994
  1706      9.903 gfx: paging submit, 996 dwords from private buffer at 0x0, seq 995
  1707      9.903 gfx: paging submit, 996 dwords from private buffer at 0x0, seq 996
  1708      9.905 gfx: paging submit, 996 dwords from private buffer at 0x0, seq 997
  1709      9.905 gfx: paging submit, 996 dwords from private buffer at 0x0, seq 998
  1710      9.905 gfx: paging submit, 996 dwords from private buffer at 0x0, seq 999
  1711      9.905 gfx: paging submit, 996 dwords from private buffer at 0x0, seq 1000
  1712      9.905 gfx: paging submit, 996 dwords from private buffer at 0x0, seq 1001
  1713      9.905 gfx: paging submit, 996 dwords from private buffer at 0x0, seq 1002
  1714      9.905 gfx: paging submit, 996 dwords from private buffer at 0x0, seq 1003
  1715      9.907 gfx: paging submit, 996 dwords from private buffer at 0x0, seq 1004
  1716      9.907 gfx: paging submit, 996 dwords from private buffer at 0x0, seq 1005
  1717      9.907 gfx: paging submit, 996 dwords from private buffer at 0x0, seq 1006
  1718      9.907 gfx: paging submit, 996 dwords from private buffer at 0x0, seq 1007
  1719      9.907 gfx: paging submit, 996 dwords from private buffer at 0x0, seq 1008
  1720      9.907 gfx: paging submit, 996 dwords from private buffer at 0x0, seq 1009
  1721      9.907 gfx: paging submit, 996 dwords from private buffer at 0x0, seq 1010
  1722      9.907 gfx: paging submit, 996 dwords from private buffer at 0x0, seq 1011
  1723      9.909 gfx: paging submit, 996 dwords from private buffer at 0x0, seq 1012
  1724      9.909 gfx: paging submit, 996 dwords from private buffer at 0x0, seq 1013
  1725      9.909 gfx: paging submit, 996 dwords from private buffer at 0x0, seq 1014
  1726      9.909 gfx: paging submit, 996 dwords from private buffer at 0x0, seq 1015
  1727      9.909 gfx: paging submit, 996 dwords from private buffer at 0x0, seq 1016
  1728      9.909 gfx: paging submit, 996 dwords from private buffer at 0x0, seq 1017
  1729      9.909 gfx: paging submit, 996 dwords from private buffer at 0x0, seq 1018
  1730      9.911 gfx: paging submit, 996 dwords from private buffer at 0x0, seq 1019
  1731      9.911 gfx: paging submit, 996 dwords from private buffer at 0x0, seq 1020
  1732      9.911 gfx: paging submit, 996 dwords from private buffer at 0x0, seq 1021
  1733      9.911 gfx: paging submit, 996 dwords from private buffer at 0x0, seq 1022
  1734      9.911 gfx: paging submit, 996 dwords from private buffer at 0x0, seq 1023
  1735      9.911 gfx: paging submit, 996 dwords from private buffer at 0x0, seq 1024
  1736      9.911 gfx: paging submit, 996 dwords from private buffer at 0x0, seq 1025
  1737      9.911 gfx: paging submit, 996 dwords from private buffer at 0x0, seq 1026
  1738      9.913 gfx: paging submit, 996 dwords from private buffer at 0x0, seq 1027
  1739      9.913 gfx: paging submit, 996 dwords from private buffer at 0x0, seq 1028
  1740      9.913 gfx: paging submit, 996 dwords from private buffer at 0x0, seq 1029
  1741      9.913 gfx: paging submit, 996 dwords from private buffer at 0x0, seq 1030
  1742      9.913 gfx: paging submit, 996 dwords from private buffer at 0x0, seq 1031
  1743      9.913 gfx: paging submit, 996 dwords from private buffer at 0x0, seq 1032
  1744      9.913 gfx: paging submit, 996 dwords from private buffer at 0x0, seq 1033
  1745      9.915 gfx: paging submit, 996 dwords from private buffer at 0x0, seq 1034
  1746      9.915 gfx: paging submit, 996 dwords from private buffer at 0x0, seq 1035
  1747      9.915 gfx: paging submit, 996 dwords from private buffer at 0x0, seq 1036
  1748      9.915 gfx: paging submit, 996 dwords from private buffer at 0x0, seq 1037
  1749      9.915 gfx: paging submit, 996 dwords from private buffer at 0x0, seq 1038
  1750      9.915 gfx: paging submit, 996 dwords from private buffer at 0x0, seq 1039
  1751      9.915 gfx: paging submit, 996 dwords from private buffer at 0x0, seq 1040
  1752      9.915 gfx: paging submit, 996 dwords from private buffer at 0x0, seq 1041
  1753      9.917 gfx: paging submit, 996 dwords from private buffer at 0x0, seq 1042
  1754      9.917 gfx: paging submit, 996 dwords from private buffer at 0x0, seq 1043
  1755      9.917 gfx: paging submit, 996 dwords from private buffer at 0x0, seq 1044
  1756      9.917 gfx: paging submit, 996 dwords from private buffer at 0x0, seq 1045
  1757      9.917 gfx: paging submit, 996 dwords from private buffer at 0x0, seq 1046
  1758      9.917 gfx: paging submit, 996 dwords from private buffer at 0x0, seq 1047
  1759      9.917 gfx: paging submit, 996 dwords from private buffer at 0x0, seq 1048
  1760      9.919 gfx: paging submit, 996 dwords from private buffer at 0x0, seq 1049
  1761      9.919 gfx: paging submit, 996 dwords from private buffer at 0x0, seq 1050
  1762      9.919 gfx: paging submit, 996 dwords from private buffer at 0x0, seq 1051
  1763      9.919 gfx: paging submit, 996 dwords from private buffer at 0x0, seq 1052
  1764      9.919 gfx: paging submit, 996 dwords from private buffer at 0x0, seq 1053
  1765      9.919 gfx: paging submit, 996 dwords from private buffer at 0x0, seq 1054
  1766      9.919 gfx: paging submit, 996 dwords from private buffer at 0x0, seq 1055
  1767      9.919 gfx: paging submit, 996 dwords from private buffer at 0x0, seq 1056
  1768      9.921 gfx: paging submit, 996 dwords from private buffer at 0x0, seq 1057
  1769      9.921 gfx: paging submit, 996 dwords from private buffer at 0x0, seq 1058
  1770      9.921 gfx: paging submit, 996 dwords from private buffer at 0x0, seq 1059
  1771      9.921 gfx: paging submit, 996 dwords from private buffer at 0x0, seq 1060
  1772      9.921 gfx: paging submit, 996 dwords from private buffer at 0x0, seq 1061
  1773      9.921 gfx: paging submit, 996 dwords from private buffer at 0x0, seq 1062
  1774      9.921 gfx: paging submit, 996 dwords from private buffer at 0x0, seq 1063
  1775      9.923 gfx: paging submit, 996 dwords from private buffer at 0x0, seq 1064
  1776      9.923 gfx: paging submit, 996 dwords from private buffer at 0x0, seq 1065
  1777      9.923 gfx: paging submit, 996 dwords from private buffer at 0x0, seq 1066
  1778      9.923 gfx: paging submit, 996 dwords from private buffer at 0x0, seq 1067
  1779      9.923 gfx: paging submit, 996 dwords from private buffer at 0x0, seq 1068
  1780      9.923 gfx: paging submit, 996 dwords from private buffer at 0x0, seq 1069
  1781      9.923 gfx: paging submit, 996 dwords from private buffer at 0x0, seq 1070
  1782      9.923 gfx: paging submit, 996 dwords from private buffer at 0x0, seq 1071
  1783      9.925 gfx: paging submit, 996 dwords from private buffer at 0x0, seq 1072
  1784      9.925 gfx: paging submit, 996 dwords from private buffer at 0x0, seq 1073
  1785      9.925 gfx: paging submit, 996 dwords from private buffer at 0x0, seq 1074
  1786      9.925 gfx: paging submit, 996 dwords from private buffer at 0x0, seq 1075
  1787      9.925 gfx: paging submit, 996 dwords from private buffer at 0x0, seq 1076
  1788      9.925 gfx: paging submit, 996 dwords from private buffer at 0x0, seq 1077
  1789      9.925 gfx: paging submit, 996 dwords from private buffer at 0x0, seq 1078
  1790      9.927 gfx: paging submit, 996 dwords from private buffer at 0x0, seq 1079
  1791      9.927 gfx: paging submit, 996 dwords from private buffer at 0x0, seq 1080
  1792      9.927 gfx: paging submit, 996 dwords from private buffer at 0x0, seq 1081
  1793      9.927 gfx: paging submit, 996 dwords from private buffer at 0x0, seq 1082
  1794      9.927 gfx: paging submit, 996 dwords from private buffer at 0x0, seq 1083
  1795      9.927 gfx: paging submit, 996 dwords from private buffer at 0x0, seq 1084
  1796      9.927 gfx: paging submit, 996 dwords from private buffer at 0x0, seq 1085
  1797      9.927 gfx: paging submit, 996 dwords from private buffer at 0x0, seq 1086
  1798      9.929 gfx: paging submit, 996 dwords from private buffer at 0x0, seq 1087
  1799      9.929 gfx: paging submit, 996 dwords from private buffer at 0x0, seq 1088
  1800      9.929 gfx: paging submit, 996 dwords from private buffer at 0x0, seq 1089
  1801      9.929 gfx: paging submit, 996 dwords from private buffer at 0x0, seq 1090
  1802      9.929 gfx: paging submit, 996 dwords from private buffer at 0x0, seq 1091
  1803      9.929 gfx: paging submit, 996 dwords from private buffer at 0x0, seq 1092
  1804      9.929 gfx: paging submit, 996 dwords from private buffer at 0x0, seq 1093
  1805      9.931 gfx: paging submit, 996 dwords from private buffer at 0x0, seq 1094
  1806      9.931 gfx: paging submit, 996 dwords from private buffer at 0x0, seq 1095
  1807      9.931 gfx: paging submit, 996 dwords from private buffer at 0x0, seq 1096
  1808      9.931 gfx: paging submit, 996 dwords from private buffer at 0x0, seq 1097
  1809      9.931 gfx: paging submit, 996 dwords from private buffer at 0x0, seq 1098
  1810      9.931 gfx: paging submit, 996 dwords from private buffer at 0x0, seq 1099
  1811      9.931 gfx: paging submit, 996 dwords from private buffer at 0x0, seq 1100
  1812      9.931 gfx: paging submit, 996 dwords from private buffer at 0x0, seq 1101
  1813      9.933 gfx: paging submit, 996 dwords from private buffer at 0x0, seq 1102
  1814      9.933 gfx: paging submit, 996 dwords from private buffer at 0x0, seq 1103
  1815      9.933 gfx: paging submit, 996 dwords from private buffer at 0x0, seq 1104
  1816      9.933 gfx: paging submit, 996 dwords from private buffer at 0x0, seq 1105
  1817      9.933 gfx: paging submit, 996 dwords from private buffer at 0x0, seq 1106
  1818      9.933 gfx: paging submit, 996 dwords from private buffer at 0x0, seq 1107
  1819      9.933 gfx: paging submit, 996 dwords from private buffer at 0x0, seq 1108
  1820      9.935 gfx: paging submit, 996 dwords from private buffer at 0x0, seq 1109
  1821      9.935 gfx: paging submit, 996 dwords from private buffer at 0x0, seq 1110
  1822      9.935 gfx: paging submit, 996 dwords from private buffer at 0x0, seq 1111
  1823      9.935 gfx: paging submit, 996 dwords from private buffer at 0x0, seq 1112
  1824      9.935 gfx: paging submit, 996 dwords from private buffer at 0x0, seq 1113
  1825      9.935 gfx: paging submit, 996 dwords from private buffer at 0x0, seq 1114
  1826      9.935 gfx: paging submit, 996 dwords from private buffer at 0x0, seq 1115
  1827      9.935 gfx: paging submit, 996 dwords from private buffer at 0x0, seq 1116
  1828      9.937 gfx: paging submit, 996 dwords from private buffer at 0x0, seq 1117
  1829      9.937 gfx: paging submit, 996 dwords from private buffer at 0x0, seq 1118
  1830      9.937 gfx: paging submit, 996 dwords from private buffer at 0x0, seq 1119
  1831      9.937 gfx: paging submit, 996 dwords from private buffer at 0x0, seq 1120
  1832      9.937 gfx: paging submit, 996 dwords from private buffer at 0x0, seq 1121
  1833      9.937 gfx: paging submit, 996 dwords from private buffer at 0x0, seq 1122
  1834      9.937 gfx: paging submit, 996 dwords from private buffer at 0x0, seq 1123
  1835      9.939 gfx: paging submit, 996 dwords from private buffer at 0x0, seq 1124
  1836      9.939 gfx: paging submit, 996 dwords from private buffer at 0x0, seq 1125
  1837      9.939 gfx: paging submit, 996 dwords from private buffer at 0x0, seq 1126
  1838      9.939 gfx: paging submit, 996 dwords from private buffer at 0x0, seq 1127
  1839      9.939 gfx: paging submit, 996 dwords from private buffer at 0x0, seq 1128
  1840      9.939 gfx: paging submit, 996 dwords from private buffer at 0x0, seq 1129
  1841      9.939 gfx: paging submit, 996 dwords from private buffer at 0x0, seq 1130
  1842      9.939 gfx: paging submit, 996 dwords from private buffer at 0x0, seq 1131
  1843      9.941 gfx: paging submit, 996 dwords from private buffer at 0x0, seq 1132
  1844      9.941 gfx: paging submit, 996 dwords from private buffer at 0x0, seq 1133
  1845      9.941 gfx: paging submit, 996 dwords from private buffer at 0x0, seq 1134
  1846      9.941 gfx: paging submit, 996 dwords from private buffer at 0x0, seq 1135
  1847      9.941 gfx: paging submit, 996 dwords from private buffer at 0x0, seq 1136
  1848      9.941 gfx: paging submit, 996 dwords from private buffer at 0x0, seq 1137
  1849      9.941 gfx: paging submit, 996 dwords from private buffer at 0x0, seq 1138
  1850      9.943 gfx: paging submit, 996 dwords from private buffer at 0x0, seq 1139
  1851      9.943 gfx: paging submit, 996 dwords from private buffer at 0x0, seq 1140
  1852      9.943 gfx: paging submit, 996 dwords from private buffer at 0x0, seq 1141
  1853      9.943 gfx: paging submit, 996 dwords from private buffer at 0x0, seq 1142
  1854      9.943 gfx: paging submit, 996 dwords from private buffer at 0x0, seq 1143
  1855      9.943 gfx: paging submit, 996 dwords from private buffer at 0x0, seq 1144
  1856      9.943 gfx: paging submit, 996 dwords from private buffer at 0x0, seq 1145
  1857      9.943 gfx: paging submit, 996 dwords from private buffer at 0x0, seq 1146
  1858      9.945 gfx: paging submit, 996 dwords from private buffer at 0x0, seq 1147
  1859      9.945 gfx: paging submit, 996 dwords from private buffer at 0x0, seq 1148
  1860      9.945 gfx: paging submit, 996 dwords from private buffer at 0x0, seq 1149
  1861      9.945 gfx: paging submit, 996 dwords from private buffer at 0x0, seq 1150
  1862      9.945 gfx: paging submit, 996 dwords from private buffer at 0x0, seq 1151
  1863      9.945 gfx: paging submit, 996 dwords from private buffer at 0x0, seq 1152
  1864      9.945 gfx: paging submit, 996 dwords from private buffer at 0x0, seq 1153
  1865      9.947 gfx: paging submit, 996 dwords from private buffer at 0x0, seq 1154
  1866      9.947 gfx: paging submit, 996 dwords from private buffer at 0x0, seq 1155
  1867      9.947 gfx: paging submit, 996 dwords from private buffer at 0x0, seq 1156
  1868      9.947 gfx: paging submit, 996 dwords from private buffer at 0x0, seq 1157
  1869      9.947 gfx: paging submit, 996 dwords from private buffer at 0x0, seq 1158
  1870      9.947 gfx: paging submit, 996 dwords from private buffer at 0x0, seq 1159
  1871      9.947 gfx: paging submit, 996 dwords from private buffer at 0x0, seq 1160
  1872      9.947 gfx: paging submit, 996 dwords from private buffer at 0x0, seq 1161
  1873      9.949 gfx: paging submit, 996 dwords from private buffer at 0x0, seq 1162
  1874      9.949 gfx: paging submit, 996 dwords from private buffer at 0x0, seq 1163
  1875      9.949 gfx: paging submit, 996 dwords from private buffer at 0x0, seq 1164
  1876      9.949 gfx: paging submit, 996 dwords from private buffer at 0x0, seq 1165
  1877      9.949 gfx: paging submit, 996 dwords from private buffer at 0x0, seq 1166
  1878      9.949 gfx: paging submit, 996 dwords from private buffer at 0x0, seq 1167
  1879      9.949 gfx: paging submit, 996 dwords from private buffer at 0x0, seq 1168
  1880      9.951 gfx: paging submit, 996 dwords from private buffer at 0x0, seq 1169
  1881      9.951 gfx: paging submit, 913 dwords from private buffer at 0x0, seq 1170
  1882      9.953 gfx: paging submit, 105 dwords from private buffer at 0xE44, seq 1171
  1883      9.953 gfx: paging submit, 974 dwords from private buffer at 0x0, seq 1172
  1884      9.953 gfx: paging submit, 1004 dwords from private buffer at 0x0, seq 1173
  1885      9.953 gfx: paging submit, 1004 dwords from private buffer at 0x0, seq 1174
  1886      9.953 gfx: paging submit, 1004 dwords from private buffer at 0x0, seq 1175
  1887      9.953 gfx: paging submit, 1005 dwords from private buffer at 0x0, seq 1176
  1888      9.953 gfx: paging submit, 1016 dwords from private buffer at 0x0, seq 1177
  1889      9.955 gfx: paging submit, 1004 dwords from private buffer at 0x0, seq 1178
  1890      9.955 gfx: paging submit, 1004 dwords from private buffer at 0x0, seq 1179
  1891      9.955 gfx: paging submit, 1004 dwords from private buffer at 0x0, seq 1180
  1892      9.955 gfx: paging submit, 275 dwords from private buffer at 0x0, seq 1181
  1893      9.955 gfx: paging submit, 15 dwords from private buffer at 0x44C, seq 1182
  1894      9.975 gfx: paging submit, 720 dwords from private buffer at 0x488, seq 1183
  1895      9.975 gfx: paging submit, 1004 dwords from private buffer at 0x0, seq 1184
  1896      9.975 gfx: paging submit, 1004 dwords from private buffer at 0x0, seq 1185
  1897      9.977 gfx: paging submit, 1004 dwords from private buffer at 0x0, seq 1186
  1898      9.977 gfx: paging submit, 1006 dwords from private buffer at 0x0, seq 1187
  1899      9.977 gfx: paging submit, 1016 dwords from private buffer at 0x0, seq 1188
  1900      9.977 gfx: paging submit, 1004 dwords from private buffer at 0x0, seq 1189
  1901      9.977 gfx: paging submit, 1004 dwords from private buffer at 0x0, seq 1190
  1902      9.977 gfx: paging submit, 1004 dwords from private buffer at 0x0, seq 1191
  1903      9.981 amdgpu[2]: ring alloc of 96 dwords exceeds max_dw 0

  1904      9.981 wddm: capture reserved token 0x80000004 bytes 9216000 pages 2250 identities 4500 linear 0
  1905      9.981 gfx: paging submit, 930 dwords from private buffer at 0x0, seq 1192
  1906      9.981 gfx: paging submit, 996 dwords from private buffer at 0x0, seq 1193
  1907      9.981 gfx: paging submit, 996 dwords from private buffer at 0x0, seq 1194
  1908      9.981 gfx: paging submit, 996 dwords from private buffer at 0x0, seq 1195
  1909      9.983 gfx: paging submit, 996 dwords from private buffer at 0x0, seq 1196
  1910      9.983 gfx: paging submit, 996 dwords from private buffer at 0x0, seq 1197
  1911      9.983 gfx: paging submit, 996 dwords from private buffer at 0x0, seq 1198
  1912      9.983 gfx: paging submit, 996 dwords from private buffer at 0x0, seq 1199
  1913      9.983 gfx: paging submit, 996 dwords from private buffer at 0x0, seq 1200
  1914      9.983 gfx: paging submit, 996 dwords from private buffer at 0x0, seq 1201
  1915      9.983 gfx: paging submit, 996 dwords from private buffer at 0x0, seq 1202
  1916      9.983 gfx: paging submit, 996 dwords from private buffer at 0x0, seq 1203
  1917      9.985 gfx: paging submit, 996 dwords from private buffer at 0x0, seq 1204
  1918      9.985 gfx: paging submit, 996 dwords from private buffer at 0x0, seq 1205
  1919      9.985 gfx: paging submit, 996 dwords from private buffer at 0x0, seq 1206
  1920      9.985 gfx: paging submit, 996 dwords from private buffer at 0x0, seq 1207
  1921      9.985 gfx: paging submit, 996 dwords from private buffer at 0x0, seq 1208
  1922      9.985 gfx: paging submit, 996 dwords from private buffer at 0x0, seq 1209
  1923      9.985 gfx: paging submit, 996 dwords from private buffer at 0x0, seq 1210
  1924      9.987 gfx: paging submit, 996 dwords from private buffer at 0x0, seq 1211
  1925      9.987 gfx: paging submit, 996 dwords from private buffer at 0x0, seq 1212
  1926      9.987 gfx: paging submit, 996 dwords from private buffer at 0x0, seq 1213
  1927      9.987 gfx: paging submit, 996 dwords from private buffer at 0x0, seq 1214
  1928      9.987 gfx: paging submit, 996 dwords from private buffer at 0x0, seq 1215
  1929      9.987 gfx: paging submit, 996 dwords from private buffer at 0x0, seq 1216
  1930      9.987 gfx: paging submit, 996 dwords from private buffer at 0x0, seq 1217
  1931      9.987 gfx: paging submit, 996 dwords from private buffer at 0x0, seq 1218
  1932      9.989 gfx: paging submit, 996 dwords from private buffer at 0x0, seq 1219
  1933      9.989 gfx: paging submit, 996 dwords from private buffer at 0x0, seq 1220
  1934      9.989 gfx: paging submit, 996 dwords from private buffer at 0x0, seq 1221
  1935      9.989 gfx: paging submit, 996 dwords from private buffer at 0x0, seq 1222
  1936      9.989 gfx: paging submit, 996 dwords from private buffer at 0x0, seq 1223
  1937      9.989 gfx: paging submit, 996 dwords from private buffer at 0x0, seq 1224
  1938      9.989 gfx: paging submit, 996 dwords from private buffer at 0x0, seq 1225
  1939      9.991 gfx: paging submit, 996 dwords from private buffer at 0x0, seq 1226
  1940      9.991 gfx: paging submit, 996 dwords from private buffer at 0x0, seq 1227
  1941      9.991 gfx: paging submit, 996 dwords from private buffer at 0x0, seq 1228
  1942      9.991 gfx: paging submit, 996 dwords from private buffer at 0x0, seq 1229
  1943      9.991 gfx: paging submit, 996 dwords from private buffer at 0x0, seq 1230
  1944      9.991 gfx: paging submit, 996 dwords from private buffer at 0x0, seq 1231
  1945      9.991 gfx: paging submit, 996 dwords from private buffer at 0x0, seq 1232
  1946      9.993 gfx: paging submit, 996 dwords from private buffer at 0x0, seq 1233
  1947      9.993 gfx: paging submit, 996 dwords from private buffer at 0x0, seq 1234
  1948      9.993 gfx: paging submit, 996 dwords from private buffer at 0x0, seq 1235
  1949      9.993 gfx: paging submit, 996 dwords from private buffer at 0x0, seq 1236
  1950      9.993 gfx: paging submit, 996 dwords from private buffer at 0x0, seq 1237
  1951      9.993 gfx: paging submit, 996 dwords from private buffer at 0x0, seq 1238
  1952      9.993 gfx: paging submit, 996 dwords from private buffer at 0x0, seq 1239
  1953      9.993 gfx: paging submit, 996 dwords from private buffer at 0x0, seq 1240
  1954      9.995 gfx: paging submit, 996 dwords from private buffer at 0x0, seq 1241
  1955      9.995 gfx: paging submit, 996 dwords from private buffer at 0x0, seq 1242
  1956      9.995 gfx: paging submit, 996 dwords from private buffer at 0x0, seq 1243
  1957      9.995 gfx: paging submit, 996 dwords from private buffer at 0x0, seq 1244
  1958      9.995 gfx: paging submit, 996 dwords from private buffer at 0x0, seq 1245
  1959      9.995 gfx: paging submit, 996 dwords from private buffer at 0x0, seq 1246
  1960      9.995 gfx: paging submit, 996 dwords from private buffer at 0x0, seq 1247
  1961      9.997 gfx: paging submit, 996 dwords from private buffer at 0x0, seq 1248
  1962      9.997 gfx: paging submit, 996 dwords from private buffer at 0x0, seq 1249
  1963      9.997 gfx: paging submit, 996 dwords from private buffer at 0x0, seq 1250
  1964      9.997 gfx: paging submit, 996 dwords from private buffer at 0x0, seq 1251
  1965      9.997 gfx: paging submit, 996 dwords from private buffer at 0x0, seq 1252
  1966      9.997 gfx: paging submit, 996 dwords from private buffer at 0x0, seq 1253
  1967      9.997 gfx: paging submit, 996 dwords from private buffer at 0x0, seq 1254
  1968      9.997 gfx: paging submit, 996 dwords from private buffer at 0x0, seq 1255
  1969      9.999 gfx: paging submit, 996 dwords from private buffer at 0x0, seq 1256
  1970      9.999 gfx: paging submit, 996 dwords from private buffer at 0x0, seq 1257
  1971      9.999 gfx: paging submit, 996 dwords from private buffer at 0x0, seq 1258
  1972      9.999 gfx: paging submit, 996 dwords from private buffer at 0x0, seq 1259
  1973      9.999 gfx: paging submit, 996 dwords from private buffer at 0x0, seq 1260
  1974      9.999 gfx: paging submit, 996 dwords from private buffer at 0x0, seq 1261
  1975      9.999 gfx: paging submit, 996 dwords from private buffer at 0x0, seq 1262
  1976     10.001 gfx: paging submit, 996 dwords from private buffer at 0x0, seq 1263
  1977     10.001 gfx: paging submit, 996 dwords from private buffer at 0x0, seq 1264
  1978     10.001 gfx: paging submit, 996 dwords from private buffer at 0x0, seq 1265
  1979     10.001 gfx: paging submit, 996 dwords from private buffer at 0x0, seq 1266
  1980     10.001 gfx: paging submit, 996 dwords from private buffer at 0x0, seq 1267
  1981     10.001 gfx: paging submit, 996 dwords from private buffer at 0x0, seq 1268
  1982     10.001 gfx: paging submit, 996 dwords from private buffer at 0x0, seq 1269
  1983     10.003 gfx: paging submit, 996 dwords from private buffer at 0x0, seq 1270
  1984     10.003 gfx: paging submit, 996 dwords from private buffer at 0x0, seq 1271
  1985     10.003 gfx: paging submit, 996 dwords from private buffer at 0x0, seq 1272
  1986     10.003 gfx: paging submit, 996 dwords from private buffer at 0x0, seq 1273
  1987     10.003 gfx: paging submit, 996 dwords from private buffer at 0x0, seq 1274
  1988     10.003 gfx: paging submit, 996 dwords from private buffer at 0x0, seq 1275
  1989     10.003 gfx: paging submit, 996 dwords from private buffer at 0x0, seq 1276
  1990     10.003 gfx: paging submit, 996 dwords from private buffer at 0x0, seq 1277
  1991     10.005 gfx: paging submit, 996 dwords from private buffer at 0x0, seq 1278
  1992     10.005 gfx: paging submit, 996 dwords from private buffer at 0x0, seq 1279
  1993     10.005 gfx: paging submit, 996 dwords from private buffer at 0x0, seq 1280
  1994     10.005 gfx: paging submit, 996 dwords from private buffer at 0x0, seq 1281
  1995     10.005 gfx: paging submit, 996 dwords from private buffer at 0x0, seq 1282
  1996     10.005 gfx: paging submit, 996 dwords from private buffer at 0x0, seq 1283
  1997     10.005 gfx: paging submit, 996 dwords from private buffer at 0x0, seq 1284
  1998     10.007 gfx: paging submit, 996 dwords from private buffer at 0x0, seq 1285
  1999     10.007 gfx: paging submit, 996 dwords from private buffer at 0x0, seq 1286
  2000     10.007 gfx: paging submit, 996 dwords from private buffer at 0x0, seq 1287
  2001     10.007 gfx: paging submit, 996 dwords from private buffer at 0x0, seq 1288
  2002     10.007 gfx: paging submit, 996 dwords from private buffer at 0x0, seq 1289
  2003     10.007 gfx: paging submit, 996 dwords from private buffer at 0x0, seq 1290
  2004     10.007 gfx: paging submit, 996 dwords from private buffer at 0x0, seq 1291
  2005     10.007 gfx: paging submit, 996 dwords from private buffer at 0x0, seq 1292
  2006     10.009 gfx: paging submit, 996 dwords from private buffer at 0x0, seq 1293
  2007     10.009 gfx: paging submit, 996 dwords from private buffer at 0x0, seq 1294
  2008     10.009 gfx: paging submit, 996 dwords from private buffer at 0x0, seq 1295
  2009     10.009 gfx: paging submit, 996 dwords from private buffer at 0x0, seq 1296
  2010     10.009 gfx: paging submit, 996 dwords from private buffer at 0x0, seq 1297
  2011     10.009 gfx: paging submit, 996 dwords from private buffer at 0x0, seq 1298
  2012     10.009 gfx: paging submit, 996 dwords from private buffer at 0x0, seq 1299
  2013     10.011 gfx: paging submit, 996 dwords from private buffer at 0x0, seq 1300
  2014     10.011 gfx: paging submit, 996 dwords from private buffer at 0x0, seq 1301
  2015     10.011 gfx: paging submit, 996 dwords from private buffer at 0x0, seq 1302
  2016     10.011 gfx: paging submit, 996 dwords from private buffer at 0x0, seq 1303
  2017     10.011 gfx: paging submit, 996 dwords from private buffer at 0x0, seq 1304
  2018     10.011 gfx: paging submit, 996 dwords from private buffer at 0x0, seq 1305
  2019     10.011 gfx: paging submit, 996 dwords from private buffer at 0x0, seq 1306
  2020     10.011 gfx: paging submit, 996 dwords from private buffer at 0x0, seq 1307
  2021     10.013 gfx: paging submit, 996 dwords from private buffer at 0x0, seq 1308
  2022     10.013 gfx: paging submit, 996 dwords from private buffer at 0x0, seq 1309
  2023     10.013 gfx: paging submit, 996 dwords from private buffer at 0x0, seq 1310
  2024     10.013 gfx: paging submit, 996 dwords from private buffer at 0x0, seq 1311
  2025     10.013 gfx: paging submit, 996 dwords from private buffer at 0x0, seq 1312
  2026     10.013 gfx: paging submit, 996 dwords from private buffer at 0x0, seq 1313
  2027     10.013 gfx: paging submit, 996 dwords from private buffer at 0x0, seq 1314
  2028     10.015 gfx: paging submit, 996 dwords from private buffer at 0x0, seq 1315
  2029     10.015 gfx: paging submit, 996 dwords from private buffer at 0x0, seq 1316
  2030     10.015 gfx: paging submit, 996 dwords from private buffer at 0x0, seq 1317
  2031     10.015 gfx: paging submit, 996 dwords from private buffer at 0x0, seq 1318
  2032     10.015 gfx: paging submit, 996 dwords from private buffer at 0x0, seq 1319
  2033     10.015 gfx: paging submit, 996 dwords from private buffer at 0x0, seq 1320
  2034     10.015 gfx: paging submit, 996 dwords from private buffer at 0x0, seq 1321
  2035     10.015 gfx: paging submit, 996 dwords from private buffer at 0x0, seq 1322
  2036     10.017 gfx: paging submit, 996 dwords from private buffer at 0x0, seq 1323
  2037     10.017 gfx: paging submit, 996 dwords from private buffer at 0x0, seq 1324
  2038     10.017 gfx: paging submit, 996 dwords from private buffer at 0x0, seq 1325
  2039     10.017 gfx: paging submit, 996 dwords from private buffer at 0x0, seq 1326
  2040     10.017 gfx: paging submit, 996 dwords from private buffer at 0x0, seq 1327
  2041     10.017 gfx: paging submit, 996 dwords from private buffer at 0x0, seq 1328
  2042     10.017 gfx: paging submit, 996 dwords from private buffer at 0x0, seq 1329
  2043     10.019 gfx: paging submit, 996 dwords from private buffer at 0x0, seq 1330
  2044     10.019 gfx: paging submit, 996 dwords from private buffer at 0x0, seq 1331
  2045     10.019 gfx: paging submit, 996 dwords from private buffer at 0x0, seq 1332
  2046     10.019 gfx: paging submit, 996 dwords from private buffer at 0x0, seq 1333
  2047     10.019 gfx: paging submit, 996 dwords from private buffer at 0x0, seq 1334
  2048     10.019 gfx: paging submit, 996 dwords from private buffer at 0x0, seq 1335
  2049     10.019 gfx: paging submit, 996 dwords from private buffer at 0x0, seq 1336
  2050     10.021 gfx: paging submit, 996 dwords from private buffer at 0x0, seq 1337
  2051     10.021 gfx: paging submit, 996 dwords from private buffer at 0x0, seq 1338
  2052     10.021 gfx: paging submit, 996 dwords from private buffer at 0x0, seq 1339
  2053     10.021 gfx: paging submit, 996 dwords from private buffer at 0x0, seq 1340
  2054     10.021 gfx: paging submit, 996 dwords from private buffer at 0x0, seq 1341
  2055     10.021 gfx: paging submit, 996 dwords from private buffer at 0x0, seq 1342
  2056     10.021 gfx: paging submit, 996 dwords from private buffer at 0x0, seq 1343
  2057     10.021 gfx: paging submit, 996 dwords from private buffer at 0x0, seq 1344
  2058     10.023 gfx: paging submit, 996 dwords from private buffer at 0x0, seq 1345
  2059     10.023 gfx: paging submit, 996 dwords from private buffer at 0x0, seq 1346
  2060     10.023 gfx: paging submit, 996 dwords from private buffer at 0x0, seq 1347
  2061     10.023 gfx: paging submit, 996 dwords from private buffer at 0x0, seq 1348
  2062     10.023 gfx: paging submit, 996 dwords from private buffer at 0x0, seq 1349
  2063     10.023 gfx: paging submit, 996 dwords from private buffer at 0x0, seq 1350
  2064     10.023 gfx: paging submit, 996 dwords from private buffer at 0x0, seq 1351
  2065     10.025 gfx: paging submit, 996 dwords from private buffer at 0x0, seq 1352
  2066     10.025 gfx: paging submit, 996 dwords from private buffer at 0x0, seq 1353
  2067     10.025 gfx: paging submit, 996 dwords from private buffer at 0x0, seq 1354
  2068     10.025 gfx: paging submit, 996 dwords from private buffer at 0x0, seq 1355
  2069     10.025 gfx: paging submit, 996 dwords from private buffer at 0x0, seq 1356
  2070     10.025 gfx: paging submit, 996 dwords from private buffer at 0x0, seq 1357
  2071     10.025 gfx: paging submit, 996 dwords from private buffer at 0x0, seq 1358
  2072     10.025 gfx: paging submit, 996 dwords from private buffer at 0x0, seq 1359
  2073     10.027 gfx: paging submit, 996 dwords from private buffer at 0x0, seq 1360
  2074     10.027 gfx: paging submit, 996 dwords from private buffer at 0x0, seq 1361
  2075     10.027 gfx: paging submit, 996 dwords from private buffer at 0x0, seq 1362
  2076     10.027 gfx: paging submit, 996 dwords from private buffer at 0x0, seq 1363
  2077     10.027 gfx: paging submit, 996 dwords from private buffer at 0x0, seq 1364
  2078     10.027 gfx: paging submit, 996 dwords from private buffer at 0x0, seq 1365
  2079     10.027 gfx: paging submit, 996 dwords from private buffer at 0x0, seq 1366
  2080     10.029 gfx: paging submit, 996 dwords from private buffer at 0x0, seq 1367
  2081     10.029 gfx: paging submit, 996 dwords from private buffer at 0x0, seq 1368
  2082     10.029 gfx: paging submit, 996 dwords from private buffer at 0x0, seq 1369
  2083     10.029 gfx: paging submit, 996 dwords from private buffer at 0x0, seq 1370
  2084     10.029 gfx: paging submit, 996 dwords from private buffer at 0x0, seq 1371
  2085     10.029 gfx: paging submit, 996 dwords from private buffer at 0x0, seq 1372
  2086     10.029 gfx: paging submit, 996 dwords from private buffer at 0x0, seq 1373
  2087     10.031 gfx: paging submit, 996 dwords from private buffer at 0x0, seq 1374
  2088     10.031 gfx: paging submit, 996 dwords from private buffer at 0x0, seq 1375
  2089     10.031 gfx: paging submit, 996 dwords from private buffer at 0x0, seq 1376
  2090     10.031 gfx: paging submit, 996 dwords from private buffer at 0x0, seq 1377
  2091     10.031 gfx: paging submit, 996 dwords from private buffer at 0x0, seq 1378
  2092     10.031 gfx: paging submit, 996 dwords from private buffer at 0x0, seq 1379
  2093     10.031 gfx: paging submit, 83 dwords from private buffer at 0x0, seq 1380
  2094     10.035 gfx: paging submit, 928 dwords from private buffer at 0x14C, seq 1381
  2095     10.035 gfx: paging submit, 1004 dwords from private buffer at 0x0, seq 1382
  2096     10.035 gfx: paging submit, 1004 dwords from private buffer at 0x0, seq 1383
  2097     10.035 gfx: paging submit, 1004 dwords from private buffer at 0x0, seq 1384
  2098     10.035 gfx: paging submit, 1005 dwords from private buffer at 0x0, seq 1385
  2099     10.035 gfx: paging submit, 1016 dwords from private buffer at 0x0, seq 1386
  2100     10.035 gfx: paging submit, 1004 dwords from private buffer at 0x0, seq 1387
  2101     10.035 gfx: paging submit, 1004 dwords from private buffer at 0x0, seq 1388
  2102     10.035 gfx: paging submit, 1004 dwords from private buffer at 0x0, seq 1389
  2103     10.035 gfx: paging submit, 323 dwords from private buffer at 0x0, seq 1390
  2104     10.035 gfx: paging submit, 50 dwords from private buffer at 0x50C, seq 1391
  2105     10.035 gfx: paging submit, 640 dwords from private buffer at 0x5D4, seq 1392
  2106     10.035 gfx: paging submit, 412 dwords from private buffer at 0x0, seq 1393
  2107     10.035 gfx: paging submit, 592 dwords from private buffer at 0x670, seq 1394
  2108     10.037 gfx: paging submit, 460 dwords from private buffer at 0x0, seq 1395
  2109     10.037 gfx: paging submit, 544 dwords from private buffer at 0x730, seq 1396
  2110     10.037 gfx: paging submit, 508 dwords from private buffer at 0x0, seq 1397
  2111     10.037 gfx: paging submit, 496 dwords from private buffer at 0x7F0, seq 1398
  2112     10.037 gfx: paging submit, 556 dwords from private buffer at 0x0, seq 1399
  2113     10.037 gfx: paging submit, 448 dwords from private buffer at 0x8B0, seq 1400
  2114     10.037 gfx: paging submit, 657 dwords from private buffer at 0x0, seq 1401
  2115     10.037 wddm: software vsync on, 16 ms period, target 2424833
  2116     10.041 gfx: paging submit, 350 dwords from private buffer at 0xA44, seq 1402
  2117     10.041 gfx: paging submit, 133 dwords from private buffer at 0x0, seq 1403
  2118     10.041 gfx: paging submit, 15 dwords from private buffer at 0x214, seq 1404
  2119     10.043 gfx: paging submit, 635 dwords from private buffer at 0x250, seq 1405
  2120     10.043 gfx: paging submit, 15 dwords from private buffer at 0xC3C, seq 1406
  2121     10.045 gfx: paging submit, 208 dwords from private buffer at 0xC78, seq 1407
  2122     10.045 gfx: paging submit, 845 dwords from private buffer at 0x0, seq 1408
  2123     10.045 gfx: paging submit, 15 dwords from private buffer at 0xD34, seq 1409
  2124     10.047 gfx: paging submit, 144 dwords from private buffer at 0xD70, seq 1410
  2125     10.049 gfx: paging submit, 1004 dwords from private buffer at 0x0, seq 1411
  2126     10.049 gfx: paging submit, 1004 dwords from private buffer at 0x0, seq 1412
  2127     10.049 gfx: paging submit, 974 dwords from private buffer at 0x0, seq 1413
  2128     10.049 gfx: paging submit, 1004 dwords from private buffer at 0x0, seq 1414
  2129     10.051 amdgpu[2]: ring alloc of 16 dwords exceeds max_dw 13

  2130     10.051 gfx: paging submit, 1005 dwords from private buffer at 0x0, seq 1415
  2131     10.051 amdgpu[2]: ring alloc of 16 dwords exceeds max_dw 13

  2132     10.051 gfx: paging submit, 1005 dwords from private buffer at 0x0, seq 1416
  2133     10.051 amdgpu[2]: ring alloc of 16 dwords exceeds max_dw 13

  2134     10.051 gfx: paging submit, 1005 dwords from private buffer at 0x0, seq 1417
  2135     10.051 amdgpu[2]: ring alloc of 16 dwords exceeds max_dw 13

  2136     10.051 gfx: paging submit, 1005 dwords from private buffer at 0x0, seq 1418
  2137     10.053 amdgpu[2]: ring alloc of 16 dwords exceeds max_dw 13

  2138     10.053 gfx: paging submit, 1005 dwords from private buffer at 0x0, seq 1419
  2139     10.053 amdgpu[2]: ring alloc of 16 dwords exceeds max_dw 13

  2140     10.053 gfx: paging submit, 1005 dwords from private buffer at 0x0, seq 1420
  2141     10.053 amdgpu[2]: ring alloc of 16 dwords exceeds max_dw 13

  2142     10.053 gfx: paging submit, 1005 dwords from private buffer at 0x0, seq 1421
  2143     10.053 amdgpu[2]: ring alloc of 16 dwords exceeds max_dw 13

  2144     10.053 gfx: paging submit, 1005 dwords from private buffer at 0x0, seq 1422
  2145     10.053 amdgpu[2]: ring alloc of 16 dwords exceeds max_dw 13

  2146     10.053 gfx: paging submit, 1005 dwords from private buffer at 0x0, seq 1423
  2147     10.055 amdgpu[2]: ring alloc of 16 dwords exceeds max_dw 13

  2148     10.055 gfx: paging submit, 1005 dwords from private buffer at 0x0, seq 1424
  2149     10.055 amdgpu[2]: ring alloc of 16 dwords exceeds max_dw 13

  2150     10.055 gfx: paging submit, 1005 dwords from private buffer at 0x0, seq 1425
  2151     10.057 gfx: paging submit, 720 dwords from private buffer at 0x0, seq 1426
  2152     10.057 gfx: paging submit, 288 dwords from private buffer at 0xB40, seq 1427
  2153     10.057 gfx: paging submit, 974 dwords from private buffer at 0x0, seq 1428
  2154     10.057 gfx: paging submit, 1006 dwords from private buffer at 0x0, seq 1429
  2155     10.057 gfx: paging submit, 1004 dwords from private buffer at 0x0, seq 1430
  2156     10.057 gfx: paging submit, 1004 dwords from private buffer at 0x0, seq 1431
  2157     10.059 gfx: paging submit, 653 dwords from private buffer at 0x0, seq 1432
  2158     10.059 gfx: paging submit, 396 dwords from private buffer at 0x0, seq 1433
  2159     10.059 gfx: paging submit, 608 dwords from private buffer at 0x630, seq 1434
  2160     10.059 gfx: paging submit, 444 dwords from private buffer at 0x0, seq 1435
  2161     10.059 gfx: paging submit, 560 dwords from private buffer at 0x6F0, seq 1436
  2162     10.059 gfx: paging submit, 492 dwords from private buffer at 0x0, seq 1437
  2163     10.059 gfx: paging submit, 512 dwords from private buffer at 0x7B0, seq 1438
  2164     10.061 gfx: paging submit, 540 dwords from private buffer at 0x0, seq 1439
  2165     10.061 gfx: paging submit, 474 dwords from private buffer at 0x870, seq 1440
  2166     10.061 gfx: paging submit, 629 dwords from private buffer at 0x0, seq 1441
  2167     10.067 gfx: paging submit, 384 dwords from private buffer at 0x9D4, seq 1442
  2168     10.067 gfx: paging submit, 1004 dwords from private buffer at 0x0, seq 1443
  2169     10.067 gfx: paging submit, 1004 dwords from private buffer at 0x0, seq 1444
  2170     10.069 gfx: paging submit, 1004 dwords from private buffer at 0x0, seq 1445
  2171     10.069 gfx: paging submit, 1004 dwords from private buffer at 0x0, seq 1446
  2172     10.069 amdgpu[2]: ring alloc of 16 dwords exceeds max_dw 13

  2173     10.069 gfx: paging submit, 1005 dwords from private buffer at 0x0, seq 1447
  2174     10.069 amdgpu[2]: ring alloc of 16 dwords exceeds max_dw 13

  2175     10.069 gfx: paging submit, 1005 dwords from private buffer at 0x0, seq 1448
  2176     10.069 amdgpu[2]: ring alloc of 16 dwords exceeds max_dw 13

  2177     10.069 gfx: paging submit, 1005 dwords from private buffer at 0x0, seq 1449
  2178     10.069 amdgpu[2]: ring alloc of 16 dwords exceeds max_dw 13

  2179     10.069 gfx: paging submit, 1005 dwords from private buffer at 0x0, seq 1450
  2180     10.069 amdgpu[2]: ring alloc of 16 dwords exceeds max_dw 13

  2181     10.071 gfx: paging submit, 1005 dwords from private buffer at 0x0, seq 1451
  2182     10.071 amdgpu[2]: ring alloc of 16 dwords exceeds max_dw 13

  2183     10.071 gfx: paging submit, 1005 dwords from private buffer at 0x0, seq 1452
  2184     10.071 amdgpu[2]: ring alloc of 16 dwords exceeds max_dw 13

  2185     10.071 gfx: paging submit, 1005 dwords from private buffer at 0x0, seq 1453
  2186     10.071 amdgpu[2]: ring alloc of 16 dwords exceeds max_dw 13

  2187     10.071 gfx: paging submit, 1005 dwords from private buffer at 0x0, seq 1454
  2188     10.071 amdgpu[2]: ring alloc of 16 dwords exceeds max_dw 13

  2189     10.071 gfx: paging submit, 1005 dwords from private buffer at 0x0, seq 1455
  2190     10.071 amdgpu[2]: ring alloc of 16 dwords exceeds max_dw 13

  2191     10.071 gfx: paging submit, 1005 dwords from private buffer at 0x0, seq 1456
  2192     10.073 amdgpu[2]: ring alloc of 16 dwords exceeds max_dw 13

  2193     10.073 gfx: paging submit, 1005 dwords from private buffer at 0x0, seq 1457
  2194     10.073 gfx: paging submit, 450 dwords from private buffer at 0x0, seq 1458
  2195     10.073 gfx: paging submit, 558 dwords from private buffer at 0x708, seq 1459
  2196     10.073 gfx: paging submit, 1004 dwords from private buffer at 0x0, seq 1460
  2197     10.073 gfx: paging submit, 1004 dwords from private buffer at 0x0, seq 1461
  2198     10.075 gfx: paging submit, 1004 dwords from private buffer at 0x0, seq 1462
  2199     10.075 gfx: paging submit, 1004 dwords from private buffer at 0x0, seq 1463
  2200     10.075 gfx: paging submit, 319 dwords from private buffer at 0x0, seq 1464
  2201     10.075 gfx: paging submit, 688 dwords from private buffer at 0x4FC, seq 1465
  2202     10.075 gfx: paging submit, 364 dwords from private buffer at 0x0, seq 1466
  2203     10.075 gfx: paging submit, 640 dwords from private buffer at 0x5B0, seq 1467
  2204     10.075 gfx: paging submit, 412 dwords from private buffer at 0x0, seq 1468
  2205     10.075 gfx: paging submit, 592 dwords from private buffer at 0x670, seq 1469
  2206     10.075 gfx: paging submit, 460 dwords from private buffer at 0x0, seq 1470
  2207     10.075 gfx: paging submit, 544 dwords from private buffer at 0x730, seq 1471
  2208     10.075 gfx: paging submit, 508 dwords from private buffer at 0x0, seq 1472
  2209     10.075 gfx: paging submit, 496 dwords from private buffer at 0x7F0, seq 1473
  2210     10.075 gfx: paging submit, 609 dwords from private buffer at 0x0, seq 1474
  2211     10.088 wddm: Present flags 0x0000000C source 0 dest 0, 1 sub-rectangles, 0 DMA bytes free
  2212     10.088 wddm: Present list FFFF8005BE108E40 (context list 256), private 0000000000000000/0, driver data 0
  2213     10.088 wddm: Present list q0-3  0000000000000000 0000000000000000 0000000000000000 0000000000000000
  2214     10.088 wddm: Present list q4-7  FFFFAE085C3A4470 0000000002AB8000 FFFFFFFFFFFFFFFF 000000000000FFFF
  2215     10.088 wddm: Present list q8-11 0000000000000000 0000000000000000 0000000000000000 0000000000000000
  2216     10.088 wddm: Present dst (0,0)-(0,0) src (0,0)-(0,0) va 0x0
  2217     10.090 wddm: CreateProcess flags 0x00000000 pasids 1
  2218     10.092 wddm: CreateContext node 0 engine 0x1 flags 0x00000004 private 0
  2219     10.092 wddm: CreateContext answered dma 4096 bytes segment set 0x2, lists 256/0, caps 0x00000001
  2220     10.150 wddm: DestroyContext
  2221     10.150 wddm: DestroyDevice
  2222     10.150 wddm: DestroyProcess
  2223     14.311 wddm: CreateProcess flags 0x00000000 pasids 1
  2224     14.377 wddm: DestroyContext
  2225     14.377 wddm: DestroyDevice
  2226     14.377 wddm: DestroyProcess
  2227     14.579 wddm: DestroyContext
  2228     14.579 wddm: DestroyDevice
  2229     14.579 wddm: DestroyProcess
  2230     20.562 fbdump: hubp 0 rows 0..63 of 1200, pitch 7680, address 0x270000000
  2231     20.582 fbdump: hubp 0 rows 64..127 of 1200, pitch 7680, address 0x270078000
  2232     20.603 fbdump: hubp 0 rows 128..191 of 1200, pitch 7680, address 0x2700F0000
  2233     20.623 fbdump: hubp 0 rows 192..255 of 1200, pitch 7680, address 0x270168000
  2234     20.641 fbdump: hubp 0 rows 256..319 of 1200, pitch 7680, address 0x2701E0000
  2235     20.661 fbdump: hubp 0 rows 320..383 of 1200, pitch 7680, address 0x270258000
  2236     20.681 fbdump: hubp 0 rows 384..447 of 1200, pitch 7680, address 0x2702D0000
  2237     20.703 fbdump: hubp 0 rows 448..511 of 1200, pitch 7680, address 0x270348000
  2238     20.723 fbdump: hubp 0 rows 512..575 of 1200, pitch 7680, address 0x2703C0000
  2239     20.745 fbdump: hubp 0 rows 576..639 of 1200, pitch 7680, address 0x270438000
  2240     20.765 fbdump: hubp 0 rows 640..703 of 1200, pitch 7680, address 0x2704B0000
  2241     20.787 fbdump: hubp 0 rows 704..767 of 1200, pitch 7680, address 0x270528000
  2242     20.807 fbdump: hubp 0 rows 768..831 of 1200, pitch 7680, address 0x2705A0000
  2243     20.825 fbdump: hubp 0 rows 832..895 of 1200, pitch 7680, address 0x270618000
  2244     20.845 fbdump: hubp 0 rows 896..959 of 1200, pitch 7680, address 0x270690000
  2245     20.865 fbdump: hubp 0 rows 960..1023 of 1200, pitch 7680, address 0x270708000
  2246     20.885 fbdump: hubp 0 rows 1024..1087 of 1200, pitch 7680, address 0x270780000
  2247     20.905 fbdump: hubp 0 rows 1088..1151 of 1200, pitch 7680, address 0x2707F8000
  2248     20.921 fbdump: hubp 0 rows 1152..1199 of 1200, pitch 7680, address 0x270870000
  2249     41.022 fbdump: hubp 0 rows 0..63 of 1200, pitch 7680, address 0x270000000
  2250     41.040 fbdump: hubp 0 rows 64..127 of 1200, pitch 7680, address 0x270078000
  2251     41.060 fbdump: hubp 0 rows 128..191 of 1200, pitch 7680, address 0x2700F0000
  2252     41.080 fbdump: hubp 0 rows 192..255 of 1200, pitch 7680, address 0x270168000
  2253     41.100 fbdump: hubp 0 rows 256..319 of 1200, pitch 7680, address 0x2701E0000
  2254     41.120 fbdump: hubp 0 rows 320..383 of 1200, pitch 7680, address 0x270258000
  2255     41.140 fbdump: hubp 0 rows 384..447 of 1200, pitch 7680, address 0x2702D0000
  2256     41.160 fbdump: hubp 0 rows 448..511 of 1200, pitch 7680, address 0x270348000
  2257     41.180 fbdump: hubp 0 rows 512..575 of 1200, pitch 7680, address 0x2703C0000
  2258     41.208 fbdump: hubp 0 rows 576..639 of 1200, pitch 7680, address 0x270438000
  2259     41.228 fbdump: hubp 0 rows 640..703 of 1200, pitch 7680, address 0x2704B0000
  2260     41.248 fbdump: hubp 0 rows 704..767 of 1200, pitch 7680, address 0x270528000
  2261     41.268 fbdump: hubp 0 rows 768..831 of 1200, pitch 7680, address 0x2705A0000
  2262     41.288 fbdump: hubp 0 rows 832..895 of 1200, pitch 7680, address 0x270618000
  2263     41.308 fbdump: hubp 0 rows 896..959 of 1200, pitch 7680, address 0x270690000
  2264     41.326 fbdump: hubp 0 rows 960..1023 of 1200, pitch 7680, address 0x270708000
  2265     41.346 fbdump: hubp 0 rows 1024..1087 of 1200, pitch 7680, address 0x270780000
  2266     41.366 fbdump: hubp 0 rows 1088..1151 of 1200, pitch 7680, address 0x2707F8000
  2267     41.382 fbdump: hubp 0 rows 1152..1199 of 1200, pitch 7680, address 0x270870000
  2268     41.462 wddm summary: ---- DDI calls: name, count, first log line ----
  2269     41.462 wddm summary: QueryAdapterInfo                   12  first at 234
  2270     41.462 wddm summary: GetNodeMetadata                     2  first at 242
  2271     41.462 wddm summary: CreateDevice                       13  first at 249
  2272     41.462 wddm summary: DestroyDevice                       6  first at 1188
  2273     41.462 wddm summary: CreateContext                      10  first at 252
  2274     41.462 wddm summary: DestroyContext                      5  first at 1079
  2275     41.462 wddm summary: CreateProcess                       9  first at 248
  2276     41.462 wddm summary: DestroyProcess                      5  first at 1192
  2277     41.462 wddm summary: SetRootPageTable                    2  first at 274
  2278     41.462 wddm summary: CreateAllocation                   18  first at 311
  2279     41.462 wddm summary: DestroyAllocation                  16  first at 633
  2280     41.462 wddm summary: DescribeAllocation                 65  first at 366
  2281     41.462 wddm summary: GetStandardAllocationDriverData      8  first at 309
  2282     41.462 wddm summary: OpenAllocation                     22  first at 313
  2283     41.462 wddm summary: CloseAllocation                    15  first at 632
  2284     41.462 wddm summary: BuildPagingBuffer                2917  first at 254
  2285     41.462 wddm summary: SubmitCommandVirtual             1477  first at 294
  2286     41.462 wddm summary: Present                            60  first at 1198
  2287     41.462 wddm summary: SetVidPnSourceAddress              63  first at 418
  2288     41.462 wddm summary: ControlInterrupt                    1  first at 422
  2289     41.462 wddm summary: ---- QueryAdapterInfo types: type, count, first log line ----
  2290     41.462 wddm summary: adapter info type   1       1  first at 234
  2291     41.462 wddm summary: adapter info type  15       1  first at 235
  2292     41.462 wddm summary: adapter info type  47       1  first at 236
  2293     41.462 wddm summary: adapter info type  13       1  first at 237
  2294     41.462 wddm summary: adapter info type  14       4  first at 238
  2295     41.462 wddm summary: adapter info type  11       2  first at 245
  2296     41.462 wddm summary: adapter info type  10       1  first at 247
  2297     41.462 wddm summary: adapter info type  16       1  first at 247
  2298     41.462 wddm summary: capture plans reserved 4 heap 0
  2299     41.462 wddm summary: capture context peaks plans 1 reserved-bytes 189304
  2300     41.462 wddm summary: ---- BuildPagingBuffer operations: operation, count, first log line ----
  2301     41.462 wddm summary: paging operation  11    1853  first at 254
  2302     41.462 wddm summary: paging operation  12     113  first at 302
  2303     41.462 wddm summary: paging operation   9     195  first at 321
  2304     41.462 wddm summary: paging operation   2       3  first at 627
  2305     41.462 wddm summary: paging operation   8     753  first at 648
  2306     41.462 wddm summary: objects created/destroyed: dev 13/6 ctx 10/5 proc 9/5 alloc 18/16, 36 alive
  2307     41.462 wddm summary: allocations opened/closed: 22/15 calls
  2308     41.462 wddm summary: submissions 0 physical + 1477 virtual, 0 preemptions, last completed fence 1474
  2309     41.462 wddm summary: node 0 hardware: 0 submitted, 0 completed, 0 timeouts, 0 refused
  2310     41.462 wddm summary: umd: 0 allocs (0 refused), 0 contexts, 0 submits on the ring, 0 not run
  2311     41.462 wddm profile: umd calls 0, elapsed ticks 0, QPC frequency 10000000
  2312     41.462 wddm profile: probe enabled 0, calls 0, elapsed ticks 0 (included in umd)
  2313     41.462 wddm summary: node 1 (paging, open): 1474 hardware submitted, 1474 completed, 0 timeouts, 0 refused
  2314     41.462 wddm summary: SubmitCommandVirtual by node: 0: 3, 1: 1474, 0 private-buffer refusals
  2315     41.462 wddm summary: BuildPagingBuffer: 4 transfers, 195 fills, 184320000 bytes, 1291 insufficient-buffer
  2316     41.462 wddm summary: aperture map batches 0, unmap batches 0
  2317     41.462 wddm summary: paging TLB invalidations 113, PTE update batches 816
  2318     41.462 wddm summary: paging unsupported (not ready/no root/no translation/system memory/not contiguous) 0/0/0/0/0
  2319     41.462 wddm summary: presents 60, flips 4 of 63 address calls (57 arrived above DISPATCH_LEVEL)
  2320     41.462 wddm summary: blit gate open, 3 blits, 0 skips, 3 sources translated contiguous
  2321     41.462 wddm summary: blit destination: 0 to the flipped surface, 3 to the POST framebuffer (0 a failed-mapping fallback), 0 scanout remaps (0 failed), last blit 144 r
  2322     41.462 wddm summary: widest blit 1200 rows
  2323     41.462 wddm summary: last blit reading 3, 1920x1200 pitch 7680, 3 rectangles, source physical 0x272BF8000
  2324     41.462 wddm summary: vsync enabled, 2513 ticks, 2496 reported to dxgkrnl
  2325     41.462 wddm summary: vidpn flip closed: 0 hardware flips, 0 refused, 0 hardware vsyncs armed 0 acked 0 refused 0 deferred (flip still pending)
  2326     41.462 wddm summary: no TDR (ResetEngine, ResetFromTimeout and RestartFromTimeout were never called)
  2327     41.462 wddm summary: CollectDbgInfo called 0 time(s) since the driver was loaded
  2328     41.462 vidmm summary: level 0: 1024 calls, 262656 entries, 512 valid
  2329     41.462 vidmm summary: level 1: 2 calls, 1024 entries, 512 valid
  2330     41.462 vidmm summary: level 2: 1 calls, 512 entries, 2 valid
  2331     41.462 vidmm summary: level 3: 1 calls, 512 entries, 1 valid
  2332     41.462 vidmm summary: system leaf encoding coherent 0 noncoherent 29524 snoop mismatches 0
  2333     41.462 vidmm summary: 1028 cpu-virtual calls, 0 gpu-physical calls
  2334     41.462 vidmm summary: 264704 entries written (EnableGpuVa open), 0 refused, 0 bad calls, 2 roots
             1024 lines printed
log          2335 lines since this driver load, 1311 lost to the wrap, 0 dropped above DISPATCH_LEVEL; ring 1024 lines of which the first 256 are kept; table FULL WDDM (the gate was open at DriverEntry)
     0      0.003 stage 10
     1      0.004 gate: EnableFullWddm 1 (one shot: closed again on disk)
     2      0.005 stage 20
     3      0.175 stage 30
     4      0.178 stage 31
     5      0.179 stage 32
     6      0.179 post display 1920x1200 pitch 7680 format 22 target 2424833
     7      0.180 stage 33
     8      0.181 stage 34
     9      0.181 interrupt resource 1: message, vector 0x80, flags 0x3
    10      0.181 mmio: BAR5 at 0xFE800000 mapped, writes off, dcn writes off, vidpn flip off
    11      0.181 vram: 0x270000000 + 0x200000000, MC 0xF400000000, BAR0 0xC0000000 + 0x10000000, writes allowed
    12      0.181 fb sample mapped: phys 0xC0000000 first 0x00000000 mid 0x00000000
    13      0.181 fb sample physical: 0x270000000 first 0x00000000 mid 0x00000000
    14      0.182 gart: ready, dummy page at 0x26FFFA000
    15      0.182 psp: ready
    16      0.182 gpumem: ready, doorbells at 0xD0000000
    17      0.182 gfx: ready, GPU submission allowed, paging node allowed
    18      0.182 ih: ready
    19      0.199 vidmm: logical paging state 515 tables, 1031 slots, 4767344 bytes reserved
    20      0.207 vidmm: table segment 3 at physical 0x45E150000 + 0xFEB0000, host memory below 0x270000000, updates are WRITTEN
    21      0.207 startup: entering interrupt connection
    22      0.210 startup: entering firmware preparation
    23      0.215 gfx: CP_ME_CNTL 0x15000000, CP_MEC_CNTL 0x50000000, SDMA0/1_F32_CNTL 0x1 0x1
    24      0.215 gfx: unpublished translation bootstrap entered with engines halted
    25      0.215 gfx: RLC before-gart-initialization CNTL 0x00000000 read 0x00000000 STATUS2 0x00000008 read 0x00000000
    26      0.215 gfx: GRBM before-gart-initialization STATUS 0x00003028 read 0x00000000
    27      0.215 startup: entering GART initialization
    28      0.229 gart: startup startup-after-gfxhub-enable sample 0x00000000 fault 0x00000000
    29      0.229 gfx: RLC startup-after-gfxhub-enable CNTL 0x00000000 read 0x00000000 STATUS2 0x00000008 read 0x00000000
    30      0.229 gfx: GRBM startup-after-gfxhub-enable STATUS 0x00003028 read 0x00000000
    31      0.230 gart: startup startup-after-mmhub-enable sample 0x00000000 fault 0x00000000
    32      0.230 gfx: RLC startup-after-mmhub-enable CNTL 0x00000000 read 0x00000000 STATUS2 0x00000008 read 0x00000000
    33      0.230 gfx: GRBM startup-after-mmhub-enable STATUS 0x00003028 read 0x00000000
    34      0.230 gart: startup startup-after-fault-defaults sample 0x00000000 fault 0x00000000
    35      0.230 gfx: RLC startup-after-fault-defaults CNTL 0x00000000 read 0x00000000 STATUS2 0x00000008 read 0x00000000
    36      0.230 gfx: GRBM startup-after-fault-defaults STATUS 0x00003028 read 0x00000000
    37      0.230 gart: startup bootstrap-after-mmhub-flush sample 0x00000000 fault 0x00000000
    38      0.230 gfx: RLC bootstrap-after-mmhub-flush CNTL 0x00000000 read 0x00000000 STATUS2 0x00000008 read 0x00000000
    39      0.230 gfx: GRBM bootstrap-after-mmhub-flush STATUS 0x00003028 read 0x00000000
    40      0.230 gart: op 1 -> 0x00000000 (-), result 0, 284 writes, fault offset 0x00000
    41      0.230 gfx: RLC before-psp CNTL 0x00000000 read 0x00000000 STATUS2 0x00000008 read 0x00000000
    42      0.230 gfx: GRBM before-psp STATUS 0x00003028 read 0x00000000
    43      0.230 startup: entering PSP initialization
    44      0.282 gfx: RLC before-psp-ring-create CNTL 0x00000000 read 0x00000000 STATUS2 0x00000008 read 0x00000000
    45      0.282 gfx: GRBM before-psp-ring-create STATUS 0x00003028 read 0x00000000
    46      0.305 gfx: RLC after-psp-ring-create CNTL 0x00000000 read 0x00000000 STATUS2 0x00000008 read 0x00000000
    47      0.305 gfx: GRBM after-psp-ring-create STATUS 0x00003028 read 0x00000000
    48      0.305 amdgpu[0]: reserve 0x400000 from 0xf5ff800000 for PSP TMR

    49      0.305 psp: command 1 (id 5, type 0, 4194304 bytes): rc 0, status 0x0, 269 us, in TMR at 0x0
    50      0.305 gfx: RLC after-psp-command CNTL 0x00000000 read 0x00000000 STATUS2 0x00000008 read 0x00000000
    51      0.305 gfx: GRBM after-psp-command STATUS 0x00003028 read 0x00000000
    52      0.307 psp: command 2 (id 6, type 9, 33536 bytes): rc 0, status 0x0, 1905 us, in TMR at 0x0
    53      0.307 gfx: RLC after-psp-command CNTL 0x00000000 read 0x00000000 STATUS2 0x01000008 read 0x00000000
    54      0.307 gfx: GRBM after-psp-command STATUS 0x00003028 read 0x00000000
    55      0.309 psp: command 3 (id 6, type 10, 33536 bytes): rc 0, status 0x0, 1940 us, in TMR at 0x0
    56      0.309 gfx: RLC after-psp-command CNTL 0x00000000 read 0x00000000 STATUS2 0x01000008 read 0x00000000
    57      0.309 gfx: GRBM after-psp-command STATUS 0x00003028 read 0x00000000
    58      0.315 psp: command 4 (id 6, type 3, 263040 bytes): rc 0, status 0x0, 5913 us, in TMR at 0xF5FF842000
    59      0.315 gfx: RLC after-psp-command CNTL 0x00000000 read 0x00000000 STATUS2 0x01000008 read 0x00000000
    60      0.315 gfx: GRBM after-psp-command STATUS 0x00003028 read 0x00000000
    61      0.320 psp: command 5 (id 6, type 2, 263168 bytes): rc 0, status 0x0, 5912 us, in TMR at 0xF5FF883000
    62      0.320 gfx: RLC after-psp-command CNTL 0x00000000 read 0x00000000 STATUS2 0x01000008 read 0x00000000
    63      0.320 gfx: GRBM after-psp-command STATUS 0x00003028 read 0x00000000
    64      0.326 psp: command 6 (id 6, type 1, 263168 bytes): rc 0, status 0x0, 5912 us, in TMR at 0xF5FF8C4000
    65      0.326 gfx: RLC after-psp-command CNTL 0x00000000 read 0x00000000 STATUS2 0x01000008 read 0x00000000
    66      0.326 gfx: GRBM after-psp-command STATUS 0x00003028 read 0x00000000
    67      0.332 psp: command 7 (id 6, type 4, 267440 bytes): rc 0, status 0x0, 5963 us, in TMR at 0xF5FF800000
    68      0.332 gfx: RLC after-psp-command CNTL 0x00000000 read 0x00000000 STATUS2 0x01000008 read 0x00000000
    69      0.332 gfx: GRBM after-psp-command STATUS 0x00003028 read 0x00000000
    70      0.332 psp: command 8 (id 6, type 5, 896 bytes): rc 0, status 0x0, 130 us, in TMR at 0x0
    71      0.332 gfx: RLC after-psp-command CNTL 0x00000000 read 0x00000000 STATUS2 0x01000008 read 0x00000000
    72      0.332 gfx: GRBM after-psp-command STATUS 0x00003028 read 0x00000000
    73      0.338 psp: command 9 (id 6, type 4, 267440 bytes): rc 0, status 0x0, 5962 us, in TMR at 0xF5FF800000
    74      0.338 gfx: RLC after-psp-command CNTL 0x00000000 read 0x00000000 STATUS2 0x01000008 read 0x00000000
    75      0.338 gfx: GRBM after-psp-command STATUS 0x00003028 read 0x00000000
    76      0.338 psp: command 10 (id 6, type 6, 896 bytes): rc 0, status 0x0, 130 us, in TMR at 0x0
    77      0.338 gfx: RLC after-psp-command CNTL 0x00000000 read 0x00000000 STATUS2 0x01000008 read 0x00000000
    78      0.338 gfx: GRBM after-psp-command STATUS 0x00003028 read 0x00000000
    79      0.340 psp: command 11 (id 6, type 8, 25088 bytes): rc 0, status 0x0, 1739 us, in TMR at 0x0
    80      0.340 gfx: RLC after-psp-command CNTL 0x00000000 read 0x00000000 STATUS2 0x01000008 read 0x00000000
    81      0.340 gfx: GRBM after-psp-command STATUS 0x00003028 read 0x00000000
    82      0.340 psp: op 1 -> 0x00000000, result 0, 15 writes, 11 of 11 commands
    83      0.340 gfx: RLC after-psp CNTL 0x00000000 read 0x00000000 STATUS2 0x01000008 read 0x00000000
    84      0.340 gfx: GRBM after-psp STATUS 0x00003028 read 0x00000000
    85      0.340 startup: entering IH initialization
    86      0.344 ih: init: rc 0, 18 writes
    87      0.344 ih: op 1 -> 0x00000000, result 0, 19 writes; 0 interrupt routine calls, 0 ours, 0 DPCs, 0 vectors; status idle 1 input_idle 1 bif_interrupt_line 0
    88      0.344 startup: entering GFX initialization
    89      0.347 startup: entering GFX stage 1
    90      0.351 gfx: RLC startup policy pp_gfxoff 0
    91      0.354 gfx: stage 1 (doorbell aperture): rc 0, 49 writes so far, 1 us
    92      0.354 gfx: op 1 to stage 1 -> 0x00000000, result 0, 49 writes, 0 doorbells
    93      0.357 startup: entering GFX stage 2
    94      0.360 gfx: stage 2 (golden registers): rc 0, 34 writes so far, 26 us
    95      0.360 gfx: op 1 to stage 2 -> 0x00000000, result 0, 34 writes, 0 doorbells
    96      0.362 startup: entering GFX stage 3
    97      0.365 gfx: stage 3 (GRBM CAM probe): rc 0, 3 writes so far, 3 us
    98      0.365 gfx: op 1 to stage 3 -> 0x00000000, result 0, 3 writes, 0 doorbells
    99      0.367 startup: entering GFX stage 4
   100      0.370 gfx: stage 4 (constants): rc 0, 157 writes so far, 77 us
   101      0.370 gfx: op 1 to stage 4 -> 0x00000000, result 0, 157 writes, 0 doorbells
   102      0.372 startup: entering GFX stage 5
   103      0.375 startup: RLC boundary acquire-paging-lock
   104      0.378 startup: RLC boundary acquire-gart-lock
   105      0.380 startup: RLC boundary locks-acquired
   106      0.383 startup: RLC boundary before-rlc-resume
   107      0.386 startup: RLC boundary after-rlc-resume
   108      0.388 startup: RLC boundary before-gfx-visibility
   109      0.391 gpumem: GFXHUB after-invalidate-request sample 0x00F80001 fault 0x00000000
   110      0.393 startup: visibility observer returned after-invalidate-request
   111      0.396 gpumem: GFXHUB after-invalidate-request-read sample 0x00F80001 fault 0x00000000
   112      0.399 startup: visibility observer returned after-invalidate-request-read
   113      0.401 gpumem: GFXHUB after-invalidate-ack sample 0x00000001 fault 0x00000000
   114      0.404 startup: visibility observer returned after-invalidate-ack
   115      0.407 startup: visibility GFX returned 0, entering MMHUB
   116      0.410 startup: visibility MMHUB returned 0
   117      0.412 gpumem: startup GFX translations committed after RLC, before CP
   118      0.415 gfx: RLC after-bootstrap-translation-commit CNTL 0x00000001 read 0x00000000 STATUS2 0x00000008 read 0x00000000
   119      0.415 gfx: GRBM after-bootstrap-translation-commit STATUS 0x00003028 read 0x00000000
   120      0.415 startup: visibility publication observer returned
   121      0.418 startup: RLC boundary after-gfx-visibility
   122      0.421 gfx: stage 5 (RLC): rc 0, 11 writes so far, 37585 us
   123      0.421 gfx: op 1 to stage 5 -> 0x00000000, result 0, 11 writes, 0 doorbells
   124      0.424 startup: entering GFX stage 6
   125      0.426 startup: entering CP step 1
   126      0.429 startup: CP1 checkpoint acquire-paging-lock
   127      0.432 startup: CP1 checkpoint acquire-gart-lock
   128      0.434 startup: CP1 checkpoint locks-acquired
   129      0.437 amdgpu[0]: CP resume kiq-init begin

   130      0.437 startup: CP1 checkpoint scheduler
   131      0.440 startup: CP1 checkpoint scheduler-read
   132      0.443 startup: CP1 checkpoint scheduler-write
   133      0.446 startup: CP1 checkpoint scheduler-done
   134      0.449 startup: CP1 checkpoint clear-mqd
   135      0.452 startup: CP1 checkpoint select-queue
   136      0.455 startup: CP1 checkpoint build-mqd
   137      0.459 startup: CP1 checkpoint disable-wptr-poll
   138      0.461 startup: CP1 checkpoint read-active
   139      0.464 startup: CP1 checkpoint program-hqd
   140      0.466 startup: CP1 checkpoint activate-hqd
   141      0.469 startup: CP1 checkpoint restore-selection
   142      0.472 startup: CP1 checkpoint complete
   143      0.475 amdgpu[0]: CP resume kiq-init end result=0

   144      0.475 gfx: CP step 1: rc 0, 27 writes, 37532 us
   145      0.475 gfx: op 1 to stage 6 -> 0x00000000, result 0, 27 writes, 0 doorbells
   146      0.475 startup: CP step 1 returned 0x00000000 result 0
   147      0.477 startup: entering CP step 2
   148      0.480 amdgpu[0]: CP resume compute-unhalt begin

   149      0.481 amdgpu[0]: CP resume compute-unhalt end

   150      0.481 amdgpu[0]: CP resume kcq-init ring=0 begin

   151      0.481 amdgpu[0]: CP resume kcq-init ring=0 end result=0

   152      0.481 amdgpu[0]: CP resume kcq-init ring=1 begin

   153      0.481 amdgpu[0]: CP resume kcq-init ring=1 end result=0

   154      0.481 amdgpu[0]: CP resume kcq-init ring=2 begin

   155      0.481 amdgpu[0]: CP resume kcq-init ring=2 end result=0

   156      0.481 amdgpu[0]: CP resume kcq-init ring=3 begin

   157      0.481 amdgpu[0]: CP resume kcq-init ring=3 end result=0

   158      0.481 amdgpu[0]: CP resume kcq-init ring=4 begin

   159      0.481 amdgpu[0]: CP resume kcq-init ring=4 end result=0

   160      0.481 amdgpu[0]: CP resume kcq-init ring=5 begin

   161      0.481 amdgpu[0]: CP resume kcq-init ring=5 end result=0

   162      0.481 amdgpu[0]: CP resume kcq-init ring=6 begin

   163      0.481 amdgpu[0]: CP resume kcq-init ring=6 end result=0

   164      0.481 amdgpu[0]: CP resume kcq-init ring=7 begin

   165      0.481 amdgpu[0]: CP resume kcq-init ring=7 end result=0

   166      0.481 gfx: CP step 2: rc 0, 17 writes, 344 us
   167      0.481 gfx: op 1 to stage 6 -> 0x00000000, result 0, 17 writes, 0 doorbells
   168      0.481 startup: CP step 2 returned 0x00000000 result 0
   169      0.484 startup: entering CP step 3
   170      0.487 amdgpu[0]: CP resume kcq-enable begin

   171      0.487 amdgpu[0]: CP resume kcq-enable end result=0

   172      0.487 gfx: CP step 3: rc 0, 1 writes, 63 us
   173      0.487 gfx: op 1 to stage 6 -> 0x00000000, result 0, 1 writes, 2 doorbells
   174      0.487 startup: CP step 3 returned 0x00000000 result 0
   175      0.490 startup: entering CP step 4
   176      0.493 amdgpu[0]: CP resume kgq-init ring=0 begin

   177      0.493 amdgpu[0]: CP resume kgq-init ring=0 end result=0

   178      0.493 gfx: CP step 4: rc 0, 4 writes, 48 us
   179      0.493 gfx: op 1 to stage 6 -> 0x00000000, result 0, 4 writes, 0 doorbells
   180      0.493 startup: CP step 4 returned 0x00000000 result 0
   181      0.497 startup: entering CP step 5
   182      0.500 amdgpu[0]: CP resume kgq-enable begin

   183      0.500 amdgpu[0]: CP resume kgq-enable end result=0

   184      0.500 gfx: CP step 5: rc 0, 1 writes, 33 us
   185      0.500 gfx: op 1 to stage 6 -> 0x00000000, result 0, 1 writes, 2 doorbells
   186      0.500 startup: CP step 5 returned 0x00000000 result 0
   187      0.504 startup: entering CP step 6
   188      0.507 amdgpu[0]: CP resume gfx-start begin

   189      0.507 amdgpu[0]: CP resume gfx-start end result=0

   190      0.507 gfx: CP step 6: rc 0, 3 writes, 53 us
   191      0.507 gfx: op 1 to stage 6 -> 0x00000000, result 0, 3 writes, 1 doorbells
   192      0.507 startup: CP step 6 returned 0x00000000 result 0
   193      0.510 startup: entering CP step 7
   194      0.513 amdgpu[0]: CP resume gfx-test ring=0 begin

   195      0.513 amdgpu[0]: CP resume gfx-test ring=0 end result=0

   196      0.513 gfx: CP step 7: rc 0, 1 writes, 27 us
   197      0.513 gfx: op 1 to stage 6 -> 0x00000000, result 0, 1 writes, 1 doorbells
   198      0.513 startup: CP step 7 returned 0x00000000 result 0
   199      0.516 startup: entering CP step 8
   200      0.519 amdgpu[0]: CP resume compute-test ring=0 begin

   201      0.519 amdgpu[0]: CP resume compute-test ring=0 end result=0

   202      0.519 amdgpu[0]: CP resume compute-test ring=1 begin

   203      0.519 amdgpu[0]: CP resume compute-test ring=1 end result=0

   204      0.519 amdgpu[0]: CP resume compute-test ring=2 begin

   205      0.519 amdgpu[0]: CP resume compute-test ring=2 end result=0

   206      0.519 amdgpu[0]: CP resume compute-test ring=3 begin

   207      0.519 amdgpu[0]: CP resume compute-test ring=3 end result=0

   208      0.519 amdgpu[0]: CP resume compute-test ring=4 begin

   209      0.519 amdgpu[0]: CP resume compute-test ring=4 end result=0

   210      0.519 amdgpu[0]: CP resume compute-test ring=5 begin

   211      0.519 amdgpu[0]: CP resume compute-test ring=5 end result=0

   212      0.519 amdgpu[0]: CP resume compute-test ring=6 begin

   213      0.519 amdgpu[0]: CP resume compute-test ring=6 end result=0

   214      0.519 amdgpu[0]: CP resume compute-test ring=7 begin

   215      0.520 amdgpu[0]: CP resume compute-test ring=7 end result=0

   216      0.520 gfx: CP step 8: rc 0, 8 writes, 164 us
   217      0.520 gfx: op 1 to stage 6 -> 0x00000000, result 0, 8 writes, 8 doorbells
   218      0.520 startup: CP step 8 returned 0x00000000 result 0
   219      0.526 startup: entering GFX stage 7
   220      0.529 gfx: stage 7 (SDMA): rc 0, 93 writes so far, 204 us
   221      0.529 gfx: op 1 to stage 7 -> 0x00000000, result 0, 93 writes, 2 doorbells
   222      0.532 startup: entering GFX stage 8
   223      0.535 gfx: stage 8 (interrupt sources): rc 0, 35 writes so far, 25 us
   224      0.535 gfx: paging node ready, SDMA0 doorbell 0x200, per-buffer private commands
   225      0.535 gfx: op 1 to stage 8 -> 0x00000000, result 0, 35 writes, 0 doorbells
   226      0.540 startup: both engines ready
   227      0.543 startup: attempted 0xF completed 0xF status 0x00000000 ready 1 unwind 0 quarantine 0
   228      0.543 wddm: GPU initialized before adapter admission
   229      0.543 wddm: callbacks sync 1 notify 1 queuedpc 1 notifydpc 1, interface 312 of 312 bytes
   230      0.543 stage 35
   231      0.544 stage 39
   232      0.544 wddm: display QueryChildRelations call 1 detail 0x38 -> 0x00000000
   233      0.544 wddm: DRIVERCAPS into 576 bytes: wddm 8192 sched 0x45 mm 0x60 flip 0x12 slots 0 tdr 1 dflip 1 rot 1
   234      0.544 wddm: QueryAdapterInfo type 1 in 0 out 576 -> 0x00000000
   235      0.544 wddm: QueryAdapterInfo type 15 in 4 out 20 -> 0xC00000BB
   236      0.545 wddm: QueryAdapterInfo type 47 in 0 out 4 -> 0xC00000BB
   237      0.545 wddm: QueryAdapterInfo type 13 in 4 out 24 -> 0x00000000
   238      0.545 wddm: QueryAdapterInfo type 14 in 4 out 20 -> 0x00000000
   239      0.545 wddm: QueryAdapterInfo type 14 in 4 out 20 -> 0x00000000
   240      0.545 wddm: QueryAdapterInfo type 14 in 4 out 20 -> 0x00000000
   241      0.545 wddm: QueryAdapterInfo type 14 in 4 out 20 -> 0x00000000
   242      0.545 wddm: GetNodeMetadata node 0 adapter 0
   243      0.545 wddm: GetNodeMetadata node 1 adapter 0
   244      0.545 wddm: QUERYSEGMENT4 pass 1: 3 segment(s)
   245      0.545 wddm: QUERYSEGMENT4 pass 2: 3 segment(s), stride 104, paging buffer segment 0, 65536 bytes
   246      0.545 wddm: segment 1 flags 0x00080404 gpu 0xF4008D0000 cpu 0x2708D0000 size 0x1ED880000
   247      0.546 wddm: QueryAdapterInfo type 16 in 0 out 4 -> 0xC00000BB
   248      0.547 wddm: CreateProcess flags 0x00000001 pasids 1
   249      0.547 wddm: CreateDevice flags 0x00000001 pasid 0
   250      0.547 wddm: CreateDevice flags 0x00000001 pasid 0
   251      0.600 wddm: capture reservation ready 22020400 bytes
   252      0.600 wddm: CreateContext node 1 engine 0x1 flags 0x00000005 private 0
   253      0.600 wddm: CreateContext answered dma 4096 bytes segment set 0x2, lists 256/0, caps 0x00000001
   254      0.602 wddm: BuildPagingBuffer operation 11 segment 0, 65536 bytes free, pass offset 0
   255      0.602 vidmm: table physical cache query pa 0x45E153000 status 0xC0000141 type 6; retained map requests NC; borrowed VA attributes unproven
  1567      9.735 gfx: paging submit, 1005 dwords from private buffer at 0x0, seq 883
  1568      9.737 gfx: paging submit, 975 dwords from private buffer at 0x0, seq 884
  1569      9.737 gfx: paging submit, 32 dwords from private buffer at 0xF3C, seq 885
  1570      9.737 gfx: paging submit, 840 dwords from private buffer at 0x0, seq 886
  1571      9.737 gfx: paging submit, 176 dwords from private buffer at 0xD20, seq 887
  1572      9.737 gfx: paging submit, 1004 dwords from private buffer at 0x0, seq 888
  1573      9.737 gfx: paging submit, 1004 dwords from private buffer at 0x0, seq 889
  1574      9.737 gfx: paging submit, 1004 dwords from private buffer at 0x0, seq 890
  1575      9.739 gfx: paging submit, 974 dwords from private buffer at 0x0, seq 891
  1576      9.739 gfx: paging submit, 493 dwords from private buffer at 0x0, seq 892
  1577      9.739 gfx: paging submit, 512 dwords from private buffer at 0x7B4, seq 893
  1578      9.739 gfx: paging submit, 540 dwords from private buffer at 0x0, seq 894
  1579      9.739 gfx: paging submit, 464 dwords from private buffer at 0x870, seq 895
  1580      9.739 gfx: paging submit, 588 dwords from private buffer at 0x0, seq 896
  1581      9.739 gfx: paging submit, 416 dwords from private buffer at 0x930, seq 897
  1582      9.739 gfx: paging submit, 636 dwords from private buffer at 0x0, seq 898
  1583      9.739 gfx: paging submit, 368 dwords from private buffer at 0x9F0, seq 899
  1584      9.739 gfx: paging submit, 735 dwords from private buffer at 0x0, seq 900
  1585      9.747 gfx: paging submit, 272 dwords from private buffer at 0xB7C, seq 901
  1586      9.747 gfx: paging submit, 211 dwords from private buffer at 0x0, seq 902
  1587      9.749 gfx: paging submit, 800 dwords from private buffer at 0x34C, seq 903
  1588      9.749 gfx: paging submit, 1004 dwords from private buffer at 0x0, seq 904
  1589      9.749 gfx: paging submit, 1004 dwords from private buffer at 0x0, seq 905
  1590      9.749 gfx: paging submit, 1004 dwords from private buffer at 0x0, seq 906
  1591      9.749 amdgpu[2]: ring alloc of 16 dwords exceeds max_dw 14

  1592      9.749 gfx: paging submit, 1004 dwords from private buffer at 0x0, seq 907
  1593      9.751 amdgpu[2]: ring alloc of 16 dwords exceeds max_dw 13

  1594      9.751 gfx: paging submit, 1005 dwords from private buffer at 0x0, seq 908
  1595      9.751 amdgpu[2]: ring alloc of 16 dwords exceeds max_dw 13

  1596      9.751 gfx: paging submit, 1005 dwords from private buffer at 0x0, seq 909
  1597      9.751 amdgpu[2]: ring alloc of 16 dwords exceeds max_dw 13

  1598      9.751 gfx: paging submit, 1005 dwords from private buffer at 0x0, seq 910
  1599      9.751 amdgpu[2]: ring alloc of 16 dwords exceeds max_dw 13

  1600      9.751 gfx: paging submit, 1005 dwords from private buffer at 0x0, seq 911
  1601      9.751 amdgpu[2]: ring alloc of 16 dwords exceeds max_dw 13

  1602      9.751 gfx: paging submit, 1005 dwords from private buffer at 0x0, seq 912
  1603      9.753 amdgpu[2]: ring alloc of 16 dwords exceeds max_dw 13

  1604      9.753 gfx: paging submit, 1005 dwords from private buffer at 0x0, seq 913
  1605      9.753 amdgpu[2]: ring alloc of 16 dwords exceeds max_dw 13

  1606      9.753 gfx: paging submit, 1005 dwords from private buffer at 0x0, seq 914
  1607      9.753 amdgpu[2]: ring alloc of 16 dwords exceeds max_dw 13

  1608      9.753 gfx: paging submit, 1005 dwords from private buffer at 0x0, seq 915
  1609      9.753 amdgpu[2]: ring alloc of 16 dwords exceeds max_dw 13

  1610      9.753 gfx: paging submit, 1005 dwords from private buffer at 0x0, seq 916
  1611      9.753 amdgpu[2]: ring alloc of 16 dwords exceeds max_dw 13

  1612      9.753 gfx: paging submit, 1005 dwords from private buffer at 0x0, seq 917
  1613      9.755 amdgpu[2]: ring alloc of 16 dwords exceeds max_dw 13

  1614      9.755 gfx: paging submit, 1005 dwords from private buffer at 0x0, seq 918
  1615      9.755 gfx: paging submit, 20 dwords from private buffer at 0x0, seq 919
  1616      9.755 gfx: paging submit, 998 dwords from private buffer at 0x50, seq 920
  1617      9.755 gfx: paging submit, 1004 dwords from private buffer at 0x0, seq 921
  1618      9.757 gfx: paging submit, 1004 dwords from private buffer at 0x0, seq 922
  1619      9.757 gfx: paging submit, 1004 dwords from private buffer at 0x0, seq 923
  1620      9.757 gfx: paging submit, 1004 dwords from private buffer at 0x0, seq 924
  1621      9.757 gfx: paging submit, 95 dwords from private buffer at 0x0, seq 925
  1622      9.757 gfx: paging submit, 912 dwords from private buffer at 0x17C, seq 926
  1623      9.757 gfx: paging submit, 140 dwords from private buffer at 0x0, seq 927
  1624      9.757 gfx: paging submit, 864 dwords from private buffer at 0x230, seq 928
  1625      9.759 gfx: paging submit, 188 dwords from private buffer at 0x0, seq 929
  1626      9.759 gfx: paging submit, 816 dwords from private buffer at 0x2F0, seq 930
  1627      9.759 gfx: paging submit, 236 dwords from private buffer at 0x0, seq 931
  1628      9.759 gfx: paging submit, 770 dwords from private buffer at 0x3B0, seq 932
  1629      9.759 gfx: paging submit, 333 dwords from private buffer at 0x0, seq 933
  1630      9.767 gfx: paging submit, 65 dwords from private buffer at 0x534, seq 934
  1631      9.767 gfx: paging submit, 608 dwords from private buffer at 0x638, seq 935
  1632      9.767 gfx: paging submit, 1004 dwords from private buffer at 0x0, seq 936
  1633      9.769 gfx: paging submit, 1004 dwords from private buffer at 0x0, seq 937
  1634      9.769 gfx: paging submit, 1004 dwords from private buffer at 0x0, seq 938
  1635      9.769 gfx: paging submit, 1004 dwords from private buffer at 0x0, seq 939
  1636      9.769 amdgpu[2]: ring alloc of 16 dwords exceeds max_dw 12

  1637      9.769 gfx: paging submit, 1006 dwords from private buffer at 0x0, seq 940
  1638      9.769 amdgpu[2]: ring alloc of 16 dwords exceeds max_dw 13

  1639      9.769 gfx: paging submit, 1005 dwords from private buffer at 0x0, seq 941
  1640      9.769 amdgpu[2]: ring alloc of 16 dwords exceeds max_dw 13

  1641      9.771 gfx: paging submit, 1005 dwords from private buffer at 0x0, seq 942
  1642      9.771 amdgpu[2]: ring alloc of 16 dwords exceeds max_dw 13

  1643      9.771 gfx: paging submit, 1005 dwords from private buffer at 0x0, seq 943
  1644      9.771 amdgpu[2]: ring alloc of 16 dwords exceeds max_dw 13

  1645      9.771 gfx: paging submit, 1005 dwords from private buffer at 0x0, seq 944
  1646      9.771 amdgpu[2]: ring alloc of 16 dwords exceeds max_dw 13

  1647      9.771 gfx: paging submit, 1005 dwords from private buffer at 0x0, seq 945
  1648      9.771 amdgpu[2]: ring alloc of 16 dwords exceeds max_dw 13

  1649      9.771 gfx: paging submit, 1005 dwords from private buffer at 0x0, seq 946
  1650      9.771 amdgpu[2]: ring alloc of 16 dwords exceeds max_dw 13

  1651      9.771 gfx: paging submit, 1005 dwords from private buffer at 0x0, seq 947
  1652      9.773 amdgpu[2]: ring alloc of 16 dwords exceeds max_dw 13

  1653      9.773 gfx: paging submit, 1005 dwords from private buffer at 0x0, seq 948
  1654      9.773 amdgpu[2]: ring alloc of 16 dwords exceeds max_dw 13

  1655      9.773 gfx: paging submit, 1005 dwords from private buffer at 0x0, seq 949
  1656      9.773 amdgpu[2]: ring alloc of 16 dwords exceeds max_dw 13

  1657      9.773 gfx: paging submit, 1005 dwords from private buffer at 0x0, seq 950
  1658      9.773 gfx: paging submit, 225 dwords from private buffer at 0x0, seq 951
  1659      9.775 gfx: paging submit, 50 dwords from private buffer at 0x384, seq 952
  1660      9.775 gfx: paging submit, 736 dwords from private buffer at 0x44C, seq 953
  1661      9.775 gfx: paging submit, 974 dwords from private buffer at 0x0, seq 954
  1662      9.775 gfx: paging submit, 1006 dwords from private buffer at 0x0, seq 955
  1663      9.775 gfx: paging submit, 1004 dwords from private buffer at 0x0, seq 956
  1664      9.775 gfx: paging submit, 1004 dwords from private buffer at 0x0, seq 957
  1665      9.775 gfx: paging submit, 653 dwords from private buffer at 0x0, seq 958
  1666      9.775 gfx: paging submit, 316 dwords from private buffer at 0x0, seq 959
  1667      9.775 gfx: paging submit, 688 dwords from private buffer at 0x4F0, seq 960
  1668      9.777 gfx: paging submit, 364 dwords from private buffer at 0x0, seq 961
  1669      9.777 gfx: paging submit, 640 dwords from private buffer at 0x5B0, seq 962
  1670      9.777 gfx: paging submit, 412 dwords from private buffer at 0x0, seq 963
  1671      9.777 gfx: paging submit, 592 dwords from private buffer at 0x670, seq 964
  1672      9.777 gfx: paging submit, 460 dwords from private buffer at 0x0, seq 965
  1673      9.777 gfx: paging submit, 544 dwords from private buffer at 0x730, seq 966
  1674      9.777 gfx: paging submit, 561 dwords from private buffer at 0x0, seq 967
  1675      9.791 wddm: software vsync off after 549 ticks
  1676      9.891 wddm: BuildPagingBuffer operation 2 segment 0, 63292 bytes free, pass offset 0
  1677      9.891 gfx: paging submit, 448 dwords from private buffer at 0x8C4, seq 968
  1678      9.891 gfx: paging submit, 1016 dwords from private buffer at 0x0, seq 969
  1679      9.891 gfx: paging submit, 55 dwords from private buffer at 0x0, seq 970
  1680      9.891 gfx: paging submit, 15 dwords from private buffer at 0xDC, seq 971
  1681      9.891 gfx: paging submit, 39 dwords from private buffer at 0x118, seq 972
  1682      9.891 gfx: paging submit, 15 dwords from private buffer at 0x1B4, seq 973
  1683      9.895 gfx: paging submit, 880 dwords from private buffer at 0x1F0, seq 974
  1684      9.895 gfx: paging submit, 1004 dwords from private buffer at 0x0, seq 975
  1685      9.895 gfx: paging submit, 1004 dwords from private buffer at 0x0, seq 976
  1686      9.895 gfx: paging submit, 1004 dwords from private buffer at 0x0, seq 977
  1687      9.895 gfx: paging submit, 1006 dwords from private buffer at 0x0, seq 978
  1688      9.897 gfx: paging submit, 1016 dwords from private buffer at 0x0, seq 979
  1689      9.897 gfx: paging submit, 1004 dwords from private buffer at 0x0, seq 980
  1690      9.897 gfx: paging submit, 1004 dwords from private buffer at 0x0, seq 981
  1691      9.897 gfx: paging submit, 1004 dwords from private buffer at 0x0, seq 982
  1692      9.901 amdgpu[2]: ring alloc of 96 dwords exceeds max_dw 0

  1693      9.901 wddm: capture reserved token 0x80000003 bytes 9216000 pages 2250 identities 4500 linear 0
  1694      9.901 gfx: paging submit, 936 dwords from private buffer at 0x0, seq 983
  1695      9.901 gfx: paging submit, 996 dwords from private buffer at 0x0, seq 984
  1696      9.901 gfx: paging submit, 996 dwords from private buffer at 0x0, seq 985
  1697      9.901 gfx: paging submit, 996 dwords from private buffer at 0x0, seq 986
  1698      9.901 gfx: paging submit, 996 dwords from private buffer at 0x0, seq 987
  1699      9.901 gfx: paging submit, 996 dwords from private buffer at 0x0, seq 988
  1700      9.903 gfx: paging submit, 996 dwords from private buffer at 0x0, seq 989
  1701      9.903 gfx: paging submit, 996 dwords from private buffer at 0x0, seq 990
  1702      9.903 gfx: paging submit, 996 dwords from private buffer at 0x0, seq 991
  1703      9.903 gfx: paging submit, 996 dwords from private buffer at 0x0, seq 992
  1704      9.903 gfx: paging submit, 996 dwords from private buffer at 0x0, seq 993
  1705      9.903 gfx: paging submit, 996 dwords from private buffer at 0x0, seq 994
  1706      9.903 gfx: paging submit, 996 dwords from private buffer at 0x0, seq 995
  1707      9.903 gfx: paging submit, 996 dwords from private buffer at 0x0, seq 996
  1708      9.905 gfx: paging submit, 996 dwords from private buffer at 0x0, seq 997
  1709      9.905 gfx: paging submit, 996 dwords from private buffer at 0x0, seq 998
  1710      9.905 gfx: paging submit, 996 dwords from private buffer at 0x0, seq 999
  1711      9.905 gfx: paging submit, 996 dwords from private buffer at 0x0, seq 1000
  1712      9.905 gfx: paging submit, 996 dwords from private buffer at 0x0, seq 1001
  1713      9.905 gfx: paging submit, 996 dwords from private buffer at 0x0, seq 1002
  1714      9.905 gfx: paging submit, 996 dwords from private buffer at 0x0, seq 1003
  1715      9.907 gfx: paging submit, 996 dwords from private buffer at 0x0, seq 1004
  1716      9.907 gfx: paging submit, 996 dwords from private buffer at 0x0, seq 1005
  1717      9.907 gfx: paging submit, 996 dwords from private buffer at 0x0, seq 1006
  1718      9.907 gfx: paging submit, 996 dwords from private buffer at 0x0, seq 1007
  1719      9.907 gfx: paging submit, 996 dwords from private buffer at 0x0, seq 1008
  1720      9.907 gfx: paging submit, 996 dwords from private buffer at 0x0, seq 1009
  1721      9.907 gfx: paging submit, 996 dwords from private buffer at 0x0, seq 1010
  1722      9.907 gfx: paging submit, 996 dwords from private buffer at 0x0, seq 1011
  1723      9.909 gfx: paging submit, 996 dwords from private buffer at 0x0, seq 1012
  1724      9.909 gfx: paging submit, 996 dwords from private buffer at 0x0, seq 1013
  1725      9.909 gfx: paging submit, 996 dwords from private buffer at 0x0, seq 1014
  1726      9.909 gfx: paging submit, 996 dwords from private buffer at 0x0, seq 1015
  1727      9.909 gfx: paging submit, 996 dwords from private buffer at 0x0, seq 1016
  1728      9.909 gfx: paging submit, 996 dwords from private buffer at 0x0, seq 1017
  1729      9.909 gfx: paging submit, 996 dwords from private buffer at 0x0, seq 1018
  1730      9.911 gfx: paging submit, 996 dwords from private buffer at 0x0, seq 1019
  1731      9.911 gfx: paging submit, 996 dwords from private buffer at 0x0, seq 1020
  1732      9.911 gfx: paging submit, 996 dwords from private buffer at 0x0, seq 1021
  1733      9.911 gfx: paging submit, 996 dwords from private buffer at 0x0, seq 1022
  1734      9.911 gfx: paging submit, 996 dwords from private buffer at 0x0, seq 1023
  1735      9.911 gfx: paging submit, 996 dwords from private buffer at 0x0, seq 1024
  1736      9.911 gfx: paging submit, 996 dwords from private buffer at 0x0, seq 1025
  1737      9.911 gfx: paging submit, 996 dwords from private buffer at 0x0, seq 1026
  1738      9.913 gfx: paging submit, 996 dwords from private buffer at 0x0, seq 1027
  1739      9.913 gfx: paging submit, 996 dwords from private buffer at 0x0, seq 1028
  1740      9.913 gfx: paging submit, 996 dwords from private buffer at 0x0, seq 1029
  1741      9.913 gfx: paging submit, 996 dwords from private buffer at 0x0, seq 1030
  1742      9.913 gfx: paging submit, 996 dwords from private buffer at 0x0, seq 1031
  1743      9.913 gfx: paging submit, 996 dwords from private buffer at 0x0, seq 1032
  1744      9.913 gfx: paging submit, 996 dwords from private buffer at 0x0, seq 1033
  1745      9.915 gfx: paging submit, 996 dwords from private buffer at 0x0, seq 1034
  1746      9.915 gfx: paging submit, 996 dwords from private buffer at 0x0, seq 1035
  1747      9.915 gfx: paging submit, 996 dwords from private buffer at 0x0, seq 1036
  1748      9.915 gfx: paging submit, 996 dwords from private buffer at 0x0, seq 1037
  1749      9.915 gfx: paging submit, 996 dwords from private buffer at 0x0, seq 1038
  1750      9.915 gfx: paging submit, 996 dwords from private buffer at 0x0, seq 1039
  1751      9.915 gfx: paging submit, 996 dwords from private buffer at 0x0, seq 1040
  1752      9.915 gfx: paging submit, 996 dwords from private buffer at 0x0, seq 1041
  1753      9.917 gfx: paging submit, 996 dwords from private buffer at 0x0, seq 1042
  1754      9.917 gfx: paging submit, 996 dwords from private buffer at 0x0, seq 1043
  1755      9.917 gfx: paging submit, 996 dwords from private buffer at 0x0, seq 1044
  1756      9.917 gfx: paging submit, 996 dwords from private buffer at 0x0, seq 1045
  1757      9.917 gfx: paging submit, 996 dwords from private buffer at 0x0, seq 1046
  1758      9.917 gfx: paging submit, 996 dwords from private buffer at 0x0, seq 1047
  1759      9.917 gfx: paging submit, 996 dwords from private buffer at 0x0, seq 1048
  1760      9.919 gfx: paging submit, 996 dwords from private buffer at 0x0, seq 1049
  1761      9.919 gfx: paging submit, 996 dwords from private buffer at 0x0, seq 1050
  1762      9.919 gfx: paging submit, 996 dwords from private buffer at 0x0, seq 1051
  1763      9.919 gfx: paging submit, 996 dwords from private buffer at 0x0, seq 1052
  1764      9.919 gfx: paging submit, 996 dwords from private buffer at 0x0, seq 1053
  1765      9.919 gfx: paging submit, 996 dwords from private buffer at 0x0, seq 1054
  1766      9.919 gfx: paging submit, 996 dwords from private buffer at 0x0, seq 1055
  1767      9.919 gfx: paging submit, 996 dwords from private buffer at 0x0, seq 1056
  1768      9.921 gfx: paging submit, 996 dwords from private buffer at 0x0, seq 1057
  1769      9.921 gfx: paging submit, 996 dwords from private buffer at 0x0, seq 1058
  1770      9.921 gfx: paging submit, 996 dwords from private buffer at 0x0, seq 1059
  1771      9.921 gfx: paging submit, 996 dwords from private buffer at 0x0, seq 1060
  1772      9.921 gfx: paging submit, 996 dwords from private buffer at 0x0, seq 1061
  1773      9.921 gfx: paging submit, 996 dwords from private buffer at 0x0, seq 1062
  1774      9.921 gfx: paging submit, 996 dwords from private buffer at 0x0, seq 1063
  1775      9.923 gfx: paging submit, 996 dwords from private buffer at 0x0, seq 1064
  1776      9.923 gfx: paging submit, 996 dwords from private buffer at 0x0, seq 1065
  1777      9.923 gfx: paging submit, 996 dwords from private buffer at 0x0, seq 1066
  1778      9.923 gfx: paging submit, 996 dwords from private buffer at 0x0, seq 1067
  1779      9.923 gfx: paging submit, 996 dwords from private buffer at 0x0, seq 1068
  1780      9.923 gfx: paging submit, 996 dwords from private buffer at 0x0, seq 1069
  1781      9.923 gfx: paging submit, 996 dwords from private buffer at 0x0, seq 1070
  1782      9.923 gfx: paging submit, 996 dwords from private buffer at 0x0, seq 1071
  1783      9.925 gfx: paging submit, 996 dwords from private buffer at 0x0, seq 1072
  1784      9.925 gfx: paging submit, 996 dwords from private buffer at 0x0, seq 1073
  1785      9.925 gfx: paging submit, 996 dwords from private buffer at 0x0, seq 1074
  1786      9.925 gfx: paging submit, 996 dwords from private buffer at 0x0, seq 1075
  1787      9.925 gfx: paging submit, 996 dwords from private buffer at 0x0, seq 1076
  1788      9.925 gfx: paging submit, 996 dwords from private buffer at 0x0, seq 1077
  1789      9.925 gfx: paging submit, 996 dwords from private buffer at 0x0, seq 1078
  1790      9.927 gfx: paging submit, 996 dwords from private buffer at 0x0, seq 1079
  1791      9.927 gfx: paging submit, 996 dwords from private buffer at 0x0, seq 1080
  1792      9.927 gfx: paging submit, 996 dwords from private buffer at 0x0, seq 1081
  1793      9.927 gfx: paging submit, 996 dwords from private buffer at 0x0, seq 1082
  1794      9.927 gfx: paging submit, 996 dwords from private buffer at 0x0, seq 1083
  1795      9.927 gfx: paging submit, 996 dwords from private buffer at 0x0, seq 1084
  1796      9.927 gfx: paging submit, 996 dwords from private buffer at 0x0, seq 1085
  1797      9.927 gfx: paging submit, 996 dwords from private buffer at 0x0, seq 1086
  1798      9.929 gfx: paging submit, 996 dwords from private buffer at 0x0, seq 1087
  1799      9.929 gfx: paging submit, 996 dwords from private buffer at 0x0, seq 1088
  1800      9.929 gfx: paging submit, 996 dwords from private buffer at 0x0, seq 1089
  1801      9.929 gfx: paging submit, 996 dwords from private buffer at 0x0, seq 1090
  1802      9.929 gfx: paging submit, 996 dwords from private buffer at 0x0, seq 1091
  1803      9.929 gfx: paging submit, 996 dwords from private buffer at 0x0, seq 1092
  1804      9.929 gfx: paging submit, 996 dwords from private buffer at 0x0, seq 1093
  1805      9.931 gfx: paging submit, 996 dwords from private buffer at 0x0, seq 1094
  1806      9.931 gfx: paging submit, 996 dwords from private buffer at 0x0, seq 1095
  1807      9.931 gfx: paging submit, 996 dwords from private buffer at 0x0, seq 1096
  1808      9.931 gfx: paging submit, 996 dwords from private buffer at 0x0, seq 1097
  1809      9.931 gfx: paging submit, 996 dwords from private buffer at 0x0, seq 1098
  1810      9.931 gfx: paging submit, 996 dwords from private buffer at 0x0, seq 1099
  1811      9.931 gfx: paging submit, 996 dwords from private buffer at 0x0, seq 1100
  1812      9.931 gfx: paging submit, 996 dwords from private buffer at 0x0, seq 1101
  1813      9.933 gfx: paging submit, 996 dwords from private buffer at 0x0, seq 1102
  1814      9.933 gfx: paging submit, 996 dwords from private buffer at 0x0, seq 1103
  1815      9.933 gfx: paging submit, 996 dwords from private buffer at 0x0, seq 1104
  1816      9.933 gfx: paging submit, 996 dwords from private buffer at 0x0, seq 1105
  1817      9.933 gfx: paging submit, 996 dwords from private buffer at 0x0, seq 1106
  1818      9.933 gfx: paging submit, 996 dwords from private buffer at 0x0, seq 1107
  1819      9.933 gfx: paging submit, 996 dwords from private buffer at 0x0, seq 1108
  1820      9.935 gfx: paging submit, 996 dwords from private buffer at 0x0, seq 1109
  1821      9.935 gfx: paging submit, 996 dwords from private buffer at 0x0, seq 1110
  1822      9.935 gfx: paging submit, 996 dwords from private buffer at 0x0, seq 1111
  1823      9.935 gfx: paging submit, 996 dwords from private buffer at 0x0, seq 1112
  1824      9.935 gfx: paging submit, 996 dwords from private buffer at 0x0, seq 1113
  1825      9.935 gfx: paging submit, 996 dwords from private buffer at 0x0, seq 1114
  1826      9.935 gfx: paging submit, 996 dwords from private buffer at 0x0, seq 1115
  1827      9.935 gfx: paging submit, 996 dwords from private buffer at 0x0, seq 1116
  1828      9.937 gfx: paging submit, 996 dwords from private buffer at 0x0, seq 1117
  1829      9.937 gfx: paging submit, 996 dwords from private buffer at 0x0, seq 1118
  1830      9.937 gfx: paging submit, 996 dwords from private buffer at 0x0, seq 1119
  1831      9.937 gfx: paging submit, 996 dwords from private buffer at 0x0, seq 1120
  1832      9.937 gfx: paging submit, 996 dwords from private buffer at 0x0, seq 1121
  1833      9.937 gfx: paging submit, 996 dwords from private buffer at 0x0, seq 1122
  1834      9.937 gfx: paging submit, 996 dwords from private buffer at 0x0, seq 1123
  1835      9.939 gfx: paging submit, 996 dwords from private buffer at 0x0, seq 1124
  1836      9.939 gfx: paging submit, 996 dwords from private buffer at 0x0, seq 1125
  1837      9.939 gfx: paging submit, 996 dwords from private buffer at 0x0, seq 1126
  1838      9.939 gfx: paging submit, 996 dwords from private buffer at 0x0, seq 1127
  1839      9.939 gfx: paging submit, 996 dwords from private buffer at 0x0, seq 1128
  1840      9.939 gfx: paging submit, 996 dwords from private buffer at 0x0, seq 1129
  1841      9.939 gfx: paging submit, 996 dwords from private buffer at 0x0, seq 1130
  1842      9.939 gfx: paging submit, 996 dwords from private buffer at 0x0, seq 1131
  1843      9.941 gfx: paging submit, 996 dwords from private buffer at 0x0, seq 1132
  1844      9.941 gfx: paging submit, 996 dwords from private buffer at 0x0, seq 1133
  1845      9.941 gfx: paging submit, 996 dwords from private buffer at 0x0, seq 1134
  1846      9.941 gfx: paging submit, 996 dwords from private buffer at 0x0, seq 1135
  1847      9.941 gfx: paging submit, 996 dwords from private buffer at 0x0, seq 1136
  1848      9.941 gfx: paging submit, 996 dwords from private buffer at 0x0, seq 1137
  1849      9.941 gfx: paging submit, 996 dwords from private buffer at 0x0, seq 1138
  1850      9.943 gfx: paging submit, 996 dwords from private buffer at 0x0, seq 1139
  1851      9.943 gfx: paging submit, 996 dwords from private buffer at 0x0, seq 1140
  1852      9.943 gfx: paging submit, 996 dwords from private buffer at 0x0, seq 1141
  1853      9.943 gfx: paging submit, 996 dwords from private buffer at 0x0, seq 1142
  1854      9.943 gfx: paging submit, 996 dwords from private buffer at 0x0, seq 1143
  1855      9.943 gfx: paging submit, 996 dwords from private buffer at 0x0, seq 1144
  1856      9.943 gfx: paging submit, 996 dwords from private buffer at 0x0, seq 1145
  1857      9.943 gfx: paging submit, 996 dwords from private buffer at 0x0, seq 1146
  1858      9.945 gfx: paging submit, 996 dwords from private buffer at 0x0, seq 1147
  1859      9.945 gfx: paging submit, 996 dwords from private buffer at 0x0, seq 1148
  1860      9.945 gfx: paging submit, 996 dwords from private buffer at 0x0, seq 1149
  1861      9.945 gfx: paging submit, 996 dwords from private buffer at 0x0, seq 1150
  1862      9.945 gfx: paging submit, 996 dwords from private buffer at 0x0, seq 1151
  1863      9.945 gfx: paging submit, 996 dwords from private buffer at 0x0, seq 1152
  1864      9.945 gfx: paging submit, 996 dwords from private buffer at 0x0, seq 1153
  1865      9.947 gfx: paging submit, 996 dwords from private buffer at 0x0, seq 1154
  1866      9.947 gfx: paging submit, 996 dwords from private buffer at 0x0, seq 1155
  1867      9.947 gfx: paging submit, 996 dwords from private buffer at 0x0, seq 1156
  1868      9.947 gfx: paging submit, 996 dwords from private buffer at 0x0, seq 1157
  1869      9.947 gfx: paging submit, 996 dwords from private buffer at 0x0, seq 1158
  1870      9.947 gfx: paging submit, 996 dwords from private buffer at 0x0, seq 1159
  1871      9.947 gfx: paging submit, 996 dwords from private buffer at 0x0, seq 1160
  1872      9.947 gfx: paging submit, 996 dwords from private buffer at 0x0, seq 1161
  1873      9.949 gfx: paging submit, 996 dwords from private buffer at 0x0, seq 1162
  1874      9.949 gfx: paging submit, 996 dwords from private buffer at 0x0, seq 1163
  1875      9.949 gfx: paging submit, 996 dwords from private buffer at 0x0, seq 1164
  1876      9.949 gfx: paging submit, 996 dwords from private buffer at 0x0, seq 1165
  1877      9.949 gfx: paging submit, 996 dwords from private buffer at 0x0, seq 1166
  1878      9.949 gfx: paging submit, 996 dwords from private buffer at 0x0, seq 1167
  1879      9.949 gfx: paging submit, 996 dwords from private buffer at 0x0, seq 1168
  1880      9.951 gfx: paging submit, 996 dwords from private buffer at 0x0, seq 1169
  1881      9.951 gfx: paging submit, 913 dwords from private buffer at 0x0, seq 1170
  1882      9.953 gfx: paging submit, 105 dwords from private buffer at 0xE44, seq 1171
  1883      9.953 gfx: paging submit, 974 dwords from private buffer at 0x0, seq 1172
  1884      9.953 gfx: paging submit, 1004 dwords from private buffer at 0x0, seq 1173
  1885      9.953 gfx: paging submit, 1004 dwords from private buffer at 0x0, seq 1174
  1886      9.953 gfx: paging submit, 1004 dwords from private buffer at 0x0, seq 1175
  1887      9.953 gfx: paging submit, 1005 dwords from private buffer at 0x0, seq 1176
  1888      9.953 gfx: paging submit, 1016 dwords from private buffer at 0x0, seq 1177
  1889      9.955 gfx: paging submit, 1004 dwords from private buffer at 0x0, seq 1178
  1890      9.955 gfx: paging submit, 1004 dwords from private buffer at 0x0, seq 1179
  1891      9.955 gfx: paging submit, 1004 dwords from private buffer at 0x0, seq 1180
  1892      9.955 gfx: paging submit, 275 dwords from private buffer at 0x0, seq 1181
  1893      9.955 gfx: paging submit, 15 dwords from private buffer at 0x44C, seq 1182
  1894      9.975 gfx: paging submit, 720 dwords from private buffer at 0x488, seq 1183
  1895      9.975 gfx: paging submit, 1004 dwords from private buffer at 0x0, seq 1184
  1896      9.975 gfx: paging submit, 1004 dwords from private buffer at 0x0, seq 1185
  1897      9.977 gfx: paging submit, 1004 dwords from private buffer at 0x0, seq 1186
  1898      9.977 gfx: paging submit, 1006 dwords from private buffer at 0x0, seq 1187
  1899      9.977 gfx: paging submit, 1016 dwords from private buffer at 0x0, seq 1188
  1900      9.977 gfx: paging submit, 1004 dwords from private buffer at 0x0, seq 1189
  1901      9.977 gfx: paging submit, 1004 dwords from private buffer at 0x0, seq 1190
  1902      9.977 gfx: paging submit, 1004 dwords from private buffer at 0x0, seq 1191
  1903      9.981 amdgpu[2]: ring alloc of 96 dwords exceeds max_dw 0

  1904      9.981 wddm: capture reserved token 0x80000004 bytes 9216000 pages 2250 identities 4500 linear 0
  1905      9.981 gfx: paging submit, 930 dwords from private buffer at 0x0, seq 1192
  1906      9.981 gfx: paging submit, 996 dwords from private buffer at 0x0, seq 1193
  1907      9.981 gfx: paging submit, 996 dwords from private buffer at 0x0, seq 1194
  1908      9.981 gfx: paging submit, 996 dwords from private buffer at 0x0, seq 1195
  1909      9.983 gfx: paging submit, 996 dwords from private buffer at 0x0, seq 1196
  1910      9.983 gfx: paging submit, 996 dwords from private buffer at 0x0, seq 1197
  1911      9.983 gfx: paging submit, 996 dwords from private buffer at 0x0, seq 1198
  1912      9.983 gfx: paging submit, 996 dwords from private buffer at 0x0, seq 1199
  1913      9.983 gfx: paging submit, 996 dwords from private buffer at 0x0, seq 1200
  1914      9.983 gfx: paging submit, 996 dwords from private buffer at 0x0, seq 1201
  1915      9.983 gfx: paging submit, 996 dwords from private buffer at 0x0, seq 1202
  1916      9.983 gfx: paging submit, 996 dwords from private buffer at 0x0, seq 1203
  1917      9.985 gfx: paging submit, 996 dwords from private buffer at 0x0, seq 1204
  1918      9.985 gfx: paging submit, 996 dwords from private buffer at 0x0, seq 1205
  1919      9.985 gfx: paging submit, 996 dwords from private buffer at 0x0, seq 1206
  1920      9.985 gfx: paging submit, 996 dwords from private buffer at 0x0, seq 1207
  1921      9.985 gfx: paging submit, 996 dwords from private buffer at 0x0, seq 1208
  1922      9.985 gfx: paging submit, 996 dwords from private buffer at 0x0, seq 1209
  1923      9.985 gfx: paging submit, 996 dwords from private buffer at 0x0, seq 1210
  1924      9.987 gfx: paging submit, 996 dwords from private buffer at 0x0, seq 1211
  1925      9.987 gfx: paging submit, 996 dwords from private buffer at 0x0, seq 1212
  1926      9.987 gfx: paging submit, 996 dwords from private buffer at 0x0, seq 1213
  1927      9.987 gfx: paging submit, 996 dwords from private buffer at 0x0, seq 1214
  1928      9.987 gfx: paging submit, 996 dwords from private buffer at 0x0, seq 1215
  1929      9.987 gfx: paging submit, 996 dwords from private buffer at 0x0, seq 1216
  1930      9.987 gfx: paging submit, 996 dwords from private buffer at 0x0, seq 1217
  1931      9.987 gfx: paging submit, 996 dwords from private buffer at 0x0, seq 1218
  1932      9.989 gfx: paging submit, 996 dwords from private buffer at 0x0, seq 1219
  1933      9.989 gfx: paging submit, 996 dwords from private buffer at 0x0, seq 1220
  1934      9.989 gfx: paging submit, 996 dwords from private buffer at 0x0, seq 1221
  1935      9.989 gfx: paging submit, 996 dwords from private buffer at 0x0, seq 1222
  1936      9.989 gfx: paging submit, 996 dwords from private buffer at 0x0, seq 1223
  1937      9.989 gfx: paging submit, 996 dwords from private buffer at 0x0, seq 1224
  1938      9.989 gfx: paging submit, 996 dwords from private buffer at 0x0, seq 1225
  1939      9.991 gfx: paging submit, 996 dwords from private buffer at 0x0, seq 1226
  1940      9.991 gfx: paging submit, 996 dwords from private buffer at 0x0, seq 1227
  1941      9.991 gfx: paging submit, 996 dwords from private buffer at 0x0, seq 1228
  1942      9.991 gfx: paging submit, 996 dwords from private buffer at 0x0, seq 1229
  1943      9.991 gfx: paging submit, 996 dwords from private buffer at 0x0, seq 1230
  1944      9.991 gfx: paging submit, 996 dwords from private buffer at 0x0, seq 1231
  1945      9.991 gfx: paging submit, 996 dwords from private buffer at 0x0, seq 1232
  1946      9.993 gfx: paging submit, 996 dwords from private buffer at 0x0, seq 1233
  1947      9.993 gfx: paging submit, 996 dwords from private buffer at 0x0, seq 1234
  1948      9.993 gfx: paging submit, 996 dwords from private buffer at 0x0, seq 1235
  1949      9.993 gfx: paging submit, 996 dwords from private buffer at 0x0, seq 1236
  1950      9.993 gfx: paging submit, 996 dwords from private buffer at 0x0, seq 1237
  1951      9.993 gfx: paging submit, 996 dwords from private buffer at 0x0, seq 1238
  1952      9.993 gfx: paging submit, 996 dwords from private buffer at 0x0, seq 1239
  1953      9.993 gfx: paging submit, 996 dwords from private buffer at 0x0, seq 1240
  1954      9.995 gfx: paging submit, 996 dwords from private buffer at 0x0, seq 1241
  1955      9.995 gfx: paging submit, 996 dwords from private buffer at 0x0, seq 1242
  1956      9.995 gfx: paging submit, 996 dwords from private buffer at 0x0, seq 1243
  1957      9.995 gfx: paging submit, 996 dwords from private buffer at 0x0, seq 1244
  1958      9.995 gfx: paging submit, 996 dwords from private buffer at 0x0, seq 1245
  1959      9.995 gfx: paging submit, 996 dwords from private buffer at 0x0, seq 1246
  1960      9.995 gfx: paging submit, 996 dwords from private buffer at 0x0, seq 1247
  1961      9.997 gfx: paging submit, 996 dwords from private buffer at 0x0, seq 1248
  1962      9.997 gfx: paging submit, 996 dwords from private buffer at 0x0, seq 1249
  1963      9.997 gfx: paging submit, 996 dwords from private buffer at 0x0, seq 1250
  1964      9.997 gfx: paging submit, 996 dwords from private buffer at 0x0, seq 1251
  1965      9.997 gfx: paging submit, 996 dwords from private buffer at 0x0, seq 1252
  1966      9.997 gfx: paging submit, 996 dwords from private buffer at 0x0, seq 1253
  1967      9.997 gfx: paging submit, 996 dwords from private buffer at 0x0, seq 1254
  1968      9.997 gfx: paging submit, 996 dwords from private buffer at 0x0, seq 1255
  1969      9.999 gfx: paging submit, 996 dwords from private buffer at 0x0, seq 1256
  1970      9.999 gfx: paging submit, 996 dwords from private buffer at 0x0, seq 1257
  1971      9.999 gfx: paging submit, 996 dwords from private buffer at 0x0, seq 1258
  1972      9.999 gfx: paging submit, 996 dwords from private buffer at 0x0, seq 1259
  1973      9.999 gfx: paging submit, 996 dwords from private buffer at 0x0, seq 1260
  1974      9.999 gfx: paging submit, 996 dwords from private buffer at 0x0, seq 1261
  1975      9.999 gfx: paging submit, 996 dwords from private buffer at 0x0, seq 1262
  1976     10.001 gfx: paging submit, 996 dwords from private buffer at 0x0, seq 1263
  1977     10.001 gfx: paging submit, 996 dwords from private buffer at 0x0, seq 1264
  1978     10.001 gfx: paging submit, 996 dwords from private buffer at 0x0, seq 1265
  1979     10.001 gfx: paging submit, 996 dwords from private buffer at 0x0, seq 1266
  1980     10.001 gfx: paging submit, 996 dwords from private buffer at 0x0, seq 1267
  1981     10.001 gfx: paging submit, 996 dwords from private buffer at 0x0, seq 1268
  1982     10.001 gfx: paging submit, 996 dwords from private buffer at 0x0, seq 1269
  1983     10.003 gfx: paging submit, 996 dwords from private buffer at 0x0, seq 1270
  1984     10.003 gfx: paging submit, 996 dwords from private buffer at 0x0, seq 1271
  1985     10.003 gfx: paging submit, 996 dwords from private buffer at 0x0, seq 1272
  1986     10.003 gfx: paging submit, 996 dwords from private buffer at 0x0, seq 1273
  1987     10.003 gfx: paging submit, 996 dwords from private buffer at 0x0, seq 1274
  1988     10.003 gfx: paging submit, 996 dwords from private buffer at 0x0, seq 1275
  1989     10.003 gfx: paging submit, 996 dwords from private buffer at 0x0, seq 1276
  1990     10.003 gfx: paging submit, 996 dwords from private buffer at 0x0, seq 1277
  1991     10.005 gfx: paging submit, 996 dwords from private buffer at 0x0, seq 1278
  1992     10.005 gfx: paging submit, 996 dwords from private buffer at 0x0, seq 1279
  1993     10.005 gfx: paging submit, 996 dwords from private buffer at 0x0, seq 1280
  1994     10.005 gfx: paging submit, 996 dwords from private buffer at 0x0, seq 1281
  1995     10.005 gfx: paging submit, 996 dwords from private buffer at 0x0, seq 1282
  1996     10.005 gfx: paging submit, 996 dwords from private buffer at 0x0, seq 1283
  1997     10.005 gfx: paging submit, 996 dwords from private buffer at 0x0, seq 1284
  1998     10.007 gfx: paging submit, 996 dwords from private buffer at 0x0, seq 1285
  1999     10.007 gfx: paging submit, 996 dwords from private buffer at 0x0, seq 1286
  2000     10.007 gfx: paging submit, 996 dwords from private buffer at 0x0, seq 1287
  2001     10.007 gfx: paging submit, 996 dwords from private buffer at 0x0, seq 1288
  2002     10.007 gfx: paging submit, 996 dwords from private buffer at 0x0, seq 1289
  2003     10.007 gfx: paging submit, 996 dwords from private buffer at 0x0, seq 1290
  2004     10.007 gfx: paging submit, 996 dwords from private buffer at 0x0, seq 1291
  2005     10.007 gfx: paging submit, 996 dwords from private buffer at 0x0, seq 1292
  2006     10.009 gfx: paging submit, 996 dwords from private buffer at 0x0, seq 1293
  2007     10.009 gfx: paging submit, 996 dwords from private buffer at 0x0, seq 1294
  2008     10.009 gfx: paging submit, 996 dwords from private buffer at 0x0, seq 1295
  2009     10.009 gfx: paging submit, 996 dwords from private buffer at 0x0, seq 1296
  2010     10.009 gfx: paging submit, 996 dwords from private buffer at 0x0, seq 1297
  2011     10.009 gfx: paging submit, 996 dwords from private buffer at 0x0, seq 1298
  2012     10.009 gfx: paging submit, 996 dwords from private buffer at 0x0, seq 1299
  2013     10.011 gfx: paging submit, 996 dwords from private buffer at 0x0, seq 1300
  2014     10.011 gfx: paging submit, 996 dwords from private buffer at 0x0, seq 1301
  2015     10.011 gfx: paging submit, 996 dwords from private buffer at 0x0, seq 1302
  2016     10.011 gfx: paging submit, 996 dwords from private buffer at 0x0, seq 1303
  2017     10.011 gfx: paging submit, 996 dwords from private buffer at 0x0, seq 1304
  2018     10.011 gfx: paging submit, 996 dwords from private buffer at 0x0, seq 1305
  2019     10.011 gfx: paging submit, 996 dwords from private buffer at 0x0, seq 1306
  2020     10.011 gfx: paging submit, 996 dwords from private buffer at 0x0, seq 1307
  2021     10.013 gfx: paging submit, 996 dwords from private buffer at 0x0, seq 1308
  2022     10.013 gfx: paging submit, 996 dwords from private buffer at 0x0, seq 1309
  2023     10.013 gfx: paging submit, 996 dwords from private buffer at 0x0, seq 1310
  2024     10.013 gfx: paging submit, 996 dwords from private buffer at 0x0, seq 1311
  2025     10.013 gfx: paging submit, 996 dwords from private buffer at 0x0, seq 1312
  2026     10.013 gfx: paging submit, 996 dwords from private buffer at 0x0, seq 1313
  2027     10.013 gfx: paging submit, 996 dwords from private buffer at 0x0, seq 1314
  2028     10.015 gfx: paging submit, 996 dwords from private buffer at 0x0, seq 1315
  2029     10.015 gfx: paging submit, 996 dwords from private buffer at 0x0, seq 1316
  2030     10.015 gfx: paging submit, 996 dwords from private buffer at 0x0, seq 1317
  2031     10.015 gfx: paging submit, 996 dwords from private buffer at 0x0, seq 1318
  2032     10.015 gfx: paging submit, 996 dwords from private buffer at 0x0, seq 1319
  2033     10.015 gfx: paging submit, 996 dwords from private buffer at 0x0, seq 1320
  2034     10.015 gfx: paging submit, 996 dwords from private buffer at 0x0, seq 1321
  2035     10.015 gfx: paging submit, 996 dwords from private buffer at 0x0, seq 1322
  2036     10.017 gfx: paging submit, 996 dwords from private buffer at 0x0, seq 1323
  2037     10.017 gfx: paging submit, 996 dwords from private buffer at 0x0, seq 1324
  2038     10.017 gfx: paging submit, 996 dwords from private buffer at 0x0, seq 1325
  2039     10.017 gfx: paging submit, 996 dwords from private buffer at 0x0, seq 1326
  2040     10.017 gfx: paging submit, 996 dwords from private buffer at 0x0, seq 1327
  2041     10.017 gfx: paging submit, 996 dwords from private buffer at 0x0, seq 1328
  2042     10.017 gfx: paging submit, 996 dwords from private buffer at 0x0, seq 1329
  2043     10.019 gfx: paging submit, 996 dwords from private buffer at 0x0, seq 1330
  2044     10.019 gfx: paging submit, 996 dwords from private buffer at 0x0, seq 1331
  2045     10.019 gfx: paging submit, 996 dwords from private buffer at 0x0, seq 1332
  2046     10.019 gfx: paging submit, 996 dwords from private buffer at 0x0, seq 1333
  2047     10.019 gfx: paging submit, 996 dwords from private buffer at 0x0, seq 1334
  2048     10.019 gfx: paging submit, 996 dwords from private buffer at 0x0, seq 1335
  2049     10.019 gfx: paging submit, 996 dwords from private buffer at 0x0, seq 1336
  2050     10.021 gfx: paging submit, 996 dwords from private buffer at 0x0, seq 1337
  2051     10.021 gfx: paging submit, 996 dwords from private buffer at 0x0, seq 1338
  2052     10.021 gfx: paging submit, 996 dwords from private buffer at 0x0, seq 1339
  2053     10.021 gfx: paging submit, 996 dwords from private buffer at 0x0, seq 1340
  2054     10.021 gfx: paging submit, 996 dwords from private buffer at 0x0, seq 1341
  2055     10.021 gfx: paging submit, 996 dwords from private buffer at 0x0, seq 1342
  2056     10.021 gfx: paging submit, 996 dwords from private buffer at 0x0, seq 1343
  2057     10.021 gfx: paging submit, 996 dwords from private buffer at 0x0, seq 1344
  2058     10.023 gfx: paging submit, 996 dwords from private buffer at 0x0, seq 1345
  2059     10.023 gfx: paging submit, 996 dwords from private buffer at 0x0, seq 1346
  2060     10.023 gfx: paging submit, 996 dwords from private buffer at 0x0, seq 1347
  2061     10.023 gfx: paging submit, 996 dwords from private buffer at 0x0, seq 1348
  2062     10.023 gfx: paging submit, 996 dwords from private buffer at 0x0, seq 1349
  2063     10.023 gfx: paging submit, 996 dwords from private buffer at 0x0, seq 1350
  2064     10.023 gfx: paging submit, 996 dwords from private buffer at 0x0, seq 1351
  2065     10.025 gfx: paging submit, 996 dwords from private buffer at 0x0, seq 1352
  2066     10.025 gfx: paging submit, 996 dwords from private buffer at 0x0, seq 1353
  2067     10.025 gfx: paging submit, 996 dwords from private buffer at 0x0, seq 1354
  2068     10.025 gfx: paging submit, 996 dwords from private buffer at 0x0, seq 1355
  2069     10.025 gfx: paging submit, 996 dwords from private buffer at 0x0, seq 1356
  2070     10.025 gfx: paging submit, 996 dwords from private buffer at 0x0, seq 1357
  2071     10.025 gfx: paging submit, 996 dwords from private buffer at 0x0, seq 1358
  2072     10.025 gfx: paging submit, 996 dwords from private buffer at 0x0, seq 1359
  2073     10.027 gfx: paging submit, 996 dwords from private buffer at 0x0, seq 1360
  2074     10.027 gfx: paging submit, 996 dwords from private buffer at 0x0, seq 1361
  2075     10.027 gfx: paging submit, 996 dwords from private buffer at 0x0, seq 1362
  2076     10.027 gfx: paging submit, 996 dwords from private buffer at 0x0, seq 1363
  2077     10.027 gfx: paging submit, 996 dwords from private buffer at 0x0, seq 1364
  2078     10.027 gfx: paging submit, 996 dwords from private buffer at 0x0, seq 1365
  2079     10.027 gfx: paging submit, 996 dwords from private buffer at 0x0, seq 1366
  2080     10.029 gfx: paging submit, 996 dwords from private buffer at 0x0, seq 1367
  2081     10.029 gfx: paging submit, 996 dwords from private buffer at 0x0, seq 1368
  2082     10.029 gfx: paging submit, 996 dwords from private buffer at 0x0, seq 1369
  2083     10.029 gfx: paging submit, 996 dwords from private buffer at 0x0, seq 1370
  2084     10.029 gfx: paging submit, 996 dwords from private buffer at 0x0, seq 1371
  2085     10.029 gfx: paging submit, 996 dwords from private buffer at 0x0, seq 1372
  2086     10.029 gfx: paging submit, 996 dwords from private buffer at 0x0, seq 1373
  2087     10.031 gfx: paging submit, 996 dwords from private buffer at 0x0, seq 1374
  2088     10.031 gfx: paging submit, 996 dwords from private buffer at 0x0, seq 1375
  2089     10.031 gfx: paging submit, 996 dwords from private buffer at 0x0, seq 1376
  2090     10.031 gfx: paging submit, 996 dwords from private buffer at 0x0, seq 1377
  2091     10.031 gfx: paging submit, 996 dwords from private buffer at 0x0, seq 1378
  2092     10.031 gfx: paging submit, 996 dwords from private buffer at 0x0, seq 1379
  2093     10.031 gfx: paging submit, 83 dwords from private buffer at 0x0, seq 1380
  2094     10.035 gfx: paging submit, 928 dwords from private buffer at 0x14C, seq 1381
  2095     10.035 gfx: paging submit, 1004 dwords from private buffer at 0x0, seq 1382
  2096     10.035 gfx: paging submit, 1004 dwords from private buffer at 0x0, seq 1383
  2097     10.035 gfx: paging submit, 1004 dwords from private buffer at 0x0, seq 1384
  2098     10.035 gfx: paging submit, 1005 dwords from private buffer at 0x0, seq 1385
  2099     10.035 gfx: paging submit, 1016 dwords from private buffer at 0x0, seq 1386
  2100     10.035 gfx: paging submit, 1004 dwords from private buffer at 0x0, seq 1387
  2101     10.035 gfx: paging submit, 1004 dwords from private buffer at 0x0, seq 1388
  2102     10.035 gfx: paging submit, 1004 dwords from private buffer at 0x0, seq 1389
  2103     10.035 gfx: paging submit, 323 dwords from private buffer at 0x0, seq 1390
  2104     10.035 gfx: paging submit, 50 dwords from private buffer at 0x50C, seq 1391
  2105     10.035 gfx: paging submit, 640 dwords from private buffer at 0x5D4, seq 1392
  2106     10.035 gfx: paging submit, 412 dwords from private buffer at 0x0, seq 1393
  2107     10.035 gfx: paging submit, 592 dwords from private buffer at 0x670, seq 1394
  2108     10.037 gfx: paging submit, 460 dwords from private buffer at 0x0, seq 1395
  2109     10.037 gfx: paging submit, 544 dwords from private buffer at 0x730, seq 1396
  2110     10.037 gfx: paging submit, 508 dwords from private buffer at 0x0, seq 1397
  2111     10.037 gfx: paging submit, 496 dwords from private buffer at 0x7F0, seq 1398
  2112     10.037 gfx: paging submit, 556 dwords from private buffer at 0x0, seq 1399
  2113     10.037 gfx: paging submit, 448 dwords from private buffer at 0x8B0, seq 1400
  2114     10.037 gfx: paging submit, 657 dwords from private buffer at 0x0, seq 1401
  2115     10.037 wddm: software vsync on, 16 ms period, target 2424833
  2116     10.041 gfx: paging submit, 350 dwords from private buffer at 0xA44, seq 1402
  2117     10.041 gfx: paging submit, 133 dwords from private buffer at 0x0, seq 1403
  2118     10.041 gfx: paging submit, 15 dwords from private buffer at 0x214, seq 1404
  2119     10.043 gfx: paging submit, 635 dwords from private buffer at 0x250, seq 1405
  2120     10.043 gfx: paging submit, 15 dwords from private buffer at 0xC3C, seq 1406
  2121     10.045 gfx: paging submit, 208 dwords from private buffer at 0xC78, seq 1407
  2122     10.045 gfx: paging submit, 845 dwords from private buffer at 0x0, seq 1408
  2123     10.045 gfx: paging submit, 15 dwords from private buffer at 0xD34, seq 1409
  2124     10.047 gfx: paging submit, 144 dwords from private buffer at 0xD70, seq 1410
  2125     10.049 gfx: paging submit, 1004 dwords from private buffer at 0x0, seq 1411
  2126     10.049 gfx: paging submit, 1004 dwords from private buffer at 0x0, seq 1412
  2127     10.049 gfx: paging submit, 974 dwords from private buffer at 0x0, seq 1413
  2128     10.049 gfx: paging submit, 1004 dwords from private buffer at 0x0, seq 1414
  2129     10.051 amdgpu[2]: ring alloc of 16 dwords exceeds max_dw 13

  2130     10.051 gfx: paging submit, 1005 dwords from private buffer at 0x0, seq 1415
  2131     10.051 amdgpu[2]: ring alloc of 16 dwords exceeds max_dw 13

  2132     10.051 gfx: paging submit, 1005 dwords from private buffer at 0x0, seq 1416
  2133     10.051 amdgpu[2]: ring alloc of 16 dwords exceeds max_dw 13

  2134     10.051 gfx: paging submit, 1005 dwords from private buffer at 0x0, seq 1417
  2135     10.051 amdgpu[2]: ring alloc of 16 dwords exceeds max_dw 13

  2136     10.051 gfx: paging submit, 1005 dwords from private buffer at 0x0, seq 1418
  2137     10.053 amdgpu[2]: ring alloc of 16 dwords exceeds max_dw 13

  2138     10.053 gfx: paging submit, 1005 dwords from private buffer at 0x0, seq 1419
  2139     10.053 amdgpu[2]: ring alloc of 16 dwords exceeds max_dw 13

  2140     10.053 gfx: paging submit, 1005 dwords from private buffer at 0x0, seq 1420
  2141     10.053 amdgpu[2]: ring alloc of 16 dwords exceeds max_dw 13

  2142     10.053 gfx: paging submit, 1005 dwords from private buffer at 0x0, seq 1421
  2143     10.053 amdgpu[2]: ring alloc of 16 dwords exceeds max_dw 13

  2144     10.053 gfx: paging submit, 1005 dwords from private buffer at 0x0, seq 1422
  2145     10.053 amdgpu[2]: ring alloc of 16 dwords exceeds max_dw 13

  2146     10.053 gfx: paging submit, 1005 dwords from private buffer at 0x0, seq 1423
  2147     10.055 amdgpu[2]: ring alloc of 16 dwords exceeds max_dw 13

  2148     10.055 gfx: paging submit, 1005 dwords from private buffer at 0x0, seq 1424
  2149     10.055 amdgpu[2]: ring alloc of 16 dwords exceeds max_dw 13

  2150     10.055 gfx: paging submit, 1005 dwords from private buffer at 0x0, seq 1425
  2151     10.057 gfx: paging submit, 720 dwords from private buffer at 0x0, seq 1426
  2152     10.057 gfx: paging submit, 288 dwords from private buffer at 0xB40, seq 1427
  2153     10.057 gfx: paging submit, 974 dwords from private buffer at 0x0, seq 1428
  2154     10.057 gfx: paging submit, 1006 dwords from private buffer at 0x0, seq 1429
  2155     10.057 gfx: paging submit, 1004 dwords from private buffer at 0x0, seq 1430
  2156     10.057 gfx: paging submit, 1004 dwords from private buffer at 0x0, seq 1431
  2157     10.059 gfx: paging submit, 653 dwords from private buffer at 0x0, seq 1432
  2158     10.059 gfx: paging submit, 396 dwords from private buffer at 0x0, seq 1433
  2159     10.059 gfx: paging submit, 608 dwords from private buffer at 0x630, seq 1434
  2160     10.059 gfx: paging submit, 444 dwords from private buffer at 0x0, seq 1435
  2161     10.059 gfx: paging submit, 560 dwords from private buffer at 0x6F0, seq 1436
  2162     10.059 gfx: paging submit, 492 dwords from private buffer at 0x0, seq 1437
  2163     10.059 gfx: paging submit, 512 dwords from private buffer at 0x7B0, seq 1438
  2164     10.061 gfx: paging submit, 540 dwords from private buffer at 0x0, seq 1439
  2165     10.061 gfx: paging submit, 474 dwords from private buffer at 0x870, seq 1440
  2166     10.061 gfx: paging submit, 629 dwords from private buffer at 0x0, seq 1441
  2167     10.067 gfx: paging submit, 384 dwords from private buffer at 0x9D4, seq 1442
  2168     10.067 gfx: paging submit, 1004 dwords from private buffer at 0x0, seq 1443
  2169     10.067 gfx: paging submit, 1004 dwords from private buffer at 0x0, seq 1444
  2170     10.069 gfx: paging submit, 1004 dwords from private buffer at 0x0, seq 1445
  2171     10.069 gfx: paging submit, 1004 dwords from private buffer at 0x0, seq 1446
  2172     10.069 amdgpu[2]: ring alloc of 16 dwords exceeds max_dw 13

  2173     10.069 gfx: paging submit, 1005 dwords from private buffer at 0x0, seq 1447
  2174     10.069 amdgpu[2]: ring alloc of 16 dwords exceeds max_dw 13

  2175     10.069 gfx: paging submit, 1005 dwords from private buffer at 0x0, seq 1448
  2176     10.069 amdgpu[2]: ring alloc of 16 dwords exceeds max_dw 13

  2177     10.069 gfx: paging submit, 1005 dwords from private buffer at 0x0, seq 1449
  2178     10.069 amdgpu[2]: ring alloc of 16 dwords exceeds max_dw 13

  2179     10.069 gfx: paging submit, 1005 dwords from private buffer at 0x0, seq 1450
  2180     10.069 amdgpu[2]: ring alloc of 16 dwords exceeds max_dw 13

  2181     10.071 gfx: paging submit, 1005 dwords from private buffer at 0x0, seq 1451
  2182     10.071 amdgpu[2]: ring alloc of 16 dwords exceeds max_dw 13

  2183     10.071 gfx: paging submit, 1005 dwords from private buffer at 0x0, seq 1452
  2184     10.071 amdgpu[2]: ring alloc of 16 dwords exceeds max_dw 13

  2185     10.071 gfx: paging submit, 1005 dwords from private buffer at 0x0, seq 1453
  2186     10.071 amdgpu[2]: ring alloc of 16 dwords exceeds max_dw 13

  2187     10.071 gfx: paging submit, 1005 dwords from private buffer at 0x0, seq 1454
  2188     10.071 amdgpu[2]: ring alloc of 16 dwords exceeds max_dw 13

  2189     10.071 gfx: paging submit, 1005 dwords from private buffer at 0x0, seq 1455
  2190     10.071 amdgpu[2]: ring alloc of 16 dwords exceeds max_dw 13

  2191     10.071 gfx: paging submit, 1005 dwords from private buffer at 0x0, seq 1456
  2192     10.073 amdgpu[2]: ring alloc of 16 dwords exceeds max_dw 13

  2193     10.073 gfx: paging submit, 1005 dwords from private buffer at 0x0, seq 1457
  2194     10.073 gfx: paging submit, 450 dwords from private buffer at 0x0, seq 1458
  2195     10.073 gfx: paging submit, 558 dwords from private buffer at 0x708, seq 1459
  2196     10.073 gfx: paging submit, 1004 dwords from private buffer at 0x0, seq 1460
  2197     10.073 gfx: paging submit, 1004 dwords from private buffer at 0x0, seq 1461
  2198     10.075 gfx: paging submit, 1004 dwords from private buffer at 0x0, seq 1462
  2199     10.075 gfx: paging submit, 1004 dwords from private buffer at 0x0, seq 1463
  2200     10.075 gfx: paging submit, 319 dwords from private buffer at 0x0, seq 1464
  2201     10.075 gfx: paging submit, 688 dwords from private buffer at 0x4FC, seq 1465
  2202     10.075 gfx: paging submit, 364 dwords from private buffer at 0x0, seq 1466
  2203     10.075 gfx: paging submit, 640 dwords from private buffer at 0x5B0, seq 1467
  2204     10.075 gfx: paging submit, 412 dwords from private buffer at 0x0, seq 1468
  2205     10.075 gfx: paging submit, 592 dwords from private buffer at 0x670, seq 1469
  2206     10.075 gfx: paging submit, 460 dwords from private buffer at 0x0, seq 1470
  2207     10.075 gfx: paging submit, 544 dwords from private buffer at 0x730, seq 1471
  2208     10.075 gfx: paging submit, 508 dwords from private buffer at 0x0, seq 1472
  2209     10.075 gfx: paging submit, 496 dwords from private buffer at 0x7F0, seq 1473
  2210     10.075 gfx: paging submit, 609 dwords from private buffer at 0x0, seq 1474
  2211     10.088 wddm: Present flags 0x0000000C source 0 dest 0, 1 sub-rectangles, 0 DMA bytes free
  2212     10.088 wddm: Present list FFFF8005BE108E40 (context list 256), private 0000000000000000/0, driver data 0
  2213     10.088 wddm: Present list q0-3  0000000000000000 0000000000000000 0000000000000000 0000000000000000
  2214     10.088 wddm: Present list q4-7  FFFFAE085C3A4470 0000000002AB8000 FFFFFFFFFFFFFFFF 000000000000FFFF
  2215     10.088 wddm: Present list q8-11 0000000000000000 0000000000000000 0000000000000000 0000000000000000
  2216     10.088 wddm: Present dst (0,0)-(0,0) src (0,0)-(0,0) va 0x0
  2217     10.090 wddm: CreateProcess flags 0x00000000 pasids 1
  2218     10.092 wddm: CreateContext node 0 engine 0x1 flags 0x00000004 private 0
  2219     10.092 wddm: CreateContext answered dma 4096 bytes segment set 0x2, lists 256/0, caps 0x00000001
  2220     10.150 wddm: DestroyContext
  2221     10.150 wddm: DestroyDevice
  2222     10.150 wddm: DestroyProcess
  2223     14.311 wddm: CreateProcess flags 0x00000000 pasids 1
  2224     14.377 wddm: DestroyContext
  2225     14.377 wddm: DestroyDevice
  2226     14.377 wddm: DestroyProcess
  2227     14.579 wddm: DestroyContext
  2228     14.579 wddm: DestroyDevice
  2229     14.579 wddm: DestroyProcess
  2230     20.562 fbdump: hubp 0 rows 0..63 of 1200, pitch 7680, address 0x270000000
  2231     20.582 fbdump: hubp 0 rows 64..127 of 1200, pitch 7680, address 0x270078000
  2232     20.603 fbdump: hubp 0 rows 128..191 of 1200, pitch 7680, address 0x2700F0000
  2233     20.623 fbdump: hubp 0 rows 192..255 of 1200, pitch 7680, address 0x270168000
  2234     20.641 fbdump: hubp 0 rows 256..319 of 1200, pitch 7680, address 0x2701E0000
  2235     20.661 fbdump: hubp 0 rows 320..383 of 1200, pitch 7680, address 0x270258000
  2236     20.681 fbdump: hubp 0 rows 384..447 of 1200, pitch 7680, address 0x2702D0000
  2237     20.703 fbdump: hubp 0 rows 448..511 of 1200, pitch 7680, address 0x270348000
  2238     20.723 fbdump: hubp 0 rows 512..575 of 1200, pitch 7680, address 0x2703C0000
  2239     20.745 fbdump: hubp 0 rows 576..639 of 1200, pitch 7680, address 0x270438000
  2240     20.765 fbdump: hubp 0 rows 640..703 of 1200, pitch 7680, address 0x2704B0000
  2241     20.787 fbdump: hubp 0 rows 704..767 of 1200, pitch 7680, address 0x270528000
  2242     20.807 fbdump: hubp 0 rows 768..831 of 1200, pitch 7680, address 0x2705A0000
  2243     20.825 fbdump: hubp 0 rows 832..895 of 1200, pitch 7680, address 0x270618000
  2244     20.845 fbdump: hubp 0 rows 896..959 of 1200, pitch 7680, address 0x270690000
  2245     20.865 fbdump: hubp 0 rows 960..1023 of 1200, pitch 7680, address 0x270708000
  2246     20.885 fbdump: hubp 0 rows 1024..1087 of 1200, pitch 7680, address 0x270780000
  2247     20.905 fbdump: hubp 0 rows 1088..1151 of 1200, pitch 7680, address 0x2707F8000
  2248     20.921 fbdump: hubp 0 rows 1152..1199 of 1200, pitch 7680, address 0x270870000
  2249     41.022 fbdump: hubp 0 rows 0..63 of 1200, pitch 7680, address 0x270000000
  2250     41.040 fbdump: hubp 0 rows 64..127 of 1200, pitch 7680, address 0x270078000
  2251     41.060 fbdump: hubp 0 rows 128..191 of 1200, pitch 7680, address 0x2700F0000
  2252     41.080 fbdump: hubp 0 rows 192..255 of 1200, pitch 7680, address 0x270168000
  2253     41.100 fbdump: hubp 0 rows 256..319 of 1200, pitch 7680, address 0x2701E0000
  2254     41.120 fbdump: hubp 0 rows 320..383 of 1200, pitch 7680, address 0x270258000
  2255     41.140 fbdump: hubp 0 rows 384..447 of 1200, pitch 7680, address 0x2702D0000
  2256     41.160 fbdump: hubp 0 rows 448..511 of 1200, pitch 7680, address 0x270348000
  2257     41.180 fbdump: hubp 0 rows 512..575 of 1200, pitch 7680, address 0x2703C0000
  2258     41.208 fbdump: hubp 0 rows 576..639 of 1200, pitch 7680, address 0x270438000
  2259     41.228 fbdump: hubp 0 rows 640..703 of 1200, pitch 7680, address 0x2704B0000
  2260     41.248 fbdump: hubp 0 rows 704..767 of 1200, pitch 7680, address 0x270528000
  2261     41.268 fbdump: hubp 0 rows 768..831 of 1200, pitch 7680, address 0x2705A0000
  2262     41.288 fbdump: hubp 0 rows 832..895 of 1200, pitch 7680, address 0x270618000
  2263     41.308 fbdump: hubp 0 rows 896..959 of 1200, pitch 7680, address 0x270690000
  2264     41.326 fbdump: hubp 0 rows 960..1023 of 1200, pitch 7680, address 0x270708000
  2265     41.346 fbdump: hubp 0 rows 1024..1087 of 1200, pitch 7680, address 0x270780000
  2266     41.366 fbdump: hubp 0 rows 1088..1151 of 1200, pitch 7680, address 0x2707F8000
  2267     41.382 fbdump: hubp 0 rows 1152..1199 of 1200, pitch 7680, address 0x270870000
  2268     41.462 wddm summary: ---- DDI calls: name, count, first log line ----
  2269     41.462 wddm summary: QueryAdapterInfo                   12  first at 234
  2270     41.462 wddm summary: GetNodeMetadata                     2  first at 242
  2271     41.462 wddm summary: CreateDevice                       13  first at 249
  2272     41.462 wddm summary: DestroyDevice                       6  first at 1188
  2273     41.462 wddm summary: CreateContext                      10  first at 252
  2274     41.462 wddm summary: DestroyContext                      5  first at 1079
  2275     41.462 wddm summary: CreateProcess                       9  first at 248
  2276     41.462 wddm summary: DestroyProcess                      5  first at 1192
  2277     41.462 wddm summary: SetRootPageTable                    2  first at 274
  2278     41.462 wddm summary: CreateAllocation                   18  first at 311
  2279     41.462 wddm summary: DestroyAllocation                  16  first at 633
  2280     41.462 wddm summary: DescribeAllocation                 65  first at 366
  2281     41.462 wddm summary: GetStandardAllocationDriverData      8  first at 309
  2282     41.462 wddm summary: OpenAllocation                     22  first at 313
  2283     41.462 wddm summary: CloseAllocation                    15  first at 632
  2284     41.462 wddm summary: BuildPagingBuffer                2917  first at 254
  2285     41.462 wddm summary: SubmitCommandVirtual             1477  first at 294
  2286     41.462 wddm summary: Present                            60  first at 1198
  2287     41.462 wddm summary: SetVidPnSourceAddress              63  first at 418
  2288     41.462 wddm summary: ControlInterrupt                    1  first at 422
  2289     41.462 wddm summary: ---- QueryAdapterInfo types: type, count, first log line ----
  2290     41.462 wddm summary: adapter info type   1       1  first at 234
  2291     41.462 wddm summary: adapter info type  15       1  first at 235
  2292     41.462 wddm summary: adapter info type  47       1  first at 236
  2293     41.462 wddm summary: adapter info type  13       1  first at 237
  2294     41.462 wddm summary: adapter info type  14       4  first at 238
  2295     41.462 wddm summary: adapter info type  11       2  first at 245
  2296     41.462 wddm summary: adapter info type  10       1  first at 247
  2297     41.462 wddm summary: adapter info type  16       1  first at 247
  2298     41.462 wddm summary: capture plans reserved 4 heap 0
  2299     41.462 wddm summary: capture context peaks plans 1 reserved-bytes 189304
  2300     41.462 wddm summary: ---- BuildPagingBuffer operations: operation, count, first log line ----
  2301     41.462 wddm summary: paging operation  11    1853  first at 254
  2302     41.462 wddm summary: paging operation  12     113  first at 302
  2303     41.462 wddm summary: paging operation   9     195  first at 321
  2304     41.462 wddm summary: paging operation   2       3  first at 627
  2305     41.462 wddm summary: paging operation   8     753  first at 648
  2306     41.462 wddm summary: objects created/destroyed: dev 13/6 ctx 10/5 proc 9/5 alloc 18/16, 36 alive
  2307     41.462 wddm summary: allocations opened/closed: 22/15 calls
  2308     41.462 wddm summary: submissions 0 physical + 1477 virtual, 0 preemptions, last completed fence 1474
  2309     41.462 wddm summary: node 0 hardware: 0 submitted, 0 completed, 0 timeouts, 0 refused
  2310     41.462 wddm summary: umd: 0 allocs (0 refused), 0 contexts, 0 submits on the ring, 0 not run
  2311     41.462 wddm profile: umd calls 0, elapsed ticks 0, QPC frequency 10000000
  2312     41.462 wddm profile: probe enabled 0, calls 0, elapsed ticks 0 (included in umd)
  2313     41.462 wddm summary: node 1 (paging, open): 1474 hardware submitted, 1474 completed, 0 timeouts, 0 refused
  2314     41.462 wddm summary: SubmitCommandVirtual by node: 0: 3, 1: 1474, 0 private-buffer refusals
  2315     41.462 wddm summary: BuildPagingBuffer: 4 transfers, 195 fills, 184320000 bytes, 1291 insufficient-buffer
  2316     41.462 wddm summary: aperture map batches 0, unmap batches 0
  2317     41.462 wddm summary: paging TLB invalidations 113, PTE update batches 816
  2318     41.462 wddm summary: paging unsupported (not ready/no root/no translation/system memory/not contiguous) 0/0/0/0/0
  2319     41.462 wddm summary: presents 60, flips 4 of 63 address calls (57 arrived above DISPATCH_LEVEL)
  2320     41.462 wddm summary: blit gate open, 3 blits, 0 skips, 3 sources translated contiguous
  2321     41.462 wddm summary: blit destination: 0 to the flipped surface, 3 to the POST framebuffer (0 a failed-mapping fallback), 0 scanout remaps (0 failed), last blit 144 r
  2322     41.462 wddm summary: widest blit 1200 rows
  2323     41.462 wddm summary: last blit reading 3, 1920x1200 pitch 7680, 3 rectangles, source physical 0x272BF8000
  2324     41.462 wddm summary: vsync enabled, 2513 ticks, 2496 reported to dxgkrnl
  2325     41.462 wddm summary: vidpn flip closed: 0 hardware flips, 0 refused, 0 hardware vsyncs armed 0 acked 0 refused 0 deferred (flip still pending)
  2326     41.462 wddm summary: no TDR (ResetEngine, ResetFromTimeout and RestartFromTimeout were never called)
  2327     41.462 wddm summary: CollectDbgInfo called 0 time(s) since the driver was loaded
  2328     41.462 vidmm summary: level 0: 1024 calls, 262656 entries, 512 valid
  2329     41.462 vidmm summary: level 1: 2 calls, 1024 entries, 512 valid
  2330     41.462 vidmm summary: level 2: 1 calls, 512 entries, 2 valid
  2331     41.462 vidmm summary: level 3: 1 calls, 512 entries, 1 valid
  2332     41.462 vidmm summary: system leaf encoding coherent 0 noncoherent 29524 snoop mismatches 0
  2333     41.462 vidmm summary: 1028 cpu-virtual calls, 0 gpu-physical calls
  2334     41.462 vidmm summary: 264704 entries written (EnableGpuVa open), 0 refused, 0 bad calls, 2 roots
             1024 lines printed

   Id StartTime                   CPU Responding
   -- ---------                   --- ----------
11600 9/24/2026 12:23:32 PM 35.390625       True




TimeCreated : 9/24/2026 12:23:32 PM
Id          : 0
Message     : The Desktop Window Manager process has exited. (Process exit code: 0xffffffff, 
              Restart count: 1, Primary display device ID: BC-250 GPU (bc250kmd, display-only, 
              lab build))



UnconfirmedStarts = 0
mesa_start_trial_complete
dwm_pid=11600

ModuleName         FileName                               
----------         --------                               
d3d11.dll          C:\Windows\system32\d3d11.dll          
D3DCOMPILER_47.dll C:\Windows\system32\D3DCOMPILER_47.dll 
D3D10Warp.dll      C:\Windows\system32\D3D10Warp.dll      
bc250d3d.dll       C:\BC250\e26\branch-labels\bc250d3d.dll



Name           Length LastWriteTime        
----           ------ -------------        
mesa-11600.txt 117134 9/24/2026 12:24:05 PM
mesa-4676.txt   16808 9/24/2026 12:24:00 PM
mesa-3792.txt   17109 9/24/2026 12:23:30 PM
mesa-4608.txt  135468 9/23/2026 1:37:28 AM 
mesa-7800.txt    8594 9/23/2026 1:37:18 AM 
mesa-2284.txt  162400 9/23/2026 1:37:08 AM 


