before_fences
--- ring 0 (gfx_0.0.0) ---
Last signaled fence          0x00000001
Last emitted                 0x00000001
Last signaled trailing fence 0x00000000
Last emitted                 0x00000000
Last preempted               0x00000000
Last reset                   0x00000000
Last both                    0x00000000
--- ring 1 (comp_1.0.0) ---
Last signaled fence          0x00000001
Last emitted                 0x00000001
--- ring 2 (comp_1.1.0) ---
Last signaled fence          0x00000003
Last emitted                 0x00000003
--- ring 3 (comp_1.2.0) ---
Last signaled fence          0x00000001
Last emitted                 0x00000001
--- ring 4 (comp_1.3.0) ---
Last signaled fence          0x00000001
Last emitted                 0x00000001
--- ring 5 (comp_1.0.1) ---
Last signaled fence          0x00000001
Last emitted                 0x00000001
--- ring 6 (comp_1.1.1) ---
Last signaled fence          0x00000001
Last emitted                 0x00000001
--- ring 7 (comp_1.2.1) ---
Last signaled fence          0x00000001
Last emitted                 0x00000001
--- ring 8 (comp_1.3.1) ---
Last signaled fence          0x00000001
Last emitted                 0x00000001
--- ring 9 (kiq_0.2.1.0) ---
Last signaled fence          0x00000003
Last emitted                 0x00000003
--- ring 10 (sdma0) ---
Last signaled fence          0x00000017
Last emitted                 0x00000017
Last signaled trailing fence 0x00000000
Last emitted                 0x00000000
--- ring 11 (sdma1) ---
Last signaled fence          0x00000039
Last emitted                 0x00000039
Last signaled trailing fence 0x00000000
Last emitted                 0x00000000
selected_mask=2
temperature_mC=57850
temperature_mC=66125
temperature_mC=64000
              sh-3501    [010] ...1.  1211.673812: tracing_mark_write: bc250_m9_control_begin
              sh-3501    [010] ...1.  1211.673816: tracing_mark_write: 
          <idle>-0       [002] d.h1.  1211.682122: amdgpu_device_rreg: 0x13fe, 0x0000504a, 0x0010d104
          <idle>-0       [002] d.h1.  1211.682125: amdgpu_device_wreg: 0x13fe, 0x0000504a, 0x0011d104
          <idle>-0       [002] d.h4.  1211.682130: amdgpu_device_rreg: 0x13fe, 0x0000500c, 0x0000ddfc
          <idle>-0       [002] d.h4.  1211.682132: amdgpu_device_rreg: 0x13fe, 0x00004ff6, 0x002004d0
          <idle>-0       [002] d.h4.  1211.682134: amdgpu_device_rreg: 0x13fe, 0x0000500a, 0x06ac000a
          <idle>-0       [002] d.h4.  1211.682135: amdgpu_device_rreg: 0x13fe, 0x0000500b, 0x0000000a
          <idle>-0       [002] d.h4.  1211.682136: amdgpu_device_rreg: 0x13fe, 0x0000500c, 0x0000ddfc
          <idle>-0       [002] d.h4.  1211.682138: amdgpu_device_rreg: 0x13fe, 0x00004ff6, 0x002004d0
          <idle>-0       [002] d.h4.  1211.682140: amdgpu_device_rreg: 0x13fe, 0x0000500a, 0x0250000b
          <idle>-0       [002] d.h4.  1211.682141: amdgpu_device_rreg: 0x13fe, 0x0000500b, 0x0000000b
          <idle>-0       [002] d.h4.  1211.682143: amdgpu_device_rreg: 0x13fe, 0x0000500c, 0x0000ddfc
          <idle>-0       [002] d.h4.  1211.682144: amdgpu_device_rreg: 0x13fe, 0x00004ff6, 0x002004d0
          <idle>-0       [002] d.h4.  1211.682146: amdgpu_device_rreg: 0x13fe, 0x0000500a, 0x05d4000b
          <idle>-0       [002] d.h4.  1211.682147: amdgpu_device_rreg: 0x13fe, 0x0000500b, 0x0000000b
          <idle>-0       [002] d.h4.  1211.682148: amdgpu_device_rreg: 0x13fe, 0x0000500c, 0x0000ddfc
          <idle>-0       [002] d.h1.  1211.698800: amdgpu_device_rreg: 0x13fe, 0x0000504a, 0x0010d104
          <idle>-0       [002] d.h1.  1211.698802: amdgpu_device_wreg: 0x13fe, 0x0000504a, 0x0011d104
          <idle>-0       [002] d.h4.  1211.698804: amdgpu_device_rreg: 0x13fe, 0x0000500c, 0x0000ddfd
          <idle>-0       [002] d.h4.  1211.698806: amdgpu_device_rreg: 0x13fe, 0x00004ff6, 0x002004d0
          <idle>-0       [002] d.h4.  1211.698807: amdgpu_device_rreg: 0x13fe, 0x0000500a, 0x02a1000a
          <idle>-0       [002] d.h4.  1211.698809: amdgpu_device_rreg: 0x13fe, 0x0000500b, 0x0000000a
          <idle>-0       [002] d.h4.  1211.698810: amdgpu_device_rreg: 0x13fe, 0x0000500c, 0x0000ddfd
          <idle>-0       [002] d.h4.  1211.698812: amdgpu_device_rreg: 0x13fe, 0x00004ff6, 0x002004d0
          <idle>-0       [002] d.h4.  1211.698813: amdgpu_device_rreg: 0x13fe, 0x0000500a, 0x0619000a
          <idle>-0       [002] d.h4.  1211.698814: amdgpu_device_rreg: 0x13fe, 0x0000500b, 0x0000000a
          <idle>-0       [002] d.h4.  1211.698816: amdgpu_device_rreg: 0x13fe, 0x0000500c, 0x0000ddfd
          <idle>-0       [002] d.h4.  1211.698818: amdgpu_device_rreg: 0x13fe, 0x00004ff6, 0x002004d0
          <idle>-0       [002] d.h4.  1211.698819: amdgpu_device_rreg: 0x13fe, 0x0000500a, 0x0169000b
          <idle>-0       [002] d.h4.  1211.698820: amdgpu_device_rreg: 0x13fe, 0x0000500b, 0x0000000b
          <idle>-0       [002] d.h4.  1211.698822: amdgpu_device_rreg: 0x13fe, 0x0000500c, 0x0000ddfd
          <idle>-0       [002] d.s3.  1211.699712: amdgpu_device_rreg: 0x13fe, 0x0000500c, 0x0000ddfd
          <idle>-0       [002] d.s3.  1211.699714: amdgpu_device_rreg: 0x13fe, 0x00004ff6, 0x002004d0
          <idle>-0       [002] d.s3.  1211.699716: amdgpu_device_rreg: 0x13fe, 0x0000500a, 0x049d004d
          <idle>-0       [002] d.s3.  1211.699717: amdgpu_device_rreg: 0x13fe, 0x0000500b, 0x0000004d
          <idle>-0       [002] d.s3.  1211.699719: amdgpu_device_rreg: 0x13fe, 0x0000500c, 0x0000ddfd
          <idle>-0       [002] d.s3.  1211.699721: amdgpu_device_rreg: 0x13fe, 0x00004ff6, 0x002004d0
          <idle>-0       [002] d.s3.  1211.699722: amdgpu_device_rreg: 0x13fe, 0x0000500a, 0x006a004e
          <idle>-0       [002] d.s3.  1211.699723: amdgpu_device_rreg: 0x13fe, 0x0000500b, 0x0000004e
          <idle>-0       [002] d.s3.  1211.699725: amdgpu_device_rreg: 0x13fe, 0x0000500c, 0x0000ddfd
          <idle>-0       [002] d.s3.  1211.699726: amdgpu_device_rreg: 0x13fe, 0x00004ff6, 0x002004d0
          <idle>-0       [002] d.s3.  1211.699728: amdgpu_device_rreg: 0x13fe, 0x0000500a, 0x03d2004e
          <idle>-0       [002] d.s3.  1211.699729: amdgpu_device_rreg: 0x13fe, 0x0000500b, 0x0000004e
          <idle>-0       [002] d.s3.  1211.699730: amdgpu_device_rreg: 0x13fe, 0x0000500c, 0x0000ddfd
          <idle>-0       [002] d.s4.  1211.699733: amdgpu_device_rreg: 0x13fe, 0x0000504a, 0x00101104
          <idle>-0       [002] d.s4.  1211.699734: amdgpu_device_wreg: 0x13fe, 0x0000504a, 0x00111104
          <idle>-0       [002] d.s4.  1211.699735: amdgpu_device_rreg: 0x13fe, 0x0000504a, 0x00101104
          <idle>-0       [002] d.s4.  1211.699736: amdgpu_device_wreg: 0x13fe, 0x0000504a, 0x00100104
   kworker/u48:1-13      [007] .....  1211.728399: amdgpu_device_rreg: 0x13fe, 0x0000ec71, 0x00000004
   kworker/u48:1-13      [007] .....  1211.728406: amdgpu_device_wreg: 0x13fe, 0x0000ec71, 0x00000000
CTX  alloc                  -> ctx_id 1
BO   sdma-poll    4096 bytes  -> handle 1    mmap offset 0x0001008cb000 va 0x0000000000010000 flags 0xe
{"stage": "submit", "ip": 2, "ring": 0, "release_ms": 0, "ib_dwords": 11}
CS   ip_type 2 ring 0 ib_bytes 44 chunks 2 bo_handles 1 ib_flags 0x0
--- submit at monotonic 1211.716110 ---
CS   accepted               -> seq_no 1
   kworker/u48:1-13      [007] .....  1211.728855: amdgpu_device_rreg: 0x13fe, 0x0000ec71, 0x00000000
   kworker/u48:1-13      [007] .....  1211.728861: amdgpu_device_wreg: 0x13fe, 0x0000ec71, 0x00000005
--- wait returned after 0.000 s, status 0 (completed) ---
{"stage": "result", "busy": 0, "marker": 1373246004, "expected": 1373246004, "executed": true}
   kworker/u48:1-13      [007] .....  1211.728955: amdgpu_device_rreg: 0x13fe, 0x0000ec71, 0x00000005
   kworker/u48:1-13      [007] .....  1211.728957: amdgpu_device_wreg: 0x13fe, 0x0000ec71, 0x00000000
CTX  free                   -> ok
              sh-3511    [008] .....  1211.729260: amdgpu_device_rreg: 0x13fe, 0x00004ff6, 0x002004d0
              sh-3511    [008] .....  1211.729265: amdgpu_device_rreg: 0x13fe, 0x0000500a, 0x02d30406
              sh-3511    [008] .....  1211.729266: amdgpu_device_rreg: 0x13fe, 0x0000500b, 0x00000406
              sh-3511    [008] .....  1211.729269: amdgpu_device_rreg: 0x13fe, 0x00004ff6, 0x002004d0
              sh-3511    [008] .....  1211.729271: amdgpu_device_rreg: 0x13fe, 0x0000500a, 0x063d0406
              sh-3511    [008] .....  1211.729272: amdgpu_device_rreg: 0x13fe, 0x0000500b, 0x00000406
              sh-3511    [008] .....  1211.729282: amdgpu_device_rreg: 0x13fe, 0x0000500c, 0x0000ddfe
              sh-3511    [008] .....  1211.729283: amdgpu_device_rreg: 0x13fe, 0x00004ff6, 0x002004d0
              sh-3511    [008] .....  1211.729284: amdgpu_device_rreg: 0x13fe, 0x0000500a, 0x06680407
              sh-3511    [008] .....  1211.729285: amdgpu_device_rreg: 0x13fe, 0x0000500b, 0x00000407
              sh-3511    [008] .....  1211.729286: amdgpu_device_rreg: 0x13fe, 0x0000500c, 0x0000ddfe
              sh-3511    [008] .....  1211.729288: amdgpu_device_rreg: 0x13fe, 0x00004ff6, 0x002004d0
              sh-3511    [008] .....  1211.729289: amdgpu_device_rreg: 0x13fe, 0x0000500a, 0x01150408
              sh-3511    [008] .....  1211.729290: amdgpu_device_rreg: 0x13fe, 0x0000500b, 0x00000408
              sh-3511    [008] d..4.  1211.729294: amdgpu_device_rreg: 0x13fe, 0x0000504a, 0x00104104
              sh-3511    [008] d..4.  1211.729295: amdgpu_device_wreg: 0x13fe, 0x0000504a, 0x00114104
              sh-3511    [008] d..4.  1211.729296: amdgpu_device_rreg: 0x13fe, 0x0000504a, 0x00100104
              sh-3511    [008] d..4.  1211.729296: amdgpu_device_wreg: 0x13fe, 0x0000504a, 0x00101104
              sh-3511    [008] d..3.  1211.729299: amdgpu_device_rreg: 0x13fe, 0x0000500c, 0x0000ddfe
              sh-3511    [008] d..3.  1211.729301: amdgpu_device_rreg: 0x13fe, 0x00004ff6, 0x002004d0
              sh-3511    [008] d..3.  1211.729302: amdgpu_device_rreg: 0x13fe, 0x0000500a, 0x00a90409
              sh-3511    [008] d..3.  1211.729303: amdgpu_device_rreg: 0x13fe, 0x0000500b, 0x00000409
              sh-3511    [008] d..3.  1211.729304: amdgpu_device_rreg: 0x13fe, 0x0000500c, 0x0000ddfe
              sh-3511    [008] d..3.  1211.729305: amdgpu_device_rreg: 0x13fe, 0x00004ff6, 0x002004d0
              sh-3511    [008] d..3.  1211.729306: amdgpu_device_rreg: 0x13fe, 0x0000500a, 0x03790409
              sh-3511    [008] d..3.  1211.729308: amdgpu_device_rreg: 0x13fe, 0x0000500b, 0x00000409
              sh-3511    [008] d..3.  1211.729309: amdgpu_device_rreg: 0x13fe, 0x0000500c, 0x0000ddfe
              sh-3511    [008] d..3.  1211.729310: amdgpu_device_rreg: 0x13fe, 0x00004ff6, 0x002004d0
              sh-3511    [008] d..3.  1211.729311: amdgpu_device_rreg: 0x13fe, 0x0000500a, 0x061a0409
              sh-3511    [008] d..3.  1211.729312: amdgpu_device_rreg: 0x13fe, 0x0000500b, 0x00000409
              sh-3511    [008] d..3.  1211.729313: amdgpu_device_rreg: 0x13fe, 0x0000500c, 0x0000ddfe
              sh-3511    [008] .....  1211.729554: amdgpu_device_wreg: 0x13fe, 0x000039c6, 0x00000bb8
              sh-3511    [008] .....  1211.729557: amdgpu_device_rreg: 0x13fe, 0x000039c5, 0x00440100
              sh-3511    [008] .....  1211.729558: amdgpu_device_wreg: 0x13fe, 0x000039c5, 0x00440100
              sh-3511    [008] .....  1211.729559: amdgpu_device_rreg: 0x13fe, 0x000039c8, 0x00000000
              sh-3511    [008] .....  1211.729559: amdgpu_device_wreg: 0x13fe, 0x000039c8, 0x00000000
              sh-3511    [008] .....  1211.729562: amdgpu_device_rreg: 0x13fe, 0x00004d14, 0x00000000
              sh-3511    [008] .....  1211.729563: amdgpu_device_rreg: 0x13fe, 0x00004d1b, 0x00000000
              sh-3511    [008] .....  1211.729565: amdgpu_device_rreg: 0x13fe, 0x00004d14, 0x00000000
              sh-3511    [008] .....  1211.729566: amdgpu_device_rreg: 0x13fe, 0x00004d1b, 0x00000000
              sh-3511    [008] .....  1211.729568: amdgpu_device_rreg: 0x13fe, 0x00005001, 0x80011311
              sh-3511    [008] .....  1211.729569: amdgpu_device_wreg: 0x13fe, 0x00005050, 0x00000000
              sh-3511    [008] .....  1211.729570: amdgpu_device_wreg: 0x13fe, 0x0000504b, 0x00000001
              sh-3511    [008] .....  1211.729571: amdgpu_device_rreg: 0x13fe, 0x0000504b, 0x00000101
              sh-3511    [008] .....  1211.729574: amdgpu_device_rreg: 0x13fe, 0x00003adc, 0x00000040
              sh-3511    [008] .....  1211.729576: amdgpu_device_rreg: 0x13fe, 0x00003d70, 0x00000040
              sh-3511    [008] .....  1211.729578: amdgpu_device_rreg: 0x13fe, 0x00003adc, 0x00000040
              sh-3511    [008] .....  1211.729580: amdgpu_device_rreg: 0x13fe, 0x00003d70, 0x00000040
              sh-3511    [008] .....  1211.729584: amdgpu_device_wreg: 0x13fe, 0x00005047, 0x00000017
              sh-3511    [008] .....  1211.729584: amdgpu_device_wreg: 0x13fe, 0x00005048, 0x012f0208
              sh-3511    [008] .....  1211.729585: amdgpu_device_wreg: 0x13fe, 0x00005049, 0x0000018b
              sh-3511    [008] .....  1211.729586: amdgpu_device_rreg: 0x13fe, 0x000039e8, 0x84d00000
              sh-3511    [008] .....  1211.729587: amdgpu_device_wreg: 0x13fe, 0x000039e8, 0x84d00000
              sh-3511    [008] .....  1211.729588: amdgpu_device_wreg: 0x13fe, 0x00005026, 0x0000000a
              sh-3511    [008] .....  1211.729589: amdgpu_device_wreg: 0x13fe, 0x00004d16, 0x078004b0
              sh-3511    [008] .....  1211.729590: amdgpu_device_wreg: 0x13fe, 0x00004d1a, 0x00000000
              sh-3511    [008] .....  1211.729590: amdgpu_device_wreg: 0x13fe, 0x00004d14, 0x00000000
              sh-3511    [008] .....  1211.729591: amdgpu_device_wreg: 0x13fe, 0x00004d17, 0x00000000
              sh-3511    [008] .....  1211.729592: amdgpu_device_wreg: 0x13fe, 0x00004d18, 0x00000000
              sh-3511    [008] .....  1211.729592: amdgpu_device_wreg: 0x13fe, 0x00004d19, 0x00000000
              sh-3511    [008] .....  1211.729593: amdgpu_device_wreg: 0x13fe, 0x00004d15, 0x00000000
              sh-3511    [008] .....  1211.729594: amdgpu_device_rreg: 0x13fe, 0x00003ab4, 0x00f11111
              sh-3511    [008] .....  1211.729595: amdgpu_device_wreg: 0x13fe, 0x00003ab4, 0x00f11111
              sh-3511    [008] .....  1211.729596: amdgpu_device_rreg: 0x13fe, 0x00004d4c, 0x00000003
              sh-3511    [008] .....  1211.729597: amdgpu_device_wreg: 0x13fe, 0x00004d4c, 0x00000003
              sh-3511    [008] .....  1211.729598: amdgpu_device_rreg: 0x13fe, 0x00004185, 0xf0000010
              sh-3511    [008] .....  1211.729599: amdgpu_device_wreg: 0x13fe, 0x00004185, 0xf0000010
              sh-3511    [008] .....  1211.729600: amdgpu_device_rreg: 0x13fe, 0x00003ab3, 0x000f0102
              sh-3511    [008] .....  1211.729601: amdgpu_device_wreg: 0x13fe, 0x00003ab3, 0x000f0102
              sh-3511    [008] .....  1211.729602: amdgpu_device_wreg: 0x13fe, 0x00003ab6, 0x00000100
              sh-3511    [008] .....  1211.729603: amdgpu_device_rreg: 0x13fe, 0x00003ab3, 0x000f0102
              sh-3511    [008] .....  1211.729604: amdgpu_device_wreg: 0x13fe, 0x00003ab3, 0x000f0102
              sh-3511    [008] .....  1211.729605: amdgpu_device_rreg: 0x13fe, 0x00003b2a, 0x00e40000
              sh-3511    [008] .....  1211.729606: amdgpu_device_wreg: 0x13fe, 0x00003b2a, 0x00e40000
              sh-3511    [008] .....  1211.729607: amdgpu_device_wreg: 0x13fe, 0x00003aec, 0x00000056
              sh-3511    [008] .....  1211.729607: amdgpu_device_wreg: 0x13fe, 0x00003ab1, 0x000d1b00
              sh-3511    [008] .....  1211.729608: amdgpu_device_wreg: 0x13fe, 0x00003ab2, 0x00000000
              sh-3511    [008] .....  1211.729608: amdgpu_device_wreg: 0x13fe, 0x00003b06, 0x00200024
              sh-3511    [008] .....  1211.729609: amdgpu_device_wreg: 0x13fe, 0x00003b07, 0x00001340
              sh-3511    [008] .....  1211.729610: amdgpu_device_wreg: 0x13fe, 0x00003b08, 0x0002a353
              sh-3511    [008] .....  1211.729611: amdgpu_device_wreg: 0x13fe, 0x00003b09, 0x00000198
              sh-3511    [008] .....  1211.729611: amdgpu_device_wreg: 0x13fe, 0x00003b1f, 0x000298ef
              sh-3511    [008] .....  1211.729612: amdgpu_device_wreg: 0x13fe, 0x00003b0d, 0x000001fa
              sh-3511    [008] .....  1211.729613: amdgpu_device_wreg: 0x13fe, 0x00003b18, 0x00000020
              sh-3511    [008] .....  1211.729613: amdgpu_device_wreg: 0x13fe, 0x00003b19, 0x0000151a
              sh-3511    [008] .....  1211.729614: amdgpu_device_wreg: 0x13fe, 0x00003b1d, 0x0000026f
              sh-3511    [008] .....  1211.729614: amdgpu_device_wreg: 0x13fe, 0x00003b0e, 0x00000000
              sh-3511    [008] .....  1211.729615: amdgpu_device_wreg: 0x13fe, 0x00003b1a, 0x00000020
              sh-3511    [008] .....  1211.729616: amdgpu_device_wreg: 0x13fe, 0x00003b1b, 0x00000000
              sh-3511    [008] .....  1211.729616: amdgpu_device_wreg: 0x13fe, 0x00003aed, 0x0a8d0000
              sh-3511    [008] .....  1211.729617: amdgpu_device_wreg: 0x13fe, 0x00003aef, 0x08009bd8
              sh-3511    [008] .....  1211.729617: amdgpu_device_wreg: 0x13fe, 0x00003af1, 0x08000000
              sh-3511    [008] .....  1211.729618: amdgpu_device_wreg: 0x13fe, 0x00003af3, 0x0800531d
              sh-3511    [008] .....  1211.729619: amdgpu_device_wreg: 0x13fe, 0x00003b0a, 0x0b092492
              sh-3511    [008] .....  1211.729619: amdgpu_device_wreg: 0x13fe, 0x00003b0b, 0x00080000
              sh-3511    [008] .....  1211.729620: amdgpu_device_wreg: 0x13fe, 0x00003b0c, 0x00000301
              sh-3511    [008] .....  1211.729621: amdgpu_device_wreg: 0x13fe, 0x00003b11, 0x00000000
              sh-3511    [008] .....  1211.729622: amdgpu_device_wreg: 0x13fe, 0x00003b0f, 0x000001fa
              sh-3511    [008] .....  1211.729622: amdgpu_device_wreg: 0x13fe, 0x00003b10, 0x000001fa
              sh-3511    [008] .....  1211.729623: amdgpu_device_wreg: 0x13fe, 0x00003b13, 0x00000000
              sh-3511    [008] .....  1211.729623: amdgpu_device_wreg: 0x13fe, 0x00003b1c, 0x0000014b
              sh-3511    [008] .....  1211.729624: amdgpu_device_wreg: 0x13fe, 0x00003af0, 0x00004db0
              sh-3511    [008] .....  1211.729625: amdgpu_device_wreg: 0x13fe, 0x00003af2, 0x00000000
              sh-3511    [008] .....  1211.729625: amdgpu_device_wreg: 0x13fe, 0x00003af4, 0x000052de
              sh-3511    [008] .....  1211.729626: amdgpu_device_wreg: 0x13fe, 0x00000000, 0x00000000
              sh-3511    [008] .....  1211.729627: amdgpu_device_wreg: 0x13fe, 0x00003aee, 0xe0003284
              sh-3511    [008] .....  1211.729627: amdgpu_device_wreg: 0x13fe, 0x00004190, 0x00000001
              sh-3511    [008] .....  1211.729629: amdgpu_device_rreg: 0x13fe, 0x00004190, 0x03100001
              sh-3511    [008] .....  1211.729629: amdgpu_device_wreg: 0x13fe, 0x00004190, 0x03100001
              sh-3511    [008] .....  1211.729630: amdgpu_device_rreg: 0x13fe, 0x00004190, 0x03100001
              sh-3511    [008] .....  1211.729631: amdgpu_device_wreg: 0x13fe, 0x00004190, 0x03100001
              sh-3511    [008] .....  1211.729632: amdgpu_device_rreg: 0x13fe, 0x00004190, 0x03100001
              sh-3511    [008] .....  1211.729633: amdgpu_device_wreg: 0x13fe, 0x00004190, 0x03100001
              sh-3511    [008] .....  1211.729634: amdgpu_device_rreg: 0x13fe, 0x00004190, 0x03100001
              sh-3511    [008] .....  1211.729635: amdgpu_device_wreg: 0x13fe, 0x00004190, 0x03100001
              sh-3511    [008] .....  1211.729635: amdgpu_device_wreg: 0x13fe, 0x0000418f, 0x00000008
              sh-3511    [008] .....  1211.729639: amdgpu_device_rreg: 0x13fe, 0x00004190, 0x03100001
              sh-3511    [008] .....  1211.729639: amdgpu_device_wreg: 0x13fe, 0x00004190, 0x03100101
              sh-3511    [008] .....  1211.729641: amdgpu_device_wreg: 0x13fe, 0x000041db, 0x00000000
              sh-3511    [008] .....  1211.729643: amdgpu_device_rreg: 0x13fe, 0x00004262, 0x00000004
              sh-3511    [008] .....  1211.729644: amdgpu_device_wreg: 0x13fe, 0x00004262, 0x00000004
              sh-3511    [008] .....  1211.729649: amdgpu_device_rreg: 0x13fe, 0x000041cb, 0x00000000
              sh-3511    [008] .....  1211.729649: amdgpu_device_wreg: 0x13fe, 0x000041cb, 0x00000000
              sh-3511    [008] .....  1211.729653: amdgpu_device_rreg: 0x13fe, 0x000041c8, 0x00000000
              sh-3511    [008] .....  1211.729654: amdgpu_device_wreg: 0x13fe, 0x000041c8, 0x00000000
              sh-3511    [008] .....  1211.729657: amdgpu_device_rreg: 0x13fe, 0x00004845, 0x0a040000
              sh-3511    [008] .....  1211.729658: amdgpu_device_wreg: 0x13fe, 0x00004845, 0x0a040003
              sh-3511    [008] .....  1211.729658: amdgpu_device_wreg: 0x13fe, 0x00004731, 0x0000000f
              sh-3511    [008] .....  1211.729659: amdgpu_device_wreg: 0x13fe, 0x00004732, 0x0000000f
              sh-3511    [008] .....  1211.729659: amdgpu_device_wreg: 0x13fe, 0x00004733, 0x0000000f
              sh-3511    [008] .....  1211.729660: amdgpu_device_wreg: 0x13fe, 0x00004736, 0x0000000f
              sh-3511    [008] .....  1211.729661: amdgpu_device_wreg: 0x13fe, 0x0000473a, 0x00000000
              sh-3511    [008] .....  1211.729661: amdgpu_device_wreg: 0x13fe, 0x0000473b, 0x00000000
              sh-3511    [008] .....  1211.729662: amdgpu_device_wreg: 0x13fe, 0x0000473c, 0x00000000
              sh-3511    [008] .....  1211.729663: amdgpu_device_wreg: 0x13fe, 0x00004732, 0x0000000f
              sh-3511    [008] .....  1211.729664: amdgpu_device_rreg: 0x13fe, 0x00004734, 0xffff0423
              sh-3511    [008] .....  1211.729665: amdgpu_device_wreg: 0x13fe, 0x00004734, 0xffff0422
              sh-3511    [008] .....  1211.729666: amdgpu_device_wreg: 0x13fe, 0x00004731, 0x00000000
              sh-3511    [008] .....  1211.729666: amdgpu_device_wreg: 0x13fe, 0x00004733, 0x00000000
              sh-3511    [008] .....  1211.729667: amdgpu_device_wreg: 0x13fe, 0x00004736, 0x00000000
              sh-3511    [008] .....  1211.729667: amdgpu_device_wreg: 0x13fe, 0x00004783, 0x00000000
              sh-3511    [008] .....  1211.729668: amdgpu_device_rreg: 0x13fe, 0x00004785, 0xffff0422
              sh-3511    [008] .....  1211.729669: amdgpu_device_wreg: 0x13fe, 0x00004785, 0xffff0423
              sh-3511    [008] .....  1211.729670: amdgpu_device_rreg: 0x13fe, 0x00004734, 0xffff0422
         python3-3511    [008] .....  1211.729670: amdgpu_device_wreg: 0x13fe, 0x00004734, 0xffff0422
         python3-3511    [008] .....  1211.729671: amdgpu_device_wreg: 0x13fe, 0x00004737, 0x0001f000
         python3-3511    [008] .....  1211.729671: amdgpu_device_wreg: 0x13fe, 0x00004738, 0x0001f000
         python3-3511    [008] .....  1211.729672: amdgpu_device_wreg: 0x13fe, 0x00004739, 0x0001f000
         python3-3511    [008] .....  1211.729674: amdgpu_device_wreg: 0x13fe, 0x00003aaa, 0x04b003c0
         python3-3511    [008] .....  1211.729675: amdgpu_device_wreg: 0x13fe, 0x00003aa9, 0x00000000
         python3-3511    [008] .....  1211.729675: amdgpu_device_wreg: 0x13fe, 0x00003aae, 0x04b003c0
         python3-3511    [008] .....  1211.729676: amdgpu_device_wreg: 0x13fe, 0x00003aad, 0x00000000
         python3-3511    [008] .....  1211.729677: amdgpu_device_wreg: 0x13fe, 0x00003aac, 0x04b003c0
         python3-3511    [008] .....  1211.729677: amdgpu_device_wreg: 0x13fe, 0x00003aab, 0x00000000
         python3-3511    [008] .....  1211.729678: amdgpu_device_wreg: 0x13fe, 0x00003ab0, 0x04b003c0
         python3-3511    [008] .....  1211.729678: amdgpu_device_wreg: 0x13fe, 0x00003aaf, 0x00000000
         python3-3511    [008] .....  1211.729679: amdgpu_device_wreg: 0x13fe, 0x000041e8, 0x00000000
         python3-3511    [008] .....  1211.729680: amdgpu_device_wreg: 0x13fe, 0x0000473d, 0x00000004
         python3-3511    [008] .....  1211.729681: amdgpu_device_wreg: 0x13fe, 0x00000000, 0x00000001
         python3-3511    [008] .....  1211.729682: amdgpu_device_rreg: 0x13fe, 0x00000000, 0x00000000
         python3-3511    [008] .....  1211.729683: amdgpu_device_wreg: 0x13fe, 0x00004a78, 0x00002000
         python3-3511    [008] .....  1211.729683: amdgpu_device_wreg: 0x13fe, 0x00004a79, 0x00000000
         python3-3511    [008] .....  1211.729684: amdgpu_device_wreg: 0x13fe, 0x00004a7a, 0x20000000
         python3-3511    [008] .....  1211.729684: amdgpu_device_wreg: 0x13fe, 0x00004a7b, 0x00000000
         python3-3511    [008] .....  1211.729685: amdgpu_device_wreg: 0x13fe, 0x00004a7c, 0x00000000
         python3-3511    [008] .....  1211.729685: amdgpu_device_wreg: 0x13fe, 0x00004a7d, 0x00002000
         python3-3511    [008] .....  1211.729686: amdgpu_device_wreg: 0x13fe, 0x00004a77, 0x00000001
         python3-3511    [008] .....  1211.729687: amdgpu_device_rreg: 0x13fe, 0x00003ada, 0x00000000
         python3-3511    [008] .....  1211.729688: amdgpu_device_wreg: 0x13fe, 0x00003ada, 0x00000000
         python3-3511    [008] .....  1211.729689: amdgpu_device_rreg: 0x13fe, 0x00003aa6, 0x0000123c
         python3-3511    [008] .....  1211.729690: amdgpu_device_wreg: 0x13fe, 0x00003aa6, 0x0000123c
         python3-3511    [008] .....  1211.729691: amdgpu_device_rreg: 0x13fe, 0x00003aa7, 0x00000080
         python3-3511    [008] .....  1211.729691: amdgpu_device_wreg: 0x13fe, 0x00003aa7, 0x00000080
         python3-3511    [008] .....  1211.729692: amdgpu_device_rreg: 0x13fe, 0x00003ac7, 0x0000077f
         python3-3511    [008] .....  1211.729693: amdgpu_device_wreg: 0x13fe, 0x00003ac7, 0x0000077f
         python3-3511    [008] .....  1211.729694: amdgpu_device_rreg: 0x13fe, 0x00003b2a, 0x00e40000
         python3-3511    [008] .....  1211.729695: amdgpu_device_wreg: 0x13fe, 0x00003b2a, 0x00e40000
         python3-3511    [008] .....  1211.729696: amdgpu_device_rreg: 0x13fe, 0x00003aa5, 0x00000008
         python3-3511    [008] .....  1211.729697: amdgpu_device_wreg: 0x13fe, 0x00003aa5, 0x00000008
         python3-3511    [008] .....  1211.729698: amdgpu_device_rreg: 0x13fe, 0x00003adb, 0x00000200
         python3-3511    [008] .....  1211.729699: amdgpu_device_wreg: 0x13fe, 0x00003adb, 0x00000200
         python3-3511    [008] .....  1211.729700: amdgpu_device_rreg: 0x13fe, 0x00003adb, 0x00000200
         python3-3511    [008] .....  1211.729701: amdgpu_device_wreg: 0x13fe, 0x00003adb, 0x00000200
         python3-3511    [008] .....  1211.729702: amdgpu_device_rreg: 0x13fe, 0x00003adb, 0x00000200
         python3-3511    [008] .....  1211.729702: amdgpu_device_wreg: 0x13fe, 0x00003adb, 0x00000200
         python3-3511    [008] .....  1211.729703: amdgpu_device_rreg: 0x13fe, 0x00003ada, 0x00000000
         python3-3511    [008] .....  1211.729716: amdgpu_device_wreg: 0x13fe, 0x00003ada, 0x00000000
         python3-3511    [008] .....  1211.729717: amdgpu_device_wreg: 0x13fe, 0x00003acb, 0x00000004
         python3-3511    [008] .....  1211.729718: amdgpu_device_wreg: 0x13fe, 0x00003aca, 0x6e000000
         python3-3511    [008] .....  1211.729719: amdgpu_device_rreg: 0x13fe, 0x00003ab3, 0x000f0102
         python3-3511    [008] .....  1211.729720: amdgpu_device_wreg: 0x13fe, 0x00003ab3, 0x000f0102
         python3-3511    [008] .....  1211.729722: amdgpu_device_rreg: 0x13fe, 0x00004261, 0x0001f000
         python3-3511    [008] .....  1211.729723: amdgpu_device_wreg: 0x13fe, 0x00004261, 0x0001f000
         python3-3511    [008] .....  1211.729724: amdgpu_device_wreg: 0x13fe, 0x00004267, 0x00000000
         python3-3511    [008] .....  1211.729726: amdgpu_device_rreg: 0x13fe, 0x000042a0, 0x00000010
         python3-3511    [008] .....  1211.729727: amdgpu_device_wreg: 0x13fe, 0x000042a0, 0x00000010
         python3-3511    [008] .....  1211.729728: amdgpu_device_wreg: 0x13fe, 0x00004223, 0x00000000
         python3-3511    [008] .....  1211.729729: amdgpu_device_rreg: 0x13fe, 0x000041da, 0x00003100
         python3-3511    [008] .....  1211.729730: amdgpu_device_wreg: 0x13fe, 0x000041da, 0x00003100
         python3-3511    [008] .....  1211.729731: amdgpu_device_rreg: 0x13fe, 0x000041f7, 0x00000000
         python3-3511    [008] .....  1211.729732: amdgpu_device_wreg: 0x13fe, 0x000041f7, 0x00000000
         python3-3511    [008] .....  1211.729732: amdgpu_device_wreg: 0x13fe, 0x0000473d, 0x00000004
         python3-3511    [008] .....  1211.729733: amdgpu_device_wreg: 0x13fe, 0x0000486e, 0x00000000
         python3-3511    [008] .....  1211.729734: amdgpu_device_rreg: 0x13fe, 0x00003d48, 0x00f11111
         python3-3511    [008] .....  1211.729735: amdgpu_device_wreg: 0x13fe, 0x00003d48, 0x00f11111
         python3-3511    [008] .....  1211.729736: amdgpu_device_rreg: 0x13fe, 0x00004d4c, 0x00000003
         python3-3511    [008] .....  1211.729737: amdgpu_device_wreg: 0x13fe, 0x00004d4c, 0x00000003
         python3-3511    [008] .....  1211.729738: amdgpu_device_rreg: 0x13fe, 0x000045c6, 0xf0000010
         python3-3511    [008] .....  1211.729739: amdgpu_device_wreg: 0x13fe, 0x000045c6, 0xf0000010
         python3-3511    [008] .....  1211.729740: amdgpu_device_rreg: 0x13fe, 0x00003d47, 0x000f0102
         python3-3511    [008] .....  1211.729741: amdgpu_device_wreg: 0x13fe, 0x00003d47, 0x000f0102
         python3-3511    [008] .....  1211.729741: amdgpu_device_wreg: 0x13fe, 0x00003d4a, 0x00000100
         python3-3511    [008] .....  1211.729743: amdgpu_device_rreg: 0x13fe, 0x00003d47, 0x000f0102
         python3-3511    [008] .....  1211.729743: amdgpu_device_wreg: 0x13fe, 0x00003d47, 0x000f0102
         python3-3511    [008] .....  1211.729744: amdgpu_device_rreg: 0x13fe, 0x00003dbe, 0x00e40000
         python3-3511    [008] .....  1211.729745: amdgpu_device_wreg: 0x13fe, 0x00003dbe, 0x00e40000
         python3-3511    [008] .....  1211.729746: amdgpu_device_wreg: 0x13fe, 0x00003d80, 0x00000056
         python3-3511    [008] .....  1211.729747: amdgpu_device_wreg: 0x13fe, 0x00003d45, 0x000d1b00
         python3-3511    [008] .....  1211.729747: amdgpu_device_wreg: 0x13fe, 0x00003d46, 0x00000000
         python3-3511    [008] .....  1211.729748: amdgpu_device_wreg: 0x13fe, 0x00003d9a, 0x00200024
         python3-3511    [008] .....  1211.729748: amdgpu_device_wreg: 0x13fe, 0x00003d9b, 0x00001340
         python3-3511    [008] .....  1211.729749: amdgpu_device_wreg: 0x13fe, 0x00003d9c, 0x0002a353
         python3-3511    [008] .....  1211.729750: amdgpu_device_wreg: 0x13fe, 0x00003d9d, 0x00000198
         python3-3511    [008] .....  1211.729750: amdgpu_device_wreg: 0x13fe, 0x00003db3, 0x000298ef
         python3-3511    [008] .....  1211.729751: amdgpu_device_wreg: 0x13fe, 0x00003da1, 0x000001fa
         python3-3511    [008] .....  1211.729752: amdgpu_device_wreg: 0x13fe, 0x00003dac, 0x00000020
         python3-3511    [008] .....  1211.729752: amdgpu_device_wreg: 0x13fe, 0x00003dad, 0x0000151a
         python3-3511    [008] .....  1211.729753: amdgpu_device_wreg: 0x13fe, 0x00003db1, 0x0000026f
         python3-3511    [008] .....  1211.729754: amdgpu_device_wreg: 0x13fe, 0x00003da2, 0x00000000
         python3-3511    [008] .....  1211.729754: amdgpu_device_wreg: 0x13fe, 0x00003dae, 0x00000020
         python3-3511    [008] .....  1211.729755: amdgpu_device_wreg: 0x13fe, 0x00003daf, 0x00000000
         python3-3511    [008] .....  1211.729756: amdgpu_device_wreg: 0x13fe, 0x00003d81, 0x0a8d0000
         python3-3511    [008] .....  1211.729756: amdgpu_device_wreg: 0x13fe, 0x00003d83, 0x08009bd8
         python3-3511    [008] .....  1211.729757: amdgpu_device_wreg: 0x13fe, 0x00003d85, 0x08000000
         python3-3511    [008] .....  1211.729757: amdgpu_device_wreg: 0x13fe, 0x00003d87, 0x0800531d
         python3-3511    [008] .....  1211.729758: amdgpu_device_wreg: 0x13fe, 0x00003d9e, 0x0b092492
         python3-3511    [008] .....  1211.729759: amdgpu_device_wreg: 0x13fe, 0x00003d9f, 0x00080000
         python3-3511    [008] .....  1211.729759: amdgpu_device_wreg: 0x13fe, 0x00003da0, 0x00000301
         python3-3511    [008] .....  1211.729760: amdgpu_device_wreg: 0x13fe, 0x00003da5, 0x00000000
         python3-3511    [008] .....  1211.729760: amdgpu_device_wreg: 0x13fe, 0x00003da3, 0x000001fa
         python3-3511    [008] .....  1211.729761: amdgpu_device_wreg: 0x13fe, 0x00003da4, 0x000001fa
         python3-3511    [008] .....  1211.729762: amdgpu_device_wreg: 0x13fe, 0x00003da7, 0x00000000
         python3-3511    [008] .....  1211.729762: amdgpu_device_wreg: 0x13fe, 0x00003db0, 0x0000014b
         python3-3511    [008] .....  1211.729763: amdgpu_device_wreg: 0x13fe, 0x00003d84, 0x00004db0
         python3-3511    [008] .....  1211.729764: amdgpu_device_wreg: 0x13fe, 0x00003d86, 0x00000000
         python3-3511    [008] .....  1211.729764: amdgpu_device_wreg: 0x13fe, 0x00003d88, 0x000052de
         python3-3511    [008] .....  1211.729765: amdgpu_device_wreg: 0x13fe, 0x00000000, 0x00000000
         python3-3511    [008] .....  1211.729765: amdgpu_device_wreg: 0x13fe, 0x00003d82, 0xe0003284
         python3-3511    [008] .....  1211.729766: amdgpu_device_wreg: 0x13fe, 0x000045d1, 0x00000001
         python3-3511    [008] .....  1211.729768: amdgpu_device_rreg: 0x13fe, 0x000045d1, 0x03100001
         python3-3511    [008] .....  1211.729768: amdgpu_device_wreg: 0x13fe, 0x000045d1, 0x03100001
         python3-3511    [008] .....  1211.729769: amdgpu_device_rreg: 0x13fe, 0x000045d1, 0x03100001
         python3-3511    [008] .....  1211.729770: amdgpu_device_wreg: 0x13fe, 0x000045d1, 0x03100001
         python3-3511    [008] .....  1211.729771: amdgpu_device_rreg: 0x13fe, 0x000045d1, 0x03100001
         python3-3511    [008] .....  1211.729772: amdgpu_device_wreg: 0x13fe, 0x000045d1, 0x03100001
         python3-3511    [008] .....  1211.729773: amdgpu_device_rreg: 0x13fe, 0x000045d1, 0x03100001
         python3-3511    [008] .....  1211.729774: amdgpu_device_wreg: 0x13fe, 0x000045d1, 0x03100001
         python3-3511    [008] .....  1211.729774: amdgpu_device_wreg: 0x13fe, 0x000045d0, 0x00000008
         python3-3511    [008] .....  1211.729775: amdgpu_device_rreg: 0x13fe, 0x000045d1, 0x03100001
         python3-3511    [008] .....  1211.729776: amdgpu_device_wreg: 0x13fe, 0x000045d1, 0x03100101
         python3-3511    [008] .....  1211.729777: amdgpu_device_wreg: 0x13fe, 0x0000461c, 0x00000000
         python3-3511    [008] .....  1211.729778: amdgpu_device_rreg: 0x13fe, 0x000046a3, 0x00000004
         python3-3511    [008] .....  1211.729779: amdgpu_device_wreg: 0x13fe, 0x000046a3, 0x00000004
         python3-3511    [008] .....  1211.729780: amdgpu_device_rreg: 0x13fe, 0x0000460c, 0x00000000
         python3-3511    [008] .....  1211.729781: amdgpu_device_wreg: 0x13fe, 0x0000460c, 0x00000000
         python3-3511    [008] .....  1211.729782: amdgpu_device_rreg: 0x13fe, 0x00004609, 0x00000000
         python3-3511    [008] .....  1211.729782: amdgpu_device_wreg: 0x13fe, 0x00004609, 0x00000000
         python3-3511    [008] .....  1211.729783: amdgpu_device_rreg: 0x13fe, 0x00004845, 0x0a040003
         python3-3511    [008] .....  1211.729784: amdgpu_device_wreg: 0x13fe, 0x00004845, 0x0a040000
         python3-3511    [008] .....  1211.729784: amdgpu_device_wreg: 0x13fe, 0x00004782, 0x0000000f
         python3-3511    [008] .....  1211.729785: amdgpu_device_wreg: 0x13fe, 0x00004783, 0x0000000f
         python3-3511    [008] .....  1211.729785: amdgpu_device_wreg: 0x13fe, 0x00004784, 0x0000000f
         python3-3511    [008] .....  1211.729786: amdgpu_device_wreg: 0x13fe, 0x00004787, 0x0000000f
         python3-3511    [008] .....  1211.729786: amdgpu_device_wreg: 0x13fe, 0x0000478b, 0x00000000
         python3-3511    [008] .....  1211.729787: amdgpu_device_wreg: 0x13fe, 0x0000478c, 0x00000000
         python3-3511    [008] .....  1211.729787: amdgpu_device_wreg: 0x13fe, 0x0000478d, 0x00000000
         python3-3511    [008] .....  1211.729788: amdgpu_device_wreg: 0x13fe, 0x00004783, 0x0000000f
         python3-3511    [008] .....  1211.729789: amdgpu_device_rreg: 0x13fe, 0x00004785, 0xffff0423
         python3-3511    [008] .....  1211.729790: amdgpu_device_wreg: 0x13fe, 0x00004785, 0xffff0422
         python3-3511    [008] .....  1211.729790: amdgpu_device_wreg: 0x13fe, 0x00004782, 0x00000003
         python3-3511    [008] .....  1211.729791: amdgpu_device_wreg: 0x13fe, 0x00004784, 0x00000000
         python3-3511    [008] .....  1211.729792: amdgpu_device_wreg: 0x13fe, 0x00004787, 0x00000000
         python3-3511    [008] .....  1211.729792: amdgpu_device_wreg: 0x13fe, 0x00004732, 0x00000003
         python3-3511    [008] .....  1211.729793: amdgpu_device_rreg: 0x13fe, 0x00004734, 0xffff0422
         python3-3511    [008] .....  1211.729794: amdgpu_device_wreg: 0x13fe, 0x00004734, 0xffff0423
         python3-3511    [008] .....  1211.729795: amdgpu_device_rreg: 0x13fe, 0x00004785, 0xffff0422
         python3-3511    [008] .....  1211.729796: amdgpu_device_wreg: 0x13fe, 0x00004785, 0xffff0422
         python3-3511    [008] .....  1211.729797: amdgpu_device_wreg: 0x13fe, 0x00004788, 0x0001f000
         python3-3511    [008] .....  1211.729797: amdgpu_device_wreg: 0x13fe, 0x00004789, 0x0001f000
         python3-3511    [008] .....  1211.729798: amdgpu_device_wreg: 0x13fe, 0x0000478a, 0x0001f000
         python3-3511    [008] .....  1211.729798: amdgpu_device_wreg: 0x13fe, 0x00003d3e, 0x04b003c0
         python3-3511    [008] .....  1211.729799: amdgpu_device_wreg: 0x13fe, 0x00003d3d, 0x000003c0
         python3-3511    [008] .....  1211.729800: amdgpu_device_wreg: 0x13fe, 0x00003d42, 0x04b003c0
         python3-3511    [008] .....  1211.729800: amdgpu_device_wreg: 0x13fe, 0x00003d41, 0x000003c0
         python3-3511    [008] .....  1211.729801: amdgpu_device_wreg: 0x13fe, 0x00003d40, 0x04b003c0
         python3-3511    [008] .....  1211.729801: amdgpu_device_wreg: 0x13fe, 0x00003d3f, 0x000003c0
         python3-3511    [008] .....  1211.729802: amdgpu_device_wreg: 0x13fe, 0x00003d44, 0x04b003c0
         python3-3511    [008] .....  1211.729803: amdgpu_device_wreg: 0x13fe, 0x00003d43, 0x000003c0
         python3-3511    [008] .....  1211.729803: amdgpu_device_wreg: 0x13fe, 0x00004629, 0x00000000
         python3-3511    [008] .....  1211.729804: amdgpu_device_wreg: 0x13fe, 0x0000478e, 0x00000004
         python3-3511    [008] .....  1211.729805: amdgpu_device_wreg: 0x13fe, 0x00000000, 0x00000001
         python3-3511    [008] .....  1211.729805: amdgpu_device_rreg: 0x13fe, 0x00000000, 0x00000000
         python3-3511    [008] .....  1211.729806: amdgpu_device_wreg: 0x13fe, 0x00004a78, 0x00002000
         python3-3511    [008] .....  1211.729807: amdgpu_device_wreg: 0x13fe, 0x00004a79, 0x00000000
         python3-3511    [008] .....  1211.729807: amdgpu_device_wreg: 0x13fe, 0x00004a7a, 0x20000000
         python3-3511    [008] .....  1211.729808: amdgpu_device_wreg: 0x13fe, 0x00004a7b, 0x00000000
         python3-3511    [008] .....  1211.729808: amdgpu_device_wreg: 0x13fe, 0x00004a7c, 0x00000000
         python3-3511    [008] .....  1211.729809: amdgpu_device_wreg: 0x13fe, 0x00004a7d, 0x00002000
         python3-3511    [008] .....  1211.729810: amdgpu_device_wreg: 0x13fe, 0x00004a77, 0x00000001
         python3-3511    [008] .....  1211.729811: amdgpu_device_rreg: 0x13fe, 0x00003d6e, 0x00000000
         python3-3511    [008] .....  1211.729812: amdgpu_device_wreg: 0x13fe, 0x00003d6e, 0x00000000
         python3-3511    [008] .....  1211.729813: amdgpu_device_rreg: 0x13fe, 0x00003d3a, 0x0000123c
         python3-3511    [008] .....  1211.729813: amdgpu_device_wreg: 0x13fe, 0x00003d3a, 0x0000123c
         python3-3511    [008] .....  1211.729814: amdgpu_device_rreg: 0x13fe, 0x00003d3b, 0x00000080
         python3-3511    [008] .....  1211.729815: amdgpu_device_wreg: 0x13fe, 0x00003d3b, 0x00000080
         python3-3511    [008] .....  1211.729816: amdgpu_device_rreg: 0x13fe, 0x00003d5b, 0x0000077f
         python3-3511    [008] .....  1211.729817: amdgpu_device_wreg: 0x13fe, 0x00003d5b, 0x0000077f
         python3-3511    [008] .....  1211.729818: amdgpu_device_rreg: 0x13fe, 0x00003dbe, 0x00e40000
         python3-3511    [008] .....  1211.729819: amdgpu_device_wreg: 0x13fe, 0x00003dbe, 0x00e40000
         python3-3511    [008] .....  1211.729820: amdgpu_device_rreg: 0x13fe, 0x00003d39, 0x00000008
         python3-3511    [008] .....  1211.729821: amdgpu_device_wreg: 0x13fe, 0x00003d39, 0x00000008
         python3-3511    [008] .....  1211.729822: amdgpu_device_rreg: 0x13fe, 0x00003d6f, 0x00000200
         python3-3511    [008] .....  1211.729822: amdgpu_device_wreg: 0x13fe, 0x00003d6f, 0x00000200
         python3-3511    [008] .....  1211.729823: amdgpu_device_rreg: 0x13fe, 0x00003d6f, 0x00000200
         python3-3511    [008] .....  1211.729824: amdgpu_device_wreg: 0x13fe, 0x00003d6f, 0x00000200
         python3-3511    [008] .....  1211.729825: amdgpu_device_rreg: 0x13fe, 0x00003d6f, 0x00000200
         python3-3511    [008] .....  1211.729825: amdgpu_device_wreg: 0x13fe, 0x00003d6f, 0x00000200
         python3-3511    [008] .....  1211.729827: amdgpu_device_rreg: 0x13fe, 0x00003d6e, 0x00000000
         python3-3511    [008] .....  1211.729828: amdgpu_device_wreg: 0x13fe, 0x00003d6e, 0x00000000
         python3-3511    [008] .....  1211.729829: amdgpu_device_wreg: 0x13fe, 0x00003d5f, 0x00000004
         python3-3511    [008] .....  1211.729830: amdgpu_device_wreg: 0x13fe, 0x00003d5e, 0x6e000000
         python3-3511    [008] .....  1211.729831: amdgpu_device_rreg: 0x13fe, 0x00003d47, 0x000f0102
         python3-3511    [008] .....  1211.729832: amdgpu_device_wreg: 0x13fe, 0x00003d47, 0x000f0102
         python3-3511    [008] .....  1211.729833: amdgpu_device_rreg: 0x13fe, 0x000046a2, 0x0001f000
         python3-3511    [008] .....  1211.729834: amdgpu_device_wreg: 0x13fe, 0x000046a2, 0x0001f000
         python3-3511    [008] .....  1211.729834: amdgpu_device_wreg: 0x13fe, 0x000046a8, 0x00000000
         python3-3511    [008] .....  1211.729836: amdgpu_device_rreg: 0x13fe, 0x000046e1, 0x00000010
         python3-3511    [008] .....  1211.729836: amdgpu_device_wreg: 0x13fe, 0x000046e1, 0x00000010
         python3-3511    [008] .....  1211.729837: amdgpu_device_wreg: 0x13fe, 0x00004664, 0x00000000
         python3-3511    [008] .....  1211.729838: amdgpu_device_rreg: 0x13fe, 0x0000461b, 0x00003100
         python3-3511    [008] .....  1211.729839: amdgpu_device_wreg: 0x13fe, 0x0000461b, 0x00003100
         python3-3511    [008] .....  1211.729840: amdgpu_device_rreg: 0x13fe, 0x00004638, 0x00000000
         python3-3511    [008] .....  1211.729841: amdgpu_device_wreg: 0x13fe, 0x00004638, 0x00000000
         python3-3511    [008] .....  1211.729842: amdgpu_device_wreg: 0x13fe, 0x0000478e, 0x00000004
         python3-3511    [008] .....  1211.729842: amdgpu_device_wreg: 0x13fe, 0x00004931, 0x00000000
         python3-3511    [008] .....  1211.729844: amdgpu_device_rreg: 0x13fe, 0x00005001, 0x80011311
         python3-3511    [008] .....  1211.729844: amdgpu_device_wreg: 0x13fe, 0x0000504b, 0x00000000
         python3-3511    [008] .....  1211.729846: amdgpu_device_wreg: 0x13fe, 0x00004ffa, 0x00000001
         python3-3511    [008] d..1.  1211.729854: amdgpu_device_rreg: 0x13fe, 0x00003adb, 0x00000100
         python3-3511    [008] d..1.  1211.729855: amdgpu_device_rreg: 0x13fe, 0x00003ae5, 0x6e000000
         python3-3511    [008] d..1.  1211.729857: amdgpu_device_rreg: 0x13fe, 0x00003ae6, 0x00000004
          <idle>-0       [002] d.h1.  1211.732161: amdgpu_device_rreg: 0x13fe, 0x0000504a, 0x0010d104
          <idle>-0       [002] d.h1.  1211.732163: amdgpu_device_wreg: 0x13fe, 0x0000504a, 0x0011d104
          <idle>-0       [002] d.h4.  1211.732166: amdgpu_device_rreg: 0x13fe, 0x0000500c, 0x0000ddff
          <idle>-0       [002] d.h4.  1211.732167: amdgpu_device_rreg: 0x13fe, 0x00004ff6, 0x002004d0
          <idle>-0       [002] d.h4.  1211.732168: amdgpu_device_rreg: 0x13fe, 0x0000500a, 0x029d000a
          <idle>-0       [002] d.h4.  1211.732170: amdgpu_device_rreg: 0x13fe, 0x0000500b, 0x0000000a
          <idle>-0       [002] d.h4.  1211.732171: amdgpu_device_rreg: 0x13fe, 0x0000500c, 0x0000ddff
          <idle>-0       [002] d.h4.  1211.732173: amdgpu_device_rreg: 0x13fe, 0x00004ff6, 0x002004d0
          <idle>-0       [002] d.h4.  1211.732174: amdgpu_device_rreg: 0x13fe, 0x0000500a, 0x061b000a
          <idle>-0       [002] d.h4.  1211.732175: amdgpu_device_rreg: 0x13fe, 0x0000500b, 0x0000000a
          <idle>-0       [002] d.h4.  1211.732177: amdgpu_device_rreg: 0x13fe, 0x0000500c, 0x0000ddff
          <idle>-0       [002] d.h4.  1211.732179: amdgpu_device_rreg: 0x13fe, 0x00004ff6, 0x002004d0
          <idle>-0       [002] d.h4.  1211.732180: amdgpu_device_rreg: 0x13fe, 0x0000500a, 0x0161000b
          <idle>-0       [002] d.h4.  1211.732181: amdgpu_device_rreg: 0x13fe, 0x0000500b, 0x0000000b
          <idle>-0       [002] d.h4.  1211.732183: amdgpu_device_rreg: 0x13fe, 0x0000500c, 0x0000ddff
          <idle>-0       [002] d.h3.  1211.732186: amdgpu_device_rreg: 0x13fe, 0x00003adb, 0x00000000
          <idle>-0       [002] d.h3.  1211.732187: amdgpu_device_rreg: 0x13fe, 0x00003ae5, 0x6e000000
          <idle>-0       [002] d.h3.  1211.732188: amdgpu_device_rreg: 0x13fe, 0x00003ae6, 0x00000004
          <idle>-0       [002] d.h3.  1211.732191: amdgpu_device_rreg: 0x13fe, 0x00003d6f, 0x00000000
          <idle>-0       [002] d.h3.  1211.732192: amdgpu_device_rreg: 0x13fe, 0x00003d79, 0x6e000000
          <idle>-0       [002] d.h3.  1211.732193: amdgpu_device_rreg: 0x13fe, 0x00003d7a, 0x00000004
probe_native_exit=0
              sh-3501    [010] ...1.  1211.744158: tracing_mark_write: bc250_m9_control_end_native_0
          <idle>-0       [002] d.h1.  1211.748843: amdgpu_device_rreg: 0x13fe, 0x0000504a, 0x0010d104
          <idle>-0       [002] d.h1.  1211.748845: amdgpu_device_wreg: 0x13fe, 0x0000504a, 0x0011d104
          <idle>-0       [002] d.h4.  1211.748847: amdgpu_device_rreg: 0x13fe, 0x0000500c, 0x0000de00
          <idle>-0       [002] d.h4.  1211.748849: amdgpu_device_rreg: 0x13fe, 0x00004ff6, 0x002004d0
          <idle>-0       [002] d.h4.  1211.748850: amdgpu_device_rreg: 0x13fe, 0x0000500a, 0x0382000a
          <idle>-0       [002] d.h4.  1211.748852: amdgpu_device_rreg: 0x13fe, 0x0000500b, 0x0000000a
          <idle>-0       [002] d.h4.  1211.748853: amdgpu_device_rreg: 0x13fe, 0x0000500c, 0x0000de00
          <idle>-0       [002] d.h4.  1211.748855: amdgpu_device_rreg: 0x13fe, 0x00004ff6, 0x002004d0
          <idle>-0       [002] d.h4.  1211.748856: amdgpu_device_rreg: 0x13fe, 0x0000500a, 0x070d000a
          <idle>-0       [002] d.h4.  1211.748858: amdgpu_device_rreg: 0x13fe, 0x0000500b, 0x0000000a
          <idle>-0       [002] d.h4.  1211.748859: amdgpu_device_rreg: 0x13fe, 0x0000500c, 0x0000de00
          <idle>-0       [002] d.h4.  1211.748861: amdgpu_device_rreg: 0x13fe, 0x00004ff6, 0x002004d0
          <idle>-0       [002] d.h4.  1211.748862: amdgpu_device_rreg: 0x13fe, 0x0000500a, 0x0258000b
          <idle>-0       [002] d.h4.  1211.748863: amdgpu_device_rreg: 0x13fe, 0x0000500b, 0x0000000b
          <idle>-0       [002] d.h4.  1211.748865: amdgpu_device_rreg: 0x13fe, 0x0000500c, 0x0000de00
          <idle>-0       [002] d.h1.  1211.765522: amdgpu_device_rreg: 0x13fe, 0x0000504a, 0x0010d104
          <idle>-0       [002] d.h1.  1211.765523: amdgpu_device_wreg: 0x13fe, 0x0000504a, 0x0011d104
          <idle>-0       [002] d.h4.  1211.765526: amdgpu_device_rreg: 0x13fe, 0x0000500c, 0x0000de01
          <idle>-0       [002] d.h4.  1211.765527: amdgpu_device_rreg: 0x13fe, 0x00004ff6, 0x002004d0
          <idle>-0       [002] d.h4.  1211.765528: amdgpu_device_rreg: 0x13fe, 0x0000500a, 0x01e8000a
          <idle>-0       [002] d.h4.  1211.765530: amdgpu_device_rreg: 0x13fe, 0x0000500b, 0x0000000a
          <idle>-0       [002] d.h4.  1211.765531: amdgpu_device_rreg: 0x13fe, 0x0000500c, 0x0000de01
          <idle>-0       [002] d.h4.  1211.765533: amdgpu_device_rreg: 0x13fe, 0x00004ff6, 0x002004d0
          <idle>-0       [002] d.h4.  1211.765534: amdgpu_device_rreg: 0x13fe, 0x0000500a, 0x0554000a
          <idle>-0       [002] d.h4.  1211.765535: amdgpu_device_rreg: 0x13fe, 0x0000500b, 0x0000000a
          <idle>-0       [002] d.h4.  1211.765537: amdgpu_device_rreg: 0x13fe, 0x0000500c, 0x0000de01
          <idle>-0       [002] d.h4.  1211.765538: amdgpu_device_rreg: 0x13fe, 0x00004ff6, 0x002004d0
          <idle>-0       [002] d.h4.  1211.765540: amdgpu_device_rreg: 0x13fe, 0x0000500a, 0x0092000b
          <idle>-0       [002] d.h4.  1211.765541: amdgpu_device_rreg: 0x13fe, 0x0000500b, 0x0000000b
          <idle>-0       [002] d.h4.  1211.765542: amdgpu_device_rreg: 0x13fe, 0x0000500c, 0x0000de01
          <idle>-0       [002] d.s3.  1211.766712: amdgpu_device_rreg: 0x13fe, 0x0000500c, 0x0000de01
          <idle>-0       [002] d.s3.  1211.766714: amdgpu_device_rreg: 0x13fe, 0x00004ff6, 0x002004d0
          <idle>-0       [002] d.s3.  1211.766715: amdgpu_device_rreg: 0x13fe, 0x0000500a, 0x00a90062
          <idle>-0       [002] d.s3.  1211.766716: amdgpu_device_rreg: 0x13fe, 0x0000500b, 0x00000062
          <idle>-0       [002] d.s3.  1211.766718: amdgpu_device_rreg: 0x13fe, 0x0000500c, 0x0000de01
          <idle>-0       [002] d.s3.  1211.766719: amdgpu_device_rreg: 0x13fe, 0x00004ff6, 0x002004d0
          <idle>-0       [002] d.s3.  1211.766720: amdgpu_device_rreg: 0x13fe, 0x0000500a, 0x040d0062
          <idle>-0       [002] d.s3.  1211.766722: amdgpu_device_rreg: 0x13fe, 0x0000500b, 0x00000062
          <idle>-0       [002] d.s3.  1211.766723: amdgpu_device_rreg: 0x13fe, 0x0000500c, 0x0000de01
          <idle>-0       [002] d.s3.  1211.766725: amdgpu_device_rreg: 0x13fe, 0x00004ff6, 0x002004d0
          <idle>-0       [002] d.s3.  1211.766726: amdgpu_device_rreg: 0x13fe, 0x0000500a, 0x076e0062
          <idle>-0       [002] d.s3.  1211.766727: amdgpu_device_rreg: 0x13fe, 0x0000500b, 0x00000063
          <idle>-0       [002] d.s3.  1211.766729: amdgpu_device_rreg: 0x13fe, 0x0000500c, 0x0000de01
          <idle>-0       [002] d.s4.  1211.766731: amdgpu_device_rreg: 0x13fe, 0x0000504a, 0x00101104
          <idle>-0       [002] d.s4.  1211.766732: amdgpu_device_wreg: 0x13fe, 0x0000504a, 0x00111104
          <idle>-0       [002] d.s4.  1211.766733: amdgpu_device_rreg: 0x13fe, 0x0000504a, 0x00101104
          <idle>-0       [002] d.s4.  1211.766734: amdgpu_device_wreg: 0x13fe, 0x0000504a, 0x00100104
     kworker/9:1-313     [009] .....  1211.866980: amdgpu_device_rreg: 0x13fe, 0x00004ff6, 0x002004d0
     kworker/9:1-313     [009] .....  1211.866988: amdgpu_device_rreg: 0x13fe, 0x0000500a, 0x010e0070
     kworker/9:1-313     [009] .....  1211.866989: amdgpu_device_rreg: 0x13fe, 0x0000500b, 0x00000070
     kworker/9:1-313     [009] .....  1211.866994: amdgpu_device_rreg: 0x13fe, 0x00004ff6, 0x002004d0
     kworker/9:1-313     [009] .....  1211.866996: amdgpu_device_rreg: 0x13fe, 0x0000500a, 0x05bd0070
     kworker/9:1-313     [009] .....  1211.866997: amdgpu_device_rreg: 0x13fe, 0x0000500b, 0x00000070
     kworker/9:1-313     [009] .....  1211.867010: amdgpu_device_rreg: 0x13fe, 0x0000500c, 0x0000de07
     kworker/9:1-313     [009] .....  1211.867012: amdgpu_device_rreg: 0x13fe, 0x00004ff6, 0x002004d0
     kworker/9:1-313     [009] .....  1211.867013: amdgpu_device_rreg: 0x13fe, 0x0000500a, 0x00080072
     kworker/9:1-313     [009] .....  1211.867014: amdgpu_device_rreg: 0x13fe, 0x0000500b, 0x00000072
     kworker/9:1-313     [009] .....  1211.867016: amdgpu_device_rreg: 0x13fe, 0x0000500c, 0x0000de07
     kworker/9:1-313     [009] .....  1211.867018: amdgpu_device_rreg: 0x13fe, 0x00004ff6, 0x002004d0
     kworker/9:1-313     [009] .....  1211.867019: amdgpu_device_rreg: 0x13fe, 0x0000500a, 0x03ad0072
     kworker/9:1-313     [009] .....  1211.867020: amdgpu_device_rreg: 0x13fe, 0x0000500b, 0x00000072
     kworker/9:1-313     [009] d..4.  1211.867026: amdgpu_device_rreg: 0x13fe, 0x0000504a, 0x00104104
     kworker/9:1-313     [009] d..4.  1211.867027: amdgpu_device_wreg: 0x13fe, 0x0000504a, 0x00114104
     kworker/9:1-313     [009] d..4.  1211.867029: amdgpu_device_rreg: 0x13fe, 0x0000504a, 0x00100104
     kworker/9:1-313     [009] d..4.  1211.867030: amdgpu_device_wreg: 0x13fe, 0x0000504a, 0x00101104
     kworker/9:1-313     [009] d..3.  1211.867034: amdgpu_device_rreg: 0x13fe, 0x0000500c, 0x0000de07
     kworker/9:1-313     [009] d..3.  1211.867036: amdgpu_device_rreg: 0x13fe, 0x00004ff6, 0x002004d0
     kworker/9:1-313     [009] d..3.  1211.867037: amdgpu_device_rreg: 0x13fe, 0x0000500a, 0x065d0073
     kworker/9:1-313     [009] d..3.  1211.867038: amdgpu_device_rreg: 0x13fe, 0x0000500b, 0x00000073
     kworker/9:1-313     [009] d..3.  1211.867040: amdgpu_device_rreg: 0x13fe, 0x0000500c, 0x0000de07
     kworker/9:1-313     [009] d..3.  1211.867042: amdgpu_device_rreg: 0x13fe, 0x00004ff6, 0x002004d0
     kworker/9:1-313     [009] d..3.  1211.867043: amdgpu_device_rreg: 0x13fe, 0x0000500a, 0x02010074
     kworker/9:1-313     [009] d..3.  1211.867045: amdgpu_device_rreg: 0x13fe, 0x0000500b, 0x00000074
     kworker/9:1-313     [009] d..3.  1211.867047: amdgpu_device_rreg: 0x13fe, 0x0000500c, 0x0000de07
     kworker/9:1-313     [009] d..3.  1211.867049: amdgpu_device_rreg: 0x13fe, 0x00004ff6, 0x002004d0
     kworker/9:1-313     [009] d..3.  1211.867050: amdgpu_device_rreg: 0x13fe, 0x0000500a, 0x05ea0074
     kworker/9:1-313     [009] d..3.  1211.867051: amdgpu_device_rreg: 0x13fe, 0x0000500b, 0x00000074
     kworker/9:1-313     [009] d..3.  1211.867053: amdgpu_device_rreg: 0x13fe, 0x0000500c, 0x0000de07
     kworker/9:1-313     [009] .....  1211.867508: amdgpu_device_wreg: 0x13fe, 0x000039c6, 0x00000bb8
     kworker/9:1-313     [009] .....  1211.867515: amdgpu_device_rreg: 0x13fe, 0x000039c5, 0x00440100
     kworker/9:1-313     [009] .....  1211.867516: amdgpu_device_wreg: 0x13fe, 0x000039c5, 0x00440100
     kworker/9:1-313     [009] .....  1211.867518: amdgpu_device_rreg: 0x13fe, 0x000039c8, 0x00000000
     kworker/9:1-313     [009] .....  1211.867518: amdgpu_device_wreg: 0x13fe, 0x000039c8, 0x00000000
     kworker/9:1-313     [009] .....  1211.867522: amdgpu_device_rreg: 0x13fe, 0x00004d14, 0x00000000
     kworker/9:1-313     [009] .....  1211.867523: amdgpu_device_rreg: 0x13fe, 0x00004d1b, 0x00000000
     kworker/9:1-313     [009] .....  1211.867525: amdgpu_device_rreg: 0x13fe, 0x00004d14, 0x00000000
     kworker/9:1-313     [009] .....  1211.867526: amdgpu_device_rreg: 0x13fe, 0x00004d1b, 0x00000000
     kworker/9:1-313     [009] .....  1211.867529: amdgpu_device_rreg: 0x13fe, 0x00005001, 0x80011311
     kworker/9:1-313     [009] .....  1211.867531: amdgpu_device_wreg: 0x13fe, 0x00005050, 0x00000000
     kworker/9:1-313     [009] .....  1211.867532: amdgpu_device_wreg: 0x13fe, 0x0000504b, 0x00000001
     kworker/9:1-313     [009] .....  1211.867533: amdgpu_device_rreg: 0x13fe, 0x0000504b, 0x00000101
     kworker/9:1-313     [009] .....  1211.867537: amdgpu_device_rreg: 0x13fe, 0x00003adc, 0x00000040
     kworker/9:1-313     [009] .....  1211.867539: amdgpu_device_rreg: 0x13fe, 0x00003d70, 0x00000040
     kworker/9:1-313     [009] .....  1211.867542: amdgpu_device_rreg: 0x13fe, 0x00003adc, 0x00000040
     kworker/9:1-313     [009] .....  1211.867543: amdgpu_device_rreg: 0x13fe, 0x00003d70, 0x00000040
     kworker/9:1-313     [009] .....  1211.867550: amdgpu_device_wreg: 0x13fe, 0x00005047, 0x00000017
     kworker/9:1-313     [009] .....  1211.867551: amdgpu_device_wreg: 0x13fe, 0x00005048, 0x012f0208
     kworker/9:1-313     [009] .....  1211.867552: amdgpu_device_wreg: 0x13fe, 0x00005049, 0x0000018b
     kworker/9:1-313     [009] .....  1211.867554: amdgpu_device_rreg: 0x13fe, 0x000039e8, 0x84d00000
     kworker/9:1-313     [009] .....  1211.867555: amdgpu_device_wreg: 0x13fe, 0x000039e8, 0x84d00000
     kworker/9:1-313     [009] .....  1211.867556: amdgpu_device_wreg: 0x13fe, 0x00005026, 0x0000000a
     kworker/9:1-313     [009] .....  1211.867559: amdgpu_device_wreg: 0x13fe, 0x00004d16, 0x078004b0
     kworker/9:1-313     [009] .....  1211.867560: amdgpu_device_wreg: 0x13fe, 0x00004d1a, 0x00000000
     kworker/9:1-313     [009] .....  1211.867561: amdgpu_device_wreg: 0x13fe, 0x00004d14, 0x00000000
     kworker/9:1-313     [009] .....  1211.867562: amdgpu_device_wreg: 0x13fe, 0x00004d17, 0x00000000
     kworker/9:1-313     [009] .....  1211.867563: amdgpu_device_wreg: 0x13fe, 0x00004d18, 0x00000000
     kworker/9:1-313     [009] .....  1211.867564: amdgpu_device_wreg: 0x13fe, 0x00004d19, 0x00000000
     kworker/9:1-313     [009] .....  1211.867565: amdgpu_device_wreg: 0x13fe, 0x00004d15, 0x00000000
     kworker/9:1-313     [009] .....  1211.867567: amdgpu_device_rreg: 0x13fe, 0x00003ab4, 0x00f11111
     kworker/9:1-313     [009] .....  1211.867568: amdgpu_device_wreg: 0x13fe, 0x00003ab4, 0x00f11111
     kworker/9:1-313     [009] .....  1211.867570: amdgpu_device_rreg: 0x13fe, 0x00004d4c, 0x00000003
     kworker/9:1-313     [009] .....  1211.867571: amdgpu_device_wreg: 0x13fe, 0x00004d4c, 0x00000003
     kworker/9:1-313     [009] .....  1211.867573: amdgpu_device_rreg: 0x13fe, 0x00004185, 0xf0000010
     kworker/9:1-313     [009] .....  1211.867574: amdgpu_device_wreg: 0x13fe, 0x00004185, 0xf0000010
     kworker/9:1-313     [009] .....  1211.867576: amdgpu_device_rreg: 0x13fe, 0x00003ab3, 0x000f0102
     kworker/9:1-313     [009] .....  1211.867577: amdgpu_device_wreg: 0x13fe, 0x00003ab3, 0x000f0102
     kworker/9:1-313     [009] .....  1211.867579: amdgpu_device_wreg: 0x13fe, 0x00003ab6, 0x00000100
     kworker/9:1-313     [009] .....  1211.867580: amdgpu_device_rreg: 0x13fe, 0x00003ab3, 0x000f0102
     kworker/9:1-313     [009] .....  1211.867581: amdgpu_device_wreg: 0x13fe, 0x00003ab3, 0x000f0102
     kworker/9:1-313     [009] .....  1211.867583: amdgpu_device_rreg: 0x13fe, 0x00003b2a, 0x00e40000
     kworker/9:1-313     [009] .....  1211.867584: amdgpu_device_wreg: 0x13fe, 0x00003b2a, 0x00e40000
     kworker/9:1-313     [009] .....  1211.867585: amdgpu_device_wreg: 0x13fe, 0x00003aec, 0x00000056
     kworker/9:1-313     [009] .....  1211.867586: amdgpu_device_wreg: 0x13fe, 0x00003ab1, 0x000d1b00
     kworker/9:1-313     [009] .....  1211.867587: amdgpu_device_wreg: 0x13fe, 0x00003ab2, 0x00000000
     kworker/9:1-313     [009] .....  1211.867589: amdgpu_device_wreg: 0x13fe, 0x00003b06, 0x00200024
     kworker/9:1-313     [009] .....  1211.867590: amdgpu_device_wreg: 0x13fe, 0x00003b07, 0x00001340
     kworker/9:1-313     [009] .....  1211.867591: amdgpu_device_wreg: 0x13fe, 0x00003b08, 0x0002a353
     kworker/9:1-313     [009] .....  1211.867591: amdgpu_device_wreg: 0x13fe, 0x00003b09, 0x00000198
     kworker/9:1-313     [009] .....  1211.867593: amdgpu_device_wreg: 0x13fe, 0x00003b1f, 0x000298ef
     kworker/9:1-313     [009] .....  1211.867594: amdgpu_device_wreg: 0x13fe, 0x00003b0d, 0x000001fa
     kworker/9:1-313     [009] .....  1211.867595: amdgpu_device_wreg: 0x13fe, 0x00003b18, 0x00000020
     kworker/9:1-313     [009] .....  1211.867596: amdgpu_device_wreg: 0x13fe, 0x00003b19, 0x0000151a
     kworker/9:1-313     [009] .....  1211.867597: amdgpu_device_wreg: 0x13fe, 0x00003b1d, 0x0000026f
     kworker/9:1-313     [009] .....  1211.867597: amdgpu_device_wreg: 0x13fe, 0x00003b0e, 0x00000000
     kworker/9:1-313     [009] .....  1211.867599: amdgpu_device_wreg: 0x13fe, 0x00003b1a, 0x00000020
     kworker/9:1-313     [009] .....  1211.867600: amdgpu_device_wreg: 0x13fe, 0x00003b1b, 0x00000000
     kworker/9:1-313     [009] .....  1211.867601: amdgpu_device_wreg: 0x13fe, 0x00003aed, 0x0a8d0000
     kworker/9:1-313     [009] .....  1211.867602: amdgpu_device_wreg: 0x13fe, 0x00003aef, 0x08009bd8
     kworker/9:1-313     [009] .....  1211.867603: amdgpu_device_wreg: 0x13fe, 0x00003af1, 0x08000000
     kworker/9:1-313     [009] .....  1211.867604: amdgpu_device_wreg: 0x13fe, 0x00003af3, 0x0800531d
     kworker/9:1-313     [009] .....  1211.867605: amdgpu_device_wreg: 0x13fe, 0x00003b0a, 0x0b092492
     kworker/9:1-313     [009] .....  1211.867606: amdgpu_device_wreg: 0x13fe, 0x00003b0b, 0x00080000
     kworker/9:1-313     [009] .....  1211.867607: amdgpu_device_wreg: 0x13fe, 0x00003b0c, 0x00000301
     kworker/9:1-313     [009] .....  1211.867608: amdgpu_device_wreg: 0x13fe, 0x00003b11, 0x00000000
     kworker/9:1-313     [009] .....  1211.867609: amdgpu_device_wreg: 0x13fe, 0x00003b0f, 0x000001fa
     kworker/9:1-313     [009] .....  1211.867610: amdgpu_device_wreg: 0x13fe, 0x00003b10, 0x000001fa
     kworker/9:1-313     [009] .....  1211.867611: amdgpu_device_wreg: 0x13fe, 0x00003b13, 0x00000000
     kworker/9:1-313     [009] .....  1211.867612: amdgpu_device_wreg: 0x13fe, 0x00003b1c, 0x0000014b
     kworker/9:1-313     [009] .....  1211.867613: amdgpu_device_wreg: 0x13fe, 0x00003af0, 0x00004db0
     kworker/9:1-313     [009] .....  1211.867614: amdgpu_device_wreg: 0x13fe, 0x00003af2, 0x00000000
     kworker/9:1-313     [009] .....  1211.867615: amdgpu_device_wreg: 0x13fe, 0x00003af4, 0x000052de
     kworker/9:1-313     [009] .....  1211.867616: amdgpu_device_wreg: 0x13fe, 0x00000000, 0x00000000
     kworker/9:1-313     [009] .....  1211.867618: amdgpu_device_wreg: 0x13fe, 0x00003aee, 0xe0003284
     kworker/9:1-313     [009] .....  1211.867620: amdgpu_device_wreg: 0x13fe, 0x00004190, 0x00000001
     kworker/9:1-313     [009] .....  1211.867621: amdgpu_device_rreg: 0x13fe, 0x00004190, 0x03100001
     kworker/9:1-313     [009] .....  1211.867622: amdgpu_device_wreg: 0x13fe, 0x00004190, 0x03100001
     kworker/9:1-313     [009] .....  1211.867623: amdgpu_device_rreg: 0x13fe, 0x00004190, 0x03100001
     kworker/9:1-313     [009] .....  1211.867625: amdgpu_device_wreg: 0x13fe, 0x00004190, 0x03100001
     kworker/9:1-313     [009] .....  1211.867626: amdgpu_device_rreg: 0x13fe, 0x00004190, 0x03100001
     kworker/9:1-313     [009] .....  1211.867627: amdgpu_device_wreg: 0x13fe, 0x00004190, 0x03100001
     kworker/9:1-313     [009] .....  1211.867629: amdgpu_device_rreg: 0x13fe, 0x00004190, 0x03100001
     kworker/9:1-313     [009] .....  1211.867630: amdgpu_device_wreg: 0x13fe, 0x00004190, 0x03100001
     kworker/9:1-313     [009] .....  1211.867631: amdgpu_device_wreg: 0x13fe, 0x0000418f, 0x00000008
     kworker/9:1-313     [009] .....  1211.867632: amdgpu_device_rreg: 0x13fe, 0x00004190, 0x03100001
     kworker/9:1-313     [009] .....  1211.867633: amdgpu_device_wreg: 0x13fe, 0x00004190, 0x03100101
     kworker/9:1-313     [009] .....  1211.867635: amdgpu_device_wreg: 0x13fe, 0x000041db, 0x00000000
     kworker/9:1-313     [009] .....  1211.867637: amdgpu_device_rreg: 0x13fe, 0x00004262, 0x00000004
     kworker/9:1-313     [009] .....  1211.867638: amdgpu_device_wreg: 0x13fe, 0x00004262, 0x00000004
     kworker/9:1-313     [009] .....  1211.867639: amdgpu_device_rreg: 0x13fe, 0x000041cb, 0x00000000
     kworker/9:1-313     [009] .....  1211.867640: amdgpu_device_wreg: 0x13fe, 0x000041cb, 0x00000000
     kworker/9:1-313     [009] .....  1211.867645: amdgpu_device_rreg: 0x13fe, 0x000041c8, 0x00000000
     kworker/9:1-313     [009] .....  1211.867646: amdgpu_device_wreg: 0x13fe, 0x000041c8, 0x00000000
     kworker/9:1-313     [009] .....  1211.867649: amdgpu_device_rreg: 0x13fe, 0x00004845, 0x0a040000
     kworker/9:1-313     [009] .....  1211.867650: amdgpu_device_wreg: 0x13fe, 0x00004845, 0x0a040003
     kworker/9:1-313     [009] .....  1211.867651: amdgpu_device_wreg: 0x13fe, 0x00004731, 0x0000000f
     kworker/9:1-313     [009] .....  1211.867652: amdgpu_device_wreg: 0x13fe, 0x00004732, 0x0000000f
     kworker/9:1-313     [009] .....  1211.867653: amdgpu_device_wreg: 0x13fe, 0x00004733, 0x0000000f
     kworker/9:1-313     [009] .....  1211.867654: amdgpu_device_wreg: 0x13fe, 0x00004736, 0x0000000f
     kworker/9:1-313     [009] .....  1211.867655: amdgpu_device_wreg: 0x13fe, 0x0000473a, 0x00000000
     kworker/9:1-313     [009] .....  1211.867656: amdgpu_device_wreg: 0x13fe, 0x0000473b, 0x00000000
     kworker/9:1-313     [009] .....  1211.867657: amdgpu_device_wreg: 0x13fe, 0x0000473c, 0x00000000
     kworker/9:1-313     [009] .....  1211.867659: amdgpu_device_wreg: 0x13fe, 0x00004732, 0x0000000f
     kworker/9:1-313     [009] .....  1211.867661: amdgpu_device_rreg: 0x13fe, 0x00004734, 0xffff0423
     kworker/9:1-313     [009] .....  1211.867662: amdgpu_device_wreg: 0x13fe, 0x00004734, 0xffff0422
     kworker/9:1-313     [009] .....  1211.867662: amdgpu_device_wreg: 0x13fe, 0x00004731, 0x00000000
     kworker/9:1-313     [009] .....  1211.867663: amdgpu_device_wreg: 0x13fe, 0x00004733, 0x00000000
     kworker/9:1-313     [009] .....  1211.867665: amdgpu_device_wreg: 0x13fe, 0x00004736, 0x00000000
     kworker/9:1-313     [009] .....  1211.867666: amdgpu_device_wreg: 0x13fe, 0x00004783, 0x00000000
     kworker/9:1-313     [009] .....  1211.867667: amdgpu_device_rreg: 0x13fe, 0x00004785, 0xffff0422
     kworker/9:1-313     [009] .....  1211.867668: amdgpu_device_wreg: 0x13fe, 0x00004785, 0xffff0423
     kworker/9:1-313     [009] .....  1211.867670: amdgpu_device_rreg: 0x13fe, 0x00004734, 0xffff0422
     kworker/9:1-313     [009] .....  1211.867671: amdgpu_device_wreg: 0x13fe, 0x00004734, 0xffff0422
     kworker/9:1-313     [009] .....  1211.867672: amdgpu_device_wreg: 0x13fe, 0x00004737, 0x0001f000
     kworker/9:1-313     [009] .....  1211.867672: amdgpu_device_wreg: 0x13fe, 0x00004738, 0x0001f000
     kworker/9:1-313     [009] .....  1211.867673: amdgpu_device_wreg: 0x13fe, 0x00004739, 0x0001f000
     kworker/9:1-313     [009] .....  1211.867676: amdgpu_device_wreg: 0x13fe, 0x00003aaa, 0x04b003c0
     kworker/9:1-313     [009] .....  1211.867677: amdgpu_device_wreg: 0x13fe, 0x00003aa9, 0x00000000
     kworker/9:1-313     [009] .....  1211.867678: amdgpu_device_wreg: 0x13fe, 0x00003aae, 0x04b003c0
     kworker/9:1-313     [009] .....  1211.867679: amdgpu_device_wreg: 0x13fe, 0x00003aad, 0x00000000
     kworker/9:1-313     [009] .....  1211.867680: amdgpu_device_wreg: 0x13fe, 0x00003aac, 0x04b003c0
     kworker/9:1-313     [009] .....  1211.867682: amdgpu_device_wreg: 0x13fe, 0x00003aab, 0x00000000
     kworker/9:1-313     [009] .....  1211.867682: amdgpu_device_wreg: 0x13fe, 0x00003ab0, 0x04b003c0
     kworker/9:1-313     [009] .....  1211.867683: amdgpu_device_wreg: 0x13fe, 0x00003aaf, 0x00000000
     kworker/9:1-313     [009] .....  1211.867685: amdgpu_device_wreg: 0x13fe, 0x000041e8, 0x00000000
     kworker/9:1-313     [009] .....  1211.867686: amdgpu_device_wreg: 0x13fe, 0x0000473d, 0x00000004
     kworker/9:1-313     [009] .....  1211.867687: amdgpu_device_wreg: 0x13fe, 0x00000000, 0x00000001
     kworker/9:1-313     [009] .....  1211.867688: amdgpu_device_rreg: 0x13fe, 0x00000000, 0x00000000
     kworker/9:1-313     [009] .....  1211.867689: amdgpu_device_wreg: 0x13fe, 0x00004a78, 0x00002000
     kworker/9:1-313     [009] .....  1211.867690: amdgpu_device_wreg: 0x13fe, 0x00004a79, 0x00000000
     kworker/9:1-313     [009] .....  1211.867692: amdgpu_device_wreg: 0x13fe, 0x00004a7a, 0x20000000
     kworker/9:1-313     [009] .....  1211.867692: amdgpu_device_wreg: 0x13fe, 0x00004a7b, 0x00000000
     kworker/9:1-313     [009] .....  1211.867693: amdgpu_device_wreg: 0x13fe, 0x00004a7c, 0x00000000
     kworker/9:1-313     [009] .....  1211.867694: amdgpu_device_wreg: 0x13fe, 0x00004a7d, 0x00002000
     kworker/9:1-313     [009] .....  1211.867695: amdgpu_device_wreg: 0x13fe, 0x00004a77, 0x00000001
     kworker/9:1-313     [009] .....  1211.867697: amdgpu_device_rreg: 0x13fe, 0x00003ada, 0x00000000
     kworker/9:1-313     [009] .....  1211.867698: amdgpu_device_wreg: 0x13fe, 0x00003ada, 0x00000000
     kworker/9:1-313     [009] .....  1211.867700: amdgpu_device_rreg: 0x13fe, 0x00003aa6, 0x0000123c
     kworker/9:1-313     [009] .....  1211.867700: amdgpu_device_wreg: 0x13fe, 0x00003aa6, 0x0000123c
     kworker/9:1-313     [009] .....  1211.867702: amdgpu_device_rreg: 0x13fe, 0x00003aa7, 0x00000080
     kworker/9:1-313     [009] .....  1211.867703: amdgpu_device_wreg: 0x13fe, 0x00003aa7, 0x00000080
     kworker/9:1-313     [009] .....  1211.867716: amdgpu_device_rreg: 0x13fe, 0x00003ac7, 0x0000077f
     kworker/9:1-313     [009] .....  1211.867717: amdgpu_device_wreg: 0x13fe, 0x00003ac7, 0x0000077f
     kworker/9:1-313     [009] .....  1211.867719: amdgpu_device_rreg: 0x13fe, 0x00003b2a, 0x00e40000
     kworker/9:1-313     [009] .....  1211.867719: amdgpu_device_wreg: 0x13fe, 0x00003b2a, 0x00e40000
     kworker/9:1-313     [009] .....  1211.867721: amdgpu_device_rreg: 0x13fe, 0x00003aa5, 0x00000008
     kworker/9:1-313     [009] .....  1211.867722: amdgpu_device_wreg: 0x13fe, 0x00003aa5, 0x00000008
     kworker/9:1-313     [009] .....  1211.867724: amdgpu_device_rreg: 0x13fe, 0x00003adb, 0x00000200
     kworker/9:1-313     [009] .....  1211.867725: amdgpu_device_wreg: 0x13fe, 0x00003adb, 0x00000200
     kworker/9:1-313     [009] .....  1211.867726: amdgpu_device_rreg: 0x13fe, 0x00003adb, 0x00000200
     kworker/9:1-313     [009] .....  1211.867727: amdgpu_device_wreg: 0x13fe, 0x00003adb, 0x00000200
     kworker/9:1-313     [009] .....  1211.867729: amdgpu_device_rreg: 0x13fe, 0x00003adb, 0x00000200
     kworker/9:1-313     [009] .....  1211.867730: amdgpu_device_wreg: 0x13fe, 0x00003adb, 0x00000200
     kworker/9:1-313     [009] .....  1211.867731: amdgpu_device_rreg: 0x13fe, 0x00003ada, 0x00000000
     kworker/9:1-313     [009] .....  1211.867732: amdgpu_device_wreg: 0x13fe, 0x00003ada, 0x00000000
     kworker/9:1-313     [009] .....  1211.867733: amdgpu_device_wreg: 0x13fe, 0x00003acb, 0x00000004
     kworker/9:1-313     [009] .....  1211.867734: amdgpu_device_wreg: 0x13fe, 0x00003aca, 0x6e000000
     kworker/9:1-313     [009] .....  1211.867736: amdgpu_device_rreg: 0x13fe, 0x00003ab3, 0x000f0102
     kworker/9:1-313     [009] .....  1211.867737: amdgpu_device_wreg: 0x13fe, 0x00003ab3, 0x000f0102
     kworker/9:1-313     [009] .....  1211.867740: amdgpu_device_rreg: 0x13fe, 0x00004261, 0x0001f000
     kworker/9:1-313     [009] .....  1211.867740: amdgpu_device_wreg: 0x13fe, 0x00004261, 0x0001f000
     kworker/9:1-313     [009] .....  1211.867743: amdgpu_device_wreg: 0x13fe, 0x00004267, 0x00000000
     kworker/9:1-313     [009] .....  1211.867745: amdgpu_device_rreg: 0x13fe, 0x000042a0, 0x00000010
     kworker/9:1-313     [009] .....  1211.867745: amdgpu_device_wreg: 0x13fe, 0x000042a0, 0x00000010
     kworker/9:1-313     [009] .....  1211.867747: amdgpu_device_wreg: 0x13fe, 0x00004223, 0x00000000
     kworker/9:1-313     [009] .....  1211.867749: amdgpu_device_rreg: 0x13fe, 0x000041da, 0x00003100
     kworker/9:1-313     [009] .....  1211.867750: amdgpu_device_wreg: 0x13fe, 0x000041da, 0x00003100
     kworker/9:1-313     [009] .....  1211.867751: amdgpu_device_rreg: 0x13fe, 0x000041f7, 0x00000000
     kworker/9:1-313     [009] .....  1211.867752: amdgpu_device_wreg: 0x13fe, 0x000041f7, 0x00000000
     kworker/9:1-313     [009] .....  1211.867754: amdgpu_device_wreg: 0x13fe, 0x0000473d, 0x00000004
     kworker/9:1-313     [009] .....  1211.867755: amdgpu_device_wreg: 0x13fe, 0x0000486e, 0x00000000
     kworker/9:1-313     [009] .....  1211.867757: amdgpu_device_rreg: 0x13fe, 0x00003d48, 0x00f11111
     kworker/9:1-313     [009] .....  1211.867758: amdgpu_device_wreg: 0x13fe, 0x00003d48, 0x00f11111
     kworker/9:1-313     [009] .....  1211.867759: amdgpu_device_rreg: 0x13fe, 0x00004d4c, 0x00000003
     kworker/9:1-313     [009] .....  1211.867760: amdgpu_device_wreg: 0x13fe, 0x00004d4c, 0x00000003
     kworker/9:1-313     [009] .....  1211.867762: amdgpu_device_rreg: 0x13fe, 0x000045c6, 0xf0000010
     kworker/9:1-313     [009] .....  1211.867763: amdgpu_device_wreg: 0x13fe, 0x000045c6, 0xf0000010
     kworker/9:1-313     [009] .....  1211.867765: amdgpu_device_rreg: 0x13fe, 0x00003d47, 0x000f0102
     kworker/9:1-313     [009] .....  1211.867766: amdgpu_device_wreg: 0x13fe, 0x00003d47, 0x000f0102
     kworker/9:1-313     [009] .....  1211.867767: amdgpu_device_wreg: 0x13fe, 0x00003d4a, 0x00000100
     kworker/9:1-313     [009] .....  1211.867768: amdgpu_device_rreg: 0x13fe, 0x00003d47, 0x000f0102
     kworker/9:1-313     [009] .....  1211.867769: amdgpu_device_wreg: 0x13fe, 0x00003d47, 0x000f0102
     kworker/9:1-313     [009] .....  1211.867771: amdgpu_device_rreg: 0x13fe, 0x00003dbe, 0x00e40000
     kworker/9:1-313     [009] .....  1211.867772: amdgpu_device_wreg: 0x13fe, 0x00003dbe, 0x00e40000
     kworker/9:1-313     [009] .....  1211.867773: amdgpu_device_wreg: 0x13fe, 0x00003d80, 0x00000056
     kworker/9:1-313     [009] .....  1211.867773: amdgpu_device_wreg: 0x13fe, 0x00003d45, 0x000d1b00
     kworker/9:1-313     [009] .....  1211.867774: amdgpu_device_wreg: 0x13fe, 0x00003d46, 0x00000000
     kworker/9:1-313     [009] .....  1211.867775: amdgpu_device_wreg: 0x13fe, 0x00003d9a, 0x00200024
     kworker/9:1-313     [009] .....  1211.867776: amdgpu_device_wreg: 0x13fe, 0x00003d9b, 0x00001340
     kworker/9:1-313     [009] .....  1211.867777: amdgpu_device_wreg: 0x13fe, 0x00003d9c, 0x0002a353
     kworker/9:1-313     [009] .....  1211.867778: amdgpu_device_wreg: 0x13fe, 0x00003d9d, 0x00000198
     kworker/9:1-313     [009] .....  1211.867779: amdgpu_device_wreg: 0x13fe, 0x00003db3, 0x000298ef
     kworker/9:1-313     [009] .....  1211.867779: amdgpu_device_wreg: 0x13fe, 0x00003da1, 0x000001fa
     kworker/9:1-313     [009] .....  1211.867780: amdgpu_device_wreg: 0x13fe, 0x00003dac, 0x00000020
     kworker/9:1-313     [009] .....  1211.867781: amdgpu_device_wreg: 0x13fe, 0x00003dad, 0x0000151a
     kworker/9:1-313     [009] .....  1211.867782: amdgpu_device_wreg: 0x13fe, 0x00003db1, 0x0000026f
     kworker/9:1-313     [009] .....  1211.867783: amdgpu_device_wreg: 0x13fe, 0x00003da2, 0x00000000
     kworker/9:1-313     [009] .....  1211.867784: amdgpu_device_wreg: 0x13fe, 0x00003dae, 0x00000020
     kworker/9:1-313     [009] .....  1211.867784: amdgpu_device_wreg: 0x13fe, 0x00003daf, 0x00000000
     kworker/9:1-313     [009] .....  1211.867786: amdgpu_device_wreg: 0x13fe, 0x00003d81, 0x0a8d0000
     kworker/9:1-313     [009] .....  1211.867786: amdgpu_device_wreg: 0x13fe, 0x00003d83, 0x08009bd8
     kworker/9:1-313     [009] .....  1211.867787: amdgpu_device_wreg: 0x13fe, 0x00003d85, 0x08000000
     kworker/9:1-313     [009] .....  1211.867788: amdgpu_device_wreg: 0x13fe, 0x00003d87, 0x0800531d
     kworker/9:1-313     [009] .....  1211.867789: amdgpu_device_wreg: 0x13fe, 0x00003d9e, 0x0b092492
     kworker/9:1-313     [009] .....  1211.867790: amdgpu_device_wreg: 0x13fe, 0x00003d9f, 0x00080000
     kworker/9:1-313     [009] .....  1211.867791: amdgpu_device_wreg: 0x13fe, 0x00003da0, 0x00000301
     kworker/9:1-313     [009] .....  1211.867792: amdgpu_device_wreg: 0x13fe, 0x00003da5, 0x00000000
     kworker/9:1-313     [009] .....  1211.867793: amdgpu_device_wreg: 0x13fe, 0x00003da3, 0x000001fa
     kworker/9:1-313     [009] .....  1211.867794: amdgpu_device_wreg: 0x13fe, 0x00003da4, 0x000001fa
     kworker/9:1-313     [009] .....  1211.867795: amdgpu_device_wreg: 0x13fe, 0x00003da7, 0x00000000
     kworker/9:1-313     [009] .....  1211.867796: amdgpu_device_wreg: 0x13fe, 0x00003db0, 0x0000014b
     kworker/9:1-313     [009] .....  1211.867797: amdgpu_device_wreg: 0x13fe, 0x00003d84, 0x00004db0
     kworker/9:1-313     [009] .....  1211.867798: amdgpu_device_wreg: 0x13fe, 0x00003d86, 0x00000000
     kworker/9:1-313     [009] .....  1211.867798: amdgpu_device_wreg: 0x13fe, 0x00003d88, 0x000052de
     kworker/9:1-313     [009] .....  1211.867799: amdgpu_device_wreg: 0x13fe, 0x00000000, 0x00000000
     kworker/9:1-313     [009] .....  1211.867800: amdgpu_device_wreg: 0x13fe, 0x00003d82, 0xe0003284
     kworker/9:1-313     [009] .....  1211.867801: amdgpu_device_wreg: 0x13fe, 0x000045d1, 0x00000001
     kworker/9:1-313     [009] .....  1211.867803: amdgpu_device_rreg: 0x13fe, 0x000045d1, 0x03100001
     kworker/9:1-313     [009] .....  1211.867804: amdgpu_device_wreg: 0x13fe, 0x000045d1, 0x03100001
     kworker/9:1-313     [009] .....  1211.867806: amdgpu_device_rreg: 0x13fe, 0x000045d1, 0x03100001
     kworker/9:1-313     [009] .....  1211.867807: amdgpu_device_wreg: 0x13fe, 0x000045d1, 0x03100001
     kworker/9:1-313     [009] .....  1211.867808: amdgpu_device_rreg: 0x13fe, 0x000045d1, 0x03100001
     kworker/9:1-313     [009] .....  1211.867809: amdgpu_device_wreg: 0x13fe, 0x000045d1, 0x03100001
     kworker/9:1-313     [009] .....  1211.867811: amdgpu_device_rreg: 0x13fe, 0x000045d1, 0x03100001
     kworker/9:1-313     [009] .....  1211.867812: amdgpu_device_wreg: 0x13fe, 0x000045d1, 0x03100001
     kworker/9:1-313     [009] .....  1211.867813: amdgpu_device_wreg: 0x13fe, 0x000045d0, 0x00000008
     kworker/9:1-313     [009] .....  1211.867814: amdgpu_device_rreg: 0x13fe, 0x000045d1, 0x03100001
     kworker/9:1-313     [009] .....  1211.867815: amdgpu_device_wreg: 0x13fe, 0x000045d1, 0x03100101
     kworker/9:1-313     [009] .....  1211.867816: amdgpu_device_wreg: 0x13fe, 0x0000461c, 0x00000000
     kworker/9:1-313     [009] .....  1211.867818: amdgpu_device_rreg: 0x13fe, 0x000046a3, 0x00000004
     kworker/9:1-313     [009] .....  1211.867819: amdgpu_device_wreg: 0x13fe, 0x000046a3, 0x00000004
     kworker/9:1-313     [009] .....  1211.867820: amdgpu_device_rreg: 0x13fe, 0x0000460c, 0x00000000
     kworker/9:1-313     [009] .....  1211.867821: amdgpu_device_wreg: 0x13fe, 0x0000460c, 0x00000000
     kworker/9:1-313     [009] .....  1211.867823: amdgpu_device_rreg: 0x13fe, 0x00004609, 0x00000000
     kworker/9:1-313     [009] .....  1211.867824: amdgpu_device_wreg: 0x13fe, 0x00004609, 0x00000000
     kworker/9:1-313     [009] .....  1211.867826: amdgpu_device_rreg: 0x13fe, 0x00004845, 0x0a040003
     kworker/9:1-313     [009] .....  1211.867826: amdgpu_device_wreg: 0x13fe, 0x00004845, 0x0a040000
     kworker/9:1-313     [009] .....  1211.867827: amdgpu_device_wreg: 0x13fe, 0x00004782, 0x0000000f
     kworker/9:1-313     [009] .....  1211.867828: amdgpu_device_wreg: 0x13fe, 0x00004783, 0x0000000f
     kworker/9:1-313     [009] .....  1211.867829: amdgpu_device_wreg: 0x13fe, 0x00004784, 0x0000000f
     kworker/9:1-313     [009] .....  1211.867830: amdgpu_device_wreg: 0x13fe, 0x00004787, 0x0000000f
     kworker/9:1-313     [009] .....  1211.867831: amdgpu_device_wreg: 0x13fe, 0x0000478b, 0x00000000
     kworker/9:1-313     [009] .....  1211.867832: amdgpu_device_wreg: 0x13fe, 0x0000478c, 0x00000000
     kworker/9:1-313     [009] .....  1211.867834: amdgpu_device_wreg: 0x13fe, 0x0000478d, 0x00000000
     kworker/9:1-313     [009] .....  1211.867835: amdgpu_device_wreg: 0x13fe, 0x00004783, 0x0000000f
     kworker/9:1-313     [009] .....  1211.867837: amdgpu_device_rreg: 0x13fe, 0x00004785, 0xffff0423
     kworker/9:1-313     [009] .....  1211.867838: amdgpu_device_wreg: 0x13fe, 0x00004785, 0xffff0422
     kworker/9:1-313     [009] .....  1211.867839: amdgpu_device_wreg: 0x13fe, 0x00004782, 0x00000003
     kworker/9:1-313     [009] .....  1211.867840: amdgpu_device_wreg: 0x13fe, 0x00004784, 0x00000000
     kworker/9:1-313     [009] .....  1211.867841: amdgpu_device_wreg: 0x13fe, 0x00004787, 0x00000000
     kworker/9:1-313     [009] .....  1211.867842: amdgpu_device_wreg: 0x13fe, 0x00004732, 0x00000003
     kworker/9:1-313     [009] .....  1211.867843: amdgpu_device_rreg: 0x13fe, 0x00004734, 0xffff0422
     kworker/9:1-313     [009] .....  1211.867845: amdgpu_device_wreg: 0x13fe, 0x00004734, 0xffff0423
     kworker/9:1-313     [009] .....  1211.867846: amdgpu_device_rreg: 0x13fe, 0x00004785, 0xffff0422
     kworker/9:1-313     [009] .....  1211.867847: amdgpu_device_wreg: 0x13fe, 0x00004785, 0xffff0422
     kworker/9:1-313     [009] .....  1211.867848: amdgpu_device_wreg: 0x13fe, 0x00004788, 0x0001f000
     kworker/9:1-313     [009] .....  1211.867849: amdgpu_device_wreg: 0x13fe, 0x00004789, 0x0001f000
     kworker/9:1-313     [009] .....  1211.867850: amdgpu_device_wreg: 0x13fe, 0x0000478a, 0x0001f000
     kworker/9:1-313     [009] .....  1211.867852: amdgpu_device_wreg: 0x13fe, 0x00003d3e, 0x04b003c0
     kworker/9:1-313     [009] .....  1211.867852: amdgpu_device_wreg: 0x13fe, 0x00003d3d, 0x000003c0
     kworker/9:1-313     [009] .....  1211.867853: amdgpu_device_wreg: 0x13fe, 0x00003d42, 0x04b003c0
     kworker/9:1-313     [009] .....  1211.867855: amdgpu_device_wreg: 0x13fe, 0x00003d41, 0x000003c0
     kworker/9:1-313     [009] .....  1211.867856: amdgpu_device_wreg: 0x13fe, 0x00003d40, 0x04b003c0
     kworker/9:1-313     [009] .....  1211.867857: amdgpu_device_wreg: 0x13fe, 0x00003d3f, 0x000003c0
     kworker/9:1-313     [009] .....  1211.867858: amdgpu_device_wreg: 0x13fe, 0x00003d44, 0x04b003c0
     kworker/9:1-313     [009] .....  1211.867858: amdgpu_device_wreg: 0x13fe, 0x00003d43, 0x000003c0
     kworker/9:1-313     [009] .....  1211.867860: amdgpu_device_wreg: 0x13fe, 0x00004629, 0x00000000
     kworker/9:1-313     [009] .....  1211.867861: amdgpu_device_wreg: 0x13fe, 0x0000478e, 0x00000004
     kworker/9:1-313     [009] .....  1211.867862: amdgpu_device_wreg: 0x13fe, 0x00000000, 0x00000001
     kworker/9:1-313     [009] .....  1211.867863: amdgpu_device_rreg: 0x13fe, 0x00000000, 0x00000000
     kworker/9:1-313     [009] .....  1211.867864: amdgpu_device_wreg: 0x13fe, 0x00004a78, 0x00002000
     kworker/9:1-313     [009] .....  1211.867865: amdgpu_device_wreg: 0x13fe, 0x00004a79, 0x00000000
     kworker/9:1-313     [009] .....  1211.867866: amdgpu_device_wreg: 0x13fe, 0x00004a7a, 0x20000000
     kworker/9:1-313     [009] .....  1211.867867: amdgpu_device_wreg: 0x13fe, 0x00004a7b, 0x00000000
     kworker/9:1-313     [009] .....  1211.867868: amdgpu_device_wreg: 0x13fe, 0x00004a7c, 0x00000000
     kworker/9:1-313     [009] .....  1211.867869: amdgpu_device_wreg: 0x13fe, 0x00004a7d, 0x00002000
     kworker/9:1-313     [009] .....  1211.867870: amdgpu_device_wreg: 0x13fe, 0x00004a77, 0x00000001
     kworker/9:1-313     [009] .....  1211.867872: amdgpu_device_rreg: 0x13fe, 0x00003d6e, 0x00000000
     kworker/9:1-313     [009] .....  1211.867872: amdgpu_device_wreg: 0x13fe, 0x00003d6e, 0x00000000
     kworker/9:1-313     [009] .....  1211.867874: amdgpu_device_rreg: 0x13fe, 0x00003d3a, 0x0000123c
     kworker/9:1-313     [009] .....  1211.867875: amdgpu_device_wreg: 0x13fe, 0x00003d3a, 0x0000123c
     kworker/9:1-313     [009] .....  1211.867876: amdgpu_device_rreg: 0x13fe, 0x00003d3b, 0x00000080
     kworker/9:1-313     [009] .....  1211.867877: amdgpu_device_wreg: 0x13fe, 0x00003d3b, 0x00000080
     kworker/9:1-313     [009] .....  1211.867879: amdgpu_device_rreg: 0x13fe, 0x00003d5b, 0x0000077f
     kworker/9:1-313     [009] .....  1211.867879: amdgpu_device_wreg: 0x13fe, 0x00003d5b, 0x0000077f
     kworker/9:1-313     [009] .....  1211.867881: amdgpu_device_rreg: 0x13fe, 0x00003dbe, 0x00e40000
     kworker/9:1-313     [009] .....  1211.867882: amdgpu_device_wreg: 0x13fe, 0x00003dbe, 0x00e40000
     kworker/9:1-313     [009] .....  1211.867883: amdgpu_device_rreg: 0x13fe, 0x00003d39, 0x00000008
     kworker/9:1-313     [009] .....  1211.867884: amdgpu_device_wreg: 0x13fe, 0x00003d39, 0x00000008
     kworker/9:1-313     [009] .....  1211.867886: amdgpu_device_rreg: 0x13fe, 0x00003d6f, 0x00000200
     kworker/9:1-313     [009] .....  1211.867887: amdgpu_device_wreg: 0x13fe, 0x00003d6f, 0x00000200
     kworker/9:1-313     [009] .....  1211.867888: amdgpu_device_rreg: 0x13fe, 0x00003d6f, 0x00000200
     kworker/9:1-313     [009] .....  1211.867889: amdgpu_device_wreg: 0x13fe, 0x00003d6f, 0x00000200
     kworker/9:1-313     [009] .....  1211.867890: amdgpu_device_rreg: 0x13fe, 0x00003d6f, 0x00000200
     kworker/9:1-313     [009] .....  1211.867891: amdgpu_device_wreg: 0x13fe, 0x00003d6f, 0x00000200
     kworker/9:1-313     [009] .....  1211.867893: amdgpu_device_rreg: 0x13fe, 0x00003d6e, 0x00000000
     kworker/9:1-313     [009] .....  1211.867893: amdgpu_device_wreg: 0x13fe, 0x00003d6e, 0x00000000
     kworker/9:1-313     [009] .....  1211.867894: amdgpu_device_wreg: 0x13fe, 0x00003d5f, 0x00000004
     kworker/9:1-313     [009] .....  1211.867895: amdgpu_device_wreg: 0x13fe, 0x00003d5e, 0x6e000000
     kworker/9:1-313     [009] .....  1211.867897: amdgpu_device_rreg: 0x13fe, 0x00003d47, 0x000f0102
     kworker/9:1-313     [009] .....  1211.867898: amdgpu_device_wreg: 0x13fe, 0x00003d47, 0x000f0102
     kworker/9:1-313     [009] .....  1211.867899: amdgpu_device_rreg: 0x13fe, 0x000046a2, 0x0001f000
     kworker/9:1-313     [009] .....  1211.867901: amdgpu_device_wreg: 0x13fe, 0x000046a2, 0x0001f000
     kworker/9:1-313     [009] .....  1211.867901: amdgpu_device_wreg: 0x13fe, 0x000046a8, 0x00000000
     kworker/9:1-313     [009] .....  1211.867903: amdgpu_device_rreg: 0x13fe, 0x000046e1, 0x00000010
     kworker/9:1-313     [009] .....  1211.867904: amdgpu_device_wreg: 0x13fe, 0x000046e1, 0x00000010
     kworker/9:1-313     [009] .....  1211.867905: amdgpu_device_wreg: 0x13fe, 0x00004664, 0x00000000
     kworker/9:1-313     [009] .....  1211.867907: amdgpu_device_rreg: 0x13fe, 0x0000461b, 0x00003100
     kworker/9:1-313     [009] .....  1211.867908: amdgpu_device_wreg: 0x13fe, 0x0000461b, 0x00003100
     kworker/9:1-313     [009] .....  1211.867909: amdgpu_device_rreg: 0x13fe, 0x00004638, 0x00000000
     kworker/9:1-313     [009] .....  1211.867910: amdgpu_device_wreg: 0x13fe, 0x00004638, 0x00000000
     kworker/9:1-313     [009] .....  1211.867911: amdgpu_device_wreg: 0x13fe, 0x0000478e, 0x00000004
     kworker/9:1-313     [009] .....  1211.867912: amdgpu_device_wreg: 0x13fe, 0x00004931, 0x00000000
     kworker/9:1-313     [009] .....  1211.867914: amdgpu_device_rreg: 0x13fe, 0x00005001, 0x80011311
     kworker/9:1-313     [009] .....  1211.867915: amdgpu_device_wreg: 0x13fe, 0x0000504b, 0x00000000
     kworker/9:1-313     [009] .....  1211.867917: amdgpu_device_wreg: 0x13fe, 0x00004ffa, 0x00000001
     kworker/9:1-313     [009] d..1.  1211.867933: amdgpu_device_rreg: 0x13fe, 0x00003adb, 0x00000100
     kworker/9:1-313     [009] d..1.  1211.867934: amdgpu_device_rreg: 0x13fe, 0x00003ae5, 0x6e000000
     kworker/9:1-313     [009] d..1.  1211.867936: amdgpu_device_rreg: 0x13fe, 0x00003ae6, 0x00000004
          <idle>-0       [002] d.h1.  1211.882288: amdgpu_device_rreg: 0x13fe, 0x0000504a, 0x0010d104
          <idle>-0       [002] d.h1.  1211.882290: amdgpu_device_wreg: 0x13fe, 0x0000504a, 0x0011d104
          <idle>-0       [002] d.h4.  1211.882292: amdgpu_device_rreg: 0x13fe, 0x0000500c, 0x0000de08
          <idle>-0       [002] d.h4.  1211.882294: amdgpu_device_rreg: 0x13fe, 0x00004ff6, 0x002004d0
          <idle>-0       [002] d.h4.  1211.882295: amdgpu_device_rreg: 0x13fe, 0x0000500a, 0x03cf000a
          <idle>-0       [002] d.h4.  1211.882297: amdgpu_device_rreg: 0x13fe, 0x0000500b, 0x0000000a
          <idle>-0       [002] d.h4.  1211.882298: amdgpu_device_rreg: 0x13fe, 0x0000500c, 0x0000de08
          <idle>-0       [002] d.h4.  1211.882300: amdgpu_device_rreg: 0x13fe, 0x00004ff6, 0x002004d0
          <idle>-0       [002] d.h4.  1211.882301: amdgpu_device_rreg: 0x13fe, 0x0000500a, 0x0754000a
          <idle>-0       [002] d.h4.  1211.882302: amdgpu_device_rreg: 0x13fe, 0x0000500b, 0x0000000a
          <idle>-0       [002] d.h4.  1211.882304: amdgpu_device_rreg: 0x13fe, 0x0000500c, 0x0000de08
          <idle>-0       [002] d.h4.  1211.882306: amdgpu_device_rreg: 0x13fe, 0x00004ff6, 0x002004d0
          <idle>-0       [002] d.h4.  1211.882307: amdgpu_device_rreg: 0x13fe, 0x0000500a, 0x02a9000b
          <idle>-0       [002] d.h4.  1211.882308: amdgpu_device_rreg: 0x13fe, 0x0000500b, 0x0000000b
          <idle>-0       [002] d.h4.  1211.882310: amdgpu_device_rreg: 0x13fe, 0x0000500c, 0x0000de08
          <idle>-0       [002] d.h3.  1211.882313: amdgpu_device_rreg: 0x13fe, 0x00003adb, 0x00000000
          <idle>-0       [002] d.h3.  1211.882314: amdgpu_device_rreg: 0x13fe, 0x00003ae5, 0x6e000000
          <idle>-0       [002] d.h3.  1211.882315: amdgpu_device_rreg: 0x13fe, 0x00003ae6, 0x00000004
          <idle>-0       [002] d.h3.  1211.882317: amdgpu_device_rreg: 0x13fe, 0x00003d6f, 0x00000000
          <idle>-0       [002] d.h3.  1211.882318: amdgpu_device_rreg: 0x13fe, 0x00003d79, 0x6e000000
          <idle>-0       [002] d.h3.  1211.882320: amdgpu_device_rreg: 0x13fe, 0x00003d7a, 0x00000004
          <idle>-0       [002] d.h1.  1211.898966: amdgpu_device_rreg: 0x13fe, 0x0000504a, 0x0010d104
          <idle>-0       [002] d.h1.  1211.898968: amdgpu_device_wreg: 0x13fe, 0x0000504a, 0x0011d104
          <idle>-0       [002] d.h4.  1211.898970: amdgpu_device_rreg: 0x13fe, 0x0000500c, 0x0000de09
          <idle>-0       [002] d.h4.  1211.898971: amdgpu_device_rreg: 0x13fe, 0x00004ff6, 0x002004d0
          <idle>-0       [002] d.h4.  1211.898973: amdgpu_device_rreg: 0x13fe, 0x0000500a, 0x01fa000a
          <idle>-0       [002] d.h4.  1211.898974: amdgpu_device_rreg: 0x13fe, 0x0000500b, 0x0000000a
          <idle>-0       [002] d.h4.  1211.898976: amdgpu_device_rreg: 0x13fe, 0x0000500c, 0x0000de09
          <idle>-0       [002] d.h4.  1211.898977: amdgpu_device_rreg: 0x13fe, 0x00004ff6, 0x002004d0
          <idle>-0       [002] d.h4.  1211.898979: amdgpu_device_rreg: 0x13fe, 0x0000500a, 0x0574000a
          <idle>-0       [002] d.h4.  1211.898980: amdgpu_device_rreg: 0x13fe, 0x0000500b, 0x0000000a
          <idle>-0       [002] d.h4.  1211.898982: amdgpu_device_rreg: 0x13fe, 0x0000500c, 0x0000de09
          <idle>-0       [002] d.h4.  1211.898983: amdgpu_device_rreg: 0x13fe, 0x00004ff6, 0x002004d0
          <idle>-0       [002] d.h4.  1211.898984: amdgpu_device_rreg: 0x13fe, 0x0000500a, 0x00c8000b
          <idle>-0       [002] d.h4.  1211.898986: amdgpu_device_rreg: 0x13fe, 0x0000500b, 0x0000000b
          <idle>-0       [002] d.h4.  1211.898987: amdgpu_device_rreg: 0x13fe, 0x0000500c, 0x0000de09
          <idle>-0       [002] d.h1.  1211.915650: amdgpu_device_rreg: 0x13fe, 0x0000504a, 0x0010d104
          <idle>-0       [002] d.h1.  1211.915652: amdgpu_device_wreg: 0x13fe, 0x0000504a, 0x0011d104
          <idle>-0       [002] d.h4.  1211.915656: amdgpu_device_rreg: 0x13fe, 0x0000500c, 0x0000de0a
          <idle>-0       [002] d.h4.  1211.915661: amdgpu_device_rreg: 0x13fe, 0x00004ff6, 0x002004d0
          <idle>-0       [002] d.h4.  1211.915662: amdgpu_device_rreg: 0x13fe, 0x0000500a, 0x0728000a
          <idle>-0       [002] d.h4.  1211.915663: amdgpu_device_rreg: 0x13fe, 0x0000500b, 0x0000000a
          <idle>-0       [002] d.h4.  1211.915665: amdgpu_device_rreg: 0x13fe, 0x0000500c, 0x0000de0a
          <idle>-0       [002] d.h4.  1211.915666: amdgpu_device_rreg: 0x13fe, 0x00004ff6, 0x002004d0
          <idle>-0       [002] d.h4.  1211.915667: amdgpu_device_rreg: 0x13fe, 0x0000500a, 0x026c000b
          <idle>-0       [002] d.h4.  1211.915669: amdgpu_device_rreg: 0x13fe, 0x0000500b, 0x0000000b
          <idle>-0       [002] d.h4.  1211.915670: amdgpu_device_rreg: 0x13fe, 0x0000500c, 0x0000de0a
          <idle>-0       [002] d.h4.  1211.915672: amdgpu_device_rreg: 0x13fe, 0x00004ff6, 0x002004d0
          <idle>-0       [002] d.h4.  1211.915673: amdgpu_device_rreg: 0x13fe, 0x0000500a, 0x05c5000b
          <idle>-0       [002] d.h4.  1211.915674: amdgpu_device_rreg: 0x13fe, 0x0000500b, 0x0000000b
          <idle>-0       [002] d.h4.  1211.915676: amdgpu_device_rreg: 0x13fe, 0x0000500c, 0x0000de0a
          <idle>-0       [002] d.s3.  1211.916712: amdgpu_device_rreg: 0x13fe, 0x0000500c, 0x0000de0a
          <idle>-0       [002] d.s3.  1211.916714: amdgpu_device_rreg: 0x13fe, 0x00004ff6, 0x002004d0
          <idle>-0       [002] d.s3.  1211.916716: amdgpu_device_rreg: 0x13fe, 0x0000500a, 0x073c0058
          <idle>-0       [002] d.s3.  1211.916717: amdgpu_device_rreg: 0x13fe, 0x0000500b, 0x00000058
          <idle>-0       [002] d.s3.  1211.916718: amdgpu_device_rreg: 0x13fe, 0x0000500c, 0x0000de0a
          <idle>-0       [002] d.s3.  1211.916720: amdgpu_device_rreg: 0x13fe, 0x00004ff6, 0x002004d0
          <idle>-0       [002] d.s3.  1211.916721: amdgpu_device_rreg: 0x13fe, 0x0000500a, 0x027d0059
          <idle>-0       [002] d.s3.  1211.916722: amdgpu_device_rreg: 0x13fe, 0x0000500b, 0x00000059
          <idle>-0       [002] d.s3.  1211.916724: amdgpu_device_rreg: 0x13fe, 0x0000500c, 0x0000de0a
          <idle>-0       [002] d.s3.  1211.916725: amdgpu_device_rreg: 0x13fe, 0x00004ff6, 0x002004d0
          <idle>-0       [002] d.s3.  1211.916727: amdgpu_device_rreg: 0x13fe, 0x0000500a, 0x05d80059
          <idle>-0       [002] d.s3.  1211.916728: amdgpu_device_rreg: 0x13fe, 0x0000500b, 0x00000059
          <idle>-0       [002] d.s3.  1211.916729: amdgpu_device_rreg: 0x13fe, 0x0000500c, 0x0000de0a
          <idle>-0       [002] d.s4.  1211.916731: amdgpu_device_rreg: 0x13fe, 0x0000504a, 0x00101104
          <idle>-0       [002] d.s4.  1211.916732: amdgpu_device_wreg: 0x13fe, 0x0000504a, 0x00111104
          <idle>-0       [002] d.s4.  1211.916733: amdgpu_device_rreg: 0x13fe, 0x0000504a, 0x00101104
          <idle>-0       [002] d.s4.  1211.916734: amdgpu_device_wreg: 0x13fe, 0x0000504a, 0x00100104
           <...>-309     [007] .....  1212.074932: amdgpu_device_rreg: 0x13fe, 0x00004ff6, 0x002004d0
           <...>-309     [007] .....  1212.074939: amdgpu_device_rreg: 0x13fe, 0x0000500a, 0x042d02b0
           <...>-309     [007] .....  1212.074941: amdgpu_device_rreg: 0x13fe, 0x0000500b, 0x000002b0
           <...>-309     [007] .....  1212.074945: amdgpu_device_rreg: 0x13fe, 0x00004ff6, 0x002004d0
           <...>-309     [007] .....  1212.074946: amdgpu_device_rreg: 0x13fe, 0x0000500a, 0x002502b1
           <...>-309     [007] .....  1212.074948: amdgpu_device_rreg: 0x13fe, 0x0000500b, 0x000002b1
     kworker/7:1-309     [007] .....  1212.074958: amdgpu_device_rreg: 0x13fe, 0x0000500c, 0x0000de13
     kworker/7:1-309     [007] .....  1212.074960: amdgpu_device_rreg: 0x13fe, 0x00004ff6, 0x002004d0
     kworker/7:1-309     [007] .....  1212.074961: amdgpu_device_rreg: 0x13fe, 0x0000500a, 0x013902b2
     kworker/7:1-309     [007] .....  1212.074963: amdgpu_device_rreg: 0x13fe, 0x0000500b, 0x000002b2
     kworker/7:1-309     [007] .....  1212.074965: amdgpu_device_rreg: 0x13fe, 0x0000500c, 0x0000de13
     kworker/7:1-309     [007] .....  1212.074966: amdgpu_device_rreg: 0x13fe, 0x00004ff6, 0x002004d0
     kworker/7:1-309     [007] .....  1212.074968: amdgpu_device_rreg: 0x13fe, 0x0000500a, 0x050902b2
     kworker/7:1-309     [007] .....  1212.074969: amdgpu_device_rreg: 0x13fe, 0x0000500b, 0x000002b2
     kworker/7:1-309     [007] d..4.  1212.074973: amdgpu_device_rreg: 0x13fe, 0x0000504a, 0x00104104
     kworker/7:1-309     [007] d..4.  1212.074974: amdgpu_device_wreg: 0x13fe, 0x0000504a, 0x00114104
     kworker/7:1-309     [007] d..4.  1212.074976: amdgpu_device_rreg: 0x13fe, 0x0000504a, 0x00100104
     kworker/7:1-309     [007] d..4.  1212.074977: amdgpu_device_wreg: 0x13fe, 0x0000504a, 0x00101104
     kworker/7:1-309     [007] d..3.  1212.074986: amdgpu_device_rreg: 0x13fe, 0x0000500c, 0x0000de13
     kworker/7:1-309     [007] d..3.  1212.074988: amdgpu_device_rreg: 0x13fe, 0x00004ff6, 0x002004d0
     kworker/7:1-309     [007] d..3.  1212.074989: amdgpu_device_rreg: 0x13fe, 0x0000500a, 0x01dd02b4
     kworker/7:1-309     [007] d..3.  1212.074991: amdgpu_device_rreg: 0x13fe, 0x0000500b, 0x000002b4
     kworker/7:1-309     [007] d..3.  1212.074992: amdgpu_device_rreg: 0x13fe, 0x0000500c, 0x0000de13
     kworker/7:1-309     [007] d..3.  1212.074994: amdgpu_device_rreg: 0x13fe, 0x00004ff6, 0x002004d0
     kworker/7:1-309     [007] d..3.  1212.074996: amdgpu_device_rreg: 0x13fe, 0x0000500a, 0x058e02b4
     kworker/7:1-309     [007] d..3.  1212.074997: amdgpu_device_rreg: 0x13fe, 0x0000500b, 0x000002b4
     kworker/7:1-309     [007] d..3.  1212.074999: amdgpu_device_rreg: 0x13fe, 0x0000500c, 0x0000de13
     kworker/7:1-309     [007] d..3.  1212.075001: amdgpu_device_rreg: 0x13fe, 0x00004ff6, 0x002004d0
     kworker/7:1-309     [007] d..3.  1212.075002: amdgpu_device_rreg: 0x13fe, 0x0000500a, 0x018802b5
     kworker/7:1-309     [007] d..3.  1212.075004: amdgpu_device_rreg: 0x13fe, 0x0000500b, 0x000002b5
     kworker/7:1-309     [007] d..3.  1212.075005: amdgpu_device_rreg: 0x13fe, 0x0000500c, 0x0000de13
     kworker/7:1-309     [007] .....  1212.075452: amdgpu_device_wreg: 0x13fe, 0x000039c6, 0x00000bb8
     kworker/7:1-309     [007] .....  1212.075458: amdgpu_device_rreg: 0x13fe, 0x000039c5, 0x00440100
     kworker/7:1-309     [007] .....  1212.075459: amdgpu_device_wreg: 0x13fe, 0x000039c5, 0x00440100
     kworker/7:1-309     [007] .....  1212.075461: amdgpu_device_rreg: 0x13fe, 0x000039c8, 0x00000000
     kworker/7:1-309     [007] .....  1212.075461: amdgpu_device_wreg: 0x13fe, 0x000039c8, 0x00000000
     kworker/7:1-309     [007] .....  1212.075466: amdgpu_device_rreg: 0x13fe, 0x00004d14, 0x00000000
     kworker/7:1-309     [007] .....  1212.075468: amdgpu_device_rreg: 0x13fe, 0x00004d1b, 0x00000000
     kworker/7:1-309     [007] .....  1212.075469: amdgpu_device_rreg: 0x13fe, 0x00004d14, 0x00000000
     kworker/7:1-309     [007] .....  1212.075471: amdgpu_device_rreg: 0x13fe, 0x00004d1b, 0x00000000
     kworker/7:1-309     [007] .....  1212.075473: amdgpu_device_rreg: 0x13fe, 0x00005001, 0x80011311
     kworker/7:1-309     [007] .....  1212.075475: amdgpu_device_wreg: 0x13fe, 0x00005050, 0x00000000
     kworker/7:1-309     [007] .....  1212.075476: amdgpu_device_wreg: 0x13fe, 0x0000504b, 0x00000001
     kworker/7:1-309     [007] .....  1212.075477: amdgpu_device_rreg: 0x13fe, 0x0000504b, 0x00000101
     kworker/7:1-309     [007] .....  1212.075481: amdgpu_device_rreg: 0x13fe, 0x00003adc, 0x00000040
     kworker/7:1-309     [007] .....  1212.075483: amdgpu_device_rreg: 0x13fe, 0x00003d70, 0x00000040
     kworker/7:1-309     [007] .....  1212.075485: amdgpu_device_rreg: 0x13fe, 0x00003adc, 0x00000040
     kworker/7:1-309     [007] .....  1212.075487: amdgpu_device_rreg: 0x13fe, 0x00003d70, 0x00000040
     kworker/7:1-309     [007] .....  1212.075493: amdgpu_device_wreg: 0x13fe, 0x00005047, 0x00000017
     kworker/7:1-309     [007] .....  1212.075494: amdgpu_device_wreg: 0x13fe, 0x00005048, 0x012f0208
     kworker/7:1-309     [007] .....  1212.075495: amdgpu_device_wreg: 0x13fe, 0x00005049, 0x0000018b
     kworker/7:1-309     [007] .....  1212.075497: amdgpu_device_rreg: 0x13fe, 0x000039e8, 0x84d00000
     kworker/7:1-309     [007] .....  1212.075498: amdgpu_device_wreg: 0x13fe, 0x000039e8, 0x84d00000
     kworker/7:1-309     [007] .....  1212.075499: amdgpu_device_wreg: 0x13fe, 0x00005026, 0x0000000a
     kworker/7:1-309     [007] .....  1212.075502: amdgpu_device_wreg: 0x13fe, 0x00004d16, 0x078004b0
     kworker/7:1-309     [007] .....  1212.075503: amdgpu_device_wreg: 0x13fe, 0x00004d1a, 0x00000000
     kworker/7:1-309     [007] .....  1212.075504: amdgpu_device_wreg: 0x13fe, 0x00004d14, 0x00000000
     kworker/7:1-309     [007] .....  1212.075504: amdgpu_device_wreg: 0x13fe, 0x00004d17, 0x00000000
     kworker/7:1-309     [007] .....  1212.075505: amdgpu_device_wreg: 0x13fe, 0x00004d18, 0x00000000
     kworker/7:1-309     [007] .....  1212.075506: amdgpu_device_wreg: 0x13fe, 0x00004d19, 0x00000000
     kworker/7:1-309     [007] .....  1212.075507: amdgpu_device_wreg: 0x13fe, 0x00004d15, 0x00000000
     kworker/7:1-309     [007] .....  1212.075509: amdgpu_device_rreg: 0x13fe, 0x00003ab4, 0x00f11111
     kworker/7:1-309     [007] .....  1212.075510: amdgpu_device_wreg: 0x13fe, 0x00003ab4, 0x00f11111
     kworker/7:1-309     [007] .....  1212.075511: amdgpu_device_rreg: 0x13fe, 0x00004d4c, 0x00000003
     kworker/7:1-309     [007] .....  1212.075513: amdgpu_device_wreg: 0x13fe, 0x00004d4c, 0x00000003
     kworker/7:1-309     [007] .....  1212.075515: amdgpu_device_rreg: 0x13fe, 0x00004185, 0xf0000010
     kworker/7:1-309     [007] .....  1212.075516: amdgpu_device_wreg: 0x13fe, 0x00004185, 0xf0000010
     kworker/7:1-309     [007] .....  1212.075518: amdgpu_device_rreg: 0x13fe, 0x00003ab3, 0x000f0102
     kworker/7:1-309     [007] .....  1212.075519: amdgpu_device_wreg: 0x13fe, 0x00003ab3, 0x000f0102
     kworker/7:1-309     [007] .....  1212.075520: amdgpu_device_wreg: 0x13fe, 0x00003ab6, 0x00000100
     kworker/7:1-309     [007] .....  1212.075522: amdgpu_device_rreg: 0x13fe, 0x00003ab3, 0x000f0102
     kworker/7:1-309     [007] .....  1212.075522: amdgpu_device_wreg: 0x13fe, 0x00003ab3, 0x000f0102
     kworker/7:1-309     [007] .....  1212.075524: amdgpu_device_rreg: 0x13fe, 0x00003b2a, 0x00e40000
     kworker/7:1-309     [007] .....  1212.075525: amdgpu_device_wreg: 0x13fe, 0x00003b2a, 0x00e40000
     kworker/7:1-309     [007] .....  1212.075526: amdgpu_device_wreg: 0x13fe, 0x00003aec, 0x00000056
     kworker/7:1-309     [007] .....  1212.075527: amdgpu_device_wreg: 0x13fe, 0x00003ab1, 0x000d1b00
     kworker/7:1-309     [007] .....  1212.075528: amdgpu_device_wreg: 0x13fe, 0x00003ab2, 0x00000000
     kworker/7:1-309     [007] .....  1212.075529: amdgpu_device_wreg: 0x13fe, 0x00003b06, 0x00200024
     kworker/7:1-309     [007] .....  1212.075530: amdgpu_device_wreg: 0x13fe, 0x00003b07, 0x00001340
     kworker/7:1-309     [007] .....  1212.075531: amdgpu_device_wreg: 0x13fe, 0x00003b08, 0x0002a353
     kworker/7:1-309     [007] .....  1212.075532: amdgpu_device_wreg: 0x13fe, 0x00003b09, 0x00000198
     kworker/7:1-309     [007] .....  1212.075533: amdgpu_device_wreg: 0x13fe, 0x00003b1f, 0x000298ef
     kworker/7:1-309     [007] .....  1212.075534: amdgpu_device_wreg: 0x13fe, 0x00003b0d, 0x000001fa
     kworker/7:1-309     [007] .....  1212.075535: amdgpu_device_wreg: 0x13fe, 0x00003b18, 0x00000020
     kworker/7:1-309     [007] .....  1212.075536: amdgpu_device_wreg: 0x13fe, 0x00003b19, 0x0000151a
     kworker/7:1-309     [007] .....  1212.075538: amdgpu_device_wreg: 0x13fe, 0x00003b1d, 0x0000026f
     kworker/7:1-309     [007] .....  1212.075539: amdgpu_device_wreg: 0x13fe, 0x00003b0e, 0x00000000
     kworker/7:1-309     [007] .....  1212.075540: amdgpu_device_wreg: 0x13fe, 0x00003b1a, 0x00000020
     kworker/7:1-309     [007] .....  1212.075541: amdgpu_device_wreg: 0x13fe, 0x00003b1b, 0x00000000
     kworker/7:1-309     [007] .....  1212.075541: amdgpu_device_wreg: 0x13fe, 0x00003aed, 0x0a8d0000
     kworker/7:1-309     [007] .....  1212.075542: amdgpu_device_wreg: 0x13fe, 0x00003aef, 0x08009bd8
     kworker/7:1-309     [007] .....  1212.075543: amdgpu_device_wreg: 0x13fe, 0x00003af1, 0x08000000
     kworker/7:1-309     [007] .....  1212.075544: amdgpu_device_wreg: 0x13fe, 0x00003af3, 0x0800531d
     kworker/7:1-309     [007] .....  1212.075545: amdgpu_device_wreg: 0x13fe, 0x00003b0a, 0x0b092492
     kworker/7:1-309     [007] .....  1212.075546: amdgpu_device_wreg: 0x13fe, 0x00003b0b, 0x00080000
     kworker/7:1-309     [007] .....  1212.075547: amdgpu_device_wreg: 0x13fe, 0x00003b0c, 0x00000301
     kworker/7:1-309     [007] .....  1212.075548: amdgpu_device_wreg: 0x13fe, 0x00003b11, 0x00000000
     kworker/7:1-309     [007] .....  1212.075549: amdgpu_device_wreg: 0x13fe, 0x00003b0f, 0x000001fa
     kworker/7:1-309     [007] .....  1212.075550: amdgpu_device_wreg: 0x13fe, 0x00003b10, 0x000001fa
     kworker/7:1-309     [007] .....  1212.075551: amdgpu_device_wreg: 0x13fe, 0x00003b13, 0x00000000
     kworker/7:1-309     [007] .....  1212.075552: amdgpu_device_wreg: 0x13fe, 0x00003b1c, 0x0000014b
     kworker/7:1-309     [007] .....  1212.075553: amdgpu_device_wreg: 0x13fe, 0x00003af0, 0x00004db0
     kworker/7:1-309     [007] .....  1212.075554: amdgpu_device_wreg: 0x13fe, 0x00003af2, 0x00000000
     kworker/7:1-309     [007] .....  1212.075555: amdgpu_device_wreg: 0x13fe, 0x00003af4, 0x000052de
     kworker/7:1-309     [007] .....  1212.075556: amdgpu_device_wreg: 0x13fe, 0x00000000, 0x00000000
     kworker/7:1-309     [007] .....  1212.075557: amdgpu_device_wreg: 0x13fe, 0x00003aee, 0xe0003284
     kworker/7:1-309     [007] .....  1212.075558: amdgpu_device_wreg: 0x13fe, 0x00004190, 0x00000001
     kworker/7:1-309     [007] .....  1212.075560: amdgpu_device_rreg: 0x13fe, 0x00004190, 0x03100001
     kworker/7:1-309     [007] .....  1212.075560: amdgpu_device_wreg: 0x13fe, 0x00004190, 0x03100001
     kworker/7:1-309     [007] .....  1212.075562: amdgpu_device_rreg: 0x13fe, 0x00004190, 0x03100001
     kworker/7:1-309     [007] .....  1212.075563: amdgpu_device_wreg: 0x13fe, 0x00004190, 0x03100001
     kworker/7:1-309     [007] .....  1212.075565: amdgpu_device_rreg: 0x13fe, 0x00004190, 0x03100001
     kworker/7:1-309     [007] .....  1212.075565: amdgpu_device_wreg: 0x13fe, 0x00004190, 0x03100001
     kworker/7:1-309     [007] .....  1212.075567: amdgpu_device_rreg: 0x13fe, 0x00004190, 0x03100001
     kworker/7:1-309     [007] .....  1212.075568: amdgpu_device_wreg: 0x13fe, 0x00004190, 0x03100001
     kworker/7:1-309     [007] .....  1212.075569: amdgpu_device_wreg: 0x13fe, 0x0000418f, 0x00000008
     kworker/7:1-309     [007] .....  1212.075571: amdgpu_device_rreg: 0x13fe, 0x00004190, 0x03100001
     kworker/7:1-309     [007] .....  1212.075572: amdgpu_device_wreg: 0x13fe, 0x00004190, 0x03100101
     kworker/7:1-309     [007] .....  1212.075573: amdgpu_device_wreg: 0x13fe, 0x000041db, 0x00000000
     kworker/7:1-309     [007] .....  1212.075574: amdgpu_device_rreg: 0x13fe, 0x00004262, 0x00000004
     kworker/7:1-309     [007] .....  1212.075576: amdgpu_device_wreg: 0x13fe, 0x00004262, 0x00000004
     kworker/7:1-309     [007] .....  1212.075577: amdgpu_device_rreg: 0x13fe, 0x000041cb, 0x00000000
     kworker/7:1-309     [007] .....  1212.075578: amdgpu_device_wreg: 0x13fe, 0x000041cb, 0x00000000
     kworker/7:1-309     [007] .....  1212.075580: amdgpu_device_rreg: 0x13fe, 0x000041c8, 0x00000000
     kworker/7:1-309     [007] .....  1212.075581: amdgpu_device_wreg: 0x13fe, 0x000041c8, 0x00000000
     kworker/7:1-309     [007] .....  1212.075583: amdgpu_device_rreg: 0x13fe, 0x00004845, 0x0a040000
     kworker/7:1-309     [007] .....  1212.075584: amdgpu_device_wreg: 0x13fe, 0x00004845, 0x0a040003
     kworker/7:1-309     [007] .....  1212.075585: amdgpu_device_wreg: 0x13fe, 0x00004731, 0x0000000f
     kworker/7:1-309     [007] .....  1212.075586: amdgpu_device_wreg: 0x13fe, 0x00004732, 0x0000000f
     kworker/7:1-309     [007] .....  1212.075587: amdgpu_device_wreg: 0x13fe, 0x00004733, 0x0000000f
     kworker/7:1-309     [007] .....  1212.075588: amdgpu_device_wreg: 0x13fe, 0x00004736, 0x0000000f
     kworker/7:1-309     [007] .....  1212.075589: amdgpu_device_wreg: 0x13fe, 0x0000473a, 0x00000000
     kworker/7:1-309     [007] .....  1212.075590: amdgpu_device_wreg: 0x13fe, 0x0000473b, 0x00000000
     kworker/7:1-309     [007] .....  1212.075591: amdgpu_device_wreg: 0x13fe, 0x0000473c, 0x00000000
     kworker/7:1-309     [007] .....  1212.075592: amdgpu_device_wreg: 0x13fe, 0x00004732, 0x0000000f
     kworker/7:1-309     [007] .....  1212.075593: amdgpu_device_rreg: 0x13fe, 0x00004734, 0xffff0423
     kworker/7:1-309     [007] .....  1212.075594: amdgpu_device_wreg: 0x13fe, 0x00004734, 0xffff0422
     kworker/7:1-309     [007] .....  1212.075595: amdgpu_device_wreg: 0x13fe, 0x00004731, 0x00000000
     kworker/7:1-309     [007] .....  1212.075596: amdgpu_device_wreg: 0x13fe, 0x00004733, 0x00000000
     kworker/7:1-309     [007] .....  1212.075597: amdgpu_device_wreg: 0x13fe, 0x00004736, 0x00000000
     kworker/7:1-309     [007] .....  1212.075598: amdgpu_device_wreg: 0x13fe, 0x00004783, 0x00000000
     kworker/7:1-309     [007] .....  1212.075600: amdgpu_device_rreg: 0x13fe, 0x00004785, 0xffff0422
     kworker/7:1-309     [007] .....  1212.075601: amdgpu_device_wreg: 0x13fe, 0x00004785, 0xffff0423
     kworker/7:1-309     [007] .....  1212.075602: amdgpu_device_rreg: 0x13fe, 0x00004734, 0xffff0422
     kworker/7:1-309     [007] .....  1212.075603: amdgpu_device_wreg: 0x13fe, 0x00004734, 0xffff0422
     kworker/7:1-309     [007] .....  1212.075605: amdgpu_device_wreg: 0x13fe, 0x00004737, 0x0001f000
     kworker/7:1-309     [007] .....  1212.075606: amdgpu_device_wreg: 0x13fe, 0x00004738, 0x0001f000
     kworker/7:1-309     [007] .....  1212.075607: amdgpu_device_wreg: 0x13fe, 0x00004739, 0x0001f000
     kworker/7:1-309     [007] .....  1212.075609: amdgpu_device_wreg: 0x13fe, 0x00003aaa, 0x04b003c0
     kworker/7:1-309     [007] .....  1212.075610: amdgpu_device_wreg: 0x13fe, 0x00003aa9, 0x00000000
     kworker/7:1-309     [007] .....  1212.075611: amdgpu_device_wreg: 0x13fe, 0x00003aae, 0x04b003c0
     kworker/7:1-309     [007] .....  1212.075612: amdgpu_device_wreg: 0x13fe, 0x00003aad, 0x00000000
     kworker/7:1-309     [007] .....  1212.075613: amdgpu_device_wreg: 0x13fe, 0x00003aac, 0x04b003c0
     kworker/7:1-309     [007] .....  1212.075614: amdgpu_device_wreg: 0x13fe, 0x00003aab, 0x00000000
     kworker/7:1-309     [007] .....  1212.075615: amdgpu_device_wreg: 0x13fe, 0x00003ab0, 0x04b003c0
     kworker/7:1-309     [007] .....  1212.075616: amdgpu_device_wreg: 0x13fe, 0x00003aaf, 0x00000000
     kworker/7:1-309     [007] .....  1212.075617: amdgpu_device_wreg: 0x13fe, 0x000041e8, 0x00000000
     kworker/7:1-309     [007] .....  1212.075619: amdgpu_device_wreg: 0x13fe, 0x0000473d, 0x00000004
     kworker/7:1-309     [007] .....  1212.075620: amdgpu_device_wreg: 0x13fe, 0x00000000, 0x00000001
     kworker/7:1-309     [007] .....  1212.075622: amdgpu_device_rreg: 0x13fe, 0x00000000, 0x00000000
     kworker/7:1-309     [007] .....  1212.075623: amdgpu_device_wreg: 0x13fe, 0x00004a78, 0x00002000
     kworker/7:1-309     [007] .....  1212.075624: amdgpu_device_wreg: 0x13fe, 0x00004a79, 0x00000000
     kworker/7:1-309     [007] .....  1212.075625: amdgpu_device_wreg: 0x13fe, 0x00004a7a, 0x20000000
     kworker/7:1-309     [007] .....  1212.075626: amdgpu_device_wreg: 0x13fe, 0x00004a7b, 0x00000000
     kworker/7:1-309     [007] .....  1212.075626: amdgpu_device_wreg: 0x13fe, 0x00004a7c, 0x00000000
     kworker/7:1-309     [007] .....  1212.075627: amdgpu_device_wreg: 0x13fe, 0x00004a7d, 0x00002000
     kworker/7:1-309     [007] .....  1212.075628: amdgpu_device_wreg: 0x13fe, 0x00004a77, 0x00000001
     kworker/7:1-309     [007] .....  1212.075630: amdgpu_device_rreg: 0x13fe, 0x00003ada, 0x00000000
     kworker/7:1-309     [007] .....  1212.075631: amdgpu_device_wreg: 0x13fe, 0x00003ada, 0x00000000
     kworker/7:1-309     [007] .....  1212.075633: amdgpu_device_rreg: 0x13fe, 0x00003aa6, 0x0000123c
     kworker/7:1-309     [007] .....  1212.075634: amdgpu_device_wreg: 0x13fe, 0x00003aa6, 0x0000123c
     kworker/7:1-309     [007] .....  1212.075635: amdgpu_device_rreg: 0x13fe, 0x00003aa7, 0x00000080
     kworker/7:1-309     [007] .....  1212.075636: amdgpu_device_wreg: 0x13fe, 0x00003aa7, 0x00000080
     kworker/7:1-309     [007] .....  1212.075638: amdgpu_device_rreg: 0x13fe, 0x00003ac7, 0x0000077f
     kworker/7:1-309     [007] .....  1212.075638: amdgpu_device_wreg: 0x13fe, 0x00003ac7, 0x0000077f
     kworker/7:1-309     [007] .....  1212.075640: amdgpu_device_rreg: 0x13fe, 0x00003b2a, 0x00e40000
     kworker/7:1-309     [007] .....  1212.075641: amdgpu_device_wreg: 0x13fe, 0x00003b2a, 0x00e40000
     kworker/7:1-309     [007] .....  1212.075643: amdgpu_device_rreg: 0x13fe, 0x00003aa5, 0x00000008
     kworker/7:1-309     [007] .....  1212.075643: amdgpu_device_wreg: 0x13fe, 0x00003aa5, 0x00000008
     kworker/7:1-309     [007] .....  1212.075645: amdgpu_device_rreg: 0x13fe, 0x00003adb, 0x00000200
     kworker/7:1-309     [007] .....  1212.075646: amdgpu_device_wreg: 0x13fe, 0x00003adb, 0x00000200
     kworker/7:1-309     [007] .....  1212.075648: amdgpu_device_rreg: 0x13fe, 0x00003adb, 0x00000200
     kworker/7:1-309     [007] .....  1212.075649: amdgpu_device_wreg: 0x13fe, 0x00003adb, 0x00000200
     kworker/7:1-309     [007] .....  1212.075653: amdgpu_device_rreg: 0x13fe, 0x00003adb, 0x00000200
     kworker/7:1-309     [007] .....  1212.075654: amdgpu_device_wreg: 0x13fe, 0x00003adb, 0x00000200
     kworker/7:1-309     [007] .....  1212.075657: amdgpu_device_rreg: 0x13fe, 0x00003ada, 0x00000000
     kworker/7:1-309     [007] .....  1212.075658: amdgpu_device_wreg: 0x13fe, 0x00003ada, 0x00000000
     kworker/7:1-309     [007] .....  1212.075659: amdgpu_device_wreg: 0x13fe, 0x00003acb, 0x00000004
     kworker/7:1-309     [007] .....  1212.075660: amdgpu_device_wreg: 0x13fe, 0x00003aca, 0x6e000000
     kworker/7:1-309     [007] .....  1212.075663: amdgpu_device_rreg: 0x13fe, 0x00003ab3, 0x000f0102
     kworker/7:1-309     [007] .....  1212.075664: amdgpu_device_wreg: 0x13fe, 0x00003ab3, 0x000f0102
     kworker/7:1-309     [007] .....  1212.075668: amdgpu_device_rreg: 0x13fe, 0x00004261, 0x0001f000
     kworker/7:1-309     [007] .....  1212.075669: amdgpu_device_wreg: 0x13fe, 0x00004261, 0x0001f000
     kworker/7:1-309     [007] .....  1212.075670: amdgpu_device_wreg: 0x13fe, 0x00004267, 0x00000000
     kworker/7:1-309     [007] .....  1212.075672: amdgpu_device_rreg: 0x13fe, 0x000042a0, 0x00000010
     kworker/7:1-309     [007] .....  1212.075673: amdgpu_device_wreg: 0x13fe, 0x000042a0, 0x00000010
     kworker/7:1-309     [007] .....  1212.075674: amdgpu_device_wreg: 0x13fe, 0x00004223, 0x00000000
     kworker/7:1-309     [007] .....  1212.075676: amdgpu_device_rreg: 0x13fe, 0x000041da, 0x00003100
     kworker/7:1-309     [007] .....  1212.075677: amdgpu_device_wreg: 0x13fe, 0x000041da, 0x00003100
     kworker/7:1-309     [007] .....  1212.075678: amdgpu_device_rreg: 0x13fe, 0x000041f7, 0x00000000
     kworker/7:1-309     [007] .....  1212.075679: amdgpu_device_wreg: 0x13fe, 0x000041f7, 0x00000000
     kworker/7:1-309     [007] .....  1212.075681: amdgpu_device_wreg: 0x13fe, 0x0000473d, 0x00000004
     kworker/7:1-309     [007] .....  1212.075682: amdgpu_device_wreg: 0x13fe, 0x0000486e, 0x00000000
     kworker/7:1-309     [007] .....  1212.075683: amdgpu_device_rreg: 0x13fe, 0x00003d48, 0x00f11111
     kworker/7:1-309     [007] .....  1212.075684: amdgpu_device_wreg: 0x13fe, 0x00003d48, 0x00f11111
     kworker/7:1-309     [007] .....  1212.075686: amdgpu_device_rreg: 0x13fe, 0x00004d4c, 0x00000003
     kworker/7:1-309     [007] .....  1212.075687: amdgpu_device_wreg: 0x13fe, 0x00004d4c, 0x00000003
     kworker/7:1-309     [007] .....  1212.075689: amdgpu_device_rreg: 0x13fe, 0x000045c6, 0xf0000010
     kworker/7:1-309     [007] .....  1212.075690: amdgpu_device_wreg: 0x13fe, 0x000045c6, 0xf0000010
     kworker/7:1-309     [007] .....  1212.075692: amdgpu_device_rreg: 0x13fe, 0x00003d47, 0x000f0102
     kworker/7:1-309     [007] .....  1212.075693: amdgpu_device_wreg: 0x13fe, 0x00003d47, 0x000f0102
     kworker/7:1-309     [007] .....  1212.075694: amdgpu_device_wreg: 0x13fe, 0x00003d4a, 0x00000100
     kworker/7:1-309     [007] .....  1212.075695: amdgpu_device_rreg: 0x13fe, 0x00003d47, 0x000f0102
     kworker/7:1-309     [007] .....  1212.075696: amdgpu_device_wreg: 0x13fe, 0x00003d47, 0x000f0102
     kworker/7:1-309     [007] .....  1212.075698: amdgpu_device_rreg: 0x13fe, 0x00003dbe, 0x00e40000
     kworker/7:1-309     [007] .....  1212.075699: amdgpu_device_wreg: 0x13fe, 0x00003dbe, 0x00e40000
     kworker/7:1-309     [007] .....  1212.075700: amdgpu_device_wreg: 0x13fe, 0x00003d80, 0x00000056
     kworker/7:1-309     [007] .....  1212.075701: amdgpu_device_wreg: 0x13fe, 0x00003d45, 0x000d1b00
     kworker/7:1-309     [007] .....  1212.075701: amdgpu_device_wreg: 0x13fe, 0x00003d46, 0x00000000
     kworker/7:1-309     [007] .....  1212.075702: amdgpu_device_wreg: 0x13fe, 0x00003d9a, 0x00200024
     kworker/7:1-309     [007] .....  1212.075704: amdgpu_device_wreg: 0x13fe, 0x00003d9b, 0x00001340
     kworker/7:1-309     [007] .....  1212.075714: amdgpu_device_wreg: 0x13fe, 0x00003d9c, 0x0002a353
     kworker/7:1-309     [007] .....  1212.075715: amdgpu_device_wreg: 0x13fe, 0x00003d9d, 0x00000198
     kworker/7:1-309     [007] .....  1212.075716: amdgpu_device_wreg: 0x13fe, 0x00003db3, 0x000298ef
     kworker/7:1-309     [007] .....  1212.075717: amdgpu_device_wreg: 0x13fe, 0x00003da1, 0x000001fa
     kworker/7:1-309     [007] .....  1212.075718: amdgpu_device_wreg: 0x13fe, 0x00003dac, 0x00000020
     kworker/7:1-309     [007] .....  1212.075718: amdgpu_device_wreg: 0x13fe, 0x00003dad, 0x0000151a
     kworker/7:1-309     [007] .....  1212.075719: amdgpu_device_wreg: 0x13fe, 0x00003db1, 0x0000026f
     kworker/7:1-309     [007] .....  1212.075720: amdgpu_device_wreg: 0x13fe, 0x00003da2, 0x00000000
     kworker/7:1-309     [007] .....  1212.075721: amdgpu_device_wreg: 0x13fe, 0x00003dae, 0x00000020
     kworker/7:1-309     [007] .....  1212.075722: amdgpu_device_wreg: 0x13fe, 0x00003daf, 0x00000000
     kworker/7:1-309     [007] .....  1212.075723: amdgpu_device_wreg: 0x13fe, 0x00003d81, 0x0a8d0000
     kworker/7:1-309     [007] .....  1212.075724: amdgpu_device_wreg: 0x13fe, 0x00003d83, 0x08009bd8
     kworker/7:1-309     [007] .....  1212.075724: amdgpu_device_wreg: 0x13fe, 0x00003d85, 0x08000000
     kworker/7:1-309     [007] .....  1212.075725: amdgpu_device_wreg: 0x13fe, 0x00003d87, 0x0800531d
     kworker/7:1-309     [007] .....  1212.075726: amdgpu_device_wreg: 0x13fe, 0x00003d9e, 0x0b092492
     kworker/7:1-309     [007] .....  1212.075727: amdgpu_device_wreg: 0x13fe, 0x00003d9f, 0x00080000
     kworker/7:1-309     [007] .....  1212.075728: amdgpu_device_wreg: 0x13fe, 0x00003da0, 0x00000301
     kworker/7:1-309     [007] .....  1212.075729: amdgpu_device_wreg: 0x13fe, 0x00003da5, 0x00000000
     kworker/7:1-309     [007] .....  1212.075730: amdgpu_device_wreg: 0x13fe, 0x00003da3, 0x000001fa
     kworker/7:1-309     [007] .....  1212.075730: amdgpu_device_wreg: 0x13fe, 0x00003da4, 0x000001fa
     kworker/7:1-309     [007] .....  1212.075731: amdgpu_device_wreg: 0x13fe, 0x00003da7, 0x00000000
     kworker/7:1-309     [007] .....  1212.075732: amdgpu_device_wreg: 0x13fe, 0x00003db0, 0x0000014b
     kworker/7:1-309     [007] .....  1212.075733: amdgpu_device_wreg: 0x13fe, 0x00003d84, 0x00004db0
     kworker/7:1-309     [007] .....  1212.075734: amdgpu_device_wreg: 0x13fe, 0x00003d86, 0x00000000
     kworker/7:1-309     [007] .....  1212.075735: amdgpu_device_wreg: 0x13fe, 0x00003d88, 0x000052de
     kworker/7:1-309     [007] .....  1212.075736: amdgpu_device_wreg: 0x13fe, 0x00000000, 0x00000000
     kworker/7:1-309     [007] .....  1212.075737: amdgpu_device_wreg: 0x13fe, 0x00003d82, 0xe0003284
     kworker/7:1-309     [007] .....  1212.075738: amdgpu_device_wreg: 0x13fe, 0x000045d1, 0x00000001
     kworker/7:1-309     [007] .....  1212.075739: amdgpu_device_rreg: 0x13fe, 0x000045d1, 0x03100001
     kworker/7:1-309     [007] .....  1212.075740: amdgpu_device_wreg: 0x13fe, 0x000045d1, 0x03100001
     kworker/7:1-309     [007] .....  1212.075742: amdgpu_device_rreg: 0x13fe, 0x000045d1, 0x03100001
     kworker/7:1-309     [007] .....  1212.075743: amdgpu_device_wreg: 0x13fe, 0x000045d1, 0x03100001
     kworker/7:1-309     [007] .....  1212.075744: amdgpu_device_rreg: 0x13fe, 0x000045d1, 0x03100001
     kworker/7:1-309     [007] .....  1212.075746: amdgpu_device_wreg: 0x13fe, 0x000045d1, 0x03100001
     kworker/7:1-309     [007] .....  1212.075747: amdgpu_device_rreg: 0x13fe, 0x000045d1, 0x03100001
     kworker/7:1-309     [007] .....  1212.075748: amdgpu_device_wreg: 0x13fe, 0x000045d1, 0x03100001
     kworker/7:1-309     [007] .....  1212.075749: amdgpu_device_wreg: 0x13fe, 0x000045d0, 0x00000008
     kworker/7:1-309     [007] .....  1212.075751: amdgpu_device_rreg: 0x13fe, 0x000045d1, 0x03100001
     kworker/7:1-309     [007] .....  1212.075752: amdgpu_device_wreg: 0x13fe, 0x000045d1, 0x03100101
     kworker/7:1-309     [007] .....  1212.075753: amdgpu_device_wreg: 0x13fe, 0x0000461c, 0x00000000
     kworker/7:1-309     [007] .....  1212.075754: amdgpu_device_rreg: 0x13fe, 0x000046a3, 0x00000004
     kworker/7:1-309     [007] .....  1212.075755: amdgpu_device_wreg: 0x13fe, 0x000046a3, 0x00000004
     kworker/7:1-309     [007] .....  1212.075757: amdgpu_device_rreg: 0x13fe, 0x0000460c, 0x00000000
     kworker/7:1-309     [007] .....  1212.075758: amdgpu_device_wreg: 0x13fe, 0x0000460c, 0x00000000
     kworker/7:1-309     [007] .....  1212.075759: amdgpu_device_rreg: 0x13fe, 0x00004609, 0x00000000
     kworker/7:1-309     [007] .....  1212.075760: amdgpu_device_wreg: 0x13fe, 0x00004609, 0x00000000
     kworker/7:1-309     [007] .....  1212.075762: amdgpu_device_rreg: 0x13fe, 0x00004845, 0x0a040003
     kworker/7:1-309     [007] .....  1212.075763: amdgpu_device_wreg: 0x13fe, 0x00004845, 0x0a040000
     kworker/7:1-309     [007] .....  1212.075764: amdgpu_device_wreg: 0x13fe, 0x00004782, 0x0000000f
     kworker/7:1-309     [007] .....  1212.075765: amdgpu_device_wreg: 0x13fe, 0x00004783, 0x0000000f
     kworker/7:1-309     [007] .....  1212.075766: amdgpu_device_wreg: 0x13fe, 0x00004784, 0x0000000f
     kworker/7:1-309     [007] .....  1212.075766: amdgpu_device_wreg: 0x13fe, 0x00004787, 0x0000000f
     kworker/7:1-309     [007] .....  1212.075768: amdgpu_device_wreg: 0x13fe, 0x0000478b, 0x00000000
     kworker/7:1-309     [007] .....  1212.075769: amdgpu_device_wreg: 0x13fe, 0x0000478c, 0x00000000
     kworker/7:1-309     [007] .....  1212.075770: amdgpu_device_wreg: 0x13fe, 0x0000478d, 0x00000000
     kworker/7:1-309     [007] .....  1212.075771: amdgpu_device_wreg: 0x13fe, 0x00004783, 0x0000000f
     kworker/7:1-309     [007] .....  1212.075772: amdgpu_device_rreg: 0x13fe, 0x00004785, 0xffff0423
     kworker/7:1-309     [007] .....  1212.075773: amdgpu_device_wreg: 0x13fe, 0x00004785, 0xffff0422
     kworker/7:1-309     [007] .....  1212.075774: amdgpu_device_wreg: 0x13fe, 0x00004782, 0x00000003
     kworker/7:1-309     [007] .....  1212.075775: amdgpu_device_wreg: 0x13fe, 0x00004784, 0x00000000
     kworker/7:1-309     [007] .....  1212.075776: amdgpu_device_wreg: 0x13fe, 0x00004787, 0x00000000
     kworker/7:1-309     [007] .....  1212.075776: amdgpu_device_wreg: 0x13fe, 0x00004732, 0x00000003
     kworker/7:1-309     [007] .....  1212.075778: amdgpu_device_rreg: 0x13fe, 0x00004734, 0xffff0422
     kworker/7:1-309     [007] .....  1212.075778: amdgpu_device_wreg: 0x13fe, 0x00004734, 0xffff0423
     kworker/7:1-309     [007] .....  1212.075780: amdgpu_device_rreg: 0x13fe, 0x00004785, 0xffff0422
     kworker/7:1-309     [007] .....  1212.075781: amdgpu_device_wreg: 0x13fe, 0x00004785, 0xffff0422
     kworker/7:1-309     [007] .....  1212.075782: amdgpu_device_wreg: 0x13fe, 0x00004788, 0x0001f000
     kworker/7:1-309     [007] .....  1212.075783: amdgpu_device_wreg: 0x13fe, 0x00004789, 0x0001f000
     kworker/7:1-309     [007] .....  1212.075784: amdgpu_device_wreg: 0x13fe, 0x0000478a, 0x0001f000
     kworker/7:1-309     [007] .....  1212.075785: amdgpu_device_wreg: 0x13fe, 0x00003d3e, 0x04b003c0
     kworker/7:1-309     [007] .....  1212.075786: amdgpu_device_wreg: 0x13fe, 0x00003d3d, 0x000003c0
     kworker/7:1-309     [007] .....  1212.075787: amdgpu_device_wreg: 0x13fe, 0x00003d42, 0x04b003c0
     kworker/7:1-309     [007] .....  1212.075788: amdgpu_device_wreg: 0x13fe, 0x00003d41, 0x000003c0
     kworker/7:1-309     [007] .....  1212.075789: amdgpu_device_wreg: 0x13fe, 0x00003d40, 0x04b003c0
     kworker/7:1-309     [007] .....  1212.075790: amdgpu_device_wreg: 0x13fe, 0x00003d3f, 0x000003c0
     kworker/7:1-309     [007] .....  1212.075791: amdgpu_device_wreg: 0x13fe, 0x00003d44, 0x04b003c0
     kworker/7:1-309     [007] .....  1212.075792: amdgpu_device_wreg: 0x13fe, 0x00003d43, 0x000003c0
     kworker/7:1-309     [007] .....  1212.075793: amdgpu_device_wreg: 0x13fe, 0x00004629, 0x00000000
     kworker/7:1-309     [007] .....  1212.075794: amdgpu_device_wreg: 0x13fe, 0x0000478e, 0x00000004
     kworker/7:1-309     [007] .....  1212.075795: amdgpu_device_wreg: 0x13fe, 0x00000000, 0x00000001
     kworker/7:1-309     [007] .....  1212.075796: amdgpu_device_rreg: 0x13fe, 0x00000000, 0x00000000
     kworker/7:1-309     [007] .....  1212.075798: amdgpu_device_wreg: 0x13fe, 0x00004a78, 0x00002000
     kworker/7:1-309     [007] .....  1212.075798: amdgpu_device_wreg: 0x13fe, 0x00004a79, 0x00000000
     kworker/7:1-309     [007] .....  1212.075799: amdgpu_device_wreg: 0x13fe, 0x00004a7a, 0x20000000
     kworker/7:1-309     [007] .....  1212.075800: amdgpu_device_wreg: 0x13fe, 0x00004a7b, 0x00000000
     kworker/7:1-309     [007] .....  1212.075801: amdgpu_device_wreg: 0x13fe, 0x00004a7c, 0x00000000
     kworker/7:1-309     [007] .....  1212.075802: amdgpu_device_wreg: 0x13fe, 0x00004a7d, 0x00002000
     kworker/7:1-309     [007] .....  1212.075803: amdgpu_device_wreg: 0x13fe, 0x00004a77, 0x00000001
     kworker/7:1-309     [007] .....  1212.075805: amdgpu_device_rreg: 0x13fe, 0x00003d6e, 0x00000000
     kworker/7:1-309     [007] .....  1212.075806: amdgpu_device_wreg: 0x13fe, 0x00003d6e, 0x00000000
     kworker/7:1-309     [007] .....  1212.075807: amdgpu_device_rreg: 0x13fe, 0x00003d3a, 0x0000123c
     kworker/7:1-309     [007] .....  1212.075808: amdgpu_device_wreg: 0x13fe, 0x00003d3a, 0x0000123c
     kworker/7:1-309     [007] .....  1212.075810: amdgpu_device_rreg: 0x13fe, 0x00003d3b, 0x00000080
     kworker/7:1-309     [007] .....  1212.075811: amdgpu_device_wreg: 0x13fe, 0x00003d3b, 0x00000080
     kworker/7:1-309     [007] .....  1212.075812: amdgpu_device_rreg: 0x13fe, 0x00003d5b, 0x0000077f
     kworker/7:1-309     [007] .....  1212.075813: amdgpu_device_wreg: 0x13fe, 0x00003d5b, 0x0000077f
     kworker/7:1-309     [007] .....  1212.075814: amdgpu_device_rreg: 0x13fe, 0x00003dbe, 0x00e40000
     kworker/7:1-309     [007] .....  1212.075816: amdgpu_device_wreg: 0x13fe, 0x00003dbe, 0x00e40000
     kworker/7:1-309     [007] .....  1212.075817: amdgpu_device_rreg: 0x13fe, 0x00003d39, 0x00000008
     kworker/7:1-309     [007] .....  1212.075818: amdgpu_device_wreg: 0x13fe, 0x00003d39, 0x00000008
     kworker/7:1-309     [007] .....  1212.075819: amdgpu_device_rreg: 0x13fe, 0x00003d6f, 0x00000200
     kworker/7:1-309     [007] .....  1212.075820: amdgpu_device_wreg: 0x13fe, 0x00003d6f, 0x00000200
     kworker/7:1-309     [007] .....  1212.075822: amdgpu_device_rreg: 0x13fe, 0x00003d6f, 0x00000200
     kworker/7:1-309     [007] .....  1212.075822: amdgpu_device_wreg: 0x13fe, 0x00003d6f, 0x00000200
     kworker/7:1-309     [007] .....  1212.075824: amdgpu_device_rreg: 0x13fe, 0x00003d6f, 0x00000200
     kworker/7:1-309     [007] .....  1212.075825: amdgpu_device_wreg: 0x13fe, 0x00003d6f, 0x00000200
     kworker/7:1-309     [007] .....  1212.075826: amdgpu_device_rreg: 0x13fe, 0x00003d6e, 0x00000000
     kworker/7:1-309     [007] .....  1212.075827: amdgpu_device_wreg: 0x13fe, 0x00003d6e, 0x00000000
     kworker/7:1-309     [007] .....  1212.075828: amdgpu_device_wreg: 0x13fe, 0x00003d5f, 0x00000004
     kworker/7:1-309     [007] .....  1212.075829: amdgpu_device_wreg: 0x13fe, 0x00003d5e, 0x6e000000
     kworker/7:1-309     [007] .....  1212.075831: amdgpu_device_rreg: 0x13fe, 0x00003d47, 0x000f0102
     kworker/7:1-309     [007] .....  1212.075832: amdgpu_device_wreg: 0x13fe, 0x00003d47, 0x000f0102
     kworker/7:1-309     [007] .....  1212.075834: amdgpu_device_rreg: 0x13fe, 0x000046a2, 0x0001f000
     kworker/7:1-309     [007] .....  1212.075835: amdgpu_device_wreg: 0x13fe, 0x000046a2, 0x0001f000
     kworker/7:1-309     [007] .....  1212.075836: amdgpu_device_wreg: 0x13fe, 0x000046a8, 0x00000000
     kworker/7:1-309     [007] .....  1212.075837: amdgpu_device_rreg: 0x13fe, 0x000046e1, 0x00000010
     kworker/7:1-309     [007] .....  1212.075838: amdgpu_device_wreg: 0x13fe, 0x000046e1, 0x00000010
     kworker/7:1-309     [007] .....  1212.075839: amdgpu_device_wreg: 0x13fe, 0x00004664, 0x00000000
     kworker/7:1-309     [007] .....  1212.075841: amdgpu_device_rreg: 0x13fe, 0x0000461b, 0x00003100
     kworker/7:1-309     [007] .....  1212.075842: amdgpu_device_wreg: 0x13fe, 0x0000461b, 0x00003100
     kworker/7:1-309     [007] .....  1212.075844: amdgpu_device_rreg: 0x13fe, 0x00004638, 0x00000000
     kworker/7:1-309     [007] .....  1212.075845: amdgpu_device_wreg: 0x13fe, 0x00004638, 0x00000000
     kworker/7:1-309     [007] .....  1212.075846: amdgpu_device_wreg: 0x13fe, 0x0000478e, 0x00000004
     kworker/7:1-309     [007] .....  1212.075847: amdgpu_device_wreg: 0x13fe, 0x00004931, 0x00000000
     kworker/7:1-309     [007] .....  1212.075848: amdgpu_device_rreg: 0x13fe, 0x00005001, 0x80011311
     kworker/7:1-309     [007] .....  1212.075850: amdgpu_device_wreg: 0x13fe, 0x0000504b, 0x00000000
     kworker/7:1-309     [007] .....  1212.075852: amdgpu_device_wreg: 0x13fe, 0x00004ffa, 0x00000001
     kworker/7:1-309     [007] d..1.  1212.075870: amdgpu_device_rreg: 0x13fe, 0x00003adb, 0x00000100
     kworker/7:1-309     [007] d..1.  1212.075871: amdgpu_device_rreg: 0x13fe, 0x00003ae5, 0x6e000000
     kworker/7:1-309     [007] d..1.  1212.075873: amdgpu_device_rreg: 0x13fe, 0x00003ae6, 0x00000004
          <idle>-0       [002] d.h1.  1212.082452: amdgpu_device_rreg: 0x13fe, 0x0000504a, 0x0010d104
          <idle>-0       [002] d.h1.  1212.082454: amdgpu_device_wreg: 0x13fe, 0x0000504a, 0x0011d104
          <idle>-0       [002] d.h4.  1212.082456: amdgpu_device_rreg: 0x13fe, 0x0000500c, 0x0000de14
          <idle>-0       [002] d.h4.  1212.082458: amdgpu_device_rreg: 0x13fe, 0x00004ff6, 0x002004d0
          <idle>-0       [002] d.h4.  1212.082459: amdgpu_device_rreg: 0x13fe, 0x0000500a, 0x022a000a
          <idle>-0       [002] d.h4.  1212.082460: amdgpu_device_rreg: 0x13fe, 0x0000500b, 0x0000000a
          <idle>-0       [002] d.h4.  1212.082462: amdgpu_device_rreg: 0x13fe, 0x0000500c, 0x0000de14
          <idle>-0       [002] d.h4.  1212.082463: amdgpu_device_rreg: 0x13fe, 0x00004ff6, 0x002004d0
          <idle>-0       [002] d.h4.  1212.082465: amdgpu_device_rreg: 0x13fe, 0x0000500a, 0x0597000a
          <idle>-0       [002] d.h4.  1212.082466: amdgpu_device_rreg: 0x13fe, 0x0000500b, 0x0000000a
          <idle>-0       [002] d.h4.  1212.082468: amdgpu_device_rreg: 0x13fe, 0x0000500c, 0x0000de14
          <idle>-0       [002] d.h4.  1212.082469: amdgpu_device_rreg: 0x13fe, 0x00004ff6, 0x002004d0
          <idle>-0       [002] d.h4.  1212.082470: amdgpu_device_rreg: 0x13fe, 0x0000500a, 0x00d6000b
          <idle>-0       [002] d.h4.  1212.082472: amdgpu_device_rreg: 0x13fe, 0x0000500b, 0x0000000b
          <idle>-0       [002] d.h4.  1212.082473: amdgpu_device_rreg: 0x13fe, 0x0000500c, 0x0000de14
          <idle>-0       [002] d.h3.  1212.082475: amdgpu_device_rreg: 0x13fe, 0x00003adb, 0x00000000
          <idle>-0       [002] d.h3.  1212.082477: amdgpu_device_rreg: 0x13fe, 0x00003ae5, 0x6e000000
          <idle>-0       [002] d.h3.  1212.082478: amdgpu_device_rreg: 0x13fe, 0x00003ae6, 0x00000004
          <idle>-0       [002] d.h3.  1212.082480: amdgpu_device_rreg: 0x13fe, 0x00003d6f, 0x00000000
          <idle>-0       [002] d.h3.  1212.082481: amdgpu_device_rreg: 0x13fe, 0x00003d79, 0x6e000000
          <idle>-0       [002] d.h3.  1212.082483: amdgpu_device_rreg: 0x13fe, 0x00003d7a, 0x00000004
          <idle>-0       [002] d.h1.  1212.099133: amdgpu_device_rreg: 0x13fe, 0x0000504a, 0x0010d104
          <idle>-0       [002] d.h1.  1212.099135: amdgpu_device_wreg: 0x13fe, 0x0000504a, 0x0011d104
          <idle>-0       [002] d.h4.  1212.099137: amdgpu_device_rreg: 0x13fe, 0x0000500c, 0x0000de15
          <idle>-0       [002] d.h4.  1212.099138: amdgpu_device_rreg: 0x13fe, 0x00004ff6, 0x002004d0
          <idle>-0       [002] d.h4.  1212.099139: amdgpu_device_rreg: 0x13fe, 0x0000500a, 0x0205000a
          <idle>-0       [002] d.h4.  1212.099141: amdgpu_device_rreg: 0x13fe, 0x0000500b, 0x0000000a
          <idle>-0       [002] d.h4.  1212.099142: amdgpu_device_rreg: 0x13fe, 0x0000500c, 0x0000de15
          <idle>-0       [002] d.h4.  1212.099144: amdgpu_device_rreg: 0x13fe, 0x00004ff6, 0x002004d0
          <idle>-0       [002] d.h4.  1212.099145: amdgpu_device_rreg: 0x13fe, 0x0000500a, 0x056c000a
          <idle>-0       [002] d.h4.  1212.099146: amdgpu_device_rreg: 0x13fe, 0x0000500b, 0x0000000a
          <idle>-0       [002] d.h4.  1212.099148: amdgpu_device_rreg: 0x13fe, 0x0000500c, 0x0000de15
          <idle>-0       [002] d.h4.  1212.099149: amdgpu_device_rreg: 0x13fe, 0x00004ff6, 0x002004d0
          <idle>-0       [002] d.h4.  1212.099151: amdgpu_device_rreg: 0x13fe, 0x0000500a, 0x00aa000b
          <idle>-0       [002] d.h4.  1212.099152: amdgpu_device_rreg: 0x13fe, 0x0000500b, 0x0000000b
          <idle>-0       [002] d.h4.  1212.099153: amdgpu_device_rreg: 0x13fe, 0x0000500c, 0x0000de15
          <idle>-0       [002] d.h1.  1212.115814: amdgpu_device_rreg: 0x13fe, 0x0000504a, 0x0010d104
          <idle>-0       [002] d.h1.  1212.115816: amdgpu_device_wreg: 0x13fe, 0x0000504a, 0x0011d104
          <idle>-0       [002] d.h4.  1212.115818: amdgpu_device_rreg: 0x13fe, 0x0000500c, 0x0000de16
          <idle>-0       [002] d.h4.  1212.115819: amdgpu_device_rreg: 0x13fe, 0x00004ff6, 0x002004d0
          <idle>-0       [002] d.h4.  1212.115820: amdgpu_device_rreg: 0x13fe, 0x0000500a, 0x024f000a
          <idle>-0       [002] d.h4.  1212.115822: amdgpu_device_rreg: 0x13fe, 0x0000500b, 0x0000000a
          <idle>-0       [002] d.h4.  1212.115823: amdgpu_device_rreg: 0x13fe, 0x0000500c, 0x0000de16
          <idle>-0       [002] d.h4.  1212.115825: amdgpu_device_rreg: 0x13fe, 0x00004ff6, 0x002004d0
          <idle>-0       [002] d.h4.  1212.115826: amdgpu_device_rreg: 0x13fe, 0x0000500a, 0x05b2000a
          <idle>-0       [002] d.h4.  1212.115827: amdgpu_device_rreg: 0x13fe, 0x0000500b, 0x0000000a
          <idle>-0       [002] d.h4.  1212.115829: amdgpu_device_rreg: 0x13fe, 0x0000500c, 0x0000de16
          <idle>-0       [002] d.h4.  1212.115830: amdgpu_device_rreg: 0x13fe, 0x00004ff6, 0x002004d0
          <idle>-0       [002] d.h4.  1212.115832: amdgpu_device_rreg: 0x13fe, 0x0000500a, 0x00f0000b
          <idle>-0       [002] d.h4.  1212.115833: amdgpu_device_rreg: 0x13fe, 0x0000500b, 0x0000000b
          <idle>-0       [002] d.h4.  1212.115834: amdgpu_device_rreg: 0x13fe, 0x0000500c, 0x0000de16
          <idle>-0       [002] d.s3.  1212.116711: amdgpu_device_rreg: 0x13fe, 0x0000500c, 0x0000de16
          <idle>-0       [002] d.s3.  1212.116713: amdgpu_device_rreg: 0x13fe, 0x00004ff6, 0x002004d0
          <idle>-0       [002] d.s3.  1212.116714: amdgpu_device_rreg: 0x13fe, 0x0000500a, 0x03ec004c
          <idle>-0       [002] d.s3.  1212.116716: amdgpu_device_rreg: 0x13fe, 0x0000500b, 0x0000004c
          <idle>-0       [002] d.s3.  1212.116717: amdgpu_device_rreg: 0x13fe, 0x0000500c, 0x0000de16
          <idle>-0       [002] d.s3.  1212.116719: amdgpu_device_rreg: 0x13fe, 0x00004ff6, 0x002004d0
          <idle>-0       [002] d.s3.  1212.116720: amdgpu_device_rreg: 0x13fe, 0x0000500a, 0x0756004c
          <idle>-0       [002] d.s3.  1212.116721: amdgpu_device_rreg: 0x13fe, 0x0000500b, 0x0000004c
          <idle>-0       [002] d.s3.  1212.116723: amdgpu_device_rreg: 0x13fe, 0x0000500c, 0x0000de16
          <idle>-0       [002] d.s3.  1212.116724: amdgpu_device_rreg: 0x13fe, 0x00004ff6, 0x002004d0
          <idle>-0       [002] d.s3.  1212.116726: amdgpu_device_rreg: 0x13fe, 0x0000500a, 0x0293004d
          <idle>-0       [002] d.s3.  1212.116727: amdgpu_device_rreg: 0x13fe, 0x0000500b, 0x0000004d
          <idle>-0       [002] d.s3.  1212.116728: amdgpu_device_rreg: 0x13fe, 0x0000500c, 0x0000de16
          <idle>-0       [002] d.s4.  1212.116730: amdgpu_device_rreg: 0x13fe, 0x0000504a, 0x00101104
          <idle>-0       [002] d.s4.  1212.116731: amdgpu_device_wreg: 0x13fe, 0x0000504a, 0x00111104
          <idle>-0       [002] d.s4.  1212.116732: amdgpu_device_rreg: 0x13fe, 0x0000504a, 0x00101104
          <idle>-0       [002] d.s4.  1212.116733: amdgpu_device_wreg: 0x13fe, 0x0000504a, 0x00100104
     kworker/7:1-309     [007] .....  1212.282920: amdgpu_device_rreg: 0x13fe, 0x00004ff6, 0x002004d0
     kworker/7:1-309     [007] .....  1212.282927: amdgpu_device_rreg: 0x13fe, 0x0000500a, 0x04ef0020
     kworker/7:1-309     [007] .....  1212.282929: amdgpu_device_rreg: 0x13fe, 0x0000500b, 0x00000020
     kworker/7:1-309     [007] .....  1212.282932: amdgpu_device_rreg: 0x13fe, 0x00004ff6, 0x002004d0
     kworker/7:1-309     [007] .....  1212.282934: amdgpu_device_rreg: 0x13fe, 0x0000500a, 0x00be0021
     kworker/7:1-309     [007] .....  1212.282935: amdgpu_device_rreg: 0x13fe, 0x0000500b, 0x00000021
     kworker/7:1-309     [007] .....  1212.282945: amdgpu_device_rreg: 0x13fe, 0x0000500c, 0x0000de20
     kworker/7:1-309     [007] .....  1212.282947: amdgpu_device_rreg: 0x13fe, 0x00004ff6, 0x002004d0
     kworker/7:1-309     [007] .....  1212.282948: amdgpu_device_rreg: 0x13fe, 0x0000500a, 0x013e0022
     kworker/7:1-309     [007] .....  1212.282949: amdgpu_device_rreg: 0x13fe, 0x0000500b, 0x00000022
     kworker/7:1-309     [007] .....  1212.282951: amdgpu_device_rreg: 0x13fe, 0x0000500c, 0x0000de20
     kworker/7:1-309     [007] .....  1212.282953: amdgpu_device_rreg: 0x13fe, 0x00004ff6, 0x002004d0
     kworker/7:1-309     [007] .....  1212.282954: amdgpu_device_rreg: 0x13fe, 0x0000500a, 0x04f00022
     kworker/7:1-309     [007] .....  1212.282956: amdgpu_device_rreg: 0x13fe, 0x0000500b, 0x00000022
     kworker/7:1-309     [007] d..4.  1212.282959: amdgpu_device_rreg: 0x13fe, 0x0000504a, 0x00104104
     kworker/7:1-309     [007] d..4.  1212.282961: amdgpu_device_wreg: 0x13fe, 0x0000504a, 0x00114104
     kworker/7:1-309     [007] d..4.  1212.282962: amdgpu_device_rreg: 0x13fe, 0x0000504a, 0x00100104
     kworker/7:1-309     [007] d..4.  1212.282964: amdgpu_device_wreg: 0x13fe, 0x0000504a, 0x00101104
     kworker/7:1-309     [007] d..3.  1212.282971: amdgpu_device_rreg: 0x13fe, 0x0000500c, 0x0000de20
     kworker/7:1-309     [007] d..3.  1212.282973: amdgpu_device_rreg: 0x13fe, 0x00004ff6, 0x002004d0
     kworker/7:1-309     [007] d..3.  1212.282975: amdgpu_device_rreg: 0x13fe, 0x0000500a, 0x01010024
     kworker/7:1-309     [007] d..3.  1212.282976: amdgpu_device_rreg: 0x13fe, 0x0000500b, 0x00000024
     kworker/7:1-309     [007] d..3.  1212.282978: amdgpu_device_rreg: 0x13fe, 0x0000500c, 0x0000de20
     kworker/7:1-309     [007] d..3.  1212.282980: amdgpu_device_rreg: 0x13fe, 0x00004ff6, 0x002004d0
     kworker/7:1-309     [007] d..3.  1212.282981: amdgpu_device_rreg: 0x13fe, 0x0000500a, 0x04de0024
     kworker/7:1-309     [007] d..3.  1212.282983: amdgpu_device_rreg: 0x13fe, 0x0000500b, 0x00000024
     kworker/7:1-309     [007] d..3.  1212.282984: amdgpu_device_rreg: 0x13fe, 0x0000500c, 0x0000de20
     kworker/7:1-309     [007] d..3.  1212.282986: amdgpu_device_rreg: 0x13fe, 0x00004ff6, 0x002004d0
     kworker/7:1-309     [007] d..3.  1212.282988: amdgpu_device_rreg: 0x13fe, 0x0000500a, 0x00b40025
     kworker/7:1-309     [007] d..3.  1212.282989: amdgpu_device_rreg: 0x13fe, 0x0000500b, 0x00000025
     kworker/7:1-309     [007] d..3.  1212.282990: amdgpu_device_rreg: 0x13fe, 0x0000500c, 0x0000de20
     kworker/7:1-309     [007] .....  1212.283432: amdgpu_device_wreg: 0x13fe, 0x000039c6, 0x00000bb8
     kworker/7:1-309     [007] .....  1212.283438: amdgpu_device_rreg: 0x13fe, 0x000039c5, 0x00440100
     kworker/7:1-309     [007] .....  1212.283438: amdgpu_device_wreg: 0x13fe, 0x000039c5, 0x00440100
     kworker/7:1-309     [007] .....  1212.283440: amdgpu_device_rreg: 0x13fe, 0x000039c8, 0x00000000
     kworker/7:1-309     [007] .....  1212.283441: amdgpu_device_wreg: 0x13fe, 0x000039c8, 0x00000000
     kworker/7:1-309     [007] .....  1212.283444: amdgpu_device_rreg: 0x13fe, 0x00004d14, 0x00000000
     kworker/7:1-309     [007] .....  1212.283445: amdgpu_device_rreg: 0x13fe, 0x00004d1b, 0x00000000
     kworker/7:1-309     [007] .....  1212.283447: amdgpu_device_rreg: 0x13fe, 0x00004d14, 0x00000000
     kworker/7:1-309     [007] .....  1212.283448: amdgpu_device_rreg: 0x13fe, 0x00004d1b, 0x00000000
     kworker/7:1-309     [007] .....  1212.283451: amdgpu_device_rreg: 0x13fe, 0x00005001, 0x80011311
     kworker/7:1-309     [007] .....  1212.283453: amdgpu_device_wreg: 0x13fe, 0x00005050, 0x00000000
     kworker/7:1-309     [007] .....  1212.283454: amdgpu_device_wreg: 0x13fe, 0x0000504b, 0x00000001
     kworker/7:1-309     [007] .....  1212.283455: amdgpu_device_rreg: 0x13fe, 0x0000504b, 0x00000101
     kworker/7:1-309     [007] .....  1212.283458: amdgpu_device_rreg: 0x13fe, 0x00003adc, 0x00000040
     kworker/7:1-309     [007] .....  1212.283460: amdgpu_device_rreg: 0x13fe, 0x00003d70, 0x00000040
     kworker/7:1-309     [007] .....  1212.283462: amdgpu_device_rreg: 0x13fe, 0x00003adc, 0x00000040
     kworker/7:1-309     [007] .....  1212.283464: amdgpu_device_rreg: 0x13fe, 0x00003d70, 0x00000040
     kworker/7:1-309     [007] .....  1212.283469: amdgpu_device_wreg: 0x13fe, 0x00005047, 0x00000017
     kworker/7:1-309     [007] .....  1212.283470: amdgpu_device_wreg: 0x13fe, 0x00005048, 0x012f0208
     kworker/7:1-309     [007] .....  1212.283471: amdgpu_device_wreg: 0x13fe, 0x00005049, 0x0000018b
     kworker/7:1-309     [007] .....  1212.283473: amdgpu_device_rreg: 0x13fe, 0x000039e8, 0x84d00000
     kworker/7:1-309     [007] .....  1212.283474: amdgpu_device_wreg: 0x13fe, 0x000039e8, 0x84d00000
     kworker/7:1-309     [007] .....  1212.283475: amdgpu_device_wreg: 0x13fe, 0x00005026, 0x0000000a
     kworker/7:1-309     [007] .....  1212.283477: amdgpu_device_wreg: 0x13fe, 0x00004d16, 0x078004b0
     kworker/7:1-309     [007] .....  1212.283478: amdgpu_device_wreg: 0x13fe, 0x00004d1a, 0x00000000
     kworker/7:1-309     [007] .....  1212.283479: amdgpu_device_wreg: 0x13fe, 0x00004d14, 0x00000000
     kworker/7:1-309     [007] .....  1212.283480: amdgpu_device_wreg: 0x13fe, 0x00004d17, 0x00000000
     kworker/7:1-309     [007] .....  1212.283481: amdgpu_device_wreg: 0x13fe, 0x00004d18, 0x00000000
     kworker/7:1-309     [007] .....  1212.283482: amdgpu_device_wreg: 0x13fe, 0x00004d19, 0x00000000
     kworker/7:1-309     [007] .....  1212.283483: amdgpu_device_wreg: 0x13fe, 0x00004d15, 0x00000000
     kworker/7:1-309     [007] .....  1212.283485: amdgpu_device_rreg: 0x13fe, 0x00003ab4, 0x00f11111
     kworker/7:1-309     [007] .....  1212.283486: amdgpu_device_wreg: 0x13fe, 0x00003ab4, 0x00f11111
     kworker/7:1-309     [007] .....  1212.283487: amdgpu_device_rreg: 0x13fe, 0x00004d4c, 0x00000003
     kworker/7:1-309     [007] .....  1212.283488: amdgpu_device_wreg: 0x13fe, 0x00004d4c, 0x00000003
     kworker/7:1-309     [007] .....  1212.283491: amdgpu_device_rreg: 0x13fe, 0x00004185, 0xf0000010
     kworker/7:1-309     [007] .....  1212.283492: amdgpu_device_wreg: 0x13fe, 0x00004185, 0xf0000010
     kworker/7:1-309     [007] .....  1212.283494: amdgpu_device_rreg: 0x13fe, 0x00003ab3, 0x000f0102
     kworker/7:1-309     [007] .....  1212.283494: amdgpu_device_wreg: 0x13fe, 0x00003ab3, 0x000f0102
     kworker/7:1-309     [007] .....  1212.283495: amdgpu_device_wreg: 0x13fe, 0x00003ab6, 0x00000100
     kworker/7:1-309     [007] .....  1212.283497: amdgpu_device_rreg: 0x13fe, 0x00003ab3, 0x000f0102
     kworker/7:1-309     [007] .....  1212.283498: amdgpu_device_wreg: 0x13fe, 0x00003ab3, 0x000f0102
     kworker/7:1-309     [007] .....  1212.283499: amdgpu_device_rreg: 0x13fe, 0x00003b2a, 0x00e40000
     kworker/7:1-309     [007] .....  1212.283500: amdgpu_device_wreg: 0x13fe, 0x00003b2a, 0x00e40000
     kworker/7:1-309     [007] .....  1212.283501: amdgpu_device_wreg: 0x13fe, 0x00003aec, 0x00000056
     kworker/7:1-309     [007] .....  1212.283502: amdgpu_device_wreg: 0x13fe, 0x00003ab1, 0x000d1b00
     kworker/7:1-309     [007] .....  1212.283503: amdgpu_device_wreg: 0x13fe, 0x00003ab2, 0x00000000
     kworker/7:1-309     [007] .....  1212.283505: amdgpu_device_wreg: 0x13fe, 0x00003b06, 0x00200024
     kworker/7:1-309     [007] .....  1212.283506: amdgpu_device_wreg: 0x13fe, 0x00003b07, 0x00001340
     kworker/7:1-309     [007] .....  1212.283506: amdgpu_device_wreg: 0x13fe, 0x00003b08, 0x0002a353
     kworker/7:1-309     [007] .....  1212.283507: amdgpu_device_wreg: 0x13fe, 0x00003b09, 0x00000198
     kworker/7:1-309     [007] .....  1212.283508: amdgpu_device_wreg: 0x13fe, 0x00003b1f, 0x000298ef
     kworker/7:1-309     [007] .....  1212.283509: amdgpu_device_wreg: 0x13fe, 0x00003b0d, 0x000001fa
     kworker/7:1-309     [007] .....  1212.283510: amdgpu_device_wreg: 0x13fe, 0x00003b18, 0x00000020
     kworker/7:1-309     [007] .....  1212.283511: amdgpu_device_wreg: 0x13fe, 0x00003b19, 0x0000151a
     kworker/7:1-309     [007] .....  1212.283512: amdgpu_device_wreg: 0x13fe, 0x00003b1d, 0x0000026f
     kworker/7:1-309     [007] .....  1212.283513: amdgpu_device_wreg: 0x13fe, 0x00003b0e, 0x00000000
     kworker/7:1-309     [007] .....  1212.283514: amdgpu_device_wreg: 0x13fe, 0x00003b1a, 0x00000020
     kworker/7:1-309     [007] .....  1212.283515: amdgpu_device_wreg: 0x13fe, 0x00003b1b, 0x00000000
     kworker/7:1-309     [007] .....  1212.283516: amdgpu_device_wreg: 0x13fe, 0x00003aed, 0x0a8d0000
     kworker/7:1-309     [007] .....  1212.283517: amdgpu_device_wreg: 0x13fe, 0x00003aef, 0x08009bd8
     kworker/7:1-309     [007] .....  1212.283518: amdgpu_device_wreg: 0x13fe, 0x00003af1, 0x08000000
     kworker/7:1-309     [007] .....  1212.283519: amdgpu_device_wreg: 0x13fe, 0x00003af3, 0x0800531d
     kworker/7:1-309     [007] .....  1212.283520: amdgpu_device_wreg: 0x13fe, 0x00003b0a, 0x0b092492
     kworker/7:1-309     [007] .....  1212.283521: amdgpu_device_wreg: 0x13fe, 0x00003b0b, 0x00080000
     kworker/7:1-309     [007] .....  1212.283522: amdgpu_device_wreg: 0x13fe, 0x00003b0c, 0x00000301
     kworker/7:1-309     [007] .....  1212.283523: amdgpu_device_wreg: 0x13fe, 0x00003b11, 0x00000000
     kworker/7:1-309     [007] .....  1212.283524: amdgpu_device_wreg: 0x13fe, 0x00003b0f, 0x000001fa
     kworker/7:1-309     [007] .....  1212.283525: amdgpu_device_wreg: 0x13fe, 0x00003b10, 0x000001fa
     kworker/7:1-309     [007] .....  1212.283525: amdgpu_device_wreg: 0x13fe, 0x00003b13, 0x00000000
     kworker/7:1-309     [007] .....  1212.283526: amdgpu_device_wreg: 0x13fe, 0x00003b1c, 0x0000014b
     kworker/7:1-309     [007] .....  1212.283527: amdgpu_device_wreg: 0x13fe, 0x00003af0, 0x00004db0
     kworker/7:1-309     [007] .....  1212.283529: amdgpu_device_wreg: 0x13fe, 0x00003af2, 0x00000000
     kworker/7:1-309     [007] .....  1212.283529: amdgpu_device_wreg: 0x13fe, 0x00003af4, 0x000052de
     kworker/7:1-309     [007] .....  1212.283530: amdgpu_device_wreg: 0x13fe, 0x00000000, 0x00000000
     kworker/7:1-309     [007] .....  1212.283531: amdgpu_device_wreg: 0x13fe, 0x00003aee, 0xe0003284
     kworker/7:1-309     [007] .....  1212.283532: amdgpu_device_wreg: 0x13fe, 0x00004190, 0x00000001
     kworker/7:1-309     [007] .....  1212.283534: amdgpu_device_rreg: 0x13fe, 0x00004190, 0x03100001
     kworker/7:1-309     [007] .....  1212.283535: amdgpu_device_wreg: 0x13fe, 0x00004190, 0x03100001
     kworker/7:1-309     [007] .....  1212.283537: amdgpu_device_rreg: 0x13fe, 0x00004190, 0x03100001
     kworker/7:1-309     [007] .....  1212.283538: amdgpu_device_wreg: 0x13fe, 0x00004190, 0x03100001
     kworker/7:1-309     [007] .....  1212.283539: amdgpu_device_rreg: 0x13fe, 0x00004190, 0x03100001
     kworker/7:1-309     [007] .....  1212.283540: amdgpu_device_wreg: 0x13fe, 0x00004190, 0x03100001
     kworker/7:1-309     [007] .....  1212.283542: amdgpu_device_rreg: 0x13fe, 0x00004190, 0x03100001
     kworker/7:1-309     [007] .....  1212.283543: amdgpu_device_wreg: 0x13fe, 0x00004190, 0x03100001
     kworker/7:1-309     [007] .....  1212.283544: amdgpu_device_wreg: 0x13fe, 0x0000418f, 0x00000008
     kworker/7:1-309     [007] .....  1212.283545: amdgpu_device_rreg: 0x13fe, 0x00004190, 0x03100001
     kworker/7:1-309     [007] .....  1212.283546: amdgpu_device_wreg: 0x13fe, 0x00004190, 0x03100101
     kworker/7:1-309     [007] .....  1212.283548: amdgpu_device_wreg: 0x13fe, 0x000041db, 0x00000000
     kworker/7:1-309     [007] .....  1212.283549: amdgpu_device_rreg: 0x13fe, 0x00004262, 0x00000004
     kworker/7:1-309     [007] .....  1212.283550: amdgpu_device_wreg: 0x13fe, 0x00004262, 0x00000004
     kworker/7:1-309     [007] .....  1212.283552: amdgpu_device_rreg: 0x13fe, 0x000041cb, 0x00000000
     kworker/7:1-309     [007] .....  1212.283553: amdgpu_device_wreg: 0x13fe, 0x000041cb, 0x00000000
     kworker/7:1-309     [007] .....  1212.283555: amdgpu_device_rreg: 0x13fe, 0x000041c8, 0x00000000
     kworker/7:1-309     [007] .....  1212.283555: amdgpu_device_wreg: 0x13fe, 0x000041c8, 0x00000000
     kworker/7:1-309     [007] .....  1212.283558: amdgpu_device_rreg: 0x13fe, 0x00004845, 0x0a040000
     kworker/7:1-309     [007] .....  1212.283559: amdgpu_device_wreg: 0x13fe, 0x00004845, 0x0a040003
     kworker/7:1-309     [007] .....  1212.283560: amdgpu_device_wreg: 0x13fe, 0x00004731, 0x0000000f
     kworker/7:1-309     [007] .....  1212.283560: amdgpu_device_wreg: 0x13fe, 0x00004732, 0x0000000f
     kworker/7:1-309     [007] .....  1212.283561: amdgpu_device_wreg: 0x13fe, 0x00004733, 0x0000000f
     kworker/7:1-309     [007] .....  1212.283562: amdgpu_device_wreg: 0x13fe, 0x00004736, 0x0000000f
     kworker/7:1-309     [007] .....  1212.283563: amdgpu_device_wreg: 0x13fe, 0x0000473a, 0x00000000
     kworker/7:1-309     [007] .....  1212.283564: amdgpu_device_wreg: 0x13fe, 0x0000473b, 0x00000000
     kworker/7:1-309     [007] .....  1212.283565: amdgpu_device_wreg: 0x13fe, 0x0000473c, 0x00000000
     kworker/7:1-309     [007] .....  1212.283566: amdgpu_device_wreg: 0x13fe, 0x00004732, 0x0000000f
     kworker/7:1-309     [007] .....  1212.283568: amdgpu_device_rreg: 0x13fe, 0x00004734, 0xffff0423
     kworker/7:1-309     [007] .....  1212.283569: amdgpu_device_wreg: 0x13fe, 0x00004734, 0xffff0422
     kworker/7:1-309     [007] .....  1212.283570: amdgpu_device_wreg: 0x13fe, 0x00004731, 0x00000000
     kworker/7:1-309     [007] .....  1212.283571: amdgpu_device_wreg: 0x13fe, 0x00004733, 0x00000000
     kworker/7:1-309     [007] .....  1212.283572: amdgpu_device_wreg: 0x13fe, 0x00004736, 0x00000000
     kworker/7:1-309     [007] .....  1212.283573: amdgpu_device_wreg: 0x13fe, 0x00004783, 0x00000000
     kworker/7:1-309     [007] .....  1212.283574: amdgpu_device_rreg: 0x13fe, 0x00004785, 0xffff0422
     kworker/7:1-309     [007] .....  1212.283575: amdgpu_device_wreg: 0x13fe, 0x00004785, 0xffff0423
     kworker/7:1-309     [007] .....  1212.283577: amdgpu_device_rreg: 0x13fe, 0x00004734, 0xffff0422
     kworker/7:1-309     [007] .....  1212.283577: amdgpu_device_wreg: 0x13fe, 0x00004734, 0xffff0422
     kworker/7:1-309     [007] .....  1212.283578: amdgpu_device_wreg: 0x13fe, 0x00004737, 0x0001f000
     kworker/7:1-309     [007] .....  1212.283580: amdgpu_device_wreg: 0x13fe, 0x00004738, 0x0001f000
     kworker/7:1-309     [007] .....  1212.283581: amdgpu_device_wreg: 0x13fe, 0x00004739, 0x0001f000
     kworker/7:1-309     [007] .....  1212.283583: amdgpu_device_wreg: 0x13fe, 0x00003aaa, 0x04b003c0
     kworker/7:1-309     [007] .....  1212.283584: amdgpu_device_wreg: 0x13fe, 0x00003aa9, 0x00000000
     kworker/7:1-309     [007] .....  1212.283585: amdgpu_device_wreg: 0x13fe, 0x00003aae, 0x04b003c0
     kworker/7:1-309     [007] .....  1212.283586: amdgpu_device_wreg: 0x13fe, 0x00003aad, 0x00000000
     kworker/7:1-309     [007] .....  1212.283588: amdgpu_device_wreg: 0x13fe, 0x00003aac, 0x04b003c0
     kworker/7:1-309     [007] .....  1212.283589: amdgpu_device_wreg: 0x13fe, 0x00003aab, 0x00000000
     kworker/7:1-309     [007] .....  1212.283590: amdgpu_device_wreg: 0x13fe, 0x00003ab0, 0x04b003c0
     kworker/7:1-309     [007] .....  1212.283590: amdgpu_device_wreg: 0x13fe, 0x00003aaf, 0x00000000
     kworker/7:1-309     [007] .....  1212.283592: amdgpu_device_wreg: 0x13fe, 0x000041e8, 0x00000000
     kworker/7:1-309     [007] .....  1212.283593: amdgpu_device_wreg: 0x13fe, 0x0000473d, 0x00000004
     kworker/7:1-309     [007] .....  1212.283595: amdgpu_device_wreg: 0x13fe, 0x00000000, 0x00000001
     kworker/7:1-309     [007] .....  1212.283596: amdgpu_device_rreg: 0x13fe, 0x00000000, 0x00000000
     kworker/7:1-309     [007] .....  1212.283597: amdgpu_device_wreg: 0x13fe, 0x00004a78, 0x00002000
     kworker/7:1-309     [007] .....  1212.283597: amdgpu_device_wreg: 0x13fe, 0x00004a79, 0x00000000
     kworker/7:1-309     [007] .....  1212.283599: amdgpu_device_wreg: 0x13fe, 0x00004a7a, 0x20000000
     kworker/7:1-309     [007] .....  1212.283600: amdgpu_device_wreg: 0x13fe, 0x00004a7b, 0x00000000
     kworker/7:1-309     [007] .....  1212.283601: amdgpu_device_wreg: 0x13fe, 0x00004a7c, 0x00000000
     kworker/7:1-309     [007] .....  1212.283601: amdgpu_device_wreg: 0x13fe, 0x00004a7d, 0x00002000
     kworker/7:1-309     [007] .....  1212.283602: amdgpu_device_wreg: 0x13fe, 0x00004a77, 0x00000001
     kworker/7:1-309     [007] .....  1212.283604: amdgpu_device_rreg: 0x13fe, 0x00003ada, 0x00000000
     kworker/7:1-309     [007] .....  1212.283605: amdgpu_device_wreg: 0x13fe, 0x00003ada, 0x00000000
     kworker/7:1-309     [007] .....  1212.283607: amdgpu_device_rreg: 0x13fe, 0x00003aa6, 0x0000123c
     kworker/7:1-309     [007] .....  1212.283608: amdgpu_device_wreg: 0x13fe, 0x00003aa6, 0x0000123c
     kworker/7:1-309     [007] .....  1212.283609: amdgpu_device_rreg: 0x13fe, 0x00003aa7, 0x00000080
     kworker/7:1-309     [007] .....  1212.283610: amdgpu_device_wreg: 0x13fe, 0x00003aa7, 0x00000080
     kworker/7:1-309     [007] .....  1212.283612: amdgpu_device_rreg: 0x13fe, 0x00003ac7, 0x0000077f
     kworker/7:1-309     [007] .....  1212.283613: amdgpu_device_wreg: 0x13fe, 0x00003ac7, 0x0000077f
     kworker/7:1-309     [007] .....  1212.283614: amdgpu_device_rreg: 0x13fe, 0x00003b2a, 0x00e40000
     kworker/7:1-309     [007] .....  1212.283615: amdgpu_device_wreg: 0x13fe, 0x00003b2a, 0x00e40000
     kworker/7:1-309     [007] .....  1212.283617: amdgpu_device_rreg: 0x13fe, 0x00003aa5, 0x00000008
     kworker/7:1-309     [007] .....  1212.283618: amdgpu_device_wreg: 0x13fe, 0x00003aa5, 0x00000008
     kworker/7:1-309     [007] .....  1212.283620: amdgpu_device_rreg: 0x13fe, 0x00003adb, 0x00000200
     kworker/7:1-309     [007] .....  1212.283620: amdgpu_device_wreg: 0x13fe, 0x00003adb, 0x00000200
     kworker/7:1-309     [007] .....  1212.283622: amdgpu_device_rreg: 0x13fe, 0x00003adb, 0x00000200
     kworker/7:1-309     [007] .....  1212.283623: amdgpu_device_wreg: 0x13fe, 0x00003adb, 0x00000200
     kworker/7:1-309     [007] .....  1212.283624: amdgpu_device_rreg: 0x13fe, 0x00003adb, 0x00000200
     kworker/7:1-309     [007] .....  1212.283625: amdgpu_device_wreg: 0x13fe, 0x00003adb, 0x00000200
     kworker/7:1-309     [007] .....  1212.283627: amdgpu_device_rreg: 0x13fe, 0x00003ada, 0x00000000
     kworker/7:1-309     [007] .....  1212.283628: amdgpu_device_wreg: 0x13fe, 0x00003ada, 0x00000000
     kworker/7:1-309     [007] .....  1212.283629: amdgpu_device_wreg: 0x13fe, 0x00003acb, 0x00000004
     kworker/7:1-309     [007] .....  1212.283630: amdgpu_device_wreg: 0x13fe, 0x00003aca, 0x6e000000
     kworker/7:1-309     [007] .....  1212.283632: amdgpu_device_rreg: 0x13fe, 0x00003ab3, 0x000f0102
     kworker/7:1-309     [007] .....  1212.283633: amdgpu_device_wreg: 0x13fe, 0x00003ab3, 0x000f0102
     kworker/7:1-309     [007] .....  1212.283636: amdgpu_device_rreg: 0x13fe, 0x00004261, 0x0001f000
     kworker/7:1-309     [007] .....  1212.283637: amdgpu_device_wreg: 0x13fe, 0x00004261, 0x0001f000
     kworker/7:1-309     [007] .....  1212.283638: amdgpu_device_wreg: 0x13fe, 0x00004267, 0x00000000
     kworker/7:1-309     [007] .....  1212.283640: amdgpu_device_rreg: 0x13fe, 0x000042a0, 0x00000010
     kworker/7:1-309     [007] .....  1212.283641: amdgpu_device_wreg: 0x13fe, 0x000042a0, 0x00000010
     kworker/7:1-309     [007] .....  1212.283642: amdgpu_device_wreg: 0x13fe, 0x00004223, 0x00000000
     kworker/7:1-309     [007] .....  1212.283644: amdgpu_device_rreg: 0x13fe, 0x000041da, 0x00003100
     kworker/7:1-309     [007] .....  1212.283645: amdgpu_device_wreg: 0x13fe, 0x000041da, 0x00003100
     kworker/7:1-309     [007] .....  1212.283647: amdgpu_device_rreg: 0x13fe, 0x000041f7, 0x00000000
     kworker/7:1-309     [007] .....  1212.283648: amdgpu_device_wreg: 0x13fe, 0x000041f7, 0x00000000
     kworker/7:1-309     [007] .....  1212.283649: amdgpu_device_wreg: 0x13fe, 0x0000473d, 0x00000004
     kworker/7:1-309     [007] .....  1212.283650: amdgpu_device_wreg: 0x13fe, 0x0000486e, 0x00000000
     kworker/7:1-309     [007] .....  1212.283651: amdgpu_device_rreg: 0x13fe, 0x00003d48, 0x00f11111
     kworker/7:1-309     [007] .....  1212.283653: amdgpu_device_wreg: 0x13fe, 0x00003d48, 0x00f11111
     kworker/7:1-309     [007] .....  1212.283654: amdgpu_device_rreg: 0x13fe, 0x00004d4c, 0x00000003
     kworker/7:1-309     [007] .....  1212.283655: amdgpu_device_wreg: 0x13fe, 0x00004d4c, 0x00000003
     kworker/7:1-309     [007] .....  1212.283656: amdgpu_device_rreg: 0x13fe, 0x000045c6, 0xf0000010
     kworker/7:1-309     [007] .....  1212.283657: amdgpu_device_wreg: 0x13fe, 0x000045c6, 0xf0000010
     kworker/7:1-309     [007] .....  1212.283662: amdgpu_device_rreg: 0x13fe, 0x00003d47, 0x000f0102
     kworker/7:1-309     [007] .....  1212.283663: amdgpu_device_wreg: 0x13fe, 0x00003d47, 0x000f0102
     kworker/7:1-309     [007] .....  1212.283664: amdgpu_device_wreg: 0x13fe, 0x00003d4a, 0x00000100
     kworker/7:1-309     [007] .....  1212.283666: amdgpu_device_rreg: 0x13fe, 0x00003d47, 0x000f0102
     kworker/7:1-309     [007] .....  1212.283667: amdgpu_device_wreg: 0x13fe, 0x00003d47, 0x000f0102
     kworker/7:1-309     [007] .....  1212.283672: amdgpu_device_rreg: 0x13fe, 0x00003dbe, 0x00e40000
     kworker/7:1-309     [007] .....  1212.283673: amdgpu_device_wreg: 0x13fe, 0x00003dbe, 0x00e40000
     kworker/7:1-309     [007] .....  1212.283674: amdgpu_device_wreg: 0x13fe, 0x00003d80, 0x00000056
     kworker/7:1-309     [007] .....  1212.283675: amdgpu_device_wreg: 0x13fe, 0x00003d45, 0x000d1b00
     kworker/7:1-309     [007] .....  1212.283676: amdgpu_device_wreg: 0x13fe, 0x00003d46, 0x00000000
     kworker/7:1-309     [007] .....  1212.283677: amdgpu_device_wreg: 0x13fe, 0x00003d9a, 0x00200024
     kworker/7:1-309     [007] .....  1212.283678: amdgpu_device_wreg: 0x13fe, 0x00003d9b, 0x00001340
     kworker/7:1-309     [007] .....  1212.283679: amdgpu_device_wreg: 0x13fe, 0x00003d9c, 0x0002a353
     kworker/7:1-309     [007] .....  1212.283680: amdgpu_device_wreg: 0x13fe, 0x00003d9d, 0x00000198
     kworker/7:1-309     [007] .....  1212.283681: amdgpu_device_wreg: 0x13fe, 0x00003db3, 0x000298ef
     kworker/7:1-309     [007] .....  1212.283682: amdgpu_device_wreg: 0x13fe, 0x00003da1, 0x000001fa
     kworker/7:1-309     [007] .....  1212.283682: amdgpu_device_wreg: 0x13fe, 0x00003dac, 0x00000020
     kworker/7:1-309     [007] .....  1212.283683: amdgpu_device_wreg: 0x13fe, 0x00003dad, 0x0000151a
     kworker/7:1-309     [007] .....  1212.283684: amdgpu_device_wreg: 0x13fe, 0x00003db1, 0x0000026f
     kworker/7:1-309     [007] .....  1212.283685: amdgpu_device_wreg: 0x13fe, 0x00003da2, 0x00000000
     kworker/7:1-309     [007] .....  1212.283686: amdgpu_device_wreg: 0x13fe, 0x00003dae, 0x00000020
     kworker/7:1-309     [007] .....  1212.283687: amdgpu_device_wreg: 0x13fe, 0x00003daf, 0x00000000
     kworker/7:1-309     [007] .....  1212.283688: amdgpu_device_wreg: 0x13fe, 0x00003d81, 0x0a8d0000
     kworker/7:1-309     [007] .....  1212.283689: amdgpu_device_wreg: 0x13fe, 0x00003d83, 0x08009bd8
     kworker/7:1-309     [007] .....  1212.283690: amdgpu_device_wreg: 0x13fe, 0x00003d85, 0x08000000
     kworker/7:1-309     [007] .....  1212.283691: amdgpu_device_wreg: 0x13fe, 0x00003d87, 0x0800531d
     kworker/7:1-309     [007] .....  1212.283692: amdgpu_device_wreg: 0x13fe, 0x00003d9e, 0x0b092492
     kworker/7:1-309     [007] .....  1212.283692: amdgpu_device_wreg: 0x13fe, 0x00003d9f, 0x00080000
     kworker/7:1-309     [007] .....  1212.283693: amdgpu_device_wreg: 0x13fe, 0x00003da0, 0x00000301
     kworker/7:1-309     [007] .....  1212.283694: amdgpu_device_wreg: 0x13fe, 0x00003da5, 0x00000000
     kworker/7:1-309     [007] .....  1212.283695: amdgpu_device_wreg: 0x13fe, 0x00003da3, 0x000001fa
     kworker/7:1-309     [007] .....  1212.283696: amdgpu_device_wreg: 0x13fe, 0x00003da4, 0x000001fa
     kworker/7:1-309     [007] .....  1212.283697: amdgpu_device_wreg: 0x13fe, 0x00003da7, 0x00000000
     kworker/7:1-309     [007] .....  1212.283698: amdgpu_device_wreg: 0x13fe, 0x00003db0, 0x0000014b
     kworker/7:1-309     [007] .....  1212.283698: amdgpu_device_wreg: 0x13fe, 0x00003d84, 0x00004db0
     kworker/7:1-309     [007] .....  1212.283700: amdgpu_device_wreg: 0x13fe, 0x00003d86, 0x00000000
     kworker/7:1-309     [007] .....  1212.283701: amdgpu_device_wreg: 0x13fe, 0x00003d88, 0x000052de
     kworker/7:1-309     [007] .....  1212.283702: amdgpu_device_wreg: 0x13fe, 0x00000000, 0x00000000
     kworker/7:1-309     [007] .....  1212.283702: amdgpu_device_wreg: 0x13fe, 0x00003d82, 0xe0003284
     kworker/7:1-309     [007] .....  1212.283704: amdgpu_device_wreg: 0x13fe, 0x000045d1, 0x00000001
     kworker/7:1-309     [007] .....  1212.283715: amdgpu_device_rreg: 0x13fe, 0x000045d1, 0x03100001
     kworker/7:1-309     [007] .....  1212.283716: amdgpu_device_wreg: 0x13fe, 0x000045d1, 0x03100001
     kworker/7:1-309     [007] .....  1212.283718: amdgpu_device_rreg: 0x13fe, 0x000045d1, 0x03100001
     kworker/7:1-309     [007] .....  1212.283718: amdgpu_device_wreg: 0x13fe, 0x000045d1, 0x03100001
     kworker/7:1-309     [007] .....  1212.283720: amdgpu_device_rreg: 0x13fe, 0x000045d1, 0x03100001
     kworker/7:1-309     [007] .....  1212.283721: amdgpu_device_wreg: 0x13fe, 0x000045d1, 0x03100001
     kworker/7:1-309     [007] .....  1212.283723: amdgpu_device_rreg: 0x13fe, 0x000045d1, 0x03100001
     kworker/7:1-309     [007] .....  1212.283724: amdgpu_device_wreg: 0x13fe, 0x000045d1, 0x03100001
     kworker/7:1-309     [007] .....  1212.283724: amdgpu_device_wreg: 0x13fe, 0x000045d0, 0x00000008
     kworker/7:1-309     [007] .....  1212.283726: amdgpu_device_rreg: 0x13fe, 0x000045d1, 0x03100001
     kworker/7:1-309     [007] .....  1212.283727: amdgpu_device_wreg: 0x13fe, 0x000045d1, 0x03100101
     kworker/7:1-309     [007] .....  1212.283728: amdgpu_device_wreg: 0x13fe, 0x0000461c, 0x00000000
     kworker/7:1-309     [007] .....  1212.283730: amdgpu_device_rreg: 0x13fe, 0x000046a3, 0x00000004
     kworker/7:1-309     [007] .....  1212.283731: amdgpu_device_wreg: 0x13fe, 0x000046a3, 0x00000004
     kworker/7:1-309     [007] .....  1212.283732: amdgpu_device_rreg: 0x13fe, 0x0000460c, 0x00000000
     kworker/7:1-309     [007] .....  1212.283733: amdgpu_device_wreg: 0x13fe, 0x0000460c, 0x00000000
     kworker/7:1-309     [007] .....  1212.283735: amdgpu_device_rreg: 0x13fe, 0x00004609, 0x00000000
     kworker/7:1-309     [007] .....  1212.283736: amdgpu_device_wreg: 0x13fe, 0x00004609, 0x00000000
     kworker/7:1-309     [007] .....  1212.283737: amdgpu_device_rreg: 0x13fe, 0x00004845, 0x0a040003
     kworker/7:1-309     [007] .....  1212.283739: amdgpu_device_wreg: 0x13fe, 0x00004845, 0x0a040000
     kworker/7:1-309     [007] .....  1212.283739: amdgpu_device_wreg: 0x13fe, 0x00004782, 0x0000000f
     kworker/7:1-309     [007] .....  1212.283740: amdgpu_device_wreg: 0x13fe, 0x00004783, 0x0000000f
     kworker/7:1-309     [007] .....  1212.283741: amdgpu_device_wreg: 0x13fe, 0x00004784, 0x0000000f
     kworker/7:1-309     [007] .....  1212.283742: amdgpu_device_wreg: 0x13fe, 0x00004787, 0x0000000f
     kworker/7:1-309     [007] .....  1212.283743: amdgpu_device_wreg: 0x13fe, 0x0000478b, 0x00000000
     kworker/7:1-309     [007] .....  1212.283744: amdgpu_device_wreg: 0x13fe, 0x0000478c, 0x00000000
     kworker/7:1-309     [007] .....  1212.283745: amdgpu_device_wreg: 0x13fe, 0x0000478d, 0x00000000
     kworker/7:1-309     [007] .....  1212.283746: amdgpu_device_wreg: 0x13fe, 0x00004783, 0x0000000f
     kworker/7:1-309     [007] .....  1212.283747: amdgpu_device_rreg: 0x13fe, 0x00004785, 0xffff0423
     kworker/7:1-309     [007] .....  1212.283748: amdgpu_device_wreg: 0x13fe, 0x00004785, 0xffff0422
     kworker/7:1-309     [007] .....  1212.283749: amdgpu_device_wreg: 0x13fe, 0x00004782, 0x00000003
     kworker/7:1-309     [007] .....  1212.283750: amdgpu_device_wreg: 0x13fe, 0x00004784, 0x00000000
     kworker/7:1-309     [007] .....  1212.283751: amdgpu_device_wreg: 0x13fe, 0x00004787, 0x00000000
     kworker/7:1-309     [007] .....  1212.283752: amdgpu_device_wreg: 0x13fe, 0x00004732, 0x00000003
     kworker/7:1-309     [007] .....  1212.283753: amdgpu_device_rreg: 0x13fe, 0x00004734, 0xffff0422
     kworker/7:1-309     [007] .....  1212.283754: amdgpu_device_wreg: 0x13fe, 0x00004734, 0xffff0423
     kworker/7:1-309     [007] .....  1212.283756: amdgpu_device_rreg: 0x13fe, 0x00004785, 0xffff0422
     kworker/7:1-309     [007] .....  1212.283757: amdgpu_device_wreg: 0x13fe, 0x00004785, 0xffff0422
     kworker/7:1-309     [007] .....  1212.283758: amdgpu_device_wreg: 0x13fe, 0x00004788, 0x0001f000
     kworker/7:1-309     [007] .....  1212.283759: amdgpu_device_wreg: 0x13fe, 0x00004789, 0x0001f000
     kworker/7:1-309     [007] .....  1212.283759: amdgpu_device_wreg: 0x13fe, 0x0000478a, 0x0001f000
     kworker/7:1-309     [007] .....  1212.283761: amdgpu_device_wreg: 0x13fe, 0x00003d3e, 0x04b003c0
     kworker/7:1-309     [007] .....  1212.283762: amdgpu_device_wreg: 0x13fe, 0x00003d3d, 0x000003c0
     kworker/7:1-309     [007] .....  1212.283763: amdgpu_device_wreg: 0x13fe, 0x00003d42, 0x04b003c0
     kworker/7:1-309     [007] .....  1212.283764: amdgpu_device_wreg: 0x13fe, 0x00003d41, 0x000003c0
     kworker/7:1-309     [007] .....  1212.283765: amdgpu_device_wreg: 0x13fe, 0x00003d40, 0x04b003c0
     kworker/7:1-309     [007] .....  1212.283765: amdgpu_device_wreg: 0x13fe, 0x00003d3f, 0x000003c0
     kworker/7:1-309     [007] .....  1212.283766: amdgpu_device_wreg: 0x13fe, 0x00003d44, 0x04b003c0
     kworker/7:1-309     [007] .....  1212.283767: amdgpu_device_wreg: 0x13fe, 0x00003d43, 0x000003c0
     kworker/7:1-309     [007] .....  1212.283768: amdgpu_device_wreg: 0x13fe, 0x00004629, 0x00000000
     kworker/7:1-309     [007] .....  1212.283769: amdgpu_device_wreg: 0x13fe, 0x0000478e, 0x00000004
     kworker/7:1-309     [007] .....  1212.283770: amdgpu_device_wreg: 0x13fe, 0x00000000, 0x00000001
     kworker/7:1-309     [007] .....  1212.283771: amdgpu_device_rreg: 0x13fe, 0x00000000, 0x00000000
     kworker/7:1-309     [007] .....  1212.283772: amdgpu_device_wreg: 0x13fe, 0x00004a78, 0x00002000
     kworker/7:1-309     [007] .....  1212.283773: amdgpu_device_wreg: 0x13fe, 0x00004a79, 0x00000000
     kworker/7:1-309     [007] .....  1212.283774: amdgpu_device_wreg: 0x13fe, 0x00004a7a, 0x20000000
     kworker/7:1-309     [007] .....  1212.283775: amdgpu_device_wreg: 0x13fe, 0x00004a7b, 0x00000000
     kworker/7:1-309     [007] .....  1212.283776: amdgpu_device_wreg: 0x13fe, 0x00004a7c, 0x00000000
     kworker/7:1-309     [007] .....  1212.283777: amdgpu_device_wreg: 0x13fe, 0x00004a7d, 0x00002000
     kworker/7:1-309     [007] .....  1212.283778: amdgpu_device_wreg: 0x13fe, 0x00004a77, 0x00000001
     kworker/7:1-309     [007] .....  1212.283779: amdgpu_device_rreg: 0x13fe, 0x00003d6e, 0x00000000
     kworker/7:1-309     [007] .....  1212.283780: amdgpu_device_wreg: 0x13fe, 0x00003d6e, 0x00000000
     kworker/7:1-309     [007] .....  1212.283782: amdgpu_device_rreg: 0x13fe, 0x00003d3a, 0x0000123c
     kworker/7:1-309     [007] .....  1212.283782: amdgpu_device_wreg: 0x13fe, 0x00003d3a, 0x0000123c
     kworker/7:1-309     [007] .....  1212.283784: amdgpu_device_rreg: 0x13fe, 0x00003d3b, 0x00000080
     kworker/7:1-309     [007] .....  1212.283785: amdgpu_device_wreg: 0x13fe, 0x00003d3b, 0x00000080
     kworker/7:1-309     [007] .....  1212.283786: amdgpu_device_rreg: 0x13fe, 0x00003d5b, 0x0000077f
     kworker/7:1-309     [007] .....  1212.283787: amdgpu_device_wreg: 0x13fe, 0x00003d5b, 0x0000077f
     kworker/7:1-309     [007] .....  1212.283789: amdgpu_device_rreg: 0x13fe, 0x00003dbe, 0x00e40000
     kworker/7:1-309     [007] .....  1212.283790: amdgpu_device_wreg: 0x13fe, 0x00003dbe, 0x00e40000
     kworker/7:1-309     [007] .....  1212.283791: amdgpu_device_rreg: 0x13fe, 0x00003d39, 0x00000008
     kworker/7:1-309     [007] .....  1212.283792: amdgpu_device_wreg: 0x13fe, 0x00003d39, 0x00000008
     kworker/7:1-309     [007] .....  1212.283794: amdgpu_device_rreg: 0x13fe, 0x00003d6f, 0x00000200
     kworker/7:1-309     [007] .....  1212.283795: amdgpu_device_wreg: 0x13fe, 0x00003d6f, 0x00000200
     kworker/7:1-309     [007] .....  1212.283796: amdgpu_device_rreg: 0x13fe, 0x00003d6f, 0x00000200
     kworker/7:1-309     [007] .....  1212.283798: amdgpu_device_wreg: 0x13fe, 0x00003d6f, 0x00000200
     kworker/7:1-309     [007] .....  1212.283799: amdgpu_device_rreg: 0x13fe, 0x00003d6f, 0x00000200
     kworker/7:1-309     [007] .....  1212.283800: amdgpu_device_wreg: 0x13fe, 0x00003d6f, 0x00000200
     kworker/7:1-309     [007] .....  1212.283801: amdgpu_device_rreg: 0x13fe, 0x00003d6e, 0x00000000
     kworker/7:1-309     [007] .....  1212.283802: amdgpu_device_wreg: 0x13fe, 0x00003d6e, 0x00000000
     kworker/7:1-309     [007] .....  1212.283803: amdgpu_device_wreg: 0x13fe, 0x00003d5f, 0x00000004
     kworker/7:1-309     [007] .....  1212.283804: amdgpu_device_wreg: 0x13fe, 0x00003d5e, 0x6e000000
     kworker/7:1-309     [007] .....  1212.283805: amdgpu_device_rreg: 0x13fe, 0x00003d47, 0x000f0102
     kworker/7:1-309     [007] .....  1212.283806: amdgpu_device_wreg: 0x13fe, 0x00003d47, 0x000f0102
     kworker/7:1-309     [007] .....  1212.283808: amdgpu_device_rreg: 0x13fe, 0x000046a2, 0x0001f000
     kworker/7:1-309     [007] .....  1212.283809: amdgpu_device_wreg: 0x13fe, 0x000046a2, 0x0001f000
     kworker/7:1-309     [007] .....  1212.283810: amdgpu_device_wreg: 0x13fe, 0x000046a8, 0x00000000
     kworker/7:1-309     [007] .....  1212.283812: amdgpu_device_rreg: 0x13fe, 0x000046e1, 0x00000010
     kworker/7:1-309     [007] .....  1212.283813: amdgpu_device_wreg: 0x13fe, 0x000046e1, 0x00000010
     kworker/7:1-309     [007] .....  1212.283814: amdgpu_device_wreg: 0x13fe, 0x00004664, 0x00000000
     kworker/7:1-309     [007] .....  1212.283815: amdgpu_device_rreg: 0x13fe, 0x0000461b, 0x00003100
     kworker/7:1-309     [007] .....  1212.283816: amdgpu_device_wreg: 0x13fe, 0x0000461b, 0x00003100
     kworker/7:1-309     [007] .....  1212.283818: amdgpu_device_rreg: 0x13fe, 0x00004638, 0x00000000
     kworker/7:1-309     [007] .....  1212.283818: amdgpu_device_wreg: 0x13fe, 0x00004638, 0x00000000
     kworker/7:1-309     [007] .....  1212.283820: amdgpu_device_wreg: 0x13fe, 0x0000478e, 0x00000004
     kworker/7:1-309     [007] .....  1212.283821: amdgpu_device_wreg: 0x13fe, 0x00004931, 0x00000000
     kworker/7:1-309     [007] .....  1212.283822: amdgpu_device_rreg: 0x13fe, 0x00005001, 0x80011311
     kworker/7:1-309     [007] .....  1212.283824: amdgpu_device_wreg: 0x13fe, 0x0000504b, 0x00000000
     kworker/7:1-309     [007] .....  1212.283826: amdgpu_device_wreg: 0x13fe, 0x00004ffa, 0x00000001
     kworker/7:1-309     [007] d..1.  1212.283842: amdgpu_device_rreg: 0x13fe, 0x00003adb, 0x00000100
     kworker/7:1-309     [007] d..1.  1212.283843: amdgpu_device_rreg: 0x13fe, 0x00003ae5, 0x6e000000
     kworker/7:1-309     [007] d..1.  1212.283845: amdgpu_device_rreg: 0x13fe, 0x00003ae6, 0x00000004
          <idle>-0       [002] d.h1.  1212.299300: amdgpu_device_rreg: 0x13fe, 0x0000504a, 0x0010d104
          <idle>-0       [002] d.h1.  1212.299301: amdgpu_device_wreg: 0x13fe, 0x0000504a, 0x0011d104
          <idle>-0       [002] d.h4.  1212.299304: amdgpu_device_rreg: 0x13fe, 0x0000500c, 0x0000de21
          <idle>-0       [002] d.h4.  1212.299306: amdgpu_device_rreg: 0x13fe, 0x00004ff6, 0x002004d0
          <idle>-0       [002] d.h4.  1212.299307: amdgpu_device_rreg: 0x13fe, 0x0000500a, 0x02c9000a
          <idle>-0       [002] d.h4.  1212.299308: amdgpu_device_rreg: 0x13fe, 0x0000500b, 0x0000000a
          <idle>-0       [002] d.h4.  1212.299310: amdgpu_device_rreg: 0x13fe, 0x0000500c, 0x0000de21
          <idle>-0       [002] d.h4.  1212.299312: amdgpu_device_rreg: 0x13fe, 0x00004ff6, 0x002004d0
          <idle>-0       [002] d.h4.  1212.299313: amdgpu_device_rreg: 0x13fe, 0x0000500a, 0x0644000a
          <idle>-0       [002] d.h4.  1212.299314: amdgpu_device_rreg: 0x13fe, 0x0000500b, 0x0000000a
          <idle>-0       [002] d.h4.  1212.299316: amdgpu_device_rreg: 0x13fe, 0x0000500c, 0x0000de21
          <idle>-0       [002] d.h4.  1212.299317: amdgpu_device_rreg: 0x13fe, 0x00004ff6, 0x002004d0
          <idle>-0       [002] d.h4.  1212.299318: amdgpu_device_rreg: 0x13fe, 0x0000500a, 0x0186000b
          <idle>-0       [002] d.h4.  1212.299320: amdgpu_device_rreg: 0x13fe, 0x0000500b, 0x0000000b
          <idle>-0       [002] d.h4.  1212.299321: amdgpu_device_rreg: 0x13fe, 0x0000500c, 0x0000de21
          <idle>-0       [002] d.h3.  1212.299324: amdgpu_device_rreg: 0x13fe, 0x00003adb, 0x00000000
          <idle>-0       [002] d.h3.  1212.299325: amdgpu_device_rreg: 0x13fe, 0x00003ae5, 0x6e000000
          <idle>-0       [002] d.h3.  1212.299326: amdgpu_device_rreg: 0x13fe, 0x00003ae6, 0x00000004
          <idle>-0       [002] d.h3.  1212.299328: amdgpu_device_rreg: 0x13fe, 0x00003d6f, 0x00000000
          <idle>-0       [002] d.h3.  1212.299330: amdgpu_device_rreg: 0x13fe, 0x00003d79, 0x6e000000
          <idle>-0       [002] d.h3.  1212.299331: amdgpu_device_rreg: 0x13fe, 0x00003d7a, 0x00000004
          <idle>-0       [002] d.h1.  1212.315981: amdgpu_device_rreg: 0x13fe, 0x0000504a, 0x0010d104
          <idle>-0       [002] d.h1.  1212.315983: amdgpu_device_wreg: 0x13fe, 0x0000504a, 0x0011d104
          <idle>-0       [002] d.h4.  1212.315985: amdgpu_device_rreg: 0x13fe, 0x0000500c, 0x0000de22
          <idle>-0       [002] d.h4.  1212.315986: amdgpu_device_rreg: 0x13fe, 0x00004ff6, 0x002004d0
          <idle>-0       [002] d.h4.  1212.315987: amdgpu_device_rreg: 0x13fe, 0x0000500a, 0x0291000a
          <idle>-0       [002] d.h4.  1212.315988: amdgpu_device_rreg: 0x13fe, 0x0000500b, 0x0000000a
          <idle>-0       [002] d.h4.  1212.315990: amdgpu_device_rreg: 0x13fe, 0x0000500c, 0x0000de22
          <idle>-0       [002] d.h4.  1212.315992: amdgpu_device_rreg: 0x13fe, 0x00004ff6, 0x002004d0
          <idle>-0       [002] d.h4.  1212.315993: amdgpu_device_rreg: 0x13fe, 0x0000500a, 0x05f8000a
          <idle>-0       [002] d.h4.  1212.315994: amdgpu_device_rreg: 0x13fe, 0x0000500b, 0x0000000a
          <idle>-0       [002] d.h4.  1212.315996: amdgpu_device_rreg: 0x13fe, 0x0000500c, 0x0000de22
          <idle>-0       [002] d.h4.  1212.315997: amdgpu_device_rreg: 0x13fe, 0x00004ff6, 0x002004d0
          <idle>-0       [002] d.h4.  1212.315998: amdgpu_device_rreg: 0x13fe, 0x0000500a, 0x013a000b
          <idle>-0       [002] d.h4.  1212.316000: amdgpu_device_rreg: 0x13fe, 0x0000500b, 0x0000000b
          <idle>-0       [002] d.h4.  1212.316001: amdgpu_device_rreg: 0x13fe, 0x0000500c, 0x0000de22
          <idle>-0       [002] d.h1.  1212.332663: amdgpu_device_rreg: 0x13fe, 0x0000504a, 0x0010d104
          <idle>-0       [002] d.h1.  1212.332665: amdgpu_device_wreg: 0x13fe, 0x0000504a, 0x0011d104
          <idle>-0       [002] d.h4.  1212.332668: amdgpu_device_rreg: 0x13fe, 0x0000500c, 0x0000de23
          <idle>-0       [002] d.h4.  1212.332669: amdgpu_device_rreg: 0x13fe, 0x00004ff6, 0x002004d0
          <idle>-0       [002] d.h4.  1212.332674: amdgpu_device_rreg: 0x13fe, 0x0000500a, 0x044f000a
          <idle>-0       [002] d.h4.  1212.332678: amdgpu_device_rreg: 0x13fe, 0x0000500b, 0x0000000a
          <idle>-0       [002] d.h4.  1212.332679: amdgpu_device_rreg: 0x13fe, 0x0000500c, 0x0000de23
          <idle>-0       [002] d.h4.  1212.332681: amdgpu_device_rreg: 0x13fe, 0x00004ff6, 0x002004d0
          <idle>-0       [002] d.h4.  1212.332682: amdgpu_device_rreg: 0x13fe, 0x0000500a, 0x0316000b
          <idle>-0       [002] d.h4.  1212.332683: amdgpu_device_rreg: 0x13fe, 0x0000500b, 0x0000000b
          <idle>-0       [002] d.h4.  1212.332685: amdgpu_device_rreg: 0x13fe, 0x0000500c, 0x0000de23
          <idle>-0       [002] d.h4.  1212.332686: amdgpu_device_rreg: 0x13fe, 0x00004ff6, 0x002004d0
          <idle>-0       [002] d.h4.  1212.332688: amdgpu_device_rreg: 0x13fe, 0x0000500a, 0x0673000b
          <idle>-0       [002] d.h4.  1212.332689: amdgpu_device_rreg: 0x13fe, 0x0000500b, 0x0000000b
          <idle>-0       [002] d.h4.  1212.332690: amdgpu_device_rreg: 0x13fe, 0x0000500c, 0x0000de23
          <idle>-0       [002] d.s3.  1212.333711: amdgpu_device_rreg: 0x13fe, 0x0000500c, 0x0000de23
          <idle>-0       [002] d.s3.  1212.333713: amdgpu_device_rreg: 0x13fe, 0x00004ff6, 0x002004d0
          <idle>-0       [002] d.s3.  1212.333714: amdgpu_device_rreg: 0x13fe, 0x0000500a, 0x06a00057
          <idle>-0       [002] d.s3.  1212.333716: amdgpu_device_rreg: 0x13fe, 0x0000500b, 0x00000057
          <idle>-0       [002] d.s3.  1212.333717: amdgpu_device_rreg: 0x13fe, 0x0000500c, 0x0000de23
          <idle>-0       [002] d.s3.  1212.333719: amdgpu_device_rreg: 0x13fe, 0x00004ff6, 0x002004d0
          <idle>-0       [002] d.s3.  1212.333720: amdgpu_device_rreg: 0x13fe, 0x0000500a, 0x01e50058
          <idle>-0       [002] d.s3.  1212.333721: amdgpu_device_rreg: 0x13fe, 0x0000500b, 0x00000058
          <idle>-0       [002] d.s3.  1212.333723: amdgpu_device_rreg: 0x13fe, 0x0000500c, 0x0000de23
          <idle>-0       [002] d.s3.  1212.333724: amdgpu_device_rreg: 0x13fe, 0x00004ff6, 0x002004d0
          <idle>-0       [002] d.s3.  1212.333726: amdgpu_device_rreg: 0x13fe, 0x0000500a, 0x05430058
          <idle>-0       [002] d.s3.  1212.333727: amdgpu_device_rreg: 0x13fe, 0x0000500b, 0x00000058
          <idle>-0       [002] d.s3.  1212.333728: amdgpu_device_rreg: 0x13fe, 0x0000500c, 0x0000de23
          <idle>-0       [002] d.s4.  1212.333731: amdgpu_device_rreg: 0x13fe, 0x0000504a, 0x00101104
          <idle>-0       [002] d.s4.  1212.333731: amdgpu_device_wreg: 0x13fe, 0x0000504a, 0x00111104
          <idle>-0       [002] d.s4.  1212.333733: amdgpu_device_rreg: 0x13fe, 0x0000504a, 0x00101104
          <idle>-0       [002] d.s4.  1212.333733: amdgpu_device_wreg: 0x13fe, 0x0000504a, 0x00100104
     kworker/9:1-313     [009] .....  1212.490927: amdgpu_device_rreg: 0x13fe, 0x00004ff6, 0x002004d0
     kworker/9:1-313     [009] .....  1212.490935: amdgpu_device_rreg: 0x13fe, 0x0000500a, 0x01250265
     kworker/9:1-313     [009] .....  1212.490936: amdgpu_device_rreg: 0x13fe, 0x0000500b, 0x00000265
     kworker/9:1-313     [009] .....  1212.490940: amdgpu_device_rreg: 0x13fe, 0x00004ff6, 0x002004d0
     kworker/9:1-313     [009] .....  1212.490941: amdgpu_device_rreg: 0x13fe, 0x0000500a, 0x052a0265
     kworker/9:1-313     [009] .....  1212.490943: amdgpu_device_rreg: 0x13fe, 0x0000500b, 0x00000265
     kworker/9:1-313     [009] .....  1212.490953: amdgpu_device_rreg: 0x13fe, 0x0000500c, 0x0000de2c
     kworker/9:1-313     [009] .....  1212.490954: amdgpu_device_rreg: 0x13fe, 0x00004ff6, 0x002004d0
     kworker/9:1-313     [009] .....  1212.490955: amdgpu_device_rreg: 0x13fe, 0x0000500a, 0x05890266
     kworker/9:1-313     [009] .....  1212.490957: amdgpu_device_rreg: 0x13fe, 0x0000500b, 0x00000266
     kworker/9:1-313     [009] .....  1212.490959: amdgpu_device_rreg: 0x13fe, 0x0000500c, 0x0000de2c
     kworker/9:1-313     [009] .....  1212.490961: amdgpu_device_rreg: 0x13fe, 0x00004ff6, 0x002004d0
     kworker/9:1-313     [009] .....  1212.490962: amdgpu_device_rreg: 0x13fe, 0x0000500a, 0x01350267
     kworker/9:1-313     [009] .....  1212.490963: amdgpu_device_rreg: 0x13fe, 0x0000500b, 0x00000267
     kworker/9:1-313     [009] d..4.  1212.490967: amdgpu_device_rreg: 0x13fe, 0x0000504a, 0x00104104
     kworker/9:1-313     [009] d..4.  1212.490969: amdgpu_device_wreg: 0x13fe, 0x0000504a, 0x00114104
     kworker/9:1-313     [009] d..4.  1212.490970: amdgpu_device_rreg: 0x13fe, 0x0000504a, 0x00100104
     kworker/9:1-313     [009] d..4.  1212.490971: amdgpu_device_wreg: 0x13fe, 0x0000504a, 0x00101104
     kworker/9:1-313     [009] d..3.  1212.490975: amdgpu_device_rreg: 0x13fe, 0x0000500c, 0x0000de2c
     kworker/9:1-313     [009] d..3.  1212.490977: amdgpu_device_rreg: 0x13fe, 0x00004ff6, 0x002004d0
     kworker/9:1-313     [009] d..3.  1212.490979: amdgpu_device_rreg: 0x13fe, 0x0000500a, 0x033a0268
     kworker/9:1-313     [009] d..3.  1212.490980: amdgpu_device_rreg: 0x13fe, 0x0000500b, 0x00000268
     kworker/9:1-313     [009] d..3.  1212.490982: amdgpu_device_rreg: 0x13fe, 0x0000500c, 0x0000de2c
     kworker/9:1-313     [009] d..3.  1212.490984: amdgpu_device_rreg: 0x13fe, 0x00004ff6, 0x002004d0
     kworker/9:1-313     [009] d..3.  1212.490986: amdgpu_device_rreg: 0x13fe, 0x0000500a, 0x079b0268
     kworker/9:1-313     [009] d..3.  1212.490987: amdgpu_device_rreg: 0x13fe, 0x0000500b, 0x00000269
     kworker/9:1-313     [009] d..3.  1212.490989: amdgpu_device_rreg: 0x13fe, 0x0000500c, 0x0000de2c
     kworker/9:1-313     [009] d..3.  1212.490991: amdgpu_device_rreg: 0x13fe, 0x00004ff6, 0x002004d0
     kworker/9:1-313     [009] d..3.  1212.490992: amdgpu_device_rreg: 0x13fe, 0x0000500a, 0x03690269
     kworker/9:1-313     [009] d..3.  1212.490994: amdgpu_device_rreg: 0x13fe, 0x0000500b, 0x00000269
     kworker/9:1-313     [009] d..3.  1212.490995: amdgpu_device_rreg: 0x13fe, 0x0000500c, 0x0000de2c
     kworker/9:1-313     [009] .....  1212.491422: amdgpu_device_wreg: 0x13fe, 0x000039c6, 0x00000bb8
     kworker/9:1-313     [009] .....  1212.491428: amdgpu_device_rreg: 0x13fe, 0x000039c5, 0x00440100
     kworker/9:1-313     [009] .....  1212.491429: amdgpu_device_wreg: 0x13fe, 0x000039c5, 0x00440100
     kworker/9:1-313     [009] .....  1212.491431: amdgpu_device_rreg: 0x13fe, 0x000039c8, 0x00000000
     kworker/9:1-313     [009] .....  1212.491431: amdgpu_device_wreg: 0x13fe, 0x000039c8, 0x00000000
     kworker/9:1-313     [009] .....  1212.491435: amdgpu_device_rreg: 0x13fe, 0x00004d14, 0x00000000
     kworker/9:1-313     [009] .....  1212.491436: amdgpu_device_rreg: 0x13fe, 0x00004d1b, 0x00000000
     kworker/9:1-313     [009] .....  1212.491438: amdgpu_device_rreg: 0x13fe, 0x00004d14, 0x00000000
     kworker/9:1-313     [009] .....  1212.491440: amdgpu_device_rreg: 0x13fe, 0x00004d1b, 0x00000000
     kworker/9:1-313     [009] .....  1212.491443: amdgpu_device_rreg: 0x13fe, 0x00005001, 0x80011311
     kworker/9:1-313     [009] .....  1212.491444: amdgpu_device_wreg: 0x13fe, 0x00005050, 0x00000000
     kworker/9:1-313     [009] .....  1212.491445: amdgpu_device_wreg: 0x13fe, 0x0000504b, 0x00000001
     kworker/9:1-313     [009] .....  1212.491447: amdgpu_device_rreg: 0x13fe, 0x0000504b, 0x00000101
     kworker/9:1-313     [009] .....  1212.491450: amdgpu_device_rreg: 0x13fe, 0x00003adc, 0x00000040
     kworker/9:1-313     [009] .....  1212.491452: amdgpu_device_rreg: 0x13fe, 0x00003d70, 0x00000040
     kworker/9:1-313     [009] .....  1212.491454: amdgpu_device_rreg: 0x13fe, 0x00003adc, 0x00000040
     kworker/9:1-313     [009] .....  1212.491455: amdgpu_device_rreg: 0x13fe, 0x00003d70, 0x00000040
     kworker/9:1-313     [009] .....  1212.491461: amdgpu_device_wreg: 0x13fe, 0x00005047, 0x00000017
     kworker/9:1-313     [009] .....  1212.491462: amdgpu_device_wreg: 0x13fe, 0x00005048, 0x012f0208
     kworker/9:1-313     [009] .....  1212.491463: amdgpu_device_wreg: 0x13fe, 0x00005049, 0x0000018b
     kworker/9:1-313     [009] .....  1212.491465: amdgpu_device_rreg: 0x13fe, 0x000039e8, 0x84d00000
     kworker/9:1-313     [009] .....  1212.491466: amdgpu_device_wreg: 0x13fe, 0x000039e8, 0x84d00000
     kworker/9:1-313     [009] .....  1212.491467: amdgpu_device_wreg: 0x13fe, 0x00005026, 0x0000000a
     kworker/9:1-313     [009] .....  1212.491469: amdgpu_device_wreg: 0x13fe, 0x00004d16, 0x078004b0
     kworker/9:1-313     [009] .....  1212.491471: amdgpu_device_wreg: 0x13fe, 0x00004d1a, 0x00000000
     kworker/9:1-313     [009] .....  1212.491472: amdgpu_device_wreg: 0x13fe, 0x00004d14, 0x00000000
     kworker/9:1-313     [009] .....  1212.491472: amdgpu_device_wreg: 0x13fe, 0x00004d17, 0x00000000
     kworker/9:1-313     [009] .....  1212.491473: amdgpu_device_wreg: 0x13fe, 0x00004d18, 0x00000000
     kworker/9:1-313     [009] .....  1212.491474: amdgpu_device_wreg: 0x13fe, 0x00004d19, 0x00000000
     kworker/9:1-313     [009] .....  1212.491475: amdgpu_device_wreg: 0x13fe, 0x00004d15, 0x00000000
     kworker/9:1-313     [009] .....  1212.491478: amdgpu_device_rreg: 0x13fe, 0x00003ab4, 0x00f11111
     kworker/9:1-313     [009] .....  1212.491479: amdgpu_device_wreg: 0x13fe, 0x00003ab4, 0x00f11111
     kworker/9:1-313     [009] .....  1212.491481: amdgpu_device_rreg: 0x13fe, 0x00004d4c, 0x00000003
     kworker/9:1-313     [009] .....  1212.491482: amdgpu_device_wreg: 0x13fe, 0x00004d4c, 0x00000003
     kworker/9:1-313     [009] .....  1212.491484: amdgpu_device_rreg: 0x13fe, 0x00004185, 0xf0000010
     kworker/9:1-313     [009] .....  1212.491485: amdgpu_device_wreg: 0x13fe, 0x00004185, 0xf0000010
     kworker/9:1-313     [009] .....  1212.491487: amdgpu_device_rreg: 0x13fe, 0x00003ab3, 0x000f0102
     kworker/9:1-313     [009] .....  1212.491488: amdgpu_device_wreg: 0x13fe, 0x00003ab3, 0x000f0102
     kworker/9:1-313     [009] .....  1212.491489: amdgpu_device_wreg: 0x13fe, 0x00003ab6, 0x00000100
     kworker/9:1-313     [009] .....  1212.491490: amdgpu_device_rreg: 0x13fe, 0x00003ab3, 0x000f0102
     kworker/9:1-313     [009] .....  1212.491492: amdgpu_device_wreg: 0x13fe, 0x00003ab3, 0x000f0102
     kworker/9:1-313     [009] .....  1212.491493: amdgpu_device_rreg: 0x13fe, 0x00003b2a, 0x00e40000
     kworker/9:1-313     [009] .....  1212.491494: amdgpu_device_wreg: 0x13fe, 0x00003b2a, 0x00e40000
     kworker/9:1-313     [009] .....  1212.491495: amdgpu_device_wreg: 0x13fe, 0x00003aec, 0x00000056
     kworker/9:1-313     [009] .....  1212.491496: amdgpu_device_wreg: 0x13fe, 0x00003ab1, 0x000d1b00
     kworker/9:1-313     [009] .....  1212.491497: amdgpu_device_wreg: 0x13fe, 0x00003ab2, 0x00000000
     kworker/9:1-313     [009] .....  1212.491498: amdgpu_device_wreg: 0x13fe, 0x00003b06, 0x00200024
     kworker/9:1-313     [009] .....  1212.491499: amdgpu_device_wreg: 0x13fe, 0x00003b07, 0x00001340
     kworker/9:1-313     [009] .....  1212.491500: amdgpu_device_wreg: 0x13fe, 0x00003b08, 0x0002a353
     kworker/9:1-313     [009] .....  1212.491500: amdgpu_device_wreg: 0x13fe, 0x00003b09, 0x00000198
     kworker/9:1-313     [009] .....  1212.491501: amdgpu_device_wreg: 0x13fe, 0x00003b1f, 0x000298ef
     kworker/9:1-313     [009] .....  1212.491502: amdgpu_device_wreg: 0x13fe, 0x00003b0d, 0x000001fa
     kworker/9:1-313     [009] .....  1212.491504: amdgpu_device_wreg: 0x13fe, 0x00003b18, 0x00000020
     kworker/9:1-313     [009] .....  1212.491505: amdgpu_device_wreg: 0x13fe, 0x00003b19, 0x0000151a
     kworker/9:1-313     [009] .....  1212.491506: amdgpu_device_wreg: 0x13fe, 0x00003b1d, 0x0000026f
     kworker/9:1-313     [009] .....  1212.491506: amdgpu_device_wreg: 0x13fe, 0x00003b0e, 0x00000000
     kworker/9:1-313     [009] .....  1212.491507: amdgpu_device_wreg: 0x13fe, 0x00003b1a, 0x00000020
     kworker/9:1-313     [009] .....  1212.491508: amdgpu_device_wreg: 0x13fe, 0x00003b1b, 0x00000000
     kworker/9:1-313     [009] .....  1212.491509: amdgpu_device_wreg: 0x13fe, 0x00003aed, 0x0a8d0000
     kworker/9:1-313     [009] .....  1212.491510: amdgpu_device_wreg: 0x13fe, 0x00003aef, 0x08009bd8
     kworker/9:1-313     [009] .....  1212.491511: amdgpu_device_wreg: 0x13fe, 0x00003af1, 0x08000000
     kworker/9:1-313     [009] .....  1212.491512: amdgpu_device_wreg: 0x13fe, 0x00003af3, 0x0800531d
     kworker/9:1-313     [009] .....  1212.491514: amdgpu_device_wreg: 0x13fe, 0x00003b0a, 0x0b092492
     kworker/9:1-313     [009] .....  1212.491515: amdgpu_device_wreg: 0x13fe, 0x00003b0b, 0x00080000
     kworker/9:1-313     [009] .....  1212.491516: amdgpu_device_wreg: 0x13fe, 0x00003b0c, 0x00000301
     kworker/9:1-313     [009] .....  1212.491517: amdgpu_device_wreg: 0x13fe, 0x00003b11, 0x00000000
     kworker/9:1-313     [009] .....  1212.491518: amdgpu_device_wreg: 0x13fe, 0x00003b0f, 0x000001fa
     kworker/9:1-313     [009] .....  1212.491519: amdgpu_device_wreg: 0x13fe, 0x00003b10, 0x000001fa
     kworker/9:1-313     [009] .....  1212.491519: amdgpu_device_wreg: 0x13fe, 0x00003b13, 0x00000000
     kworker/9:1-313     [009] .....  1212.491520: amdgpu_device_wreg: 0x13fe, 0x00003b1c, 0x0000014b
     kworker/9:1-313     [009] .....  1212.491521: amdgpu_device_wreg: 0x13fe, 0x00003af0, 0x00004db0
     kworker/9:1-313     [009] .....  1212.491522: amdgpu_device_wreg: 0x13fe, 0x00003af2, 0x00000000
     kworker/9:1-313     [009] .....  1212.491523: amdgpu_device_wreg: 0x13fe, 0x00003af4, 0x000052de
     kworker/9:1-313     [009] .....  1212.491524: amdgpu_device_wreg: 0x13fe, 0x00000000, 0x00000000
     kworker/9:1-313     [009] .....  1212.491525: amdgpu_device_wreg: 0x13fe, 0x00003aee, 0xe0003284
     kworker/9:1-313     [009] .....  1212.491526: amdgpu_device_wreg: 0x13fe, 0x00004190, 0x00000001
     kworker/9:1-313     [009] .....  1212.491528: amdgpu_device_rreg: 0x13fe, 0x00004190, 0x03100001
     kworker/9:1-313     [009] .....  1212.491529: amdgpu_device_wreg: 0x13fe, 0x00004190, 0x03100001
     kworker/9:1-313     [009] .....  1212.491530: amdgpu_device_rreg: 0x13fe, 0x00004190, 0x03100001
     kworker/9:1-313     [009] .....  1212.491531: amdgpu_device_wreg: 0x13fe, 0x00004190, 0x03100001
     kworker/9:1-313     [009] .....  1212.491532: amdgpu_device_rreg: 0x13fe, 0x00004190, 0x03100001
     kworker/9:1-313     [009] .....  1212.491534: amdgpu_device_wreg: 0x13fe, 0x00004190, 0x03100001
     kworker/9:1-313     [009] .....  1212.491535: amdgpu_device_rreg: 0x13fe, 0x00004190, 0x03100001
     kworker/9:1-313     [009] .....  1212.491536: amdgpu_device_wreg: 0x13fe, 0x00004190, 0x03100001
     kworker/9:1-313     [009] .....  1212.491538: amdgpu_device_wreg: 0x13fe, 0x0000418f, 0x00000008
     kworker/9:1-313     [009] .....  1212.491539: amdgpu_device_rreg: 0x13fe, 0x00004190, 0x03100001
     kworker/9:1-313     [009] .....  1212.491540: amdgpu_device_wreg: 0x13fe, 0x00004190, 0x03100101
     kworker/9:1-313     [009] .....  1212.491541: amdgpu_device_wreg: 0x13fe, 0x000041db, 0x00000000
     kworker/9:1-313     [009] .....  1212.491543: amdgpu_device_rreg: 0x13fe, 0x00004262, 0x00000004
     kworker/9:1-313     [009] .....  1212.491544: amdgpu_device_wreg: 0x13fe, 0x00004262, 0x00000004
     kworker/9:1-313     [009] .....  1212.491545: amdgpu_device_rreg: 0x13fe, 0x000041cb, 0x00000000
     kworker/9:1-313     [009] .....  1212.491546: amdgpu_device_wreg: 0x13fe, 0x000041cb, 0x00000000
     kworker/9:1-313     [009] .....  1212.491548: amdgpu_device_rreg: 0x13fe, 0x000041c8, 0x00000000
     kworker/9:1-313     [009] .....  1212.491549: amdgpu_device_wreg: 0x13fe, 0x000041c8, 0x00000000
     kworker/9:1-313     [009] .....  1212.491551: amdgpu_device_rreg: 0x13fe, 0x00004845, 0x0a040000
     kworker/9:1-313     [009] .....  1212.491552: amdgpu_device_wreg: 0x13fe, 0x00004845, 0x0a040003
     kworker/9:1-313     [009] .....  1212.491553: amdgpu_device_wreg: 0x13fe, 0x00004731, 0x0000000f
     kworker/9:1-313     [009] .....  1212.491554: amdgpu_device_wreg: 0x13fe, 0x00004732, 0x0000000f
     kworker/9:1-313     [009] .....  1212.491555: amdgpu_device_wreg: 0x13fe, 0x00004733, 0x0000000f
     kworker/9:1-313     [009] .....  1212.491555: amdgpu_device_wreg: 0x13fe, 0x00004736, 0x0000000f
     kworker/9:1-313     [009] .....  1212.491557: amdgpu_device_wreg: 0x13fe, 0x0000473a, 0x00000000
     kworker/9:1-313     [009] .....  1212.491558: amdgpu_device_wreg: 0x13fe, 0x0000473b, 0x00000000
     kworker/9:1-313     [009] .....  1212.491559: amdgpu_device_wreg: 0x13fe, 0x0000473c, 0x00000000
     kworker/9:1-313     [009] .....  1212.491560: amdgpu_device_wreg: 0x13fe, 0x00004732, 0x0000000f
     kworker/9:1-313     [009] .....  1212.491561: amdgpu_device_rreg: 0x13fe, 0x00004734, 0xffff0423
     kworker/9:1-313     [009] .....  1212.491562: amdgpu_device_wreg: 0x13fe, 0x00004734, 0xffff0422
     kworker/9:1-313     [009] .....  1212.491563: amdgpu_device_wreg: 0x13fe, 0x00004731, 0x00000000
     kworker/9:1-313     [009] .....  1212.491564: amdgpu_device_wreg: 0x13fe, 0x00004733, 0x00000000
     kworker/9:1-313     [009] .....  1212.491565: amdgpu_device_wreg: 0x13fe, 0x00004736, 0x00000000
     kworker/9:1-313     [009] .....  1212.491566: amdgpu_device_wreg: 0x13fe, 0x00004783, 0x00000000
     kworker/9:1-313     [009] .....  1212.491568: amdgpu_device_rreg: 0x13fe, 0x00004785, 0xffff0422
     kworker/9:1-313     [009] .....  1212.491568: amdgpu_device_wreg: 0x13fe, 0x00004785, 0xffff0423
     kworker/9:1-313     [009] .....  1212.491570: amdgpu_device_rreg: 0x13fe, 0x00004734, 0xffff0422
     kworker/9:1-313     [009] .....  1212.491571: amdgpu_device_wreg: 0x13fe, 0x00004734, 0xffff0422
     kworker/9:1-313     [009] .....  1212.491572: amdgpu_device_wreg: 0x13fe, 0x00004737, 0x0001f000
     kworker/9:1-313     [009] .....  1212.491573: amdgpu_device_wreg: 0x13fe, 0x00004738, 0x0001f000
     kworker/9:1-313     [009] .....  1212.491574: amdgpu_device_wreg: 0x13fe, 0x00004739, 0x0001f000
     kworker/9:1-313     [009] .....  1212.491576: amdgpu_device_wreg: 0x13fe, 0x00003aaa, 0x04b003c0
     kworker/9:1-313     [009] .....  1212.491577: amdgpu_device_wreg: 0x13fe, 0x00003aa9, 0x00000000
     kworker/9:1-313     [009] .....  1212.491578: amdgpu_device_wreg: 0x13fe, 0x00003aae, 0x04b003c0
     kworker/9:1-313     [009] .....  1212.491579: amdgpu_device_wreg: 0x13fe, 0x00003aad, 0x00000000
     kworker/9:1-313     [009] .....  1212.491580: amdgpu_device_wreg: 0x13fe, 0x00003aac, 0x04b003c0
     kworker/9:1-313     [009] .....  1212.491581: amdgpu_device_wreg: 0x13fe, 0x00003aab, 0x00000000
     kworker/9:1-313     [009] .....  1212.491582: amdgpu_device_wreg: 0x13fe, 0x00003ab0, 0x04b003c0
     kworker/9:1-313     [009] .....  1212.491583: amdgpu_device_wreg: 0x13fe, 0x00003aaf, 0x00000000
     kworker/9:1-313     [009] .....  1212.491584: amdgpu_device_wreg: 0x13fe, 0x000041e8, 0x00000000
     kworker/9:1-313     [009] .....  1212.491585: amdgpu_device_wreg: 0x13fe, 0x0000473d, 0x00000004
     kworker/9:1-313     [009] .....  1212.491587: amdgpu_device_wreg: 0x13fe, 0x00000000, 0x00000001
     kworker/9:1-313     [009] .....  1212.491588: amdgpu_device_rreg: 0x13fe, 0x00000000, 0x00000000
     kworker/9:1-313     [009] .....  1212.491589: amdgpu_device_wreg: 0x13fe, 0x00004a78, 0x00002000
     kworker/9:1-313     [009] .....  1212.491589: amdgpu_device_wreg: 0x13fe, 0x00004a79, 0x00000000
     kworker/9:1-313     [009] .....  1212.491590: amdgpu_device_wreg: 0x13fe, 0x00004a7a, 0x20000000
     kworker/9:1-313     [009] .....  1212.491591: amdgpu_device_wreg: 0x13fe, 0x00004a7b, 0x00000000
     kworker/9:1-313     [009] .....  1212.491592: amdgpu_device_wreg: 0x13fe, 0x00004a7c, 0x00000000
     kworker/9:1-313     [009] .....  1212.491593: amdgpu_device_wreg: 0x13fe, 0x00004a7d, 0x00002000
     kworker/9:1-313     [009] .....  1212.491594: amdgpu_device_wreg: 0x13fe, 0x00004a77, 0x00000001
     kworker/9:1-313     [009] .....  1212.491596: amdgpu_device_rreg: 0x13fe, 0x00003ada, 0x00000000
     kworker/9:1-313     [009] .....  1212.491597: amdgpu_device_wreg: 0x13fe, 0x00003ada, 0x00000000
     kworker/9:1-313     [009] .....  1212.491598: amdgpu_device_rreg: 0x13fe, 0x00003aa6, 0x0000123c
     kworker/9:1-313     [009] .....  1212.491599: amdgpu_device_wreg: 0x13fe, 0x00003aa6, 0x0000123c
     kworker/9:1-313     [009] .....  1212.491601: amdgpu_device_rreg: 0x13fe, 0x00003aa7, 0x00000080
     kworker/9:1-313     [009] .....  1212.491602: amdgpu_device_wreg: 0x13fe, 0x00003aa7, 0x00000080
     kworker/9:1-313     [009] .....  1212.491603: amdgpu_device_rreg: 0x13fe, 0x00003ac7, 0x0000077f
     kworker/9:1-313     [009] .....  1212.491604: amdgpu_device_wreg: 0x13fe, 0x00003ac7, 0x0000077f
     kworker/9:1-313     [009] .....  1212.491605: amdgpu_device_rreg: 0x13fe, 0x00003b2a, 0x00e40000
     kworker/9:1-313     [009] .....  1212.491606: amdgpu_device_wreg: 0x13fe, 0x00003b2a, 0x00e40000
     kworker/9:1-313     [009] .....  1212.491608: amdgpu_device_rreg: 0x13fe, 0x00003aa5, 0x00000008
     kworker/9:1-313     [009] .....  1212.491609: amdgpu_device_wreg: 0x13fe, 0x00003aa5, 0x00000008
     kworker/9:1-313     [009] .....  1212.491610: amdgpu_device_rreg: 0x13fe, 0x00003adb, 0x00000200
     kworker/9:1-313     [009] .....  1212.491612: amdgpu_device_wreg: 0x13fe, 0x00003adb, 0x00000200
     kworker/9:1-313     [009] .....  1212.491613: amdgpu_device_rreg: 0x13fe, 0x00003adb, 0x00000200
     kworker/9:1-313     [009] .....  1212.491614: amdgpu_device_wreg: 0x13fe, 0x00003adb, 0x00000200
     kworker/9:1-313     [009] .....  1212.491616: amdgpu_device_rreg: 0x13fe, 0x00003adb, 0x00000200
     kworker/9:1-313     [009] .....  1212.491616: amdgpu_device_wreg: 0x13fe, 0x00003adb, 0x00000200
     kworker/9:1-313     [009] .....  1212.491618: amdgpu_device_rreg: 0x13fe, 0x00003ada, 0x00000000
     kworker/9:1-313     [009] .....  1212.491619: amdgpu_device_wreg: 0x13fe, 0x00003ada, 0x00000000
     kworker/9:1-313     [009] .....  1212.491620: amdgpu_device_wreg: 0x13fe, 0x00003acb, 0x00000004
     kworker/9:1-313     [009] .....  1212.491620: amdgpu_device_wreg: 0x13fe, 0x00003aca, 0x6e000000
     kworker/9:1-313     [009] .....  1212.491623: amdgpu_device_rreg: 0x13fe, 0x00003ab3, 0x000f0102
     kworker/9:1-313     [009] .....  1212.491624: amdgpu_device_wreg: 0x13fe, 0x00003ab3, 0x000f0102
     kworker/9:1-313     [009] .....  1212.491626: amdgpu_device_rreg: 0x13fe, 0x00004261, 0x0001f000
     kworker/9:1-313     [009] .....  1212.491627: amdgpu_device_wreg: 0x13fe, 0x00004261, 0x0001f000
     kworker/9:1-313     [009] .....  1212.491628: amdgpu_device_wreg: 0x13fe, 0x00004267, 0x00000000
     kworker/9:1-313     [009] .....  1212.491630: amdgpu_device_rreg: 0x13fe, 0x000042a0, 0x00000010
     kworker/9:1-313     [009] .....  1212.491631: amdgpu_device_wreg: 0x13fe, 0x000042a0, 0x00000010
     kworker/9:1-313     [009] .....  1212.491632: amdgpu_device_wreg: 0x13fe, 0x00004223, 0x00000000
     kworker/9:1-313     [009] .....  1212.491634: amdgpu_device_rreg: 0x13fe, 0x000041da, 0x00003100
     kworker/9:1-313     [009] .....  1212.491635: amdgpu_device_wreg: 0x13fe, 0x000041da, 0x00003100
     kworker/9:1-313     [009] .....  1212.491637: amdgpu_device_rreg: 0x13fe, 0x000041f7, 0x00000000
     kworker/9:1-313     [009] .....  1212.491638: amdgpu_device_wreg: 0x13fe, 0x000041f7, 0x00000000
     kworker/9:1-313     [009] .....  1212.491639: amdgpu_device_wreg: 0x13fe, 0x0000473d, 0x00000004
     kworker/9:1-313     [009] .....  1212.491640: amdgpu_device_wreg: 0x13fe, 0x0000486e, 0x00000000
     kworker/9:1-313     [009] .....  1212.491642: amdgpu_device_rreg: 0x13fe, 0x00003d48, 0x00f11111
     kworker/9:1-313     [009] .....  1212.491643: amdgpu_device_wreg: 0x13fe, 0x00003d48, 0x00f11111
     kworker/9:1-313     [009] .....  1212.491644: amdgpu_device_rreg: 0x13fe, 0x00004d4c, 0x00000003
     kworker/9:1-313     [009] .....  1212.491645: amdgpu_device_wreg: 0x13fe, 0x00004d4c, 0x00000003
     kworker/9:1-313     [009] .....  1212.491647: amdgpu_device_rreg: 0x13fe, 0x000045c6, 0xf0000010
     kworker/9:1-313     [009] .....  1212.491648: amdgpu_device_wreg: 0x13fe, 0x000045c6, 0xf0000010
     kworker/9:1-313     [009] .....  1212.491650: amdgpu_device_rreg: 0x13fe, 0x00003d47, 0x000f0102
     kworker/9:1-313     [009] .....  1212.491650: amdgpu_device_wreg: 0x13fe, 0x00003d47, 0x000f0102
     kworker/9:1-313     [009] .....  1212.491651: amdgpu_device_wreg: 0x13fe, 0x00003d4a, 0x00000100
     kworker/9:1-313     [009] .....  1212.491653: amdgpu_device_rreg: 0x13fe, 0x00003d47, 0x000f0102
     kworker/9:1-313     [009] .....  1212.491654: amdgpu_device_wreg: 0x13fe, 0x00003d47, 0x000f0102
     kworker/9:1-313     [009] .....  1212.491655: amdgpu_device_rreg: 0x13fe, 0x00003dbe, 0x00e40000
     kworker/9:1-313     [009] .....  1212.491656: amdgpu_device_wreg: 0x13fe, 0x00003dbe, 0x00e40000
     kworker/9:1-313     [009] .....  1212.491657: amdgpu_device_wreg: 0x13fe, 0x00003d80, 0x00000056
     kworker/9:1-313     [009] .....  1212.491658: amdgpu_device_wreg: 0x13fe, 0x00003d45, 0x000d1b00
     kworker/9:1-313     [009] .....  1212.491659: amdgpu_device_wreg: 0x13fe, 0x00003d46, 0x00000000
     kworker/9:1-313     [009] .....  1212.491660: amdgpu_device_wreg: 0x13fe, 0x00003d9a, 0x00200024
     kworker/9:1-313     [009] .....  1212.491661: amdgpu_device_wreg: 0x13fe, 0x00003d9b, 0x00001340
     kworker/9:1-313     [009] .....  1212.491662: amdgpu_device_wreg: 0x13fe, 0x00003d9c, 0x0002a353
     kworker/9:1-313     [009] .....  1212.491663: amdgpu_device_wreg: 0x13fe, 0x00003d9d, 0x00000198
     kworker/9:1-313     [009] .....  1212.491664: amdgpu_device_wreg: 0x13fe, 0x00003db3, 0x000298ef
     kworker/9:1-313     [009] .....  1212.491665: amdgpu_device_wreg: 0x13fe, 0x00003da1, 0x000001fa
     kworker/9:1-313     [009] .....  1212.491666: amdgpu_device_wreg: 0x13fe, 0x00003dac, 0x00000020
     kworker/9:1-313     [009] .....  1212.491667: amdgpu_device_wreg: 0x13fe, 0x00003dad, 0x0000151a
     kworker/9:1-313     [009] .....  1212.491667: amdgpu_device_wreg: 0x13fe, 0x00003db1, 0x0000026f
     kworker/9:1-313     [009] .....  1212.491668: amdgpu_device_wreg: 0x13fe, 0x00003da2, 0x00000000
     kworker/9:1-313     [009] .....  1212.491669: amdgpu_device_wreg: 0x13fe, 0x00003dae, 0x00000020
     kworker/9:1-313     [009] .....  1212.491670: amdgpu_device_wreg: 0x13fe, 0x00003daf, 0x00000000
     kworker/9:1-313     [009] .....  1212.491671: amdgpu_device_wreg: 0x13fe, 0x00003d81, 0x0a8d0000
     kworker/9:1-313     [009] .....  1212.491672: amdgpu_device_wreg: 0x13fe, 0x00003d83, 0x08009bd8
     kworker/9:1-313     [009] .....  1212.491673: amdgpu_device_wreg: 0x13fe, 0x00003d85, 0x08000000
     kworker/9:1-313     [009] .....  1212.491674: amdgpu_device_wreg: 0x13fe, 0x00003d87, 0x0800531d
     kworker/9:1-313     [009] .....  1212.491675: amdgpu_device_wreg: 0x13fe, 0x00003d9e, 0x0b092492
     kworker/9:1-313     [009] .....  1212.491676: amdgpu_device_wreg: 0x13fe, 0x00003d9f, 0x00080000
     kworker/9:1-313     [009] .....  1212.491677: amdgpu_device_wreg: 0x13fe, 0x00003da0, 0x00000301
     kworker/9:1-313     [009] .....  1212.491678: amdgpu_device_wreg: 0x13fe, 0x00003da5, 0x00000000
     kworker/9:1-313     [009] .....  1212.491679: amdgpu_device_wreg: 0x13fe, 0x00003da3, 0x000001fa
     kworker/9:1-313     [009] .....  1212.491680: amdgpu_device_wreg: 0x13fe, 0x00003da4, 0x000001fa
     kworker/9:1-313     [009] .....  1212.491681: amdgpu_device_wreg: 0x13fe, 0x00003da7, 0x00000000
     kworker/9:1-313     [009] .....  1212.491681: amdgpu_device_wreg: 0x13fe, 0x00003db0, 0x0000014b
     kworker/9:1-313     [009] .....  1212.491682: amdgpu_device_wreg: 0x13fe, 0x00003d84, 0x00004db0
     kworker/9:1-313     [009] .....  1212.491683: amdgpu_device_wreg: 0x13fe, 0x00003d86, 0x00000000
     kworker/9:1-313     [009] .....  1212.491684: amdgpu_device_wreg: 0x13fe, 0x00003d88, 0x000052de
     kworker/9:1-313     [009] .....  1212.491685: amdgpu_device_wreg: 0x13fe, 0x00000000, 0x00000000
     kworker/9:1-313     [009] .....  1212.491686: amdgpu_device_wreg: 0x13fe, 0x00003d82, 0xe0003284
     kworker/9:1-313     [009] .....  1212.491687: amdgpu_device_wreg: 0x13fe, 0x000045d1, 0x00000001
     kworker/9:1-313     [009] .....  1212.491689: amdgpu_device_rreg: 0x13fe, 0x000045d1, 0x03100001
     kworker/9:1-313     [009] .....  1212.491689: amdgpu_device_wreg: 0x13fe, 0x000045d1, 0x03100001
     kworker/9:1-313     [009] .....  1212.491691: amdgpu_device_rreg: 0x13fe, 0x000045d1, 0x03100001
     kworker/9:1-313     [009] .....  1212.491692: amdgpu_device_wreg: 0x13fe, 0x000045d1, 0x03100001
     kworker/9:1-313     [009] .....  1212.491693: amdgpu_device_rreg: 0x13fe, 0x000045d1, 0x03100001
     kworker/9:1-313     [009] .....  1212.491694: amdgpu_device_wreg: 0x13fe, 0x000045d1, 0x03100001
     kworker/9:1-313     [009] .....  1212.491695: amdgpu_device_rreg: 0x13fe, 0x000045d1, 0x03100001
     kworker/9:1-313     [009] .....  1212.491697: amdgpu_device_wreg: 0x13fe, 0x000045d1, 0x03100001
     kworker/9:1-313     [009] .....  1212.491697: amdgpu_device_wreg: 0x13fe, 0x000045d0, 0x00000008
     kworker/9:1-313     [009] .....  1212.491699: amdgpu_device_rreg: 0x13fe, 0x000045d1, 0x03100001
     kworker/9:1-313     [009] .....  1212.491700: amdgpu_device_wreg: 0x13fe, 0x000045d1, 0x03100101
     kworker/9:1-313     [009] .....  1212.491701: amdgpu_device_wreg: 0x13fe, 0x0000461c, 0x00000000
     kworker/9:1-313     [009] .....  1212.491703: amdgpu_device_rreg: 0x13fe, 0x000046a3, 0x00000004
     kworker/9:1-313     [009] .....  1212.491704: amdgpu_device_wreg: 0x13fe, 0x000046a3, 0x00000004
     kworker/9:1-313     [009] .....  1212.491716: amdgpu_device_rreg: 0x13fe, 0x0000460c, 0x00000000
     kworker/9:1-313     [009] .....  1212.491717: amdgpu_device_wreg: 0x13fe, 0x0000460c, 0x00000000
     kworker/9:1-313     [009] .....  1212.491718: amdgpu_device_rreg: 0x13fe, 0x00004609, 0x00000000
     kworker/9:1-313     [009] .....  1212.491719: amdgpu_device_wreg: 0x13fe, 0x00004609, 0x00000000
     kworker/9:1-313     [009] .....  1212.491720: amdgpu_device_rreg: 0x13fe, 0x00004845, 0x0a040003
     kworker/9:1-313     [009] .....  1212.491722: amdgpu_device_wreg: 0x13fe, 0x00004845, 0x0a040000
     kworker/9:1-313     [009] .....  1212.491722: amdgpu_device_wreg: 0x13fe, 0x00004782, 0x0000000f
     kworker/9:1-313     [009] .....  1212.491723: amdgpu_device_wreg: 0x13fe, 0x00004783, 0x0000000f
     kworker/9:1-313     [009] .....  1212.491724: amdgpu_device_wreg: 0x13fe, 0x00004784, 0x0000000f
     kworker/9:1-313     [009] .....  1212.491725: amdgpu_device_wreg: 0x13fe, 0x00004787, 0x0000000f
     kworker/9:1-313     [009] .....  1212.491726: amdgpu_device_wreg: 0x13fe, 0x0000478b, 0x00000000
     kworker/9:1-313     [009] .....  1212.491727: amdgpu_device_wreg: 0x13fe, 0x0000478c, 0x00000000
     kworker/9:1-313     [009] .....  1212.491728: amdgpu_device_wreg: 0x13fe, 0x0000478d, 0x00000000
     kworker/9:1-313     [009] .....  1212.491729: amdgpu_device_wreg: 0x13fe, 0x00004783, 0x0000000f
     kworker/9:1-313     [009] .....  1212.491731: amdgpu_device_rreg: 0x13fe, 0x00004785, 0xffff0423
     kworker/9:1-313     [009] .....  1212.491731: amdgpu_device_wreg: 0x13fe, 0x00004785, 0xffff0422
     kworker/9:1-313     [009] .....  1212.491732: amdgpu_device_wreg: 0x13fe, 0x00004782, 0x00000003
     kworker/9:1-313     [009] .....  1212.491733: amdgpu_device_wreg: 0x13fe, 0x00004784, 0x00000000
     kworker/9:1-313     [009] .....  1212.491734: amdgpu_device_wreg: 0x13fe, 0x00004787, 0x00000000
     kworker/9:1-313     [009] .....  1212.491735: amdgpu_device_wreg: 0x13fe, 0x00004732, 0x00000003
     kworker/9:1-313     [009] .....  1212.491737: amdgpu_device_rreg: 0x13fe, 0x00004734, 0xffff0422
     kworker/9:1-313     [009] .....  1212.491737: amdgpu_device_wreg: 0x13fe, 0x00004734, 0xffff0423
     kworker/9:1-313     [009] .....  1212.491739: amdgpu_device_rreg: 0x13fe, 0x00004785, 0xffff0422
     kworker/9:1-313     [009] .....  1212.491740: amdgpu_device_wreg: 0x13fe, 0x00004785, 0xffff0422
     kworker/9:1-313     [009] .....  1212.491741: amdgpu_device_wreg: 0x13fe, 0x00004788, 0x0001f000
     kworker/9:1-313     [009] .....  1212.491742: amdgpu_device_wreg: 0x13fe, 0x00004789, 0x0001f000
     kworker/9:1-313     [009] .....  1212.491743: amdgpu_device_wreg: 0x13fe, 0x0000478a, 0x0001f000
     kworker/9:1-313     [009] .....  1212.491744: amdgpu_device_wreg: 0x13fe, 0x00003d3e, 0x04b003c0
     kworker/9:1-313     [009] .....  1212.491745: amdgpu_device_wreg: 0x13fe, 0x00003d3d, 0x000003c0
     kworker/9:1-313     [009] .....  1212.491746: amdgpu_device_wreg: 0x13fe, 0x00003d42, 0x04b003c0
     kworker/9:1-313     [009] .....  1212.491747: amdgpu_device_wreg: 0x13fe, 0x00003d41, 0x000003c0
     kworker/9:1-313     [009] .....  1212.491748: amdgpu_device_wreg: 0x13fe, 0x00003d40, 0x04b003c0
     kworker/9:1-313     [009] .....  1212.491749: amdgpu_device_wreg: 0x13fe, 0x00003d3f, 0x000003c0
     kworker/9:1-313     [009] .....  1212.491750: amdgpu_device_wreg: 0x13fe, 0x00003d44, 0x04b003c0
     kworker/9:1-313     [009] .....  1212.491751: amdgpu_device_wreg: 0x13fe, 0x00003d43, 0x000003c0
     kworker/9:1-313     [009] .....  1212.491752: amdgpu_device_wreg: 0x13fe, 0x00004629, 0x00000000
     kworker/9:1-313     [009] .....  1212.491753: amdgpu_device_wreg: 0x13fe, 0x0000478e, 0x00000004
     kworker/9:1-313     [009] .....  1212.491754: amdgpu_device_wreg: 0x13fe, 0x00000000, 0x00000001
     kworker/9:1-313     [009] .....  1212.491755: amdgpu_device_rreg: 0x13fe, 0x00000000, 0x00000000
     kworker/9:1-313     [009] .....  1212.491756: amdgpu_device_wreg: 0x13fe, 0x00004a78, 0x00002000
     kworker/9:1-313     [009] .....  1212.491757: amdgpu_device_wreg: 0x13fe, 0x00004a79, 0x00000000
     kworker/9:1-313     [009] .....  1212.491758: amdgpu_device_wreg: 0x13fe, 0x00004a7a, 0x20000000
     kworker/9:1-313     [009] .....  1212.491759: amdgpu_device_wreg: 0x13fe, 0x00004a7b, 0x00000000
     kworker/9:1-313     [009] .....  1212.491760: amdgpu_device_wreg: 0x13fe, 0x00004a7c, 0x00000000
     kworker/9:1-313     [009] .....  1212.491760: amdgpu_device_wreg: 0x13fe, 0x00004a7d, 0x00002000
     kworker/9:1-313     [009] .....  1212.491761: amdgpu_device_wreg: 0x13fe, 0x00004a77, 0x00000001
     kworker/9:1-313     [009] .....  1212.491763: amdgpu_device_rreg: 0x13fe, 0x00003d6e, 0x00000000
     kworker/9:1-313     [009] .....  1212.491764: amdgpu_device_wreg: 0x13fe, 0x00003d6e, 0x00000000
     kworker/9:1-313     [009] .....  1212.491766: amdgpu_device_rreg: 0x13fe, 0x00003d3a, 0x0000123c
     kworker/9:1-313     [009] .....  1212.491766: amdgpu_device_wreg: 0x13fe, 0x00003d3a, 0x0000123c
     kworker/9:1-313     [009] .....  1212.491768: amdgpu_device_rreg: 0x13fe, 0x00003d3b, 0x00000080
     kworker/9:1-313     [009] .....  1212.491769: amdgpu_device_wreg: 0x13fe, 0x00003d3b, 0x00000080
     kworker/9:1-313     [009] .....  1212.491770: amdgpu_device_rreg: 0x13fe, 0x00003d5b, 0x0000077f
     kworker/9:1-313     [009] .....  1212.491771: amdgpu_device_wreg: 0x13fe, 0x00003d5b, 0x0000077f
     kworker/9:1-313     [009] .....  1212.491773: amdgpu_device_rreg: 0x13fe, 0x00003dbe, 0x00e40000
     kworker/9:1-313     [009] .....  1212.491774: amdgpu_device_wreg: 0x13fe, 0x00003dbe, 0x00e40000
     kworker/9:1-313     [009] .....  1212.491776: amdgpu_device_rreg: 0x13fe, 0x00003d39, 0x00000008
     kworker/9:1-313     [009] .....  1212.491776: amdgpu_device_wreg: 0x13fe, 0x00003d39, 0x00000008
     kworker/9:1-313     [009] .....  1212.491778: amdgpu_device_rreg: 0x13fe, 0x00003d6f, 0x00000200
     kworker/9:1-313     [009] .....  1212.491779: amdgpu_device_wreg: 0x13fe, 0x00003d6f, 0x00000200
     kworker/9:1-313     [009] .....  1212.491780: amdgpu_device_rreg: 0x13fe, 0x00003d6f, 0x00000200
     kworker/9:1-313     [009] .....  1212.491782: amdgpu_device_wreg: 0x13fe, 0x00003d6f, 0x00000200
     kworker/9:1-313     [009] .....  1212.491783: amdgpu_device_rreg: 0x13fe, 0x00003d6f, 0x00000200
     kworker/9:1-313     [009] .....  1212.491784: amdgpu_device_wreg: 0x13fe, 0x00003d6f, 0x00000200
     kworker/9:1-313     [009] .....  1212.491785: amdgpu_device_rreg: 0x13fe, 0x00003d6e, 0x00000000
     kworker/9:1-313     [009] .....  1212.491786: amdgpu_device_wreg: 0x13fe, 0x00003d6e, 0x00000000
     kworker/9:1-313     [009] .....  1212.491787: amdgpu_device_wreg: 0x13fe, 0x00003d5f, 0x00000004
     kworker/9:1-313     [009] .....  1212.491788: amdgpu_device_wreg: 0x13fe, 0x00003d5e, 0x6e000000
     kworker/9:1-313     [009] .....  1212.491789: amdgpu_device_rreg: 0x13fe, 0x00003d47, 0x000f0102
     kworker/9:1-313     [009] .....  1212.491790: amdgpu_device_wreg: 0x13fe, 0x00003d47, 0x000f0102
     kworker/9:1-313     [009] .....  1212.491792: amdgpu_device_rreg: 0x13fe, 0x000046a2, 0x0001f000
     kworker/9:1-313     [009] .....  1212.491793: amdgpu_device_wreg: 0x13fe, 0x000046a2, 0x0001f000
     kworker/9:1-313     [009] .....  1212.491794: amdgpu_device_wreg: 0x13fe, 0x000046a8, 0x00000000
     kworker/9:1-313     [009] .....  1212.491796: amdgpu_device_rreg: 0x13fe, 0x000046e1, 0x00000010
     kworker/9:1-313     [009] .....  1212.491797: amdgpu_device_wreg: 0x13fe, 0x000046e1, 0x00000010
     kworker/9:1-313     [009] .....  1212.491798: amdgpu_device_wreg: 0x13fe, 0x00004664, 0x00000000
     kworker/9:1-313     [009] .....  1212.491800: amdgpu_device_rreg: 0x13fe, 0x0000461b, 0x00003100
     kworker/9:1-313     [009] .....  1212.491800: amdgpu_device_wreg: 0x13fe, 0x0000461b, 0x00003100
     kworker/9:1-313     [009] .....  1212.491802: amdgpu_device_rreg: 0x13fe, 0x00004638, 0x00000000
     kworker/9:1-313     [009] .....  1212.491803: amdgpu_device_wreg: 0x13fe, 0x00004638, 0x00000000
     kworker/9:1-313     [009] .....  1212.491804: amdgpu_device_wreg: 0x13fe, 0x0000478e, 0x00000004
     kworker/9:1-313     [009] .....  1212.491805: amdgpu_device_wreg: 0x13fe, 0x00004931, 0x00000000
     kworker/9:1-313     [009] .....  1212.491807: amdgpu_device_rreg: 0x13fe, 0x00005001, 0x80011311
     kworker/9:1-313     [009] .....  1212.491808: amdgpu_device_wreg: 0x13fe, 0x0000504b, 0x00000000
     kworker/9:1-313     [009] .....  1212.491810: amdgpu_device_wreg: 0x13fe, 0x00004ffa, 0x00000001
     kworker/9:1-313     [009] d..1.  1212.491825: amdgpu_device_rreg: 0x13fe, 0x00003adb, 0x00000100
     kworker/9:1-313     [009] d..1.  1212.491827: amdgpu_device_rreg: 0x13fe, 0x00003ae5, 0x6e000000
     kworker/9:1-313     [009] d..1.  1212.491828: amdgpu_device_rreg: 0x13fe, 0x00003ae6, 0x00000004
          <idle>-0       [002] d.h1.  1212.499466: amdgpu_device_rreg: 0x13fe, 0x0000504a, 0x0010d104
          <idle>-0       [002] d.h1.  1212.499467: amdgpu_device_wreg: 0x13fe, 0x0000504a, 0x0011d104
          <idle>-0       [002] d.h4.  1212.499470: amdgpu_device_rreg: 0x13fe, 0x0000500c, 0x0000de2d
          <idle>-0       [002] d.h4.  1212.499472: amdgpu_device_rreg: 0x13fe, 0x00004ff6, 0x002004d0
          <idle>-0       [002] d.h4.  1212.499473: amdgpu_device_rreg: 0x13fe, 0x0000500a, 0x0279000a
          <idle>-0       [002] d.h4.  1212.499474: amdgpu_device_rreg: 0x13fe, 0x0000500b, 0x0000000a
          <idle>-0       [002] d.h4.  1212.499476: amdgpu_device_rreg: 0x13fe, 0x0000500c, 0x0000de2d
          <idle>-0       [002] d.h4.  1212.499478: amdgpu_device_rreg: 0x13fe, 0x00004ff6, 0x002004d0
          <idle>-0       [002] d.h4.  1212.499479: amdgpu_device_rreg: 0x13fe, 0x0000500a, 0x05fd000a
          <idle>-0       [002] d.h4.  1212.499480: amdgpu_device_rreg: 0x13fe, 0x0000500b, 0x0000000a
          <idle>-0       [002] d.h4.  1212.499482: amdgpu_device_rreg: 0x13fe, 0x0000500c, 0x0000de2d
          <idle>-0       [002] d.h4.  1212.499483: amdgpu_device_rreg: 0x13fe, 0x00004ff6, 0x002004d0
          <idle>-0       [002] d.h4.  1212.499485: amdgpu_device_rreg: 0x13fe, 0x0000500a, 0x0155000b
          <idle>-0       [002] d.h4.  1212.499486: amdgpu_device_rreg: 0x13fe, 0x0000500b, 0x0000000b
          <idle>-0       [002] d.h4.  1212.499487: amdgpu_device_rreg: 0x13fe, 0x0000500c, 0x0000de2d
          <idle>-0       [002] d.h3.  1212.499490: amdgpu_device_rreg: 0x13fe, 0x00003adb, 0x00000000
          <idle>-0       [002] d.h3.  1212.499491: amdgpu_device_rreg: 0x13fe, 0x00003ae5, 0x6e000000
          <idle>-0       [002] d.h3.  1212.499493: amdgpu_device_rreg: 0x13fe, 0x00003ae6, 0x00000004
          <idle>-0       [002] d.h3.  1212.499495: amdgpu_device_rreg: 0x13fe, 0x00003d6f, 0x00000000
          <idle>-0       [002] d.h3.  1212.499496: amdgpu_device_rreg: 0x13fe, 0x00003d79, 0x6e000000
          <idle>-0       [002] d.h3.  1212.499497: amdgpu_device_rreg: 0x13fe, 0x00003d7a, 0x00000004
          <idle>-0       [002] d.h1.  1212.516147: amdgpu_device_rreg: 0x13fe, 0x0000504a, 0x0010d104
          <idle>-0       [002] d.h1.  1212.516149: amdgpu_device_wreg: 0x13fe, 0x0000504a, 0x0011d104
          <idle>-0       [002] d.h4.  1212.516151: amdgpu_device_rreg: 0x13fe, 0x0000500c, 0x0000de2e
          <idle>-0       [002] d.h4.  1212.516152: amdgpu_device_rreg: 0x13fe, 0x00004ff6, 0x002004d0
          <idle>-0       [002] d.h4.  1212.516154: amdgpu_device_rreg: 0x13fe, 0x0000500a, 0x0290000a
          <idle>-0       [002] d.h4.  1212.516155: amdgpu_device_rreg: 0x13fe, 0x0000500b, 0x0000000a
          <idle>-0       [002] d.h4.  1212.516156: amdgpu_device_rreg: 0x13fe, 0x0000500c, 0x0000de2e
          <idle>-0       [002] d.h4.  1212.516158: amdgpu_device_rreg: 0x13fe, 0x00004ff6, 0x002004d0
          <idle>-0       [002] d.h4.  1212.516159: amdgpu_device_rreg: 0x13fe, 0x0000500a, 0x060e000a
          <idle>-0       [002] d.h4.  1212.516161: amdgpu_device_rreg: 0x13fe, 0x0000500b, 0x0000000a
          <idle>-0       [002] d.h4.  1212.516163: amdgpu_device_rreg: 0x13fe, 0x0000500c, 0x0000de2e
          <idle>-0       [002] d.h4.  1212.516164: amdgpu_device_rreg: 0x13fe, 0x00004ff6, 0x002004d0
          <idle>-0       [002] d.h4.  1212.516165: amdgpu_device_rreg: 0x13fe, 0x0000500a, 0x0164000b
          <idle>-0       [002] d.h4.  1212.516167: amdgpu_device_rreg: 0x13fe, 0x0000500b, 0x0000000b
          <idle>-0       [002] d.h4.  1212.516168: amdgpu_device_rreg: 0x13fe, 0x0000500c, 0x0000de2e
          <idle>-0       [002] d.h1.  1212.532828: amdgpu_device_rreg: 0x13fe, 0x0000504a, 0x0010d104
          <idle>-0       [002] d.h1.  1212.532829: amdgpu_device_wreg: 0x13fe, 0x0000504a, 0x0011d104
          <idle>-0       [002] d.h4.  1212.532831: amdgpu_device_rreg: 0x13fe, 0x0000500c, 0x0000de2f
          <idle>-0       [002] d.h4.  1212.532832: amdgpu_device_rreg: 0x13fe, 0x00004ff6, 0x002004d0
          <idle>-0       [002] d.h4.  1212.532834: amdgpu_device_rreg: 0x13fe, 0x0000500a, 0x023c000a
          <idle>-0       [002] d.h4.  1212.532835: amdgpu_device_rreg: 0x13fe, 0x0000500b, 0x0000000a
          <idle>-0       [002] d.h4.  1212.532836: amdgpu_device_rreg: 0x13fe, 0x0000500c, 0x0000de2f
          <idle>-0       [002] d.h4.  1212.532838: amdgpu_device_rreg: 0x13fe, 0x00004ff6, 0x002004d0
          <idle>-0       [002] d.h4.  1212.532839: amdgpu_device_rreg: 0x13fe, 0x0000500a, 0x059e000a
          <idle>-0       [002] d.h4.  1212.532841: amdgpu_device_rreg: 0x13fe, 0x0000500b, 0x0000000a
          <idle>-0       [002] d.h4.  1212.532842: amdgpu_device_rreg: 0x13fe, 0x0000500c, 0x0000de2f
          <idle>-0       [002] d.h4.  1212.532844: amdgpu_device_rreg: 0x13fe, 0x00004ff6, 0x002004d0
          <idle>-0       [002] d.h4.  1212.532845: amdgpu_device_rreg: 0x13fe, 0x0000500a, 0x00db000b
          <idle>-0       [002] d.h4.  1212.532846: amdgpu_device_rreg: 0x13fe, 0x0000500b, 0x0000000b
          <idle>-0       [002] d.h4.  1212.532848: amdgpu_device_rreg: 0x13fe, 0x0000500c, 0x0000de2f
          <idle>-0       [002] d.s3.  1212.533712: amdgpu_device_rreg: 0x13fe, 0x0000500c, 0x0000de2f
          <idle>-0       [002] d.s3.  1212.533714: amdgpu_device_rreg: 0x13fe, 0x00004ff6, 0x002004d0
          <idle>-0       [002] d.s3.  1212.533715: amdgpu_device_rreg: 0x13fe, 0x0000500a, 0x0450004b
          <idle>-0       [002] d.s3.  1212.533717: amdgpu_device_rreg: 0x13fe, 0x0000500b, 0x0000004b
          <idle>-0       [002] d.s3.  1212.533718: amdgpu_device_rreg: 0x13fe, 0x0000500c, 0x0000de2f
          <idle>-0       [002] d.s3.  1212.533720: amdgpu_device_rreg: 0x13fe, 0x00004ff6, 0x002004d0
          <idle>-0       [002] d.s3.  1212.533721: amdgpu_device_rreg: 0x13fe, 0x0000500a, 0x0814004b
          <idle>-0       [002] d.s3.  1212.533723: amdgpu_device_rreg: 0x13fe, 0x0000500b, 0x0000004c
          <idle>-0       [002] d.s3.  1212.533724: amdgpu_device_rreg: 0x13fe, 0x0000500c, 0x0000de2f
          <idle>-0       [002] d.s3.  1212.533726: amdgpu_device_rreg: 0x13fe, 0x00004ff6, 0x002004d0
          <idle>-0       [002] d.s3.  1212.533727: amdgpu_device_rreg: 0x13fe, 0x0000500a, 0x0356004c
          <idle>-0       [002] d.s3.  1212.533728: amdgpu_device_rreg: 0x13fe, 0x0000500b, 0x0000004c
          <idle>-0       [002] d.s3.  1212.533730: amdgpu_device_rreg: 0x13fe, 0x0000500c, 0x0000de2f
          <idle>-0       [002] d.s4.  1212.533732: amdgpu_device_rreg: 0x13fe, 0x0000504a, 0x00101104
          <idle>-0       [002] d.s4.  1212.533733: amdgpu_device_wreg: 0x13fe, 0x0000504a, 0x00111104
          <idle>-0       [002] d.s4.  1212.533734: amdgpu_device_rreg: 0x13fe, 0x0000504a, 0x00101104
          <idle>-0       [002] d.s4.  1212.533735: amdgpu_device_wreg: 0x13fe, 0x0000504a, 0x00100104
           <...>-311     [011] .....  1212.698926: amdgpu_device_rreg: 0x13fe, 0x00004ff6, 0x002004d0
           <...>-311     [011] .....  1212.698934: amdgpu_device_rreg: 0x13fe, 0x0000500a, 0x00b204a9
           <...>-311     [011] .....  1212.698936: amdgpu_device_rreg: 0x13fe, 0x0000500b, 0x000004a9
           <...>-311     [011] .....  1212.698940: amdgpu_device_rreg: 0x13fe, 0x00004ff6, 0x002004d0
           <...>-311     [011] .....  1212.698941: amdgpu_device_rreg: 0x13fe, 0x0000500a, 0x04d504a9
           <...>-311     [011] .....  1212.698943: amdgpu_device_rreg: 0x13fe, 0x0000500b, 0x000004a9
           <...>-311     [011] .....  1212.698953: amdgpu_device_rreg: 0x13fe, 0x0000500c, 0x0000de38
           <...>-311     [011] .....  1212.698954: amdgpu_device_rreg: 0x13fe, 0x00004ff6, 0x002004d0
           <...>-311     [011] .....  1212.698956: amdgpu_device_rreg: 0x13fe, 0x0000500a, 0x05c104aa
           <...>-311     [011] .....  1212.698957: amdgpu_device_rreg: 0x13fe, 0x0000500b, 0x000004aa
           <...>-311     [011] .....  1212.698959: amdgpu_device_rreg: 0x13fe, 0x0000500c, 0x0000de38
           <...>-311     [011] .....  1212.698961: amdgpu_device_rreg: 0x13fe, 0x00004ff6, 0x002004d0
           <...>-311     [011] .....  1212.698962: amdgpu_device_rreg: 0x13fe, 0x0000500a, 0x014504ab
           <...>-311     [011] .....  1212.698964: amdgpu_device_rreg: 0x13fe, 0x0000500b, 0x000004ab
           <...>-311     [011] d..4.  1212.698968: amdgpu_device_rreg: 0x13fe, 0x0000504a, 0x00104104
           <...>-311     [011] d..4.  1212.698969: amdgpu_device_wreg: 0x13fe, 0x0000504a, 0x00114104
           <...>-311     [011] d..4.  1212.698970: amdgpu_device_rreg: 0x13fe, 0x0000504a, 0x00100104
           <...>-311     [011] d..4.  1212.698971: amdgpu_device_wreg: 0x13fe, 0x0000504a, 0x00101104
           <...>-311     [011] d..3.  1212.698975: amdgpu_device_rreg: 0x13fe, 0x0000500c, 0x0000de38
           <...>-311     [011] d..3.  1212.698977: amdgpu_device_rreg: 0x13fe, 0x00004ff6, 0x002004d0
           <...>-311     [011] d..3.  1212.698978: amdgpu_device_rreg: 0x13fe, 0x0000500a, 0x02ce04ac
           <...>-311     [011] d..3.  1212.698980: amdgpu_device_rreg: 0x13fe, 0x0000500b, 0x000004ac
           <...>-311     [011] d..3.  1212.698982: amdgpu_device_rreg: 0x13fe, 0x0000500c, 0x0000de38
           <...>-311     [011] d..3.  1212.698984: amdgpu_device_rreg: 0x13fe, 0x00004ff6, 0x002004d0
           <...>-311     [011] d..3.  1212.698986: amdgpu_device_rreg: 0x13fe, 0x0000500a, 0x078604ac
           <...>-311     [011] d..3.  1212.698988: amdgpu_device_rreg: 0x13fe, 0x0000500b, 0x000004ad
           <...>-311     [011] d..3.  1212.698990: amdgpu_device_rreg: 0x13fe, 0x0000500c, 0x0000de38
           <...>-311     [011] d..3.  1212.698991: amdgpu_device_rreg: 0x13fe, 0x00004ff6, 0x002004d0
           <...>-311     [011] d..3.  1212.698993: amdgpu_device_rreg: 0x13fe, 0x0000500a, 0x035604ad
           <...>-311     [011] d..3.  1212.698994: amdgpu_device_rreg: 0x13fe, 0x0000500b, 0x000004ad
           <...>-311     [011] d..3.  1212.698996: amdgpu_device_rreg: 0x13fe, 0x0000500c, 0x0000de38
           <...>-311     [011] .....  1212.699434: amdgpu_device_wreg: 0x13fe, 0x000039c6, 0x00000bb8
           <...>-311     [011] .....  1212.699440: amdgpu_device_rreg: 0x13fe, 0x000039c5, 0x00440100
           <...>-311     [011] .....  1212.699441: amdgpu_device_wreg: 0x13fe, 0x000039c5, 0x00440100
           <...>-311     [011] .....  1212.699443: amdgpu_device_rreg: 0x13fe, 0x000039c8, 0x00000000
           <...>-311     [011] .....  1212.699443: amdgpu_device_wreg: 0x13fe, 0x000039c8, 0x00000000
           <...>-311     [011] .....  1212.699446: amdgpu_device_rreg: 0x13fe, 0x00004d14, 0x00000000
           <...>-311     [011] .....  1212.699448: amdgpu_device_rreg: 0x13fe, 0x00004d1b, 0x00000000
           <...>-311     [011] .....  1212.699450: amdgpu_device_rreg: 0x13fe, 0x00004d14, 0x00000000
           <...>-311     [011] .....  1212.699451: amdgpu_device_rreg: 0x13fe, 0x00004d1b, 0x00000000
           <...>-311     [011] .....  1212.699454: amdgpu_device_rreg: 0x13fe, 0x00005001, 0x80011311
           <...>-311     [011] .....  1212.699455: amdgpu_device_wreg: 0x13fe, 0x00005050, 0x00000000
           <...>-311     [011] .....  1212.699457: amdgpu_device_wreg: 0x13fe, 0x0000504b, 0x00000001
           <...>-311     [011] .....  1212.699458: amdgpu_device_rreg: 0x13fe, 0x0000504b, 0x00000101
           <...>-311     [011] .....  1212.699462: amdgpu_device_rreg: 0x13fe, 0x00003adc, 0x00000040
           <...>-311     [011] .....  1212.699464: amdgpu_device_rreg: 0x13fe, 0x00003d70, 0x00000040
           <...>-311     [011] .....  1212.699466: amdgpu_device_rreg: 0x13fe, 0x00003adc, 0x00000040
           <...>-311     [011] .....  1212.699468: amdgpu_device_rreg: 0x13fe, 0x00003d70, 0x00000040
           <...>-311     [011] .....  1212.699473: amdgpu_device_wreg: 0x13fe, 0x00005047, 0x00000017
           <...>-311     [011] .....  1212.699474: amdgpu_device_wreg: 0x13fe, 0x00005048, 0x012f0208
           <...>-311     [011] .....  1212.699476: amdgpu_device_wreg: 0x13fe, 0x00005049, 0x0000018b
           <...>-311     [011] .....  1212.699477: amdgpu_device_rreg: 0x13fe, 0x000039e8, 0x84d00000
           <...>-311     [011] .....  1212.699478: amdgpu_device_wreg: 0x13fe, 0x000039e8, 0x84d00000
           <...>-311     [011] .....  1212.699479: amdgpu_device_wreg: 0x13fe, 0x00005026, 0x0000000a
           <...>-311     [011] .....  1212.699481: amdgpu_device_wreg: 0x13fe, 0x00004d16, 0x078004b0
           <...>-311     [011] .....  1212.699483: amdgpu_device_wreg: 0x13fe, 0x00004d1a, 0x00000000
           <...>-311     [011] .....  1212.699484: amdgpu_device_wreg: 0x13fe, 0x00004d14, 0x00000000
           <...>-311     [011] .....  1212.699485: amdgpu_device_wreg: 0x13fe, 0x00004d17, 0x00000000
           <...>-311     [011] .....  1212.699486: amdgpu_device_wreg: 0x13fe, 0x00004d18, 0x00000000
           <...>-311     [011] .....  1212.699486: amdgpu_device_wreg: 0x13fe, 0x00004d19, 0x00000000
           <...>-311     [011] .....  1212.699487: amdgpu_device_wreg: 0x13fe, 0x00004d15, 0x00000000
           <...>-311     [011] .....  1212.699489: amdgpu_device_rreg: 0x13fe, 0x00003ab4, 0x00f11111
           <...>-311     [011] .....  1212.699490: amdgpu_device_wreg: 0x13fe, 0x00003ab4, 0x00f11111
           <...>-311     [011] .....  1212.699492: amdgpu_device_rreg: 0x13fe, 0x00004d4c, 0x00000003
           <...>-311     [011] .....  1212.699493: amdgpu_device_wreg: 0x13fe, 0x00004d4c, 0x00000003
           <...>-311     [011] .....  1212.699495: amdgpu_device_rreg: 0x13fe, 0x00004185, 0xf0000010
           <...>-311     [011] .....  1212.699496: amdgpu_device_wreg: 0x13fe, 0x00004185, 0xf0000010
           <...>-311     [011] .....  1212.699498: amdgpu_device_rreg: 0x13fe, 0x00003ab3, 0x000f010a
           <...>-311     [011] .....  1212.699499: amdgpu_device_wreg: 0x13fe, 0x00003ab3, 0x000f010a
           <...>-311     [011] .....  1212.699500: amdgpu_device_wreg: 0x13fe, 0x00003ab6, 0x00000100
           <...>-311     [011] .....  1212.699502: amdgpu_device_rreg: 0x13fe, 0x00003ab3, 0x000f010a
           <...>-311     [011] .....  1212.699503: amdgpu_device_wreg: 0x13fe, 0x00003ab3, 0x000f010a
           <...>-311     [011] .....  1212.699504: amdgpu_device_rreg: 0x13fe, 0x00003b2a, 0x00e40000
           <...>-311     [011] .....  1212.699505: amdgpu_device_wreg: 0x13fe, 0x00003b2a, 0x00e40000
           <...>-311     [011] .....  1212.699506: amdgpu_device_wreg: 0x13fe, 0x00003aec, 0x00000056
           <...>-311     [011] .....  1212.699507: amdgpu_device_wreg: 0x13fe, 0x00003ab1, 0x000d1b00
           <...>-311     [011] .....  1212.699508: amdgpu_device_wreg: 0x13fe, 0x00003ab2, 0x00000000
           <...>-311     [011] .....  1212.699509: amdgpu_device_wreg: 0x13fe, 0x00003b06, 0x00200024
           <...>-311     [011] .....  1212.699510: amdgpu_device_wreg: 0x13fe, 0x00003b07, 0x00001340
           <...>-311     [011] .....  1212.699511: amdgpu_device_wreg: 0x13fe, 0x00003b08, 0x0002a353
           <...>-311     [011] .....  1212.699512: amdgpu_device_wreg: 0x13fe, 0x00003b09, 0x00000198
           <...>-311     [011] .....  1212.699513: amdgpu_device_wreg: 0x13fe, 0x00003b1f, 0x000298ef
           <...>-311     [011] .....  1212.699514: amdgpu_device_wreg: 0x13fe, 0x00003b0d, 0x000001fa
           <...>-311     [011] .....  1212.699515: amdgpu_device_wreg: 0x13fe, 0x00003b18, 0x00000020
           <...>-311     [011] .....  1212.699516: amdgpu_device_wreg: 0x13fe, 0x00003b19, 0x0000151a
           <...>-311     [011] .....  1212.699517: amdgpu_device_wreg: 0x13fe, 0x00003b1d, 0x0000026f
    kworker/11:1-311     [011] .....  1212.699518: amdgpu_device_wreg: 0x13fe, 0x00003b0e, 0x00000000
    kworker/11:1-311     [011] .....  1212.699519: amdgpu_device_wreg: 0x13fe, 0x00003b1a, 0x00000020
    kworker/11:1-311     [011] .....  1212.699520: amdgpu_device_wreg: 0x13fe, 0x00003b1b, 0x00000000
    kworker/11:1-311     [011] .....  1212.699521: amdgpu_device_wreg: 0x13fe, 0x00003aed, 0x0a8d0000
    kworker/11:1-311     [011] .....  1212.699521: amdgpu_device_wreg: 0x13fe, 0x00003aef, 0x08009bd8
    kworker/11:1-311     [011] .....  1212.699523: amdgpu_device_wreg: 0x13fe, 0x00003af1, 0x08000000
    kworker/11:1-311     [011] .....  1212.699524: amdgpu_device_wreg: 0x13fe, 0x00003af3, 0x0800531d
    kworker/11:1-311     [011] .....  1212.699525: amdgpu_device_wreg: 0x13fe, 0x00003b0a, 0x0b092492
    kworker/11:1-311     [011] .....  1212.699526: amdgpu_device_wreg: 0x13fe, 0x00003b0b, 0x00080000
    kworker/11:1-311     [011] .....  1212.699527: amdgpu_device_wreg: 0x13fe, 0x00003b0c, 0x00000301
    kworker/11:1-311     [011] .....  1212.699528: amdgpu_device_wreg: 0x13fe, 0x00003b11, 0x00000000
    kworker/11:1-311     [011] .....  1212.699528: amdgpu_device_wreg: 0x13fe, 0x00003b0f, 0x000001fa
    kworker/11:1-311     [011] .....  1212.699530: amdgpu_device_wreg: 0x13fe, 0x00003b10, 0x000001fa
    kworker/11:1-311     [011] .....  1212.699531: amdgpu_device_wreg: 0x13fe, 0x00003b13, 0x00000000
    kworker/11:1-311     [011] .....  1212.699532: amdgpu_device_wreg: 0x13fe, 0x00003b1c, 0x0000014b
    kworker/11:1-311     [011] .....  1212.699532: amdgpu_device_wreg: 0x13fe, 0x00003af0, 0x00004db0
    kworker/11:1-311     [011] .....  1212.699533: amdgpu_device_wreg: 0x13fe, 0x00003af2, 0x00000000
    kworker/11:1-311     [011] .....  1212.699534: amdgpu_device_wreg: 0x13fe, 0x00003af4, 0x000052de
    kworker/11:1-311     [011] .....  1212.699535: amdgpu_device_wreg: 0x13fe, 0x00000000, 0x00000000
    kworker/11:1-311     [011] .....  1212.699537: amdgpu_device_wreg: 0x13fe, 0x00003aee, 0xe0003284
    kworker/11:1-311     [011] .....  1212.699538: amdgpu_device_wreg: 0x13fe, 0x00004190, 0x00000001
    kworker/11:1-311     [011] .....  1212.699539: amdgpu_device_rreg: 0x13fe, 0x00004190, 0x03100001
    kworker/11:1-311     [011] .....  1212.699540: amdgpu_device_wreg: 0x13fe, 0x00004190, 0x03100001
    kworker/11:1-311     [011] .....  1212.699542: amdgpu_device_rreg: 0x13fe, 0x00004190, 0x03100001
    kworker/11:1-311     [011] .....  1212.699543: amdgpu_device_wreg: 0x13fe, 0x00004190, 0x03100001
    kworker/11:1-311     [011] .....  1212.699545: amdgpu_device_rreg: 0x13fe, 0x00004190, 0x03100001
    kworker/11:1-311     [011] .....  1212.699546: amdgpu_device_wreg: 0x13fe, 0x00004190, 0x03100001
    kworker/11:1-311     [011] .....  1212.699547: amdgpu_device_rreg: 0x13fe, 0x00004190, 0x03100001
    kworker/11:1-311     [011] .....  1212.699548: amdgpu_device_wreg: 0x13fe, 0x00004190, 0x03100001
    kworker/11:1-311     [011] .....  1212.699549: amdgpu_device_wreg: 0x13fe, 0x0000418f, 0x00000008
    kworker/11:1-311     [011] .....  1212.699551: amdgpu_device_rreg: 0x13fe, 0x00004190, 0x03100001
    kworker/11:1-311     [011] .....  1212.699552: amdgpu_device_wreg: 0x13fe, 0x00004190, 0x03100101
    kworker/11:1-311     [011] .....  1212.699553: amdgpu_device_wreg: 0x13fe, 0x000041db, 0x00000000
    kworker/11:1-311     [011] .....  1212.699555: amdgpu_device_rreg: 0x13fe, 0x00004262, 0x00000004
    kworker/11:1-311     [011] .....  1212.699556: amdgpu_device_wreg: 0x13fe, 0x00004262, 0x00000004
    kworker/11:1-311     [011] .....  1212.699558: amdgpu_device_rreg: 0x13fe, 0x000041cb, 0x00010000
    kworker/11:1-311     [011] .....  1212.699559: amdgpu_device_wreg: 0x13fe, 0x000041cb, 0x00010000
    kworker/11:1-311     [011] .....  1212.699560: amdgpu_device_rreg: 0x13fe, 0x000041c8, 0x00000000
    kworker/11:1-311     [011] .....  1212.699561: amdgpu_device_wreg: 0x13fe, 0x000041c8, 0x00000000
    kworker/11:1-311     [011] .....  1212.699564: amdgpu_device_rreg: 0x13fe, 0x00004845, 0x0a040000
    kworker/11:1-311     [011] .....  1212.699565: amdgpu_device_wreg: 0x13fe, 0x00004845, 0x0a040003
    kworker/11:1-311     [011] .....  1212.699566: amdgpu_device_wreg: 0x13fe, 0x00004731, 0x0000000f
    kworker/11:1-311     [011] .....  1212.699566: amdgpu_device_wreg: 0x13fe, 0x00004732, 0x0000000f
    kworker/11:1-311     [011] .....  1212.699567: amdgpu_device_wreg: 0x13fe, 0x00004733, 0x0000000f
    kworker/11:1-311     [011] .....  1212.699568: amdgpu_device_wreg: 0x13fe, 0x00004736, 0x0000000f
    kworker/11:1-311     [011] .....  1212.699570: amdgpu_device_wreg: 0x13fe, 0x0000473a, 0x00000000
    kworker/11:1-311     [011] .....  1212.699571: amdgpu_device_wreg: 0x13fe, 0x0000473b, 0x00000000
    kworker/11:1-311     [011] .....  1212.699572: amdgpu_device_wreg: 0x13fe, 0x0000473c, 0x00000000
    kworker/11:1-311     [011] .....  1212.699573: amdgpu_device_wreg: 0x13fe, 0x00004732, 0x0000000f
    kworker/11:1-311     [011] .....  1212.699574: amdgpu_device_rreg: 0x13fe, 0x00004734, 0xffff0423
    kworker/11:1-311     [011] .....  1212.699575: amdgpu_device_wreg: 0x13fe, 0x00004734, 0xffff0422
    kworker/11:1-311     [011] .....  1212.699576: amdgpu_device_wreg: 0x13fe, 0x00004731, 0x00000000
    kworker/11:1-311     [011] .....  1212.699577: amdgpu_device_wreg: 0x13fe, 0x00004733, 0x00000000
    kworker/11:1-311     [011] .....  1212.699578: amdgpu_device_wreg: 0x13fe, 0x00004736, 0x00000000
    kworker/11:1-311     [011] .....  1212.699579: amdgpu_device_wreg: 0x13fe, 0x00004783, 0x00000000
    kworker/11:1-311     [011] .....  1212.699580: amdgpu_device_rreg: 0x13fe, 0x00004785, 0xffff0422
    kworker/11:1-311     [011] .....  1212.699582: amdgpu_device_wreg: 0x13fe, 0x00004785, 0xffff0423
    kworker/11:1-311     [011] .....  1212.699584: amdgpu_device_rreg: 0x13fe, 0x00004734, 0xffff0422
    kworker/11:1-311     [011] .....  1212.699585: amdgpu_device_wreg: 0x13fe, 0x00004734, 0xffff0422
    kworker/11:1-311     [011] .....  1212.699586: amdgpu_device_wreg: 0x13fe, 0x00004737, 0x0001f000
    kworker/11:1-311     [011] .....  1212.699586: amdgpu_device_wreg: 0x13fe, 0x00004738, 0x0001f000
    kworker/11:1-311     [011] .....  1212.699587: amdgpu_device_wreg: 0x13fe, 0x00004739, 0x0001f000
    kworker/11:1-311     [011] .....  1212.699589: amdgpu_device_wreg: 0x13fe, 0x00003aaa, 0x04b003c0
    kworker/11:1-311     [011] .....  1212.699590: amdgpu_device_wreg: 0x13fe, 0x00003aa9, 0x00000000
    kworker/11:1-311     [011] .....  1212.699591: amdgpu_device_wreg: 0x13fe, 0x00003aae, 0x04b003c0
    kworker/11:1-311     [011] .....  1212.699592: amdgpu_device_wreg: 0x13fe, 0x00003aad, 0x00000000
    kworker/11:1-311     [011] .....  1212.699594: amdgpu_device_wreg: 0x13fe, 0x00003aac, 0x04b003c0
    kworker/11:1-311     [011] .....  1212.699595: amdgpu_device_wreg: 0x13fe, 0x00003aab, 0x00000000
    kworker/11:1-311     [011] .....  1212.699596: amdgpu_device_wreg: 0x13fe, 0x00003ab0, 0x04b003c0
    kworker/11:1-311     [011] .....  1212.699597: amdgpu_device_wreg: 0x13fe, 0x00003aaf, 0x00000000
    kworker/11:1-311     [011] .....  1212.699598: amdgpu_device_wreg: 0x13fe, 0x000041e8, 0x00000000
    kworker/11:1-311     [011] .....  1212.699599: amdgpu_device_wreg: 0x13fe, 0x0000473d, 0x00000004
    kworker/11:1-311     [011] .....  1212.699601: amdgpu_device_wreg: 0x13fe, 0x00000000, 0x00000001
    kworker/11:1-311     [011] .....  1212.699602: amdgpu_device_rreg: 0x13fe, 0x00000000, 0x00000000
    kworker/11:1-311     [011] .....  1212.699603: amdgpu_device_wreg: 0x13fe, 0x00004a78, 0x00002000
    kworker/11:1-311     [011] .....  1212.699604: amdgpu_device_wreg: 0x13fe, 0x00004a79, 0x00000000
    kworker/11:1-311     [011] .....  1212.699605: amdgpu_device_wreg: 0x13fe, 0x00004a7a, 0x20000000
    kworker/11:1-311     [011] .....  1212.699606: amdgpu_device_wreg: 0x13fe, 0x00004a7b, 0x00000000
    kworker/11:1-311     [011] .....  1212.699607: amdgpu_device_wreg: 0x13fe, 0x00004a7c, 0x00000000
    kworker/11:1-311     [011] .....  1212.699608: amdgpu_device_wreg: 0x13fe, 0x00004a7d, 0x00002000
    kworker/11:1-311     [011] .....  1212.699609: amdgpu_device_wreg: 0x13fe, 0x00004a77, 0x00000001
    kworker/11:1-311     [011] .....  1212.699611: amdgpu_device_rreg: 0x13fe, 0x00003ada, 0x00000000
    kworker/11:1-311     [011] .....  1212.699611: amdgpu_device_wreg: 0x13fe, 0x00003ada, 0x00000000
    kworker/11:1-311     [011] .....  1212.699613: amdgpu_device_rreg: 0x13fe, 0x00003aa6, 0x0000123c
    kworker/11:1-311     [011] .....  1212.699614: amdgpu_device_wreg: 0x13fe, 0x00003aa6, 0x0000123c
    kworker/11:1-311     [011] .....  1212.699616: amdgpu_device_rreg: 0x13fe, 0x00003aa7, 0x00000080
    kworker/11:1-311     [011] .....  1212.699617: amdgpu_device_wreg: 0x13fe, 0x00003aa7, 0x00000080
    kworker/11:1-311     [011] .....  1212.699618: amdgpu_device_rreg: 0x13fe, 0x00003ac7, 0x0000077f
    kworker/11:1-311     [011] .....  1212.699619: amdgpu_device_wreg: 0x13fe, 0x00003ac7, 0x0000077f
    kworker/11:1-311     [011] .....  1212.699621: amdgpu_device_rreg: 0x13fe, 0x00003b2a, 0x00e40000
    kworker/11:1-311     [011] .....  1212.699622: amdgpu_device_wreg: 0x13fe, 0x00003b2a, 0x00e40000
    kworker/11:1-311     [011] .....  1212.699623: amdgpu_device_rreg: 0x13fe, 0x00003aa5, 0x00000008
    kworker/11:1-311     [011] .....  1212.699624: amdgpu_device_wreg: 0x13fe, 0x00003aa5, 0x00000008
    kworker/11:1-311     [011] .....  1212.699626: amdgpu_device_rreg: 0x13fe, 0x00003adb, 0x00000200
    kworker/11:1-311     [011] .....  1212.699627: amdgpu_device_wreg: 0x13fe, 0x00003adb, 0x00000200
    kworker/11:1-311     [011] .....  1212.699628: amdgpu_device_rreg: 0x13fe, 0x00003adb, 0x00000200
    kworker/11:1-311     [011] .....  1212.699629: amdgpu_device_wreg: 0x13fe, 0x00003adb, 0x00000200
    kworker/11:1-311     [011] .....  1212.699631: amdgpu_device_rreg: 0x13fe, 0x00003adb, 0x00000200
              dd-3510    [002] d.h..  1212.699631: amdgpu_device_rreg: 0x13fe, 0x0000504a, 0x0010d104
    kworker/11:1-311     [011] .....  1212.699632: amdgpu_device_wreg: 0x13fe, 0x00003adb, 0x00000200
              dd-3510    [002] d.h..  1212.699632: amdgpu_device_wreg: 0x13fe, 0x0000504a, 0x0011d104
    kworker/11:1-311     [011] .....  1212.699633: amdgpu_device_rreg: 0x13fe, 0x00003ada, 0x00000000
    kworker/11:1-311     [011] .....  1212.699634: amdgpu_device_wreg: 0x13fe, 0x00003ada, 0x00000000
    kworker/11:1-311     [011] .....  1212.699635: amdgpu_device_wreg: 0x13fe, 0x00003acb, 0x00000004
              dd-3510    [002] d.h3.  1212.699635: amdgpu_device_rreg: 0x13fe, 0x0000500c, 0x0000de39
    kworker/11:1-311     [011] .....  1212.699636: amdgpu_device_wreg: 0x13fe, 0x00003aca, 0x6e000000
              dd-3510    [002] d.h3.  1212.699636: amdgpu_device_rreg: 0x13fe, 0x00004ff6, 0x002004d0
    kworker/11:1-311     [011] .....  1212.699637: amdgpu_device_rreg: 0x13fe, 0x00003ab3, 0x000f0102
              dd-3510    [002] d.h3.  1212.699638: amdgpu_device_rreg: 0x13fe, 0x0000500a, 0x0174000a
    kworker/11:1-311     [011] .....  1212.699638: amdgpu_device_wreg: 0x13fe, 0x00003ab3, 0x000f0102
              dd-3510    [002] d.h3.  1212.699639: amdgpu_device_rreg: 0x13fe, 0x0000500b, 0x0000000a
    kworker/11:1-311     [011] .....  1212.699640: amdgpu_device_rreg: 0x13fe, 0x00004261, 0x0001f000
              dd-3510    [002] d.h3.  1212.699641: amdgpu_device_rreg: 0x13fe, 0x0000500c, 0x0000de39
    kworker/11:1-311     [011] .....  1212.699641: amdgpu_device_wreg: 0x13fe, 0x00004261, 0x0001f000
              dd-3510    [002] d.h3.  1212.699643: amdgpu_device_rreg: 0x13fe, 0x00004ff6, 0x002004d0
    kworker/11:1-311     [011] .....  1212.699643: amdgpu_device_wreg: 0x13fe, 0x00004267, 0x00000000
              dd-3510    [002] d.h3.  1212.699644: amdgpu_device_rreg: 0x13fe, 0x0000500a, 0x0518000a
    kworker/11:1-311     [011] .....  1212.699644: amdgpu_device_rreg: 0x13fe, 0x000042a0, 0x00000010
              dd-3510    [002] d.h3.  1212.699645: amdgpu_device_rreg: 0x13fe, 0x0000500b, 0x0000000a
    kworker/11:1-311     [011] .....  1212.699645: amdgpu_device_wreg: 0x13fe, 0x000042a0, 0x00000010
    kworker/11:1-311     [011] .....  1212.699647: amdgpu_device_wreg: 0x13fe, 0x00004223, 0x00000000
              dd-3510    [002] d.h3.  1212.699647: amdgpu_device_rreg: 0x13fe, 0x0000500c, 0x0000de39
              dd-3510    [002] d.h3.  1212.699648: amdgpu_device_rreg: 0x13fe, 0x00004ff6, 0x002004d0
    kworker/11:1-311     [011] .....  1212.699649: amdgpu_device_rreg: 0x13fe, 0x000041da, 0x00003100
              dd-3510    [002] d.h3.  1212.699650: amdgpu_device_rreg: 0x13fe, 0x0000500a, 0x0068000b
    kworker/11:1-311     [011] .....  1212.699650: amdgpu_device_wreg: 0x13fe, 0x000041da, 0x00003100
              dd-3510    [002] d.h3.  1212.699651: amdgpu_device_rreg: 0x13fe, 0x0000500b, 0x0000000b
    kworker/11:1-311     [011] .....  1212.699651: amdgpu_device_rreg: 0x13fe, 0x000041f7, 0x00000000
    kworker/11:1-311     [011] .....  1212.699652: amdgpu_device_wreg: 0x13fe, 0x000041f7, 0x00000000
              dd-3510    [002] d.h3.  1212.699652: amdgpu_device_rreg: 0x13fe, 0x0000500c, 0x0000de39
    kworker/11:1-311     [011] .....  1212.699653: amdgpu_device_wreg: 0x13fe, 0x0000473d, 0x00000004
    kworker/11:1-311     [011] .....  1212.699654: amdgpu_device_wreg: 0x13fe, 0x0000486e, 0x00000000
    kworker/11:1-311     [011] .....  1212.699656: amdgpu_device_rreg: 0x13fe, 0x00003d48, 0x00f11111
    kworker/11:1-311     [011] .....  1212.699657: amdgpu_device_wreg: 0x13fe, 0x00003d48, 0x00f11111
    kworker/11:1-311     [011] .....  1212.699658: amdgpu_device_rreg: 0x13fe, 0x00004d4c, 0x00000003
    kworker/11:1-311     [011] .....  1212.699659: amdgpu_device_wreg: 0x13fe, 0x00004d4c, 0x00000003
    kworker/11:1-311     [011] .....  1212.699661: amdgpu_device_rreg: 0x13fe, 0x000045c6, 0xf0000010
    kworker/11:1-311     [011] .....  1212.699662: amdgpu_device_wreg: 0x13fe, 0x000045c6, 0xf0000010
    kworker/11:1-311     [011] .....  1212.699663: amdgpu_device_rreg: 0x13fe, 0x00003d47, 0x000f0102
    kworker/11:1-311     [011] .....  1212.699664: amdgpu_device_wreg: 0x13fe, 0x00003d47, 0x000f0102
    kworker/11:1-311     [011] .....  1212.699665: amdgpu_device_wreg: 0x13fe, 0x00003d4a, 0x00000100
    kworker/11:1-311     [011] .....  1212.699667: amdgpu_device_rreg: 0x13fe, 0x00003d47, 0x000f0102
    kworker/11:1-311     [011] .....  1212.699668: amdgpu_device_wreg: 0x13fe, 0x00003d47, 0x000f0102
    kworker/11:1-311     [011] .....  1212.699669: amdgpu_device_rreg: 0x13fe, 0x00003dbe, 0x00e40000
    kworker/11:1-311     [011] .....  1212.699670: amdgpu_device_wreg: 0x13fe, 0x00003dbe, 0x00e40000
    kworker/11:1-311     [011] .....  1212.699671: amdgpu_device_wreg: 0x13fe, 0x00003d80, 0x00000056
    kworker/11:1-311     [011] .....  1212.699672: amdgpu_device_wreg: 0x13fe, 0x00003d45, 0x000d1b00
    kworker/11:1-311     [011] .....  1212.699673: amdgpu_device_wreg: 0x13fe, 0x00003d46, 0x00000000
    kworker/11:1-311     [011] .....  1212.699674: amdgpu_device_wreg: 0x13fe, 0x00003d9a, 0x00200024
    kworker/11:1-311     [011] .....  1212.699675: amdgpu_device_wreg: 0x13fe, 0x00003d9b, 0x00001340
    kworker/11:1-311     [011] .....  1212.699676: amdgpu_device_wreg: 0x13fe, 0x00003d9c, 0x0002a353
    kworker/11:1-311     [011] .....  1212.699677: amdgpu_device_wreg: 0x13fe, 0x00003d9d, 0x00000198
    kworker/11:1-311     [011] .....  1212.699678: amdgpu_device_wreg: 0x13fe, 0x00003db3, 0x000298ef
    kworker/11:1-311     [011] .....  1212.699678: amdgpu_device_wreg: 0x13fe, 0x00003da1, 0x000001fa
    kworker/11:1-311     [011] .....  1212.699679: amdgpu_device_wreg: 0x13fe, 0x00003dac, 0x00000020
    kworker/11:1-311     [011] .....  1212.699680: amdgpu_device_wreg: 0x13fe, 0x00003dad, 0x0000151a
    kworker/11:1-311     [011] .....  1212.699681: amdgpu_device_wreg: 0x13fe, 0x00003db1, 0x0000026f
    kworker/11:1-311     [011] .....  1212.699682: amdgpu_device_wreg: 0x13fe, 0x00003da2, 0x00000000
    kworker/11:1-311     [011] .....  1212.699683: amdgpu_device_wreg: 0x13fe, 0x00003dae, 0x00000020
    kworker/11:1-311     [011] .....  1212.699684: amdgpu_device_wreg: 0x13fe, 0x00003daf, 0x00000000
    kworker/11:1-311     [011] .....  1212.699685: amdgpu_device_wreg: 0x13fe, 0x00003d81, 0x0a8d0000
    kworker/11:1-311     [011] .....  1212.699686: amdgpu_device_wreg: 0x13fe, 0x00003d83, 0x08009bd8
    kworker/11:1-311     [011] .....  1212.699687: amdgpu_device_wreg: 0x13fe, 0x00003d85, 0x08000000
    kworker/11:1-311     [011] .....  1212.699688: amdgpu_device_wreg: 0x13fe, 0x00003d87, 0x0800531d
    kworker/11:1-311     [011] .....  1212.699688: amdgpu_device_wreg: 0x13fe, 0x00003d9e, 0x0b092492
    kworker/11:1-311     [011] .....  1212.699689: amdgpu_device_wreg: 0x13fe, 0x00003d9f, 0x00080000
    kworker/11:1-311     [011] .....  1212.699690: amdgpu_device_wreg: 0x13fe, 0x00003da0, 0x00000301
    kworker/11:1-311     [011] .....  1212.699691: amdgpu_device_wreg: 0x13fe, 0x00003da5, 0x00000000
    kworker/11:1-311     [011] .....  1212.699692: amdgpu_device_wreg: 0x13fe, 0x00003da3, 0x000001fa
    kworker/11:1-311     [011] .....  1212.699693: amdgpu_device_wreg: 0x13fe, 0x00003da4, 0x000001fa
    kworker/11:1-311     [011] .....  1212.699694: amdgpu_device_wreg: 0x13fe, 0x00003da7, 0x00000000
    kworker/11:1-311     [011] .....  1212.699695: amdgpu_device_wreg: 0x13fe, 0x00003db0, 0x0000014b
    kworker/11:1-311     [011] .....  1212.699696: amdgpu_device_wreg: 0x13fe, 0x00003d84, 0x00004db0
    kworker/11:1-311     [011] .....  1212.699697: amdgpu_device_wreg: 0x13fe, 0x00003d86, 0x00000000
    kworker/11:1-311     [011] .....  1212.699698: amdgpu_device_wreg: 0x13fe, 0x00003d88, 0x000052de
    kworker/11:1-311     [011] .....  1212.699699: amdgpu_device_wreg: 0x13fe, 0x00000000, 0x00000000
    kworker/11:1-311     [011] .....  1212.699700: amdgpu_device_wreg: 0x13fe, 0x00003d82, 0xe0003284
    kworker/11:1-311     [011] .....  1212.699701: amdgpu_device_wreg: 0x13fe, 0x000045d1, 0x00000001
    kworker/11:1-311     [011] .....  1212.699702: amdgpu_device_rreg: 0x13fe, 0x000045d1, 0x03100001
    kworker/11:1-311     [011] .....  1212.699703: amdgpu_device_wreg: 0x13fe, 0x000045d1, 0x03100001
    kworker/11:1-311     [011] .....  1212.699713: amdgpu_device_rreg: 0x13fe, 0x000045d1, 0x03100001
    kworker/11:1-311     [011] .....  1212.699714: amdgpu_device_wreg: 0x13fe, 0x000045d1, 0x03100001
    kworker/11:1-311     [011] .....  1212.699716: amdgpu_device_rreg: 0x13fe, 0x000045d1, 0x03100001
    kworker/11:1-311     [011] .....  1212.699717: amdgpu_device_wreg: 0x13fe, 0x000045d1, 0x03100001
    kworker/11:1-311     [011] .....  1212.699718: amdgpu_device_rreg: 0x13fe, 0x000045d1, 0x03100001
    kworker/11:1-311     [011] .....  1212.699719: amdgpu_device_wreg: 0x13fe, 0x000045d1, 0x03100001
    kworker/11:1-311     [011] .....  1212.699720: amdgpu_device_wreg: 0x13fe, 0x000045d0, 0x00000008
    kworker/11:1-311     [011] .....  1212.699721: amdgpu_device_rreg: 0x13fe, 0x000045d1, 0x03100001
    kworker/11:1-311     [011] .....  1212.699723: amdgpu_device_wreg: 0x13fe, 0x000045d1, 0x03100101
    kworker/11:1-311     [011] .....  1212.699724: amdgpu_device_wreg: 0x13fe, 0x0000461c, 0x00000000
    kworker/11:1-311     [011] .....  1212.699725: amdgpu_device_rreg: 0x13fe, 0x000046a3, 0x00000004
    kworker/11:1-311     [011] .....  1212.699726: amdgpu_device_wreg: 0x13fe, 0x000046a3, 0x00000004
    kworker/11:1-311     [011] .....  1212.699728: amdgpu_device_rreg: 0x13fe, 0x0000460c, 0x00000000
    kworker/11:1-311     [011] .....  1212.699729: amdgpu_device_wreg: 0x13fe, 0x0000460c, 0x00000000
    kworker/11:1-311     [011] .....  1212.699730: amdgpu_device_rreg: 0x13fe, 0x00004609, 0x00000000
    kworker/11:1-311     [011] .....  1212.699731: amdgpu_device_wreg: 0x13fe, 0x00004609, 0x00000000
    kworker/11:1-311     [011] .....  1212.699733: amdgpu_device_rreg: 0x13fe, 0x00004845, 0x0a040003
    kworker/11:1-311     [011] .....  1212.699734: amdgpu_device_wreg: 0x13fe, 0x00004845, 0x0a040000
    kworker/11:1-311     [011] .....  1212.699735: amdgpu_device_wreg: 0x13fe, 0x00004782, 0x0000000f
    kworker/11:1-311     [011] .....  1212.699736: amdgpu_device_wreg: 0x13fe, 0x00004783, 0x0000000f
    kworker/11:1-311     [011] .....  1212.699737: amdgpu_device_wreg: 0x13fe, 0x00004784, 0x0000000f
    kworker/11:1-311     [011] .....  1212.699738: amdgpu_device_wreg: 0x13fe, 0x00004787, 0x0000000f
    kworker/11:1-311     [011] .....  1212.699739: amdgpu_device_wreg: 0x13fe, 0x0000478b, 0x00000000
    kworker/11:1-311     [011] .....  1212.699740: amdgpu_device_wreg: 0x13fe, 0x0000478c, 0x00000000
    kworker/11:1-311     [011] .....  1212.699741: amdgpu_device_wreg: 0x13fe, 0x0000478d, 0x00000000
    kworker/11:1-311     [011] .....  1212.699742: amdgpu_device_wreg: 0x13fe, 0x00004783, 0x0000000f
    kworker/11:1-311     [011] .....  1212.699743: amdgpu_device_rreg: 0x13fe, 0x00004785, 0xffff0423
    kworker/11:1-311     [011] .....  1212.699744: amdgpu_device_wreg: 0x13fe, 0x00004785, 0xffff0422
    kworker/11:1-311     [011] .....  1212.699745: amdgpu_device_wreg: 0x13fe, 0x00004782, 0x00000003
    kworker/11:1-311     [011] .....  1212.699746: amdgpu_device_wreg: 0x13fe, 0x00004784, 0x00000000
    kworker/11:1-311     [011] .....  1212.699747: amdgpu_device_wreg: 0x13fe, 0x00004787, 0x00000000
    kworker/11:1-311     [011] .....  1212.699748: amdgpu_device_wreg: 0x13fe, 0x00004732, 0x00000003
    kworker/11:1-311     [011] .....  1212.699750: amdgpu_device_rreg: 0x13fe, 0x00004734, 0xffff0422
    kworker/11:1-311     [011] .....  1212.699750: amdgpu_device_wreg: 0x13fe, 0x00004734, 0xffff0423
    kworker/11:1-311     [011] .....  1212.699752: amdgpu_device_rreg: 0x13fe, 0x00004785, 0xffff0422
    kworker/11:1-311     [011] .....  1212.699753: amdgpu_device_wreg: 0x13fe, 0x00004785, 0xffff0422
    kworker/11:1-311     [011] .....  1212.699754: amdgpu_device_wreg: 0x13fe, 0x00004788, 0x0001f000
    kworker/11:1-311     [011] .....  1212.699755: amdgpu_device_wreg: 0x13fe, 0x00004789, 0x0001f000
    kworker/11:1-311     [011] .....  1212.699756: amdgpu_device_wreg: 0x13fe, 0x0000478a, 0x0001f000
    kworker/11:1-311     [011] .....  1212.699757: amdgpu_device_wreg: 0x13fe, 0x00003d3e, 0x04b003c0
    kworker/11:1-311     [011] .....  1212.699758: amdgpu_device_wreg: 0x13fe, 0x00003d3d, 0x000003c0
    kworker/11:1-311     [011] .....  1212.699759: amdgpu_device_wreg: 0x13fe, 0x00003d42, 0x04b003c0
    kworker/11:1-311     [011] .....  1212.699760: amdgpu_device_wreg: 0x13fe, 0x00003d41, 0x000003c0
    kworker/11:1-311     [011] .....  1212.699760: amdgpu_device_wreg: 0x13fe, 0x00003d40, 0x04b003c0
    kworker/11:1-311     [011] .....  1212.699761: amdgpu_device_wreg: 0x13fe, 0x00003d3f, 0x000003c0
    kworker/11:1-311     [011] .....  1212.699762: amdgpu_device_wreg: 0x13fe, 0x00003d44, 0x04b003c0
    kworker/11:1-311     [011] .....  1212.699763: amdgpu_device_wreg: 0x13fe, 0x00003d43, 0x000003c0
    kworker/11:1-311     [011] .....  1212.699764: amdgpu_device_wreg: 0x13fe, 0x00004629, 0x00000000
    kworker/11:1-311     [011] .....  1212.699765: amdgpu_device_wreg: 0x13fe, 0x0000478e, 0x00000004
    kworker/11:1-311     [011] .....  1212.699766: amdgpu_device_wreg: 0x13fe, 0x00000000, 0x00000001
    kworker/11:1-311     [011] .....  1212.699767: amdgpu_device_rreg: 0x13fe, 0x00000000, 0x00000000
    kworker/11:1-311     [011] .....  1212.699768: amdgpu_device_wreg: 0x13fe, 0x00004a78, 0x00002000
    kworker/11:1-311     [011] .....  1212.699769: amdgpu_device_wreg: 0x13fe, 0x00004a79, 0x00000000
    kworker/11:1-311     [011] .....  1212.699770: amdgpu_device_wreg: 0x13fe, 0x00004a7a, 0x20000000
    kworker/11:1-311     [011] .....  1212.699771: amdgpu_device_wreg: 0x13fe, 0x00004a7b, 0x00000000
    kworker/11:1-311     [011] .....  1212.699772: amdgpu_device_wreg: 0x13fe, 0x00004a7c, 0x00000000
    kworker/11:1-311     [011] .....  1212.699772: amdgpu_device_wreg: 0x13fe, 0x00004a7d, 0x00002000
    kworker/11:1-311     [011] .....  1212.699773: amdgpu_device_wreg: 0x13fe, 0x00004a77, 0x00000001
    kworker/11:1-311     [011] .....  1212.699775: amdgpu_device_rreg: 0x13fe, 0x00003d6e, 0x00000000
    kworker/11:1-311     [011] .....  1212.699776: amdgpu_device_wreg: 0x13fe, 0x00003d6e, 0x00000000
    kworker/11:1-311     [011] .....  1212.699777: amdgpu_device_rreg: 0x13fe, 0x00003d3a, 0x0000123c
    kworker/11:1-311     [011] .....  1212.699778: amdgpu_device_wreg: 0x13fe, 0x00003d3a, 0x0000123c
    kworker/11:1-311     [011] .....  1212.699780: amdgpu_device_rreg: 0x13fe, 0x00003d3b, 0x00000080
    kworker/11:1-311     [011] .....  1212.699781: amdgpu_device_wreg: 0x13fe, 0x00003d3b, 0x00000080
    kworker/11:1-311     [011] .....  1212.699782: amdgpu_device_rreg: 0x13fe, 0x00003d5b, 0x0000077f
    kworker/11:1-311     [011] .....  1212.699783: amdgpu_device_wreg: 0x13fe, 0x00003d5b, 0x0000077f
    kworker/11:1-311     [011] .....  1212.699785: amdgpu_device_rreg: 0x13fe, 0x00003dbe, 0x00e40000
    kworker/11:1-311     [011] .....  1212.699786: amdgpu_device_wreg: 0x13fe, 0x00003dbe, 0x00e40000
    kworker/11:1-311     [011] .....  1212.699787: amdgpu_device_rreg: 0x13fe, 0x00003d39, 0x00000008
    kworker/11:1-311     [011] .....  1212.699788: amdgpu_device_wreg: 0x13fe, 0x00003d39, 0x00000008
    kworker/11:1-311     [011] .....  1212.699789: amdgpu_device_rreg: 0x13fe, 0x00003d6f, 0x00000200
    kworker/11:1-311     [011] .....  1212.699791: amdgpu_device_wreg: 0x13fe, 0x00003d6f, 0x00000200
    kworker/11:1-311     [011] .....  1212.699792: amdgpu_device_rreg: 0x13fe, 0x00003d6f, 0x00000200
    kworker/11:1-311     [011] .....  1212.699793: amdgpu_device_wreg: 0x13fe, 0x00003d6f, 0x00000200
    kworker/11:1-311     [011] .....  1212.699795: amdgpu_device_rreg: 0x13fe, 0x00003d6f, 0x00000200
    kworker/11:1-311     [011] .....  1212.699796: amdgpu_device_wreg: 0x13fe, 0x00003d6f, 0x00000200
    kworker/11:1-311     [011] .....  1212.699797: amdgpu_device_rreg: 0x13fe, 0x00003d6e, 0x00000000
    kworker/11:1-311     [011] .....  1212.699798: amdgpu_device_wreg: 0x13fe, 0x00003d6e, 0x00000000
    kworker/11:1-311     [011] .....  1212.699799: amdgpu_device_wreg: 0x13fe, 0x00003d5f, 0x00000004
    kworker/11:1-311     [011] .....  1212.699800: amdgpu_device_wreg: 0x13fe, 0x00003d5e, 0x6e000000
    kworker/11:1-311     [011] .....  1212.699801: amdgpu_device_rreg: 0x13fe, 0x00003d47, 0x000f0102
    kworker/11:1-311     [011] .....  1212.699802: amdgpu_device_wreg: 0x13fe, 0x00003d47, 0x000f0102
    kworker/11:1-311     [011] .....  1212.699804: amdgpu_device_rreg: 0x13fe, 0x000046a2, 0x0001f000
    kworker/11:1-311     [011] .....  1212.699805: amdgpu_device_wreg: 0x13fe, 0x000046a2, 0x0001f000
    kworker/11:1-311     [011] .....  1212.699806: amdgpu_device_wreg: 0x13fe, 0x000046a8, 0x00000000
    kworker/11:1-311     [011] .....  1212.699808: amdgpu_device_rreg: 0x13fe, 0x000046e1, 0x00000010
    kworker/11:1-311     [011] .....  1212.699809: amdgpu_device_wreg: 0x13fe, 0x000046e1, 0x00000010
    kworker/11:1-311     [011] .....  1212.699810: amdgpu_device_wreg: 0x13fe, 0x00004664, 0x00000000
    kworker/11:1-311     [011] .....  1212.699812: amdgpu_device_rreg: 0x13fe, 0x0000461b, 0x00003100
    kworker/11:1-311     [011] .....  1212.699812: amdgpu_device_wreg: 0x13fe, 0x0000461b, 0x00003100
    kworker/11:1-311     [011] .....  1212.699814: amdgpu_device_rreg: 0x13fe, 0x00004638, 0x00000000
    kworker/11:1-311     [011] .....  1212.699815: amdgpu_device_wreg: 0x13fe, 0x00004638, 0x00000000
    kworker/11:1-311     [011] .....  1212.699816: amdgpu_device_wreg: 0x13fe, 0x0000478e, 0x00000004
    kworker/11:1-311     [011] .....  1212.699817: amdgpu_device_wreg: 0x13fe, 0x00004931, 0x00000000
    kworker/11:1-311     [011] .....  1212.699821: amdgpu_device_rreg: 0x13fe, 0x00005001, 0x80011311
    kworker/11:1-311     [011] .....  1212.699822: amdgpu_device_wreg: 0x13fe, 0x0000504b, 0x00000000
    kworker/11:1-311     [011] .....  1212.699824: amdgpu_device_wreg: 0x13fe, 0x00004ffa, 0x00000001
    kworker/11:1-311     [011] d..1.  1212.699841: amdgpu_device_rreg: 0x13fe, 0x00003adb, 0x00000100
    kworker/11:1-311     [011] d..1.  1212.699842: amdgpu_device_rreg: 0x13fe, 0x00003ae5, 0x6e000000
    kworker/11:1-311     [011] d..1.  1212.699843: amdgpu_device_rreg: 0x13fe, 0x00003ae6, 0x00000004
          <idle>-0       [002] d.h1.  1212.716313: amdgpu_device_rreg: 0x13fe, 0x0000504a, 0x0010d104
          <idle>-0       [002] d.h1.  1212.716315: amdgpu_device_wreg: 0x13fe, 0x0000504a, 0x0011d104
          <idle>-0       [002] d.h4.  1212.716317: amdgpu_device_rreg: 0x13fe, 0x0000500c, 0x0000de3a
          <idle>-0       [002] d.h4.  1212.716318: amdgpu_device_rreg: 0x13fe, 0x00004ff6, 0x002004d0
          <idle>-0       [002] d.h4.  1212.716320: amdgpu_device_rreg: 0x13fe, 0x0000500a, 0x0246000a
          <idle>-0       [002] d.h4.  1212.716321: amdgpu_device_rreg: 0x13fe, 0x0000500b, 0x0000000a
          <idle>-0       [002] d.h4.  1212.716323: amdgpu_device_rreg: 0x13fe, 0x0000500c, 0x0000de3a
          <idle>-0       [002] d.h4.  1212.716324: amdgpu_device_rreg: 0x13fe, 0x00004ff6, 0x002004d0
          <idle>-0       [002] d.h4.  1212.716325: amdgpu_device_rreg: 0x13fe, 0x0000500a, 0x05c1000a
          <idle>-0       [002] d.h4.  1212.716327: amdgpu_device_rreg: 0x13fe, 0x0000500b, 0x0000000a
          <idle>-0       [002] d.h4.  1212.716329: amdgpu_device_rreg: 0x13fe, 0x0000500c, 0x0000de3a
          <idle>-0       [002] d.h4.  1212.716330: amdgpu_device_rreg: 0x13fe, 0x00004ff6, 0x002004d0
          <idle>-0       [002] d.h4.  1212.716331: amdgpu_device_rreg: 0x13fe, 0x0000500a, 0x010f000b
          <idle>-0       [002] d.h4.  1212.716332: amdgpu_device_rreg: 0x13fe, 0x0000500b, 0x0000000b
          <idle>-0       [002] d.h4.  1212.716334: amdgpu_device_rreg: 0x13fe, 0x0000500c, 0x0000de3a
          <idle>-0       [002] d.h3.  1212.716337: amdgpu_device_rreg: 0x13fe, 0x00003adb, 0x00000000
          <idle>-0       [002] d.h3.  1212.716338: amdgpu_device_rreg: 0x13fe, 0x00003ae5, 0x6e000000
          <idle>-0       [002] d.h3.  1212.716339: amdgpu_device_rreg: 0x13fe, 0x00003ae6, 0x00000004
          <idle>-0       [002] d.h3.  1212.716341: amdgpu_device_rreg: 0x13fe, 0x00003d6f, 0x00000000
          <idle>-0       [002] d.h3.  1212.716342: amdgpu_device_rreg: 0x13fe, 0x00003d79, 0x6e000000
          <idle>-0       [002] d.h3.  1212.716344: amdgpu_device_rreg: 0x13fe, 0x00003d7a, 0x00000004
          <idle>-0       [002] d.h1.  1212.732994: amdgpu_device_rreg: 0x13fe, 0x0000504a, 0x0010d104
          <idle>-0       [002] d.h1.  1212.732996: amdgpu_device_wreg: 0x13fe, 0x0000504a, 0x0011d104
          <idle>-0       [002] d.h4.  1212.732998: amdgpu_device_rreg: 0x13fe, 0x0000500c, 0x0000de3b
          <idle>-0       [002] d.h4.  1212.732999: amdgpu_device_rreg: 0x13fe, 0x00004ff6, 0x002004d0
          <idle>-0       [002] d.h4.  1212.733000: amdgpu_device_rreg: 0x13fe, 0x0000500a, 0x0266000a
          <idle>-0       [002] d.h4.  1212.733002: amdgpu_device_rreg: 0x13fe, 0x0000500b, 0x0000000a
          <idle>-0       [002] d.h4.  1212.733003: amdgpu_device_rreg: 0x13fe, 0x0000500c, 0x0000de3b
          <idle>-0       [002] d.h4.  1212.733005: amdgpu_device_rreg: 0x13fe, 0x00004ff6, 0x002004d0
          <idle>-0       [002] d.h4.  1212.733006: amdgpu_device_rreg: 0x13fe, 0x0000500a, 0x05c9000a
          <idle>-0       [002] d.h4.  1212.733007: amdgpu_device_rreg: 0x13fe, 0x0000500b, 0x0000000a
          <idle>-0       [002] d.h4.  1212.733009: amdgpu_device_rreg: 0x13fe, 0x0000500c, 0x0000de3b
          <idle>-0       [002] d.h4.  1212.733010: amdgpu_device_rreg: 0x13fe, 0x00004ff6, 0x002004d0
          <idle>-0       [002] d.h4.  1212.733012: amdgpu_device_rreg: 0x13fe, 0x0000500a, 0x0107000b
          <idle>-0       [002] d.h4.  1212.733013: amdgpu_device_rreg: 0x13fe, 0x0000500b, 0x0000000b
          <idle>-0       [002] d.h4.  1212.733014: amdgpu_device_rreg: 0x13fe, 0x0000500c, 0x0000de3b
entries: 0
overrun: 0
commit overrun: 0
bytes: 0
oldest event ts:   450.795751
now ts:  1212.746728
dropped events: 0
read events: 373
entries: 0
overrun: 0
commit overrun: 0
bytes: 0
oldest event ts:   498.843825
now ts:  1212.746778
dropped events: 0
read events: 351
entries: 0
overrun: 0
commit overrun: 0
bytes: 0
oldest event ts:   498.666966
now ts:  1212.746820
dropped events: 0
read events: 1390
entries: 0
overrun: 0
commit overrun: 0
bytes: 0
oldest event ts:  1212.699791
now ts:  1212.746861
dropped events: 0
read events: 368
entries: 0
overrun: 0
commit overrun: 0
bytes: 0
oldest event ts:  1212.533715
now ts:  1212.746902
dropped events: 0
read events: 1924
entries: 0
overrun: 0
commit overrun: 0
bytes: 0
oldest event ts:   451.628101
now ts:  1212.746943
dropped events: 0
read events: 351
entries: 0
overrun: 0
commit overrun: 0
bytes: 0
oldest event ts:   499.051838
now ts:  1212.746983
dropped events: 0
read events: 351
entries: 0
overrun: 0
commit overrun: 0
bytes: 0
oldest event ts:   451.211723
now ts:  1212.747022
dropped events: 0
read events: 1070
entries: 0
overrun: 0
commit overrun: 0
bytes: 0
oldest event ts:   750.317013
now ts:  1212.747062
dropped events: 0
read events: 359
entries: 0
overrun: 0
commit overrun: 0
bytes: 0
oldest event ts:  1212.283787
now ts:  1212.747101
dropped events: 0
read events: 713
entries: 0
overrun: 0
commit overrun: 0
bytes: 0
oldest event ts:  1211.729747
now ts:  1212.747140
dropped events: 0
read events: 1826
entries: 0
overrun: 0
commit overrun: 0
bytes: 0
oldest event ts:  1212.491716
now ts:  1212.747180
dropped events: 0
read events: 6198
  amdgpu_job_timedout_enter                                  1               0
  amdgpu_job_timedout_return                                 1               0
  amdgpu_ring_soft_recovery_enter                            0               0
  amdgpu_ring_soft_recovery_return                           0               0
  sdma_v5_0_reset_queue_enter                                1               0
  sdma_v5_0_reset_queue_return                               1               0
  amdgpu_sdma_reset_engine_enter                             1               0
  amdgpu_sdma_reset_engine_return                            1               0
  sdma_v5_0_stop_queue_enter                                 1               0
  sdma_v5_0_stop_queue_return                                1               0
  sdma_v5_0_soft_reset_engine_enter                          1               0
  sdma_v5_0_soft_reset_engine_return                         1               0
  sdma_v5_0_restore_queue_enter                              1               0
  sdma_v5_0_restore_queue_return                             1               0
  amdgpu_ring_reset_helper_end_enter                         1               0
  amdgpu_ring_reset_helper_end_return                        1               0
  amdgpu_device_gpu_recover_enter                            0               0
  amdgpu_device_gpu_recover_return                           0               0
  soc15_asic_reset_enter                                     0               0
  soc15_asic_reset_return                                    0               0
trace_run_complete_mode=control
after_fences
--- ring 0 (gfx_0.0.0) ---
Last signaled fence          0x00000001
Last emitted                 0x00000001
Last signaled trailing fence 0x00000000
Last emitted                 0x00000000
Last preempted               0x00000000
Last reset                   0x00000000
Last both                    0x00000000
--- ring 1 (comp_1.0.0) ---
Last signaled fence          0x00000001
Last emitted                 0x00000001
--- ring 2 (comp_1.1.0) ---
Last signaled fence          0x00000003
Last emitted                 0x00000003
--- ring 3 (comp_1.2.0) ---
Last signaled fence          0x00000001
Last emitted                 0x00000001
--- ring 4 (comp_1.3.0) ---
Last signaled fence          0x00000001
Last emitted                 0x00000001
--- ring 5 (comp_1.0.1) ---
Last signaled fence          0x00000001
Last emitted                 0x00000001
--- ring 6 (comp_1.1.1) ---
Last signaled fence          0x00000001
Last emitted                 0x00000001
--- ring 7 (comp_1.2.1) ---
Last signaled fence          0x00000001
Last emitted                 0x00000001
--- ring 8 (comp_1.3.1) ---
Last signaled fence          0x00000001
Last emitted                 0x00000001
--- ring 9 (kiq_0.2.1.0) ---
Last signaled fence          0x00000003
Last emitted                 0x00000003
--- ring 10 (sdma0) ---
Last signaled fence          0x00000017
Last emitted                 0x00000017
Last signaled trailing fence 0x00000000
Last emitted                 0x00000000
--- ring 11 (sdma1) ---
Last signaled fence          0x00000047
Last emitted                 0x00000047
Last signaled trailing fence 0x00000000
Last emitted                 0x00000000
restored_mask=3
physical_sdma1_control_complete
