firmware=cyan_skillfish2_me.bin bytes=263424 sha256=D4ED4D968DE0D7720F7C8215D42FDAE727BF99CDF43CEE6F8F864DC2584B17E2
firmware=cyan_skillfish2_mec2.bin bytes=268592 sha256=B1C1F843A8FAAA2DE537D6BA05052A3776B5A1B73F8A3C3F5ED9D568489776A4
firmware=cyan_skillfish2_sdma1.bin bytes=33792 sha256=BD1C0B0F6A6A4F17EDE034F2C844B6553FC444E08915C7BB500C09FDE59D6255
firmware=cyan_skillfish2_pfp.bin bytes=263424 sha256=50E56DC1913571FF589425D2B059BDDFC5E8A2B4BC22D3EB78CAC75D1E0479A1
firmware=cyan_skillfish2_ce.bin bytes=263296 sha256=5946EFBF7E46CCFE7E9F965DA56C35B1187469D1C1A49C8A9EFF433EB3AB4723
firmware=cyan_skillfish2_mec.bin bytes=268592 sha256=B1C1F843A8FAAA2DE537D6BA05052A3776B5A1B73F8A3C3F5ED9D568489776A4
firmware=cyan_skillfish2_sdma.bin bytes=33792 sha256=15D0D3626DA7F2513F03B13BB7E02EEEECCAB276276AE27D0B6067B5F25E9E95
firmware=cyan_skillfish2_rlc.bin bytes=25344 sha256=20ACEFDB6128A36275F4382425A109A7C9927F6053EAB685BB51164FF1D18CFB
driver_version=0.7.116.1
installed_sha256=BA276AA2AD486FB616A867CE4700AB98533411219DB4954310F2B0289A4C6926
boot_before=2026-09-24T07:07:39
smu GetGfxFrequency  msg=0x37 param=0 (0x0) ... response=0x01 value=1000 (0x000003E8)
smu GetGfxVid        msg=0x38 param=0 (0x0) ... response=0x01 value=116 (0x00000074)
clock verified: 1000 MHz, VID 116 (request 820 mV)
07:15:45 Tctl 66.2 C (raw 735B0FEF)

UnconfirmedStarts = 0


EnableMmio           : 1
EnableMmioWrite      : 0
EnableVram           : 1
EnableVramWrite      : 1
EnableGart           : 1
EnablePsp            : 1
EnableGfx            : 1
EnableIh             : 1
EnableFullWddm       : 1
EnableGpuVa          : 1
EnableGpuSubmit      : 1
EnablePresentBlit    : 0
EnableDcnWrite       : 0
EnablePagingNode     : 1
EnableVidPnFlip      : 0
EnableRlcReloadReset : 0
UnconfirmedStarts    : 0
KeepLog              : 1



disable_begin=2026-09-24T07:15:45
Microsoft PnP Utility

Disabling device:          [redacted PCI identity]
Device disabled successfully.

enable_begin=2026-09-24T07:15:49
Microsoft PnP Utility

Enabling device:          [redacted PCI identity]
Device enabled successfully.



Status  : OK
Problem : CM_PROB_NONE





EnableFullWddm    : 0
LastStage         : 50
StageHistory      : 10 20 30 31 32 33 34 35 39 50 
UnconfirmedStarts : 1



# adapter    BC-250 GPU (bc250kmd, display-only, lab build)
D3DKMTOpenAdapterFromDeviceName -> 0x00000000 STATUS_SUCCESS
# adapter    handle 0x40000000 luid 00000000-00213827
D3DKMTEscape(D3DKMT_ESCAPE_DRIVERPRIVATE, BC250_ESCAPE_GET_INFO) -> 0x00000000 STATUS_SUCCESS
version      0x00070074 (milestone 7 revision 116)
last stage   50 first CommitVidPn
mode         1920x1200 pitch 7680 format 22 (FULL WDDM TABLE)
presents     0
counters     blits 0, flips 4 (the full table's own present counters; both stay 0 in display-only mode)
gates        mmio open, mmio writes off, vram open, vram writes on, gart open, psp open, gfx open, ih open
log          888 lines since this driver load, 0 lost to the wrap, 0 dropped above DISPATCH_LEVEL; ring 1024 lines of which the first 256 are kept; table FULL WDDM (the gate was open at DriverEntry)
     0      0.001 stage 10
     1      0.001 gate: EnableFullWddm 1 (one shot: closed again on disk)
     2      0.001 stage 20
     3      0.070 stage 30
     4      0.072 stage 31
     5      0.072 stage 32
     6      0.072 post display 1920x1200 pitch 7680 format 22 target 2424833
     7      0.074 stage 33
     8      0.074 stage 34
     9      0.074 interrupt resource 1: message, vector 0x70, flags 0x3
    10      0.074 mmio: BAR5 at 0xFE800000 mapped, writes off, dcn writes off, vidpn flip off
    11      0.074 vram: 0x270000000 + 0x200000000, MC 0xF400000000, BAR0 0xC0000000 + 0x10000000, writes allowed
    12      0.074 fb sample mapped: phys 0xC0000000 first 0x00000000 mid 0x00000000
    13      0.074 fb sample physical: 0x270000000 first 0x00000000 mid 0x00000000
    14      0.074 gart: ready, dummy page at 0x26FFFA000
    15      0.074 psp: ready
    16      0.074 gpumem: ready, doorbells at 0xD0000000
    17      0.074 gfx: ready, GPU submission allowed, paging node allowed
    18      0.074 ih: ready
    19      0.076 vidmm: logical paging state 515 tables, 1031 slots, 4767344 bytes reserved
    20      0.076 vidmm: table segment 3 at physical 0x45E150000 + 0xFEB0000, host memory below 0x270000000, updates are WRITTEN
    21      0.076 startup: entering interrupt connection
    22      0.078 startup: entering firmware preparation
    23      0.082 gfx: CP_ME_CNTL 0x15000000, CP_MEC_CNTL 0x50000000, SDMA0/1_F32_CNTL 0x1 0x1
    24      0.082 gfx: unpublished translation bootstrap entered with engines halted
    25      0.082 gfx: RLC before-gart-initialization CNTL 0x00000000 read 0x00000000 STATUS2 0x00000008 read 0x00000000
    26      0.082 startup: entering GART initialization
    27      0.096 gart: startup startup-after-gfxhub-enable sample 0x00000000 fault 0x00000000
    28      0.096 gfx: RLC startup-after-gfxhub-enable CNTL 0x00000000 read 0x00000000 STATUS2 0x00000008 read 0x00000000
    29      0.096 gart: startup startup-after-mmhub-enable sample 0x00000000 fault 0x00000000
    30      0.096 gfx: RLC startup-after-mmhub-enable CNTL 0x00000000 read 0x00000000 STATUS2 0x00000008 read 0x00000000
    31      0.096 gart: startup startup-after-fault-defaults sample 0x00000000 fault 0x00000000
    32      0.096 gfx: RLC startup-after-fault-defaults CNTL 0x00000000 read 0x00000000 STATUS2 0x00000008 read 0x00000000
    33      0.096 gart: startup bootstrap-after-mmhub-flush sample 0x00000000 fault 0x00000000
    34      0.096 gfx: RLC bootstrap-after-mmhub-flush CNTL 0x00000000 read 0x00000000 STATUS2 0x00000008 read 0x00000000
    35      0.096 gart: op 1 -> 0x00000000 (-), result 0, 284 writes, fault offset 0x00000
    36      0.096 gfx: RLC before-psp CNTL 0x00000000 read 0x00000000 STATUS2 0x00000008 read 0x00000000
    37      0.096 startup: entering PSP initialization
    38      0.144 gfx: RLC before-psp-ring-create CNTL 0x00000000 read 0x00000000 STATUS2 0x00000008 read 0x00000000
    39      0.166 gfx: RLC after-psp-ring-create CNTL 0x00000000 read 0x00000000 STATUS2 0x00000008 read 0x00000000
    40      0.166 amdgpu[0]: reserve 0x400000 from 0xf5ff800000 for PSP TMR

    41      0.166 psp: command 1 (id 5, type 0, 4194304 bytes): rc 0, status 0x0, 254 us, in TMR at 0x0
    42      0.166 gfx: RLC after-psp-command CNTL 0x00000000 read 0x00000000 STATUS2 0x00000008 read 0x00000000
    43      0.168 psp: command 2 (id 6, type 9, 33536 bytes): rc 0, status 0x0, 1883 us, in TMR at 0x0
    44      0.168 gfx: RLC after-psp-command CNTL 0x00000000 read 0x00000000 STATUS2 0x00000008 read 0x00000000
    45      0.170 psp: command 3 (id 6, type 10, 33536 bytes): rc 0, status 0x0, 1906 us, in TMR at 0x0
    46      0.170 gfx: RLC after-psp-command CNTL 0x00000000 read 0x00000000 STATUS2 0x00000008 read 0x00000000
    47      0.176 psp: command 4 (id 6, type 3, 263040 bytes): rc 0, status 0x0, 5931 us, in TMR at 0xF5FF842000
    48      0.176 gfx: RLC after-psp-command CNTL 0x00000000 read 0x00000000 STATUS2 0x00000008 read 0x00000000
    49      0.182 psp: command 5 (id 6, type 2, 263168 bytes): rc 0, status 0x0, 5917 us, in TMR at 0xF5FF883000
    50      0.182 gfx: RLC after-psp-command CNTL 0x00000000 read 0x00000000 STATUS2 0x00000008 read 0x00000000
    51      0.186 psp: command 6 (id 6, type 1, 263168 bytes): rc 0, status 0x0, 5908 us, in TMR at 0xF5FF8C4000
    52      0.186 gfx: RLC after-psp-command CNTL 0x00000000 read 0x00000000 STATUS2 0x00000008 read 0x00000000
    53      0.192 psp: command 7 (id 6, type 4, 267440 bytes): rc 0, status 0x0, 6005 us, in TMR at 0xF5FF800000
    54      0.192 gfx: RLC after-psp-command CNTL 0x00000000 read 0x00000000 STATUS2 0x00000008 read 0x00000000
    55      0.194 psp: command 8 (id 6, type 5, 896 bytes): rc 0, status 0x0, 130 us, in TMR at 0x0
    56      0.194 gfx: RLC after-psp-command CNTL 0x00000000 read 0x00000000 STATUS2 0x00000008 read 0x00000000
    57      0.200 psp: command 9 (id 6, type 4, 267440 bytes): rc 0, status 0x0, 5954 us, in TMR at 0xF5FF800000
    58      0.200 gfx: RLC after-psp-command CNTL 0x00000000 read 0x00000000 STATUS2 0x00000008 read 0x00000000
    59      0.200 psp: command 10 (id 6, type 6, 896 bytes): rc 0, status 0x0, 129 us, in TMR at 0x0
    60      0.200 gfx: RLC after-psp-command CNTL 0x00000000 read 0x00000000 STATUS2 0x00000008 read 0x00000000
    61      0.200 psp: command 11 (id 6, type 8, 25088 bytes): rc 0, status 0x0, 1737 us, in TMR at 0x0
    62      0.200 gfx: RLC after-psp-command CNTL 0x00000001 read 0x00000000 STATUS2 0x01004008 read 0x00000000
    63      0.200 psp: op 1 -> 0x00000000, result 0, 15 writes, 11 of 11 commands
    64      0.200 gfx: RLC after-psp CNTL 0x00000001 read 0x00000000 STATUS2 0x01000008 read 0x00000000
    65      0.200 startup: entering IH initialization
    66      0.202 ih: init: rc 0, 18 writes
    67      0.202 ih: op 1 -> 0x00000000, result 0, 19 writes; 0 interrupt routine calls, 0 ours, 0 DPCs, 0 vectors; status idle 1 input_idle 1 bif_interrupt_line 0
    68      0.202 startup: entering GFX initialization
    69      0.204 startup: entering GFX stage 1
    70      0.208 gfx: stage 1 (doorbell aperture): rc 0, 49 writes so far, 1 us
    71      0.208 gfx: op 1 to stage 1 -> 0x00000000, result 0, 49 writes, 0 doorbells
    72      0.208 startup: entering GFX stage 2
    73      0.210 gfx: stage 2 (golden registers): rc 0, 34 writes so far, 26 us
    74      0.210 gfx: op 1 to stage 2 -> 0x00000000, result 0, 34 writes, 0 doorbells
    75      0.210 startup: entering GFX stage 3
    76      0.212 gfx: stage 3 (GRBM CAM probe): rc 0, 3 writes so far, 3 us
    77      0.212 gfx: op 1 to stage 3 -> 0x00000000, result 0, 3 writes, 0 doorbells
    78      0.214 startup: entering GFX stage 4
    79      0.216 gfx: stage 4 (constants): rc 0, 157 writes so far, 60 us
    80      0.216 gfx: op 1 to stage 4 -> 0x00000000, result 0, 157 writes, 0 doorbells
    81      0.216 startup: entering GFX stage 5
    82      0.218 gpumem: GFXHUB after-invalidate-request sample 0x00F80001 fault 0x00000000
    83      0.218 gfx: RLC after-invalidate-request CNTL 0x00000001 read 0x00000000 STATUS2 0x00000008 read 0x00000000
    84      0.218 gpumem: GFXHUB after-invalidate-request-read sample 0x00F80001 fault 0x00000000
    85      0.218 gfx: RLC after-invalidate-request-read CNTL 0x00000001 read 0x00000000 STATUS2 0x00000008 read 0x00000000
    86      0.218 gpumem: GFXHUB after-invalidate-ack sample 0x00000001 fault 0x00000000
    87      0.218 gfx: RLC after-invalidate-ack CNTL 0x00000001 read 0x00000000 STATUS2 0x00000008 read 0x00000000
    88      0.218 gpumem: startup GFX translations committed after RLC, before CP
    89      0.218 gfx: RLC after-bootstrap-translation-commit CNTL 0x00000001 read 0x00000000 STATUS2 0x00000008 read 0x00000000
    90      0.218 gfx: stage 5 (RLC): rc 0, 11 writes so far, 169 us
    91      0.218 gfx: op 1 to stage 5 -> 0x00000000, result 0, 11 writes, 0 doorbells
    92      0.220 startup: entering GFX stage 6
    93      0.220 startup: entering CP step 1
    94      0.222 startup: CP1 checkpoint acquire-paging-lock
    95      0.222 startup: CP1 checkpoint acquire-gart-lock
    96      0.224 startup: CP1 checkpoint locks-acquired
    97      0.226 amdgpu[0]: CP resume kiq-init begin

    98      0.226 startup: CP1 checkpoint scheduler
    99      0.226 startup: CP1 checkpoint scheduler-read
   100      0.228 startup: CP1 checkpoint scheduler-write
   101      0.230 startup: CP1 checkpoint scheduler-done
   102      0.230 startup: CP1 checkpoint clear-mqd
   103      0.232 startup: CP1 checkpoint select-queue
   104      0.234 startup: CP1 checkpoint build-mqd
   105      0.234 startup: CP1 checkpoint disable-wptr-poll
   106      0.236 startup: CP1 checkpoint read-active
   107      0.238 startup: CP1 checkpoint program-hqd
   108      0.238 startup: CP1 checkpoint activate-hqd
   109      0.240 startup: CP1 checkpoint restore-selection
   110      0.242 startup: CP1 checkpoint complete
   111      0.242 amdgpu[0]: CP resume kiq-init end result=0

   112      0.242 gfx: CP step 1: rc 0, 27 writes, 17304 us
   113      0.242 gfx: op 1 to stage 6 -> 0x00000000, result 0, 27 writes, 0 doorbells
   114      0.242 startup: CP step 1 returned 0x00000000 result 0
   115      0.244 startup: entering CP step 2
   116      0.246 amdgpu[0]: CP resume compute-unhalt begin

   117      0.246 amdgpu[0]: CP resume compute-unhalt end

   118      0.246 amdgpu[0]: CP resume kcq-init ring=0 begin

   119      0.246 amdgpu[0]: CP resume kcq-init ring=0 end result=0

   120      0.246 amdgpu[0]: CP resume kcq-init ring=1 begin

   121      0.246 amdgpu[0]: CP resume kcq-init ring=1 end result=0

   122      0.246 amdgpu[0]: CP resume kcq-init ring=2 begin

   123      0.246 amdgpu[0]: CP resume kcq-init ring=2 end result=0

   124      0.246 amdgpu[0]: CP resume kcq-init ring=3 begin

   125      0.246 amdgpu[0]: CP resume kcq-init ring=3 end result=0

   126      0.246 amdgpu[0]: CP resume kcq-init ring=4 begin

   127      0.246 amdgpu[0]: CP resume kcq-init ring=4 end result=0

   128      0.246 amdgpu[0]: CP resume kcq-init ring=5 begin

   129      0.246 amdgpu[0]: CP resume kcq-init ring=5 end result=0

   130      0.246 amdgpu[0]: CP resume kcq-init ring=6 begin

   131      0.246 amdgpu[0]: CP resume kcq-init ring=6 end result=0

   132      0.246 amdgpu[0]: CP resume kcq-init ring=7 begin

   133      0.246 amdgpu[0]: CP resume kcq-init ring=7 end result=0

   134      0.246 gfx: CP step 2: rc 0, 17 writes, 234 us
   135      0.246 gfx: op 1 to stage 6 -> 0x00000000, result 0, 17 writes, 0 doorbells
   136      0.246 startup: CP step 2 returned 0x00000000 result 0
   137      0.248 startup: entering CP step 3
   138      0.250 amdgpu[0]: CP resume kcq-enable begin

   139      0.250 amdgpu[0]: CP resume kcq-enable end result=0

   140      0.250 gfx: CP step 3: rc 0, 1 writes, 50 us
   141      0.250 gfx: op 1 to stage 6 -> 0x00000000, result 0, 1 writes, 2 doorbells
   142      0.250 startup: CP step 3 returned 0x00000000 result 0
   143      0.250 startup: entering CP step 4
   144      0.252 amdgpu[0]: CP resume kgq-init ring=0 begin

   145      0.252 amdgpu[0]: CP resume kgq-init ring=0 end result=0

   146      0.252 gfx: CP step 4: rc 0, 4 writes, 28 us
   147      0.252 gfx: op 1 to stage 6 -> 0x00000000, result 0, 4 writes, 0 doorbells
   148      0.252 startup: CP step 4 returned 0x00000000 result 0
   149      0.254 startup: entering CP step 5
   150      0.254 amdgpu[0]: CP resume kgq-enable begin

   151      0.254 amdgpu[0]: CP resume kgq-enable end result=0

   152      0.254 gfx: CP step 5: rc 0, 1 writes, 21 us
   153      0.254 gfx: op 1 to stage 6 -> 0x00000000, result 0, 1 writes, 2 doorbells
   154      0.254 startup: CP step 5 returned 0x00000000 result 0
   155      0.256 startup: entering CP step 6
   156      0.258 amdgpu[0]: CP resume gfx-start begin

   157      0.258 amdgpu[0]: CP resume gfx-start end result=0

   158      0.258 gfx: CP step 6: rc 0, 3 writes, 26 us
   159      0.258 gfx: op 1 to stage 6 -> 0x00000000, result 0, 3 writes, 1 doorbells
   160      0.258 startup: CP step 6 returned 0x00000000 result 0
   161      0.258 startup: entering CP step 7
   162      0.260 amdgpu[0]: CP resume gfx-test ring=0 begin

   163      0.260 amdgpu[0]: CP resume gfx-test ring=0 end result=0

   164      0.260 gfx: CP step 7: rc 0, 1 writes, 14 us
   165      0.260 gfx: op 1 to stage 6 -> 0x00000000, result 0, 1 writes, 1 doorbells
   166      0.260 startup: CP step 7 returned 0x00000000 result 0
   167      0.262 startup: entering CP step 8
   168      0.264 amdgpu[0]: CP resume compute-test ring=0 begin

   169      0.264 amdgpu[0]: CP resume compute-test ring=0 end result=0

   170      0.264 amdgpu[0]: CP resume compute-test ring=1 begin

   171      0.264 amdgpu[0]: CP resume compute-test ring=1 end result=0

   172      0.264 amdgpu[0]: CP resume compute-test ring=2 begin

   173      0.264 amdgpu[0]: CP resume compute-test ring=2 end result=0

   174      0.264 amdgpu[0]: CP resume compute-test ring=3 begin

   175      0.264 amdgpu[0]: CP resume compute-test ring=3 end result=0

   176      0.264 amdgpu[0]: CP resume compute-test ring=4 begin

   177      0.264 amdgpu[0]: CP resume compute-test ring=4 end result=0

   178      0.264 amdgpu[0]: CP resume compute-test ring=5 begin

   179      0.264 amdgpu[0]: CP resume compute-test ring=5 end result=0

   180      0.264 amdgpu[0]: CP resume compute-test ring=6 begin

   181      0.264 amdgpu[0]: CP resume compute-test ring=6 end result=0

   182      0.264 amdgpu[0]: CP resume compute-test ring=7 begin

   183      0.264 amdgpu[0]: CP resume compute-test ring=7 end result=0

   184      0.264 gfx: CP step 8: rc 0, 8 writes, 69 us
   185      0.264 gfx: op 1 to stage 6 -> 0x00000000, result 0, 8 writes, 8 doorbells
   186      0.264 startup: CP step 8 returned 0x00000000 result 0
   187      0.266 startup: entering GFX stage 7
   188      0.268 gfx: stage 7 (SDMA): rc 0, 93 writes so far, 108 us
   189      0.268 gfx: op 1 to stage 7 -> 0x00000000, result 0, 93 writes, 2 doorbells
   190      0.270 startup: entering GFX stage 8
   191      0.272 gfx: stage 8 (interrupt sources): rc 0, 35 writes so far, 24 us
   192      0.272 gfx: paging node ready, SDMA0 doorbell 0x200, per-buffer private commands
   193      0.272 gfx: op 1 to stage 8 -> 0x00000000, result 0, 35 writes, 0 doorbells
   194      0.274 startup: both engines ready
   195      0.276 startup: attempted 0xF completed 0xF status 0x00000000 ready 1 unwind 0 quarantine 0
   196      0.276 wddm: GPU initialized before adapter admission
   197      0.276 wddm: callbacks sync 1 notify 1 queuedpc 1 notifydpc 1, interface 312 of 312 bytes
   198      0.276 stage 35
   199      0.276 stage 39
   200      0.276 wddm: display QueryChildRelations call 1 detail 0x38 -> 0x00000000
   201      0.276 wddm: DRIVERCAPS into 576 bytes: wddm 8192 sched 0x45 mm 0x60 flip 0x12 slots 0 tdr 1 dflip 1 rot 1
   202      0.276 wddm: QueryAdapterInfo type 1 in 0 out 576 -> 0x00000000
   203      0.276 wddm: QueryAdapterInfo type 15 in 4 out 20 -> 0xC00000BB
   204      0.276 wddm: QueryAdapterInfo type 47 in 0 out 4 -> 0xC00000BB
   205      0.276 wddm: QueryAdapterInfo type 13 in 4 out 24 -> 0x00000000
   206      0.276 wddm: QueryAdapterInfo type 14 in 4 out 20 -> 0x00000000
   207      0.276 wddm: QueryAdapterInfo type 14 in 4 out 20 -> 0x00000000
   208      0.276 wddm: QueryAdapterInfo type 14 in 4 out 20 -> 0x00000000
   209      0.276 wddm: QueryAdapterInfo type 14 in 4 out 20 -> 0x00000000
   210      0.276 wddm: GetNodeMetadata node 0 adapter 0
   211      0.276 wddm: GetNodeMetadata node 1 adapter 0
   212      0.278 wddm: QUERYSEGMENT4 pass 1: 3 segment(s)
   213      0.278 wddm: QUERYSEGMENT4 pass 2: 3 segment(s), stride 104, paging buffer segment 0, 65536 bytes
   214      0.278 wddm: segment 1 flags 0x00080404 gpu 0xF4008D0000 cpu 0x2708D0000 size 0x1ED880000
   215      0.278 wddm: QueryAdapterInfo type 16 in 0 out 4 -> 0xC00000BB
   216      0.278 wddm: CreateProcess flags 0x00000001 pasids 1
   217      0.278 wddm: CreateDevice flags 0x00000001 pasid 0
   218      0.278 wddm: CreateDevice flags 0x00000001 pasid 0
   219      0.280 wddm: capture reservation ready 22020392 bytes
   220      0.280 wddm: CreateContext node 1 engine 0x1 flags 0x00000005 private 0
   221      0.280 wddm: CreateContext answered dma 4096 bytes segment set 0x2, lists 256/0, caps 0x00000001
   222      0.280 wddm: BuildPagingBuffer operation 11 segment 0, 65536 bytes free, pass offset 0
   223      0.280 vidmm: table physical cache query pa 0x45E153000 status 0xC0000141 type 6; retained map requests NC; borrowed VA attributes unproven
   224      0.280 vidmm: CPU update level 0 mode 0 start 0 count 512 status 0x00000000
   225      0.280 wddm: BuildPagingBuffer operation 11 segment 0, 65536 bytes free, pass offset 0
   226      0.280 vidmm: table physical cache query pa 0x45E154000 status 0xC0000141 type 6; retained map requests NC; borrowed VA attributes unproven
   227      0.280 vidmm: CPU update level 0 mode 0 start 0 count 512 status 0x00000000
   228      0.280 wddm: BuildPagingBuffer operation 11 segment 0, 65536 bytes free, pass offset 0
   229      0.280 vidmm: table physical cache query pa 0x45E155000 status 0xC0000141 type 6; retained map requests NC; borrowed VA attributes unproven
   230      0.280 vidmm: CPU update level 0 mode 0 start 0 count 512 status 0x00000000
   231      0.280 wddm: BuildPagingBuffer operation 11 segment 0, 65536 bytes free, pass offset 0
   232      0.280 vidmm: table physical cache query pa 0x45E156000 status 0xC0000141 type 6; retained map requests NC; borrowed VA attributes unproven
   233      0.280 vidmm: CPU update level 0 mode 0 start 0 count 512 status 0x00000000
   234      0.280 vidmm: table physical cache query pa 0x45E157000 status 0xC0000141 type 6; retained map requests NC; borrowed VA attributes unproven
   235      0.280 vidmm: CPU update level 0 mode 0 start 0 count 512 status 0x00000000
   236      0.280 vidmm: table physical cache query pa 0x45E158000 status 0xC0000141 type 6; retained map requests NC; borrowed VA attributes unproven
   237      0.280 vidmm: CPU update level 0 mode 0 start 0 count 512 status 0x00000000
   238      0.280 vidmm: table physical cache query pa 0x45E159000 status 0xC0000141 type 6; retained map requests NC; borrowed VA attributes unproven
   239      0.280 vidmm: CPU update level 0 mode 0 start 0 count 512 status 0x00000000
   240      0.280 vidmm: table physical cache query pa 0x45E15A000 status 0xC0000141 type 6; retained map requests NC; borrowed VA attributes unproven
   241      0.280 vidmm: CPU update level 0 mode 0 start 0 count 512 status 0x00000000
   242      0.312 wddm: SetRootPageTable segment 3 offset 0x0, 512 entries
   243      0.312 vidmm: root page table 3:0x0 = physical 0x45E150000, 512 entries (the VMID is pointed at it by the first packet)
   244      0.312 wddm: display QueryDeviceDescriptor call 1 detail 0x250001 -> 0xC01D0001
   245      0.312 wddm: display QueryDeviceDescriptor call 2 detail 0x250001 -> 0xC01D0001
   246      0.312 wddm: display RecommendMonitorModes call 1 detail 0x0 -> 0x00000000
   247      0.314 wddm: display IsSupportedVidPn call 1 detail 0x0 -> 0x00000000
   248      0.314 wddm: display IsSupportedVidPn call 2 detail 0x0 -> 0x00000000
   249      0.314 wddm: display IsSupportedVidPn call 3 detail 0x0 -> 0x00000000
   250      0.314 wddm: display EnumVidPnCofuncModality call 1 detail 0x0 -> 0x00000000
   251      0.314 wddm: display IsSupportedVidPn call 4 detail 0x0 -> 0x00000000
   252      0.314 wddm: display EnumVidPnCofuncModality call 2 detail 0x0 -> 0x00000000
   253      0.314 wddm: display IsSupportedVidPn call 5 detail 0x0 -> 0x00000000
   254      0.314 wddm: display EnumVidPnCofuncModality call 3 detail 0x0 -> 0x00000000
   255      0.314 wddm: display IsSupportedVidPn call 6 detail 0x0 -> 0x00000000
   256      0.314 wddm: display EnumVidPnCofuncModality call 4 detail 0x0 -> 0x00000000
   257      0.314 wddm: display EnumVidPnCofuncModality call 5 detail 0x0 -> 0x00000000
   258      0.316 wddm: CreateProcess flags 0x00000002 pasids 1
   259      0.316 wddm: CreateDevice flags 0x00000002 pasid 0
   260      0.316 wddm: CreateContext node 0 engine 0x1 flags 0x00000006 private 0
   261      0.316 wddm: CreateContext answered dma 4096 bytes segment set 0x2, lists 256/0, caps 0x00000001
   262      0.316 wddm: SubmitCommandVirtual fence 1 node 1 flags 0x00000001 va 0x0 size 4024
   263      0.316 gfx: paging submit, 1006 dwords from private buffer at 0x0, seq 1
   264      0.316 wddm: SubmitCommandVirtual fence 2 node 1 flags 0x00000001 va 0x0 size 4072
   265      0.316 gfx: paging submit, 1018 dwords from private buffer at 0x0, seq 2
   266      0.316 wddm: SubmitCommandVirtual fence 3 node 1 flags 0x00000001 va 0x0 size 4016
   267      0.316 gfx: paging submit, 1004 dwords from private buffer at 0x0, seq 3
   268      0.316 wddm: SubmitCommandVirtual fence 4 node 1 flags 0x00000001 va 0x0 size 4016
   269      0.316 gfx: paging submit, 1004 dwords from private buffer at 0x0, seq 4
   270      0.316 wddm: BuildPagingBuffer operation 12 segment 0, 64720 bytes free, pass offset 0
   271      0.316 wddm: SubmitCommandVirtual fence 5 node 1 flags 0x00000001 va 0x0 size 876
   272      0.316 gfx: paging submit, 219 dwords from private buffer at 0x0, seq 5
   273      0.316 wddm: BuildPagingBuffer operation 12 segment 0, 64596 bytes free, pass offset 0
   274      0.316 wddm: SubmitCommandVirtual fence 6 node 1 flags 0x00000001 va 0x36C size 124
   275      0.316 gfx: paging submit, 31 dwords from private buffer at 0x36C, seq 6
   276      0.316 wddm: display EnumVidPnCofuncModality call 6 detail 0x0 -> 0x00000000
   277      0.316 wddm: GetStandardAllocationDriverData type 1 1920x1200 format 21 -> 9216000 bytes
   278      0.316 wddm: GetStandardAllocationDriverData type 1 1920x1200 format 21 -> 9216000 bytes
   279      0.316 wddm: CreateAllocation 1 allocations, flags 1 resource yes
   280      0.316 wddm: OpenAllocation [0] handle 0x40001AC0 private 32 bytes -> FFFF8389A15AA070 (GetHandleData said 0000000000000000)
   281      0.316 wddm: OpenAllocation 1 allocations flags 0x00000001
   282      0.316 wddm: SubmitCommandVirtual fence 7 node 1 flags 0x00000001 va 0x3E8 size 3072
   283      0.316 gfx: paging submit, 768 dwords from private buffer at 0x3E8, seq 7
   284      0.316 wddm: SubmitCommandVirtual fence 8 node 1 flags 0x00000001 va 0x0 size 4016
   285      0.316 gfx: paging submit, 1004 dwords from private buffer at 0x0, seq 8
   286      0.316 gfx: paging submit, 1004 dwords from private buffer at 0x0, seq 9
   287      0.316 gfx: paging submit, 1004 dwords from private buffer at 0x0, seq 10
   288      0.316 wddm: BuildPagingBuffer operation 12 segment 0, 62152 bytes free, pass offset 0
   289      0.316 wddm: BuildPagingBuffer operation 9 segment 0, 62092 bytes free, pass offset 0
   290      0.316 amdgpu[2]: ring alloc of 16 dwords exceeds max_dw 12

   291      0.316 wddm: BuildPagingBuffer operation 9 segment 0, 65536 bytes free, pass offset 29
   292      0.316 gfx: paging submit, 1006 dwords from private buffer at 0x0, seq 11
   293      0.316 amdgpu[2]: ring alloc of 16 dwords exceeds max_dw 13

   294      0.316 wddm: BuildPagingBuffer operation 9 segment 0, 65536 bytes free, pass offset 230
   295      0.316 gfx: paging submit, 1005 dwords from private buffer at 0x0, seq 12
   296      0.316 amdgpu[2]: ring alloc of 16 dwords exceeds max_dw 13

   297      0.318 gfx: paging submit, 1005 dwords from private buffer at 0x0, seq 13
   298      0.318 wddm: BuildPagingBuffer operation 9 segment 0, 65536 bytes free, pass offset 431
   299      0.318 amdgpu[2]: ring alloc of 16 dwords exceeds max_dw 13

   300      0.318 gfx: paging submit, 1005 dwords from private buffer at 0x0, seq 14
   301      0.318 amdgpu[2]: ring alloc of 16 dwords exceeds max_dw 13

   302      0.318 gfx: paging submit, 1005 dwords from private buffer at 0x0, seq 15
   303      0.318 amdgpu[2]: ring alloc of 16 dwords exceeds max_dw 13

   304      0.318 gfx: paging submit, 1005 dwords from private buffer at 0x0, seq 16
   305      0.318 amdgpu[2]: ring alloc of 16 dwords exceeds max_dw 13

   306      0.318 gfx: paging submit, 1005 dwords from private buffer at 0x0, seq 17
   307      0.318 amdgpu[2]: ring alloc of 16 dwords exceeds max_dw 13

   308      0.318 gfx: paging submit, 1005 dwords from private buffer at 0x0, seq 18
   309      0.318 amdgpu[2]: ring alloc of 16 dwords exceeds max_dw 13

   310      0.318 gfx: paging submit, 1005 dwords from private buffer at 0x0, seq 19
   311      0.320 amdgpu[2]: ring alloc of 16 dwords exceeds max_dw 13

   312      0.320 gfx: paging submit, 1005 dwords from private buffer at 0x0, seq 20
   313      0.320 amdgpu[2]: ring alloc of 16 dwords exceeds max_dw 13

   314      0.320 gfx: paging submit, 1005 dwords from private buffer at 0x0, seq 21
   315      0.320 amdgpu[2]: ring alloc of 16 dwords exceeds max_dw 13

   316      0.320 gfx: paging submit, 1005 dwords from private buffer at 0x0, seq 22
   317      0.320 gfx: paging submit, 50 dwords from private buffer at 0x0, seq 23
   318      0.320 gfx: paging submit, 960 dwords from private buffer at 0xC8, seq 24
   319      0.320 gfx: paging submit, 974 dwords from private buffer at 0x0, seq 25
   320      0.320 gfx: paging submit, 1006 dwords from private buffer at 0x0, seq 26
   321      0.320 gfx: paging submit, 1004 dwords from private buffer at 0x0, seq 27
   322      0.320 gfx: paging submit, 1004 dwords from private buffer at 0x0, seq 28
   323      0.320 wddm: BuildPagingBuffer operation 12 segment 0, 62984 bytes free, pass offset 0
   324      0.320 gfx: paging submit, 653 dwords from private buffer at 0x0, seq 29
   325      0.320 gfx: paging submit, 56 dwords from private buffer at 0x0, seq 30
   326      0.320 gfx: paging submit, 960 dwords from private buffer at 0xE0, seq 31
   327      0.320 gfx: paging submit, 92 dwords from private buffer at 0x0, seq 32
   328      0.320 gfx: paging submit, 912 dwords from private buffer at 0x170, seq 33
   329      0.320 gfx: paging submit, 140 dwords from private buffer at 0x0, seq 34
   330      0.320 gfx: paging submit, 864 dwords from private buffer at 0x230, seq 35
   331      0.320 gfx: paging submit, 188 dwords from private buffer at 0x0, seq 36
   332      0.320 gfx: paging submit, 822 dwords from private buffer at 0x2F0, seq 37
   333      0.322 gfx: paging submit, 281 dwords from private buffer at 0x0, seq 38
   334      0.322 wddm: DescribeAllocation 1920x1200 format 21
   335      0.322 wddm: GetStandardAllocationDriverData type 2 1920x1200 format 21 -> 9216000 bytes
   336      0.322 wddm: GetStandardAllocationDriverData type 2 1920x1200 format 21 -> 9216000 bytes
   337      0.322 wddm: CreateAllocation 1 allocations, flags 1 resource yes
   338      0.322 wddm: OpenAllocation [0] handle 0x40001B40 private 32 bytes -> FFFF8389A15AA800 (GetHandleData said 0000000000000000)
   339      0.322 wddm: OpenAllocation 1 allocations flags 0x00000001
   340      0.322 gfx: paging submit, 736 dwords from private buffer at 0x464, seq 39
   341      0.322 gfx: paging submit, 1004 dwords from private buffer at 0x0, seq 40
   342      0.322 gfx: paging submit, 1004 dwords from private buffer at 0x0, seq 41
   343      0.322 gfx: paging submit, 1004 dwords from private buffer at 0x0, seq 42
   344      0.322 amdgpu[2]: ring alloc of 16 dwords exceeds max_dw 15

   345      0.322 gfx: paging submit, 1003 dwords from private buffer at 0x0, seq 43
   346      0.322 amdgpu[2]: ring alloc of 16 dwords exceeds max_dw 13

   347      0.322 gfx: paging submit, 1005 dwords from private buffer at 0x0, seq 44
   348      0.322 amdgpu[2]: ring alloc of 16 dwords exceeds max_dw 13

   349      0.322 gfx: paging submit, 1005 dwords from private buffer at 0x0, seq 45
   350      0.322 amdgpu[2]: ring alloc of 16 dwords exceeds max_dw 13

   351      0.322 gfx: paging submit, 1005 dwords from private buffer at 0x0, seq 46
   352      0.322 amdgpu[2]: ring alloc of 16 dwords exceeds max_dw 13

   353      0.322 gfx: paging submit, 1005 dwords from private buffer at 0x0, seq 47
   354      0.322 amdgpu[2]: ring alloc of 16 dwords exceeds max_dw 13

   355      0.322 gfx: paging submit, 1005 dwords from private buffer at 0x0, seq 48
   356      0.322 amdgpu[2]: ring alloc of 16 dwords exceeds max_dw 13

   357      0.324 gfx: paging submit, 1005 dwords from private buffer at 0x0, seq 49
   358      0.324 amdgpu[2]: ring alloc of 16 dwords exceeds max_dw 13

   359      0.324 gfx: paging submit, 1005 dwords from private buffer at 0x0, seq 50
   360      0.324 amdgpu[2]: ring alloc of 16 dwords exceeds max_dw 13

   361      0.324 gfx: paging submit, 1005 dwords from private buffer at 0x0, seq 51
   362      0.324 amdgpu[2]: ring alloc of 16 dwords exceeds max_dw 13

   363      0.324 gfx: paging submit, 1005 dwords from private buffer at 0x0, seq 52
   364      0.324 amdgpu[2]: ring alloc of 16 dwords exceeds max_dw 13

   365      0.324 gfx: paging submit, 1005 dwords from private buffer at 0x0, seq 53
   366      0.324 amdgpu[2]: ring alloc of 16 dwords exceeds max_dw 13

   367      0.324 gfx: paging submit, 1005 dwords from private buffer at 0x0, seq 54
   368      0.324 gfx: paging submit, 85 dwords from private buffer at 0x0, seq 55
   369      0.326 gfx: paging submit, 918 dwords from private buffer at 0x154, seq 56
   370      0.326 gfx: paging submit, 1004 dwords from private buffer at 0x0, seq 57
   371      0.326 gfx: paging submit, 1004 dwords from private buffer at 0x0, seq 58
   372      0.326 gfx: paging submit, 1004 dwords from private buffer at 0x0, seq 59
   373      0.326 gfx: paging submit, 1004 dwords from private buffer at 0x0, seq 60
   374      0.326 gfx: paging submit, 319 dwords from private buffer at 0x0, seq 61
   375      0.326 gfx: paging submit, 688 dwords from private buffer at 0x4FC, seq 62
   376      0.326 gfx: paging submit, 364 dwords from private buffer at 0x0, seq 63
   377      0.326 gfx: paging submit, 640 dwords from private buffer at 0x5B0, seq 64
   378      0.326 gfx: paging submit, 412 dwords from private buffer at 0x0, seq 65
   379      0.326 gfx: paging submit, 592 dwords from private buffer at 0x670, seq 66
   380      0.326 gfx: paging submit, 460 dwords from private buffer at 0x0, seq 67
   381      0.326 gfx: paging submit, 546 dwords from private buffer at 0x730, seq 68
   382      0.326 gfx: paging submit, 557 dwords from private buffer at 0x0, seq 69
   383      0.326 stage 50
   384      0.326 wddm: display CommitVidPn call 1 detail 0x0 -> 0x00000000
   385      0.326 wddm: DescribeAllocation 1920x1200 format 21
   386      0.326 wddm: SetVidPnSourceAddress segment 1 address 0xF4008D0000 flags 0x00000001 (firmware framebuffer 0xC0000000)
   387      0.326 wddm: software vsync on, 16 ms period, target 2424833
   388      0.326 wddm: display SetVidPnSourceVisibility call 1 detail 0x0 -> 0x00000000
   389      0.326 wddm: DescribeAllocation 1920x1200 format 21
   390      0.552 wddm: ControlInterrupt type 3 on -> 0x00000000
   391      0.567 wddm: ControlInterrupt type 3 off -> 0x00000000
   392      0.567 wddm: ControlInterrupt type 3 on -> 0x00000000
   393      0.582 wddm: ControlInterrupt type 3 off -> 0x00000000
   394      0.582 wddm: ControlInterrupt type 3 on -> 0x00000000
   395      0.599 wddm: ControlInterrupt type 3 off -> 0x00000000
   396      0.599 wddm: ControlInterrupt type 3 on -> 0x00000000
   397      0.615 wddm: ControlInterrupt type 3 off -> 0x00000000
   398      3.519 wddm: Present flags 0x00000001 source 0 dest 0, 1 sub-rectangles, 4096 DMA bytes free
   399      3.519 wddm: Present list FFFF940D31C3DBB0 (context list 256), private FFFF838998C11010/2184, driver data 0
   400      3.519 wddm: Present list q0-3  0000000000000000 0000000000000000 0000000000000000 0000000000000000
   401      3.519 wddm: Present list q4-7  FFFF8389A15AA800 00000000008DC000 0000000000000000 0000000000000000
   402      3.519 wddm: Present list q8-11 FFFF8389A15AA070 0000000000012000 0000000000000000 0000000000000000
   403      3.519 wddm: Present dst (0,0)-(1920,1200) src (0,0)-(1920,1200) va 0x11000
   404      3.519 wddm: SetRootPageTable segment 3 offset 0xFEAF000, 512 entries
   405      3.519 vidmm: root page table 3:0xFEAF000 = physical 0x46DFFF000, 512 entries (the VMID is pointed at it by the first packet)
   406      3.519 wddm: SubmitCommandVirtual fence 1 node 0 flags 0x00000002 va 0x11000 size 0
   407      3.519 wddm: malformed virtual present rejected
   408      3.545 wddm: Present flags 0x00000001 source 0 dest 0, 3 sub-rectangles, 4096 DMA bytes free
   409      3.545 wddm: Present list FFFF940D31C3DBB0 (context list 256), private FFFF83899AC57050/2184, driver data 0
   410      3.545 wddm: Present list q0-3  0000000000000000 0000000000000000 0000000000000000 0000000000000000
   411      3.545 wddm: Present list q4-7  FFFF8389A15AA800 00000000008DC000 0000000000000000 0000000000000000
   412      3.545 wddm: Present list q8-11 FFFF8389A15AA070 0000000000012000 0000000000000000 0000000000000000
   413      3.545 wddm: Present dst (0,0)-(1920,1200) src (0,0)-(1920,1200) va 0x10000
   414      3.547 wddm: CreateDevice flags 0x00000002 pasid 0
   415      3.547 wddm: CreateContext node 0 engine 0x1 flags 0x00000006 private 0
   416      3.547 wddm: CreateContext answered dma 4096 bytes segment set 0x2, lists 256/0, caps 0x00000001
   417      3.547 gfx: paging submit, 31 dwords from private buffer at 0x8B4, seq 70
   418      3.547 gfx: paging submit, 31 dwords from private buffer at 0x930, seq 71
   419      3.549 wddm: software vsync off after 201 ticks
   420      3.549 wddm: display SetVidPnSourceVisibility call 2 detail 0x0 -> 0x00000000
   421      3.549 wddm: GetStandardAllocationDriverData type 1 1920x1200 format 21 -> 9216000 bytes
   422      3.549 wddm: GetStandardAllocationDriverData type 1 1920x1200 format 21 -> 9216000 bytes
   423      3.549 wddm: CreateAllocation 1 allocations, flags 1 resource yes
   424      3.549 wddm: OpenAllocation [0] handle 0x40001C40 private 32 bytes -> FFFF8389A15A4B30 (GetHandleData said 0000000000000000)
   425      3.549 wddm: OpenAllocation 1 allocations flags 0x00000001
   426      3.549 gfx: paging submit, 384 dwords from private buffer at 0x9AC, seq 72
   427      3.549 gfx: paging submit, 1004 dwords from private buffer at 0x0, seq 73
   428      3.549 gfx: paging submit, 1004 dwords from private buffer at 0x0, seq 74
   429      3.549 gfx: paging submit, 1004 dwords from private buffer at 0x0, seq 75
   430      3.549 gfx: paging submit, 1004 dwords from private buffer at 0x0, seq 76
   431      3.549 amdgpu[2]: ring alloc of 16 dwords exceeds max_dw 13

   432      3.549 gfx: paging submit, 1005 dwords from private buffer at 0x0, seq 77
   433      3.549 amdgpu[2]: ring alloc of 16 dwords exceeds max_dw 13

   434      3.549 gfx: paging submit, 1005 dwords from private buffer at 0x0, seq 78
   435      3.549 amdgpu[2]: ring alloc of 16 dwords exceeds max_dw 13

   436      3.551 gfx: paging submit, 1005 dwords from private buffer at 0x0, seq 79
   437      3.551 amdgpu[2]: ring alloc of 16 dwords exceeds max_dw 13

   438      3.551 gfx: paging submit, 1005 dwords from private buffer at 0x0, seq 80
   439      3.551 amdgpu[2]: ring alloc of 16 dwords exceeds max_dw 13

   440      3.551 gfx: paging submit, 1005 dwords from private buffer at 0x0, seq 81
   441      3.551 amdgpu[2]: ring alloc of 16 dwords exceeds max_dw 13

   442      3.551 gfx: paging submit, 1005 dwords from private buffer at 0x0, seq 82
   443      3.551 amdgpu[2]: ring alloc of 16 dwords exceeds max_dw 13

   444      3.551 gfx: paging submit, 1005 dwords from private buffer at 0x0, seq 83
   445      3.551 amdgpu[2]: ring alloc of 16 dwords exceeds max_dw 13

   446      3.551 gfx: paging submit, 1005 dwords from private buffer at 0x0, seq 84
   447      3.551 amdgpu[2]: ring alloc of 16 dwords exceeds max_dw 13

   448      3.551 gfx: paging submit, 1005 dwords from private buffer at 0x0, seq 85
   449      3.553 amdgpu[2]: ring alloc of 16 dwords exceeds max_dw 13

   450      3.553 gfx: paging submit, 1005 dwords from private buffer at 0x0, seq 86
   451      3.553 amdgpu[2]: ring alloc of 16 dwords exceeds max_dw 13

   452      3.553 gfx: paging submit, 1005 dwords from private buffer at 0x0, seq 87
   453      3.553 gfx: paging submit, 450 dwords from private buffer at 0x0, seq 88
   454      3.553 gfx: paging submit, 558 dwords from private buffer at 0x708, seq 89
   455      3.553 gfx: paging submit, 1004 dwords from private buffer at 0x0, seq 90
   456      3.553 gfx: paging submit, 1004 dwords from private buffer at 0x0, seq 91
   457      3.553 gfx: paging submit, 1004 dwords from private buffer at 0x0, seq 92
   458      3.553 gfx: paging submit, 1004 dwords from private buffer at 0x0, seq 93
   459      3.553 gfx: paging submit, 271 dwords from private buffer at 0x0, seq 94
   460      3.553 gfx: paging submit, 736 dwords from private buffer at 0x43C, seq 95
   461      3.553 gfx: paging submit, 316 dwords from private buffer at 0x0, seq 96
   462      3.553 gfx: paging submit, 688 dwords from private buffer at 0x4F0, seq 97
   463      3.553 gfx: paging submit, 364 dwords from private buffer at 0x0, seq 98
   464      3.553 gfx: paging submit, 640 dwords from private buffer at 0x5B0, seq 99
   465      3.553 gfx: paging submit, 412 dwords from private buffer at 0x0, seq 100
   466      3.553 gfx: paging submit, 592 dwords from private buffer at 0x670, seq 101
   467      3.553 gfx: paging submit, 460 dwords from private buffer at 0x0, seq 102
   468      3.553 gfx: paging submit, 544 dwords from private buffer at 0x730, seq 103
   469      3.553 gfx: paging submit, 561 dwords from private buffer at 0x0, seq 104
   470      3.553 wddm: DescribeAllocation 1920x1200 format 21
   471      3.553 wddm: GetStandardAllocationDriverData type 2 1920x1200 format 21 -> 9216000 bytes
   472      3.553 wddm: GetStandardAllocationDriverData type 2 1920x1200 format 21 -> 9216000 bytes
   473      3.553 wddm: CreateAllocation 1 allocations, flags 1 resource yes
   474      3.553 wddm: OpenAllocation [0] handle 0x40001CC0 private 32 bytes -> FFFF8389A15A6340 (GetHandleData said 0000000000000000)
   475      3.553 wddm: OpenAllocation 1 allocations flags 0x00000001
   476      3.555 gfx: paging submit, 448 dwords from private buffer at 0x8C4, seq 105
   477      3.555 gfx: paging submit, 1004 dwords from private buffer at 0x0, seq 106
   478      3.555 gfx: paging submit, 1004 dwords from private buffer at 0x0, seq 107
   479      3.555 gfx: paging submit, 1004 dwords from private buffer at 0x0, seq 108
   480      3.555 gfx: paging submit, 1004 dwords from private buffer at 0x0, seq 109
   481      3.555 amdgpu[2]: ring alloc of 16 dwords exceeds max_dw 12

   482      3.555 gfx: paging submit, 1006 dwords from private buffer at 0x0, seq 110
   483      3.555 amdgpu[2]: ring alloc of 16 dwords exceeds max_dw 13

   484      3.555 gfx: paging submit, 1005 dwords from private buffer at 0x0, seq 111
   485      3.555 amdgpu[2]: ring alloc of 16 dwords exceeds max_dw 13

   486      3.555 gfx: paging submit, 1005 dwords from private buffer at 0x0, seq 112
   487      3.555 amdgpu[2]: ring alloc of 16 dwords exceeds max_dw 13

   488      3.555 gfx: paging submit, 1005 dwords from private buffer at 0x0, seq 113
   489      3.555 amdgpu[2]: ring alloc of 16 dwords exceeds max_dw 13

   490      3.555 gfx: paging submit, 1005 dwords from private buffer at 0x0, seq 114
   491      3.555 amdgpu[2]: ring alloc of 16 dwords exceeds max_dw 13

   492      3.555 gfx: paging submit, 1005 dwords from private buffer at 0x0, seq 115
   493      3.555 amdgpu[2]: ring alloc of 16 dwords exceeds max_dw 13

   494      3.557 gfx: paging submit, 1005 dwords from private buffer at 0x0, seq 116
   495      3.557 amdgpu[2]: ring alloc of 16 dwords exceeds max_dw 13

   496      3.557 gfx: paging submit, 1005 dwords from private buffer at 0x0, seq 117
   497      3.557 amdgpu[2]: ring alloc of 16 dwords exceeds max_dw 13

   498      3.557 gfx: paging submit, 1005 dwords from private buffer at 0x0, seq 118
   499      3.557 amdgpu[2]: ring alloc of 16 dwords exceeds max_dw 13

   500      3.557 gfx: paging submit, 1005 dwords from private buffer at 0x0, seq 119
   501      3.557 amdgpu[2]: ring alloc of 16 dwords exceeds max_dw 13

   502      3.557 gfx: paging submit, 1005 dwords from private buffer at 0x0, seq 120
   503      3.557 gfx: paging submit, 385 dwords from private buffer at 0x0, seq 121
   504      3.557 gfx: paging submit, 624 dwords from private buffer at 0x604, seq 122
   505      3.557 gfx: paging submit, 974 dwords from private buffer at 0x0, seq 123
   506      3.559 gfx: paging submit, 1006 dwords from private buffer at 0x0, seq 124
   507      3.559 gfx: paging submit, 1004 dwords from private buffer at 0x0, seq 125
   508      3.559 gfx: paging submit, 1004 dwords from private buffer at 0x0, seq 126
   509      3.559 gfx: paging submit, 653 dwords from private buffer at 0x0, seq 127
   510      3.559 gfx: paging submit, 200 dwords from private buffer at 0x0, seq 128
   511      3.559 gfx: paging submit, 816 dwords from private buffer at 0x320, seq 129
   512      3.559 gfx: paging submit, 236 dwords from private buffer at 0x0, seq 130
   513      3.559 gfx: paging submit, 768 dwords from private buffer at 0x3B0, seq 131
   514      3.559 gfx: paging submit, 284 dwords from private buffer at 0x0, seq 132
   515      3.559 gfx: paging submit, 720 dwords from private buffer at 0x470, seq 133
   516      3.559 gfx: paging submit, 332 dwords from private buffer at 0x0, seq 134
   517      3.559 gfx: paging submit, 678 dwords from private buffer at 0x530, seq 135
   518      3.559 gfx: paging submit, 425 dwords from private buffer at 0x0, seq 136
   519      3.559 wddm: display CommitVidPn call 2 detail 0x0 -> 0x00000000
   520      3.559 wddm: DescribeAllocation 1920x1200 format 21
   521      3.559 wddm: SetVidPnSourceAddress segment 1 address 0xF401A64000 flags 0x00000001 (firmware framebuffer 0xC0000000)
   522      3.559 wddm: software vsync on, 16 ms period, target 2424833
   523      3.559 wddm: display SetVidPnSourceVisibility call 3 detail 0x0 -> 0x00000000
   524      3.559 wddm: DescribeAllocation 1920x1200 format 21
   525      3.559 gfx: paging submit, 31 dwords from private buffer at 0x6A4, seq 137
   526      3.559 gfx: paging submit, 31 dwords from private buffer at 0x720, seq 138
   527      3.559 wddm: DestroyContext
   528      3.559 gfx: paging submit, 528 dwords from private buffer at 0x79C, seq 139
   529      3.559 gfx: paging submit, 977 dwords from private buffer at 0x0, seq 140
   530      3.559 gfx: paging submit, 15 dwords from private buffer at 0xF44, seq 141
   531      3.559 wddm: CloseAllocation 1 allocations
   532      3.559 wddm: DestroyAllocation 1 allocations
   533      3.559 wddm: BuildPagingBuffer operation 2 segment 0, 61568 bytes free, pass offset 0
   534      3.559 gfx: paging submit, 16 dwords from private buffer at 0xF80, seq 142
   535      3.559 gfx: paging submit, 37 dwords from private buffer at 0x0, seq 143
   536      3.559 gfx: paging submit, 15 dwords from private buffer at 0x94, seq 144
   537      3.559 wddm: CloseAllocation 1 allocations
   538      3.559 wddm: DestroyAllocation 1 allocations
   539      3.559 wddm: DestroyDevice
   540      3.579 wddm: Present flags 0x00000001 source 0 dest 0, 1 sub-rectangles, 4096 DMA bytes free
   541      3.579 wddm: Present list FFFF940D32060BB0 (context list 256), private FFFF8389A15956A0/2184, driver data 0
   542      3.579 wddm: Present list q0-3  0000000000000000 0000000000000000 0000000000000000 0000000000000000
   543      3.579 wddm: Present list q4-7  FFFF8389A15A6340 0000000001A72000 0000000000000000 0000000000000000
   544      3.579 wddm: Present list q8-11 FFFF8389A15A4B30 00000000011A8000 0000000000000000 0000000000000000
   545      3.579 wddm: Present dst (0,0)-(1920,1200) src (0,0)-(1920,1200) va 0x11A7000
   546      3.579 wddm: SetRootPageTable segment 3 offset 0xFEAF000, 512 entries
   547      3.579 vidmm: root page table 3:0xFEAF000 = physical 0x46DFFF000, 512 entries (the VMID is pointed at it by the first packet)
   548      3.579 wddm: SubmitCommandVirtual fence 2 node 0 flags 0x00000002 va 0x11A7000 size 0
   549      3.579 wddm: malformed virtual present rejected
   550      3.595 wddm: Present flags 0x00000001 source 0 dest 0, 3 sub-rectangles, 4096 DMA bytes free
   551      3.595 wddm: Present list FFFF940D32060BB0 (context list 256), private FFFF83899FE706A0/2184, driver data 0
   552      3.595 wddm: Present list q0-3  0000000000000000 0000000000000000 0000000000000000 0000000000000000
   553      3.595 wddm: Present list q4-7  FFFF8389A15A6340 0000000001A72000 0000000000000000 0000000000000000
   554      3.595 wddm: Present list q8-11 FFFF8389A15A4B30 00000000011A8000 0000000000000000 0000000000000000
   555      3.595 wddm: Present dst (0,0)-(1920,1200) src (0,0)-(1920,1200) va 0x11A6000
   556      3.597 wddm: CreateDevice flags 0x00000002 pasid 0
   557      3.597 wddm: CreateContext node 0 engine 0x1 flags 0x00000006 private 0
   558      3.597 wddm: CreateContext answered dma 4096 bytes segment set 0x2, lists 256/0, caps 0x00000001
   559      3.597 gfx: paging submit, 31 dwords from private buffer at 0xD0, seq 145
   560      3.597 gfx: paging submit, 926 dwords from private buffer at 0x14C, seq 146
   561      3.597 gfx: paging submit, 185 dwords from private buffer at 0x0, seq 147
   562      3.599 wddm: software vsync off after 203 ticks
   563      3.599 wddm: display SetVidPnSourceVisibility call 4 detail 0x0 -> 0x00000000
   564      3.599 wddm: CreateAllocation 1 allocations, flags 1 resource yes
   565      3.599 wddm: OpenAllocation [0] handle 0x40001DC0 private 32 bytes -> FFFF83899EDCAB80 (GetHandleData said 0000000000000000)
   566      3.599 wddm: OpenAllocation 1 allocations flags 0x00000001
   567      3.599 gfx: paging submit, 832 dwords from private buffer at 0x2E4, seq 148
   568      3.599 gfx: paging submit, 1004 dwords from private buffer at 0x0, seq 149
   569      3.599 gfx: paging submit, 1004 dwords from private buffer at 0x0, seq 150
   570      3.599 gfx: paging submit, 1004 dwords from private buffer at 0x0, seq 151
   571      3.599 amdgpu[2]: ring alloc of 16 dwords exceeds max_dw 11

   572      3.599 gfx: paging submit, 1007 dwords from private buffer at 0x0, seq 152
   573      3.599 amdgpu[2]: ring alloc of 16 dwords exceeds max_dw 13

   574      3.599 gfx: paging submit, 1005 dwords from private buffer at 0x0, seq 153
   575      3.599 amdgpu[2]: ring alloc of 16 dwords exceeds max_dw 13

   576      3.599 gfx: paging submit, 1005 dwords from private buffer at 0x0, seq 154
   577      3.599 amdgpu[2]: ring alloc of 16 dwords exceeds max_dw 13

   578      3.599 gfx: paging submit, 1005 dwords from private buffer at 0x0, seq 155
   579      3.599 amdgpu[2]: ring alloc of 16 dwords exceeds max_dw 13

   580      3.599 gfx: paging submit, 1005 dwords from private buffer at 0x0, seq 156
   581      3.599 amdgpu[2]: ring alloc of 16 dwords exceeds max_dw 13

   582      3.601 gfx: paging submit, 1005 dwords from private buffer at 0x0, seq 157
   583      3.601 amdgpu[2]: ring alloc of 16 dwords exceeds max_dw 13

   584      3.601 gfx: paging submit, 1005 dwords from private buffer at 0x0, seq 158
   585      3.601 amdgpu[2]: ring alloc of 16 dwords exceeds max_dw 13

   586      3.601 gfx: paging submit, 1005 dwords from private buffer at 0x0, seq 159
   587      3.601 amdgpu[2]: ring alloc of 16 dwords exceeds max_dw 13

   588      3.601 gfx: paging submit, 1005 dwords from private buffer at 0x0, seq 160
   589      3.601 amdgpu[2]: ring alloc of 16 dwords exceeds max_dw 13

   590      3.601 gfx: paging submit, 1005 dwords from private buffer at 0x0, seq 161
   591      3.601 amdgpu[2]: ring alloc of 16 dwords exceeds max_dw 13

   592      3.601 gfx: paging submit, 1005 dwords from private buffer at 0x0, seq 162
   593      3.601 gfx: paging submit, 990 dwords from private buffer at 0x0, seq 163
   594      3.603 gfx: paging submit, 16 dwords from private buffer at 0xF78, seq 164
   595      3.603 gfx: paging submit, 974 dwords from private buffer at 0x0, seq 165
   596      3.603 gfx: paging submit, 1006 dwords from private buffer at 0x0, seq 166
   597      3.603 gfx: paging submit, 1004 dwords from private buffer at 0x0, seq 167
   598      3.603 gfx: paging submit, 1004 dwords from private buffer at 0x0, seq 168
   599      3.603 gfx: paging submit, 653 dwords from private buffer at 0x0, seq 169
   600      3.603 gfx: paging submit, 402 dwords from private buffer at 0x0, seq 170
   601      3.603 gfx: paging submit, 608 dwords from private buffer at 0x648, seq 171
   602      3.603 gfx: paging submit, 444 dwords from private buffer at 0x0, seq 172
   603      3.603 gfx: paging submit, 560 dwords from private buffer at 0x6F0, seq 173
   604      3.603 gfx: paging submit, 492 dwords from private buffer at 0x0, seq 174
   605      3.603 gfx: paging submit, 512 dwords from private buffer at 0x7B0, seq 175
   606      3.603 gfx: paging submit, 540 dwords from private buffer at 0x0, seq 176
   607      3.603 gfx: paging submit, 464 dwords from private buffer at 0x870, seq 177
   608      3.603 gfx: paging submit, 588 dwords from private buffer at 0x0, seq 178
   609      3.603 gfx: paging submit, 416 dwords from private buffer at 0x930, seq 179
   610      3.603 gfx: paging submit, 689 dwords from private buffer at 0x0, seq 180
   611      3.603 wddm: DescribeAllocation 1920x1200 format 21
   612      3.603 wddm: CreateAllocation 1 allocations, flags 1 resource yes
   613      3.603 wddm: OpenAllocation [0] handle 0x40001E40 private 32 bytes -> FFFF83899EDCB3C0 (GetHandleData said 0000000000000000)
   614      3.603 wddm: OpenAllocation 1 allocations flags 0x00000001
   615      3.603 gfx: paging submit, 320 dwords from private buffer at 0xAC4, seq 181
   616      3.603 gfx: paging submit, 1004 dwords from private buffer at 0x0, seq 182
   617      3.603 gfx: paging submit, 1004 dwords from private buffer at 0x0, seq 183
   618      3.603 gfx: paging submit, 1004 dwords from private buffer at 0x0, seq 184
   619      3.603 gfx: paging submit, 1004 dwords from private buffer at 0x0, seq 185
   620      3.603 amdgpu[2]: ring alloc of 16 dwords exceeds max_dw 14

   621      3.603 gfx: paging submit, 1004 dwords from private buffer at 0x0, seq 186
   622      3.603 amdgpu[2]: ring alloc of 16 dwords exceeds max_dw 13

   623      3.603 gfx: paging submit, 1005 dwords from private buffer at 0x0, seq 187
   624      3.603 amdgpu[2]: ring alloc of 16 dwords exceeds max_dw 13

   625      3.605 gfx: paging submit, 1005 dwords from private buffer at 0x0, seq 188
   626      3.605 amdgpu[2]: ring alloc of 16 dwords exceeds max_dw 13

   627      3.605 gfx: paging submit, 1005 dwords from private buffer at 0x0, seq 189
   628      3.605 amdgpu[2]: ring alloc of 16 dwords exceeds max_dw 13

   629      3.605 gfx: paging submit, 1005 dwords from private buffer at 0x0, seq 190
   630      3.605 amdgpu[2]: ring alloc of 16 dwords exceeds max_dw 13

   631      3.605 gfx: paging submit, 1005 dwords from private buffer at 0x0, seq 191
   632      3.605 amdgpu[2]: ring alloc of 16 dwords exceeds max_dw 13

   633      3.605 gfx: paging submit, 1005 dwords from private buffer at 0x0, seq 192
   634      3.605 amdgpu[2]: ring alloc of 16 dwords exceeds max_dw 13

   635      3.605 gfx: paging submit, 1005 dwords from private buffer at 0x0, seq 193
   636      3.605 amdgpu[2]: ring alloc of 16 dwords exceeds max_dw 13

   637      3.605 gfx: paging submit, 1005 dwords from private buffer at 0x0, seq 194
   638      3.607 amdgpu[2]: ring alloc of 16 dwords exceeds max_dw 13

   639      3.607 gfx: paging submit, 1005 dwords from private buffer at 0x0, seq 195
   640      3.607 amdgpu[2]: ring alloc of 16 dwords exceeds max_dw 13

   641      3.607 gfx: paging submit, 1005 dwords from private buffer at 0x0, seq 196
   642      3.607 gfx: paging submit, 515 dwords from private buffer at 0x0, seq 197
   643      3.607 gfx: paging submit, 496 dwords from private buffer at 0x80C, seq 198
   644      3.607 gfx: paging submit, 974 dwords from private buffer at 0x0, seq 199
   645      3.607 gfx: paging submit, 1006 dwords from private buffer at 0x0, seq 200
   646      3.607 gfx: paging submit, 1004 dwords from private buffer at 0x0, seq 201
   647      3.607 gfx: paging submit, 1004 dwords from private buffer at 0x0, seq 202
   648      3.607 gfx: paging submit, 653 dwords from private buffer at 0x0, seq 203
   649      3.607 gfx: paging submit, 522 dwords from private buffer at 0x0, seq 204
   650      3.607 gfx: paging submit, 496 dwords from private buffer at 0x828, seq 205
   651      3.607 gfx: paging submit, 556 dwords from private buffer at 0x0, seq 206
   652      3.607 gfx: paging submit, 448 dwords from private buffer at 0x8B0, seq 207
   653      3.607 gfx: paging submit, 604 dwords from private buffer at 0x0, seq 208
   654      3.607 gfx: paging submit, 400 dwords from private buffer at 0x970, seq 209
   655      3.607 gfx: paging submit, 652 dwords from private buffer at 0x0, seq 210
   656      3.607 gfx: paging submit, 352 dwords from private buffer at 0xA30, seq 211
   657      3.607 gfx: paging submit, 751 dwords from private buffer at 0x0, seq 212
   658      3.607 wddm: display CommitVidPn call 3 detail 0x0 -> 0x00000000
   659      3.607 wddm: DescribeAllocation 1920x1200 format 21
   660      3.607 wddm: SetVidPnSourceAddress segment 1 address 0xF4008D0000 flags 0x00000001 (firmware framebuffer 0xC0000000)
   661      3.607 wddm: software vsync on, 16 ms period, target 2424833
   662      3.607 wddm: display SetVidPnSourceVisibility call 5 detail 0x0 -> 0x00000000
   663      3.609 gfx: paging submit, 31 dwords from private buffer at 0xBBC, seq 213
   664      3.609 gfx: paging submit, 31 dwords from private buffer at 0xC38, seq 214
   665      3.609 wddm: DestroyContext
   666      3.609 gfx: paging submit, 192 dwords from private buffer at 0xCB4, seq 215
   667      3.609 gfx: paging submit, 1016 dwords from private buffer at 0x0, seq 216
   668      3.609 gfx: paging submit, 311 dwords from private buffer at 0x0, seq 217
   669      3.609 gfx: paging submit, 15 dwords from private buffer at 0x4DC, seq 218
   670      3.609 wddm: CloseAllocation 1 allocations
   671      3.609 wddm: DestroyAllocation 1 allocations
   672      3.609 wddm: BuildPagingBuffer operation 2 segment 0, 64232 bytes free, pass offset 0
   673      3.609 gfx: paging submit, 41 dwords from private buffer at 0x518, seq 219
   674      3.609 gfx: paging submit, 15 dwords from private buffer at 0x5BC, seq 220
   675      3.609 wddm: CloseAllocation 1 allocations
   676      3.609 wddm: DestroyAllocation 1 allocations
   677      3.609 wddm: DestroyDevice
   678      3.629 wddm: Present flags 0x00000001 source 0 dest 0, 1 sub-rectangles, 4096 DMA bytes free
   679      3.629 wddm: Present list FFFF940D33F94BB0 (context list 256), private FFFF8389972CE050/2184, driver data 0
   680      3.629 wddm: Present list q0-3  0000000000000000 0000000000000000 0000000000000000 0000000000000000
   681      3.629 wddm: Present list q4-7  FFFF83899EDCB3C0 0000000000011000 0000000000000000 0000000000000000
   682      3.629 wddm: Present list q8-11 FFFF83899EDCAB80 000000000233D000 0000000000000000 0000000000000000
   683      3.629 wddm: Present dst (0,0)-(1920,1200) src (0,0)-(1920,1200) va 0x10000
   684      3.629 wddm: SetRootPageTable segment 3 offset 0xFEAF000, 512 entries
   685      3.629 vidmm: root page table 3:0xFEAF000 = physical 0x46DFFF000, 512 entries (the VMID is pointed at it by the first packet)
   686      3.629 wddm: SubmitCommandVirtual fence 3 node 0 flags 0x00000002 va 0x10000 size 0
   687      3.629 wddm: malformed virtual present rejected
   688      6.260 wddm: Present flags 0x00000001 source 0 dest 0, 1 sub-rectangles, 4096 DMA bytes free
   689      6.260 wddm: Present list FFFF940D33F94BB0 (context list 256), private FFFF838995E79050/2184, driver data 0
   690      6.260 wddm: Present list q0-3  0000000000000000 0000000000000000 0000000000000000 0000000000000000
   691      6.260 wddm: Present list q4-7  FFFF83899EDCB3C0 0000000000011000 0000000000000000 0000000000000000
   692      6.260 wddm: Present list q8-11 FFFF83899EDCAB80 000000000233D000 0000000000000000 0000000000000000
   693      6.260 wddm: Present dst (0,0)-(1920,1200) src (0,0)-(1920,1200) va 0x233C000
   694      6.296 wddm: Present flags 0x00000001 source 0 dest 0, 3 sub-rectangles, 4096 DMA bytes free
   695      6.296 wddm: Present list FFFF940D33F94BB0 (context list 256), private FFFF8389972CE050/2184, driver data 0
   696      6.296 wddm: Present list q0-3  0000000000000000 0000000000000000 0000000000000000 0000000000000000
   697      6.296 wddm: Present list q4-7  FFFF83899EDCB3C0 0000000000011000 0000000000000000 0000000000000000
   698      6.296 wddm: Present list q8-11 FFFF83899EDCAB80 000000000233D000 0000000000000000 0000000000000000
   699      6.296 wddm: Present dst (0,0)-(1920,1200) src (0,0)-(1920,1200) va 0x10000
   700      6.296 wddm: CreateDevice flags 0x00000002 pasid 0
   701      6.296 wddm: CreateContext node 0 engine 0x1 flags 0x00000006 private 0
   702      6.296 wddm: CreateContext answered dma 4096 bytes segment set 0x2, lists 256/0, caps 0x00000001
   703      6.296 gfx: paging submit, 31 dwords from private buffer at 0x5F8, seq 221
   704      6.296 gfx: paging submit, 31 dwords from private buffer at 0x674, seq 222
   705      6.298 wddm: software vsync off after 371 ticks
   706      6.298 wddm: display SetVidPnSourceVisibility call 6 detail 0x0 -> 0x00000000
   707      6.298 wddm: CreateAllocation 1 allocations, flags 1 resource yes
   708      6.298 wddm: OpenAllocation [0] handle 0x40001F40 private 32 bytes -> FFFF8389A06F5440 (GetHandleData said 0000000000000000)
   709      6.298 wddm: OpenAllocation 1 allocations flags 0x00000001
   710      6.298 gfx: paging submit, 560 dwords from private buffer at 0x6F0, seq 223
   711      6.298 gfx: paging submit, 1004 dwords from private buffer at 0x0, seq 224
   712      6.298 gfx: paging submit, 1004 dwords from private buffer at 0x0, seq 225
   713      6.298 gfx: paging submit, 1004 dwords from private buffer at 0x0, seq 226
   714      6.298 gfx: paging submit, 1004 dwords from private buffer at 0x0, seq 227
   715      6.298 amdgpu[2]: ring alloc of 16 dwords exceeds max_dw 14

   716      6.298 gfx: paging submit, 1004 dwords from private buffer at 0x0, seq 228
   717      6.300 amdgpu[2]: ring alloc of 16 dwords exceeds max_dw 13

   718      6.300 gfx: paging submit, 1005 dwords from private buffer at 0x0, seq 229
   719      6.300 amdgpu[2]: ring alloc of 16 dwords exceeds max_dw 13

   720      6.300 gfx: paging submit, 1005 dwords from private buffer at 0x0, seq 230
   721      6.300 amdgpu[2]: ring alloc of 16 dwords exceeds max_dw 13

   722      6.300 gfx: paging submit, 1005 dwords from private buffer at 0x0, seq 231
   723      6.300 amdgpu[2]: ring alloc of 16 dwords exceeds max_dw 13

   724      6.300 gfx: paging submit, 1005 dwords from private buffer at 0x0, seq 232
   725      6.300 amdgpu[2]: ring alloc of 16 dwords exceeds max_dw 13

   726      6.300 gfx: paging submit, 1005 dwords from private buffer at 0x0, seq 233
   727      6.300 amdgpu[2]: ring alloc of 16 dwords exceeds max_dw 13

   728      6.300 gfx: paging submit, 1005 dwords from private buffer at 0x0, seq 234
   729      6.300 amdgpu[2]: ring alloc of 16 dwords exceeds max_dw 13

   730      6.302 gfx: paging submit, 1005 dwords from private buffer at 0x0, seq 235
   731      6.302 amdgpu[2]: ring alloc of 16 dwords exceeds max_dw 13

   732      6.302 gfx: paging submit, 1005 dwords from private buffer at 0x0, seq 236
   733      6.302 amdgpu[2]: ring alloc of 16 dwords exceeds max_dw 13

   734      6.302 gfx: paging submit, 1005 dwords from private buffer at 0x0, seq 237
   735      6.302 amdgpu[2]: ring alloc of 16 dwords exceeds max_dw 13

   736      6.302 gfx: paging submit, 1005 dwords from private buffer at 0x0, seq 238
   737      6.302 gfx: paging submit, 275 dwords from private buffer at 0x0, seq 239
   738      6.302 gfx: paging submit, 736 dwords from private buffer at 0x44C, seq 240
   739      6.302 gfx: paging submit, 974 dwords from private buffer at 0x0, seq 241
   740      6.302 gfx: paging submit, 1006 dwords from private buffer at 0x0, seq 242
   741      6.302 gfx: paging submit, 1004 dwords from private buffer at 0x0, seq 243
   742      6.302 gfx: paging submit, 1004 dwords from private buffer at 0x0, seq 244
   743      6.302 gfx: paging submit, 653 dwords from private buffer at 0x0, seq 245
   744      6.302 gfx: paging submit, 300 dwords from private buffer at 0x0, seq 246
   745      6.302 gfx: paging submit, 704 dwords from private buffer at 0x4B0, seq 247
   746      6.302 gfx: paging submit, 348 dwords from private buffer at 0x0, seq 248
   747      6.302 gfx: paging submit, 656 dwords from private buffer at 0x570, seq 249
   748      6.302 gfx: paging submit, 396 dwords from private buffer at 0x0, seq 250
   749      6.302 gfx: paging submit, 608 dwords from private buffer at 0x630, seq 251
   750      6.304 gfx: paging submit, 444 dwords from private buffer at 0x0, seq 252
   751      6.304 gfx: paging submit, 560 dwords from private buffer at 0x6F0, seq 253
   752      6.304 gfx: paging submit, 543 dwords from private buffer at 0x0, seq 254
   753      6.304 wddm: CreateAllocation 1 allocations, flags 1 resource yes
   754      6.304 wddm: OpenAllocation [0] handle 0x40001FC0 private 32 bytes -> FFFF8389A06F6620 (GetHandleData said 0000000000000000)
   755      6.304 wddm: OpenAllocation 1 allocations flags 0x00000001
   756      6.304 gfx: paging submit, 464 dwords from private buffer at 0x87C, seq 255
   757      6.304 gfx: paging submit, 1004 dwords from private buffer at 0x0, seq 256
   758      6.304 gfx: paging submit, 1004 dwords from private buffer at 0x0, seq 257
   759      6.304 gfx: paging submit, 1004 dwords from private buffer at 0x0, seq 258
   760      6.304 gfx: paging submit, 1004 dwords from private buffer at 0x0, seq 259
   761      6.304 amdgpu[2]: ring alloc of 16 dwords exceeds max_dw 13

   762      6.304 gfx: paging submit, 1005 dwords from private buffer at 0x0, seq 260
   763      6.304 amdgpu[2]: ring alloc of 16 dwords exceeds max_dw 13

   764      6.304 gfx: paging submit, 1005 dwords from private buffer at 0x0, seq 261
   765      6.304 amdgpu[2]: ring alloc of 16 dwords exceeds max_dw 13

   766      6.304 gfx: paging submit, 1005 dwords from private buffer at 0x0, seq 262
   767      6.304 amdgpu[2]: ring alloc of 16 dwords exceeds max_dw 13

   768      6.304 gfx: paging submit, 1005 dwords from private buffer at 0x0, seq 263
   769      6.304 amdgpu[2]: ring alloc of 16 dwords exceeds max_dw 13

   770      6.304 gfx: paging submit, 1005 dwords from private buffer at 0x0, seq 264
   771      6.304 amdgpu[2]: ring alloc of 16 dwords exceeds max_dw 13

   772      6.306 gfx: paging submit, 1005 dwords from private buffer at 0x0, seq 265
   773      6.306 amdgpu[2]: ring alloc of 16 dwords exceeds max_dw 13

   774      6.306 gfx: paging submit, 1005 dwords from private buffer at 0x0, seq 266
   775      6.306 amdgpu[2]: ring alloc of 16 dwords exceeds max_dw 13

   776      6.306 gfx: paging submit, 1005 dwords from private buffer at 0x0, seq 267
   777      6.306 amdgpu[2]: ring alloc of 16 dwords exceeds max_dw 13

   778      6.306 gfx: paging submit, 1005 dwords from private buffer at 0x0, seq 268
   779      6.306 amdgpu[2]: ring alloc of 16 dwords exceeds max_dw 13

   780      6.306 gfx: paging submit, 1005 dwords from private buffer at 0x0, seq 269
   781      6.306 amdgpu[2]: ring alloc of 16 dwords exceeds max_dw 13

   782      6.306 gfx: paging submit, 1005 dwords from private buffer at 0x0, seq 270
   783      6.306 gfx: paging submit, 370 dwords from private buffer at 0x0, seq 271
   784      6.308 gfx: paging submit, 646 dwords from private buffer at 0x5C8, seq 272
   785      6.308 gfx: paging submit, 974 dwords from private buffer at 0x0, seq 273
   786      6.308 gfx: paging submit, 1004 dwords from private buffer at 0x0, seq 274
   787      6.308 gfx: paging submit, 1004 dwords from private buffer at 0x0, seq 275
   788      6.308 gfx: paging submit, 1004 dwords from private buffer at 0x0, seq 276
   789      6.308 gfx: paging submit, 621 dwords from private buffer at 0x0, seq 277
   790      6.308 gfx: paging submit, 384 dwords from private buffer at 0x9B4, seq 278
   791      6.308 gfx: paging submit, 668 dwords from private buffer at 0x0, seq 279
   792      6.308 gfx: paging submit, 336 dwords from private buffer at 0xA70, seq 280
   793      6.308 gfx: paging submit, 716 dwords from private buffer at 0x0, seq 281
   794      6.308 gfx: paging submit, 288 dwords from private buffer at 0xB30, seq 282
   795      6.308 gfx: paging submit, 764 dwords from private buffer at 0x0, seq 283
   796      6.308 gfx: paging submit, 242 dwords from private buffer at 0xBF0, seq 284
   797      6.308 gfx: paging submit, 861 dwords from private buffer at 0x0, seq 285
   798      6.308 wddm: display CommitVidPn call 4 detail 0x0 -> 0x00000000
   799      6.308 wddm: SetVidPnSourceAddress segment 1 address 0xF401A64000 flags 0x00000001 (firmware framebuffer 0xC0000000)
   800      6.308 wddm: software vsync on, 16 ms period, target 2424833
   801      6.308 gfx: paging submit, 31 dwords from private buffer at 0xD74, seq 286
   802      6.308 gfx: paging submit, 31 dwords from private buffer at 0xDF0, seq 287
   803      6.308 wddm: DestroyContext
   804      6.308 gfx: paging submit, 80 dwords from private buffer at 0xE6C, seq 288
   805      6.308 gfx: paging submit, 423 dwords from private buffer at 0x0, seq 289
   806      6.308 gfx: paging submit, 15 dwords from private buffer at 0x69C, seq 290
   807      6.308 wddm: CloseAllocation 1 allocations
   808      6.308 wddm: DestroyAllocation 1 allocations
   809      6.308 wddm: BuildPagingBuffer operation 2 segment 0, 63784 bytes free, pass offset 0
   810      6.308 gfx: paging submit, 67 dwords from private buffer at 0x6D8, seq 291
   811      6.308 gfx: paging submit, 15 dwords from private buffer at 0x7E4, seq 292
   812      6.308 wddm: CloseAllocation 1 allocations
   813      6.308 wddm: DestroyAllocation 1 allocations
   814      6.308 wddm: DestroyDevice
   815      6.328 wddm: Present flags 0x00000001 source 0 dest 0, 1 sub-rectangles, 4096 DMA bytes free
   816      6.328 wddm: Present list FFFF940D33FE8BB0 (context list 256), private FFFF838999F79050/2184, driver data 0
   817      6.328 wddm: Present list q0-3  0000000000000000 0000000000000000 0000000000000000 0000000000000000
   818      6.328 wddm: Present list q4-7  FFFF8389A06F6620 00000000008DC000 0000000000000000 0000000000000000
   819      6.328 wddm: Present list q8-11 FFFF8389A06F5440 0000000002C08000 0000000000000000 0000000000000000
   820      6.328 wddm: Present dst (0,0)-(1920,1200) src (0,0)-(1920,1200) va 0x8DB000
   821      6.328 wddm: SetRootPageTable segment 3 offset 0xFEAF000, 512 entries
   822      6.328 wddm: SubmitCommandVirtual fence 4 node 0 flags 0x00000002 va 0x8DB000 size 0
   823      6.328 wddm: malformed virtual present rejected
   824      8.149 wddm summary: ---- DDI calls: name, count, first log line ----
   825      8.149 wddm summary: QueryAdapterInfo                   12  first at 202
   826      8.149 wddm summary: GetNodeMetadata                     2  first at 210
   827      8.149 wddm summary: CreateDevice                        6  first at 217
   828      8.149 wddm summary: DestroyDevice                       3  first at 539
   829      8.149 wddm summary: CreateContext                       5  first at 220
   830      8.149 wddm summary: DestroyContext                      3  first at 527
   831      8.149 wddm summary: CreateProcess                       2  first at 216
   832      8.149 wddm summary: SetRootPageTable                    5  first at 242
   833      8.149 wddm summary: CreateAllocation                    8  first at 279
   834      8.149 wddm summary: DestroyAllocation                   6  first at 532
   835      8.149 wddm summary: DescribeAllocation                 12  first at 334
   836      8.149 wddm summary: GetStandardAllocationDriverData     16  first at 277
   837      8.149 wddm summary: OpenAllocation                      8  first at 281
   838      8.149 wddm summary: CloseAllocation                     6  first at 531
   839      8.149 wddm summary: BuildPagingBuffer                1477  first at 222
   840      8.149 wddm summary: SubmitCommandVirtual              296  first at 262
   841      8.149 wddm summary: Present                             8  first at 398
   842      8.149 wddm summary: SetVidPnSourceAddress               4  first at 386
   843      8.149 wddm summary: ControlInterrupt                  134  first at 390
   844      8.149 wddm summary: ---- QueryAdapterInfo types: type, count, first log line ----
   845      8.149 wddm summary: adapter info type   1       1  first at 202
   846      8.149 wddm summary: adapter info type  15       1  first at 203
   847      8.149 wddm summary: adapter info type  47       1  first at 204
   848      8.149 wddm summary: adapter info type  13       1  first at 205
   849      8.149 wddm summary: adapter info type  14       4  first at 206
   850      8.149 wddm summary: adapter info type  11       2  first at 213
   851      8.149 wddm summary: adapter info type  10       1  first at 215
   852      8.149 wddm summary: adapter info type  16       1  first at 215
   853      8.149 wddm summary: capture plans reserved 0 heap 0
   854      8.149 wddm summary: ---- BuildPagingBuffer operations: operation, count, first log line ----
   855      8.149 wddm summary: paging operation  11    1326  first at 222
   856      8.149 wddm summary: paging operation  12      50  first at 270
   857      8.149 wddm summary: paging operation   9      98  first at 289
   858      8.149 wddm summary: paging operation   2       3  first at 533
   859      8.149 wddm summary: objects created/destroyed: dev 6/3 ctx 5/3 proc 2/0 alloc 8/6, 13 alive
   860      8.149 wddm summary: allocations opened/closed: 8/6 calls
   861      8.149 wddm summary: submissions 0 physical + 296 virtual, 0 preemptions, last completed fence 4
   862      8.149 wddm summary: node 0 hardware: 0 submitted, 0 completed, 0 timeouts, 0 refused
   863      8.149 wddm summary: umd: 0 allocs (0 refused), 0 contexts, 0 submits on the ring, 0 not run
   864      8.149 wddm profile: umd calls 0, elapsed ticks 0, QPC frequency 10000000
   865      8.149 wddm profile: probe enabled 0, calls 0, elapsed ticks 0 (included in umd)
   866      8.149 wddm summary: node 1 (paging, open): 292 hardware submitted, 292 completed, 0 timeouts, 0 refused
   867      8.149 wddm summary: SubmitCommandVirtual by node: 0: 4, 1: 292, 0 private-buffer refusals
   868      8.149 wddm summary: BuildPagingBuffer: 0 transfers, 98 fills, 73728000 bytes, 216 insufficient-buffer
   869      8.149 wddm summary: aperture map batches 0, unmap batches 0
   870      8.149 wddm summary: paging TLB invalidations 50, PTE update batches 293
   871      8.149 wddm summary: paging unsupported (not ready/no root/no translation/system memory/not contiguous) 0/0/0/0/0
   872      8.149 wddm summary: presents 8, flips 4 of 4 address calls (0 arrived above DISPATCH_LEVEL)
   873      8.149 wddm summary: blit gate closed, 0 blits, 0 skips, 0 sources translated contiguous
   874      8.149 wddm summary: blit destination: 0 to the flipped surface, 0 to the POST framebuffer (0 a failed-mapping fallback), 0 scanout remaps (0 failed), last blit 0 row
   875      8.149 wddm summary: widest blit 0 rows
   876      8.149 wddm summary: last blit reading 0, 0x0 pitch 0, 0 rectangles, source physical 0x0
   877      8.149 wddm summary: vsync not enabled by ControlInterrupt, 486 ticks, 67 reported to dxgkrnl
   878      8.149 wddm summary: vidpn flip closed: 0 hardware flips, 0 refused, 0 hardware vsyncs armed 0 acked 0 refused 0 deferred (flip still pending)
   879      8.149 wddm summary: no TDR (ResetEngine, ResetFromTimeout and RestartFromTimeout were never called)
   880      8.149 wddm summary: CollectDbgInfo called 0 time(s) since the driver was loaded
   881      8.149 vidmm summary: level 0: 1024 calls, 262656 entries, 512 valid
   882      8.149 vidmm summary: level 1: 2 calls, 1024 entries, 512 valid
   883      8.149 vidmm summary: level 2: 1 calls, 512 entries, 2 valid
   884      8.149 vidmm summary: level 3: 1 calls, 512 entries, 1 valid
   885      8.149 vidmm summary: system leaf encoding coherent 0 noncoherent 16 snoop mismatches 0
   886      8.149 vidmm summary: 1028 cpu-virtual calls, 0 gpu-physical calls
   887      8.149 vidmm summary: 264704 entries written (EnableGpuVa open), 0 refused, 0 bad calls, 5 roots
             888 lines printed
log          888 lines since this driver load, 0 lost to the wrap, 0 dropped above DISPATCH_LEVEL; ring 1024 lines of which the first 256 are kept; table FULL WDDM (the gate was open at DriverEntry)
     0      0.001 stage 10
     1      0.001 gate: EnableFullWddm 1 (one shot: closed again on disk)
     2      0.001 stage 20
     3      0.070 stage 30
     4      0.072 stage 31
     5      0.072 stage 32
     6      0.072 post display 1920x1200 pitch 7680 format 22 target 2424833
     7      0.074 stage 33
     8      0.074 stage 34
     9      0.074 interrupt resource 1: message, vector 0x70, flags 0x3
    10      0.074 mmio: BAR5 at 0xFE800000 mapped, writes off, dcn writes off, vidpn flip off
    11      0.074 vram: 0x270000000 + 0x200000000, MC 0xF400000000, BAR0 0xC0000000 + 0x10000000, writes allowed
    12      0.074 fb sample mapped: phys 0xC0000000 first 0x00000000 mid 0x00000000
    13      0.074 fb sample physical: 0x270000000 first 0x00000000 mid 0x00000000
    14      0.074 gart: ready, dummy page at 0x26FFFA000
    15      0.074 psp: ready
    16      0.074 gpumem: ready, doorbells at 0xD0000000
    17      0.074 gfx: ready, GPU submission allowed, paging node allowed
    18      0.074 ih: ready
    19      0.076 vidmm: logical paging state 515 tables, 1031 slots, 4767344 bytes reserved
    20      0.076 vidmm: table segment 3 at physical 0x45E150000 + 0xFEB0000, host memory below 0x270000000, updates are WRITTEN
    21      0.076 startup: entering interrupt connection
    22      0.078 startup: entering firmware preparation
    23      0.082 gfx: CP_ME_CNTL 0x15000000, CP_MEC_CNTL 0x50000000, SDMA0/1_F32_CNTL 0x1 0x1
    24      0.082 gfx: unpublished translation bootstrap entered with engines halted
    25      0.082 gfx: RLC before-gart-initialization CNTL 0x00000000 read 0x00000000 STATUS2 0x00000008 read 0x00000000
    26      0.082 startup: entering GART initialization
    27      0.096 gart: startup startup-after-gfxhub-enable sample 0x00000000 fault 0x00000000
    28      0.096 gfx: RLC startup-after-gfxhub-enable CNTL 0x00000000 read 0x00000000 STATUS2 0x00000008 read 0x00000000
    29      0.096 gart: startup startup-after-mmhub-enable sample 0x00000000 fault 0x00000000
    30      0.096 gfx: RLC startup-after-mmhub-enable CNTL 0x00000000 read 0x00000000 STATUS2 0x00000008 read 0x00000000
    31      0.096 gart: startup startup-after-fault-defaults sample 0x00000000 fault 0x00000000
    32      0.096 gfx: RLC startup-after-fault-defaults CNTL 0x00000000 read 0x00000000 STATUS2 0x00000008 read 0x00000000
    33      0.096 gart: startup bootstrap-after-mmhub-flush sample 0x00000000 fault 0x00000000
    34      0.096 gfx: RLC bootstrap-after-mmhub-flush CNTL 0x00000000 read 0x00000000 STATUS2 0x00000008 read 0x00000000
    35      0.096 gart: op 1 -> 0x00000000 (-), result 0, 284 writes, fault offset 0x00000
    36      0.096 gfx: RLC before-psp CNTL 0x00000000 read 0x00000000 STATUS2 0x00000008 read 0x00000000
    37      0.096 startup: entering PSP initialization
    38      0.144 gfx: RLC before-psp-ring-create CNTL 0x00000000 read 0x00000000 STATUS2 0x00000008 read 0x00000000
    39      0.166 gfx: RLC after-psp-ring-create CNTL 0x00000000 read 0x00000000 STATUS2 0x00000008 read 0x00000000
    40      0.166 amdgpu[0]: reserve 0x400000 from 0xf5ff800000 for PSP TMR

    41      0.166 psp: command 1 (id 5, type 0, 4194304 bytes): rc 0, status 0x0, 254 us, in TMR at 0x0
    42      0.166 gfx: RLC after-psp-command CNTL 0x00000000 read 0x00000000 STATUS2 0x00000008 read 0x00000000
    43      0.168 psp: command 2 (id 6, type 9, 33536 bytes): rc 0, status 0x0, 1883 us, in TMR at 0x0
    44      0.168 gfx: RLC after-psp-command CNTL 0x00000000 read 0x00000000 STATUS2 0x00000008 read 0x00000000
    45      0.170 psp: command 3 (id 6, type 10, 33536 bytes): rc 0, status 0x0, 1906 us, in TMR at 0x0
    46      0.170 gfx: RLC after-psp-command CNTL 0x00000000 read 0x00000000 STATUS2 0x00000008 read 0x00000000
    47      0.176 psp: command 4 (id 6, type 3, 263040 bytes): rc 0, status 0x0, 5931 us, in TMR at 0xF5FF842000
    48      0.176 gfx: RLC after-psp-command CNTL 0x00000000 read 0x00000000 STATUS2 0x00000008 read 0x00000000
    49      0.182 psp: command 5 (id 6, type 2, 263168 bytes): rc 0, status 0x0, 5917 us, in TMR at 0xF5FF883000
    50      0.182 gfx: RLC after-psp-command CNTL 0x00000000 read 0x00000000 STATUS2 0x00000008 read 0x00000000
    51      0.186 psp: command 6 (id 6, type 1, 263168 bytes): rc 0, status 0x0, 5908 us, in TMR at 0xF5FF8C4000
    52      0.186 gfx: RLC after-psp-command CNTL 0x00000000 read 0x00000000 STATUS2 0x00000008 read 0x00000000
    53      0.192 psp: command 7 (id 6, type 4, 267440 bytes): rc 0, status 0x0, 6005 us, in TMR at 0xF5FF800000
    54      0.192 gfx: RLC after-psp-command CNTL 0x00000000 read 0x00000000 STATUS2 0x00000008 read 0x00000000
    55      0.194 psp: command 8 (id 6, type 5, 896 bytes): rc 0, status 0x0, 130 us, in TMR at 0x0
    56      0.194 gfx: RLC after-psp-command CNTL 0x00000000 read 0x00000000 STATUS2 0x00000008 read 0x00000000
    57      0.200 psp: command 9 (id 6, type 4, 267440 bytes): rc 0, status 0x0, 5954 us, in TMR at 0xF5FF800000
    58      0.200 gfx: RLC after-psp-command CNTL 0x00000000 read 0x00000000 STATUS2 0x00000008 read 0x00000000
    59      0.200 psp: command 10 (id 6, type 6, 896 bytes): rc 0, status 0x0, 129 us, in TMR at 0x0
    60      0.200 gfx: RLC after-psp-command CNTL 0x00000000 read 0x00000000 STATUS2 0x00000008 read 0x00000000
    61      0.200 psp: command 11 (id 6, type 8, 25088 bytes): rc 0, status 0x0, 1737 us, in TMR at 0x0
    62      0.200 gfx: RLC after-psp-command CNTL 0x00000001 read 0x00000000 STATUS2 0x01004008 read 0x00000000
    63      0.200 psp: op 1 -> 0x00000000, result 0, 15 writes, 11 of 11 commands
    64      0.200 gfx: RLC after-psp CNTL 0x00000001 read 0x00000000 STATUS2 0x01000008 read 0x00000000
    65      0.200 startup: entering IH initialization
    66      0.202 ih: init: rc 0, 18 writes
    67      0.202 ih: op 1 -> 0x00000000, result 0, 19 writes; 0 interrupt routine calls, 0 ours, 0 DPCs, 0 vectors; status idle 1 input_idle 1 bif_interrupt_line 0
    68      0.202 startup: entering GFX initialization
    69      0.204 startup: entering GFX stage 1
    70      0.208 gfx: stage 1 (doorbell aperture): rc 0, 49 writes so far, 1 us
    71      0.208 gfx: op 1 to stage 1 -> 0x00000000, result 0, 49 writes, 0 doorbells
    72      0.208 startup: entering GFX stage 2
    73      0.210 gfx: stage 2 (golden registers): rc 0, 34 writes so far, 26 us
    74      0.210 gfx: op 1 to stage 2 -> 0x00000000, result 0, 34 writes, 0 doorbells
    75      0.210 startup: entering GFX stage 3
    76      0.212 gfx: stage 3 (GRBM CAM probe): rc 0, 3 writes so far, 3 us
    77      0.212 gfx: op 1 to stage 3 -> 0x00000000, result 0, 3 writes, 0 doorbells
    78      0.214 startup: entering GFX stage 4
    79      0.216 gfx: stage 4 (constants): rc 0, 157 writes so far, 60 us
    80      0.216 gfx: op 1 to stage 4 -> 0x00000000, result 0, 157 writes, 0 doorbells
    81      0.216 startup: entering GFX stage 5
    82      0.218 gpumem: GFXHUB after-invalidate-request sample 0x00F80001 fault 0x00000000
    83      0.218 gfx: RLC after-invalidate-request CNTL 0x00000001 read 0x00000000 STATUS2 0x00000008 read 0x00000000
    84      0.218 gpumem: GFXHUB after-invalidate-request-read sample 0x00F80001 fault 0x00000000
    85      0.218 gfx: RLC after-invalidate-request-read CNTL 0x00000001 read 0x00000000 STATUS2 0x00000008 read 0x00000000
    86      0.218 gpumem: GFXHUB after-invalidate-ack sample 0x00000001 fault 0x00000000
    87      0.218 gfx: RLC after-invalidate-ack CNTL 0x00000001 read 0x00000000 STATUS2 0x00000008 read 0x00000000
    88      0.218 gpumem: startup GFX translations committed after RLC, before CP
    89      0.218 gfx: RLC after-bootstrap-translation-commit CNTL 0x00000001 read 0x00000000 STATUS2 0x00000008 read 0x00000000
    90      0.218 gfx: stage 5 (RLC): rc 0, 11 writes so far, 169 us
    91      0.218 gfx: op 1 to stage 5 -> 0x00000000, result 0, 11 writes, 0 doorbells
    92      0.220 startup: entering GFX stage 6
    93      0.220 startup: entering CP step 1
    94      0.222 startup: CP1 checkpoint acquire-paging-lock
    95      0.222 startup: CP1 checkpoint acquire-gart-lock
    96      0.224 startup: CP1 checkpoint locks-acquired
    97      0.226 amdgpu[0]: CP resume kiq-init begin

    98      0.226 startup: CP1 checkpoint scheduler
    99      0.226 startup: CP1 checkpoint scheduler-read
   100      0.228 startup: CP1 checkpoint scheduler-write
   101      0.230 startup: CP1 checkpoint scheduler-done
   102      0.230 startup: CP1 checkpoint clear-mqd
   103      0.232 startup: CP1 checkpoint select-queue
   104      0.234 startup: CP1 checkpoint build-mqd
   105      0.234 startup: CP1 checkpoint disable-wptr-poll
   106      0.236 startup: CP1 checkpoint read-active
   107      0.238 startup: CP1 checkpoint program-hqd
   108      0.238 startup: CP1 checkpoint activate-hqd
   109      0.240 startup: CP1 checkpoint restore-selection
   110      0.242 startup: CP1 checkpoint complete
   111      0.242 amdgpu[0]: CP resume kiq-init end result=0

   112      0.242 gfx: CP step 1: rc 0, 27 writes, 17304 us
   113      0.242 gfx: op 1 to stage 6 -> 0x00000000, result 0, 27 writes, 0 doorbells
   114      0.242 startup: CP step 1 returned 0x00000000 result 0
   115      0.244 startup: entering CP step 2
   116      0.246 amdgpu[0]: CP resume compute-unhalt begin

   117      0.246 amdgpu[0]: CP resume compute-unhalt end

   118      0.246 amdgpu[0]: CP resume kcq-init ring=0 begin

   119      0.246 amdgpu[0]: CP resume kcq-init ring=0 end result=0

   120      0.246 amdgpu[0]: CP resume kcq-init ring=1 begin

   121      0.246 amdgpu[0]: CP resume kcq-init ring=1 end result=0

   122      0.246 amdgpu[0]: CP resume kcq-init ring=2 begin

   123      0.246 amdgpu[0]: CP resume kcq-init ring=2 end result=0

   124      0.246 amdgpu[0]: CP resume kcq-init ring=3 begin

   125      0.246 amdgpu[0]: CP resume kcq-init ring=3 end result=0

   126      0.246 amdgpu[0]: CP resume kcq-init ring=4 begin

   127      0.246 amdgpu[0]: CP resume kcq-init ring=4 end result=0

   128      0.246 amdgpu[0]: CP resume kcq-init ring=5 begin

   129      0.246 amdgpu[0]: CP resume kcq-init ring=5 end result=0

   130      0.246 amdgpu[0]: CP resume kcq-init ring=6 begin

   131      0.246 amdgpu[0]: CP resume kcq-init ring=6 end result=0

   132      0.246 amdgpu[0]: CP resume kcq-init ring=7 begin

   133      0.246 amdgpu[0]: CP resume kcq-init ring=7 end result=0

   134      0.246 gfx: CP step 2: rc 0, 17 writes, 234 us
   135      0.246 gfx: op 1 to stage 6 -> 0x00000000, result 0, 17 writes, 0 doorbells
   136      0.246 startup: CP step 2 returned 0x00000000 result 0
   137      0.248 startup: entering CP step 3
   138      0.250 amdgpu[0]: CP resume kcq-enable begin

   139      0.250 amdgpu[0]: CP resume kcq-enable end result=0

   140      0.250 gfx: CP step 3: rc 0, 1 writes, 50 us
   141      0.250 gfx: op 1 to stage 6 -> 0x00000000, result 0, 1 writes, 2 doorbells
   142      0.250 startup: CP step 3 returned 0x00000000 result 0
   143      0.250 startup: entering CP step 4
   144      0.252 amdgpu[0]: CP resume kgq-init ring=0 begin

   145      0.252 amdgpu[0]: CP resume kgq-init ring=0 end result=0

   146      0.252 gfx: CP step 4: rc 0, 4 writes, 28 us
   147      0.252 gfx: op 1 to stage 6 -> 0x00000000, result 0, 4 writes, 0 doorbells
   148      0.252 startup: CP step 4 returned 0x00000000 result 0
   149      0.254 startup: entering CP step 5
   150      0.254 amdgpu[0]: CP resume kgq-enable begin

   151      0.254 amdgpu[0]: CP resume kgq-enable end result=0

   152      0.254 gfx: CP step 5: rc 0, 1 writes, 21 us
   153      0.254 gfx: op 1 to stage 6 -> 0x00000000, result 0, 1 writes, 2 doorbells
   154      0.254 startup: CP step 5 returned 0x00000000 result 0
   155      0.256 startup: entering CP step 6
   156      0.258 amdgpu[0]: CP resume gfx-start begin

   157      0.258 amdgpu[0]: CP resume gfx-start end result=0

   158      0.258 gfx: CP step 6: rc 0, 3 writes, 26 us
   159      0.258 gfx: op 1 to stage 6 -> 0x00000000, result 0, 3 writes, 1 doorbells
   160      0.258 startup: CP step 6 returned 0x00000000 result 0
   161      0.258 startup: entering CP step 7
   162      0.260 amdgpu[0]: CP resume gfx-test ring=0 begin

   163      0.260 amdgpu[0]: CP resume gfx-test ring=0 end result=0

   164      0.260 gfx: CP step 7: rc 0, 1 writes, 14 us
   165      0.260 gfx: op 1 to stage 6 -> 0x00000000, result 0, 1 writes, 1 doorbells
   166      0.260 startup: CP step 7 returned 0x00000000 result 0
   167      0.262 startup: entering CP step 8
   168      0.264 amdgpu[0]: CP resume compute-test ring=0 begin

   169      0.264 amdgpu[0]: CP resume compute-test ring=0 end result=0

   170      0.264 amdgpu[0]: CP resume compute-test ring=1 begin

   171      0.264 amdgpu[0]: CP resume compute-test ring=1 end result=0

   172      0.264 amdgpu[0]: CP resume compute-test ring=2 begin

   173      0.264 amdgpu[0]: CP resume compute-test ring=2 end result=0

   174      0.264 amdgpu[0]: CP resume compute-test ring=3 begin

   175      0.264 amdgpu[0]: CP resume compute-test ring=3 end result=0

   176      0.264 amdgpu[0]: CP resume compute-test ring=4 begin

   177      0.264 amdgpu[0]: CP resume compute-test ring=4 end result=0

   178      0.264 amdgpu[0]: CP resume compute-test ring=5 begin

   179      0.264 amdgpu[0]: CP resume compute-test ring=5 end result=0

   180      0.264 amdgpu[0]: CP resume compute-test ring=6 begin

   181      0.264 amdgpu[0]: CP resume compute-test ring=6 end result=0

   182      0.264 amdgpu[0]: CP resume compute-test ring=7 begin

   183      0.264 amdgpu[0]: CP resume compute-test ring=7 end result=0

   184      0.264 gfx: CP step 8: rc 0, 8 writes, 69 us
   185      0.264 gfx: op 1 to stage 6 -> 0x00000000, result 0, 8 writes, 8 doorbells
   186      0.264 startup: CP step 8 returned 0x00000000 result 0
   187      0.266 startup: entering GFX stage 7
   188      0.268 gfx: stage 7 (SDMA): rc 0, 93 writes so far, 108 us
   189      0.268 gfx: op 1 to stage 7 -> 0x00000000, result 0, 93 writes, 2 doorbells
   190      0.270 startup: entering GFX stage 8
   191      0.272 gfx: stage 8 (interrupt sources): rc 0, 35 writes so far, 24 us
   192      0.272 gfx: paging node ready, SDMA0 doorbell 0x200, per-buffer private commands
   193      0.272 gfx: op 1 to stage 8 -> 0x00000000, result 0, 35 writes, 0 doorbells
   194      0.274 startup: both engines ready
   195      0.276 startup: attempted 0xF completed 0xF status 0x00000000 ready 1 unwind 0 quarantine 0
   196      0.276 wddm: GPU initialized before adapter admission
   197      0.276 wddm: callbacks sync 1 notify 1 queuedpc 1 notifydpc 1, interface 312 of 312 bytes
   198      0.276 stage 35
   199      0.276 stage 39
   200      0.276 wddm: display QueryChildRelations call 1 detail 0x38 -> 0x00000000
   201      0.276 wddm: DRIVERCAPS into 576 bytes: wddm 8192 sched 0x45 mm 0x60 flip 0x12 slots 0 tdr 1 dflip 1 rot 1
   202      0.276 wddm: QueryAdapterInfo type 1 in 0 out 576 -> 0x00000000
   203      0.276 wddm: QueryAdapterInfo type 15 in 4 out 20 -> 0xC00000BB
   204      0.276 wddm: QueryAdapterInfo type 47 in 0 out 4 -> 0xC00000BB
   205      0.276 wddm: QueryAdapterInfo type 13 in 4 out 24 -> 0x00000000
   206      0.276 wddm: QueryAdapterInfo type 14 in 4 out 20 -> 0x00000000
   207      0.276 wddm: QueryAdapterInfo type 14 in 4 out 20 -> 0x00000000
   208      0.276 wddm: QueryAdapterInfo type 14 in 4 out 20 -> 0x00000000
   209      0.276 wddm: QueryAdapterInfo type 14 in 4 out 20 -> 0x00000000
   210      0.276 wddm: GetNodeMetadata node 0 adapter 0
   211      0.276 wddm: GetNodeMetadata node 1 adapter 0
   212      0.278 wddm: QUERYSEGMENT4 pass 1: 3 segment(s)
   213      0.278 wddm: QUERYSEGMENT4 pass 2: 3 segment(s), stride 104, paging buffer segment 0, 65536 bytes
   214      0.278 wddm: segment 1 flags 0x00080404 gpu 0xF4008D0000 cpu 0x2708D0000 size 0x1ED880000
   215      0.278 wddm: QueryAdapterInfo type 16 in 0 out 4 -> 0xC00000BB
   216      0.278 wddm: CreateProcess flags 0x00000001 pasids 1
   217      0.278 wddm: CreateDevice flags 0x00000001 pasid 0
   218      0.278 wddm: CreateDevice flags 0x00000001 pasid 0
   219      0.280 wddm: capture reservation ready 22020392 bytes
   220      0.280 wddm: CreateContext node 1 engine 0x1 flags 0x00000005 private 0
   221      0.280 wddm: CreateContext answered dma 4096 bytes segment set 0x2, lists 256/0, caps 0x00000001
   222      0.280 wddm: BuildPagingBuffer operation 11 segment 0, 65536 bytes free, pass offset 0
   223      0.280 vidmm: table physical cache query pa 0x45E153000 status 0xC0000141 type 6; retained map requests NC; borrowed VA attributes unproven
   224      0.280 vidmm: CPU update level 0 mode 0 start 0 count 512 status 0x00000000
   225      0.280 wddm: BuildPagingBuffer operation 11 segment 0, 65536 bytes free, pass offset 0
   226      0.280 vidmm: table physical cache query pa 0x45E154000 status 0xC0000141 type 6; retained map requests NC; borrowed VA attributes unproven
   227      0.280 vidmm: CPU update level 0 mode 0 start 0 count 512 status 0x00000000
   228      0.280 wddm: BuildPagingBuffer operation 11 segment 0, 65536 bytes free, pass offset 0
   229      0.280 vidmm: table physical cache query pa 0x45E155000 status 0xC0000141 type 6; retained map requests NC; borrowed VA attributes unproven
   230      0.280 vidmm: CPU update level 0 mode 0 start 0 count 512 status 0x00000000
   231      0.280 wddm: BuildPagingBuffer operation 11 segment 0, 65536 bytes free, pass offset 0
   232      0.280 vidmm: table physical cache query pa 0x45E156000 status 0xC0000141 type 6; retained map requests NC; borrowed VA attributes unproven
   233      0.280 vidmm: CPU update level 0 mode 0 start 0 count 512 status 0x00000000
   234      0.280 vidmm: table physical cache query pa 0x45E157000 status 0xC0000141 type 6; retained map requests NC; borrowed VA attributes unproven
   235      0.280 vidmm: CPU update level 0 mode 0 start 0 count 512 status 0x00000000
   236      0.280 vidmm: table physical cache query pa 0x45E158000 status 0xC0000141 type 6; retained map requests NC; borrowed VA attributes unproven
   237      0.280 vidmm: CPU update level 0 mode 0 start 0 count 512 status 0x00000000
   238      0.280 vidmm: table physical cache query pa 0x45E159000 status 0xC0000141 type 6; retained map requests NC; borrowed VA attributes unproven
   239      0.280 vidmm: CPU update level 0 mode 0 start 0 count 512 status 0x00000000
   240      0.280 vidmm: table physical cache query pa 0x45E15A000 status 0xC0000141 type 6; retained map requests NC; borrowed VA attributes unproven
   241      0.280 vidmm: CPU update level 0 mode 0 start 0 count 512 status 0x00000000
   242      0.312 wddm: SetRootPageTable segment 3 offset 0x0, 512 entries
   243      0.312 vidmm: root page table 3:0x0 = physical 0x45E150000, 512 entries (the VMID is pointed at it by the first packet)
   244      0.312 wddm: display QueryDeviceDescriptor call 1 detail 0x250001 -> 0xC01D0001
   245      0.312 wddm: display QueryDeviceDescriptor call 2 detail 0x250001 -> 0xC01D0001
   246      0.312 wddm: display RecommendMonitorModes call 1 detail 0x0 -> 0x00000000
   247      0.314 wddm: display IsSupportedVidPn call 1 detail 0x0 -> 0x00000000
   248      0.314 wddm: display IsSupportedVidPn call 2 detail 0x0 -> 0x00000000
   249      0.314 wddm: display IsSupportedVidPn call 3 detail 0x0 -> 0x00000000
   250      0.314 wddm: display EnumVidPnCofuncModality call 1 detail 0x0 -> 0x00000000
   251      0.314 wddm: display IsSupportedVidPn call 4 detail 0x0 -> 0x00000000
   252      0.314 wddm: display EnumVidPnCofuncModality call 2 detail 0x0 -> 0x00000000
   253      0.314 wddm: display IsSupportedVidPn call 5 detail 0x0 -> 0x00000000
   254      0.314 wddm: display EnumVidPnCofuncModality call 3 detail 0x0 -> 0x00000000
   255      0.314 wddm: display IsSupportedVidPn call 6 detail 0x0 -> 0x00000000
   256      0.314 wddm: display EnumVidPnCofuncModality call 4 detail 0x0 -> 0x00000000
   257      0.314 wddm: display EnumVidPnCofuncModality call 5 detail 0x0 -> 0x00000000
   258      0.316 wddm: CreateProcess flags 0x00000002 pasids 1
   259      0.316 wddm: CreateDevice flags 0x00000002 pasid 0
   260      0.316 wddm: CreateContext node 0 engine 0x1 flags 0x00000006 private 0
   261      0.316 wddm: CreateContext answered dma 4096 bytes segment set 0x2, lists 256/0, caps 0x00000001
   262      0.316 wddm: SubmitCommandVirtual fence 1 node 1 flags 0x00000001 va 0x0 size 4024
   263      0.316 gfx: paging submit, 1006 dwords from private buffer at 0x0, seq 1
   264      0.316 wddm: SubmitCommandVirtual fence 2 node 1 flags 0x00000001 va 0x0 size 4072
   265      0.316 gfx: paging submit, 1018 dwords from private buffer at 0x0, seq 2
   266      0.316 wddm: SubmitCommandVirtual fence 3 node 1 flags 0x00000001 va 0x0 size 4016
   267      0.316 gfx: paging submit, 1004 dwords from private buffer at 0x0, seq 3
   268      0.316 wddm: SubmitCommandVirtual fence 4 node 1 flags 0x00000001 va 0x0 size 4016
   269      0.316 gfx: paging submit, 1004 dwords from private buffer at 0x0, seq 4
   270      0.316 wddm: BuildPagingBuffer operation 12 segment 0, 64720 bytes free, pass offset 0
   271      0.316 wddm: SubmitCommandVirtual fence 5 node 1 flags 0x00000001 va 0x0 size 876
   272      0.316 gfx: paging submit, 219 dwords from private buffer at 0x0, seq 5
   273      0.316 wddm: BuildPagingBuffer operation 12 segment 0, 64596 bytes free, pass offset 0
   274      0.316 wddm: SubmitCommandVirtual fence 6 node 1 flags 0x00000001 va 0x36C size 124
   275      0.316 gfx: paging submit, 31 dwords from private buffer at 0x36C, seq 6
   276      0.316 wddm: display EnumVidPnCofuncModality call 6 detail 0x0 -> 0x00000000
   277      0.316 wddm: GetStandardAllocationDriverData type 1 1920x1200 format 21 -> 9216000 bytes
   278      0.316 wddm: GetStandardAllocationDriverData type 1 1920x1200 format 21 -> 9216000 bytes
   279      0.316 wddm: CreateAllocation 1 allocations, flags 1 resource yes
   280      0.316 wddm: OpenAllocation [0] handle 0x40001AC0 private 32 bytes -> FFFF8389A15AA070 (GetHandleData said 0000000000000000)
   281      0.316 wddm: OpenAllocation 1 allocations flags 0x00000001
   282      0.316 wddm: SubmitCommandVirtual fence 7 node 1 flags 0x00000001 va 0x3E8 size 3072
   283      0.316 gfx: paging submit, 768 dwords from private buffer at 0x3E8, seq 7
   284      0.316 wddm: SubmitCommandVirtual fence 8 node 1 flags 0x00000001 va 0x0 size 4016
   285      0.316 gfx: paging submit, 1004 dwords from private buffer at 0x0, seq 8
   286      0.316 gfx: paging submit, 1004 dwords from private buffer at 0x0, seq 9
   287      0.316 gfx: paging submit, 1004 dwords from private buffer at 0x0, seq 10
   288      0.316 wddm: BuildPagingBuffer operation 12 segment 0, 62152 bytes free, pass offset 0
   289      0.316 wddm: BuildPagingBuffer operation 9 segment 0, 62092 bytes free, pass offset 0
   290      0.316 amdgpu[2]: ring alloc of 16 dwords exceeds max_dw 12

   291      0.316 wddm: BuildPagingBuffer operation 9 segment 0, 65536 bytes free, pass offset 29
   292      0.316 gfx: paging submit, 1006 dwords from private buffer at 0x0, seq 11
   293      0.316 amdgpu[2]: ring alloc of 16 dwords exceeds max_dw 13

   294      0.316 wddm: BuildPagingBuffer operation 9 segment 0, 65536 bytes free, pass offset 230
   295      0.316 gfx: paging submit, 1005 dwords from private buffer at 0x0, seq 12
   296      0.316 amdgpu[2]: ring alloc of 16 dwords exceeds max_dw 13

   297      0.318 gfx: paging submit, 1005 dwords from private buffer at 0x0, seq 13
   298      0.318 wddm: BuildPagingBuffer operation 9 segment 0, 65536 bytes free, pass offset 431
   299      0.318 amdgpu[2]: ring alloc of 16 dwords exceeds max_dw 13

   300      0.318 gfx: paging submit, 1005 dwords from private buffer at 0x0, seq 14
   301      0.318 amdgpu[2]: ring alloc of 16 dwords exceeds max_dw 13

   302      0.318 gfx: paging submit, 1005 dwords from private buffer at 0x0, seq 15
   303      0.318 amdgpu[2]: ring alloc of 16 dwords exceeds max_dw 13

   304      0.318 gfx: paging submit, 1005 dwords from private buffer at 0x0, seq 16
   305      0.318 amdgpu[2]: ring alloc of 16 dwords exceeds max_dw 13

   306      0.318 gfx: paging submit, 1005 dwords from private buffer at 0x0, seq 17
   307      0.318 amdgpu[2]: ring alloc of 16 dwords exceeds max_dw 13

   308      0.318 gfx: paging submit, 1005 dwords from private buffer at 0x0, seq 18
   309      0.318 amdgpu[2]: ring alloc of 16 dwords exceeds max_dw 13

   310      0.318 gfx: paging submit, 1005 dwords from private buffer at 0x0, seq 19
   311      0.320 amdgpu[2]: ring alloc of 16 dwords exceeds max_dw 13

   312      0.320 gfx: paging submit, 1005 dwords from private buffer at 0x0, seq 20
   313      0.320 amdgpu[2]: ring alloc of 16 dwords exceeds max_dw 13

   314      0.320 gfx: paging submit, 1005 dwords from private buffer at 0x0, seq 21
   315      0.320 amdgpu[2]: ring alloc of 16 dwords exceeds max_dw 13

   316      0.320 gfx: paging submit, 1005 dwords from private buffer at 0x0, seq 22
   317      0.320 gfx: paging submit, 50 dwords from private buffer at 0x0, seq 23
   318      0.320 gfx: paging submit, 960 dwords from private buffer at 0xC8, seq 24
   319      0.320 gfx: paging submit, 974 dwords from private buffer at 0x0, seq 25
   320      0.320 gfx: paging submit, 1006 dwords from private buffer at 0x0, seq 26
   321      0.320 gfx: paging submit, 1004 dwords from private buffer at 0x0, seq 27
   322      0.320 gfx: paging submit, 1004 dwords from private buffer at 0x0, seq 28
   323      0.320 wddm: BuildPagingBuffer operation 12 segment 0, 62984 bytes free, pass offset 0
   324      0.320 gfx: paging submit, 653 dwords from private buffer at 0x0, seq 29
   325      0.320 gfx: paging submit, 56 dwords from private buffer at 0x0, seq 30
   326      0.320 gfx: paging submit, 960 dwords from private buffer at 0xE0, seq 31
   327      0.320 gfx: paging submit, 92 dwords from private buffer at 0x0, seq 32
   328      0.320 gfx: paging submit, 912 dwords from private buffer at 0x170, seq 33
   329      0.320 gfx: paging submit, 140 dwords from private buffer at 0x0, seq 34
   330      0.320 gfx: paging submit, 864 dwords from private buffer at 0x230, seq 35
   331      0.320 gfx: paging submit, 188 dwords from private buffer at 0x0, seq 36
   332      0.320 gfx: paging submit, 822 dwords from private buffer at 0x2F0, seq 37
   333      0.322 gfx: paging submit, 281 dwords from private buffer at 0x0, seq 38
   334      0.322 wddm: DescribeAllocation 1920x1200 format 21
   335      0.322 wddm: GetStandardAllocationDriverData type 2 1920x1200 format 21 -> 9216000 bytes
   336      0.322 wddm: GetStandardAllocationDriverData type 2 1920x1200 format 21 -> 9216000 bytes
   337      0.322 wddm: CreateAllocation 1 allocations, flags 1 resource yes
   338      0.322 wddm: OpenAllocation [0] handle 0x40001B40 private 32 bytes -> FFFF8389A15AA800 (GetHandleData said 0000000000000000)
   339      0.322 wddm: OpenAllocation 1 allocations flags 0x00000001
   340      0.322 gfx: paging submit, 736 dwords from private buffer at 0x464, seq 39
   341      0.322 gfx: paging submit, 1004 dwords from private buffer at 0x0, seq 40
   342      0.322 gfx: paging submit, 1004 dwords from private buffer at 0x0, seq 41
   343      0.322 gfx: paging submit, 1004 dwords from private buffer at 0x0, seq 42
   344      0.322 amdgpu[2]: ring alloc of 16 dwords exceeds max_dw 15

   345      0.322 gfx: paging submit, 1003 dwords from private buffer at 0x0, seq 43
   346      0.322 amdgpu[2]: ring alloc of 16 dwords exceeds max_dw 13

   347      0.322 gfx: paging submit, 1005 dwords from private buffer at 0x0, seq 44
   348      0.322 amdgpu[2]: ring alloc of 16 dwords exceeds max_dw 13

   349      0.322 gfx: paging submit, 1005 dwords from private buffer at 0x0, seq 45
   350      0.322 amdgpu[2]: ring alloc of 16 dwords exceeds max_dw 13

   351      0.322 gfx: paging submit, 1005 dwords from private buffer at 0x0, seq 46
   352      0.322 amdgpu[2]: ring alloc of 16 dwords exceeds max_dw 13

   353      0.322 gfx: paging submit, 1005 dwords from private buffer at 0x0, seq 47
   354      0.322 amdgpu[2]: ring alloc of 16 dwords exceeds max_dw 13

   355      0.322 gfx: paging submit, 1005 dwords from private buffer at 0x0, seq 48
   356      0.322 amdgpu[2]: ring alloc of 16 dwords exceeds max_dw 13

   357      0.324 gfx: paging submit, 1005 dwords from private buffer at 0x0, seq 49
   358      0.324 amdgpu[2]: ring alloc of 16 dwords exceeds max_dw 13

   359      0.324 gfx: paging submit, 1005 dwords from private buffer at 0x0, seq 50
   360      0.324 amdgpu[2]: ring alloc of 16 dwords exceeds max_dw 13

   361      0.324 gfx: paging submit, 1005 dwords from private buffer at 0x0, seq 51
   362      0.324 amdgpu[2]: ring alloc of 16 dwords exceeds max_dw 13

   363      0.324 gfx: paging submit, 1005 dwords from private buffer at 0x0, seq 52
   364      0.324 amdgpu[2]: ring alloc of 16 dwords exceeds max_dw 13

   365      0.324 gfx: paging submit, 1005 dwords from private buffer at 0x0, seq 53
   366      0.324 amdgpu[2]: ring alloc of 16 dwords exceeds max_dw 13

   367      0.324 gfx: paging submit, 1005 dwords from private buffer at 0x0, seq 54
   368      0.324 gfx: paging submit, 85 dwords from private buffer at 0x0, seq 55
   369      0.326 gfx: paging submit, 918 dwords from private buffer at 0x154, seq 56
   370      0.326 gfx: paging submit, 1004 dwords from private buffer at 0x0, seq 57
   371      0.326 gfx: paging submit, 1004 dwords from private buffer at 0x0, seq 58
   372      0.326 gfx: paging submit, 1004 dwords from private buffer at 0x0, seq 59
   373      0.326 gfx: paging submit, 1004 dwords from private buffer at 0x0, seq 60
   374      0.326 gfx: paging submit, 319 dwords from private buffer at 0x0, seq 61
   375      0.326 gfx: paging submit, 688 dwords from private buffer at 0x4FC, seq 62
   376      0.326 gfx: paging submit, 364 dwords from private buffer at 0x0, seq 63
   377      0.326 gfx: paging submit, 640 dwords from private buffer at 0x5B0, seq 64
   378      0.326 gfx: paging submit, 412 dwords from private buffer at 0x0, seq 65
   379      0.326 gfx: paging submit, 592 dwords from private buffer at 0x670, seq 66
   380      0.326 gfx: paging submit, 460 dwords from private buffer at 0x0, seq 67
   381      0.326 gfx: paging submit, 546 dwords from private buffer at 0x730, seq 68
   382      0.326 gfx: paging submit, 557 dwords from private buffer at 0x0, seq 69
   383      0.326 stage 50
   384      0.326 wddm: display CommitVidPn call 1 detail 0x0 -> 0x00000000
   385      0.326 wddm: DescribeAllocation 1920x1200 format 21
   386      0.326 wddm: SetVidPnSourceAddress segment 1 address 0xF4008D0000 flags 0x00000001 (firmware framebuffer 0xC0000000)
   387      0.326 wddm: software vsync on, 16 ms period, target 2424833
   388      0.326 wddm: display SetVidPnSourceVisibility call 1 detail 0x0 -> 0x00000000
   389      0.326 wddm: DescribeAllocation 1920x1200 format 21
   390      0.552 wddm: ControlInterrupt type 3 on -> 0x00000000
   391      0.567 wddm: ControlInterrupt type 3 off -> 0x00000000
   392      0.567 wddm: ControlInterrupt type 3 on -> 0x00000000
   393      0.582 wddm: ControlInterrupt type 3 off -> 0x00000000
   394      0.582 wddm: ControlInterrupt type 3 on -> 0x00000000
   395      0.599 wddm: ControlInterrupt type 3 off -> 0x00000000
   396      0.599 wddm: ControlInterrupt type 3 on -> 0x00000000
   397      0.615 wddm: ControlInterrupt type 3 off -> 0x00000000
   398      3.519 wddm: Present flags 0x00000001 source 0 dest 0, 1 sub-rectangles, 4096 DMA bytes free
   399      3.519 wddm: Present list FFFF940D31C3DBB0 (context list 256), private FFFF838998C11010/2184, driver data 0
   400      3.519 wddm: Present list q0-3  0000000000000000 0000000000000000 0000000000000000 0000000000000000
   401      3.519 wddm: Present list q4-7  FFFF8389A15AA800 00000000008DC000 0000000000000000 0000000000000000
   402      3.519 wddm: Present list q8-11 FFFF8389A15AA070 0000000000012000 0000000000000000 0000000000000000
   403      3.519 wddm: Present dst (0,0)-(1920,1200) src (0,0)-(1920,1200) va 0x11000
   404      3.519 wddm: SetRootPageTable segment 3 offset 0xFEAF000, 512 entries
   405      3.519 vidmm: root page table 3:0xFEAF000 = physical 0x46DFFF000, 512 entries (the VMID is pointed at it by the first packet)
   406      3.519 wddm: SubmitCommandVirtual fence 1 node 0 flags 0x00000002 va 0x11000 size 0
   407      3.519 wddm: malformed virtual present rejected
   408      3.545 wddm: Present flags 0x00000001 source 0 dest 0, 3 sub-rectangles, 4096 DMA bytes free
   409      3.545 wddm: Present list FFFF940D31C3DBB0 (context list 256), private FFFF83899AC57050/2184, driver data 0
   410      3.545 wddm: Present list q0-3  0000000000000000 0000000000000000 0000000000000000 0000000000000000
   411      3.545 wddm: Present list q4-7  FFFF8389A15AA800 00000000008DC000 0000000000000000 0000000000000000
   412      3.545 wddm: Present list q8-11 FFFF8389A15AA070 0000000000012000 0000000000000000 0000000000000000
   413      3.545 wddm: Present dst (0,0)-(1920,1200) src (0,0)-(1920,1200) va 0x10000
   414      3.547 wddm: CreateDevice flags 0x00000002 pasid 0
   415      3.547 wddm: CreateContext node 0 engine 0x1 flags 0x00000006 private 0
   416      3.547 wddm: CreateContext answered dma 4096 bytes segment set 0x2, lists 256/0, caps 0x00000001
   417      3.547 gfx: paging submit, 31 dwords from private buffer at 0x8B4, seq 70
   418      3.547 gfx: paging submit, 31 dwords from private buffer at 0x930, seq 71
   419      3.549 wddm: software vsync off after 201 ticks
   420      3.549 wddm: display SetVidPnSourceVisibility call 2 detail 0x0 -> 0x00000000
   421      3.549 wddm: GetStandardAllocationDriverData type 1 1920x1200 format 21 -> 9216000 bytes
   422      3.549 wddm: GetStandardAllocationDriverData type 1 1920x1200 format 21 -> 9216000 bytes
   423      3.549 wddm: CreateAllocation 1 allocations, flags 1 resource yes
   424      3.549 wddm: OpenAllocation [0] handle 0x40001C40 private 32 bytes -> FFFF8389A15A4B30 (GetHandleData said 0000000000000000)
   425      3.549 wddm: OpenAllocation 1 allocations flags 0x00000001
   426      3.549 gfx: paging submit, 384 dwords from private buffer at 0x9AC, seq 72
   427      3.549 gfx: paging submit, 1004 dwords from private buffer at 0x0, seq 73
   428      3.549 gfx: paging submit, 1004 dwords from private buffer at 0x0, seq 74
   429      3.549 gfx: paging submit, 1004 dwords from private buffer at 0x0, seq 75
   430      3.549 gfx: paging submit, 1004 dwords from private buffer at 0x0, seq 76
   431      3.549 amdgpu[2]: ring alloc of 16 dwords exceeds max_dw 13

   432      3.549 gfx: paging submit, 1005 dwords from private buffer at 0x0, seq 77
   433      3.549 amdgpu[2]: ring alloc of 16 dwords exceeds max_dw 13

   434      3.549 gfx: paging submit, 1005 dwords from private buffer at 0x0, seq 78
   435      3.549 amdgpu[2]: ring alloc of 16 dwords exceeds max_dw 13

   436      3.551 gfx: paging submit, 1005 dwords from private buffer at 0x0, seq 79
   437      3.551 amdgpu[2]: ring alloc of 16 dwords exceeds max_dw 13

   438      3.551 gfx: paging submit, 1005 dwords from private buffer at 0x0, seq 80
   439      3.551 amdgpu[2]: ring alloc of 16 dwords exceeds max_dw 13

   440      3.551 gfx: paging submit, 1005 dwords from private buffer at 0x0, seq 81
   441      3.551 amdgpu[2]: ring alloc of 16 dwords exceeds max_dw 13

   442      3.551 gfx: paging submit, 1005 dwords from private buffer at 0x0, seq 82
   443      3.551 amdgpu[2]: ring alloc of 16 dwords exceeds max_dw 13

   444      3.551 gfx: paging submit, 1005 dwords from private buffer at 0x0, seq 83
   445      3.551 amdgpu[2]: ring alloc of 16 dwords exceeds max_dw 13

   446      3.551 gfx: paging submit, 1005 dwords from private buffer at 0x0, seq 84
   447      3.551 amdgpu[2]: ring alloc of 16 dwords exceeds max_dw 13

   448      3.551 gfx: paging submit, 1005 dwords from private buffer at 0x0, seq 85
   449      3.553 amdgpu[2]: ring alloc of 16 dwords exceeds max_dw 13

   450      3.553 gfx: paging submit, 1005 dwords from private buffer at 0x0, seq 86
   451      3.553 amdgpu[2]: ring alloc of 16 dwords exceeds max_dw 13

   452      3.553 gfx: paging submit, 1005 dwords from private buffer at 0x0, seq 87
   453      3.553 gfx: paging submit, 450 dwords from private buffer at 0x0, seq 88
   454      3.553 gfx: paging submit, 558 dwords from private buffer at 0x708, seq 89
   455      3.553 gfx: paging submit, 1004 dwords from private buffer at 0x0, seq 90
   456      3.553 gfx: paging submit, 1004 dwords from private buffer at 0x0, seq 91
   457      3.553 gfx: paging submit, 1004 dwords from private buffer at 0x0, seq 92
   458      3.553 gfx: paging submit, 1004 dwords from private buffer at 0x0, seq 93
   459      3.553 gfx: paging submit, 271 dwords from private buffer at 0x0, seq 94
   460      3.553 gfx: paging submit, 736 dwords from private buffer at 0x43C, seq 95
   461      3.553 gfx: paging submit, 316 dwords from private buffer at 0x0, seq 96
   462      3.553 gfx: paging submit, 688 dwords from private buffer at 0x4F0, seq 97
   463      3.553 gfx: paging submit, 364 dwords from private buffer at 0x0, seq 98
   464      3.553 gfx: paging submit, 640 dwords from private buffer at 0x5B0, seq 99
   465      3.553 gfx: paging submit, 412 dwords from private buffer at 0x0, seq 100
   466      3.553 gfx: paging submit, 592 dwords from private buffer at 0x670, seq 101
   467      3.553 gfx: paging submit, 460 dwords from private buffer at 0x0, seq 102
   468      3.553 gfx: paging submit, 544 dwords from private buffer at 0x730, seq 103
   469      3.553 gfx: paging submit, 561 dwords from private buffer at 0x0, seq 104
   470      3.553 wddm: DescribeAllocation 1920x1200 format 21
   471      3.553 wddm: GetStandardAllocationDriverData type 2 1920x1200 format 21 -> 9216000 bytes
   472      3.553 wddm: GetStandardAllocationDriverData type 2 1920x1200 format 21 -> 9216000 bytes
   473      3.553 wddm: CreateAllocation 1 allocations, flags 1 resource yes
   474      3.553 wddm: OpenAllocation [0] handle 0x40001CC0 private 32 bytes -> FFFF8389A15A6340 (GetHandleData said 0000000000000000)
   475      3.553 wddm: OpenAllocation 1 allocations flags 0x00000001
   476      3.555 gfx: paging submit, 448 dwords from private buffer at 0x8C4, seq 105
   477      3.555 gfx: paging submit, 1004 dwords from private buffer at 0x0, seq 106
   478      3.555 gfx: paging submit, 1004 dwords from private buffer at 0x0, seq 107
   479      3.555 gfx: paging submit, 1004 dwords from private buffer at 0x0, seq 108
   480      3.555 gfx: paging submit, 1004 dwords from private buffer at 0x0, seq 109
   481      3.555 amdgpu[2]: ring alloc of 16 dwords exceeds max_dw 12

   482      3.555 gfx: paging submit, 1006 dwords from private buffer at 0x0, seq 110
   483      3.555 amdgpu[2]: ring alloc of 16 dwords exceeds max_dw 13

   484      3.555 gfx: paging submit, 1005 dwords from private buffer at 0x0, seq 111
   485      3.555 amdgpu[2]: ring alloc of 16 dwords exceeds max_dw 13

   486      3.555 gfx: paging submit, 1005 dwords from private buffer at 0x0, seq 112
   487      3.555 amdgpu[2]: ring alloc of 16 dwords exceeds max_dw 13

   488      3.555 gfx: paging submit, 1005 dwords from private buffer at 0x0, seq 113
   489      3.555 amdgpu[2]: ring alloc of 16 dwords exceeds max_dw 13

   490      3.555 gfx: paging submit, 1005 dwords from private buffer at 0x0, seq 114
   491      3.555 amdgpu[2]: ring alloc of 16 dwords exceeds max_dw 13

   492      3.555 gfx: paging submit, 1005 dwords from private buffer at 0x0, seq 115
   493      3.555 amdgpu[2]: ring alloc of 16 dwords exceeds max_dw 13

   494      3.557 gfx: paging submit, 1005 dwords from private buffer at 0x0, seq 116
   495      3.557 amdgpu[2]: ring alloc of 16 dwords exceeds max_dw 13

   496      3.557 gfx: paging submit, 1005 dwords from private buffer at 0x0, seq 117
   497      3.557 amdgpu[2]: ring alloc of 16 dwords exceeds max_dw 13

   498      3.557 gfx: paging submit, 1005 dwords from private buffer at 0x0, seq 118
   499      3.557 amdgpu[2]: ring alloc of 16 dwords exceeds max_dw 13

   500      3.557 gfx: paging submit, 1005 dwords from private buffer at 0x0, seq 119
   501      3.557 amdgpu[2]: ring alloc of 16 dwords exceeds max_dw 13

   502      3.557 gfx: paging submit, 1005 dwords from private buffer at 0x0, seq 120
   503      3.557 gfx: paging submit, 385 dwords from private buffer at 0x0, seq 121
   504      3.557 gfx: paging submit, 624 dwords from private buffer at 0x604, seq 122
   505      3.557 gfx: paging submit, 974 dwords from private buffer at 0x0, seq 123
   506      3.559 gfx: paging submit, 1006 dwords from private buffer at 0x0, seq 124
   507      3.559 gfx: paging submit, 1004 dwords from private buffer at 0x0, seq 125
   508      3.559 gfx: paging submit, 1004 dwords from private buffer at 0x0, seq 126
   509      3.559 gfx: paging submit, 653 dwords from private buffer at 0x0, seq 127
   510      3.559 gfx: paging submit, 200 dwords from private buffer at 0x0, seq 128
   511      3.559 gfx: paging submit, 816 dwords from private buffer at 0x320, seq 129
   512      3.559 gfx: paging submit, 236 dwords from private buffer at 0x0, seq 130
   513      3.559 gfx: paging submit, 768 dwords from private buffer at 0x3B0, seq 131
   514      3.559 gfx: paging submit, 284 dwords from private buffer at 0x0, seq 132
   515      3.559 gfx: paging submit, 720 dwords from private buffer at 0x470, seq 133
   516      3.559 gfx: paging submit, 332 dwords from private buffer at 0x0, seq 134
   517      3.559 gfx: paging submit, 678 dwords from private buffer at 0x530, seq 135
   518      3.559 gfx: paging submit, 425 dwords from private buffer at 0x0, seq 136
   519      3.559 wddm: display CommitVidPn call 2 detail 0x0 -> 0x00000000
   520      3.559 wddm: DescribeAllocation 1920x1200 format 21
   521      3.559 wddm: SetVidPnSourceAddress segment 1 address 0xF401A64000 flags 0x00000001 (firmware framebuffer 0xC0000000)
   522      3.559 wddm: software vsync on, 16 ms period, target 2424833
   523      3.559 wddm: display SetVidPnSourceVisibility call 3 detail 0x0 -> 0x00000000
   524      3.559 wddm: DescribeAllocation 1920x1200 format 21
   525      3.559 gfx: paging submit, 31 dwords from private buffer at 0x6A4, seq 137
   526      3.559 gfx: paging submit, 31 dwords from private buffer at 0x720, seq 138
   527      3.559 wddm: DestroyContext
   528      3.559 gfx: paging submit, 528 dwords from private buffer at 0x79C, seq 139
   529      3.559 gfx: paging submit, 977 dwords from private buffer at 0x0, seq 140
   530      3.559 gfx: paging submit, 15 dwords from private buffer at 0xF44, seq 141
   531      3.559 wddm: CloseAllocation 1 allocations
   532      3.559 wddm: DestroyAllocation 1 allocations
   533      3.559 wddm: BuildPagingBuffer operation 2 segment 0, 61568 bytes free, pass offset 0
   534      3.559 gfx: paging submit, 16 dwords from private buffer at 0xF80, seq 142
   535      3.559 gfx: paging submit, 37 dwords from private buffer at 0x0, seq 143
   536      3.559 gfx: paging submit, 15 dwords from private buffer at 0x94, seq 144
   537      3.559 wddm: CloseAllocation 1 allocations
   538      3.559 wddm: DestroyAllocation 1 allocations
   539      3.559 wddm: DestroyDevice
   540      3.579 wddm: Present flags 0x00000001 source 0 dest 0, 1 sub-rectangles, 4096 DMA bytes free
   541      3.579 wddm: Present list FFFF940D32060BB0 (context list 256), private FFFF8389A15956A0/2184, driver data 0
   542      3.579 wddm: Present list q0-3  0000000000000000 0000000000000000 0000000000000000 0000000000000000
   543      3.579 wddm: Present list q4-7  FFFF8389A15A6340 0000000001A72000 0000000000000000 0000000000000000
   544      3.579 wddm: Present list q8-11 FFFF8389A15A4B30 00000000011A8000 0000000000000000 0000000000000000
   545      3.579 wddm: Present dst (0,0)-(1920,1200) src (0,0)-(1920,1200) va 0x11A7000
   546      3.579 wddm: SetRootPageTable segment 3 offset 0xFEAF000, 512 entries
   547      3.579 vidmm: root page table 3:0xFEAF000 = physical 0x46DFFF000, 512 entries (the VMID is pointed at it by the first packet)
   548      3.579 wddm: SubmitCommandVirtual fence 2 node 0 flags 0x00000002 va 0x11A7000 size 0
   549      3.579 wddm: malformed virtual present rejected
   550      3.595 wddm: Present flags 0x00000001 source 0 dest 0, 3 sub-rectangles, 4096 DMA bytes free
   551      3.595 wddm: Present list FFFF940D32060BB0 (context list 256), private FFFF83899FE706A0/2184, driver data 0
   552      3.595 wddm: Present list q0-3  0000000000000000 0000000000000000 0000000000000000 0000000000000000
   553      3.595 wddm: Present list q4-7  FFFF8389A15A6340 0000000001A72000 0000000000000000 0000000000000000
   554      3.595 wddm: Present list q8-11 FFFF8389A15A4B30 00000000011A8000 0000000000000000 0000000000000000
   555      3.595 wddm: Present dst (0,0)-(1920,1200) src (0,0)-(1920,1200) va 0x11A6000
   556      3.597 wddm: CreateDevice flags 0x00000002 pasid 0
   557      3.597 wddm: CreateContext node 0 engine 0x1 flags 0x00000006 private 0
   558      3.597 wddm: CreateContext answered dma 4096 bytes segment set 0x2, lists 256/0, caps 0x00000001
   559      3.597 gfx: paging submit, 31 dwords from private buffer at 0xD0, seq 145
   560      3.597 gfx: paging submit, 926 dwords from private buffer at 0x14C, seq 146
   561      3.597 gfx: paging submit, 185 dwords from private buffer at 0x0, seq 147
   562      3.599 wddm: software vsync off after 203 ticks
   563      3.599 wddm: display SetVidPnSourceVisibility call 4 detail 0x0 -> 0x00000000
   564      3.599 wddm: CreateAllocation 1 allocations, flags 1 resource yes
   565      3.599 wddm: OpenAllocation [0] handle 0x40001DC0 private 32 bytes -> FFFF83899EDCAB80 (GetHandleData said 0000000000000000)
   566      3.599 wddm: OpenAllocation 1 allocations flags 0x00000001
   567      3.599 gfx: paging submit, 832 dwords from private buffer at 0x2E4, seq 148
   568      3.599 gfx: paging submit, 1004 dwords from private buffer at 0x0, seq 149
   569      3.599 gfx: paging submit, 1004 dwords from private buffer at 0x0, seq 150
   570      3.599 gfx: paging submit, 1004 dwords from private buffer at 0x0, seq 151
   571      3.599 amdgpu[2]: ring alloc of 16 dwords exceeds max_dw 11

   572      3.599 gfx: paging submit, 1007 dwords from private buffer at 0x0, seq 152
   573      3.599 amdgpu[2]: ring alloc of 16 dwords exceeds max_dw 13

   574      3.599 gfx: paging submit, 1005 dwords from private buffer at 0x0, seq 153
   575      3.599 amdgpu[2]: ring alloc of 16 dwords exceeds max_dw 13

   576      3.599 gfx: paging submit, 1005 dwords from private buffer at 0x0, seq 154
   577      3.599 amdgpu[2]: ring alloc of 16 dwords exceeds max_dw 13

   578      3.599 gfx: paging submit, 1005 dwords from private buffer at 0x0, seq 155
   579      3.599 amdgpu[2]: ring alloc of 16 dwords exceeds max_dw 13

   580      3.599 gfx: paging submit, 1005 dwords from private buffer at 0x0, seq 156
   581      3.599 amdgpu[2]: ring alloc of 16 dwords exceeds max_dw 13

   582      3.601 gfx: paging submit, 1005 dwords from private buffer at 0x0, seq 157
   583      3.601 amdgpu[2]: ring alloc of 16 dwords exceeds max_dw 13

   584      3.601 gfx: paging submit, 1005 dwords from private buffer at 0x0, seq 158
   585      3.601 amdgpu[2]: ring alloc of 16 dwords exceeds max_dw 13

   586      3.601 gfx: paging submit, 1005 dwords from private buffer at 0x0, seq 159
   587      3.601 amdgpu[2]: ring alloc of 16 dwords exceeds max_dw 13

   588      3.601 gfx: paging submit, 1005 dwords from private buffer at 0x0, seq 160
   589      3.601 amdgpu[2]: ring alloc of 16 dwords exceeds max_dw 13

   590      3.601 gfx: paging submit, 1005 dwords from private buffer at 0x0, seq 161
   591      3.601 amdgpu[2]: ring alloc of 16 dwords exceeds max_dw 13

   592      3.601 gfx: paging submit, 1005 dwords from private buffer at 0x0, seq 162
   593      3.601 gfx: paging submit, 990 dwords from private buffer at 0x0, seq 163
   594      3.603 gfx: paging submit, 16 dwords from private buffer at 0xF78, seq 164
   595      3.603 gfx: paging submit, 974 dwords from private buffer at 0x0, seq 165
   596      3.603 gfx: paging submit, 1006 dwords from private buffer at 0x0, seq 166
   597      3.603 gfx: paging submit, 1004 dwords from private buffer at 0x0, seq 167
   598      3.603 gfx: paging submit, 1004 dwords from private buffer at 0x0, seq 168
   599      3.603 gfx: paging submit, 653 dwords from private buffer at 0x0, seq 169
   600      3.603 gfx: paging submit, 402 dwords from private buffer at 0x0, seq 170
   601      3.603 gfx: paging submit, 608 dwords from private buffer at 0x648, seq 171
   602      3.603 gfx: paging submit, 444 dwords from private buffer at 0x0, seq 172
   603      3.603 gfx: paging submit, 560 dwords from private buffer at 0x6F0, seq 173
   604      3.603 gfx: paging submit, 492 dwords from private buffer at 0x0, seq 174
   605      3.603 gfx: paging submit, 512 dwords from private buffer at 0x7B0, seq 175
   606      3.603 gfx: paging submit, 540 dwords from private buffer at 0x0, seq 176
   607      3.603 gfx: paging submit, 464 dwords from private buffer at 0x870, seq 177
   608      3.603 gfx: paging submit, 588 dwords from private buffer at 0x0, seq 178
   609      3.603 gfx: paging submit, 416 dwords from private buffer at 0x930, seq 179
   610      3.603 gfx: paging submit, 689 dwords from private buffer at 0x0, seq 180
   611      3.603 wddm: DescribeAllocation 1920x1200 format 21
   612      3.603 wddm: CreateAllocation 1 allocations, flags 1 resource yes
   613      3.603 wddm: OpenAllocation [0] handle 0x40001E40 private 32 bytes -> FFFF83899EDCB3C0 (GetHandleData said 0000000000000000)
   614      3.603 wddm: OpenAllocation 1 allocations flags 0x00000001
   615      3.603 gfx: paging submit, 320 dwords from private buffer at 0xAC4, seq 181
   616      3.603 gfx: paging submit, 1004 dwords from private buffer at 0x0, seq 182
   617      3.603 gfx: paging submit, 1004 dwords from private buffer at 0x0, seq 183
   618      3.603 gfx: paging submit, 1004 dwords from private buffer at 0x0, seq 184
   619      3.603 gfx: paging submit, 1004 dwords from private buffer at 0x0, seq 185
   620      3.603 amdgpu[2]: ring alloc of 16 dwords exceeds max_dw 14

   621      3.603 gfx: paging submit, 1004 dwords from private buffer at 0x0, seq 186
   622      3.603 amdgpu[2]: ring alloc of 16 dwords exceeds max_dw 13

   623      3.603 gfx: paging submit, 1005 dwords from private buffer at 0x0, seq 187
   624      3.603 amdgpu[2]: ring alloc of 16 dwords exceeds max_dw 13

   625      3.605 gfx: paging submit, 1005 dwords from private buffer at 0x0, seq 188
   626      3.605 amdgpu[2]: ring alloc of 16 dwords exceeds max_dw 13

   627      3.605 gfx: paging submit, 1005 dwords from private buffer at 0x0, seq 189
   628      3.605 amdgpu[2]: ring alloc of 16 dwords exceeds max_dw 13

   629      3.605 gfx: paging submit, 1005 dwords from private buffer at 0x0, seq 190
   630      3.605 amdgpu[2]: ring alloc of 16 dwords exceeds max_dw 13

   631      3.605 gfx: paging submit, 1005 dwords from private buffer at 0x0, seq 191
   632      3.605 amdgpu[2]: ring alloc of 16 dwords exceeds max_dw 13

   633      3.605 gfx: paging submit, 1005 dwords from private buffer at 0x0, seq 192
   634      3.605 amdgpu[2]: ring alloc of 16 dwords exceeds max_dw 13

   635      3.605 gfx: paging submit, 1005 dwords from private buffer at 0x0, seq 193
   636      3.605 amdgpu[2]: ring alloc of 16 dwords exceeds max_dw 13

   637      3.605 gfx: paging submit, 1005 dwords from private buffer at 0x0, seq 194
   638      3.607 amdgpu[2]: ring alloc of 16 dwords exceeds max_dw 13

   639      3.607 gfx: paging submit, 1005 dwords from private buffer at 0x0, seq 195
   640      3.607 amdgpu[2]: ring alloc of 16 dwords exceeds max_dw 13

   641      3.607 gfx: paging submit, 1005 dwords from private buffer at 0x0, seq 196
   642      3.607 gfx: paging submit, 515 dwords from private buffer at 0x0, seq 197
   643      3.607 gfx: paging submit, 496 dwords from private buffer at 0x80C, seq 198
   644      3.607 gfx: paging submit, 974 dwords from private buffer at 0x0, seq 199
   645      3.607 gfx: paging submit, 1006 dwords from private buffer at 0x0, seq 200
   646      3.607 gfx: paging submit, 1004 dwords from private buffer at 0x0, seq 201
   647      3.607 gfx: paging submit, 1004 dwords from private buffer at 0x0, seq 202
   648      3.607 gfx: paging submit, 653 dwords from private buffer at 0x0, seq 203
   649      3.607 gfx: paging submit, 522 dwords from private buffer at 0x0, seq 204
   650      3.607 gfx: paging submit, 496 dwords from private buffer at 0x828, seq 205
   651      3.607 gfx: paging submit, 556 dwords from private buffer at 0x0, seq 206
   652      3.607 gfx: paging submit, 448 dwords from private buffer at 0x8B0, seq 207
   653      3.607 gfx: paging submit, 604 dwords from private buffer at 0x0, seq 208
   654      3.607 gfx: paging submit, 400 dwords from private buffer at 0x970, seq 209
   655      3.607 gfx: paging submit, 652 dwords from private buffer at 0x0, seq 210
   656      3.607 gfx: paging submit, 352 dwords from private buffer at 0xA30, seq 211
   657      3.607 gfx: paging submit, 751 dwords from private buffer at 0x0, seq 212
   658      3.607 wddm: display CommitVidPn call 3 detail 0x0 -> 0x00000000
   659      3.607 wddm: DescribeAllocation 1920x1200 format 21
   660      3.607 wddm: SetVidPnSourceAddress segment 1 address 0xF4008D0000 flags 0x00000001 (firmware framebuffer 0xC0000000)
   661      3.607 wddm: software vsync on, 16 ms period, target 2424833
   662      3.607 wddm: display SetVidPnSourceVisibility call 5 detail 0x0 -> 0x00000000
   663      3.609 gfx: paging submit, 31 dwords from private buffer at 0xBBC, seq 213
   664      3.609 gfx: paging submit, 31 dwords from private buffer at 0xC38, seq 214
   665      3.609 wddm: DestroyContext
   666      3.609 gfx: paging submit, 192 dwords from private buffer at 0xCB4, seq 215
   667      3.609 gfx: paging submit, 1016 dwords from private buffer at 0x0, seq 216
   668      3.609 gfx: paging submit, 311 dwords from private buffer at 0x0, seq 217
   669      3.609 gfx: paging submit, 15 dwords from private buffer at 0x4DC, seq 218
   670      3.609 wddm: CloseAllocation 1 allocations
   671      3.609 wddm: DestroyAllocation 1 allocations
   672      3.609 wddm: BuildPagingBuffer operation 2 segment 0, 64232 bytes free, pass offset 0
   673      3.609 gfx: paging submit, 41 dwords from private buffer at 0x518, seq 219
   674      3.609 gfx: paging submit, 15 dwords from private buffer at 0x5BC, seq 220
   675      3.609 wddm: CloseAllocation 1 allocations
   676      3.609 wddm: DestroyAllocation 1 allocations
   677      3.609 wddm: DestroyDevice
   678      3.629 wddm: Present flags 0x00000001 source 0 dest 0, 1 sub-rectangles, 4096 DMA bytes free
   679      3.629 wddm: Present list FFFF940D33F94BB0 (context list 256), private FFFF8389972CE050/2184, driver data 0
   680      3.629 wddm: Present list q0-3  0000000000000000 0000000000000000 0000000000000000 0000000000000000
   681      3.629 wddm: Present list q4-7  FFFF83899EDCB3C0 0000000000011000 0000000000000000 0000000000000000
   682      3.629 wddm: Present list q8-11 FFFF83899EDCAB80 000000000233D000 0000000000000000 0000000000000000
   683      3.629 wddm: Present dst (0,0)-(1920,1200) src (0,0)-(1920,1200) va 0x10000
   684      3.629 wddm: SetRootPageTable segment 3 offset 0xFEAF000, 512 entries
   685      3.629 vidmm: root page table 3:0xFEAF000 = physical 0x46DFFF000, 512 entries (the VMID is pointed at it by the first packet)
   686      3.629 wddm: SubmitCommandVirtual fence 3 node 0 flags 0x00000002 va 0x10000 size 0
   687      3.629 wddm: malformed virtual present rejected
   688      6.260 wddm: Present flags 0x00000001 source 0 dest 0, 1 sub-rectangles, 4096 DMA bytes free
   689      6.260 wddm: Present list FFFF940D33F94BB0 (context list 256), private FFFF838995E79050/2184, driver data 0
   690      6.260 wddm: Present list q0-3  0000000000000000 0000000000000000 0000000000000000 0000000000000000
   691      6.260 wddm: Present list q4-7  FFFF83899EDCB3C0 0000000000011000 0000000000000000 0000000000000000
   692      6.260 wddm: Present list q8-11 FFFF83899EDCAB80 000000000233D000 0000000000000000 0000000000000000
   693      6.260 wddm: Present dst (0,0)-(1920,1200) src (0,0)-(1920,1200) va 0x233C000
   694      6.296 wddm: Present flags 0x00000001 source 0 dest 0, 3 sub-rectangles, 4096 DMA bytes free
   695      6.296 wddm: Present list FFFF940D33F94BB0 (context list 256), private FFFF8389972CE050/2184, driver data 0
   696      6.296 wddm: Present list q0-3  0000000000000000 0000000000000000 0000000000000000 0000000000000000
   697      6.296 wddm: Present list q4-7  FFFF83899EDCB3C0 0000000000011000 0000000000000000 0000000000000000
   698      6.296 wddm: Present list q8-11 FFFF83899EDCAB80 000000000233D000 0000000000000000 0000000000000000
   699      6.296 wddm: Present dst (0,0)-(1920,1200) src (0,0)-(1920,1200) va 0x10000
   700      6.296 wddm: CreateDevice flags 0x00000002 pasid 0
   701      6.296 wddm: CreateContext node 0 engine 0x1 flags 0x00000006 private 0
   702      6.296 wddm: CreateContext answered dma 4096 bytes segment set 0x2, lists 256/0, caps 0x00000001
   703      6.296 gfx: paging submit, 31 dwords from private buffer at 0x5F8, seq 221
   704      6.296 gfx: paging submit, 31 dwords from private buffer at 0x674, seq 222
   705      6.298 wddm: software vsync off after 371 ticks
   706      6.298 wddm: display SetVidPnSourceVisibility call 6 detail 0x0 -> 0x00000000
   707      6.298 wddm: CreateAllocation 1 allocations, flags 1 resource yes
   708      6.298 wddm: OpenAllocation [0] handle 0x40001F40 private 32 bytes -> FFFF8389A06F5440 (GetHandleData said 0000000000000000)
   709      6.298 wddm: OpenAllocation 1 allocations flags 0x00000001
   710      6.298 gfx: paging submit, 560 dwords from private buffer at 0x6F0, seq 223
   711      6.298 gfx: paging submit, 1004 dwords from private buffer at 0x0, seq 224
   712      6.298 gfx: paging submit, 1004 dwords from private buffer at 0x0, seq 225
   713      6.298 gfx: paging submit, 1004 dwords from private buffer at 0x0, seq 226
   714      6.298 gfx: paging submit, 1004 dwords from private buffer at 0x0, seq 227
   715      6.298 amdgpu[2]: ring alloc of 16 dwords exceeds max_dw 14

   716      6.298 gfx: paging submit, 1004 dwords from private buffer at 0x0, seq 228
   717      6.300 amdgpu[2]: ring alloc of 16 dwords exceeds max_dw 13

   718      6.300 gfx: paging submit, 1005 dwords from private buffer at 0x0, seq 229
   719      6.300 amdgpu[2]: ring alloc of 16 dwords exceeds max_dw 13

   720      6.300 gfx: paging submit, 1005 dwords from private buffer at 0x0, seq 230
   721      6.300 amdgpu[2]: ring alloc of 16 dwords exceeds max_dw 13

   722      6.300 gfx: paging submit, 1005 dwords from private buffer at 0x0, seq 231
   723      6.300 amdgpu[2]: ring alloc of 16 dwords exceeds max_dw 13

   724      6.300 gfx: paging submit, 1005 dwords from private buffer at 0x0, seq 232
   725      6.300 amdgpu[2]: ring alloc of 16 dwords exceeds max_dw 13

   726      6.300 gfx: paging submit, 1005 dwords from private buffer at 0x0, seq 233
   727      6.300 amdgpu[2]: ring alloc of 16 dwords exceeds max_dw 13

   728      6.300 gfx: paging submit, 1005 dwords from private buffer at 0x0, seq 234
   729      6.300 amdgpu[2]: ring alloc of 16 dwords exceeds max_dw 13

   730      6.302 gfx: paging submit, 1005 dwords from private buffer at 0x0, seq 235
   731      6.302 amdgpu[2]: ring alloc of 16 dwords exceeds max_dw 13

   732      6.302 gfx: paging submit, 1005 dwords from private buffer at 0x0, seq 236
   733      6.302 amdgpu[2]: ring alloc of 16 dwords exceeds max_dw 13

   734      6.302 gfx: paging submit, 1005 dwords from private buffer at 0x0, seq 237
   735      6.302 amdgpu[2]: ring alloc of 16 dwords exceeds max_dw 13

   736      6.302 gfx: paging submit, 1005 dwords from private buffer at 0x0, seq 238
   737      6.302 gfx: paging submit, 275 dwords from private buffer at 0x0, seq 239
   738      6.302 gfx: paging submit, 736 dwords from private buffer at 0x44C, seq 240
   739      6.302 gfx: paging submit, 974 dwords from private buffer at 0x0, seq 241
   740      6.302 gfx: paging submit, 1006 dwords from private buffer at 0x0, seq 242
   741      6.302 gfx: paging submit, 1004 dwords from private buffer at 0x0, seq 243
   742      6.302 gfx: paging submit, 1004 dwords from private buffer at 0x0, seq 244
   743      6.302 gfx: paging submit, 653 dwords from private buffer at 0x0, seq 245
   744      6.302 gfx: paging submit, 300 dwords from private buffer at 0x0, seq 246
   745      6.302 gfx: paging submit, 704 dwords from private buffer at 0x4B0, seq 247
   746      6.302 gfx: paging submit, 348 dwords from private buffer at 0x0, seq 248
   747      6.302 gfx: paging submit, 656 dwords from private buffer at 0x570, seq 249
   748      6.302 gfx: paging submit, 396 dwords from private buffer at 0x0, seq 250
   749      6.302 gfx: paging submit, 608 dwords from private buffer at 0x630, seq 251
   750      6.304 gfx: paging submit, 444 dwords from private buffer at 0x0, seq 252
   751      6.304 gfx: paging submit, 560 dwords from private buffer at 0x6F0, seq 253
   752      6.304 gfx: paging submit, 543 dwords from private buffer at 0x0, seq 254
   753      6.304 wddm: CreateAllocation 1 allocations, flags 1 resource yes
   754      6.304 wddm: OpenAllocation [0] handle 0x40001FC0 private 32 bytes -> FFFF8389A06F6620 (GetHandleData said 0000000000000000)
   755      6.304 wddm: OpenAllocation 1 allocations flags 0x00000001
   756      6.304 gfx: paging submit, 464 dwords from private buffer at 0x87C, seq 255
   757      6.304 gfx: paging submit, 1004 dwords from private buffer at 0x0, seq 256
   758      6.304 gfx: paging submit, 1004 dwords from private buffer at 0x0, seq 257
   759      6.304 gfx: paging submit, 1004 dwords from private buffer at 0x0, seq 258
   760      6.304 gfx: paging submit, 1004 dwords from private buffer at 0x0, seq 259
   761      6.304 amdgpu[2]: ring alloc of 16 dwords exceeds max_dw 13

   762      6.304 gfx: paging submit, 1005 dwords from private buffer at 0x0, seq 260
   763      6.304 amdgpu[2]: ring alloc of 16 dwords exceeds max_dw 13

   764      6.304 gfx: paging submit, 1005 dwords from private buffer at 0x0, seq 261
   765      6.304 amdgpu[2]: ring alloc of 16 dwords exceeds max_dw 13

   766      6.304 gfx: paging submit, 1005 dwords from private buffer at 0x0, seq 262
   767      6.304 amdgpu[2]: ring alloc of 16 dwords exceeds max_dw 13

   768      6.304 gfx: paging submit, 1005 dwords from private buffer at 0x0, seq 263
   769      6.304 amdgpu[2]: ring alloc of 16 dwords exceeds max_dw 13

   770      6.304 gfx: paging submit, 1005 dwords from private buffer at 0x0, seq 264
   771      6.304 amdgpu[2]: ring alloc of 16 dwords exceeds max_dw 13

   772      6.306 gfx: paging submit, 1005 dwords from private buffer at 0x0, seq 265
   773      6.306 amdgpu[2]: ring alloc of 16 dwords exceeds max_dw 13

   774      6.306 gfx: paging submit, 1005 dwords from private buffer at 0x0, seq 266
   775      6.306 amdgpu[2]: ring alloc of 16 dwords exceeds max_dw 13

   776      6.306 gfx: paging submit, 1005 dwords from private buffer at 0x0, seq 267
   777      6.306 amdgpu[2]: ring alloc of 16 dwords exceeds max_dw 13

   778      6.306 gfx: paging submit, 1005 dwords from private buffer at 0x0, seq 268
   779      6.306 amdgpu[2]: ring alloc of 16 dwords exceeds max_dw 13

   780      6.306 gfx: paging submit, 1005 dwords from private buffer at 0x0, seq 269
   781      6.306 amdgpu[2]: ring alloc of 16 dwords exceeds max_dw 13

   782      6.306 gfx: paging submit, 1005 dwords from private buffer at 0x0, seq 270
   783      6.306 gfx: paging submit, 370 dwords from private buffer at 0x0, seq 271
   784      6.308 gfx: paging submit, 646 dwords from private buffer at 0x5C8, seq 272
   785      6.308 gfx: paging submit, 974 dwords from private buffer at 0x0, seq 273
   786      6.308 gfx: paging submit, 1004 dwords from private buffer at 0x0, seq 274
   787      6.308 gfx: paging submit, 1004 dwords from private buffer at 0x0, seq 275
   788      6.308 gfx: paging submit, 1004 dwords from private buffer at 0x0, seq 276
   789      6.308 gfx: paging submit, 621 dwords from private buffer at 0x0, seq 277
   790      6.308 gfx: paging submit, 384 dwords from private buffer at 0x9B4, seq 278
   791      6.308 gfx: paging submit, 668 dwords from private buffer at 0x0, seq 279
   792      6.308 gfx: paging submit, 336 dwords from private buffer at 0xA70, seq 280
   793      6.308 gfx: paging submit, 716 dwords from private buffer at 0x0, seq 281
   794      6.308 gfx: paging submit, 288 dwords from private buffer at 0xB30, seq 282
   795      6.308 gfx: paging submit, 764 dwords from private buffer at 0x0, seq 283
   796      6.308 gfx: paging submit, 242 dwords from private buffer at 0xBF0, seq 284
   797      6.308 gfx: paging submit, 861 dwords from private buffer at 0x0, seq 285
   798      6.308 wddm: display CommitVidPn call 4 detail 0x0 -> 0x00000000
   799      6.308 wddm: SetVidPnSourceAddress segment 1 address 0xF401A64000 flags 0x00000001 (firmware framebuffer 0xC0000000)
   800      6.308 wddm: software vsync on, 16 ms period, target 2424833
   801      6.308 gfx: paging submit, 31 dwords from private buffer at 0xD74, seq 286
   802      6.308 gfx: paging submit, 31 dwords from private buffer at 0xDF0, seq 287
   803      6.308 wddm: DestroyContext
   804      6.308 gfx: paging submit, 80 dwords from private buffer at 0xE6C, seq 288
   805      6.308 gfx: paging submit, 423 dwords from private buffer at 0x0, seq 289
   806      6.308 gfx: paging submit, 15 dwords from private buffer at 0x69C, seq 290
   807      6.308 wddm: CloseAllocation 1 allocations
   808      6.308 wddm: DestroyAllocation 1 allocations
   809      6.308 wddm: BuildPagingBuffer operation 2 segment 0, 63784 bytes free, pass offset 0
   810      6.308 gfx: paging submit, 67 dwords from private buffer at 0x6D8, seq 291
   811      6.308 gfx: paging submit, 15 dwords from private buffer at 0x7E4, seq 292
   812      6.308 wddm: CloseAllocation 1 allocations
   813      6.308 wddm: DestroyAllocation 1 allocations
   814      6.308 wddm: DestroyDevice
   815      6.328 wddm: Present flags 0x00000001 source 0 dest 0, 1 sub-rectangles, 4096 DMA bytes free
   816      6.328 wddm: Present list FFFF940D33FE8BB0 (context list 256), private FFFF838999F79050/2184, driver data 0
   817      6.328 wddm: Present list q0-3  0000000000000000 0000000000000000 0000000000000000 0000000000000000
   818      6.328 wddm: Present list q4-7  FFFF8389A06F6620 00000000008DC000 0000000000000000 0000000000000000
   819      6.328 wddm: Present list q8-11 FFFF8389A06F5440 0000000002C08000 0000000000000000 0000000000000000
   820      6.328 wddm: Present dst (0,0)-(1920,1200) src (0,0)-(1920,1200) va 0x8DB000
   821      6.328 wddm: SetRootPageTable segment 3 offset 0xFEAF000, 512 entries
   822      6.328 wddm: SubmitCommandVirtual fence 4 node 0 flags 0x00000002 va 0x8DB000 size 0
   823      6.328 wddm: malformed virtual present rejected
   824      8.149 wddm summary: ---- DDI calls: name, count, first log line ----
   825      8.149 wddm summary: QueryAdapterInfo                   12  first at 202
   826      8.149 wddm summary: GetNodeMetadata                     2  first at 210
   827      8.149 wddm summary: CreateDevice                        6  first at 217
   828      8.149 wddm summary: DestroyDevice                       3  first at 539
   829      8.149 wddm summary: CreateContext                       5  first at 220
   830      8.149 wddm summary: DestroyContext                      3  first at 527
   831      8.149 wddm summary: CreateProcess                       2  first at 216
   832      8.149 wddm summary: SetRootPageTable                    5  first at 242
   833      8.149 wddm summary: CreateAllocation                    8  first at 279
   834      8.149 wddm summary: DestroyAllocation                   6  first at 532
   835      8.149 wddm summary: DescribeAllocation                 12  first at 334
   836      8.149 wddm summary: GetStandardAllocationDriverData     16  first at 277
   837      8.149 wddm summary: OpenAllocation                      8  first at 281
   838      8.149 wddm summary: CloseAllocation                     6  first at 531
   839      8.149 wddm summary: BuildPagingBuffer                1477  first at 222
   840      8.149 wddm summary: SubmitCommandVirtual              296  first at 262
   841      8.149 wddm summary: Present                             8  first at 398
   842      8.149 wddm summary: SetVidPnSourceAddress               4  first at 386
   843      8.149 wddm summary: ControlInterrupt                  134  first at 390
   844      8.149 wddm summary: ---- QueryAdapterInfo types: type, count, first log line ----
   845      8.149 wddm summary: adapter info type   1       1  first at 202
   846      8.149 wddm summary: adapter info type  15       1  first at 203
   847      8.149 wddm summary: adapter info type  47       1  first at 204
   848      8.149 wddm summary: adapter info type  13       1  first at 205
   849      8.149 wddm summary: adapter info type  14       4  first at 206
   850      8.149 wddm summary: adapter info type  11       2  first at 213
   851      8.149 wddm summary: adapter info type  10       1  first at 215
   852      8.149 wddm summary: adapter info type  16       1  first at 215
   853      8.149 wddm summary: capture plans reserved 0 heap 0
   854      8.149 wddm summary: ---- BuildPagingBuffer operations: operation, count, first log line ----
   855      8.149 wddm summary: paging operation  11    1326  first at 222
   856      8.149 wddm summary: paging operation  12      50  first at 270
   857      8.149 wddm summary: paging operation   9      98  first at 289
   858      8.149 wddm summary: paging operation   2       3  first at 533
   859      8.149 wddm summary: objects created/destroyed: dev 6/3 ctx 5/3 proc 2/0 alloc 8/6, 13 alive
   860      8.149 wddm summary: allocations opened/closed: 8/6 calls
   861      8.149 wddm summary: submissions 0 physical + 296 virtual, 0 preemptions, last completed fence 4
   862      8.149 wddm summary: node 0 hardware: 0 submitted, 0 completed, 0 timeouts, 0 refused
   863      8.149 wddm summary: umd: 0 allocs (0 refused), 0 contexts, 0 submits on the ring, 0 not run
   864      8.149 wddm profile: umd calls 0, elapsed ticks 0, QPC frequency 10000000
   865      8.149 wddm profile: probe enabled 0, calls 0, elapsed ticks 0 (included in umd)
   866      8.149 wddm summary: node 1 (paging, open): 292 hardware submitted, 292 completed, 0 timeouts, 0 refused
   867      8.149 wddm summary: SubmitCommandVirtual by node: 0: 4, 1: 292, 0 private-buffer refusals
   868      8.149 wddm summary: BuildPagingBuffer: 0 transfers, 98 fills, 73728000 bytes, 216 insufficient-buffer
   869      8.149 wddm summary: aperture map batches 0, unmap batches 0
   870      8.149 wddm summary: paging TLB invalidations 50, PTE update batches 293
   871      8.149 wddm summary: paging unsupported (not ready/no root/no translation/system memory/not contiguous) 0/0/0/0/0
   872      8.149 wddm summary: presents 8, flips 4 of 4 address calls (0 arrived above DISPATCH_LEVEL)
   873      8.149 wddm summary: blit gate closed, 0 blits, 0 skips, 0 sources translated contiguous
   874      8.149 wddm summary: blit destination: 0 to the flipped surface, 0 to the POST framebuffer (0 a failed-mapping fallback), 0 scanout remaps (0 failed), last blit 0 row
   875      8.149 wddm summary: widest blit 0 rows
   876      8.149 wddm summary: last blit reading 0, 0x0 pitch 0, 0 rectangles, source physical 0x0
   877      8.149 wddm summary: vsync not enabled by ControlInterrupt, 486 ticks, 67 reported to dxgkrnl
   878      8.149 wddm summary: vidpn flip closed: 0 hardware flips, 0 refused, 0 hardware vsyncs armed 0 acked 0 refused 0 deferred (flip still pending)
   879      8.149 wddm summary: no TDR (ResetEngine, ResetFromTimeout and RestartFromTimeout were never called)
   880      8.149 wddm summary: CollectDbgInfo called 0 time(s) since the driver was loaded
   881      8.149 vidmm summary: level 0: 1024 calls, 262656 entries, 512 valid
   882      8.149 vidmm summary: level 1: 2 calls, 1024 entries, 512 valid
   883      8.149 vidmm summary: level 2: 1 calls, 512 entries, 2 valid
   884      8.149 vidmm summary: level 3: 1 calls, 512 entries, 1 valid
   885      8.149 vidmm summary: system leaf encoding coherent 0 noncoherent 16 snoop mismatches 0
   886      8.149 vidmm summary: 1028 cpu-virtual calls, 0 gpu-physical calls
   887      8.149 vidmm summary: 264704 entries written (EnableGpuVa open), 0 refused, 0 bad calls, 5 roots
             888 lines printed
boot_after=2026-09-24T07:07:39
full_start_script_complete
